Company Name,Agency,Instrument Type,Rating,Rating Date,Amount_Cr,Sector,NCD_Flag,ACER Pitch Angle
Invreco Pvt. Ltd.,CARE,NCD/Bond,BBB+/A2,2025-12-01,250.0,Other,NCD — SEBI License Required,Your NCD/Bond at CARE goes critical in Dec 2026. Start ACER process in Sep 2026 — before the Q1 rush.
N S C Projects Pvt. Ld.,CRISIL,Bank Guarantee,A 2,2025-12-01,218.0,Other,Standard,Your Bank Guarantee at CRISIL goes critical in Dec 2026. Start ACER process in Sep 2026 — before the Q1 rush.
India Mega Agro Anaj Limited,Infomerics,Long Term Bank Facilities,IVR D (INC) (Reaffirmed),2025-12-01,195.9,Agro/Food,Standard,Your Infomerics INC rating goes critical in Dec 2026. ACER is your best alternative — no competitor has approached you.
S V P Industries Ltd.,BRICKWORK,Fund-Based,BB-,2025-12-01,183.91,Other,Standard,Your Fund-Based at BRICKWORK goes critical in Dec 2026. Start ACER process in Sep 2026 — before the Q1 rush.
Dhoot Infrastructure Projects Ltd.,BRICKWORK,Term Loan,B+,2025-12-01,110.0,Construction,Standard,Your Term Loan at BRICKWORK goes critical in Dec 2026. Start ACER process in Sep 2026 — before the Q1 rush.
Mohite Industries Limited,Infomerics,Long Term Bank Facilities,IVR BB- (INC) (Downgraded),2025-12-01,86.15,Other,Standard,Your Infomerics INC rating goes critical in Dec 2026. ACER is your best alternative — no competitor has approached you.
Narayani Coke Pvt. Ltd.,CARE,Bank Guarantee,A 4,2025-12-01,79.0,Other,Standard,Your Bank Guarantee at CARE goes critical in Dec 2026. Start ACER process in Sep 2026 — before the Q1 rush.
Kapeeshwar Sugars & Chemicals Ltd.,IND-RA,Term Loan,BB,2025-12-01,74.5,Agro/Food,Standard,Your Term Loan at IND-RA goes critical in Dec 2026. Start ACER process in Sep 2026 — before the Q1 rush.
Viswaat Chemicals Ltd.,CARE,Term Loan,BB,2025-12-01,61.46,Chemicals/Pharma,Standard,Your Term Loan at CARE goes critical in Dec 2026. Start ACER process in Sep 2026 — before the Q1 rush.
Indraprastha Foods Limited,Infomerics,Long Term Bank Facilities,IVR B (INC) (Downgraded),2025-12-01,42.25,Agro/Food,Standard,Your Infomerics INC rating goes critical in Dec 2026. ACER is your best alternative — no competitor has approached you.
Chandresh Cables Ltd.,ACUITE,Term Loan,BB+,2025-12-01,31.16,Other,Standard,Your Term Loan at ACUITE goes critical in Dec 2026. Start ACER process in Sep 2026 — before the Q1 rush.
A B Grain Spirits Pvt. Ltd.,BRICKWORK,Bank Guarantee,A 4,2025-12-01,28.0,Agro/Food,Standard,Your Bank Guarantee at BRICKWORK goes critical in Dec 2026. Start ACER process in Sep 2026 — before the Q1 rush.
Jagaran Microfin Pvt. Ltd.,ACUITE,Term Loan,BB,2025-12-01,27.5,BFSI,Standard,Your Term Loan at ACUITE goes critical in Dec 2026. Start ACER process in Sep 2026 — before the Q1 rush.
J R M Foods Pvt. Ltd.,BRICKWORK,Fund-Based,A 4,2025-12-01,25.0,Agro/Food,Standard,Your Fund-Based at BRICKWORK goes critical in Dec 2026. Start ACER process in Sep 2026 — before the Q1 rush.
Turbhe Chemicals Pvt. Ltd.,CARE,NCD/Bond,B+/A4,2025-12-01,21.0,Chemicals/Pharma,NCD — SEBI License Required,Your NCD/Bond at CARE goes critical in Dec 2026. Start ACER process in Sep 2026 — before the Q1 rush.
Inox World Inds. Pvt. Ltd.,BRICKWORK,Term Loan,C,2025-12-01,20.0,Other,Standard,Your Term Loan at BRICKWORK goes critical in Dec 2026. Start ACER process in Sep 2026 — before the Q1 rush.
Mehar Mediserve LLP,Infomerics,Long Term Bank Facilities,IVR C+ (INC) (Downgraded),2025-12-01,20.0,Other,Standard,Your Infomerics INC rating goes critical in Dec 2026. ACER is your best alternative — no competitor has approached you.
Mathan Caar Decors,Infomerics,Long Term Bank Facilities,IVR B- (INC) (Downgraded),2025-12-01,20.0,Other,Standard,Your Infomerics INC rating goes critical in Dec 2026. ACER is your best alternative — no competitor has approached you.
Vision India Tech Services Limited (Erstwhile Vision India Software Exports Limited),Infomerics,Short Term Bank Facilities,IVR A4 (INC) (Reaffirmed),2025-12-01,18.48,IT/Technology,Standard,Your Infomerics INC rating goes critical in Dec 2026. ACER is your best alternative — no competitor has approached you.
Livenza Granito LLP,Infomerics,Long Term Bank Facilities,IVR B+ (INC) (Downgraded),2025-12-01,16.33,Other,Standard,Your Infomerics INC rating goes critical in Dec 2026. ACER is your best alternative — no competitor has approached you.
Orient Steel & Inds. Ltd.,ACUITE,Letter of Credit,A 4,2025-12-01,12.0,Steel & Metals,Standard,Your Letter of Credit at ACUITE goes critical in Dec 2026. Start ACER process in Sep 2026 — before the Q1 rush.
Sunil Sponge Pvt. Ltd.,CARE,Letter of Credit,A 4,2025-12-01,10.0,Other,Standard,Your Letter of Credit at CARE goes critical in Dec 2026. Start ACER process in Sep 2026 — before the Q1 rush.
Adachi Natural Polymer Ltd.,CARE,NCD/Bond,B-/A4,2025-12-01,6.5,Chemicals/Pharma,NCD — SEBI License Required,Your NCD/Bond at CARE goes critical in Dec 2026. Start ACER process in Sep 2026 — before the Q1 rush.
G D Dyestuff Inds. Ltd.,IND-RA,Letter of Credit,A 4,2025-12-01,5.0,Other,Standard,Your Letter of Credit at IND-RA goes critical in Dec 2026. Start ACER process in Sep 2026 — before the Q1 rush.
Yash Metal Impex Pvt. Ltd.,ACUITE,Letter of Credit,A 4,2025-12-01,4.25,Steel & Metals,Standard,Your Letter of Credit at ACUITE goes critical in Dec 2026. Start ACER process in Sep 2026 — before the Q1 rush.
Ronak Processors Pvt. Ltd.,CARE,Term Loan,B-,2025-12-01,3.44,Other,Standard,Your Term Loan at CARE goes critical in Dec 2026. Start ACER process in Sep 2026 — before the Q1 rush.
Alfa-Therm Ltd.,CARE,NCD/Bond,B-/A4,2025-12-01,2.67,Other,NCD — SEBI License Required,Your NCD/Bond at CARE goes critical in Dec 2026. Start ACER process in Sep 2026 — before the Q1 rush.
Aryavrata Steel Pvt. Ltd.,ACUITE,Bank Guarantee,A 4,2025-12-01,1.5,Steel & Metals,Standard,Your Bank Guarantee at ACUITE goes critical in Dec 2026. Start ACER process in Sep 2026 — before the Q1 rush.
Sonamoti Agrotech Pvt. Ltd.,CARE,Term Loan,B-,2025-12-01,1.23,Agro/Food,Standard,Your Term Loan at CARE goes critical in Dec 2026. Start ACER process in Sep 2026 — before the Q1 rush.
T C S & Associates Pvt. Ltd.,ICRA,Term Loan,B+,2025-12-01,0.71,Other,Standard,Your Term Loan at ICRA goes critical in Dec 2026. Start ACER process in Sep 2026 — before the Q1 rush.
Krishna Constellation Pvt. Ltd.,CRISIL,Bank Guarantee,A 4+,2025-12-02,223.0,Other,Standard,Your Bank Guarantee at CRISIL goes critical in Dec 2026. Start ACER process in Sep 2026 — before the Q1 rush.
Laxmiroop Private Limited,Infomerics,Long Term Bank Facilities,IVR D (INC) (Reaffirmed),2025-12-02,123.56,Other,Standard,Your Infomerics INC rating goes critical in Dec 2026. ACER is your best alternative — no competitor has approached you.
Manohar Lal Sarraf & Sons Jewellers Pvt. Ltd.,CARE,NCD/Bond,BB+/A4,2025-12-02,83.0,Jewellery,NCD — SEBI License Required,Your NCD/Bond at CARE goes critical in Dec 2026. Start ACER process in Sep 2026 — before the Q1 rush.
M R L Tyres Ltd.,CRISIL,Letter of Credit,A 4+,2025-12-02,65.0,Other,Standard,Your Letter of Credit at CRISIL goes critical in Dec 2026. Start ACER process in Sep 2026 — before the Q1 rush.
Meenakshi Ammal Trust,Infomerics,Long Term Bank Facilities,IVR B+ (INC) (Downgraded),2025-12-02,55.0,Other,Standard,Your Infomerics INC rating goes critical in Dec 2026. ACER is your best alternative — no competitor has approached you.
Goodwill Advance Construction Company Private Limited,Infomerics,Short Term Bank Facility,IVR A4+ (INC)(Downgraded),2025-12-02,40.0,Construction,Standard,Your Infomerics INC rating goes critical in Dec 2026. ACER is your best alternative — no competitor has approached you.
K S D Construction,Infomerics,Short Term Bank Facilities,IVR A4 (INC) (Reaffirmed),2025-12-02,39.0,Construction,Standard,Your Infomerics INC rating goes critical in Dec 2026. ACER is your best alternative — no competitor has approached you.
Sri Satyanarayana Raw And Boiled Rice Mill Pvt. Ltd.,ACUITE,Term Loan,B-,2025-12-02,33.0,Agro/Food,Standard,Your Term Loan at ACUITE goes critical in Dec 2026. Start ACER process in Sep 2026 — before the Q1 rush.
Fuji Silvertech Concrete Pvt. Ltd.,BRICKWORK,Bank Guarantee,A 4,2025-12-02,30.0,IT/Technology,Standard,Your Bank Guarantee at BRICKWORK goes critical in Dec 2026. Start ACER process in Sep 2026 — before the Q1 rush.
OP Gupta Contractor Private Limited,Infomerics,Short Term Bank Facility,IVR A4 (INC) (Reaffirmed),2025-12-02,25.0,Construction,Standard,Your Infomerics INC rating goes critical in Dec 2026. ACER is your best alternative — no competitor has approached you.
Sewa Singh Oberoi and Company,Infomerics,Short Term Bank Facility,IVR A4 (INC) (Reaffirmed),2025-12-02,21.0,Other,Standard,Your Infomerics INC rating goes critical in Dec 2026. ACER is your best alternative — no competitor has approached you.
SVR Electricals Private Limited,Infomerics,Proposed Long Term/Short Term Non-Fund Based Bank Facility - Bank Guarantee,IVR C/IVR A4; (INC) (Downgraded/Reaffirmed),2025-12-02,18.75,Energy,Standard,Your Infomerics INC rating goes critical in Dec 2026. ACER is your best alternative — no competitor has approached you.
Kashipur Infrastructure & Freight Terminal Pvt. Ltd.,BRICKWORK,Term Loan,BB-,2025-12-02,18.49,Construction,Standard,Your Term Loan at BRICKWORK goes critical in Dec 2026. Start ACER process in Sep 2026 — before the Q1 rush.
S R Tranzcars Pvt. Ltd.,BRICKWORK,Fund-Based,C,2025-12-02,18.0,Other,Standard,Your Fund-Based at BRICKWORK goes critical in Dec 2026. Start ACER process in Sep 2026 — before the Q1 rush.
P M I Coaches Pvt. Ltd.,BRICKWORK,Bank Guarantee,A 4,2025-12-02,15.0,Other,Standard,Your Bank Guarantee at BRICKWORK goes critical in Dec 2026. Start ACER process in Sep 2026 — before the Q1 rush.
Global Poly Bags Inds. Pvt. Ltd.,BRICKWORK,Term Loan,B+,2025-12-02,13.3,Other,Standard,Your Term Loan at BRICKWORK goes critical in Dec 2026. Start ACER process in Sep 2026 — before the Q1 rush.
Shri Maa Mktg. Pvt. Ltd.,BRICKWORK,Bank Guarantee,A 4,2025-12-02,12.0,Other,Standard,Your Bank Guarantee at BRICKWORK goes critical in Dec 2026. Start ACER process in Sep 2026 — before the Q1 rush.
Wudtools,Infomerics,Long Term Bank Facilities,IVR C (INC) (Downgraded),2025-12-02,12.0,Other,Standard,Your Infomerics INC rating goes critical in Dec 2026. ACER is your best alternative — no competitor has approached you.
Agrasen Iron & Steels Pvt. Ltd.,CARE,NCD/Bond,BB+/A4+,2025-12-02,9.0,Steel & Metals,NCD — SEBI License Required,Your NCD/Bond at CARE goes critical in Dec 2026. Start ACER process in Sep 2026 — before the Q1 rush.
D Raja Cotton Pvt. Ltd.,BRICKWORK,Bank Guarantee,A 4,2025-12-02,8.7,Agro/Food,Standard,Your Bank Guarantee at BRICKWORK goes critical in Dec 2026. Start ACER process in Sep 2026 — before the Q1 rush.
Ali Afzal Flour Mill Ltd.,BRICKWORK,Term Loan,B,2025-12-02,7.34,Agro/Food,Standard,Your Term Loan at BRICKWORK goes critical in Dec 2026. Start ACER process in Sep 2026 — before the Q1 rush.
Mechfast Engineering Pvt. Ltd.,CARE,Term Loan,B-,2025-12-02,5.0,Manufacturing,Standard,Your Term Loan at CARE goes critical in Dec 2026. Start ACER process in Sep 2026 — before the Q1 rush.
Vijay Transformers,Infomerics,Proposed Long Term/Short Term Non-Fund Based Bank Facility - Bank Guarantee,IVR C/IVR A4; (INC) (Downgraded & Reaffirmed),2025-12-02,5.0,Other,Standard,Your Infomerics INC rating goes critical in Dec 2026. ACER is your best alternative — no competitor has approached you.
Aditya Timpack Pvt. Ltd.,CARE,Term Loan,B,2025-12-02,4.57,Other,Standard,Your Term Loan at CARE goes critical in Dec 2026. Start ACER process in Sep 2026 — before the Q1 rush.
Mahamaya Foods & Grains Pvt. Ltd.,CARE,Term Loan,B-,2025-12-02,3.51,Agro/Food,Standard,Your Term Loan at CARE goes critical in Dec 2026. Start ACER process in Sep 2026 — before the Q1 rush.
Goa Sponge & Power Ltd.,ACUITE,Bank Guarantee,A 4+,2025-12-02,2.5,Energy,Standard,Your Bank Guarantee at ACUITE goes critical in Dec 2026. Start ACER process in Sep 2026 — before the Q1 rush.
Kothari Processors Pvt. Ltd.,CARE,Bank Guarantee,B-,2025-12-02,1.5,Other,Standard,Your Bank Guarantee at CARE goes critical in Dec 2026. Start ACER process in Sep 2026 — before the Q1 rush.
Shree Parmeshwar Steels Pvt. Ltd.,CRISIL,Term Loan,BB+,2025-12-02,1.16,Steel & Metals,Standard,Your Term Loan at CRISIL goes critical in Dec 2026. Start ACER process in Sep 2026 — before the Q1 rush.
Micron Enterprises Pvt. Ltd.,ACUITE,Term Loan,B,2025-12-02,1.0,BFSI,Standard,Your Term Loan at ACUITE goes critical in Dec 2026. Start ACER process in Sep 2026 — before the Q1 rush.
Ridings Consulting Engineers India Ltd.,ACUITE,Bank Guarantee,A 4,2025-12-02,0.85,Other,Standard,Your Bank Guarantee at ACUITE goes critical in Dec 2026. Start ACER process in Sep 2026 — before the Q1 rush.
Global Jewellery Pvt. Ltd.,CARE,Bank Guarantee,A 4,2025-12-02,0.5,Jewellery,Standard,Your Bank Guarantee at CARE goes critical in Dec 2026. Start ACER process in Sep 2026 — before the Q1 rush.
C P L Pharmaceuticals Pvt. Ltd.,IND-RA,Term Loan,BBB+,2025-12-03,409.55,Chemicals/Pharma,Standard,Your Term Loan at IND-RA goes critical in Dec 2026. Start ACER process in Sep 2026 — before the Q1 rush.
K K P Fine Linen Pvt. Ltd.,BRICKWORK,Fund-Based,BB,2025-12-03,171.82,Other,Standard,Your Fund-Based at BRICKWORK goes critical in Dec 2026. Start ACER process in Sep 2026 — before the Q1 rush.
Pushpit Steels Pvt. Ltd.,BRICKWORK,Term Loan,B,2025-12-03,60.0,Steel & Metals,Standard,Your Term Loan at BRICKWORK goes critical in Dec 2026. Start ACER process in Sep 2026 — before the Q1 rush.
Oswal Cables Ltd.,BRICKWORK,Bank Guarantee,A 4,2025-12-03,55.0,Other,Standard,Your Bank Guarantee at BRICKWORK goes critical in Dec 2026. Start ACER process in Sep 2026 — before the Q1 rush.
Pulkit Metals Pvt. Ltd.,BRICKWORK,Letter of Credit,A 4,2025-12-03,45.0,Steel & Metals,Standard,Your Letter of Credit at BRICKWORK goes critical in Dec 2026. Start ACER process in Sep 2026 — before the Q1 rush.
M S V Constructions Company,Infomerics,Short Term Bank Facilities,IVR D (INC)(Downgraded),2025-12-03,20.33,Construction,Standard,Your Infomerics INC rating goes critical in Dec 2026. ACER is your best alternative — no competitor has approached you.
Anusaya Auto Press Parts Pvt. Ltd.,BRICKWORK,Letter of Credit,A 4,2025-12-03,19.0,Manufacturing,Standard,Your Letter of Credit at BRICKWORK goes critical in Dec 2026. Start ACER process in Sep 2026 — before the Q1 rush.
MMG Holdings Private Limited,Infomerics,Long Term Bank Facilities- Term Loan,IVR C+ (INC) (Downgraded),2025-12-03,15.04,Other,Standard,Your Infomerics INC rating goes critical in Dec 2026. ACER is your best alternative — no competitor has approached you.
Purvanchal Construction Works Pvt. Ltd.,CARE,NCD/Bond,B+/A4,2025-12-03,12.3,Construction,NCD — SEBI License Required,Your NCD/Bond at CARE goes critical in Dec 2026. Start ACER process in Sep 2026 — before the Q1 rush.
Trishul Buildtech & Infrastructures Pvt. Ltd.,ACUITE,Term Loan,BB+,2025-12-03,10.22,Construction,Standard,Your Term Loan at ACUITE goes critical in Dec 2026. Start ACER process in Sep 2026 — before the Q1 rush.
S R M Smart Hoops Pvt. Ltd.,BRICKWORK,Term Loan,C,2025-12-03,10.05,Other,Standard,Your Term Loan at BRICKWORK goes critical in Dec 2026. Start ACER process in Sep 2026 — before the Q1 rush.
Shree Seco Pvt. Ltd.,CARE,NCD/Bond,B-/A4,2025-12-03,6.5,Other,NCD — SEBI License Required,Your NCD/Bond at CARE goes critical in Dec 2026. Start ACER process in Sep 2026 — before the Q1 rush.
Aries Corporate Services Pvt. Ltd.,BRICKWORK,Bank Guarantee,A 4,2025-12-03,5.0,Other,Standard,Your Bank Guarantee at BRICKWORK goes critical in Dec 2026. Start ACER process in Sep 2026 — before the Q1 rush.
Siddheshwar Industries Pvt. Ltd.,BRICKWORK,Fund-Based,C,2025-12-04,119.32,Other,Standard,Your Fund-Based at BRICKWORK goes critical in Dec 2026. Start ACER process in Sep 2026 — before the Q1 rush.
Safety Controls & Devices Limited,Infomerics,Short Term Bank Facilities,IVR A4 (INC) (Downgrade),2025-12-04,65.38,Other,Standard,Your Infomerics INC rating goes critical in Dec 2026. ACER is your best alternative — no competitor has approached you.
Sattva Engineering Construction Private Limited,Infomerics,Short Term Facilities,IVR A4 (INC) (Reaffirmed),2025-12-04,44.5,Construction,Standard,Your Infomerics INC rating goes critical in Dec 2026. ACER is your best alternative — no competitor has approached you.
Universal Petrochemicals Ltd.,BRICKWORK,Letter of Credit,A 4,2025-12-04,20.0,Chemicals/Pharma,Standard,Your Letter of Credit at BRICKWORK goes critical in Dec 2026. Start ACER process in Sep 2026 — before the Q1 rush.
Multitech Auto Pvt. Ltd. [Merged],BRICKWORK,Term Loan,BB-,2025-12-04,13.26,Manufacturing,Standard,Your Term Loan at BRICKWORK goes critical in Dec 2026. Start ACER process in Sep 2026 — before the Q1 rush.
Sree Venkateswara Road Constructions Pvt. Ltd.,BRICKWORK,Bank Guarantee,A 4,2025-12-04,13.0,Construction,Standard,Your Bank Guarantee at BRICKWORK goes critical in Dec 2026. Start ACER process in Sep 2026 — before the Q1 rush.
United Facilities and Logistics Private Limited,Infomerics,Long/Short Term Bank Facilities (Proposed),IVR B/IVR A4; (INC) (Downgraded/Reaffirmed),2025-12-04,10.5,Logistics,Standard,Your Infomerics INC rating goes critical in Dec 2026. ACER is your best alternative — no competitor has approached you.
H M Steels Ltd.,BRICKWORK,Fund-Based,B,2025-12-04,10.07,Steel & Metals,Standard,Your Fund-Based at BRICKWORK goes critical in Dec 2026. Start ACER process in Sep 2026 — before the Q1 rush.
Sanskriti Mobitech Pvt. Ltd.,BRICKWORK,Bank Guarantee,A 4,2025-12-04,10.0,IT/Technology,Standard,Your Bank Guarantee at BRICKWORK goes critical in Dec 2026. Start ACER process in Sep 2026 — before the Q1 rush.
Mark Alloys Pvt. Ltd.,BRICKWORK,Term Loan,C,2025-12-04,8.8,Steel & Metals,Standard,Your Term Loan at BRICKWORK goes critical in Dec 2026. Start ACER process in Sep 2026 — before the Q1 rush.
Palash Udyog Foods Pvt. Ltd.,ACUITE,Term Loan,B-,2025-12-04,4.55,Agro/Food,Standard,Your Term Loan at ACUITE goes critical in Dec 2026. Start ACER process in Sep 2026 — before the Q1 rush.
Aryas Grains Pvt. Ltd.,BRICKWORK,Bank Guarantee,A 4,2025-12-04,4.0,Agro/Food,Standard,Your Bank Guarantee at BRICKWORK goes critical in Dec 2026. Start ACER process in Sep 2026 — before the Q1 rush.
Fine Pac Structures Pvt. Ltd.,CARE,Bank Guarantee,A 4,2025-12-04,2.9,Other,Standard,Your Bank Guarantee at CARE goes critical in Dec 2026. Start ACER process in Sep 2026 — before the Q1 rush.
J M K Enterprises Pvt. Ltd.,ACUITE,Term Loan,B-,2025-12-04,2.39,Other,Standard,Your Term Loan at ACUITE goes critical in Dec 2026. Start ACER process in Sep 2026 — before the Q1 rush.
Hindustan Coils Ltd.,CARE,Term Loan,BB-,2025-12-04,0.0,Energy,Standard,Your Term Loan at CARE goes critical in Dec 2026. Start ACER process in Sep 2026 — before the Q1 rush.
Eversendai Construction Pvt. Ltd.,ACUITE,Bank Guarantee,A 4+,2025-12-05,290.0,Construction,Standard,Your Bank Guarantee at ACUITE goes critical in Dec 2026. Start ACER process in Sep 2026 — before the Q1 rush.
Chola Spinning Mills Pvt. Ltd.,CARE,Term Loan,B+,2025-12-05,113.06,Agro/Food,Standard,Your Term Loan at CARE goes critical in Dec 2026. Start ACER process in Sep 2026 — before the Q1 rush.
Mahalaxmi Automotives Pvt. Ltd.,CRISIL,Fund-Based,B,2025-12-05,73.5,Manufacturing,Standard,Your Fund-Based at CRISIL goes critical in Dec 2026. Start ACER process in Sep 2026 — before the Q1 rush.
Kaveri Garage Private Limited,Infomerics,Long Term Facilities,IVR B+ (INC) (Downgraded),2025-12-05,57.15,Other,Standard,Your Infomerics INC rating goes critical in Dec 2026. ACER is your best alternative — no competitor has approached you.
Chowgule Industries Pvt. Ltd.,ICRA,NCD/Bond,BB+/A4+,2025-12-05,40.0,Other,NCD — SEBI License Required,Your NCD/Bond at ICRA goes critical in Dec 2026. Start ACER process in Sep 2026 — before the Q1 rush.
Diligent SCM Solutions Private Limited,Infomerics,Long Term Facilities,IVR BBB- (INC),2025-12-05,31.6,Other,Standard,Your Infomerics INC rating goes critical in Dec 2026. ACER is your best alternative — no competitor has approached you.
Lotus Logistics & Developers Pvt. Ltd.,CRISIL,Term Loan,B,2025-12-05,30.0,Logistics,Standard,Your Term Loan at CRISIL goes critical in Dec 2026. Start ACER process in Sep 2026 — before the Q1 rush.
Avtar Installments Private Limited,Infomerics,Proposed Long Term Bank Facilities,IVR BB- (INC) (Downgraded),2025-12-05,30.0,Other,Standard,Your Infomerics INC rating goes critical in Dec 2026. ACER is your best alternative — no competitor has approached you.
Shine Cot-Spin Pvt. Ltd.,BRICKWORK,Term Loan,B,2025-12-05,29.94,Other,Standard,Your Term Loan at BRICKWORK goes critical in Dec 2026. Start ACER process in Sep 2026 — before the Q1 rush.
Ajara Health Care & Research Centre Pvt. Ltd.,CRISIL,Term Loan,B+,2025-12-05,29.3,Healthcare,Standard,Your Term Loan at CRISIL goes critical in Dec 2026. Start ACER process in Sep 2026 — before the Q1 rush.
Sakthi Poultry Private Limited,Infomerics,Long Term Facilities,IVR BB (INC) (Downgraded),2025-12-05,26.62,Agro/Food,Standard,Your Infomerics INC rating goes critical in Dec 2026. ACER is your best alternative — no competitor has approached you.
Kwality Pharmaceuticals Ltd.,ICRA,Term Loan,B+,2025-12-05,22.0,Chemicals/Pharma,Standard,Your Term Loan at ICRA goes critical in Dec 2026. Start ACER process in Sep 2026 — before the Q1 rush.
BLN Infra Private Limited,Infomerics,Long Term Bank Facilities,IVR BB- (INC) (Reaffirmed),2025-12-05,19.72,Construction,Standard,Your Infomerics INC rating goes critical in Dec 2026. ACER is your best alternative — no competitor has approached you.
M/s Narayan Associates,Infomerics,Long Term Bank Facilities-Proposed,IVR BB- (INC) (Downgraded),2025-12-05,18.3,Other,Standard,Your Infomerics INC rating goes critical in Dec 2026. ACER is your best alternative — no competitor has approached you.
Shanti Structure Pvt. Ltd.,CRISIL,Bank Guarantee,A 4,2025-12-05,17.5,Other,Standard,Your Bank Guarantee at CRISIL goes critical in Dec 2026. Start ACER process in Sep 2026 — before the Q1 rush.
Chintpurni Steels Pvt. Ltd.,BRICKWORK,Term Loan,C,2025-12-05,17.34,Steel & Metals,Standard,Your Term Loan at BRICKWORK goes critical in Dec 2026. Start ACER process in Sep 2026 — before the Q1 rush.
Siva Sankar Motors Pvt. Ltd.,CARE,Term Loan,BB-,2025-12-05,16.28,Other,Standard,Your Term Loan at CARE goes critical in Dec 2026. Start ACER process in Sep 2026 — before the Q1 rush.
Maa Amba Towers Ltd.,CRISIL,Term Loan,B+,2025-12-05,16.18,Other,Standard,Your Term Loan at CRISIL goes critical in Dec 2026. Start ACER process in Sep 2026 — before the Q1 rush.
Miraj Engineering Services Pvt. Ltd.,CRISIL,Bank Guarantee,A 4,2025-12-05,15.5,Manufacturing,Standard,Your Bank Guarantee at CRISIL goes critical in Dec 2026. Start ACER process in Sep 2026 — before the Q1 rush.
Aishwaryagiri Constructions Pvt. Ltd.,CRISIL,Bank Guarantee,A 4,2025-12-05,15.0,Construction,Standard,Your Bank Guarantee at CRISIL goes critical in Dec 2026. Start ACER process in Sep 2026 — before the Q1 rush.
Gupta Hair Products Pvt. Ltd.,CARE,NCD/Bond,B-/A4,2025-12-05,14.75,Other,NCD — SEBI License Required,Your NCD/Bond at CARE goes critical in Dec 2026. Start ACER process in Sep 2026 — before the Q1 rush.
Barak Valley Cements Ltd.,CARE,Term Loan,BB+,2025-12-05,14.0,Construction,Standard,Your Term Loan at CARE goes critical in Dec 2026. Start ACER process in Sep 2026 — before the Q1 rush.
Syndicate Wiper Systems Pvt. Ltd.,CRISIL,Term Loan,B,2025-12-05,13.5,Other,Standard,Your Term Loan at CRISIL goes critical in Dec 2026. Start ACER process in Sep 2026 — before the Q1 rush.
B R D Car World Ltd.,ACUITE,Term Loan,BB+,2025-12-05,13.43,Other,Standard,Your Term Loan at ACUITE goes critical in Dec 2026. Start ACER process in Sep 2026 — before the Q1 rush.
Nova Publications & Printers Pvt. Ltd.,CRISIL,Bank Guarantee,A 4,2025-12-05,12.73,Other,Standard,Your Bank Guarantee at CRISIL goes critical in Dec 2026. Start ACER process in Sep 2026 — before the Q1 rush.
Genesis Finance Co. Ltd.,BRICKWORK,Term Loan,B,2025-12-05,12.08,BFSI,Standard,Your Term Loan at BRICKWORK goes critical in Dec 2026. Start ACER process in Sep 2026 — before the Q1 rush.
Chheda Specialities Foods Pvt. Ltd.,CRISIL,Term Loan,BB+,2025-12-05,12.0,Agro/Food,Standard,Your Term Loan at CRISIL goes critical in Dec 2026. Start ACER process in Sep 2026 — before the Q1 rush.
Magnolia Martinique Clothing Pvt. Ltd.,CRISIL,Term Loan,B,2025-12-05,12.0,Other,Standard,Your Term Loan at CRISIL goes critical in Dec 2026. Start ACER process in Sep 2026 — before the Q1 rush.
Skyz Stones Pvt. Ltd.,BRICKWORK,Fund-Based,BB-,2025-12-05,11.43,Other,Standard,Your Fund-Based at BRICKWORK goes critical in Dec 2026. Start ACER process in Sep 2026 — before the Q1 rush.
Ritika Systems Pvt. Ltd.,ACUITE,Bank Guarantee,A 4,2025-12-05,10.0,Other,Standard,Your Bank Guarantee at ACUITE goes critical in Dec 2026. Start ACER process in Sep 2026 — before the Q1 rush.
A & T Infracon Pvt. Ltd.,CARE,Bank Guarantee,A 4,2025-12-05,10.0,Construction,Standard,Your Bank Guarantee at CARE goes critical in Dec 2026. Start ACER process in Sep 2026 — before the Q1 rush.
Frontech Pvt. Ltd.,CRISIL,Letter of Credit,A 4,2025-12-05,9.75,IT/Technology,Standard,Your Letter of Credit at CRISIL goes critical in Dec 2026. Start ACER process in Sep 2026 — before the Q1 rush.
A P S Hydro Pvt. Ltd.,CRISIL,Bank Guarantee,A 4,2025-12-05,9.0,Energy,Standard,Your Bank Guarantee at CRISIL goes critical in Dec 2026. Start ACER process in Sep 2026 — before the Q1 rush.
Ascan Plyboard India Pvt. Ltd.,BRICKWORK,Letter of Credit,A 4,2025-12-05,9.0,Paper/Packaging,Standard,Your Letter of Credit at BRICKWORK goes critical in Dec 2026. Start ACER process in Sep 2026 — before the Q1 rush.
Bai-Kakaji Aquasure Solutions Pvt. Ltd.,CRISIL,Term Loan,B,2025-12-05,7.75,Other,Standard,Your Term Loan at CRISIL goes critical in Dec 2026. Start ACER process in Sep 2026 — before the Q1 rush.
Ashirbad Agro Products Pvt. Ltd.,CRISIL,Term Loan,B+,2025-12-05,7.0,Agro/Food,Standard,Your Term Loan at CRISIL goes critical in Dec 2026. Start ACER process in Sep 2026 — before the Q1 rush.
Tirupur Pandit Hosiery Millss Pvt. Ltd.,ACUITE,Term Loan,B-,2025-12-05,6.47,Agro/Food,Standard,Your Term Loan at ACUITE goes critical in Dec 2026. Start ACER process in Sep 2026 — before the Q1 rush.
Nishigandha Polymers Pvt. Ltd.,CRISIL,Letter of Credit,A 4,2025-12-05,6.0,Chemicals/Pharma,Standard,Your Letter of Credit at CRISIL goes critical in Dec 2026. Start ACER process in Sep 2026 — before the Q1 rush.
Champion Commercial Co. Ltd.,ICRA,Non-Fund-Based,A 4,2025-12-05,5.5,Other,Standard,Your Non-Fund-Based at ICRA goes critical in Dec 2026. Start ACER process in Sep 2026 — before the Q1 rush.
Masti Health & Beauty Pvt. Ltd.,CRISIL,Term Loan,B+,2025-12-05,5.5,Healthcare,Standard,Your Term Loan at CRISIL goes critical in Dec 2026. Start ACER process in Sep 2026 — before the Q1 rush.
Kay Dee Communications Pvt. Ltd.,CRISIL,Bank Guarantee,A 4,2025-12-05,5.0,IT/Technology,Standard,Your Bank Guarantee at CRISIL goes critical in Dec 2026. Start ACER process in Sep 2026 — before the Q1 rush.
Maha Hydraulics Pvt. Ltd.,CRISIL,Bank Guarantee,A 4,2025-12-05,5.0,Other,Standard,Your Bank Guarantee at CRISIL goes critical in Dec 2026. Start ACER process in Sep 2026 — before the Q1 rush.
S B W Udyog Ltd.,CRISIL,Bank Guarantee,A 4,2025-12-05,5.0,Other,Standard,Your Bank Guarantee at CRISIL goes critical in Dec 2026. Start ACER process in Sep 2026 — before the Q1 rush.
Anmol Industries Ltd.,CRISIL,Short-Term Loan,A 4,2025-12-05,5.0,Other,Standard,Your Short-Term Loan at CRISIL goes critical in Dec 2026. Start ACER process in Sep 2026 — before the Q1 rush.
United Rubber Inds. (India) Pvt. Ltd.,BRICKWORK,Letter of Credit,A 4,2025-12-05,4.5,Chemicals/Pharma,Standard,Your Letter of Credit at BRICKWORK goes critical in Dec 2026. Start ACER process in Sep 2026 — before the Q1 rush.
Godavari Plasto Containers Pvt. Ltd.,CARE,Letter of Credit,A 4,2025-12-05,4.0,Other,Standard,Your Letter of Credit at CARE goes critical in Dec 2026. Start ACER process in Sep 2026 — before the Q1 rush.
Multifilms Plastics Pvt. Ltd.,CARE,Letter of Credit,A 4,2025-12-05,4.0,Chemicals/Pharma,Standard,Your Letter of Credit at CARE goes critical in Dec 2026. Start ACER process in Sep 2026 — before the Q1 rush.
Radhe Agro Inds. India Pvt. Ltd.,BRICKWORK,Term Loan,C-,2025-12-05,3.49,Agro/Food,Standard,Your Term Loan at BRICKWORK goes critical in Dec 2026. Start ACER process in Sep 2026 — before the Q1 rush.
Reep Industries Pvt. Ltd.,CRISIL,Term Loan,B,2025-12-05,3.38,Other,Standard,Your Term Loan at CRISIL goes critical in Dec 2026. Start ACER process in Sep 2026 — before the Q1 rush.
Autotech Non-Wovens Pvt. Ltd.,CRISIL,Letter of Credit,A 4,2025-12-05,2.5,Manufacturing,Standard,Your Letter of Credit at CRISIL goes critical in Dec 2026. Start ACER process in Sep 2026 — before the Q1 rush.
Pawan Communications Pvt. Ltd.,CARE,Bank Guarantee,A 4,2025-12-05,2.5,IT/Technology,Standard,Your Bank Guarantee at CARE goes critical in Dec 2026. Start ACER process in Sep 2026 — before the Q1 rush.
Norex Flavours Pvt. Ltd.,BRICKWORK,Term Loan,B+,2025-12-05,1.7,Other,Standard,Your Term Loan at BRICKWORK goes critical in Dec 2026. Start ACER process in Sep 2026 — before the Q1 rush.
Mithra Auto Agencies Pvt. Ltd.,CRISIL,Term Loan,B,2025-12-05,1.0,Manufacturing,Standard,Your Term Loan at CRISIL goes critical in Dec 2026. Start ACER process in Sep 2026 — before the Q1 rush.
A R R Ess Industries Pvt. Ltd.,CRISIL,Letter of Credit,A 4,2025-12-05,1.0,Other,Standard,Your Letter of Credit at CRISIL goes critical in Dec 2026. Start ACER process in Sep 2026 — before the Q1 rush.
Alishan Ginning Mills Pvt. Ltd.,CRISIL,Letter of Credit,B,2025-12-05,1.0,Agro/Food,Standard,Your Letter of Credit at CRISIL goes critical in Dec 2026. Start ACER process in Sep 2026 — before the Q1 rush.
Alligare Chem Pvt. Ltd.,CRISIL,Term Loan,B,2025-12-05,1.0,Chemicals/Pharma,Standard,Your Term Loan at CRISIL goes critical in Dec 2026. Start ACER process in Sep 2026 — before the Q1 rush.
Rangoli Industries Pvt. Ltd.,CRISIL,Term Loan,B-,2025-12-05,0.88,Other,Standard,Your Term Loan at CRISIL goes critical in Dec 2026. Start ACER process in Sep 2026 — before the Q1 rush.
Sankar J P Sealing Technologies Pvt. Ltd.,CRISIL,Term Loan,B+,2025-12-05,0.5,IT/Technology,Standard,Your Term Loan at CRISIL goes critical in Dec 2026. Start ACER process in Sep 2026 — before the Q1 rush.
Maa Shitala Agro Pvt. Ltd.,CRISIL,Bank Guarantee,A 4,2025-12-05,0.24,Agro/Food,Standard,Your Bank Guarantee at CRISIL goes critical in Dec 2026. Start ACER process in Sep 2026 — before the Q1 rush.
S S Food Products Pvt. Ltd.,CARE,Term Loan,B-,2025-12-05,0.24,Agro/Food,Standard,Your Term Loan at CARE goes critical in Dec 2026. Start ACER process in Sep 2026 — before the Q1 rush.
Sanvijay Rolling & Engg. Ltd.,BRICKWORK,Fund-Based,BB,2025-12-08,409.54,Steel & Metals,Standard,Your Fund-Based at BRICKWORK goes critical in Dec 2026. Start ACER process in Sep 2026 — before the Q1 rush.
Indian Acrylics Limited,Infomerics,Short Term Bank Facilities,IVR D (INC) (Reaffirmed),2025-12-08,154.0,Other,Standard,Your Infomerics INC rating goes critical in Dec 2026. ACER is your best alternative — no competitor has approached you.
Sky Spintex Pvt. Ltd.,IND-RA,Term Loan,BBB-,2025-12-08,146.98,Other,Standard,Your Term Loan at IND-RA goes critical in Dec 2026. Start ACER process in Sep 2026 — before the Q1 rush.
Radiant Textiles Pvt. Ltd.,IND-RA,NCD/Bond,BB/A4+,2025-12-08,121.0,Textiles,NCD — SEBI License Required,Your NCD/Bond at IND-RA goes critical in Dec 2026. Start ACER process in Sep 2026 — before the Q1 rush.
H K Cement Inds. Pvt. Ltd.,BRICKWORK,Term Loan,C,2025-12-08,109.34,Construction,Standard,Your Term Loan at BRICKWORK goes critical in Dec 2026. Start ACER process in Sep 2026 — before the Q1 rush.
Bird Airport Hotel Pvt. Ltd.,ICRA,Term Loan,B+,2025-12-08,82.18,Hotels/Tourism,Standard,Your Term Loan at ICRA goes critical in Dec 2026. Start ACER process in Sep 2026 — before the Q1 rush.
V R P Telematics Pvt. Ltd.,CRISIL,Fund-Based,BB+,2025-12-08,80.0,Other,Standard,Your Fund-Based at CRISIL goes critical in Dec 2026. Start ACER process in Sep 2026 — before the Q1 rush.
Rabwin Industries Pvt. Ltd.,IND-RA,Term Loan,BB,2025-12-08,76.6,Other,Standard,Your Term Loan at IND-RA goes critical in Dec 2026. Start ACER process in Sep 2026 — before the Q1 rush.
Valiant Glass Works Pvt. Ltd.,CARE,NCD/Bond,B/A4,2025-12-08,70.0,Other,NCD — SEBI License Required,Your NCD/Bond at CARE goes critical in Dec 2026. Start ACER process in Sep 2026 — before the Q1 rush.
Geeken Seating Collection Pvt. Ltd.,CRISIL,Bank Guarantee,A 4+,2025-12-08,45.0,Other,Standard,Your Bank Guarantee at CRISIL goes critical in Dec 2026. Start ACER process in Sep 2026 — before the Q1 rush.
Jay Bharat Spices Pvt. Ltd.,CRISIL,Term Loan,B,2025-12-08,42.0,Agro/Food,Standard,Your Term Loan at CRISIL goes critical in Dec 2026. Start ACER process in Sep 2026 — before the Q1 rush.
P P Kharpatil Constructions Pvt. Ltd.,CRISIL,Bank Guarantee,A 4+,2025-12-08,36.0,Construction,Standard,Your Bank Guarantee at CRISIL goes critical in Dec 2026. Start ACER process in Sep 2026 — before the Q1 rush.
AL Noor Agri Fresh Private Limited,Infomerics,Long Term Bank Facilities,IVR B- (INC)(Downgraded),2025-12-08,34.88,Other,Standard,Your Infomerics INC rating goes critical in Dec 2026. ACER is your best alternative — no competitor has approached you.
Saluja Steel & Power Pvt. Ltd.,CRISIL,Bank Guarantee,A 4+,2025-12-08,28.0,Steel & Metals,Standard,Your Bank Guarantee at CRISIL goes critical in Dec 2026. Start ACER process in Sep 2026 — before the Q1 rush.
Raj Vehicles Pvt. Ltd.,CRISIL,Fund-Based,BB-,2025-12-08,27.5,Manufacturing,Standard,Your Fund-Based at CRISIL goes critical in Dec 2026. Start ACER process in Sep 2026 — before the Q1 rush.
Rana Milk Foods Private Limited,Infomerics,Long Term Bank Facilities,IVR D (INC) (Reaffirmed),2025-12-08,25.01,Agro/Food,Standard,Your Infomerics INC rating goes critical in Dec 2026. ACER is your best alternative — no competitor has approached you.
Soyug Ltd.,CRISIL,Term Loan,BB,2025-12-08,25.0,Other,Standard,Your Term Loan at CRISIL goes critical in Dec 2026. Start ACER process in Sep 2026 — before the Q1 rush.
Superon Schweisstechnik India Ltd.,CRISIL,Term Loan,B+,2025-12-08,25.0,IT/Technology,Standard,Your Term Loan at CRISIL goes critical in Dec 2026. Start ACER process in Sep 2026 — before the Q1 rush.
Affil Vitrified Pvt. Ltd.,CRISIL,Term Loan,B+,2025-12-08,22.87,Other,Standard,Your Term Loan at CRISIL goes critical in Dec 2026. Start ACER process in Sep 2026 — before the Q1 rush.
Ultracab (India) Limited,Infomerics,Long Term Bank Facilities,IVR BB+ (INC)(Downgraded),2025-12-08,22.49,Other,Standard,Your Infomerics INC rating goes critical in Dec 2026. ACER is your best alternative — no competitor has approached you.
Vidharbha Institute Of Medical Sciences Pvt. Ltd.,CARE,Term Loan,B-,2025-12-08,20.7,Healthcare,Standard,Your Term Loan at CARE goes critical in Dec 2026. Start ACER process in Sep 2026 — before the Q1 rush.
Karamveer Electronics Ltd.,CRISIL,Bank Guarantee,A 4+,2025-12-08,20.0,Other,Standard,Your Bank Guarantee at CRISIL goes critical in Dec 2026. Start ACER process in Sep 2026 — before the Q1 rush.
Amrit Polychem Ltd.,CRISIL,Letter of Credit,A 4,2025-12-08,20.0,Chemicals/Pharma,Standard,Your Letter of Credit at CRISIL goes critical in Dec 2026. Start ACER process in Sep 2026 — before the Q1 rush.
Kush Synthetics Pvt. Ltd.,CRISIL,Term Loan,BB+,2025-12-08,19.0,Other,Standard,Your Term Loan at CRISIL goes critical in Dec 2026. Start ACER process in Sep 2026 — before the Q1 rush.
Liquinox Gases Pvt. Ltd.,CRISIL,Term Loan,BB+,2025-12-08,19.0,Energy,Standard,Your Term Loan at CRISIL goes critical in Dec 2026. Start ACER process in Sep 2026 — before the Q1 rush.
Sri Kannapiran Mills Ltd.,ACUITE,Term Loan,BB+,2025-12-08,17.77,Agro/Food,Standard,Your Term Loan at ACUITE goes critical in Dec 2026. Start ACER process in Sep 2026 — before the Q1 rush.
Jal Precision Products Ltd.,IND-RA,Term Loan,BB+,2025-12-08,15.5,Other,Standard,Your Term Loan at IND-RA goes critical in Dec 2026. Start ACER process in Sep 2026 — before the Q1 rush.
Madras Radiators & Pressings Ltd.,CRISIL,Term Loan,BB+,2025-12-08,15.0,Other,Standard,Your Term Loan at CRISIL goes critical in Dec 2026. Start ACER process in Sep 2026 — before the Q1 rush.
Rajdhani Crafts Inds. Pvt. Ltd.,CARE,NCD/Bond,B-/A4,2025-12-08,15.0,Other,NCD — SEBI License Required,Your NCD/Bond at CARE goes critical in Dec 2026. Start ACER process in Sep 2026 — before the Q1 rush.
Swapna Projects Pvt. Ltd.,ACUITE,Bank Guarantee,A 4,2025-12-08,15.0,Other,Standard,Your Bank Guarantee at ACUITE goes critical in Dec 2026. Start ACER process in Sep 2026 — before the Q1 rush.
Jindal Timber & Plywood Pvt. Ltd.,CARE,Letter of Credit,A 4,2025-12-08,14.0,Other,Standard,Your Letter of Credit at CARE goes critical in Dec 2026. Start ACER process in Sep 2026 — before the Q1 rush.
Venus Industrial Corpn. Pvt. Ltd.,ACUITE,Term Loan,B-,2025-12-08,13.5,Other,Standard,Your Term Loan at ACUITE goes critical in Dec 2026. Start ACER process in Sep 2026 — before the Q1 rush.
Siddharth Colorchem Pvt. Ltd.,CRISIL,Letter of Credit,A 4,2025-12-08,12.0,Chemicals/Pharma,Standard,Your Letter of Credit at CRISIL goes critical in Dec 2026. Start ACER process in Sep 2026 — before the Q1 rush.
Sunny Homecare Pvt. Ltd.,CRISIL,Term Loan,B,2025-12-08,12.0,Other,Standard,Your Term Loan at CRISIL goes critical in Dec 2026. Start ACER process in Sep 2026 — before the Q1 rush.
Govardhan Ispat (India) Pvt. Ltd.,BRICKWORK,Term Loan,C,2025-12-08,11.79,Other,Standard,Your Term Loan at BRICKWORK goes critical in Dec 2026. Start ACER process in Sep 2026 — before the Q1 rush.
Mimani Agro Products Pvt. Ltd.,ACUITE,Term Loan,B-,2025-12-08,11.0,Agro/Food,Standard,Your Term Loan at ACUITE goes critical in Dec 2026. Start ACER process in Sep 2026 — before the Q1 rush.
Shree Shakambari Rice Mill Pvt. Ltd.,CRISIL,Short-Term Loan,A 4,2025-12-08,10.0,Agro/Food,Standard,Your Short-Term Loan at CRISIL goes critical in Dec 2026. Start ACER process in Sep 2026 — before the Q1 rush.
Luker Electric Technologies Pvt. Ltd.,CARE,NCD/Bond,BBB/A3,2025-12-08,9.0,Energy,NCD — SEBI License Required,Your NCD/Bond at CARE goes critical in Dec 2026. Start ACER process in Sep 2026 — before the Q1 rush.
Versabyte Data Systems Pvt. Ltd.,CRISIL,Term Loan,B,2025-12-08,8.1,IT/Technology,Standard,Your Term Loan at CRISIL goes critical in Dec 2026. Start ACER process in Sep 2026 — before the Q1 rush.
Atindra Construction Pvt. Ltd.,CRISIL,Term Loan,B,2025-12-08,8.06,Construction,Standard,Your Term Loan at CRISIL goes critical in Dec 2026. Start ACER process in Sep 2026 — before the Q1 rush.
P S V Precast Pvt. Ltd.,CRISIL,Term Loan,B,2025-12-08,6.65,Other,Standard,Your Term Loan at CRISIL goes critical in Dec 2026. Start ACER process in Sep 2026 — before the Q1 rush.
Consortium Automobiles Pvt. Ltd.,CRISIL,Fund-Based,B,2025-12-08,6.28,Manufacturing,Standard,Your Fund-Based at CRISIL goes critical in Dec 2026. Start ACER process in Sep 2026 — before the Q1 rush.
Millenium Exim Pvt. Ltd.,ICRA,NCD/Bond,B/A4,2025-12-08,6.21,Agro/Food,NCD — SEBI License Required,Your NCD/Bond at ICRA goes critical in Dec 2026. Start ACER process in Sep 2026 — before the Q1 rush.
C C I Logistics Ltd.,CRISIL,Bank Guarantee,A 4+,2025-12-08,6.0,Logistics,Standard,Your Bank Guarantee at CRISIL goes critical in Dec 2026. Start ACER process in Sep 2026 — before the Q1 rush.
B D Security Ltd.,CARE,Term Loan,BB,2025-12-08,5.83,Other,Standard,Your Term Loan at CARE goes critical in Dec 2026. Start ACER process in Sep 2026 — before the Q1 rush.
Ashirvad Food Products Pvt. Ltd.,CRISIL,Bank Guarantee,A 4+,2025-12-08,5.08,Agro/Food,Standard,Your Bank Guarantee at CRISIL goes critical in Dec 2026. Start ACER process in Sep 2026 — before the Q1 rush.
Pearson Drums & Barrels Pvt. Ltd.,ICRA,Non-Fund-Based,A 4,2025-12-08,5.0,Other,Standard,Your Non-Fund-Based at ICRA goes critical in Dec 2026. Start ACER process in Sep 2026 — before the Q1 rush.
Universal Speciality Chemicals Pvt. Ltd.,CRISIL,Term Loan,B,2025-12-08,3.31,Chemicals/Pharma,Standard,Your Term Loan at CRISIL goes critical in Dec 2026. Start ACER process in Sep 2026 — before the Q1 rush.
Cyamopsis Biotech (India) Pvt. Ltd.,CRISIL,Term Loan,B+,2025-12-08,3.0,IT/Technology,Standard,Your Term Loan at CRISIL goes critical in Dec 2026. Start ACER process in Sep 2026 — before the Q1 rush.
Nutech Engineering Technologies Ltd.,CARE,Letter of Credit,A 4,2025-12-08,3.0,Manufacturing,Standard,Your Letter of Credit at CARE goes critical in Dec 2026. Start ACER process in Sep 2026 — before the Q1 rush.
Ramsons Industries Ltd.,CRISIL,Term Loan,B+,2025-12-08,3.0,Other,Standard,Your Term Loan at CRISIL goes critical in Dec 2026. Start ACER process in Sep 2026 — before the Q1 rush.
Shakambari Kniting Pvt. Ltd.,CRISIL,Term Loan,BB,2025-12-08,2.87,Other,Standard,Your Term Loan at CRISIL goes critical in Dec 2026. Start ACER process in Sep 2026 — before the Q1 rush.
Paliwal Sons Dairy Pvt. Ltd.,BRICKWORK,Term Loan,B-,2025-12-08,2.35,Agro/Food,Standard,Your Term Loan at BRICKWORK goes critical in Dec 2026. Start ACER process in Sep 2026 — before the Q1 rush.
Laxmi Hydraulics Pvt. Ltd.,IND-RA,Fund-Based,A 2+,2025-12-08,2.0,Other,Standard,Your Fund-Based at IND-RA goes critical in Dec 2026. Start ACER process in Sep 2026 — before the Q1 rush.
Raj Kishore Engineering Constructions Pvt. Ltd.,CRISIL,Bank Guarantee,A 4,2025-12-08,2.0,Construction,Standard,Your Bank Guarantee at CRISIL goes critical in Dec 2026. Start ACER process in Sep 2026 — before the Q1 rush.
G P Designs Pvt. Ltd.,CRISIL,Term Loan,BB,2025-12-08,1.37,Other,Standard,Your Term Loan at CRISIL goes critical in Dec 2026. Start ACER process in Sep 2026 — before the Q1 rush.
Umesh Industries Pvt. Ltd.,CARE,Term Loan,B-,2025-12-08,1.28,Other,Standard,Your Term Loan at CARE goes critical in Dec 2026. Start ACER process in Sep 2026 — before the Q1 rush.
Shree Mahakali Enterprises Pvt. Ltd.,CRISIL,Bank Guarantee,A 4,2025-12-08,1.25,Other,Standard,Your Bank Guarantee at CRISIL goes critical in Dec 2026. Start ACER process in Sep 2026 — before the Q1 rush.
Ramdev Stainless Strips Pvt. Ltd.,CARE,Term Loan,B-,2025-12-08,0.89,Other,Standard,Your Term Loan at CARE goes critical in Dec 2026. Start ACER process in Sep 2026 — before the Q1 rush.
Praveen Aroma Pvt. Ltd.,CRISIL,Term Loan,B,2025-12-08,0.75,Other,Standard,Your Term Loan at CRISIL goes critical in Dec 2026. Start ACER process in Sep 2026 — before the Q1 rush.
Unique Forgings (India) Pvt. Ltd.,CRISIL,Bank Guarantee,A 4,2025-12-08,0.75,Steel & Metals,Standard,Your Bank Guarantee at CRISIL goes critical in Dec 2026. Start ACER process in Sep 2026 — before the Q1 rush.
Jaihanuman Cotton Gng. Mills Pvt. Ltd.,CRISIL,Term Loan,B+,2025-12-08,0.5,Agro/Food,Standard,Your Term Loan at CRISIL goes critical in Dec 2026. Start ACER process in Sep 2026 — before the Q1 rush.
Good Greens India Pvt. Ltd.,BRICKWORK,Term Loan,C,2025-12-08,0.45,Other,Standard,Your Term Loan at BRICKWORK goes critical in Dec 2026. Start ACER process in Sep 2026 — before the Q1 rush.
Vijai Electricals Ltd.,IND-RA,Fund-Based,A 4,2025-12-09,280.54,Energy,Standard,Your Fund-Based at IND-RA goes critical in Dec 2026. Start ACER process in Sep 2026 — before the Q1 rush.
Dalkan Ship Breaking Ltd.,IND-RA,Fund-Based,A 4+,2025-12-09,95.0,Other,Standard,Your Fund-Based at IND-RA goes critical in Dec 2026. Start ACER process in Sep 2026 — before the Q1 rush.
Sri Savitr Solar Private Limited,Infomerics,Long Term Facilities,IVR B (INC) (Downgraded),2025-12-09,64.5,Energy,Standard,Your Infomerics INC rating goes critical in Dec 2026. ACER is your best alternative — no competitor has approached you.
Saifco Hillcrest Hotels Pvt. Ltd.,ACUITE,Term Loan,BB+,2025-12-09,52.02,Hotels/Tourism,Standard,Your Term Loan at ACUITE goes critical in Dec 2026. Start ACER process in Sep 2026 — before the Q1 rush.
Sarvani Tradelink Pvt. Ltd.,CARE,NCD/Bond,B+/A4,2025-12-09,25.0,Other,NCD — SEBI License Required,Your NCD/Bond at CARE goes critical in Dec 2026. Start ACER process in Sep 2026 — before the Q1 rush.
Dewas Metal Sections Ltd.,CRISIL,Term Loan,BB+,2025-12-09,20.0,Steel & Metals,Standard,Your Term Loan at CRISIL goes critical in Dec 2026. Start ACER process in Sep 2026 — before the Q1 rush.
Mahalaxmi Automotives Vehicles Pvt. Ltd.,ACUITE,Fund-Based,B-,2025-12-09,15.0,Manufacturing,Standard,Your Fund-Based at ACUITE goes critical in Dec 2026. Start ACER process in Sep 2026 — before the Q1 rush.
Shankar Equipments Ltd.,CRISIL,Fund-Based,BB-,2025-12-09,10.81,Manufacturing,Standard,Your Fund-Based at CRISIL goes critical in Dec 2026. Start ACER process in Sep 2026 — before the Q1 rush.
Shilpa Alloys Pvt. Ltd.,ACUITE,Term Loan,BB-,2025-12-09,9.99,Steel & Metals,Standard,Your Term Loan at ACUITE goes critical in Dec 2026. Start ACER process in Sep 2026 — before the Q1 rush.
Sreedevi Digital Systems Pvt. Ltd.,BRICKWORK,Letter of Credit,A 4,2025-12-09,6.0,IT/Technology,Standard,Your Letter of Credit at BRICKWORK goes critical in Dec 2026. Start ACER process in Sep 2026 — before the Q1 rush.
Smart Stainless Tubes Pvt. Ltd.,ACUITE,Term Loan,B-,2025-12-09,4.81,Other,Standard,Your Term Loan at ACUITE goes critical in Dec 2026. Start ACER process in Sep 2026 — before the Q1 rush.
Monsoon Bounty Foods Mfg. Pvt. Ltd.,IND-RA,Term Loan,BB-,2025-12-09,3.64,Agro/Food,Standard,Your Term Loan at IND-RA goes critical in Dec 2026. Start ACER process in Sep 2026 — before the Q1 rush.
M P R Refractories Ltd.,ACUITE,Term Loan,B-,2025-12-09,2.65,Other,Standard,Your Term Loan at ACUITE goes critical in Dec 2026. Start ACER process in Sep 2026 — before the Q1 rush.
Unitech Couplers India Pvt. Ltd.,CRISIL,Letter of Credit,A 3,2025-12-09,1.5,IT/Technology,Standard,Your Letter of Credit at CRISIL goes critical in Dec 2026. Start ACER process in Sep 2026 — before the Q1 rush.
Jiwanram Sheoduttrai Inds. Ltd.,CRISIL,Letter of Credit,A 4,2025-12-09,1.0,Other,Standard,Your Letter of Credit at CRISIL goes critical in Dec 2026. Start ACER process in Sep 2026 — before the Q1 rush.
Jai Hind Sugar Private Limited,Infomerics,Long Term Bank Facilities,IVR BB+ (INC)(Downgraded),2025-12-10,207.25,Agro/Food,Standard,Your Infomerics INC rating goes critical in Dec 2026. ACER is your best alternative — no competitor has approached you.
Ideal Movers Pvt. Ltd.,CRISIL,Fund-Based,B-,2025-12-10,175.65,Other,Standard,Your Fund-Based at CRISIL goes critical in Dec 2026. Start ACER process in Sep 2026 — before the Q1 rush.
Amrit Papers Private Limited (Erstwhile Amrit Agencies Indore Private Limited),Infomerics,Long Term Bank Facilities,IVR BB+ (INC)(Downgraded),2025-12-10,169.06,Paper/Packaging,Standard,Your Infomerics INC rating goes critical in Dec 2026. ACER is your best alternative — no competitor has approached you.
Global Infonet Distribution Pvt. Ltd.,CRISIL,Letter of Credit,A 4,2025-12-10,75.0,Other,Standard,Your Letter of Credit at CRISIL goes critical in Dec 2026. Start ACER process in Sep 2026 — before the Q1 rush.
Castor Girnar Industries Private Limited,Infomerics,Long Term/ Short Term Bank Facilities,IVR BB+/IVR A4+; (INC) (Downgraded),2025-12-10,57.0,Other,Standard,Your Infomerics INC rating goes critical in Dec 2026. ACER is your best alternative — no competitor has approached you.
Jijau Infrastructure M U Project Pvt. Ltd.,ACUITE,Term Loan,BB+,2025-12-10,56.2,Construction,Standard,Your Term Loan at ACUITE goes critical in Dec 2026. Start ACER process in Sep 2026 — before the Q1 rush.
Deron Properties Pvt. Ltd.,CRISIL,Term Loan,B+,2025-12-10,50.0,Other,Standard,Your Term Loan at CRISIL goes critical in Dec 2026. Start ACER process in Sep 2026 — before the Q1 rush.
Kamal Finserve Private Limited,Infomerics,Proposed Long Term Facilities,IVR B+ (INC) (Downgraded),2025-12-10,40.0,Other,Standard,Your Infomerics INC rating goes critical in Dec 2026. ACER is your best alternative — no competitor has approached you.
Kundan Cars Pvt. Ltd.,CRISIL,Fund-Based,B,2025-12-10,27.0,Other,Standard,Your Fund-Based at CRISIL goes critical in Dec 2026. Start ACER process in Sep 2026 — before the Q1 rush.
Best Cheran Spintex India Pvt. Ltd. [Merged],CRISIL,Term Loan,B,2025-12-10,26.1,Other,Standard,Your Term Loan at CRISIL goes critical in Dec 2026. Start ACER process in Sep 2026 — before the Q1 rush.
Annamalaiar Mills Pvt. Ltd.,CRISIL,Term Loan,B,2025-12-10,21.7,Agro/Food,Standard,Your Term Loan at CRISIL goes critical in Dec 2026. Start ACER process in Sep 2026 — before the Q1 rush.
Adhunik Infrastructures Pvt. Ltd.,CRISIL,Bank Guarantee,A 4,2025-12-10,20.5,Construction,Standard,Your Bank Guarantee at CRISIL goes critical in Dec 2026. Start ACER process in Sep 2026 — before the Q1 rush.
Gayatri Infrastructure Ltd.,CRISIL,Term Loan,B+,2025-12-10,20.11,Construction,Standard,Your Term Loan at CRISIL goes critical in Dec 2026. Start ACER process in Sep 2026 — before the Q1 rush.
Mor Alloys Pvt. Ltd.,ICRA,NCD/Bond,B+/A4,2025-12-10,16.55,Steel & Metals,NCD — SEBI License Required,Your NCD/Bond at ICRA goes critical in Dec 2026. Start ACER process in Sep 2026 — before the Q1 rush.
Hi-Tech Board Pvt. Ltd.,CRISIL,Term Loan,B+,2025-12-10,15.0,IT/Technology,Standard,Your Term Loan at CRISIL goes critical in Dec 2026. Start ACER process in Sep 2026 — before the Q1 rush.
Tratec Engineers Pvt. Ltd.,CRISIL,Bank Guarantee,A 4,2025-12-10,14.0,Other,Standard,Your Bank Guarantee at CRISIL goes critical in Dec 2026. Start ACER process in Sep 2026 — before the Q1 rush.
Asianol Shipping Ltd.,CRISIL,Term Loan,B+,2025-12-10,12.04,Logistics,Standard,Your Term Loan at CRISIL goes critical in Dec 2026. Start ACER process in Sep 2026 — before the Q1 rush.
Amba Shakti Ispat Ltd.,BRICKWORK,Letter of Credit,A 4,2025-12-10,12.0,Other,Standard,Your Letter of Credit at BRICKWORK goes critical in Dec 2026. Start ACER process in Sep 2026 — before the Q1 rush.
Elppe Chemicals Pvt. Ltd.,CRISIL,Term Loan,B,2025-12-10,11.0,Chemicals/Pharma,Standard,Your Term Loan at CRISIL goes critical in Dec 2026. Start ACER process in Sep 2026 — before the Q1 rush.
Dhandapani Spinning Mills Ltd.,CRISIL,Letter of Credit,A 4,2025-12-10,10.0,Agro/Food,Standard,Your Letter of Credit at CRISIL goes critical in Dec 2026. Start ACER process in Sep 2026 — before the Q1 rush.
J S S Steelitalia Ltd. [Merged],CRISIL,Term Loan,B,2025-12-10,10.0,Steel & Metals,Standard,Your Term Loan at CRISIL goes critical in Dec 2026. Start ACER process in Sep 2026 — before the Q1 rush.
Bhati Associates Pvt. Ltd.,CRISIL,Bank Guarantee,A 4,2025-12-10,8.0,Other,Standard,Your Bank Guarantee at CRISIL goes critical in Dec 2026. Start ACER process in Sep 2026 — before the Q1 rush.
Fairdeal Steels Pvt. Ltd.,CRISIL,Fund-Based,B,2025-12-10,8.0,Steel & Metals,Standard,Your Fund-Based at CRISIL goes critical in Dec 2026. Start ACER process in Sep 2026 — before the Q1 rush.
Ess Ell Foods Pvt. Ltd.,CRISIL,Fund-Based,B,2025-12-10,7.5,Agro/Food,Standard,Your Fund-Based at CRISIL goes critical in Dec 2026. Start ACER process in Sep 2026 — before the Q1 rush.
Ghaziabad Organics Ltd.,CRISIL,Term Loan,B+,2025-12-10,7.0,Other,Standard,Your Term Loan at CRISIL goes critical in Dec 2026. Start ACER process in Sep 2026 — before the Q1 rush.
Mathuram Swastha Evam Shikshan Sansthan,ICRA,Term Loan,B+,2025-12-10,7.0,Other,Standard,Your Term Loan at ICRA goes critical in Dec 2026. Start ACER process in Sep 2026 — before the Q1 rush.
Marudhara Polypack Pvt. Ltd.,ICRA,Term Loan,B+,2025-12-10,6.25,Other,Standard,Your Term Loan at ICRA goes critical in Dec 2026. Start ACER process in Sep 2026 — before the Q1 rush.
Konvertor Packaging Solutions Pvt. Ltd.,CRISIL,Term Loan,B,2025-12-10,5.62,Paper/Packaging,Standard,Your Term Loan at CRISIL goes critical in Dec 2026. Start ACER process in Sep 2026 — before the Q1 rush.
Trans Valves (India) Pvt. Ltd.,BRICKWORK,Fund-Based,C,2025-12-10,5.1,Other,Standard,Your Fund-Based at BRICKWORK goes critical in Dec 2026. Start ACER process in Sep 2026 — before the Q1 rush.
Global Technocrats Ltd.,CRISIL,Term Loan,B+,2025-12-10,5.0,IT/Technology,Standard,Your Term Loan at CRISIL goes critical in Dec 2026. Start ACER process in Sep 2026 — before the Q1 rush.
Gujarat Dyestuff Inds. Pvt. Ltd.,CRISIL,Bank Guarantee,A 4,2025-12-10,5.0,Other,Standard,Your Bank Guarantee at CRISIL goes critical in Dec 2026. Start ACER process in Sep 2026 — before the Q1 rush.
Kamal & Associates Pvt. Ltd.,CRISIL,Bank Guarantee,A 4,2025-12-10,5.0,Other,Standard,Your Bank Guarantee at CRISIL goes critical in Dec 2026. Start ACER process in Sep 2026 — before the Q1 rush.
Kamlesh Greencrete Pvt. Ltd.,CRISIL,Term Loan,B,2025-12-10,5.0,Other,Standard,Your Term Loan at CRISIL goes critical in Dec 2026. Start ACER process in Sep 2026 — before the Q1 rush.
Pacific Harish Inds. Ltd.,CRISIL,Term Loan,B+,2025-12-10,5.0,Other,Standard,Your Term Loan at CRISIL goes critical in Dec 2026. Start ACER process in Sep 2026 — before the Q1 rush.
Kohinoor Grain Processing Pvt. Ltd.,CRISIL,Term Loan,B,2025-12-10,4.35,Agro/Food,Standard,Your Term Loan at CRISIL goes critical in Dec 2026. Start ACER process in Sep 2026 — before the Q1 rush.
E V A Exotica Pvt. Ltd.,CRISIL,Term Loan,B+,2025-12-10,4.0,Other,Standard,Your Term Loan at CRISIL goes critical in Dec 2026. Start ACER process in Sep 2026 — before the Q1 rush.
Chandras' Chemical Enterprises Pvt. Ltd.,CRISIL,Letter of Credit,A 4,2025-12-10,3.0,Chemicals/Pharma,Standard,Your Letter of Credit at CRISIL goes critical in Dec 2026. Start ACER process in Sep 2026 — before the Q1 rush.
P S T S Logistics Pvt. Ltd.,BRICKWORK,Bank Guarantee,A 4,2025-12-10,3.0,Logistics,Standard,Your Bank Guarantee at BRICKWORK goes critical in Dec 2026. Start ACER process in Sep 2026 — before the Q1 rush.
K P Saha Pvt. Ltd.,ICRA,Term Loan,B+,2025-12-10,2.69,Other,Standard,Your Term Loan at ICRA goes critical in Dec 2026. Start ACER process in Sep 2026 — before the Q1 rush.
Joyguru Cold Storage Pvt. Ltd.,CRISIL,Term Loan,B-,2025-12-10,2.2,Other,Standard,Your Term Loan at CRISIL goes critical in Dec 2026. Start ACER process in Sep 2026 — before the Q1 rush.
Jagannath Polypacks Ltd.,CRISIL,Term Loan,C,2025-12-10,2.0,Other,Standard,Your Term Loan at CRISIL goes critical in Dec 2026. Start ACER process in Sep 2026 — before the Q1 rush.
Hitrac Manpower Services Pvt. Ltd.,CRISIL,Fund-Based,B+,2025-12-10,0.9,Energy,Standard,Your Fund-Based at CRISIL goes critical in Dec 2026. Start ACER process in Sep 2026 — before the Q1 rush.
Emmtex Synthetics Ltd.,CRISIL,Letter of Credit,A 4,2025-12-10,0.5,Other,Standard,Your Letter of Credit at CRISIL goes critical in Dec 2026. Start ACER process in Sep 2026 — before the Q1 rush.
Jaywant Sugars Limited,Infomerics,Long Term Fund Based Bank Facilities,IVR BB- (INC) (Downgraded),2025-12-11,524.36,Agro/Food,Standard,Your Infomerics INC rating goes critical in Dec 2026. ACER is your best alternative — no competitor has approached you.
Creative Minerals India Private Limited,Infomerics,Short Term Bank Facilities,IVR A4+ (INC) (Downgraded),2025-12-11,88.0,Mining,Standard,Your Infomerics INC rating goes critical in Dec 2026. ACER is your best alternative — no competitor has approached you.
Srijan Realty Pvt. Ltd.,CRISIL,Term Loan,B,2025-12-11,68.6,Construction,Standard,Your Term Loan at CRISIL goes critical in Dec 2026. Start ACER process in Sep 2026 — before the Q1 rush.
Bluecraft Agro Pvt. Ltd.,BRICKWORK,Term Loan,BB,2025-12-11,67.08,Agro/Food,Standard,Your Term Loan at BRICKWORK goes critical in Dec 2026. Start ACER process in Sep 2026 — before the Q1 rush.
Kunal Spaces Pvt. Ltd.,CARE,Term Loan,B-,2025-12-11,59.61,Other,Standard,Your Term Loan at CARE goes critical in Dec 2026. Start ACER process in Sep 2026 — before the Q1 rush.
K N K Projects Pvt. Ltd.,CRISIL,Bank Guarantee,A 4,2025-12-11,38.0,Other,Standard,Your Bank Guarantee at CRISIL goes critical in Dec 2026. Start ACER process in Sep 2026 — before the Q1 rush.
G S R Ventures Pvt. Ltd.,CRISIL,Bank Guarantee,A 4,2025-12-11,35.0,Other,Standard,Your Bank Guarantee at CRISIL goes critical in Dec 2026. Start ACER process in Sep 2026 — before the Q1 rush.
Feather Spintex Pvt. Ltd.,CRISIL,Term Loan,B+,2025-12-11,29.0,Other,Standard,Your Term Loan at CRISIL goes critical in Dec 2026. Start ACER process in Sep 2026 — before the Q1 rush.
O S L Exclusive Pvt. Ltd.,BRICKWORK,Bank Guarantee,A 4,2025-12-11,22.3,Other,Standard,Your Bank Guarantee at BRICKWORK goes critical in Dec 2026. Start ACER process in Sep 2026 — before the Q1 rush.
Jeeban Suraksha Hospital Pvt. Ltd.,CRISIL,Term Loan,B,2025-12-11,20.0,Healthcare,Standard,Your Term Loan at CRISIL goes critical in Dec 2026. Start ACER process in Sep 2026 — before the Q1 rush.
Ravi Dyeware Co. Pvt. Ltd.,CRISIL,Letter of Credit,A 4,2025-12-11,20.0,Other,Standard,Your Letter of Credit at CRISIL goes critical in Dec 2026. Start ACER process in Sep 2026 — before the Q1 rush.
Lasa Laboratory Pvt. Ltd. [Merged],CRISIL,Term Loan,B,2025-12-11,19.0,Other,Standard,Your Term Loan at CRISIL goes critical in Dec 2026. Start ACER process in Sep 2026 — before the Q1 rush.
Anant Overseas Pvt. Ltd.,CARE,Fund-Based,B-,2025-12-11,19.0,Other,Standard,Your Fund-Based at CARE goes critical in Dec 2026. Start ACER process in Sep 2026 — before the Q1 rush.
Niladree Build-Tech Pvt. Ltd.,CRISIL,Term Loan,B,2025-12-11,15.2,Construction,Standard,Your Term Loan at CRISIL goes critical in Dec 2026. Start ACER process in Sep 2026 — before the Q1 rush.
Aranthaangi Chemical Products Ltd.,CRISIL,Term Loan,B,2025-12-11,15.0,Chemicals/Pharma,Standard,Your Term Loan at CRISIL goes critical in Dec 2026. Start ACER process in Sep 2026 — before the Q1 rush.
Agarwal T M T Inds. Pvt. Ltd.,CARE,Term Loan,B-,2025-12-11,13.14,Other,Standard,Your Term Loan at CARE goes critical in Dec 2026. Start ACER process in Sep 2026 — before the Q1 rush.
Aesthetic Stampings & Laminations Ltd.,CARE,Bank Guarantee,A 4,2025-12-11,13.0,Other,Standard,Your Bank Guarantee at CARE goes critical in Dec 2026. Start ACER process in Sep 2026 — before the Q1 rush.
Amitex Agro Product Pvt. Ltd.,CRISIL,Term Loan,B,2025-12-11,13.0,Agro/Food,Standard,Your Term Loan at CRISIL goes critical in Dec 2026. Start ACER process in Sep 2026 — before the Q1 rush.
Dwarakamai Constructions Pvt. Ltd.,CRISIL,Bank Guarantee,A 4,2025-12-11,12.0,Construction,Standard,Your Bank Guarantee at CRISIL goes critical in Dec 2026. Start ACER process in Sep 2026 — before the Q1 rush.
Healthcaps India Ltd.,CRISIL,Term Loan,B+,2025-12-11,10.4,Healthcare,Standard,Your Term Loan at CRISIL goes critical in Dec 2026. Start ACER process in Sep 2026 — before the Q1 rush.
Nova Textiles Pvt. Ltd.,BRICKWORK,Letter of Credit,A 4,2025-12-11,10.0,Textiles,Standard,Your Letter of Credit at BRICKWORK goes critical in Dec 2026. Start ACER process in Sep 2026 — before the Q1 rush.
A To Z Developers Ltd.,CRISIL,Term Loan,B+,2025-12-11,10.0,Other,Standard,Your Term Loan at CRISIL goes critical in Dec 2026. Start ACER process in Sep 2026 — before the Q1 rush.
Alpha Carbonless Paper Mfg. Co. Pvt. Ltd.,CRISIL,Fund-Based,B,2025-12-11,10.0,Paper/Packaging,Standard,Your Fund-Based at CRISIL goes critical in Dec 2026. Start ACER process in Sep 2026 — before the Q1 rush.
M U N Agro Inds. Pvt. Ltd.,ACUITE,Term Loan,B-,2025-12-11,9.81,Agro/Food,Standard,Your Term Loan at ACUITE goes critical in Dec 2026. Start ACER process in Sep 2026 — before the Q1 rush.
Blackstone Logistics Pvt. Ltd.,CRISIL,Term Loan,B-,2025-12-11,8.99,Logistics,Standard,Your Term Loan at CRISIL goes critical in Dec 2026. Start ACER process in Sep 2026 — before the Q1 rush.
Flyjac Logistics Pvt. Ltd.,ICRA,NCD/Bond,A 1+,2025-12-11,8.5,Logistics,NCD — SEBI License Required,Your NCD/Bond at ICRA goes critical in Dec 2026. Start ACER process in Sep 2026 — before the Q1 rush.
Jaypee Projects Ltd.,CRISIL,Term Loan,B+,2025-12-11,8.0,Other,Standard,Your Term Loan at CRISIL goes critical in Dec 2026. Start ACER process in Sep 2026 — before the Q1 rush.
K B A Agrotech Pvt. Ltd.,CRISIL,Term Loan,B+,2025-12-11,8.0,Agro/Food,Standard,Your Term Loan at CRISIL goes critical in Dec 2026. Start ACER process in Sep 2026 — before the Q1 rush.
Multani Pharmaceuticals Ltd.,CRISIL,Term Loan,B,2025-12-11,6.9,Chemicals/Pharma,Standard,Your Term Loan at CRISIL goes critical in Dec 2026. Start ACER process in Sep 2026 — before the Q1 rush.
Chakkra Coal India Pvt. Ltd.,CARE,Letter of Credit,A 4,2025-12-11,6.0,Mining,Standard,Your Letter of Credit at CARE goes critical in Dec 2026. Start ACER process in Sep 2026 — before the Q1 rush.
Navdurga Pulp & Paper Mills India Pvt. Ltd.,CARE,Term Loan,B-,2025-12-11,5.7,Agro/Food,Standard,Your Term Loan at CARE goes critical in Dec 2026. Start ACER process in Sep 2026 — before the Q1 rush.
Biomedicon Care Pvt. Ltd.,CRISIL,Letter of Credit,A 4,2025-12-11,5.0,Other,Standard,Your Letter of Credit at CRISIL goes critical in Dec 2026. Start ACER process in Sep 2026 — before the Q1 rush.
J P Rice & Foods Pvt. Ltd.,CRISIL,Fund-Based,B,2025-12-11,5.0,Agro/Food,Standard,Your Fund-Based at CRISIL goes critical in Dec 2026. Start ACER process in Sep 2026 — before the Q1 rush.
Jayaraj Fortune Packaging Pvt. Ltd.,ICRA,Non-Fund-Based,A 4,2025-12-11,5.0,Paper/Packaging,Standard,Your Non-Fund-Based at ICRA goes critical in Dec 2026. Start ACER process in Sep 2026 — before the Q1 rush.
Sri Nath Ji Ispat Ltd.,CRISIL,Letter of Credit,A 4,2025-12-11,4.82,Other,Standard,Your Letter of Credit at CRISIL goes critical in Dec 2026. Start ACER process in Sep 2026 — before the Q1 rush.
Naxalbari Flour & Rice Mill Pvt. Ltd.,ACUITE,Term Loan,B-,2025-12-11,3.79,Agro/Food,Standard,Your Term Loan at ACUITE goes critical in Dec 2026. Start ACER process in Sep 2026 — before the Q1 rush.
J D C India Ltd.,CRISIL,Term Loan,B,2025-12-11,3.3,Other,Standard,Your Term Loan at CRISIL goes critical in Dec 2026. Start ACER process in Sep 2026 — before the Q1 rush.
Nidhi Auto Pvt. Ltd.,CARE,Term Loan,B-,2025-12-11,3.25,Manufacturing,Standard,Your Term Loan at CARE goes critical in Dec 2026. Start ACER process in Sep 2026 — before the Q1 rush.
Cordoba Engineering Pvt. Ltd.,CRISIL,Fund-Based,B,2025-12-11,3.0,Manufacturing,Standard,Your Fund-Based at CRISIL goes critical in Dec 2026. Start ACER process in Sep 2026 — before the Q1 rush.
Evergreen Publications (India) Ltd.,CRISIL,Bank Guarantee,A 4,2025-12-11,3.0,Other,Standard,Your Bank Guarantee at CRISIL goes critical in Dec 2026. Start ACER process in Sep 2026 — before the Q1 rush.
Polybond Insulation Pvt. Ltd.,CRISIL,Bank Guarantee,A 4,2025-12-11,3.0,Other,Standard,Your Bank Guarantee at CRISIL goes critical in Dec 2026. Start ACER process in Sep 2026 — before the Q1 rush.
Shri Ram Rubtech Pvt. Ltd.,CARE,NCD/Bond,B-/A4,2025-12-11,3.0,IT/Technology,NCD — SEBI License Required,Your NCD/Bond at CARE goes critical in Dec 2026. Start ACER process in Sep 2026 — before the Q1 rush.
Advance Metal Powder Pvt. Ltd.,CRISIL,Letter of Credit,A 4,2025-12-11,3.0,Steel & Metals,Standard,Your Letter of Credit at CRISIL goes critical in Dec 2026. Start ACER process in Sep 2026 — before the Q1 rush.
Abhiraj Engicon Pvt. Ltd.,CARE,Bank Guarantee,A 4,2025-12-11,2.5,Other,Standard,Your Bank Guarantee at CARE goes critical in Dec 2026. Start ACER process in Sep 2026 — before the Q1 rush.
Sivaani Agribusiness Pvt. Ltd.,ICRA,Term Loan,B+,2025-12-11,2.08,Other,Standard,Your Term Loan at ICRA goes critical in Dec 2026. Start ACER process in Sep 2026 — before the Q1 rush.
Deb Paints Pvt. Ltd.,CRISIL,Term Loan,B,2025-12-11,1.8,Other,Standard,Your Term Loan at CRISIL goes critical in Dec 2026. Start ACER process in Sep 2026 — before the Q1 rush.
Unimarck Pharma (India) Ltd.,CRISIL,Term Loan,B+,2025-12-11,1.0,Chemicals/Pharma,Standard,Your Term Loan at CRISIL goes critical in Dec 2026. Start ACER process in Sep 2026 — before the Q1 rush.
Kisan Oleochem & Derivatives Pvt. Ltd.,ACUITE,Term Loan,B-,2025-12-11,0.5,Chemicals/Pharma,Standard,Your Term Loan at ACUITE goes critical in Dec 2026. Start ACER process in Sep 2026 — before the Q1 rush.
R N Knitfab Pvt. Ltd.,CRISIL,Letter of Credit,A 4,2025-12-11,0.5,Other,Standard,Your Letter of Credit at CRISIL goes critical in Dec 2026. Start ACER process in Sep 2026 — before the Q1 rush.
Mahajan Fabrics Pvt. Ltd.,CARE,Term Loan,B-,2025-12-11,0.46,Textiles,Standard,Your Term Loan at CARE goes critical in Dec 2026. Start ACER process in Sep 2026 — before the Q1 rush.
Vikas Cotton Inds. Pvt. Ltd.,CARE,Term Loan,B-,2025-12-11,0.04,Agro/Food,Standard,Your Term Loan at CARE goes critical in Dec 2026. Start ACER process in Sep 2026 — before the Q1 rush.
Schwing Stetter (India) Pvt. Ltd.,CRISIL,Fund-Based,BB+,2025-12-12,1555.0,Other,Standard,Your Fund-Based at CRISIL goes critical in Dec 2026. Start ACER process in Sep 2026 — before the Q1 rush.
Atlas Constructions Pvt. Ltd.,CRISIL,NCD/Bond,BBB/A3+,2025-12-12,363.0,Construction,NCD — SEBI License Required,Your NCD/Bond at CRISIL goes critical in Dec 2026. Start ACER process in Sep 2026 — before the Q1 rush.
Mash Bio-Fuels Private Limited,Infomerics,Long Term Bank Facilities,IVR BB+ (INC)(Downgraded),2025-12-12,307.43,Other,Standard,Your Infomerics INC rating goes critical in Dec 2026. ACER is your best alternative — no competitor has approached you.
Maruti Educational Trust,Infomerics,Long Term Bank Facilities,IVR BB (INC)(Downgraded),2025-12-12,175.0,Other,Standard,Your Infomerics INC rating goes critical in Dec 2026. ACER is your best alternative — no competitor has approached you.
Agroh Kodinar Veraval Highways Private Limited,Infomerics,Long Term Bank Facilities,IVR B+ (INC)(Reaffirmed),2025-12-12,100.0,Construction,Standard,Your Infomerics INC rating goes critical in Dec 2026. ACER is your best alternative — no competitor has approached you.
Ghanaram Infraengineers Pvt. Ltd.,CRISIL,Bank Guarantee,A 4,2025-12-12,60.0,Construction,Standard,Your Bank Guarantee at CRISIL goes critical in Dec 2026. Start ACER process in Sep 2026 — before the Q1 rush.
Rameswar Udyog Pvt. Ltd.,ICRA,Term Loan,B+,2025-12-12,34.0,Other,Standard,Your Term Loan at ICRA goes critical in Dec 2026. Start ACER process in Sep 2026 — before the Q1 rush.
Bargarh Bio Fuels Development Foundation,Infomerics,Long Term Bank Facilities,IVR B+ (INC)(Downgraded),2025-12-12,30.35,Other,Standard,Your Infomerics INC rating goes critical in Dec 2026. ACER is your best alternative — no competitor has approached you.
B L International Pvt. Ltd.,CRISIL,Fund-Based,B,2025-12-12,22.0,Other,Standard,Your Fund-Based at CRISIL goes critical in Dec 2026. Start ACER process in Sep 2026 — before the Q1 rush.
N G Fertilizers & Chemicals Pvt. Ltd.,ICRA,Term Loan,B+,2025-12-12,20.0,Chemicals/Pharma,Standard,Your Term Loan at ICRA goes critical in Dec 2026. Start ACER process in Sep 2026 — before the Q1 rush.
Teesta Agro Inds. Ltd.,CARE,Letter of Credit,A 4+,2025-12-12,17.5,Agro/Food,Standard,Your Letter of Credit at CARE goes critical in Dec 2026. Start ACER process in Sep 2026 — before the Q1 rush.
Chrysalis Trading Private Limited,Infomerics,Long Term Facility - Fund Based - Cash Credit,IVR D (INC),2025-12-12,15.0,Other,Standard,Your Infomerics INC rating goes critical in Dec 2026. ACER is your best alternative — no competitor has approached you.
Axel Polymers Ltd.,CRISIL,Letter of Credit,A 4,2025-12-12,5.0,Chemicals/Pharma,Standard,Your Letter of Credit at CRISIL goes critical in Dec 2026. Start ACER process in Sep 2026 — before the Q1 rush.
Mediplus (India) Ltd.,CRISIL,Letter of Credit,A 4,2025-12-12,5.0,Other,Standard,Your Letter of Credit at CRISIL goes critical in Dec 2026. Start ACER process in Sep 2026 — before the Q1 rush.
Alphamed Formulations Pvt. Ltd.,CRISIL,Term Loan,B+,2025-12-12,4.5,Other,Standard,Your Term Loan at CRISIL goes critical in Dec 2026. Start ACER process in Sep 2026 — before the Q1 rush.
Active Char Products Pvt. Ltd.,ICRA,Term Loan,B+,2025-12-12,1.5,Other,Standard,Your Term Loan at ICRA goes critical in Dec 2026. Start ACER process in Sep 2026 — before the Q1 rush.
Chatterjee Cleaning Arts Services Ltd.,CRISIL,Term Loan,B+,2025-12-12,1.0,Other,Standard,Your Term Loan at CRISIL goes critical in Dec 2026. Start ACER process in Sep 2026 — before the Q1 rush.
Sidhi Vinayak Metcom Ltd.,CARE,Bank Guarantee,A 4,2025-12-12,1.0,Other,Standard,Your Bank Guarantee at CARE goes critical in Dec 2026. Start ACER process in Sep 2026 — before the Q1 rush.
T B E A Energy (India) Pvt. Ltd.,BRICKWORK,Non-Fund-Based,A 4,2025-12-15,959.34,Energy,Standard,Your Non-Fund-Based at BRICKWORK goes critical in Dec 2026. Start ACER process in Sep 2026 — before the Q1 rush.
M R K R Constructions & Inds. Pvt. Ltd.,IND-RA,Fund-Based,A 3,2025-12-15,200.0,Construction,Standard,Your Fund-Based at IND-RA goes critical in Dec 2026. Start ACER process in Sep 2026 — before the Q1 rush.
Sirmour Small Hydro Power Pvt. Ltd.,CARE,Term Loan,BB+,2025-12-15,160.0,Energy,Standard,Your Term Loan at CARE goes critical in Dec 2026. Start ACER process in Sep 2026 — before the Q1 rush.
GRN Constructions Private Limited,Infomerics,Short Term Bank Facilities,IVR A4+ (INC)(Downgraded),2025-12-15,120.0,Construction,Standard,Your Infomerics INC rating goes critical in Dec 2026. ACER is your best alternative — no competitor has approached you.
Swarnaa Techno Constructions Pvt. Ltd.,BRICKWORK,Non-Fund-Based,A 4,2025-12-15,66.0,Construction,Standard,Your Non-Fund-Based at BRICKWORK goes critical in Dec 2026. Start ACER process in Sep 2026 — before the Q1 rush.
3B Films Ltd.,ACUITE,Term Loan,B-,2025-12-15,27.6,Other,Standard,Your Term Loan at ACUITE goes critical in Dec 2026. Start ACER process in Sep 2026 — before the Q1 rush.
NK Construction Group,Infomerics,Long Term Facilities,IVR B+ (INC) (Downgraded),2025-12-15,24.53,Construction,Standard,Your Infomerics INC rating goes critical in Dec 2026. ACER is your best alternative — no competitor has approached you.
Las Cargo Pvt. Ltd.,BRICKWORK,Bank Guarantee,A 4,2025-12-15,16.0,Logistics,Standard,Your Bank Guarantee at BRICKWORK goes critical in Dec 2026. Start ACER process in Sep 2026 — before the Q1 rush.
Sunder Marketing Associates Pvt. Ltd.,BRICKWORK,Letter of Credit,A 4,2025-12-15,6.0,Other,Standard,Your Letter of Credit at BRICKWORK goes critical in Dec 2026. Start ACER process in Sep 2026 — before the Q1 rush.
Shri Krupa Services Pvt. Ltd.,BRICKWORK,Bank Guarantee,A 4,2025-12-15,4.0,Other,Standard,Your Bank Guarantee at BRICKWORK goes critical in Dec 2026. Start ACER process in Sep 2026 — before the Q1 rush.
Havukal Tea & Produce Co. Pvt. Ltd.,BRICKWORK,Term Loan,C,2025-12-15,3.48,Other,Standard,Your Term Loan at BRICKWORK goes critical in Dec 2026. Start ACER process in Sep 2026 — before the Q1 rush.
Gobind Industries Pvt. Ltd.,BRICKWORK,Term Loan,C,2025-12-15,1.09,Other,Standard,Your Term Loan at BRICKWORK goes critical in Dec 2026. Start ACER process in Sep 2026 — before the Q1 rush.
Paul Strips & Tubes Pvt. Ltd.,BRICKWORK,Bank Guarantee,A 4,2025-12-15,1.0,Other,Standard,Your Bank Guarantee at BRICKWORK goes critical in Dec 2026. Start ACER process in Sep 2026 — before the Q1 rush.
Shri Rathna Akshaya Estates Private Limited,Infomerics,Long Term Facilities,IVR BBB (INC)(Downgraded),2025-12-16,531.08,Other,Standard,Your Infomerics INC rating goes critical in Dec 2026. ACER is your best alternative — no competitor has approached you.
Caliber Mercantile Private Limited,Infomerics,Long Term Facilities,IVR BB (INC) (Downgraded),2025-12-16,321.41,Other,Standard,Your Infomerics INC rating goes critical in Dec 2026. ACER is your best alternative — no competitor has approached you.
Siddhartha Engineering Ltd.,CARE,NCD/Bond,C/A4,2025-12-16,95.75,Manufacturing,NCD — SEBI License Required,Your NCD/Bond at CARE goes critical in Dec 2026. Start ACER process in Sep 2026 — before the Q1 rush.
N P Infraprojects India Pvt. Ltd.,IND-RA,Fund-Based,A 4+,2025-12-16,37.0,Construction,Standard,Your Fund-Based at IND-RA goes critical in Dec 2026. Start ACER process in Sep 2026 — before the Q1 rush.
Tehri Pulp & Paper Ltd.,BRICKWORK,Letter of Credit,A 4+,2025-12-16,25.0,Paper/Packaging,Standard,Your Letter of Credit at BRICKWORK goes critical in Dec 2026. Start ACER process in Sep 2026 — before the Q1 rush.
Navkar Lifesciences,Infomerics,Long Term Bank Facilities,IVR C+ (INC) (Downgraded),2025-12-16,22.45,Other,Standard,Your Infomerics INC rating goes critical in Dec 2026. ACER is your best alternative — no competitor has approached you.
Sree Kumar Agro Oils Pvt. Ltd.,BRICKWORK,Fund-Based,B,2025-12-16,18.35,Agro/Food,Standard,Your Fund-Based at BRICKWORK goes critical in Dec 2026. Start ACER process in Sep 2026 — before the Q1 rush.
Kailash Kraft Paper LLP,Infomerics,Proposed Long Term Bank Facility,IVR C (INC) (Downgraded),2025-12-16,11.75,Paper/Packaging,Standard,Your Infomerics INC rating goes critical in Dec 2026. ACER is your best alternative — no competitor has approached you.
Shrishaila Electricals (India) Pvt. Ltd.,CARE,Bank Guarantee,A 4,2025-12-16,11.0,Energy,Standard,Your Bank Guarantee at CARE goes critical in Dec 2026. Start ACER process in Sep 2026 — before the Q1 rush.
Ultra Mile,Infomerics,Long Term Bank Facilities (incl. Proposed facility),IVR B (INC)(Downgraded),2025-12-16,10.8,Other,Standard,Your Infomerics INC rating goes critical in Dec 2026. ACER is your best alternative — no competitor has approached you.
S N Dairy Foods Pvt. Ltd.,ACUITE,Term Loan,B-,2025-12-16,6.0,Agro/Food,Standard,Your Term Loan at ACUITE goes critical in Dec 2026. Start ACER process in Sep 2026 — before the Q1 rush.
Abaj Electronics Pvt. Ltd.,ACUITE,Letter of Credit,A 4,2025-12-16,6.0,Other,Standard,Your Letter of Credit at ACUITE goes critical in Dec 2026. Start ACER process in Sep 2026 — before the Q1 rush.
Morries Energy Ltd.,BRICKWORK,Term Loan,B+,2025-12-16,4.37,Energy,Standard,Your Term Loan at BRICKWORK goes critical in Dec 2026. Start ACER process in Sep 2026 — before the Q1 rush.
Babulal Becharbhai Zaveri Golds & Diamonds Pvt. Ltd.,CRISIL,Term Loan,BB-,2025-12-16,4.2,Jewellery,Standard,Your Term Loan at CRISIL goes critical in Dec 2026. Start ACER process in Sep 2026 — before the Q1 rush.
Manglam Infra & Engg. Ltd.,CRISIL,Bank Guarantee,A 4+,2025-12-16,3.0,Construction,Standard,Your Bank Guarantee at CRISIL goes critical in Dec 2026. Start ACER process in Sep 2026 — before the Q1 rush.
Siyaram Recycling Inds. Ltd.,BRICKWORK,Fund-Based,B,2025-12-16,2.54,Other,Standard,Your Fund-Based at BRICKWORK goes critical in Dec 2026. Start ACER process in Sep 2026 — before the Q1 rush.
Minesh Prints Ltd.,ACUITE,Term Loan,B-,2025-12-16,0.23,Other,Standard,Your Term Loan at ACUITE goes critical in Dec 2026. Start ACER process in Sep 2026 — before the Q1 rush.
P N Gawande Gng. Prsg. & Oil Mill Pvt. Ltd.,CARE,Fund-Based,B-,2025-12-16,0.0,Agro/Food,Standard,Your Fund-Based at CARE goes critical in Dec 2026. Start ACER process in Sep 2026 — before the Q1 rush.
H E S Infra Ltd.,IND-RA,Fund-Based,A 4+,2025-12-17,802.0,Construction,Standard,Your Fund-Based at IND-RA goes critical in Dec 2026. Start ACER process in Sep 2026 — before the Q1 rush.
P C Patel Infra Pvt. Ltd.,BRICKWORK,Bank Guarantee,A 4,2025-12-17,135.0,Construction,Standard,Your Bank Guarantee at BRICKWORK goes critical in Dec 2026. Start ACER process in Sep 2026 — before the Q1 rush.
Waterfront Constructions Pvt. Ltd.,BRICKWORK,Bank Guarantee,A 4,2025-12-17,60.0,Construction,Standard,Your Bank Guarantee at BRICKWORK goes critical in Dec 2026. Start ACER process in Sep 2026 — before the Q1 rush.
Satyadeeptha Pharmaceuticals Ltd.,ICRA,Term Loan,BB+,2025-12-17,43.37,Chemicals/Pharma,Standard,Your Term Loan at ICRA goes critical in Dec 2026. Start ACER process in Sep 2026 — before the Q1 rush.
Eurocoustic Products Ltd.,CRISIL,Non-Fund-Based,A 4+,2025-12-17,40.0,Other,Standard,Your Non-Fund-Based at CRISIL goes critical in Dec 2026. Start ACER process in Sep 2026 — before the Q1 rush.
B P R Infrastructure Pvt. Ltd.,BRICKWORK,Bank Guarantee,BB-,2025-12-17,35.0,Construction,Standard,Your Bank Guarantee at BRICKWORK goes critical in Dec 2026. Start ACER process in Sep 2026 — before the Q1 rush.
Chain-Sys Software Exports Pvt. Ltd.,CRISIL,Term Loan,BB-,2025-12-17,32.0,IT/Technology,Standard,Your Term Loan at CRISIL goes critical in Dec 2026. Start ACER process in Sep 2026 — before the Q1 rush.
Wadia Techno-Engineering Services Ltd.,BRICKWORK,Bank Guarantee,A 4,2025-12-17,30.0,Manufacturing,Standard,Your Bank Guarantee at BRICKWORK goes critical in Dec 2026. Start ACER process in Sep 2026 — before the Q1 rush.
General Petrochemicals Pvt. Ltd.,CARE,Term Loan,BB-,2025-12-17,25.13,Chemicals/Pharma,Standard,Your Term Loan at CARE goes critical in Dec 2026. Start ACER process in Sep 2026 — before the Q1 rush.
Tirumala Seven Hills Pvt. Ltd.,ICRA,Non-Fund-Based,A 4,2025-12-17,23.0,Other,Standard,Your Non-Fund-Based at ICRA goes critical in Dec 2026. Start ACER process in Sep 2026 — before the Q1 rush.
Ostern Pvt. Ltd.,CRISIL,Term Loan,B+,2025-12-17,17.4,Other,Standard,Your Term Loan at CRISIL goes critical in Dec 2026. Start ACER process in Sep 2026 — before the Q1 rush.
Vipul Chemicals (India) Pvt. Ltd.,CRISIL,Letter of Credit,A 4,2025-12-17,8.5,Chemicals/Pharma,Standard,Your Letter of Credit at CRISIL goes critical in Dec 2026. Start ACER process in Sep 2026 — before the Q1 rush.
Samkit Diamond Export Pvt. Ltd.,ICRA,NCD/Bond,B/A4,2025-12-17,8.0,Jewellery,NCD — SEBI License Required,Your NCD/Bond at ICRA goes critical in Dec 2026. Start ACER process in Sep 2026 — before the Q1 rush.
Lahoti Motors Pvt. Ltd.,CRISIL,Term Loan,B,2025-12-17,5.5,Other,Standard,Your Term Loan at CRISIL goes critical in Dec 2026. Start ACER process in Sep 2026 — before the Q1 rush.
Sai Primus Lifebiotech Pvt. Ltd.,CRISIL,Term Loan,BB+,2025-12-17,5.25,IT/Technology,Standard,Your Term Loan at CRISIL goes critical in Dec 2026. Start ACER process in Sep 2026 — before the Q1 rush.
Sumip Composites Pvt. Ltd.,CRISIL,Bank Guarantee,A 4,2025-12-17,5.0,Other,Standard,Your Bank Guarantee at CRISIL goes critical in Dec 2026. Start ACER process in Sep 2026 — before the Q1 rush.
Moreshwar Trading Co. Pvt. Ltd.,CRISIL,Term Loan,B,2025-12-17,4.75,Other,Standard,Your Term Loan at CRISIL goes critical in Dec 2026. Start ACER process in Sep 2026 — before the Q1 rush.
Progressive Fertichem Pvt. Ltd.,CRISIL,Letter of Credit,A 4,2025-12-17,4.0,Chemicals/Pharma,Standard,Your Letter of Credit at CRISIL goes critical in Dec 2026. Start ACER process in Sep 2026 — before the Q1 rush.
Vishva Vishal Refractory Ltd.,ICRA,Non-Fund-Based,A 4,2025-12-17,4.0,Other,Standard,Your Non-Fund-Based at ICRA goes critical in Dec 2026. Start ACER process in Sep 2026 — before the Q1 rush.
Mahesh Sunny Enterprises Pvt. Ltd.,ACUITE,Bank Guarantee,A 4,2025-12-17,3.74,Other,Standard,Your Bank Guarantee at ACUITE goes critical in Dec 2026. Start ACER process in Sep 2026 — before the Q1 rush.
Pavan Cotton Products Pvt. Ltd.,ICRA,Term Loan,B,2025-12-17,3.64,Agro/Food,Standard,Your Term Loan at ICRA goes critical in Dec 2026. Start ACER process in Sep 2026 — before the Q1 rush.
Crescent Tanners Pvt. Ltd.,BRICKWORK,Letter of Credit,A 4,2025-12-17,3.2,Other,Standard,Your Letter of Credit at BRICKWORK goes critical in Dec 2026. Start ACER process in Sep 2026 — before the Q1 rush.
Pentagon Forge & Machine Ltd.,CRISIL,Term Loan,B,2025-12-17,2.45,Manufacturing,Standard,Your Term Loan at CRISIL goes critical in Dec 2026. Start ACER process in Sep 2026 — before the Q1 rush.
Marino Cables India Pvt. Ltd.,ACUITE,Bank Guarantee,A 4,2025-12-17,2.0,Other,Standard,Your Bank Guarantee at ACUITE goes critical in Dec 2026. Start ACER process in Sep 2026 — before the Q1 rush.
Fenasia Ltd.,CARE,NCD/Bond,A 4,2025-12-17,1.0,Other,NCD — SEBI License Required,Your NCD/Bond at CARE goes critical in Dec 2026. Start ACER process in Sep 2026 — before the Q1 rush.
Utkal Metallics Ltd.,BRICKWORK,Bank Guarantee,A 4,2025-12-17,0.4,Steel & Metals,Standard,Your Bank Guarantee at BRICKWORK goes critical in Dec 2026. Start ACER process in Sep 2026 — before the Q1 rush.
Shree Gopal Govind Sponge Pvt. Ltd.,ACUITE,Bank Guarantee,A 4,2025-12-17,0.35,Other,Standard,Your Bank Guarantee at ACUITE goes critical in Dec 2026. Start ACER process in Sep 2026 — before the Q1 rush.
Corrtech International Ltd.,CRISIL,Bank Guarantee,A 4+,2025-12-18,270.0,IT/Technology,Standard,Your Bank Guarantee at CRISIL goes critical in Dec 2026. Start ACER process in Sep 2026 — before the Q1 rush.
Hariom Industries Limited,Infomerics,Long Term Bank Facilities,IVR BBB- (INC) (Downgraded),2025-12-18,155.4,Other,Standard,Your Infomerics INC rating goes critical in Dec 2026. ACER is your best alternative — no competitor has approached you.
Musaddilal Projects Pvt. Ltd.,CRISIL,Term Loan,B,2025-12-18,57.0,Other,Standard,Your Term Loan at CRISIL goes critical in Dec 2026. Start ACER process in Sep 2026 — before the Q1 rush.
Vimal Fire Controls Pvt. Ltd.,CRISIL,Bank Guarantee,B,2025-12-18,50.0,Other,Standard,Your Bank Guarantee at CRISIL goes critical in Dec 2026. Start ACER process in Sep 2026 — before the Q1 rush.
Radharaman Cotspin Private Limited,Infomerics,Long Term Bank Facilities - Term Loan,IVR B- (INC)(Downgraded),2025-12-18,48.75,Other,Standard,Your Infomerics INC rating goes critical in Dec 2026. ACER is your best alternative — no competitor has approached you.
Rosemerry Solvent Private Limited,Infomerics,Long Term Bank Facilities (Incl. Proposed Facility),IVR BB (INC) (Downgraded),2025-12-18,45.0,Other,Standard,Your Infomerics INC rating goes critical in Dec 2026. ACER is your best alternative — no competitor has approached you.
Metropole Vinimay Private Limited,Infomerics,Long Term Bank Facilities,IVR BB (INC) (Downgraded),2025-12-18,44.47,Other,Standard,Your Infomerics INC rating goes critical in Dec 2026. ACER is your best alternative — no competitor has approached you.
Tulip Cotspin Pvt. Ltd.,CRISIL,Fund-Based,B,2025-12-18,28.49,Other,Standard,Your Fund-Based at CRISIL goes critical in Dec 2026. Start ACER process in Sep 2026 — before the Q1 rush.
Shreeya Peanuts Pvt. Ltd.,BRICKWORK,Term Loan,B-,2025-12-18,23.0,Other,Standard,Your Term Loan at BRICKWORK goes critical in Dec 2026. Start ACER process in Sep 2026 — before the Q1 rush.
Panchdeep Constructions Ltd.,CRISIL,Bank Guarantee,A 4+,2025-12-18,20.0,Construction,Standard,Your Bank Guarantee at CRISIL goes critical in Dec 2026. Start ACER process in Sep 2026 — before the Q1 rush.
IIT-ians Pace Education Private Limited,Infomerics,Long Term Bank Facilities â€“ Dropline Overdraft,IVR B+ (INC)(Downgraded),2025-12-18,19.9,Other,Standard,Your Infomerics INC rating goes critical in Dec 2026. ACER is your best alternative — no competitor has approached you.
Sri Kaliswari Metal Powders Pvt. Ltd.,CRISIL,Letter of Credit,A 4,2025-12-18,18.5,Steel & Metals,Standard,Your Letter of Credit at CRISIL goes critical in Dec 2026. Start ACER process in Sep 2026 — before the Q1 rush.
Vinpack (India) Pvt. Ltd.,CRISIL,Term Loan,B+,2025-12-18,17.0,Other,Standard,Your Term Loan at CRISIL goes critical in Dec 2026. Start ACER process in Sep 2026 — before the Q1 rush.
S E L Jegat Printers Pvt. Ltd.,BRICKWORK,Term Loan,C,2025-12-18,14.16,Other,Standard,Your Term Loan at BRICKWORK goes critical in Dec 2026. Start ACER process in Sep 2026 — before the Q1 rush.
Shree Krishna Rolling Mills (Jaipur) Ltd.,CRISIL,Bank Guarantee,A 4,2025-12-18,12.0,Steel & Metals,Standard,Your Bank Guarantee at CRISIL goes critical in Dec 2026. Start ACER process in Sep 2026 — before the Q1 rush.
V V D & Sons Pvt. Ltd.,CRISIL,Term Loan,B,2025-12-18,11.0,Other,Standard,Your Term Loan at CRISIL goes critical in Dec 2026. Start ACER process in Sep 2026 — before the Q1 rush.
Vivek Travels Pvt. Ltd.,CRISIL,Bank Guarantee,A 4,2025-12-18,7.0,Other,Standard,Your Bank Guarantee at CRISIL goes critical in Dec 2026. Start ACER process in Sep 2026 — before the Q1 rush.
Dugar Polymers Ltd.,ICRA,Non-Fund-Based,A 4,2025-12-18,5.5,Chemicals/Pharma,Standard,Your Non-Fund-Based at ICRA goes critical in Dec 2026. Start ACER process in Sep 2026 — before the Q1 rush.
Mahesh Cotspin Pvt. Ltd.,CRISIL,Term Loan,B+,2025-12-18,5.5,Other,Standard,Your Term Loan at CRISIL goes critical in Dec 2026. Start ACER process in Sep 2026 — before the Q1 rush.
Vardhman Developers Ltd.,BRICKWORK,Bank Guarantee,A 4,2025-12-18,4.57,Other,Standard,Your Bank Guarantee at BRICKWORK goes critical in Dec 2026. Start ACER process in Sep 2026 — before the Q1 rush.
Satya Surya Aluminium Inds. Ltd.,CRISIL,Bank Guarantee,A 4,2025-12-18,4.5,Other,Standard,Your Bank Guarantee at CRISIL goes critical in Dec 2026. Start ACER process in Sep 2026 — before the Q1 rush.
Shape Engineering Co. Pvt. Ltd.,CRISIL,Term Loan,B,2025-12-18,3.5,Manufacturing,Standard,Your Term Loan at CRISIL goes critical in Dec 2026. Start ACER process in Sep 2026 — before the Q1 rush.
Shree Rajaram Prints Pvt. Ltd.,CRISIL,Term Loan,B,2025-12-18,3.5,Other,Standard,Your Term Loan at CRISIL goes critical in Dec 2026. Start ACER process in Sep 2026 — before the Q1 rush.
Shree Somnath Paper Mills Pvt. Ltd.,CRISIL,Term Loan,B,2025-12-18,3.37,Agro/Food,Standard,Your Term Loan at CRISIL goes critical in Dec 2026. Start ACER process in Sep 2026 — before the Q1 rush.
Timespac India Pvt. Ltd.,CRISIL,Term Loan,B+,2025-12-18,3.03,Other,Standard,Your Term Loan at CRISIL goes critical in Dec 2026. Start ACER process in Sep 2026 — before the Q1 rush.
Sudeep Exim Pvt. Ltd.,CRISIL,Fund-Based,B+,2025-12-18,3.0,Other,Standard,Your Fund-Based at CRISIL goes critical in Dec 2026. Start ACER process in Sep 2026 — before the Q1 rush.
Sohan Industries Pvt. Ltd.,CRISIL,Term Loan,B,2025-12-18,2.81,Other,Standard,Your Term Loan at CRISIL goes critical in Dec 2026. Start ACER process in Sep 2026 — before the Q1 rush.
Naveen Filters Pvt. Ltd.,CRISIL,Non-Fund-Based,B+,2025-12-18,2.5,Other,Standard,Your Non-Fund-Based at CRISIL goes critical in Dec 2026. Start ACER process in Sep 2026 — before the Q1 rush.
Rexon Strips Pvt. Ltd.,CRISIL,Bank Guarantee,A 4,2025-12-18,1.0,Other,Standard,Your Bank Guarantee at CRISIL goes critical in Dec 2026. Start ACER process in Sep 2026 — before the Q1 rush.
Yash Poly Inds. Pvt. Ltd.,CRISIL,Bank Guarantee,A 4,2025-12-18,0.05,Other,Standard,Your Bank Guarantee at CRISIL goes critical in Dec 2026. Start ACER process in Sep 2026 — before the Q1 rush.
Chandrashekhar Exports Pvt. Ltd.,BRICKWORK,Letter of Credit,A 4,2025-12-18,0.0,Other,Standard,Your Letter of Credit at BRICKWORK goes critical in Dec 2026. Start ACER process in Sep 2026 — before the Q1 rush.
Manbhum Ispat Private Limited,Infomerics,Long Term Bank Facilities,IVR BBB- (INC)(Downgraded),2025-12-19,181.72,Other,Standard,Your Infomerics INC rating goes critical in Dec 2026. ACER is your best alternative — no competitor has approached you.
Dembla Valves Ltd.,IND-RA,Fund-Based,A 4,2025-12-19,100.0,Other,Standard,Your Fund-Based at IND-RA goes critical in Dec 2026. Start ACER process in Sep 2026 — before the Q1 rush.
Maheshwari Mining Pvt. Ltd.,CRISIL,Bank Guarantee,A 4,2025-12-19,95.0,Mining,Standard,Your Bank Guarantee at CRISIL goes critical in Dec 2026. Start ACER process in Sep 2026 — before the Q1 rush.
Ashok Textile Mills Pvt. Ltd.,IND-RA,NCD/Bond,B/A4,2025-12-19,89.21,Agro/Food,NCD — SEBI License Required,Your NCD/Bond at IND-RA goes critical in Dec 2026. Start ACER process in Sep 2026 — before the Q1 rush.
Sambandam Spinning Mills Ltd.,IND-RA,Term Loan,BB,2025-12-19,75.55,Agro/Food,Standard,Your Term Loan at IND-RA goes critical in Dec 2026. Start ACER process in Sep 2026 — before the Q1 rush.
Clifton Export Pvt. Ltd.,IND-RA,NCD/Bond,B/A4,2025-12-19,69.26,Other,NCD — SEBI License Required,Your NCD/Bond at IND-RA goes critical in Dec 2026. Start ACER process in Sep 2026 — before the Q1 rush.
R S Development & Constructions India Pvt. Ltd.,IND-RA,NCD/Bond,B/A4,2025-12-19,67.89,Construction,NCD — SEBI License Required,Your NCD/Bond at IND-RA goes critical in Dec 2026. Start ACER process in Sep 2026 — before the Q1 rush.
Superior Films Pvt. Ltd.,IND-RA,NCD/Bond,BB+/A4+,2025-12-19,64.5,Other,NCD — SEBI License Required,Your NCD/Bond at IND-RA goes critical in Dec 2026. Start ACER process in Sep 2026 — before the Q1 rush.
Sahu Agro Business Private Limited,Infomerics,Long Term Bank Facilities,IVR BB- (INC)(Downgraded),2025-12-19,58.34,Agro/Food,Standard,Your Infomerics INC rating goes critical in Dec 2026. ACER is your best alternative — no competitor has approached you.
Kairali Steels & Alloys Pvt. Ltd.,IND-RA,NCD/Bond,B/A4,2025-12-19,47.38,Steel & Metals,NCD — SEBI License Required,Your NCD/Bond at IND-RA goes critical in Dec 2026. Start ACER process in Sep 2026 — before the Q1 rush.
R K S Steel Inds. Pvt. Ltd.,IND-RA,NCD/Bond,B-/A4,2025-12-19,38.02,Steel & Metals,NCD — SEBI License Required,Your NCD/Bond at IND-RA goes critical in Dec 2026. Start ACER process in Sep 2026 — before the Q1 rush.
Sun N Wind Infra Energy Private Limited,Infomerics,Long Term Bank Facilities,IVR B- (INC)(Downgraded),2025-12-19,37.0,Construction,Standard,Your Infomerics INC rating goes critical in Dec 2026. ACER is your best alternative — no competitor has approached you.
Leben Life Sciences Pvt. Ltd.,IND-RA,NCD/Bond,B-,2025-12-19,35.63,Other,NCD — SEBI License Required,Your NCD/Bond at IND-RA goes critical in Dec 2026. Start ACER process in Sep 2026 — before the Q1 rush.
Vertigo Impex Pvt. Ltd.,IND-RA,NCD/Bond,B/A4,2025-12-19,32.5,Other,NCD — SEBI License Required,Your NCD/Bond at IND-RA goes critical in Dec 2026. Start ACER process in Sep 2026 — before the Q1 rush.
Approcool Aircon Pvt. Ltd.,IND-RA,Term Loan,B,2025-12-19,30.15,Other,Standard,Your Term Loan at IND-RA goes critical in Dec 2026. Start ACER process in Sep 2026 — before the Q1 rush.
Jai Ganesh Ispat & Ferro Alloys Pvt. Ltd.,IND-RA,Term Loan,B-,2025-12-19,27.0,Steel & Metals,Standard,Your Term Loan at IND-RA goes critical in Dec 2026. Start ACER process in Sep 2026 — before the Q1 rush.
Camex Ltd.,IND-RA,NCD/Bond,B-/A4,2025-12-19,24.5,Other,NCD — SEBI License Required,Your NCD/Bond at IND-RA goes critical in Dec 2026. Start ACER process in Sep 2026 — before the Q1 rush.
N N Saha & Sons Agro Pvt. Ltd.,IND-RA,Term Loan,B-,2025-12-19,24.0,Agro/Food,Standard,Your Term Loan at IND-RA goes critical in Dec 2026. Start ACER process in Sep 2026 — before the Q1 rush.
Gansons Pvt. Ltd.,IND-RA,NCD/Bond,B-/A4,2025-12-19,23.0,Other,NCD — SEBI License Required,Your NCD/Bond at IND-RA goes critical in Dec 2026. Start ACER process in Sep 2026 — before the Q1 rush.
Shrikishan & Co. Pvt. Ltd.,IND-RA,NCD/Bond,B-/A4,2025-12-19,23.0,Other,NCD — SEBI License Required,Your NCD/Bond at IND-RA goes critical in Dec 2026. Start ACER process in Sep 2026 — before the Q1 rush.
Sunrise Timply Co. Pvt. Ltd.,IND-RA,NCD/Bond,B/A4,2025-12-19,23.0,Other,NCD — SEBI License Required,Your NCD/Bond at IND-RA goes critical in Dec 2026. Start ACER process in Sep 2026 — before the Q1 rush.
Rydak Syndicate Ltd.,IND-RA,NCD/Bond,B/A4,2025-12-19,22.0,Other,NCD — SEBI License Required,Your NCD/Bond at IND-RA goes critical in Dec 2026. Start ACER process in Sep 2026 — before the Q1 rush.
K7 Computing Pvt. Ltd.,IND-RA,NCD/Bond,B-/A4,2025-12-19,18.0,Other,NCD — SEBI License Required,Your NCD/Bond at IND-RA goes critical in Dec 2026. Start ACER process in Sep 2026 — before the Q1 rush.
Srinivas Infrastructure Pvt. Ltd.,IND-RA,NCD/Bond,B/A4,2025-12-19,17.0,Construction,NCD — SEBI License Required,Your NCD/Bond at IND-RA goes critical in Dec 2026. Start ACER process in Sep 2026 — before the Q1 rush.
Rahman Hospitals Pvt. Ltd.,CRISIL,Term Loan,B,2025-12-19,15.14,Healthcare,Standard,Your Term Loan at CRISIL goes critical in Dec 2026. Start ACER process in Sep 2026 — before the Q1 rush.
Dee Control & Electric Pvt. Ltd.,CRISIL,Bank Guarantee,A 4,2025-12-19,15.0,Energy,Standard,Your Bank Guarantee at CRISIL goes critical in Dec 2026. Start ACER process in Sep 2026 — before the Q1 rush.
Unique Multi Films Virudhunagar Pvt. Ltd.,ICRA,Non-Fund-Based,A 4,2025-12-19,15.0,Other,Standard,Your Non-Fund-Based at ICRA goes critical in Dec 2026. Start ACER process in Sep 2026 — before the Q1 rush.
Vaibhav Edibles Pvt. Ltd.,IND-RA,Term Loan,B-,2025-12-19,14.04,Agro/Food,Standard,Your Term Loan at IND-RA goes critical in Dec 2026. Start ACER process in Sep 2026 — before the Q1 rush.
Best Blue Metals,Infomerics,Long Term Fund Based Bank Facility - Term Loans,IVR C+ (INC)(Downgraded),2025-12-19,11.95,Steel & Metals,Standard,Your Infomerics INC rating goes critical in Dec 2026. ACER is your best alternative — no competitor has approached you.
Mahakali Ispat Pvt. Ltd.,IND-RA,NCD/Bond,B-/A4,2025-12-19,11.3,Other,NCD — SEBI License Required,Your NCD/Bond at IND-RA goes critical in Dec 2026. Start ACER process in Sep 2026 — before the Q1 rush.
Kuna Impex Pvt. Ltd.,IND-RA,NCD/Bond,B-/A4,2025-12-19,11.25,Other,NCD — SEBI License Required,Your NCD/Bond at IND-RA goes critical in Dec 2026. Start ACER process in Sep 2026 — before the Q1 rush.
Caravel Logistics Pvt. Ltd.,IND-RA,NCD/Bond,C/A4,2025-12-19,11.1,Logistics,NCD — SEBI License Required,Your NCD/Bond at IND-RA goes critical in Dec 2026. Start ACER process in Sep 2026 — before the Q1 rush.
Bharath Hi-Tech Builders Pvt. Ltd.,CRISIL,Term Loan,B,2025-12-19,10.0,Construction,Standard,Your Term Loan at CRISIL goes critical in Dec 2026. Start ACER process in Sep 2026 — before the Q1 rush.
M S G All Trdg. Intl. Pvt. Ltd.,CRISIL,Fund-Based,B+,2025-12-19,9.35,Other,Standard,Your Fund-Based at CRISIL goes critical in Dec 2026. Start ACER process in Sep 2026 — before the Q1 rush.
Polixel Security Systems Pvt. Ltd.,IND-RA,NCD/Bond,B-/A4,2025-12-19,8.5,Other,NCD — SEBI License Required,Your NCD/Bond at IND-RA goes critical in Dec 2026. Start ACER process in Sep 2026 — before the Q1 rush.
Anubhav Plast Ltd.,IND-RA,NCD/Bond,B-/A4,2025-12-19,8.5,Other,NCD — SEBI License Required,Your NCD/Bond at IND-RA goes critical in Dec 2026. Start ACER process in Sep 2026 — before the Q1 rush.
Vishesh Diagnostics Pvt. Ltd.,IND-RA,Term Loan,B-,2025-12-19,7.0,Healthcare,Standard,Your Term Loan at IND-RA goes critical in Dec 2026. Start ACER process in Sep 2026 — before the Q1 rush.
Sreenidhi Raja Packing Solutions Pvt. Ltd.,IND-RA,Term Loan,B-,2025-12-19,6.3,Other,Standard,Your Term Loan at IND-RA goes critical in Dec 2026. Start ACER process in Sep 2026 — before the Q1 rush.
Hiland Agro Products Pvt. Ltd.,IND-RA,NCD/Bond,B-/A4,2025-12-19,6.23,Agro/Food,NCD — SEBI License Required,Your NCD/Bond at IND-RA goes critical in Dec 2026. Start ACER process in Sep 2026 — before the Q1 rush.
V V C Motors Pvt. Ltd.,ICRA,Non-Fund-Based,A 4,2025-12-19,6.0,Other,Standard,Your Non-Fund-Based at ICRA goes critical in Dec 2026. Start ACER process in Sep 2026 — before the Q1 rush.
Sangam Forgings Pvt. Ltd.,IND-RA,NCD/Bond,B-/A4,2025-12-19,4.5,Steel & Metals,NCD — SEBI License Required,Your NCD/Bond at IND-RA goes critical in Dec 2026. Start ACER process in Sep 2026 — before the Q1 rush.
A-One Footarts Pvt. Ltd.,CRISIL,Letter of Credit,A 4,2025-12-19,3.0,Other,Standard,Your Letter of Credit at CRISIL goes critical in Dec 2026. Start ACER process in Sep 2026 — before the Q1 rush.
A-One Footwears Pvt. Ltd.,CRISIL,Letter of Credit,A 4,2025-12-19,2.25,Other,Standard,Your Letter of Credit at CRISIL goes critical in Dec 2026. Start ACER process in Sep 2026 — before the Q1 rush.
Decor Paper Mills Ltd.,ICRA,Non-Fund-Based,A 4,2025-12-19,0.13,Agro/Food,Standard,Your Non-Fund-Based at ICRA goes critical in Dec 2026. Start ACER process in Sep 2026 — before the Q1 rush.
Shreenathji Cotgin Pvt. Ltd.,ICRA,Non-Fund-Based,A 4,2025-12-19,0.1,Other,Standard,Your Non-Fund-Based at ICRA goes critical in Dec 2026. Start ACER process in Sep 2026 — before the Q1 rush.
Shree Shyam Sponge & Power Ltd.,ICRA,Short-Term Loan,A 4,2025-12-19,0.0,Energy,Standard,Your Short-Term Loan at ICRA goes critical in Dec 2026. Start ACER process in Sep 2026 — before the Q1 rush.
Aequs Sez Pvt. Ltd.,CRISIL,Term Loan,B,2025-12-22,310.0,Other,Standard,Your Term Loan at CRISIL goes critical in Dec 2026. Start ACER process in Sep 2026 — before the Q1 rush.
Excelsource International Pvt. Ltd.,CARE,NCD/Bond,B+/A4,2025-12-22,128.0,Other,NCD — SEBI License Required,Your NCD/Bond at CARE goes critical in Dec 2026. Start ACER process in Sep 2026 — before the Q1 rush.
Krrish Shalimar Projects Pvt. Ltd.,ACUITE,Term Loan,B-,2025-12-22,120.0,Other,Standard,Your Term Loan at ACUITE goes critical in Dec 2026. Start ACER process in Sep 2026 — before the Q1 rush.
Kkrishna Vaahan Pvt. Ltd.,CRISIL,Fund-Based,B,2025-12-22,49.5,Other,Standard,Your Fund-Based at CRISIL goes critical in Dec 2026. Start ACER process in Sep 2026 — before the Q1 rush.
Brua Hydrowatt Pvt. Ltd.,CARE,Term Loan,B,2025-12-22,46.0,Energy,Standard,Your Term Loan at CARE goes critical in Dec 2026. Start ACER process in Sep 2026 — before the Q1 rush.
Sai Shreeja Cars Pvt. Ltd.,CRISIL,Fund-Based,B,2025-12-22,42.6,Other,Standard,Your Fund-Based at CRISIL goes critical in Dec 2026. Start ACER process in Sep 2026 — before the Q1 rush.
Sri Dakshinamurthy Agro Inds. Pvt. Ltd.,CRISIL,Term Loan,B+,2025-12-22,28.0,Agro/Food,Standard,Your Term Loan at CRISIL goes critical in Dec 2026. Start ACER process in Sep 2026 — before the Q1 rush.
Tirupatee Agro Industries Private Limited,Infomerics,Long Term Bank  Facilities (Including  proposed facility of  Rs. 0.46 crore),IVR D (INC)(Downgraded),2025-12-22,22.57,Agro/Food,Standard,Your Infomerics INC rating goes critical in Dec 2026. ACER is your best alternative — no competitor has approached you.
B E Contracts Pvt. Ltd.,CARE,NCD/Bond,B/A4,2025-12-22,20.0,Other,NCD — SEBI License Required,Your NCD/Bond at CARE goes critical in Dec 2026. Start ACER process in Sep 2026 — before the Q1 rush.
Shakun Gases Pvt. Ltd.,CRISIL,Letter of Credit,A 4,2025-12-22,20.0,Energy,Standard,Your Letter of Credit at CRISIL goes critical in Dec 2026. Start ACER process in Sep 2026 — before the Q1 rush.
Skandhanshi Infra Projects India Pvt. Ltd.,CRISIL,Term Loan,B,2025-12-22,20.0,Construction,Standard,Your Term Loan at CRISIL goes critical in Dec 2026. Start ACER process in Sep 2026 — before the Q1 rush.
Orange Auto Pvt. Ltd.,CRISIL,Term Loan,B,2025-12-22,18.4,Manufacturing,Standard,Your Term Loan at CRISIL goes critical in Dec 2026. Start ACER process in Sep 2026 — before the Q1 rush.
Primatel Fibcom Ltd.,CRISIL,Letter of Credit,A 4,2025-12-22,14.6,Other,Standard,Your Letter of Credit at CRISIL goes critical in Dec 2026. Start ACER process in Sep 2026 — before the Q1 rush.
Rasika Motors Pvt. Ltd.,CRISIL,Fund-Based,B,2025-12-22,14.6,Other,Standard,Your Fund-Based at CRISIL goes critical in Dec 2026. Start ACER process in Sep 2026 — before the Q1 rush.
P K Construction Shimla Pvt. Ltd.,CRISIL,Bank Guarantee,A 4,2025-12-22,12.75,Construction,Standard,Your Bank Guarantee at CRISIL goes critical in Dec 2026. Start ACER process in Sep 2026 — before the Q1 rush.
Uni-Tech Automation Pvt. Ltd.,ICRA,Term Loan,B+,2025-12-22,12.0,Manufacturing,Standard,Your Term Loan at ICRA goes critical in Dec 2026. Start ACER process in Sep 2026 — before the Q1 rush.
Pioneer Fabricators Ltd.,CRISIL,Bank Guarantee,A 4,2025-12-22,11.0,Textiles,Standard,Your Bank Guarantee at CRISIL goes critical in Dec 2026. Start ACER process in Sep 2026 — before the Q1 rush.
Building Blocks Projects India Pvt. Ltd.,CRISIL,Term Loan,B,2025-12-22,10.0,Construction,Standard,Your Term Loan at CRISIL goes critical in Dec 2026. Start ACER process in Sep 2026 — before the Q1 rush.
Jai Raj Ispat Ltd.,BRICKWORK,Letter of Credit,A 4,2025-12-22,10.0,Other,Standard,Your Letter of Credit at BRICKWORK goes critical in Dec 2026. Start ACER process in Sep 2026 — before the Q1 rush.
The Kothari Wheels,Infomerics,Short Term Bank Facilities,IVR A4 (INC)(Downgraded),2025-12-22,10.0,Other,Standard,Your Infomerics INC rating goes critical in Dec 2026. ACER is your best alternative — no competitor has approached you.
Om Threads Pvt. Ltd.,CRISIL,Term Loan,B+,2025-12-22,9.3,Other,Standard,Your Term Loan at CRISIL goes critical in Dec 2026. Start ACER process in Sep 2026 — before the Q1 rush.
Remira Motors Pvt. Ltd.,CRISIL,Term Loan,B,2025-12-22,9.0,Other,Standard,Your Term Loan at CRISIL goes critical in Dec 2026. Start ACER process in Sep 2026 — before the Q1 rush.
Surat Goods Transport Pvt. Ltd.,CRISIL,Bank Guarantee,A 4,2025-12-22,8.5,Logistics,Standard,Your Bank Guarantee at CRISIL goes critical in Dec 2026. Start ACER process in Sep 2026 — before the Q1 rush.
P V S Automotive Co. Pvt. Ltd.,CRISIL,Fund-Based,B+,2025-12-22,8.14,Manufacturing,Standard,Your Fund-Based at CRISIL goes critical in Dec 2026. Start ACER process in Sep 2026 — before the Q1 rush.
Sharvi Agro Mills Pvt. Ltd.,CRISIL,Term Loan,B+,2025-12-22,8.0,Agro/Food,Standard,Your Term Loan at CRISIL goes critical in Dec 2026. Start ACER process in Sep 2026 — before the Q1 rush.
Tirumala Tirupati Rice Mill Private Limited,Infomerics,Long Term Bank Facilities,IVR C+ (INC)(Downgraded),2025-12-22,8.0,Agro/Food,Standard,Your Infomerics INC rating goes critical in Dec 2026. ACER is your best alternative — no competitor has approached you.
Rabia Logistics Pvt. Ltd.,CRISIL,Term Loan,B-,2025-12-22,7.89,Logistics,Standard,Your Term Loan at CRISIL goes critical in Dec 2026. Start ACER process in Sep 2026 — before the Q1 rush.
Kamadhenu Jewellery Pvt. Ltd.,CRISIL,Term Loan,B+,2025-12-22,7.5,Jewellery,Standard,Your Term Loan at CRISIL goes critical in Dec 2026. Start ACER process in Sep 2026 — before the Q1 rush.
Novartis Energy Pvt. Ltd.,CRISIL,Letter of Credit,A 4,2025-12-22,7.0,Energy,Standard,Your Letter of Credit at CRISIL goes critical in Dec 2026. Start ACER process in Sep 2026 — before the Q1 rush.
Punj Motors Pvt. Ltd.,CRISIL,Fund-Based,B+,2025-12-22,6.7,Other,Standard,Your Fund-Based at CRISIL goes critical in Dec 2026. Start ACER process in Sep 2026 — before the Q1 rush.
Sri Nav Durga Textile Processors Pvt. Ltd.,CRISIL,Term Loan,B,2025-12-22,6.61,Textiles,Standard,Your Term Loan at CRISIL goes critical in Dec 2026. Start ACER process in Sep 2026 — before the Q1 rush.
Shyamjoti Rice Mill Pvt. Ltd.,CRISIL,Term Loan,B,2025-12-22,6.33,Agro/Food,Standard,Your Term Loan at CRISIL goes critical in Dec 2026. Start ACER process in Sep 2026 — before the Q1 rush.
Pragati Ingots & Power Pvt. Ltd.,CRISIL,Term Loan,B+,2025-12-22,5.2,Energy,Standard,Your Term Loan at CRISIL goes critical in Dec 2026. Start ACER process in Sep 2026 — before the Q1 rush.
P K T Infra Pvt. Ltd.,CRISIL,Bank Guarantee,A 4,2025-12-22,5.0,Construction,Standard,Your Bank Guarantee at CRISIL goes critical in Dec 2026. Start ACER process in Sep 2026 — before the Q1 rush.
Sidwin Fabric Pvt. Ltd.,CRISIL,Term Loan,B,2025-12-22,5.0,Textiles,Standard,Your Term Loan at CRISIL goes critical in Dec 2026. Start ACER process in Sep 2026 — before the Q1 rush.
A One Steels India Pvt. Ltd.,BRICKWORK,Letter of Credit,A 4,2025-12-22,5.0,Steel & Metals,Standard,Your Letter of Credit at BRICKWORK goes critical in Dec 2026. Start ACER process in Sep 2026 — before the Q1 rush.
Srinav Oil Extraction Pvt. Ltd.,CRISIL,Term Loan,B,2025-12-22,4.5,Energy,Standard,Your Term Loan at CRISIL goes critical in Dec 2026. Start ACER process in Sep 2026 — before the Q1 rush.
Memon Health Care Pvt. Ltd.,ICRA,Term Loan,B+,2025-12-22,4.07,Healthcare,Standard,Your Term Loan at ICRA goes critical in Dec 2026. Start ACER process in Sep 2026 — before the Q1 rush.
Pure Petrochem India Pvt. Ltd.,CRISIL,Term Loan,B,2025-12-22,4.0,Chemicals/Pharma,Standard,Your Term Loan at CRISIL goes critical in Dec 2026. Start ACER process in Sep 2026 — before the Q1 rush.
Sukata Tractor Parts Pvt. Ltd.,CRISIL,Term Loan,B+,2025-12-22,3.7,Other,Standard,Your Term Loan at CRISIL goes critical in Dec 2026. Start ACER process in Sep 2026 — before the Q1 rush.
Al-Dua Food Processing Pvt. Ltd.,BRICKWORK,Bank Guarantee,A 4,2025-12-22,3.0,Agro/Food,Standard,Your Bank Guarantee at BRICKWORK goes critical in Dec 2026. Start ACER process in Sep 2026 — before the Q1 rush.
Pashupati Roller Flour Mill Pvt. Ltd.,CRISIL,Term Loan,B,2025-12-22,2.88,Agro/Food,Standard,Your Term Loan at CRISIL goes critical in Dec 2026. Start ACER process in Sep 2026 — before the Q1 rush.
Osaw Agro Inds. Pvt. Ltd.,CRISIL,Bank Guarantee,A 4,2025-12-22,2.0,Agro/Food,Standard,Your Bank Guarantee at CRISIL goes critical in Dec 2026. Start ACER process in Sep 2026 — before the Q1 rush.
Radharaman Stainless Steel Pvt. Ltd.,CRISIL,Letter of Credit,A 4,2025-12-22,2.0,Steel & Metals,Standard,Your Letter of Credit at CRISIL goes critical in Dec 2026. Start ACER process in Sep 2026 — before the Q1 rush.
Acaricide India Pvt. Ltd.,ACUITE,Letter of Credit,A 4,2025-12-22,2.0,Other,Standard,Your Letter of Credit at ACUITE goes critical in Dec 2026. Start ACER process in Sep 2026 — before the Q1 rush.
Mangalam Rice Mill Pvt. Ltd.,CARE,Term Loan,B-,2025-12-22,0.79,Agro/Food,Standard,Your Term Loan at CARE goes critical in Dec 2026. Start ACER process in Sep 2026 — before the Q1 rush.
Mehta Brothers Gems Pvt. Ltd.,ICRA,Term Loan,B+,2025-12-22,0.0,Jewellery,Standard,Your Term Loan at ICRA goes critical in Dec 2026. Start ACER process in Sep 2026 — before the Q1 rush.
J G Hosiery Pvt. Ltd.,ICRA,NCD/Bond,A/A2+,2025-12-23,230.0,Other,NCD — SEBI License Required,Your NCD/Bond at ICRA goes critical in Dec 2026. Start ACER process in Sep 2026 — before the Q1 rush.
Dodhia Synthetics Limited,Infomerics,Long Term Bank Facilities,IVR BB- (INC)(Withdrawn),2025-12-23,203.3,Other,Standard,Your Infomerics INC rating goes critical in Dec 2026. ACER is your best alternative — no competitor has approached you.
Arisudana Industries Ltd.,CRISIL,Term Loan,A-,2025-12-23,84.66,Other,Standard,Your Term Loan at CRISIL goes critical in Dec 2026. Start ACER process in Sep 2026 — before the Q1 rush.
O C S Services (India) Pvt. Ltd.,BRICKWORK,Bank Guarantee,B+,2025-12-23,72.0,Other,Standard,Your Bank Guarantee at BRICKWORK goes critical in Dec 2026. Start ACER process in Sep 2026 — before the Q1 rush.
A C D C Saideep Buildcon Pvt. Ltd.,CRISIL,Bank Guarantee,A 4+,2025-12-23,58.0,Construction,Standard,Your Bank Guarantee at CRISIL goes critical in Dec 2026. Start ACER process in Sep 2026 — before the Q1 rush.
Vasupujya Filaments,Infomerics,Long Term Bank Facilities,IVR BB- (INC)(Withdrawn),2025-12-23,52.91,Other,Standard,Your Infomerics INC rating goes critical in Dec 2026. ACER is your best alternative — no competitor has approached you.
Osia Gems Pvt. Ltd.,BRICKWORK,Non-Fund-Based,A 4,2025-12-23,38.94,Jewellery,Standard,Your Non-Fund-Based at BRICKWORK goes critical in Dec 2026. Start ACER process in Sep 2026 — before the Q1 rush.
Kothari Metsol Private Limited,Infomerics,Long Term Bank Facilities,IVR BB+ (INC)(Downgraded),2025-12-23,38.32,Other,Standard,Your Infomerics INC rating goes critical in Dec 2026. ACER is your best alternative — no competitor has approached you.
Radhe Sham Ravi Prakash Timbers Pvt. Ltd.,CRISIL,Letter of Credit,A 4,2025-12-23,36.0,Other,Standard,Your Letter of Credit at CRISIL goes critical in Dec 2026. Start ACER process in Sep 2026 — before the Q1 rush.
Space Age Associates Power-Infra Pvt. Ltd.,CRISIL,Bank Guarantee,A 4,2025-12-23,28.0,Construction,Standard,Your Bank Guarantee at CRISIL goes critical in Dec 2026. Start ACER process in Sep 2026 — before the Q1 rush.
Skyway R M C Plants Pvt. Ltd.,ACUITE,Letter of Credit,A 4+,2025-12-23,22.5,Other,Standard,Your Letter of Credit at ACUITE goes critical in Dec 2026. Start ACER process in Sep 2026 — before the Q1 rush.
Umang Boards Ltd.,CARE,Term Loan,B,2025-12-23,21.47,Paper/Packaging,Standard,Your Term Loan at CARE goes critical in Dec 2026. Start ACER process in Sep 2026 — before the Q1 rush.
Dodhia Chem-Tex Private Limited,Infomerics,Long Term Bank Facilities,IVR BB- (INC)(Withdrawn),2025-12-23,19.86,Chemicals/Pharma,Standard,Your Infomerics INC rating goes critical in Dec 2026. ACER is your best alternative — no competitor has approached you.
Yash Exports (India) Pvt. Ltd.,ICRA,Term Loan,B+,2025-12-23,19.37,Other,Standard,Your Term Loan at ICRA goes critical in Dec 2026. Start ACER process in Sep 2026 — before the Q1 rush.
Jai Hind Feeds,Infomerics,Long Term Bank Facilities â€“ Cash Credit,IVR BB- (INC)(Downgraded),2025-12-23,18.0,Other,Standard,Your Infomerics INC rating goes critical in Dec 2026. ACER is your best alternative — no competitor has approached you.
C A I Inds. Pvt. Ltd.,BRICKWORK,Fund-Based,C,2025-12-23,14.5,Other,Standard,Your Fund-Based at BRICKWORK goes critical in Dec 2026. Start ACER process in Sep 2026 — before the Q1 rush.
Thiru Rani Logistic Pvt. Ltd.,CRISIL,Term Loan,B,2025-12-23,13.5,Logistics,Standard,Your Term Loan at CRISIL goes critical in Dec 2026. Start ACER process in Sep 2026 — before the Q1 rush.
Shreegopal Gobind Agro Tech Pvt. Ltd.,ICRA,Term Loan,B+,2025-12-23,12.5,Agro/Food,Standard,Your Term Loan at ICRA goes critical in Dec 2026. Start ACER process in Sep 2026 — before the Q1 rush.
Deva Drill Tech (India) Ltd.,CRISIL,Letter of Credit,A 4+,2025-12-23,12.0,IT/Technology,Standard,Your Letter of Credit at CRISIL goes critical in Dec 2026. Start ACER process in Sep 2026 — before the Q1 rush.
K G R Enterprises Pvt. Ltd.,ACUITE,Letter of Credit,A 4,2025-12-23,12.0,Other,Standard,Your Letter of Credit at ACUITE goes critical in Dec 2026. Start ACER process in Sep 2026 — before the Q1 rush.
Godhan Masala Foods Ltd.,CARE,Term Loan,BB-,2025-12-23,11.7,Agro/Food,Standard,Your Term Loan at CARE goes critical in Dec 2026. Start ACER process in Sep 2026 — before the Q1 rush.
E D A C Engineering Ltd.,CRISIL,Bank Guarantee,A 4+,2025-12-23,11.3,Manufacturing,Standard,Your Bank Guarantee at CRISIL goes critical in Dec 2026. Start ACER process in Sep 2026 — before the Q1 rush.
Tiger 4 India Ltd.,CRISIL,Term Loan,B+,2025-12-23,9.24,Other,Standard,Your Term Loan at CRISIL goes critical in Dec 2026. Start ACER process in Sep 2026 — before the Q1 rush.
Rhino Lux Pvt. Ltd.,CARE,NCD/Bond,B-/A4,2025-12-23,9.0,Other,NCD — SEBI License Required,Your NCD/Bond at CARE goes critical in Dec 2026. Start ACER process in Sep 2026 — before the Q1 rush.
Swastika Steel & Allied Products Pvt. Ltd.,CRISIL,Term Loan,B,2025-12-23,8.9,Steel & Metals,Standard,Your Term Loan at CRISIL goes critical in Dec 2026. Start ACER process in Sep 2026 — before the Q1 rush.
Kent Intelligent Transportation Systems (India) Pvt. Ltd.,CRISIL,Bank Guarantee,A 4+,2025-12-23,8.3,Logistics,Standard,Your Bank Guarantee at CRISIL goes critical in Dec 2026. Start ACER process in Sep 2026 — before the Q1 rush.
M M P Industries Ltd.,CRISIL,Letter of Credit,A 2,2025-12-23,8.0,Other,Standard,Your Letter of Credit at CRISIL goes critical in Dec 2026. Start ACER process in Sep 2026 — before the Q1 rush.
T N R Industries Pvt. Ltd.,CRISIL,Term Loan,C,2025-12-23,8.0,Other,Standard,Your Term Loan at CRISIL goes critical in Dec 2026. Start ACER process in Sep 2026 — before the Q1 rush.
Bapuna Alcobrew Pvt. Ltd.,CRISIL,Bank Guarantee,A 3+,2025-12-23,5.0,Other,Standard,Your Bank Guarantee at CRISIL goes critical in Dec 2026. Start ACER process in Sep 2026 — before the Q1 rush.
Veejay Syntex Pvt. Ltd.,CRISIL,Fund-Based,BB,2025-12-23,4.5,Other,Standard,Your Fund-Based at CRISIL goes critical in Dec 2026. Start ACER process in Sep 2026 — before the Q1 rush.
Vrion Global Pvt. Ltd.,CARE,Letter of Credit,A 4,2025-12-23,4.0,Other,Standard,Your Letter of Credit at CARE goes critical in Dec 2026. Start ACER process in Sep 2026 — before the Q1 rush.
Suryodaya Edibles (India) Pvt. Ltd.,CRISIL,Term Loan,B+,2025-12-23,3.46,Agro/Food,Standard,Your Term Loan at CRISIL goes critical in Dec 2026. Start ACER process in Sep 2026 — before the Q1 rush.
I T L Industries Ltd.,CRISIL,Bank Guarantee,A 3+,2025-12-23,3.0,Other,Standard,Your Bank Guarantee at CRISIL goes critical in Dec 2026. Start ACER process in Sep 2026 — before the Q1 rush.
Suraj Logistix Pvt. Ltd.,CRISIL,Letter of Credit,A 4,2025-12-23,3.0,Other,Standard,Your Letter of Credit at CRISIL goes critical in Dec 2026. Start ACER process in Sep 2026 — before the Q1 rush.
A A Energy Pvt. Ltd.,ACUITE,Term Loan,C,2025-12-23,2.68,Energy,Standard,Your Term Loan at ACUITE goes critical in Dec 2026. Start ACER process in Sep 2026 — before the Q1 rush.
Maa Bhagawati Re-Rolling Mills Pvt. Ltd.,CARE,Term Loan,B-,2025-12-23,2.28,Steel & Metals,Standard,Your Term Loan at CARE goes critical in Dec 2026. Start ACER process in Sep 2026 — before the Q1 rush.
Perfect Mettcast Pvt. Ltd.,ACUITE,Letter of Credit,A 4,2025-12-23,2.0,Other,Standard,Your Letter of Credit at ACUITE goes critical in Dec 2026. Start ACER process in Sep 2026 — before the Q1 rush.
S S Medical Systems ( India) Pvt. Ltd.,CRISIL,Bank Guarantee,A 4,2025-12-23,2.0,Healthcare,Standard,Your Bank Guarantee at CRISIL goes critical in Dec 2026. Start ACER process in Sep 2026 — before the Q1 rush.
Sainath Autolinks Pvt. Ltd.,ACUITE,Term Loan,B-,2025-12-23,1.4,Manufacturing,Standard,Your Term Loan at ACUITE goes critical in Dec 2026. Start ACER process in Sep 2026 — before the Q1 rush.
Santosh Automotors Pvt. Ltd.,CRISIL,Term Loan,B+,2025-12-23,1.25,Manufacturing,Standard,Your Term Loan at CRISIL goes critical in Dec 2026. Start ACER process in Sep 2026 — before the Q1 rush.
Shrawasthi Agrotech Pvt. Ltd.,CRISIL,Letter of Credit,A 4,2025-12-23,1.0,Agro/Food,Standard,Your Letter of Credit at CRISIL goes critical in Dec 2026. Start ACER process in Sep 2026 — before the Q1 rush.
Prince Corp Private Limited,Infomerics,Long Term Bank Facilities,IVR D (INC)(Reaffirmed),2025-12-24,131.46,Other,Standard,Your Infomerics INC rating goes critical in Dec 2026. ACER is your best alternative — no competitor has approached you.
Uttam Chand Rakesh Kumar,Infomerics,Long Term Bank Facilities,IVR BB (INC) (Downgraded),2025-12-24,81.63,Other,Standard,Your Infomerics INC rating goes critical in Dec 2026. ACER is your best alternative — no competitor has approached you.
Ktex Nonwovens Pvt. Ltd.,CARE,NCD/Bond,BB/A4,2025-12-24,65.0,Other,NCD — SEBI License Required,Your NCD/Bond at CARE goes critical in Dec 2026. Start ACER process in Sep 2026 — before the Q1 rush.
M/s Niranjan Rai,Infomerics,Short Term Bank Facilities,IVR A3 (INC)(Downgraded),2025-12-24,65.0,Other,Standard,Your Infomerics INC rating goes critical in Dec 2026. ACER is your best alternative — no competitor has approached you.
Chemical Process Equipments Pvt. Ltd.,CARE,Bank Guarantee,A 4+,2025-12-24,51.6,Chemicals/Pharma,Standard,Your Bank Guarantee at CARE goes critical in Dec 2026. Start ACER process in Sep 2026 — before the Q1 rush.
Shreegopal Auto Pvt. Ltd.,CRISIL,Fund-Based,BB+,2025-12-24,38.0,Manufacturing,Standard,Your Fund-Based at CRISIL goes critical in Dec 2026. Start ACER process in Sep 2026 — before the Q1 rush.
Anoj Kumar Agarwala,Infomerics,Short Term Bank Facilities,IVR A4 (INC)(Reaffirmed),2025-12-24,35.0,Other,Standard,Your Infomerics INC rating goes critical in Dec 2026. ACER is your best alternative — no competitor has approached you.
Metco Roof Pvt. Ltd.,ICRA,Term Loan,B+,2025-12-24,30.0,Other,Standard,Your Term Loan at ICRA goes critical in Dec 2026. Start ACER process in Sep 2026 — before the Q1 rush.
Quality Exports,Infomerics,Long / Short Term Bank Facilities,IVR B+/IVR A4; (INC)(Downgraded),2025-12-24,30.0,Other,Standard,Your Infomerics INC rating goes critical in Dec 2026. ACER is your best alternative — no competitor has approached you.
Deep (India) Enterprises Pvt. Ltd.,BRICKWORK,Term Loan,C,2025-12-24,29.5,Other,Standard,Your Term Loan at BRICKWORK goes critical in Dec 2026. Start ACER process in Sep 2026 — before the Q1 rush.
Jaipur Jewels Global Ltd.,ACUITE,Bank Guarantee,A 4,2025-12-24,25.0,Jewellery,Standard,Your Bank Guarantee at ACUITE goes critical in Dec 2026. Start ACER process in Sep 2026 — before the Q1 rush.
Sood Associates Pvt. Ltd.,BRICKWORK,Bank Guarantee,BB,2025-12-24,23.31,Other,Standard,Your Bank Guarantee at BRICKWORK goes critical in Dec 2026. Start ACER process in Sep 2026 — before the Q1 rush.
Pro Flexi Packaging Private Limited,Infomerics,Long Term Bank Facilities,IVR B+ (INC) (Downgraded),2025-12-24,22.55,Paper/Packaging,Standard,Your Infomerics INC rating goes critical in Dec 2026. ACER is your best alternative — no competitor has approached you.
Vinayak Oil & Fats Pvt. Ltd.,CARE,Letter of Credit,A 4,2025-12-24,22.5,Energy,Standard,Your Letter of Credit at CARE goes critical in Dec 2026. Start ACER process in Sep 2026 — before the Q1 rush.
H R Ispat Pvt. Ltd.,CARE,Term Loan,B-,2025-12-24,20.75,Other,Standard,Your Term Loan at CARE goes critical in Dec 2026. Start ACER process in Sep 2026 — before the Q1 rush.
C D R Projects Pvt. Ltd.,ICRA,Non-Fund-Based,A 4,2025-12-24,18.75,Other,Standard,Your Non-Fund-Based at ICRA goes critical in Dec 2026. Start ACER process in Sep 2026 — before the Q1 rush.
Danalakshmi Paper Mills Pvt. Ltd.,ACUITE,Term Loan,B-,2025-12-24,15.0,Agro/Food,Standard,Your Term Loan at ACUITE goes critical in Dec 2026. Start ACER process in Sep 2026 — before the Q1 rush.
Weener Empire Plastics Pvt. Ltd.,ICRA,NCD/Bond,B+/A4,2025-12-24,15.0,Chemicals/Pharma,NCD — SEBI License Required,Your NCD/Bond at ICRA goes critical in Dec 2026. Start ACER process in Sep 2026 — before the Q1 rush.
Navkar Urbanstructure Ltd.,CARE,Bank Guarantee,A 4,2025-12-24,14.0,Other,Standard,Your Bank Guarantee at CARE goes critical in Dec 2026. Start ACER process in Sep 2026 — before the Q1 rush.
Veera Techno Trec Pvt. Ltd.,CRISIL,Bank Guarantee,A 4,2025-12-24,13.5,IT/Technology,Standard,Your Bank Guarantee at CRISIL goes critical in Dec 2026. Start ACER process in Sep 2026 — before the Q1 rush.
Sharu Industries Pvt. Ltd.,CARE,Letter of Credit,A 4,2025-12-24,12.0,Other,Standard,Your Letter of Credit at CARE goes critical in Dec 2026. Start ACER process in Sep 2026 — before the Q1 rush.
Varad Agri-Tech Ltd.,CRISIL,Term Loan,B+,2025-12-24,9.0,IT/Technology,Standard,Your Term Loan at CRISIL goes critical in Dec 2026. Start ACER process in Sep 2026 — before the Q1 rush.
Jayachandran Industries Pvt. Ltd.,ACUITE,Letter of Credit,A 4,2025-12-24,7.0,Other,Standard,Your Letter of Credit at ACUITE goes critical in Dec 2026. Start ACER process in Sep 2026 — before the Q1 rush.
Relcom Technology Pvt. Ltd.,ICRA,Term Loan,B,2025-12-24,5.0,IT/Technology,Standard,Your Term Loan at ICRA goes critical in Dec 2026. Start ACER process in Sep 2026 — before the Q1 rush.
S K S India Pvt. Ltd.,BRICKWORK,Bank Guarantee,A 4,2025-12-24,4.5,Other,Standard,Your Bank Guarantee at BRICKWORK goes critical in Dec 2026. Start ACER process in Sep 2026 — before the Q1 rush.
Vishwa Glass & Ceramics Pvt. Ltd.,CRISIL,Letter of Credit,A 4,2025-12-24,4.0,Other,Standard,Your Letter of Credit at CRISIL goes critical in Dec 2026. Start ACER process in Sep 2026 — before the Q1 rush.
Winner Nippon Leatherette Pvt. Ltd.,ICRA,NCD/Bond,B+/A4,2025-12-24,2.05,Other,NCD — SEBI License Required,Your NCD/Bond at ICRA goes critical in Dec 2026. Start ACER process in Sep 2026 — before the Q1 rush.
Sun Rolling Mills Pvt. Ltd.,CARE,Bank Guarantee,A 4,2025-12-24,1.5,Steel & Metals,Standard,Your Bank Guarantee at CARE goes critical in Dec 2026. Start ACER process in Sep 2026 — before the Q1 rush.
Shriram Power & Steel Pvt. Ltd.,BRICKWORK,Bank Guarantee,A 4,2025-12-24,0.6,Steel & Metals,Standard,Your Bank Guarantee at BRICKWORK goes critical in Dec 2026. Start ACER process in Sep 2026 — before the Q1 rush.
Shree Naman Hotels Pvt. Ltd.,BRICKWORK,Term Loan,BBB+,2025-12-26,395.0,Hotels/Tourism,Standard,Your Term Loan at BRICKWORK goes critical in Dec 2026. Start ACER process in Sep 2026 — before the Q1 rush.
W F B Baird & Co. India Pvt. Ltd.,CARE,Letter of Credit,A 3,2025-12-26,333.0,Other,Standard,Your Letter of Credit at CARE goes critical in Dec 2026. Start ACER process in Sep 2026 — before the Q1 rush.
P C Snehal Construction Pvt. Ltd.,BRICKWORK,Bank Guarantee,A 4,2025-12-26,135.5,Construction,Standard,Your Bank Guarantee at BRICKWORK goes critical in Dec 2026. Start ACER process in Sep 2026 — before the Q1 rush.
Shree Shiddhanath Cotex Private Limited,Infomerics,Long Term Facilities,IVR D (INC) (Reaffirmed),2025-12-26,97.59,Other,Standard,Your Infomerics INC rating goes critical in Dec 2026. ACER is your best alternative — no competitor has approached you.
I G W India Technologies Pvt. Ltd.,CARE,Term Loan,BBB+,2025-12-26,92.21,IT/Technology,Standard,Your Term Loan at CARE goes critical in Dec 2026. Start ACER process in Sep 2026 — before the Q1 rush.
Borana Weaves Ltd.,CARE,Term Loan,BB+,2025-12-26,50.5,Other,Standard,Your Term Loan at CARE goes critical in Dec 2026. Start ACER process in Sep 2026 — before the Q1 rush.
Tirupati Oil Cake Industries Private Limited,Infomerics,Long Term Bank Facilities,IVR C- (INC)(Downgraded),2025-12-26,44.0,Energy,Standard,Your Infomerics INC rating goes critical in Dec 2026. ACER is your best alternative — no competitor has approached you.
M/s Kakda Stone Crusher,Infomerics,Long Term Facilities,IVR B+ (INC)(Downgraded),2025-12-26,25.21,Other,Standard,Your Infomerics INC rating goes critical in Dec 2026. ACER is your best alternative — no competitor has approached you.
Brahmani Developers Pvt. Ltd.,ACUITE,Bank Guarantee,A 4,2025-12-26,21.3,Other,Standard,Your Bank Guarantee at ACUITE goes critical in Dec 2026. Start ACER process in Sep 2026 — before the Q1 rush.
Virtus Exports & Imports Pvt. Ltd.,BRICKWORK,Bank Guarantee,A 4,2025-12-26,20.0,Other,Standard,Your Bank Guarantee at BRICKWORK goes critical in Dec 2026. Start ACER process in Sep 2026 — before the Q1 rush.
Sahastraa Exports Pvt. Ltd.,ICRA,Non-Fund-Based,A 4,2025-12-26,15.0,Other,Standard,Your Non-Fund-Based at ICRA goes critical in Dec 2026. Start ACER process in Sep 2026 — before the Q1 rush.
Safa Systems & Technologies Ltd.,CARE,Bank Guarantee,A 4,2025-12-26,12.5,IT/Technology,Standard,Your Bank Guarantee at CARE goes critical in Dec 2026. Start ACER process in Sep 2026 — before the Q1 rush.
Goombira Tea Co. Ltd.,ACUITE,Term Loan,B-,2025-12-26,7.92,Other,Standard,Your Term Loan at ACUITE goes critical in Dec 2026. Start ACER process in Sep 2026 — before the Q1 rush.
Sharpline Automation Pvt. Ltd.,ICRA,Non-Fund-Based,A 4,2025-12-26,6.0,Manufacturing,Standard,Your Non-Fund-Based at ICRA goes critical in Dec 2026. Start ACER process in Sep 2026 — before the Q1 rush.
Asterix Reinforced Ltd.,CARE,Fund-Based,B-,2025-12-26,5.37,Other,Standard,Your Fund-Based at CARE goes critical in Dec 2026. Start ACER process in Sep 2026 — before the Q1 rush.
S M L P G Cylinders Pvt. Ltd.,ICRA,Non-Fund-Based,A 4,2025-12-26,5.0,Other,Standard,Your Non-Fund-Based at ICRA goes critical in Dec 2026. Start ACER process in Sep 2026 — before the Q1 rush.
Supreme Road Transport Pvt. Ltd.,CARE,Bank Guarantee,A 4,2025-12-26,5.0,Construction,Standard,Your Bank Guarantee at CARE goes critical in Dec 2026. Start ACER process in Sep 2026 — before the Q1 rush.
Tirupati Oil Cake Industries,Infomerics,Long Term Bank Facilities,IVR C- (INC)(Downgraded),2025-12-26,5.0,Energy,Standard,Your Infomerics INC rating goes critical in Dec 2026. ACER is your best alternative — no competitor has approached you.
King Refineries Pvt. Ltd.,CARE,Letter of Credit,A 4,2025-12-26,4.0,Other,Standard,Your Letter of Credit at CARE goes critical in Dec 2026. Start ACER process in Sep 2026 — before the Q1 rush.
N M Foodimpex Pvt. Ltd.,BRICKWORK,NCD/Bond,C,2025-12-26,2.0,Agro/Food,NCD — SEBI License Required,Your NCD/Bond at BRICKWORK goes critical in Dec 2026. Start ACER process in Sep 2026 — before the Q1 rush.
Gajlaxmi Steel Pvt. Ltd.,BRICKWORK,Bank Guarantee,A 4,2025-12-26,1.75,Steel & Metals,Standard,Your Bank Guarantee at BRICKWORK goes critical in Dec 2026. Start ACER process in Sep 2026 — before the Q1 rush.
Aristo Securities Private Limited,Infomerics,Fund Based Bank Facilities â€“ Term Loan,IVR BB+ (INC) (Downgraded),2025-12-29,356.1,Other,Standard,Your Infomerics INC rating goes critical in Dec 2026. ACER is your best alternative — no competitor has approached you.
Sri Bhagirath Textiles Ltd.,ACUITE,Term Loan,BB,2025-12-29,191.89,Textiles,Standard,Your Term Loan at ACUITE goes critical in Dec 2026. Start ACER process in Sep 2026 — before the Q1 rush.
Xrbia Mirth Properties LLP,Infomerics,Long Term Bank Facilities,IVR B- (INC) (Downgraded),2025-12-29,54.96,Other,Standard,Your Infomerics INC rating goes critical in Dec 2026. ACER is your best alternative — no competitor has approached you.
Tirumalla Groundnuts Industries India Private Limited,Infomerics,Long Term Fund Based Facility â€“ Term Loans,IVR D (INC),2025-12-29,51.71,Other,Standard,Your Infomerics INC rating goes critical in Dec 2026. ACER is your best alternative — no competitor has approached you.
Altra Agro Chem Private Limited,Infomerics,Long Term Bank Facilities,IVR B+ (INC) (Downgraded),2025-12-29,44.59,Agro/Food,Standard,Your Infomerics INC rating goes critical in Dec 2026. ACER is your best alternative — no competitor has approached you.
Kilavikulam Rajalakshmi Solar Power Developer Pvt. Ltd.,IND-RA,Term Loan,BB,2025-12-29,38.5,Energy,Standard,Your Term Loan at IND-RA goes critical in Dec 2026. Start ACER process in Sep 2026 — before the Q1 rush.
Shriniwas Spintex Industries Private Limited,Infomerics,Long Term Fund Based Bank Facilities,IVR BB (INC)(Downgraded),2025-12-29,33.03,Other,Standard,Your Infomerics INC rating goes critical in Dec 2026. ACER is your best alternative — no competitor has approached you.
M-Tech Innovations Ltd.,CRISIL,Bank Guarantee,A 4+,2025-12-29,21.4,IT/Technology,Standard,Your Bank Guarantee at CRISIL goes critical in Dec 2026. Start ACER process in Sep 2026 — before the Q1 rush.
Sarna Chemicals Private Limited,Infomerics,Short Term  Non-Fund  Based  Facility â€“ Letter of  Credit,IVR A4+ (INC)(Downgraded),2025-12-29,10.0,Chemicals/Pharma,Standard,Your Infomerics INC rating goes critical in Dec 2026. ACER is your best alternative — no competitor has approached you.
Jet Granito Pvt. Ltd.,BRICKWORK,Bank Guarantee,A 4,2025-12-29,6.5,Other,Standard,Your Bank Guarantee at BRICKWORK goes critical in Dec 2026. Start ACER process in Sep 2026 — before the Q1 rush.
IRP Infra Tech Private Limited,Infomerics,Long Term Bank Facilities,IVR BB- (INC)(Downgraded),2025-12-29,4.98,Construction,Standard,Your Infomerics INC rating goes critical in Dec 2026. ACER is your best alternative — no competitor has approached you.
Renuka Plasti Crafts Pvt. Ltd.,ACUITE,Term Loan,BB+,2025-12-29,2.97,Other,Standard,Your Term Loan at ACUITE goes critical in Dec 2026. Start ACER process in Sep 2026 — before the Q1 rush.
Sri Varadaraja Textiles Pvt. Ltd.,CARE,Term Loan,B-,2025-12-29,0.99,Textiles,Standard,Your Term Loan at CARE goes critical in Dec 2026. Start ACER process in Sep 2026 — before the Q1 rush.
Satma Industries Pvt. Ltd.,BRICKWORK,Term Loan,C,2025-12-29,0.85,Other,Standard,Your Term Loan at BRICKWORK goes critical in Dec 2026. Start ACER process in Sep 2026 — before the Q1 rush.
