Company Name,Agency,Instrument Type,Rating,Rating Date,Current Urgency,Q1_Trigger,Q1_Escalation_Date,Amount_Cr,Sector,Sector,NCD_Flag,Source,Why Target,ACER Pitch Angle,Call_Window,Ghost_HOT_Note
Invreco Pvt. Ltd.,CARE,NCD/Bond,BBB+/A2,2025-12-01,HOT,ULTRA HOT,2026-12-01,250.0,Other,Other,NCD — SEBI License Required,D365,INC rating hits ULTRA HOT on 2026-12-01 — prime Q1 2027 renewal target,Your NCD/Bond at CARE goes critical in Dec 2026. Start ACER process in Sep 2026 — before the Q1 rush.,August 2026 (before Dec ULTRA HOT threshold),Currently HOT — escalates to ULTRA HOT Dec 2026. NOT in October pool. Call August-September.
N S C Projects Pvt. Ld.,CRISIL,Bank Guarantee,A 2,2025-12-01,HOT,ULTRA HOT,2026-12-01,218.0,Other,Construction,Standard,D365,INC rating hits ULTRA HOT on 2026-12-01 — prime Q1 2027 renewal target,Your Bank Guarantee at CRISIL goes critical in Dec 2026. Start ACER process in Sep 2026 — before the Q1 rush.,August 2026 (before Dec ULTRA HOT threshold),Currently HOT — escalates to ULTRA HOT Dec 2026. NOT in October pool. Call August-September.
India Mega Agro Anaj Limited,Infomerics,Long Term Bank Facilities,IVR D (INC) (Reaffirmed),2025-12-01,HOT,ULTRA HOT,2026-12-01,195.9,Agro/Food,Agro/Food,Standard,Infomerics,INC rating hits ULTRA HOT on 2026-12-01 — exclusive Q1 2027 whitespace lead,Your Infomerics INC rating goes critical in Dec 2026. ACER is your best alternative — no competitor has approached you.,August 2026 (before Dec ULTRA HOT threshold),Currently HOT — escalates to ULTRA HOT Dec 2026. NOT in October pool. Call August-September.
S V P Industries Ltd.,BRICKWORK,Fund-Based,BB-,2025-12-01,HOT,ULTRA HOT,2026-12-01,183.91,Other,Manufacturing,Standard,D365,INC rating hits ULTRA HOT on 2026-12-01 — prime Q1 2027 renewal target,Your Fund-Based at BRICKWORK goes critical in Dec 2026. Start ACER process in Sep 2026 — before the Q1 rush.,August 2026 (before Dec ULTRA HOT threshold),Currently HOT — escalates to ULTRA HOT Dec 2026. NOT in October pool. Call August-September.
Dhoot Infrastructure Projects Ltd.,BRICKWORK,Term Loan,B+,2025-12-01,HOT,ULTRA HOT,2026-12-01,110.0,Construction,Construction,Standard,D365,INC rating hits ULTRA HOT on 2026-12-01 — prime Q1 2027 renewal target,Your Term Loan at BRICKWORK goes critical in Dec 2026. Start ACER process in Sep 2026 — before the Q1 rush.,August 2026 (before Dec ULTRA HOT threshold),Currently HOT — escalates to ULTRA HOT Dec 2026. NOT in October pool. Call August-September.
Mohite Industries Limited,Infomerics,Long Term Bank Facilities,IVR BB- (INC) (Downgraded),2025-12-01,HOT,ULTRA HOT,2026-12-01,86.15,Other,Manufacturing,Standard,Infomerics,INC rating hits ULTRA HOT on 2026-12-01 — exclusive Q1 2027 whitespace lead,Your Infomerics INC rating goes critical in Dec 2026. ACER is your best alternative — no competitor has approached you.,August 2026 (before Dec ULTRA HOT threshold),Currently HOT — escalates to ULTRA HOT Dec 2026. NOT in October pool. Call August-September.
Narayani Coke Pvt. Ltd.,CARE,Bank Guarantee,A 4,2025-12-01,HOT,ULTRA HOT,2026-12-01,79.0,Other,Other,Standard,D365,INC rating hits ULTRA HOT on 2026-12-01 — prime Q1 2027 renewal target,Your Bank Guarantee at CARE goes critical in Dec 2026. Start ACER process in Sep 2026 — before the Q1 rush.,August 2026 (before Dec ULTRA HOT threshold),Currently HOT — escalates to ULTRA HOT Dec 2026. NOT in October pool. Call August-September.
Kapeeshwar Sugars & Chemicals Ltd.,IND-RA,Term Loan,BB,2025-12-01,HOT,ULTRA HOT,2026-12-01,74.5,Agro/Food,Agro/Food,Standard,D365,INC rating hits ULTRA HOT on 2026-12-01 — prime Q1 2027 renewal target,Your Term Loan at IND-RA goes critical in Dec 2026. Start ACER process in Sep 2026 — before the Q1 rush.,August 2026 (before Dec ULTRA HOT threshold),Currently HOT — escalates to ULTRA HOT Dec 2026. NOT in October pool. Call August-September.
Viswaat Chemicals Ltd.,CARE,Term Loan,BB,2025-12-01,HOT,ULTRA HOT,2026-12-01,61.46,Chemicals/Pharma,Chemicals/Pharma,Standard,D365,INC rating hits ULTRA HOT on 2026-12-01 — prime Q1 2027 renewal target,Your Term Loan at CARE goes critical in Dec 2026. Start ACER process in Sep 2026 — before the Q1 rush.,August 2026 (before Dec ULTRA HOT threshold),Currently HOT — escalates to ULTRA HOT Dec 2026. NOT in October pool. Call August-September.
Viswaat Chemicals Ltd.,CARE,NCD/Bond,BB/A4,2025-12-01,HOT,ULTRA HOT,2026-12-01,44.0,Chemicals/Pharma,Chemicals/Pharma,NCD — SEBI License Required,D365,INC rating hits ULTRA HOT on 2026-12-01 — prime Q1 2027 renewal target,Your NCD/Bond at CARE goes critical in Dec 2026. Start ACER process in Sep 2026 — before the Q1 rush.,August 2026 (before Dec ULTRA HOT threshold),Currently HOT — escalates to ULTRA HOT Dec 2026. NOT in October pool. Call August-September.
Indraprastha Foods Limited,Infomerics,Long Term Bank Facilities,IVR B (INC) (Downgraded),2025-12-01,HOT,ULTRA HOT,2026-12-01,42.25,Agro/Food,Agro/Food,Standard,Infomerics,INC rating hits ULTRA HOT on 2026-12-01 — exclusive Q1 2027 whitespace lead,Your Infomerics INC rating goes critical in Dec 2026. ACER is your best alternative — no competitor has approached you.,August 2026 (before Dec ULTRA HOT threshold),Currently HOT — escalates to ULTRA HOT Dec 2026. NOT in October pool. Call August-September.
Chandresh Cables Ltd.,ACUITE,Term Loan,BB+,2025-12-01,HOT,ULTRA HOT,2026-12-01,31.16,Other,Other,Standard,D365,INC rating hits ULTRA HOT on 2026-12-01 — prime Q1 2027 renewal target,Your Term Loan at ACUITE goes critical in Dec 2026. Start ACER process in Sep 2026 — before the Q1 rush.,August 2026 (before Dec ULTRA HOT threshold),Currently HOT — escalates to ULTRA HOT Dec 2026. NOT in October pool. Call August-September.
A B Grain Spirits Pvt. Ltd.,BRICKWORK,Bank Guarantee,A 4,2025-12-01,HOT,ULTRA HOT,2026-12-01,28.0,Agro/Food,Agro/Food,Standard,D365,INC rating hits ULTRA HOT on 2026-12-01 — prime Q1 2027 renewal target,Your Bank Guarantee at BRICKWORK goes critical in Dec 2026. Start ACER process in Sep 2026 — before the Q1 rush.,August 2026 (before Dec ULTRA HOT threshold),Currently HOT — escalates to ULTRA HOT Dec 2026. NOT in October pool. Call August-September.
Jagaran Microfin Pvt. Ltd.,ACUITE,Term Loan,BB,2025-12-01,HOT,ULTRA HOT,2026-12-01,27.5,BFSI,BFSI,Standard,D365,INC rating hits ULTRA HOT on 2026-12-01 — prime Q1 2027 renewal target,Your Term Loan at ACUITE goes critical in Dec 2026. Start ACER process in Sep 2026 — before the Q1 rush.,August 2026 (before Dec ULTRA HOT threshold),Currently HOT — escalates to ULTRA HOT Dec 2026. NOT in October pool. Call August-September.
J R M Foods Pvt. Ltd.,BRICKWORK,Fund-Based,A 4,2025-12-01,HOT,ULTRA HOT,2026-12-01,25.0,Agro/Food,Agro/Food,Standard,D365,INC rating hits ULTRA HOT on 2026-12-01 — prime Q1 2027 renewal target,Your Fund-Based at BRICKWORK goes critical in Dec 2026. Start ACER process in Sep 2026 — before the Q1 rush.,August 2026 (before Dec ULTRA HOT threshold),Currently HOT — escalates to ULTRA HOT Dec 2026. NOT in October pool. Call August-September.
Turbhe Chemicals Pvt. Ltd.,CARE,NCD/Bond,B+/A4,2025-12-01,HOT,ULTRA HOT,2026-12-01,21.0,Chemicals/Pharma,Chemicals/Pharma,NCD — SEBI License Required,D365,INC rating hits ULTRA HOT on 2026-12-01 — prime Q1 2027 renewal target,Your NCD/Bond at CARE goes critical in Dec 2026. Start ACER process in Sep 2026 — before the Q1 rush.,August 2026 (before Dec ULTRA HOT threshold),Currently HOT — escalates to ULTRA HOT Dec 2026. NOT in October pool. Call August-September.
Inox World Inds. Pvt. Ltd.,BRICKWORK,Term Loan,C,2025-12-01,HOT,ULTRA HOT,2026-12-01,20.0,Other,Other,Standard,D365,INC rating hits ULTRA HOT on 2026-12-01 — prime Q1 2027 renewal target,Your Term Loan at BRICKWORK goes critical in Dec 2026. Start ACER process in Sep 2026 — before the Q1 rush.,August 2026 (before Dec ULTRA HOT threshold),Currently HOT — escalates to ULTRA HOT Dec 2026. NOT in October pool. Call August-September.
Mehar Mediserve LLP,Infomerics,Long Term Bank Facilities,IVR C+ (INC) (Downgraded),2025-12-01,HOT,ULTRA HOT,2026-12-01,20.0,Other,Other,Standard,Infomerics,INC rating hits ULTRA HOT on 2026-12-01 — exclusive Q1 2027 whitespace lead,Your Infomerics INC rating goes critical in Dec 2026. ACER is your best alternative — no competitor has approached you.,August 2026 (before Dec ULTRA HOT threshold),Currently HOT — escalates to ULTRA HOT Dec 2026. NOT in October pool. Call August-September.
Mathan Caar Decors,Infomerics,Long Term Bank Facilities,IVR B- (INC) (Downgraded),2025-12-01,HOT,ULTRA HOT,2026-12-01,20.0,Other,Other,Standard,Infomerics,INC rating hits ULTRA HOT on 2026-12-01 — exclusive Q1 2027 whitespace lead,Your Infomerics INC rating goes critical in Dec 2026. ACER is your best alternative — no competitor has approached you.,August 2026 (before Dec ULTRA HOT threshold),Currently HOT — escalates to ULTRA HOT Dec 2026. NOT in October pool. Call August-September.
Vision India Tech Services Limited (Erstwhile Vision India Software Exports Limited),Infomerics,Short Term Bank Facilities,IVR A4 (INC) (Reaffirmed),2025-12-01,HOT,ULTRA HOT,2026-12-01,18.48,IT/Technology,IT/Technology,Standard,Infomerics,INC rating hits ULTRA HOT on 2026-12-01 — exclusive Q1 2027 whitespace lead,Your Infomerics INC rating goes critical in Dec 2026. ACER is your best alternative — no competitor has approached you.,August 2026 (before Dec ULTRA HOT threshold),Currently HOT — escalates to ULTRA HOT Dec 2026. NOT in October pool. Call August-September.
Livenza Granito LLP,Infomerics,Long Term Bank Facilities,IVR B+ (INC) (Downgraded),2025-12-01,HOT,ULTRA HOT,2026-12-01,16.33,Other,Other,Standard,Infomerics,INC rating hits ULTRA HOT on 2026-12-01 — exclusive Q1 2027 whitespace lead,Your Infomerics INC rating goes critical in Dec 2026. ACER is your best alternative — no competitor has approached you.,August 2026 (before Dec ULTRA HOT threshold),Currently HOT — escalates to ULTRA HOT Dec 2026. NOT in October pool. Call August-September.
Orient Steel & Inds. Ltd.,ACUITE,Letter of Credit,A 4,2025-12-01,HOT,ULTRA HOT,2026-12-01,12.0,Steel & Metals,Steel & Metals,Standard,D365,INC rating hits ULTRA HOT on 2026-12-01 — prime Q1 2027 renewal target,Your Letter of Credit at ACUITE goes critical in Dec 2026. Start ACER process in Sep 2026 — before the Q1 rush.,August 2026 (before Dec ULTRA HOT threshold),Currently HOT — escalates to ULTRA HOT Dec 2026. NOT in October pool. Call August-September.
Jagaran Microfin Pvt. Ltd.,ACUITE,Term Loan,BB,2025-12-01,HOT,ULTRA HOT,2026-12-01,11.35,BFSI,BFSI,Standard,D365,INC rating hits ULTRA HOT on 2026-12-01 — prime Q1 2027 renewal target,Your Term Loan at ACUITE goes critical in Dec 2026. Start ACER process in Sep 2026 — before the Q1 rush.,August 2026 (before Dec ULTRA HOT threshold),Currently HOT — escalates to ULTRA HOT Dec 2026. NOT in October pool. Call August-September.
Sunil Sponge Pvt. Ltd.,CARE,Letter of Credit,A 4,2025-12-01,HOT,ULTRA HOT,2026-12-01,10.0,Other,Steel & Metals,Standard,D365,INC rating hits ULTRA HOT on 2026-12-01 — prime Q1 2027 renewal target,Your Letter of Credit at CARE goes critical in Dec 2026. Start ACER process in Sep 2026 — before the Q1 rush.,August 2026 (before Dec ULTRA HOT threshold),Currently HOT — escalates to ULTRA HOT Dec 2026. NOT in October pool. Call August-September.
Narayani Coke Pvt. Ltd.,CARE,NCD/Bond,BB+/A4+,2025-12-01,HOT,ULTRA HOT,2026-12-01,9.0,Other,Other,NCD — SEBI License Required,D365,INC rating hits ULTRA HOT on 2026-12-01 — prime Q1 2027 renewal target,Your NCD/Bond at CARE goes critical in Dec 2026. Start ACER process in Sep 2026 — before the Q1 rush.,August 2026 (before Dec ULTRA HOT threshold),Currently HOT — escalates to ULTRA HOT Dec 2026. NOT in October pool. Call August-September.
J R M Foods Pvt. Ltd.,BRICKWORK,Term Loan,B+,2025-12-01,HOT,ULTRA HOT,2026-12-01,8.25,Agro/Food,Agro/Food,Standard,D365,INC rating hits ULTRA HOT on 2026-12-01 — prime Q1 2027 renewal target,Your Term Loan at BRICKWORK goes critical in Dec 2026. Start ACER process in Sep 2026 — before the Q1 rush.,August 2026 (before Dec ULTRA HOT threshold),Currently HOT — escalates to ULTRA HOT Dec 2026. NOT in October pool. Call August-September.
Adachi Natural Polymer Ltd.,CARE,NCD/Bond,B-/A4,2025-12-01,HOT,ULTRA HOT,2026-12-01,6.5,Chemicals/Pharma,Chemicals/Pharma,NCD — SEBI License Required,D365,INC rating hits ULTRA HOT on 2026-12-01 — prime Q1 2027 renewal target,Your NCD/Bond at CARE goes critical in Dec 2026. Start ACER process in Sep 2026 — before the Q1 rush.,August 2026 (before Dec ULTRA HOT threshold),Currently HOT — escalates to ULTRA HOT Dec 2026. NOT in October pool. Call August-September.
Vision India Tech Services Limited (Erstwhile Vision India Software Exports Limited),Infomerics,Long Term Bank Facilities,IVR B (INC) (Downgraded),2025-12-01,HOT,ULTRA HOT,2026-12-01,5.9,IT/Technology,IT/Technology,Standard,Infomerics,INC rating hits ULTRA HOT on 2026-12-01 — exclusive Q1 2027 whitespace lead,Your Infomerics INC rating goes critical in Dec 2026. ACER is your best alternative — no competitor has approached you.,August 2026 (before Dec ULTRA HOT threshold),Currently HOT — escalates to ULTRA HOT Dec 2026. NOT in October pool. Call August-September.
Chandresh Cables Ltd.,ACUITE,Letter of Credit,A 4+,2025-12-01,HOT,ULTRA HOT,2026-12-01,5.5,Other,Other,Standard,D365,INC rating hits ULTRA HOT on 2026-12-01 — prime Q1 2027 renewal target,Your Letter of Credit at ACUITE goes critical in Dec 2026. Start ACER process in Sep 2026 — before the Q1 rush.,August 2026 (before Dec ULTRA HOT threshold),Currently HOT — escalates to ULTRA HOT Dec 2026. NOT in October pool. Call August-September.
G D Dyestuff Inds. Ltd.,IND-RA,Letter of Credit,A 4,2025-12-01,HOT,ULTRA HOT,2026-12-01,5.0,Other,Chemicals/Pharma,Standard,D365,INC rating hits ULTRA HOT on 2026-12-01 — prime Q1 2027 renewal target,Your Letter of Credit at IND-RA goes critical in Dec 2026. Start ACER process in Sep 2026 — before the Q1 rush.,August 2026 (before Dec ULTRA HOT threshold),Currently HOT — escalates to ULTRA HOT Dec 2026. NOT in October pool. Call August-September.
Yash Metal Impex Pvt. Ltd.,ACUITE,Letter of Credit,A 4,2025-12-01,HOT,ULTRA HOT,2026-12-01,4.25,Steel & Metals,Steel & Metals,Standard,D365,INC rating hits ULTRA HOT on 2026-12-01 — prime Q1 2027 renewal target,Your Letter of Credit at ACUITE goes critical in Dec 2026. Start ACER process in Sep 2026 — before the Q1 rush.,August 2026 (before Dec ULTRA HOT threshold),Currently HOT — escalates to ULTRA HOT Dec 2026. NOT in October pool. Call August-September.
Chandresh Cables Ltd.,ACUITE,Bank Guarantee,A 4+,2025-12-01,HOT,ULTRA HOT,2026-12-01,4.0,Other,Other,Standard,D365,INC rating hits ULTRA HOT on 2026-12-01 — prime Q1 2027 renewal target,Your Bank Guarantee at ACUITE goes critical in Dec 2026. Start ACER process in Sep 2026 — before the Q1 rush.,August 2026 (before Dec ULTRA HOT threshold),Currently HOT — escalates to ULTRA HOT Dec 2026. NOT in October pool. Call August-September.
S V P Industries Ltd.,BRICKWORK,Non-Fund-Based,A 4,2025-12-01,HOT,ULTRA HOT,2026-12-01,4.0,Other,Manufacturing,Standard,D365,INC rating hits ULTRA HOT on 2026-12-01 — prime Q1 2027 renewal target,Your Non-Fund-Based at BRICKWORK goes critical in Dec 2026. Start ACER process in Sep 2026 — before the Q1 rush.,August 2026 (before Dec ULTRA HOT threshold),Currently HOT — escalates to ULTRA HOT Dec 2026. NOT in October pool. Call August-September.
Livenza Granito LLP,Infomerics,Short Term Bank Facilities,IVR A4 (INC) (Reaffirmed),2025-12-01,HOT,ULTRA HOT,2026-12-01,4.0,Other,Other,Standard,Infomerics,INC rating hits ULTRA HOT on 2026-12-01 — exclusive Q1 2027 whitespace lead,Your Infomerics INC rating goes critical in Dec 2026. ACER is your best alternative — no competitor has approached you.,August 2026 (before Dec ULTRA HOT threshold),Currently HOT — escalates to ULTRA HOT Dec 2026. NOT in October pool. Call August-September.
Orient Steel & Inds. Ltd.,ACUITE,Bank Guarantee,A 4,2025-12-01,HOT,ULTRA HOT,2026-12-01,3.5,Steel & Metals,Steel & Metals,Standard,D365,INC rating hits ULTRA HOT on 2026-12-01 — prime Q1 2027 renewal target,Your Bank Guarantee at ACUITE goes critical in Dec 2026. Start ACER process in Sep 2026 — before the Q1 rush.,August 2026 (before Dec ULTRA HOT threshold),Currently HOT — escalates to ULTRA HOT Dec 2026. NOT in October pool. Call August-September.
Ronak Processors Pvt. Ltd.,CARE,Term Loan,B-,2025-12-01,HOT,ULTRA HOT,2026-12-01,3.44,Other,Other,Standard,D365,INC rating hits ULTRA HOT on 2026-12-01 — prime Q1 2027 renewal target,Your Term Loan at CARE goes critical in Dec 2026. Start ACER process in Sep 2026 — before the Q1 rush.,August 2026 (before Dec ULTRA HOT threshold),Currently HOT — escalates to ULTRA HOT Dec 2026. NOT in October pool. Call August-September.
Viswaat Chemicals Ltd.,CARE,NCD/Bond,BB/A4,2025-12-01,HOT,ULTRA HOT,2026-12-01,3.0,Chemicals/Pharma,Chemicals/Pharma,NCD — SEBI License Required,D365,INC rating hits ULTRA HOT on 2026-12-01 — prime Q1 2027 renewal target,Your NCD/Bond at CARE goes critical in Dec 2026. Start ACER process in Sep 2026 — before the Q1 rush.,August 2026 (before Dec ULTRA HOT threshold),Currently HOT — escalates to ULTRA HOT Dec 2026. NOT in October pool. Call August-September.
A B Grain Spirits Pvt. Ltd.,BRICKWORK,Term Loan,B+,2025-12-01,HOT,ULTRA HOT,2026-12-01,2.84,Agro/Food,Agro/Food,Standard,D365,INC rating hits ULTRA HOT on 2026-12-01 — prime Q1 2027 renewal target,Your Term Loan at BRICKWORK goes critical in Dec 2026. Start ACER process in Sep 2026 — before the Q1 rush.,August 2026 (before Dec ULTRA HOT threshold),Currently HOT — escalates to ULTRA HOT Dec 2026. NOT in October pool. Call August-September.
Alfa-Therm Ltd.,CARE,NCD/Bond,B-/A4,2025-12-01,HOT,ULTRA HOT,2026-12-01,2.67,Other,Other,NCD — SEBI License Required,D365,INC rating hits ULTRA HOT on 2026-12-01 — prime Q1 2027 renewal target,Your NCD/Bond at CARE goes critical in Dec 2026. Start ACER process in Sep 2026 — before the Q1 rush.,August 2026 (before Dec ULTRA HOT threshold),Currently HOT — escalates to ULTRA HOT Dec 2026. NOT in October pool. Call August-September.
Adachi Natural Polymer Ltd.,CARE,Term Loan,B-,2025-12-01,HOT,ULTRA HOT,2026-12-01,2.45,Chemicals/Pharma,Chemicals/Pharma,Standard,D365,INC rating hits ULTRA HOT on 2026-12-01 — prime Q1 2027 renewal target,Your Term Loan at CARE goes critical in Dec 2026. Start ACER process in Sep 2026 — before the Q1 rush.,August 2026 (before Dec ULTRA HOT threshold),Currently HOT — escalates to ULTRA HOT Dec 2026. NOT in October pool. Call August-September.
G D Dyestuff Inds. Ltd.,IND-RA,Term Loan,B+,2025-12-01,HOT,ULTRA HOT,2026-12-01,2.38,Other,Chemicals/Pharma,Standard,D365,INC rating hits ULTRA HOT on 2026-12-01 — prime Q1 2027 renewal target,Your Term Loan at IND-RA goes critical in Dec 2026. Start ACER process in Sep 2026 — before the Q1 rush.,August 2026 (before Dec ULTRA HOT threshold),Currently HOT — escalates to ULTRA HOT Dec 2026. NOT in October pool. Call August-September.
Ronak Processors Pvt. Ltd.,CARE,Term Loan,B-,2025-12-01,HOT,ULTRA HOT,2026-12-01,2.24,Other,Other,Standard,D365,INC rating hits ULTRA HOT on 2026-12-01 — prime Q1 2027 renewal target,Your Term Loan at CARE goes critical in Dec 2026. Start ACER process in Sep 2026 — before the Q1 rush.,August 2026 (before Dec ULTRA HOT threshold),Currently HOT — escalates to ULTRA HOT Dec 2026. NOT in October pool. Call August-September.
Mohite Industries Limited,Infomerics,Short Term Bank Facilities,IVR A4 (INC) (Reaffirmed),2025-12-01,HOT,ULTRA HOT,2026-12-01,2.0,Other,Manufacturing,Standard,Infomerics,INC rating hits ULTRA HOT on 2026-12-01 — exclusive Q1 2027 whitespace lead,Your Infomerics INC rating goes critical in Dec 2026. ACER is your best alternative — no competitor has approached you.,August 2026 (before Dec ULTRA HOT threshold),Currently HOT — escalates to ULTRA HOT Dec 2026. NOT in October pool. Call August-September.
Turbhe Chemicals Pvt. Ltd.,CARE,Term Loan,B+,2025-12-01,HOT,ULTRA HOT,2026-12-01,1.68,Chemicals/Pharma,Chemicals/Pharma,Standard,D365,INC rating hits ULTRA HOT on 2026-12-01 — prime Q1 2027 renewal target,Your Term Loan at CARE goes critical in Dec 2026. Start ACER process in Sep 2026 — before the Q1 rush.,August 2026 (before Dec ULTRA HOT threshold),Currently HOT — escalates to ULTRA HOT Dec 2026. NOT in October pool. Call August-September.
Aryavrata Steel Pvt. Ltd.,ACUITE,Bank Guarantee,A 4,2025-12-01,HOT,ULTRA HOT,2026-12-01,1.5,Steel & Metals,Steel & Metals,Standard,D365,INC rating hits ULTRA HOT on 2026-12-01 — prime Q1 2027 renewal target,Your Bank Guarantee at ACUITE goes critical in Dec 2026. Start ACER process in Sep 2026 — before the Q1 rush.,August 2026 (before Dec ULTRA HOT threshold),Currently HOT — escalates to ULTRA HOT Dec 2026. NOT in October pool. Call August-September.
Sonamoti Agrotech Pvt. Ltd.,CARE,Term Loan,B-,2025-12-01,HOT,ULTRA HOT,2026-12-01,1.23,Agro/Food,Agro/Food,Standard,D365,INC rating hits ULTRA HOT on 2026-12-01 — prime Q1 2027 renewal target,Your Term Loan at CARE goes critical in Dec 2026. Start ACER process in Sep 2026 — before the Q1 rush.,August 2026 (before Dec ULTRA HOT threshold),Currently HOT — escalates to ULTRA HOT Dec 2026. NOT in October pool. Call August-September.
Turbhe Chemicals Pvt. Ltd.,CARE,Term Loan,B+,2025-12-01,HOT,ULTRA HOT,2026-12-01,1.21,Chemicals/Pharma,Chemicals/Pharma,Standard,D365,INC rating hits ULTRA HOT on 2026-12-01 — prime Q1 2027 renewal target,Your Term Loan at CARE goes critical in Dec 2026. Start ACER process in Sep 2026 — before the Q1 rush.,August 2026 (before Dec ULTRA HOT threshold),Currently HOT — escalates to ULTRA HOT Dec 2026. NOT in October pool. Call August-September.
Indraprastha Foods Limited,Infomerics,Short Term Bank Facilities,IVR A4 (INC) (Reaffirmed),2025-12-01,HOT,ULTRA HOT,2026-12-01,0.75,Agro/Food,Agro/Food,Standard,Infomerics,INC rating hits ULTRA HOT on 2026-12-01 — exclusive Q1 2027 whitespace lead,Your Infomerics INC rating goes critical in Dec 2026. ACER is your best alternative — no competitor has approached you.,August 2026 (before Dec ULTRA HOT threshold),Currently HOT — escalates to ULTRA HOT Dec 2026. NOT in October pool. Call August-September.
T C S & Associates Pvt. Ltd.,ICRA,Term Loan,B+,2025-12-01,HOT,ULTRA HOT,2026-12-01,0.71,Other,Other,Standard,D365,INC rating hits ULTRA HOT on 2026-12-01 — prime Q1 2027 renewal target,Your Term Loan at ICRA goes critical in Dec 2026. Start ACER process in Sep 2026 — before the Q1 rush.,August 2026 (before Dec ULTRA HOT threshold),Currently HOT — escalates to ULTRA HOT Dec 2026. NOT in October pool. Call August-September.
Inox World Inds. Pvt. Ltd.,BRICKWORK,Bank Guarantee,A 4,2025-12-01,HOT,ULTRA HOT,2026-12-01,0.4,Other,Other,Standard,D365,INC rating hits ULTRA HOT on 2026-12-01 — prime Q1 2027 renewal target,Your Bank Guarantee at BRICKWORK goes critical in Dec 2026. Start ACER process in Sep 2026 — before the Q1 rush.,August 2026 (before Dec ULTRA HOT threshold),Currently HOT — escalates to ULTRA HOT Dec 2026. NOT in October pool. Call August-September.
G D Dyestuff Inds. Ltd.,IND-RA,Bank Guarantee,A 4,2025-12-01,HOT,ULTRA HOT,2026-12-01,0.3,Other,Chemicals/Pharma,Standard,D365,INC rating hits ULTRA HOT on 2026-12-01 — prime Q1 2027 renewal target,Your Bank Guarantee at IND-RA goes critical in Dec 2026. Start ACER process in Sep 2026 — before the Q1 rush.,August 2026 (before Dec ULTRA HOT threshold),Currently HOT — escalates to ULTRA HOT Dec 2026. NOT in October pool. Call August-September.
Adachi Natural Polymer Ltd.,CARE,Non-Fund-Based,A 4,2025-12-01,HOT,ULTRA HOT,2026-12-01,0.04,Chemicals/Pharma,Chemicals/Pharma,Standard,D365,INC rating hits ULTRA HOT on 2026-12-01 — prime Q1 2027 renewal target,Your Non-Fund-Based at CARE goes critical in Dec 2026. Start ACER process in Sep 2026 — before the Q1 rush.,August 2026 (before Dec ULTRA HOT threshold),Currently HOT — escalates to ULTRA HOT Dec 2026. NOT in October pool. Call August-September.
Krishna Constellation Pvt. Ltd.,CRISIL,Bank Guarantee,A 4+,2025-12-02,HOT,ULTRA HOT,2026-12-02,223.0,Other,Other,Standard,D365,INC rating hits ULTRA HOT on 2026-12-02 — prime Q1 2027 renewal target,Your Bank Guarantee at CRISIL goes critical in Dec 2026. Start ACER process in Sep 2026 — before the Q1 rush.,August 2026 (before Dec ULTRA HOT threshold),Currently HOT — escalates to ULTRA HOT Dec 2026. NOT in October pool. Call August-September.
Laxmiroop Private Limited,Infomerics,Long Term Bank Facilities,IVR D (INC) (Reaffirmed),2025-12-02,HOT,ULTRA HOT,2026-12-02,123.56,Other,Other,Standard,Infomerics,INC rating hits ULTRA HOT on 2026-12-02 — exclusive Q1 2027 whitespace lead,Your Infomerics INC rating goes critical in Dec 2026. ACER is your best alternative — no competitor has approached you.,August 2026 (before Dec ULTRA HOT threshold),Currently HOT — escalates to ULTRA HOT Dec 2026. NOT in October pool. Call August-September.
Manohar Lal Sarraf & Sons Jewellers Pvt. Ltd.,CARE,NCD/Bond,BB+/A4,2025-12-02,HOT,ULTRA HOT,2026-12-02,83.0,Jewellery,Jewellery,NCD — SEBI License Required,D365,INC rating hits ULTRA HOT on 2026-12-02 — prime Q1 2027 renewal target,Your NCD/Bond at CARE goes critical in Dec 2026. Start ACER process in Sep 2026 — before the Q1 rush.,August 2026 (before Dec ULTRA HOT threshold),Currently HOT — escalates to ULTRA HOT Dec 2026. NOT in October pool. Call August-September.
M R L Tyres Ltd.,CRISIL,Letter of Credit,A 4+,2025-12-02,HOT,ULTRA HOT,2026-12-02,65.0,Other,Automobiles,Standard,D365,INC rating hits ULTRA HOT on 2026-12-02 — prime Q1 2027 renewal target,Your Letter of Credit at CRISIL goes critical in Dec 2026. Start ACER process in Sep 2026 — before the Q1 rush.,August 2026 (before Dec ULTRA HOT threshold),Currently HOT — escalates to ULTRA HOT Dec 2026. NOT in October pool. Call August-September.
Meenakshi Ammal Trust,Infomerics,Long Term Bank Facilities,IVR B+ (INC) (Downgraded),2025-12-02,HOT,ULTRA HOT,2026-12-02,55.0,Other,Other,Standard,Infomerics,INC rating hits ULTRA HOT on 2026-12-02 — exclusive Q1 2027 whitespace lead,Your Infomerics INC rating goes critical in Dec 2026. ACER is your best alternative — no competitor has approached you.,August 2026 (before Dec ULTRA HOT threshold),Currently HOT — escalates to ULTRA HOT Dec 2026. NOT in October pool. Call August-September.
Meenakshi Ammal Trust,Infomerics,Long Term Bank Facilities,IVR B+ (INC) (Downgraded),2025-12-02,HOT,ULTRA HOT,2026-12-02,55.0,Other,Other,Standard,Infomerics,INC rating hits ULTRA HOT on 2026-12-02 — exclusive Q1 2027 whitespace lead,Your Infomerics INC rating goes critical in Dec 2026. ACER is your best alternative — no competitor has approached you.,August 2026 (before Dec ULTRA HOT threshold),Currently HOT — escalates to ULTRA HOT Dec 2026. NOT in October pool. Call August-September.
Goodwill Advance Construction Company Private Limited,Infomerics,Short Term Bank Facility,IVR A4+ (INC)(Downgraded),2025-12-02,HOT,ULTRA HOT,2026-12-02,40.0,Construction,Construction,Standard,Infomerics,INC rating hits ULTRA HOT on 2026-12-02 — exclusive Q1 2027 whitespace lead,Your Infomerics INC rating goes critical in Dec 2026. ACER is your best alternative — no competitor has approached you.,August 2026 (before Dec ULTRA HOT threshold),Currently HOT — escalates to ULTRA HOT Dec 2026. NOT in October pool. Call August-September.
K S D Construction,Infomerics,Short Term Bank Facilities,IVR A4 (INC) (Reaffirmed),2025-12-02,HOT,ULTRA HOT,2026-12-02,39.0,Construction,Construction,Standard,Infomerics,INC rating hits ULTRA HOT on 2026-12-02 — exclusive Q1 2027 whitespace lead,Your Infomerics INC rating goes critical in Dec 2026. ACER is your best alternative — no competitor has approached you.,August 2026 (before Dec ULTRA HOT threshold),Currently HOT — escalates to ULTRA HOT Dec 2026. NOT in October pool. Call August-September.
Sri Satyanarayana Raw And Boiled Rice Mill Pvt. Ltd.,ACUITE,Term Loan,B-,2025-12-02,HOT,ULTRA HOT,2026-12-02,33.0,Agro/Food,Agro/Food,Standard,D365,INC rating hits ULTRA HOT on 2026-12-02 — prime Q1 2027 renewal target,Your Term Loan at ACUITE goes critical in Dec 2026. Start ACER process in Sep 2026 — before the Q1 rush.,August 2026 (before Dec ULTRA HOT threshold),Currently HOT — escalates to ULTRA HOT Dec 2026. NOT in October pool. Call August-September.
Fuji Silvertech Concrete Pvt. Ltd.,BRICKWORK,Bank Guarantee,A 4,2025-12-02,HOT,ULTRA HOT,2026-12-02,30.0,IT/Technology,IT/Technology,Standard,D365,INC rating hits ULTRA HOT on 2026-12-02 — prime Q1 2027 renewal target,Your Bank Guarantee at BRICKWORK goes critical in Dec 2026. Start ACER process in Sep 2026 — before the Q1 rush.,August 2026 (before Dec ULTRA HOT threshold),Currently HOT — escalates to ULTRA HOT Dec 2026. NOT in October pool. Call August-September.
Fuji Silvertech Concrete Pvt. Ltd.,BRICKWORK,Term Loan,BB,2025-12-02,HOT,ULTRA HOT,2026-12-02,27.48,IT/Technology,IT/Technology,Standard,D365,INC rating hits ULTRA HOT on 2026-12-02 — prime Q1 2027 renewal target,Your Term Loan at BRICKWORK goes critical in Dec 2026. Start ACER process in Sep 2026 — before the Q1 rush.,August 2026 (before Dec ULTRA HOT threshold),Currently HOT — escalates to ULTRA HOT Dec 2026. NOT in October pool. Call August-September.
M R L Tyres Ltd.,CRISIL,Term Loan,BB+,2025-12-02,HOT,ULTRA HOT,2026-12-02,27.0,Other,Automobiles,Standard,D365,INC rating hits ULTRA HOT on 2026-12-02 — prime Q1 2027 renewal target,Your Term Loan at CRISIL goes critical in Dec 2026. Start ACER process in Sep 2026 — before the Q1 rush.,August 2026 (before Dec ULTRA HOT threshold),Currently HOT — escalates to ULTRA HOT Dec 2026. NOT in October pool. Call August-September.
Goodwill Advance Construction Company Private Limited,Infomerics,Long Term Bank Facilities,IVR BB+ (INC)(Downgraded),2025-12-02,HOT,ULTRA HOT,2026-12-02,26.61,Construction,Construction,Standard,Infomerics,INC rating hits ULTRA HOT on 2026-12-02 — exclusive Q1 2027 whitespace lead,Your Infomerics INC rating goes critical in Dec 2026. ACER is your best alternative — no competitor has approached you.,August 2026 (before Dec ULTRA HOT threshold),Currently HOT — escalates to ULTRA HOT Dec 2026. NOT in October pool. Call August-September.
OP Gupta Contractor Private Limited,Infomerics,Short Term Bank Facility,IVR A4 (INC) (Reaffirmed),2025-12-02,HOT,ULTRA HOT,2026-12-02,25.0,Construction,Construction,Standard,Infomerics,INC rating hits ULTRA HOT on 2026-12-02 — exclusive Q1 2027 whitespace lead,Your Infomerics INC rating goes critical in Dec 2026. ACER is your best alternative — no competitor has approached you.,August 2026 (before Dec ULTRA HOT threshold),Currently HOT — escalates to ULTRA HOT Dec 2026. NOT in October pool. Call August-September.
Sewa Singh Oberoi and Company,Infomerics,Short Term Bank Facility,IVR A4 (INC) (Reaffirmed),2025-12-02,HOT,ULTRA HOT,2026-12-02,21.0,Other,Other,Standard,Infomerics,INC rating hits ULTRA HOT on 2026-12-02 — exclusive Q1 2027 whitespace lead,Your Infomerics INC rating goes critical in Dec 2026. ACER is your best alternative — no competitor has approached you.,August 2026 (before Dec ULTRA HOT threshold),Currently HOT — escalates to ULTRA HOT Dec 2026. NOT in October pool. Call August-September.
SVR Electricals Private Limited,Infomerics,Proposed Long Term/Short Term Non-Fund Based Bank Facility - Bank Guarantee,IVR C/IVR A4; (INC) (Downgraded/Reaffirmed),2025-12-02,HOT,ULTRA HOT,2026-12-02,18.75,Energy,Energy,Standard,Infomerics,INC rating hits ULTRA HOT on 2026-12-02 — exclusive Q1 2027 whitespace lead,Your Infomerics INC rating goes critical in Dec 2026. ACER is your best alternative — no competitor has approached you.,August 2026 (before Dec ULTRA HOT threshold),Currently HOT — escalates to ULTRA HOT Dec 2026. NOT in October pool. Call August-September.
Kashipur Infrastructure & Freight Terminal Pvt. Ltd.,BRICKWORK,Term Loan,BB-,2025-12-02,HOT,ULTRA HOT,2026-12-02,18.49,Construction,Construction,Standard,D365,INC rating hits ULTRA HOT on 2026-12-02 — prime Q1 2027 renewal target,Your Term Loan at BRICKWORK goes critical in Dec 2026. Start ACER process in Sep 2026 — before the Q1 rush.,August 2026 (before Dec ULTRA HOT threshold),Currently HOT — escalates to ULTRA HOT Dec 2026. NOT in October pool. Call August-September.
S R Tranzcars Pvt. Ltd.,BRICKWORK,Fund-Based,C,2025-12-02,HOT,ULTRA HOT,2026-12-02,18.0,Other,Other,Standard,D365,INC rating hits ULTRA HOT on 2026-12-02 — prime Q1 2027 renewal target,Your Fund-Based at BRICKWORK goes critical in Dec 2026. Start ACER process in Sep 2026 — before the Q1 rush.,August 2026 (before Dec ULTRA HOT threshold),Currently HOT — escalates to ULTRA HOT Dec 2026. NOT in October pool. Call August-September.
P M I Coaches Pvt. Ltd.,BRICKWORK,Bank Guarantee,A 4,2025-12-02,HOT,ULTRA HOT,2026-12-02,15.0,Other,Other,Standard,D365,INC rating hits ULTRA HOT on 2026-12-02 — prime Q1 2027 renewal target,Your Bank Guarantee at BRICKWORK goes critical in Dec 2026. Start ACER process in Sep 2026 — before the Q1 rush.,August 2026 (before Dec ULTRA HOT threshold),Currently HOT — escalates to ULTRA HOT Dec 2026. NOT in October pool. Call August-September.
Global Poly Bags Inds. Pvt. Ltd.,BRICKWORK,Term Loan,B+,2025-12-02,HOT,ULTRA HOT,2026-12-02,13.3,Other,Paper/Packaging,Standard,D365,INC rating hits ULTRA HOT on 2026-12-02 — prime Q1 2027 renewal target,Your Term Loan at BRICKWORK goes critical in Dec 2026. Start ACER process in Sep 2026 — before the Q1 rush.,August 2026 (before Dec ULTRA HOT threshold),Currently HOT — escalates to ULTRA HOT Dec 2026. NOT in October pool. Call August-September.
Shri Maa Mktg. Pvt. Ltd.,BRICKWORK,Bank Guarantee,A 4,2025-12-02,HOT,ULTRA HOT,2026-12-02,12.0,Other,Other,Standard,D365,INC rating hits ULTRA HOT on 2026-12-02 — prime Q1 2027 renewal target,Your Bank Guarantee at BRICKWORK goes critical in Dec 2026. Start ACER process in Sep 2026 — before the Q1 rush.,August 2026 (before Dec ULTRA HOT threshold),Currently HOT — escalates to ULTRA HOT Dec 2026. NOT in October pool. Call August-September.
Wudtools,Infomerics,Long Term Bank Facilities,IVR C (INC) (Downgraded),2025-12-02,HOT,ULTRA HOT,2026-12-02,12.0,Other,Other,Standard,Infomerics,INC rating hits ULTRA HOT on 2026-12-02 — exclusive Q1 2027 whitespace lead,Your Infomerics INC rating goes critical in Dec 2026. ACER is your best alternative — no competitor has approached you.,August 2026 (before Dec ULTRA HOT threshold),Currently HOT — escalates to ULTRA HOT Dec 2026. NOT in October pool. Call August-September.
K S D Construction,Infomerics,Long Term Bank Facilities,IVR B- (INC) (Downgraded),2025-12-02,HOT,ULTRA HOT,2026-12-02,11.0,Construction,Construction,Standard,Infomerics,INC rating hits ULTRA HOT on 2026-12-02 — exclusive Q1 2027 whitespace lead,Your Infomerics INC rating goes critical in Dec 2026. ACER is your best alternative — no competitor has approached you.,August 2026 (before Dec ULTRA HOT threshold),Currently HOT — escalates to ULTRA HOT Dec 2026. NOT in October pool. Call August-September.
OP Gupta Contractor Private Limited,Infomerics,Long Term Bank Facility,IVR B+ (INC) (Downgraded),2025-12-02,HOT,ULTRA HOT,2026-12-02,10.0,Construction,Construction,Standard,Infomerics,INC rating hits ULTRA HOT on 2026-12-02 — exclusive Q1 2027 whitespace lead,Your Infomerics INC rating goes critical in Dec 2026. ACER is your best alternative — no competitor has approached you.,August 2026 (before Dec ULTRA HOT threshold),Currently HOT — escalates to ULTRA HOT Dec 2026. NOT in October pool. Call August-September.
Agrasen Iron & Steels Pvt. Ltd.,CARE,NCD/Bond,BB+/A4+,2025-12-02,HOT,ULTRA HOT,2026-12-02,9.0,Steel & Metals,Steel & Metals,NCD — SEBI License Required,D365,INC rating hits ULTRA HOT on 2026-12-02 — prime Q1 2027 renewal target,Your NCD/Bond at CARE goes critical in Dec 2026. Start ACER process in Sep 2026 — before the Q1 rush.,August 2026 (before Dec ULTRA HOT threshold),Currently HOT — escalates to ULTRA HOT Dec 2026. NOT in October pool. Call August-September.
D Raja Cotton Pvt. Ltd.,BRICKWORK,Bank Guarantee,A 4,2025-12-02,HOT,ULTRA HOT,2026-12-02,8.7,Agro/Food,Agro/Food,Standard,D365,INC rating hits ULTRA HOT on 2026-12-02 — prime Q1 2027 renewal target,Your Bank Guarantee at BRICKWORK goes critical in Dec 2026. Start ACER process in Sep 2026 — before the Q1 rush.,August 2026 (before Dec ULTRA HOT threshold),Currently HOT — escalates to ULTRA HOT Dec 2026. NOT in October pool. Call August-September.
P M I Coaches Pvt. Ltd.,BRICKWORK,Term Loan,C,2025-12-02,HOT,ULTRA HOT,2026-12-02,8.33,Other,Other,Standard,D365,INC rating hits ULTRA HOT on 2026-12-02 — prime Q1 2027 renewal target,Your Term Loan at BRICKWORK goes critical in Dec 2026. Start ACER process in Sep 2026 — before the Q1 rush.,August 2026 (before Dec ULTRA HOT threshold),Currently HOT — escalates to ULTRA HOT Dec 2026. NOT in October pool. Call August-September.
Ali Afzal Flour Mill Ltd.,BRICKWORK,Term Loan,B,2025-12-02,HOT,ULTRA HOT,2026-12-02,7.34,Agro/Food,Agro/Food,Standard,D365,INC rating hits ULTRA HOT on 2026-12-02 — prime Q1 2027 renewal target,Your Term Loan at BRICKWORK goes critical in Dec 2026. Start ACER process in Sep 2026 — before the Q1 rush.,August 2026 (before Dec ULTRA HOT threshold),Currently HOT — escalates to ULTRA HOT Dec 2026. NOT in October pool. Call August-September.
SVR Electricals Private Limited,Infomerics,Proposed Long Term Fund Based Bank Facility - Cash Credit,IVR C (INC) (Downgraded),2025-12-02,HOT,ULTRA HOT,2026-12-02,7.25,Energy,Energy,Standard,Infomerics,INC rating hits ULTRA HOT on 2026-12-02 — exclusive Q1 2027 whitespace lead,Your Infomerics INC rating goes critical in Dec 2026. ACER is your best alternative — no competitor has approached you.,August 2026 (before Dec ULTRA HOT threshold),Currently HOT — escalates to ULTRA HOT Dec 2026. NOT in October pool. Call August-September.
Fuji Silvertech Concrete Pvt. Ltd.,BRICKWORK,Performance guarantee,A 4,2025-12-02,HOT,ULTRA HOT,2026-12-02,7.0,IT/Technology,IT/Technology,Standard,D365,INC rating hits ULTRA HOT on 2026-12-02 — prime Q1 2027 renewal target,Your Performance guarantee at BRICKWORK goes critical in Dec 2026. Start ACER process in Sep 2026 — before the Q1 rush.,August 2026 (before Dec ULTRA HOT threshold),Currently HOT — escalates to ULTRA HOT Dec 2026. NOT in October pool. Call August-September.
D Raja Cotton Pvt. Ltd.,BRICKWORK,Term Loan,B,2025-12-02,HOT,ULTRA HOT,2026-12-02,6.76,Agro/Food,Agro/Food,Standard,D365,INC rating hits ULTRA HOT on 2026-12-02 — prime Q1 2027 renewal target,Your Term Loan at BRICKWORK goes critical in Dec 2026. Start ACER process in Sep 2026 — before the Q1 rush.,August 2026 (before Dec ULTRA HOT threshold),Currently HOT — escalates to ULTRA HOT Dec 2026. NOT in October pool. Call August-September.
Global Poly Bags Inds. Pvt. Ltd.,BRICKWORK,Bank Guarantee,A 4,2025-12-02,HOT,ULTRA HOT,2026-12-02,5.0,Other,Paper/Packaging,Standard,D365,INC rating hits ULTRA HOT on 2026-12-02 — prime Q1 2027 renewal target,Your Bank Guarantee at BRICKWORK goes critical in Dec 2026. Start ACER process in Sep 2026 — before the Q1 rush.,August 2026 (before Dec ULTRA HOT threshold),Currently HOT — escalates to ULTRA HOT Dec 2026. NOT in October pool. Call August-September.
Mechfast Engineering Pvt. Ltd.,CARE,Term Loan,B-,2025-12-02,HOT,ULTRA HOT,2026-12-02,5.0,Manufacturing,Manufacturing,Standard,D365,INC rating hits ULTRA HOT on 2026-12-02 — prime Q1 2027 renewal target,Your Term Loan at CARE goes critical in Dec 2026. Start ACER process in Sep 2026 — before the Q1 rush.,August 2026 (before Dec ULTRA HOT threshold),Currently HOT — escalates to ULTRA HOT Dec 2026. NOT in October pool. Call August-September.
Vijay Transformers,Infomerics,Proposed Long Term/Short Term Non-Fund Based Bank Facility - Bank Guarantee,IVR C/IVR A4; (INC) (Downgraded & Reaffirmed),2025-12-02,HOT,ULTRA HOT,2026-12-02,5.0,Other,Other,Standard,Infomerics,INC rating hits ULTRA HOT on 2026-12-02 — exclusive Q1 2027 whitespace lead,Your Infomerics INC rating goes critical in Dec 2026. ACER is your best alternative — no competitor has approached you.,August 2026 (before Dec ULTRA HOT threshold),Currently HOT — escalates to ULTRA HOT Dec 2026. NOT in October pool. Call August-September.
Meenakshi Ammal Trust,Infomerics,Long/ Short Term Bank Facilities,IVR B+/IVR A4; (INC) (Downgraded & Reaffirmed),2025-12-02,HOT,ULTRA HOT,2026-12-02,5.0,Other,Other,Standard,Infomerics,INC rating hits ULTRA HOT on 2026-12-02 — exclusive Q1 2027 whitespace lead,Your Infomerics INC rating goes critical in Dec 2026. ACER is your best alternative — no competitor has approached you.,August 2026 (before Dec ULTRA HOT threshold),Currently HOT — escalates to ULTRA HOT Dec 2026. NOT in October pool. Call August-September.
Meenakshi Ammal Trust,Infomerics,Long/ Short Term Bank Facilities,IVR B+/IVR A4; (INC) (Downgraded & Reaffirmed),2025-12-02,HOT,ULTRA HOT,2026-12-02,5.0,Other,Other,Standard,Infomerics,INC rating hits ULTRA HOT on 2026-12-02 — exclusive Q1 2027 whitespace lead,Your Infomerics INC rating goes critical in Dec 2026. ACER is your best alternative — no competitor has approached you.,August 2026 (before Dec ULTRA HOT threshold),Currently HOT — escalates to ULTRA HOT Dec 2026. NOT in October pool. Call August-September.
Aditya Timpack Pvt. Ltd.,CARE,Term Loan,B,2025-12-02,HOT,ULTRA HOT,2026-12-02,4.57,Other,Other,Standard,D365,INC rating hits ULTRA HOT on 2026-12-02 — prime Q1 2027 renewal target,Your Term Loan at CARE goes critical in Dec 2026. Start ACER process in Sep 2026 — before the Q1 rush.,August 2026 (before Dec ULTRA HOT threshold),Currently HOT — escalates to ULTRA HOT Dec 2026. NOT in October pool. Call August-September.
Fuji Silvertech Concrete Pvt. Ltd.,BRICKWORK,Fund-Based,B,2025-12-02,HOT,ULTRA HOT,2026-12-02,4.21,IT/Technology,IT/Technology,Standard,D365,INC rating hits ULTRA HOT on 2026-12-02 — prime Q1 2027 renewal target,Your Fund-Based at BRICKWORK goes critical in Dec 2026. Start ACER process in Sep 2026 — before the Q1 rush.,August 2026 (before Dec ULTRA HOT threshold),Currently HOT — escalates to ULTRA HOT Dec 2026. NOT in October pool. Call August-September.
Mahamaya Foods & Grains Pvt. Ltd.,CARE,Term Loan,B-,2025-12-02,HOT,ULTRA HOT,2026-12-02,3.51,Agro/Food,Agro/Food,Standard,D365,INC rating hits ULTRA HOT on 2026-12-02 — prime Q1 2027 renewal target,Your Term Loan at CARE goes critical in Dec 2026. Start ACER process in Sep 2026 — before the Q1 rush.,August 2026 (before Dec ULTRA HOT threshold),Currently HOT — escalates to ULTRA HOT Dec 2026. NOT in October pool. Call August-September.
Manohar Lal Sarraf & Sons Jewellers Pvt. Ltd.,CARE,NCD/Bond,BB+/A4,2025-12-02,HOT,ULTRA HOT,2026-12-02,3.5,Jewellery,Jewellery,NCD — SEBI License Required,D365,INC rating hits ULTRA HOT on 2026-12-02 — prime Q1 2027 renewal target,Your NCD/Bond at CARE goes critical in Dec 2026. Start ACER process in Sep 2026 — before the Q1 rush.,August 2026 (before Dec ULTRA HOT threshold),Currently HOT — escalates to ULTRA HOT Dec 2026. NOT in October pool. Call August-September.
Ali Afzal Flour Mill Ltd.,BRICKWORK,Fund-Based,B,2025-12-02,HOT,ULTRA HOT,2026-12-02,2.6,Agro/Food,Agro/Food,Standard,D365,INC rating hits ULTRA HOT on 2026-12-02 — prime Q1 2027 renewal target,Your Fund-Based at BRICKWORK goes critical in Dec 2026. Start ACER process in Sep 2026 — before the Q1 rush.,August 2026 (before Dec ULTRA HOT threshold),Currently HOT — escalates to ULTRA HOT Dec 2026. NOT in October pool. Call August-September.
Goa Sponge & Power Ltd.,ACUITE,Bank Guarantee,A 4+,2025-12-02,HOT,ULTRA HOT,2026-12-02,2.5,Energy,Energy,Standard,D365,INC rating hits ULTRA HOT on 2026-12-02 — prime Q1 2027 renewal target,Your Bank Guarantee at ACUITE goes critical in Dec 2026. Start ACER process in Sep 2026 — before the Q1 rush.,August 2026 (before Dec ULTRA HOT threshold),Currently HOT — escalates to ULTRA HOT Dec 2026. NOT in October pool. Call August-September.
Vijay Transformers,Infomerics,Proposed Long Term Fund Based Bank Facility - Cash Credit,IVR C (INC) (Downgraded),2025-12-02,HOT,ULTRA HOT,2026-12-02,2.5,Other,Other,Standard,Infomerics,INC rating hits ULTRA HOT on 2026-12-02 — exclusive Q1 2027 whitespace lead,Your Infomerics INC rating goes critical in Dec 2026. ACER is your best alternative — no competitor has approached you.,August 2026 (before Dec ULTRA HOT threshold),Currently HOT — escalates to ULTRA HOT Dec 2026. NOT in October pool. Call August-September.
Aditya Timpack Pvt. Ltd.,CARE,Term Loan,B,2025-12-02,HOT,ULTRA HOT,2026-12-02,2.38,Other,Other,Standard,D365,INC rating hits ULTRA HOT on 2026-12-02 — prime Q1 2027 renewal target,Your Term Loan at CARE goes critical in Dec 2026. Start ACER process in Sep 2026 — before the Q1 rush.,August 2026 (before Dec ULTRA HOT threshold),Currently HOT — escalates to ULTRA HOT Dec 2026. NOT in October pool. Call August-September.
Sewa Singh Oberoi and Company,Infomerics,Long Term Bank Facility,IVR B (INC) (Downgraded),2025-12-02,HOT,ULTRA HOT,2026-12-02,2.0,Other,Other,Standard,Infomerics,INC rating hits ULTRA HOT on 2026-12-02 — exclusive Q1 2027 whitespace lead,Your Infomerics INC rating goes critical in Dec 2026. ACER is your best alternative — no competitor has approached you.,August 2026 (before Dec ULTRA HOT threshold),Currently HOT — escalates to ULTRA HOT Dec 2026. NOT in October pool. Call August-September.
Aditya Timpack Pvt. Ltd.,CARE,Term Loan,B,2025-12-02,HOT,ULTRA HOT,2026-12-02,1.84,Other,Other,Standard,D365,INC rating hits ULTRA HOT on 2026-12-02 — prime Q1 2027 renewal target,Your Term Loan at CARE goes critical in Dec 2026. Start ACER process in Sep 2026 — before the Q1 rush.,August 2026 (before Dec ULTRA HOT threshold),Currently HOT — escalates to ULTRA HOT Dec 2026. NOT in October pool. Call August-September.
S R Tranzcars Pvt. Ltd.,BRICKWORK,Term Loan,C,2025-12-02,HOT,ULTRA HOT,2026-12-02,1.65,Other,Other,Standard,D365,INC rating hits ULTRA HOT on 2026-12-02 — prime Q1 2027 renewal target,Your Term Loan at BRICKWORK goes critical in Dec 2026. Start ACER process in Sep 2026 — before the Q1 rush.,August 2026 (before Dec ULTRA HOT threshold),Currently HOT — escalates to ULTRA HOT Dec 2026. NOT in October pool. Call August-September.
Kothari Processors Pvt. Ltd.,CARE,Bank Guarantee,B-,2025-12-02,HOT,ULTRA HOT,2026-12-02,1.5,Other,Other,Standard,D365,INC rating hits ULTRA HOT on 2026-12-02 — prime Q1 2027 renewal target,Your Bank Guarantee at CARE goes critical in Dec 2026. Start ACER process in Sep 2026 — before the Q1 rush.,August 2026 (before Dec ULTRA HOT threshold),Currently HOT — escalates to ULTRA HOT Dec 2026. NOT in October pool. Call August-September.
Aditya Timpack Pvt. Ltd.,CARE,Letter of Credit,A 4,2025-12-02,HOT,ULTRA HOT,2026-12-02,1.5,Other,Other,Standard,D365,INC rating hits ULTRA HOT on 2026-12-02 — prime Q1 2027 renewal target,Your Letter of Credit at CARE goes critical in Dec 2026. Start ACER process in Sep 2026 — before the Q1 rush.,August 2026 (before Dec ULTRA HOT threshold),Currently HOT — escalates to ULTRA HOT Dec 2026. NOT in October pool. Call August-September.
Shree Parmeshwar Steels Pvt. Ltd.,CRISIL,Term Loan,BB+,2025-12-02,HOT,ULTRA HOT,2026-12-02,1.16,Steel & Metals,Steel & Metals,Standard,D365,INC rating hits ULTRA HOT on 2026-12-02 — prime Q1 2027 renewal target,Your Term Loan at CRISIL goes critical in Dec 2026. Start ACER process in Sep 2026 — before the Q1 rush.,August 2026 (before Dec ULTRA HOT threshold),Currently HOT — escalates to ULTRA HOT Dec 2026. NOT in October pool. Call August-September.
Micron Enterprises Pvt. Ltd.,ACUITE,Term Loan,B,2025-12-02,HOT,ULTRA HOT,2026-12-02,1.0,BFSI,BFSI,Standard,D365,INC rating hits ULTRA HOT on 2026-12-02 — prime Q1 2027 renewal target,Your Term Loan at ACUITE goes critical in Dec 2026. Start ACER process in Sep 2026 — before the Q1 rush.,August 2026 (before Dec ULTRA HOT threshold),Currently HOT — escalates to ULTRA HOT Dec 2026. NOT in October pool. Call August-September.
Shree Parmeshwar Steels Pvt. Ltd.,CRISIL,Bank Guarantee,A 4+,2025-12-02,HOT,ULTRA HOT,2026-12-02,1.0,Steel & Metals,Steel & Metals,Standard,D365,INC rating hits ULTRA HOT on 2026-12-02 — prime Q1 2027 renewal target,Your Bank Guarantee at CRISIL goes critical in Dec 2026. Start ACER process in Sep 2026 — before the Q1 rush.,August 2026 (before Dec ULTRA HOT threshold),Currently HOT — escalates to ULTRA HOT Dec 2026. NOT in October pool. Call August-September.
Vijay Transformers,Infomerics,Proposed Short Term Non- Fund Based Bank Facility - Letter of Credit,IVR A4 (INC) (Reaffirmed),2025-12-02,HOT,ULTRA HOT,2026-12-02,1.0,Other,Other,Standard,Infomerics,INC rating hits ULTRA HOT on 2026-12-02 — exclusive Q1 2027 whitespace lead,Your Infomerics INC rating goes critical in Dec 2026. ACER is your best alternative — no competitor has approached you.,August 2026 (before Dec ULTRA HOT threshold),Currently HOT — escalates to ULTRA HOT Dec 2026. NOT in October pool. Call August-September.
SVR Electricals Private Limited,Infomerics,Proposed Short Term Non- Fund Based Bank Facility - Letter of Credit,IVR A4 (INC) (Reaffirmed),2025-12-02,HOT,ULTRA HOT,2026-12-02,1.0,Energy,Energy,Standard,Infomerics,INC rating hits ULTRA HOT on 2026-12-02 — exclusive Q1 2027 whitespace lead,Your Infomerics INC rating goes critical in Dec 2026. ACER is your best alternative — no competitor has approached you.,August 2026 (before Dec ULTRA HOT threshold),Currently HOT — escalates to ULTRA HOT Dec 2026. NOT in October pool. Call August-September.
Ridings Consulting Engineers India Ltd.,ACUITE,Bank Guarantee,A 4,2025-12-02,HOT,ULTRA HOT,2026-12-02,0.85,Other,Construction,Standard,D365,INC rating hits ULTRA HOT on 2026-12-02 — prime Q1 2027 renewal target,Your Bank Guarantee at ACUITE goes critical in Dec 2026. Start ACER process in Sep 2026 — before the Q1 rush.,August 2026 (before Dec ULTRA HOT threshold),Currently HOT — escalates to ULTRA HOT Dec 2026. NOT in October pool. Call August-September.
Ridings Consulting Engineers India Ltd.,ACUITE,Bank Guarantee,A 4,2025-12-02,HOT,ULTRA HOT,2026-12-02,0.6,Other,Construction,Standard,D365,INC rating hits ULTRA HOT on 2026-12-02 — prime Q1 2027 renewal target,Your Bank Guarantee at ACUITE goes critical in Dec 2026. Start ACER process in Sep 2026 — before the Q1 rush.,August 2026 (before Dec ULTRA HOT threshold),Currently HOT — escalates to ULTRA HOT Dec 2026. NOT in October pool. Call August-September.
Global Jewellery Pvt. Ltd.,CARE,Bank Guarantee,A 4,2025-12-02,HOT,ULTRA HOT,2026-12-02,0.5,Jewellery,Jewellery,Standard,D365,INC rating hits ULTRA HOT on 2026-12-02 — prime Q1 2027 renewal target,Your Bank Guarantee at CARE goes critical in Dec 2026. Start ACER process in Sep 2026 — before the Q1 rush.,August 2026 (before Dec ULTRA HOT threshold),Currently HOT — escalates to ULTRA HOT Dec 2026. NOT in October pool. Call August-September.
Mechfast Engineering Pvt. Ltd.,CARE,Bank Guarantee,A 4,2025-12-02,HOT,ULTRA HOT,2026-12-02,0.5,Manufacturing,Manufacturing,Standard,D365,INC rating hits ULTRA HOT on 2026-12-02 — prime Q1 2027 renewal target,Your Bank Guarantee at CARE goes critical in Dec 2026. Start ACER process in Sep 2026 — before the Q1 rush.,August 2026 (before Dec ULTRA HOT threshold),Currently HOT — escalates to ULTRA HOT Dec 2026. NOT in October pool. Call August-September.
Aditya Timpack Pvt. Ltd.,CARE,Bank Guarantee,A 4,2025-12-02,HOT,ULTRA HOT,2026-12-02,0.5,Other,Other,Standard,D365,INC rating hits ULTRA HOT on 2026-12-02 — prime Q1 2027 renewal target,Your Bank Guarantee at CARE goes critical in Dec 2026. Start ACER process in Sep 2026 — before the Q1 rush.,August 2026 (before Dec ULTRA HOT threshold),Currently HOT — escalates to ULTRA HOT Dec 2026. NOT in October pool. Call August-September.
Kothari Processors Pvt. Ltd.,CARE,Term Loan,B-,2025-12-02,HOT,ULTRA HOT,2026-12-02,0.38,Other,Other,Standard,D365,INC rating hits ULTRA HOT on 2026-12-02 — prime Q1 2027 renewal target,Your Term Loan at CARE goes critical in Dec 2026. Start ACER process in Sep 2026 — before the Q1 rush.,August 2026 (before Dec ULTRA HOT threshold),Currently HOT — escalates to ULTRA HOT Dec 2026. NOT in October pool. Call August-September.
Shree Parmeshwar Steels Pvt. Ltd.,CRISIL,Fund-Based,BB+,2025-12-02,HOT,ULTRA HOT,2026-12-02,0.28,Steel & Metals,Steel & Metals,Standard,D365,INC rating hits ULTRA HOT on 2026-12-02 — prime Q1 2027 renewal target,Your Fund-Based at CRISIL goes critical in Dec 2026. Start ACER process in Sep 2026 — before the Q1 rush.,August 2026 (before Dec ULTRA HOT threshold),Currently HOT — escalates to ULTRA HOT Dec 2026. NOT in October pool. Call August-September.
Fuji Silvertech Concrete Pvt. Ltd.,BRICKWORK,Bank Guarantee,A 4,2025-12-02,HOT,ULTRA HOT,2026-12-02,0.0,IT/Technology,IT/Technology,Standard,D365,INC rating hits ULTRA HOT on 2026-12-02 — prime Q1 2027 renewal target,Your Bank Guarantee at BRICKWORK goes critical in Dec 2026. Start ACER process in Sep 2026 — before the Q1 rush.,August 2026 (before Dec ULTRA HOT threshold),Currently HOT — escalates to ULTRA HOT Dec 2026. NOT in October pool. Call August-September.
Fuji Silvertech Concrete Pvt. Ltd.,BRICKWORK,Letter of Credit,A 4,2025-12-02,HOT,ULTRA HOT,2026-12-02,0.0,IT/Technology,IT/Technology,Standard,D365,INC rating hits ULTRA HOT on 2026-12-02 — prime Q1 2027 renewal target,Your Letter of Credit at BRICKWORK goes critical in Dec 2026. Start ACER process in Sep 2026 — before the Q1 rush.,August 2026 (before Dec ULTRA HOT threshold),Currently HOT — escalates to ULTRA HOT Dec 2026. NOT in October pool. Call August-September.
C P L Pharmaceuticals Pvt. Ltd.,IND-RA,Term Loan,BBB+,2025-12-03,HOT,ULTRA HOT,2026-12-03,409.55,Chemicals/Pharma,Chemicals/Pharma,Standard,D365,INC rating hits ULTRA HOT on 2026-12-03 — prime Q1 2027 renewal target,Your Term Loan at IND-RA goes critical in Dec 2026. Start ACER process in Sep 2026 — before the Q1 rush.,August 2026 (before Dec ULTRA HOT threshold),Currently HOT — escalates to ULTRA HOT Dec 2026. NOT in October pool. Call August-September.
K K P Fine Linen Pvt. Ltd.,BRICKWORK,Fund-Based,BB,2025-12-03,HOT,ULTRA HOT,2026-12-03,171.82,Other,Other,Standard,D365,INC rating hits ULTRA HOT on 2026-12-03 — prime Q1 2027 renewal target,Your Fund-Based at BRICKWORK goes critical in Dec 2026. Start ACER process in Sep 2026 — before the Q1 rush.,August 2026 (before Dec ULTRA HOT threshold),Currently HOT — escalates to ULTRA HOT Dec 2026. NOT in October pool. Call August-September.
C P L Pharmaceuticals Pvt. Ltd.,IND-RA,Term Loan,BBB+,2025-12-03,HOT,ULTRA HOT,2026-12-03,80.0,Chemicals/Pharma,Chemicals/Pharma,Standard,D365,INC rating hits ULTRA HOT on 2026-12-03 — prime Q1 2027 renewal target,Your Term Loan at IND-RA goes critical in Dec 2026. Start ACER process in Sep 2026 — before the Q1 rush.,August 2026 (before Dec ULTRA HOT threshold),Currently HOT — escalates to ULTRA HOT Dec 2026. NOT in October pool. Call August-September.
Pushpit Steels Pvt. Ltd.,BRICKWORK,Term Loan,B,2025-12-03,HOT,ULTRA HOT,2026-12-03,60.0,Steel & Metals,Steel & Metals,Standard,D365,INC rating hits ULTRA HOT on 2026-12-03 — prime Q1 2027 renewal target,Your Term Loan at BRICKWORK goes critical in Dec 2026. Start ACER process in Sep 2026 — before the Q1 rush.,August 2026 (before Dec ULTRA HOT threshold),Currently HOT — escalates to ULTRA HOT Dec 2026. NOT in October pool. Call August-September.
Oswal Cables Ltd.,BRICKWORK,Bank Guarantee,A 4,2025-12-03,HOT,ULTRA HOT,2026-12-03,55.0,Other,Other,Standard,D365,INC rating hits ULTRA HOT on 2026-12-03 — prime Q1 2027 renewal target,Your Bank Guarantee at BRICKWORK goes critical in Dec 2026. Start ACER process in Sep 2026 — before the Q1 rush.,August 2026 (before Dec ULTRA HOT threshold),Currently HOT — escalates to ULTRA HOT Dec 2026. NOT in October pool. Call August-September.
Pulkit Metals Pvt. Ltd.,BRICKWORK,Letter of Credit,A 4,2025-12-03,HOT,ULTRA HOT,2026-12-03,45.0,Steel & Metals,Steel & Metals,Standard,D365,INC rating hits ULTRA HOT on 2026-12-03 — prime Q1 2027 renewal target,Your Letter of Credit at BRICKWORK goes critical in Dec 2026. Start ACER process in Sep 2026 — before the Q1 rush.,August 2026 (before Dec ULTRA HOT threshold),Currently HOT — escalates to ULTRA HOT Dec 2026. NOT in October pool. Call August-September.
Pushpit Steels Pvt. Ltd.,BRICKWORK,Letter of Credit,A 4,2025-12-03,HOT,ULTRA HOT,2026-12-03,45.0,Steel & Metals,Steel & Metals,Standard,D365,INC rating hits ULTRA HOT on 2026-12-03 — prime Q1 2027 renewal target,Your Letter of Credit at BRICKWORK goes critical in Dec 2026. Start ACER process in Sep 2026 — before the Q1 rush.,August 2026 (before Dec ULTRA HOT threshold),Currently HOT — escalates to ULTRA HOT Dec 2026. NOT in October pool. Call August-September.
M S V Constructions Company,Infomerics,Short Term Bank Facilities,IVR D (INC)(Downgraded),2025-12-03,HOT,ULTRA HOT,2026-12-03,20.33,Construction,Construction,Standard,Infomerics,INC rating hits ULTRA HOT on 2026-12-03 — exclusive Q1 2027 whitespace lead,Your Infomerics INC rating goes critical in Dec 2026. ACER is your best alternative — no competitor has approached you.,August 2026 (before Dec ULTRA HOT threshold),Currently HOT — escalates to ULTRA HOT Dec 2026. NOT in October pool. Call August-September.
M S V Constructions Company,Infomerics,Long Term Bank Facilities,IVR D (INC)(Downgraded),2025-12-03,HOT,ULTRA HOT,2026-12-03,19.67,Construction,Construction,Standard,Infomerics,INC rating hits ULTRA HOT on 2026-12-03 — exclusive Q1 2027 whitespace lead,Your Infomerics INC rating goes critical in Dec 2026. ACER is your best alternative — no competitor has approached you.,August 2026 (before Dec ULTRA HOT threshold),Currently HOT — escalates to ULTRA HOT Dec 2026. NOT in October pool. Call August-September.
Anusaya Auto Press Parts Pvt. Ltd.,BRICKWORK,Letter of Credit,A 4,2025-12-03,HOT,ULTRA HOT,2026-12-03,19.0,Manufacturing,Manufacturing,Standard,D365,INC rating hits ULTRA HOT on 2026-12-03 — prime Q1 2027 renewal target,Your Letter of Credit at BRICKWORK goes critical in Dec 2026. Start ACER process in Sep 2026 — before the Q1 rush.,August 2026 (before Dec ULTRA HOT threshold),Currently HOT — escalates to ULTRA HOT Dec 2026. NOT in October pool. Call August-September.
MMG Holdings Private Limited,Infomerics,Long Term Bank Facilities- Term Loan,IVR C+ (INC) (Downgraded),2025-12-03,HOT,ULTRA HOT,2026-12-03,15.04,Other,Other,Standard,Infomerics,INC rating hits ULTRA HOT on 2026-12-03 — exclusive Q1 2027 whitespace lead,Your Infomerics INC rating goes critical in Dec 2026. ACER is your best alternative — no competitor has approached you.,August 2026 (before Dec ULTRA HOT threshold),Currently HOT — escalates to ULTRA HOT Dec 2026. NOT in October pool. Call August-September.
Purvanchal Construction Works Pvt. Ltd.,CARE,NCD/Bond,B+/A4,2025-12-03,HOT,ULTRA HOT,2026-12-03,12.3,Construction,Construction,NCD — SEBI License Required,D365,INC rating hits ULTRA HOT on 2026-12-03 — prime Q1 2027 renewal target,Your NCD/Bond at CARE goes critical in Dec 2026. Start ACER process in Sep 2026 — before the Q1 rush.,August 2026 (before Dec ULTRA HOT threshold),Currently HOT — escalates to ULTRA HOT Dec 2026. NOT in October pool. Call August-September.
Trishul Buildtech & Infrastructures Pvt. Ltd.,ACUITE,Term Loan,BB+,2025-12-03,HOT,ULTRA HOT,2026-12-03,10.22,Construction,Construction,Standard,D365,INC rating hits ULTRA HOT on 2026-12-03 — prime Q1 2027 renewal target,Your Term Loan at ACUITE goes critical in Dec 2026. Start ACER process in Sep 2026 — before the Q1 rush.,August 2026 (before Dec ULTRA HOT threshold),Currently HOT — escalates to ULTRA HOT Dec 2026. NOT in October pool. Call August-September.
S R M Smart Hoops Pvt. Ltd.,BRICKWORK,Term Loan,C,2025-12-03,HOT,ULTRA HOT,2026-12-03,10.05,Other,Other,Standard,D365,INC rating hits ULTRA HOT on 2026-12-03 — prime Q1 2027 renewal target,Your Term Loan at BRICKWORK goes critical in Dec 2026. Start ACER process in Sep 2026 — before the Q1 rush.,August 2026 (before Dec ULTRA HOT threshold),Currently HOT — escalates to ULTRA HOT Dec 2026. NOT in October pool. Call August-September.
Shree Seco Pvt. Ltd.,CARE,NCD/Bond,B-/A4,2025-12-03,HOT,ULTRA HOT,2026-12-03,6.5,Other,Other,NCD — SEBI License Required,D365,INC rating hits ULTRA HOT on 2026-12-03 — prime Q1 2027 renewal target,Your NCD/Bond at CARE goes critical in Dec 2026. Start ACER process in Sep 2026 — before the Q1 rush.,August 2026 (before Dec ULTRA HOT threshold),Currently HOT — escalates to ULTRA HOT Dec 2026. NOT in October pool. Call August-September.
Oswal Cables Ltd.,BRICKWORK,Term Loan,BB-,2025-12-03,HOT,ULTRA HOT,2026-12-03,6.24,Other,Other,Standard,D365,INC rating hits ULTRA HOT on 2026-12-03 — prime Q1 2027 renewal target,Your Term Loan at BRICKWORK goes critical in Dec 2026. Start ACER process in Sep 2026 — before the Q1 rush.,August 2026 (before Dec ULTRA HOT threshold),Currently HOT — escalates to ULTRA HOT Dec 2026. NOT in October pool. Call August-September.
Aries Corporate Services Pvt. Ltd.,BRICKWORK,Bank Guarantee,A 4,2025-12-03,HOT,ULTRA HOT,2026-12-03,5.0,Other,Other,Standard,D365,INC rating hits ULTRA HOT on 2026-12-03 — prime Q1 2027 renewal target,Your Bank Guarantee at BRICKWORK goes critical in Dec 2026. Start ACER process in Sep 2026 — before the Q1 rush.,August 2026 (before Dec ULTRA HOT threshold),Currently HOT — escalates to ULTRA HOT Dec 2026. NOT in October pool. Call August-September.
K K P Fine Linen Pvt. Ltd.,BRICKWORK,Non-Fund-Based,A 4,2025-12-03,HOT,ULTRA HOT,2026-12-03,4.0,Other,Other,Standard,D365,INC rating hits ULTRA HOT on 2026-12-03 — prime Q1 2027 renewal target,Your Non-Fund-Based at BRICKWORK goes critical in Dec 2026. Start ACER process in Sep 2026 — before the Q1 rush.,August 2026 (before Dec ULTRA HOT threshold),Currently HOT — escalates to ULTRA HOT Dec 2026. NOT in October pool. Call August-September.
Pulkit Metals Pvt. Ltd.,BRICKWORK,Term Loan,B,2025-12-03,HOT,ULTRA HOT,2026-12-03,3.35,Steel & Metals,Steel & Metals,Standard,D365,INC rating hits ULTRA HOT on 2026-12-03 — prime Q1 2027 renewal target,Your Term Loan at BRICKWORK goes critical in Dec 2026. Start ACER process in Sep 2026 — before the Q1 rush.,August 2026 (before Dec ULTRA HOT threshold),Currently HOT — escalates to ULTRA HOT Dec 2026. NOT in October pool. Call August-September.
Anusaya Auto Press Parts Pvt. Ltd.,BRICKWORK,Fund-Based,C,2025-12-03,HOT,ULTRA HOT,2026-12-03,1.69,Manufacturing,Manufacturing,Standard,D365,INC rating hits ULTRA HOT on 2026-12-03 — prime Q1 2027 renewal target,Your Fund-Based at BRICKWORK goes critical in Dec 2026. Start ACER process in Sep 2026 — before the Q1 rush.,August 2026 (before Dec ULTRA HOT threshold),Currently HOT — escalates to ULTRA HOT Dec 2026. NOT in October pool. Call August-September.
Anusaya Auto Press Parts Pvt. Ltd.,BRICKWORK,Term Loan,C,2025-12-03,HOT,ULTRA HOT,2026-12-03,1.63,Manufacturing,Manufacturing,Standard,D365,INC rating hits ULTRA HOT on 2026-12-03 — prime Q1 2027 renewal target,Your Term Loan at BRICKWORK goes critical in Dec 2026. Start ACER process in Sep 2026 — before the Q1 rush.,August 2026 (before Dec ULTRA HOT threshold),Currently HOT — escalates to ULTRA HOT Dec 2026. NOT in October pool. Call August-September.
Anusaya Auto Press Parts Pvt. Ltd.,BRICKWORK,Bank Guarantee,A 4,2025-12-03,HOT,ULTRA HOT,2026-12-03,1.0,Manufacturing,Manufacturing,Standard,D365,INC rating hits ULTRA HOT on 2026-12-03 — prime Q1 2027 renewal target,Your Bank Guarantee at BRICKWORK goes critical in Dec 2026. Start ACER process in Sep 2026 — before the Q1 rush.,August 2026 (before Dec ULTRA HOT threshold),Currently HOT — escalates to ULTRA HOT Dec 2026. NOT in October pool. Call August-September.
Shree Seco Pvt. Ltd.,CARE,Term Loan,B-,2025-12-03,HOT,ULTRA HOT,2026-12-03,0.72,Other,Other,Standard,D365,INC rating hits ULTRA HOT on 2026-12-03 — prime Q1 2027 renewal target,Your Term Loan at CARE goes critical in Dec 2026. Start ACER process in Sep 2026 — before the Q1 rush.,August 2026 (before Dec ULTRA HOT threshold),Currently HOT — escalates to ULTRA HOT Dec 2026. NOT in October pool. Call August-September.
Trishul Buildtech & Infrastructures Pvt. Ltd.,ACUITE,Term Loan,BB+,2025-12-03,HOT,ULTRA HOT,2026-12-03,0.01,Construction,Construction,Standard,D365,INC rating hits ULTRA HOT on 2026-12-03 — prime Q1 2027 renewal target,Your Term Loan at ACUITE goes critical in Dec 2026. Start ACER process in Sep 2026 — before the Q1 rush.,August 2026 (before Dec ULTRA HOT threshold),Currently HOT — escalates to ULTRA HOT Dec 2026. NOT in October pool. Call August-September.
K K P Fine Linen Pvt. Ltd.,BRICKWORK,Fund-Based,A 4,2025-12-03,HOT,ULTRA HOT,2026-12-03,0.0,Other,Other,Standard,D365,INC rating hits ULTRA HOT on 2026-12-03 — prime Q1 2027 renewal target,Your Fund-Based at BRICKWORK goes critical in Dec 2026. Start ACER process in Sep 2026 — before the Q1 rush.,August 2026 (before Dec ULTRA HOT threshold),Currently HOT — escalates to ULTRA HOT Dec 2026. NOT in October pool. Call August-September.
Siddheshwar Industries Pvt. Ltd.,BRICKWORK,Fund-Based,C,2025-12-04,HOT,ULTRA HOT,2026-12-04,119.32,Other,Manufacturing,Standard,D365,INC rating hits ULTRA HOT on 2026-12-04 — prime Q1 2027 renewal target,Your Fund-Based at BRICKWORK goes critical in Dec 2026. Start ACER process in Sep 2026 — before the Q1 rush.,August 2026 (before Dec ULTRA HOT threshold),Currently HOT — escalates to ULTRA HOT Dec 2026. NOT in October pool. Call August-September.
Safety Controls & Devices Limited,Infomerics,Short Term Bank Facilities,IVR A4 (INC) (Downgrade),2025-12-04,HOT,ULTRA HOT,2026-12-04,65.38,Other,Other,Standard,Infomerics,INC rating hits ULTRA HOT on 2026-12-04 — exclusive Q1 2027 whitespace lead,Your Infomerics INC rating goes critical in Dec 2026. ACER is your best alternative — no competitor has approached you.,August 2026 (before Dec ULTRA HOT threshold),Currently HOT — escalates to ULTRA HOT Dec 2026. NOT in October pool. Call August-September.
Sattva Engineering Construction Private Limited,Infomerics,Short Term Facilities,IVR A4 (INC) (Reaffirmed),2025-12-04,HOT,ULTRA HOT,2026-12-04,44.5,Construction,Construction,Standard,Infomerics,INC rating hits ULTRA HOT on 2026-12-04 — exclusive Q1 2027 whitespace lead,Your Infomerics INC rating goes critical in Dec 2026. ACER is your best alternative — no competitor has approached you.,August 2026 (before Dec ULTRA HOT threshold),Currently HOT — escalates to ULTRA HOT Dec 2026. NOT in October pool. Call August-September.
Sattva Engineering Construction Private Limited,Infomerics,Short Term Facilities,IVR A4 (INC) (Reaffirmed),2025-12-04,HOT,ULTRA HOT,2026-12-04,44.5,Construction,Construction,Standard,Infomerics,INC rating hits ULTRA HOT on 2026-12-04 — exclusive Q1 2027 whitespace lead,Your Infomerics INC rating goes critical in Dec 2026. ACER is your best alternative — no competitor has approached you.,August 2026 (before Dec ULTRA HOT threshold),Currently HOT — escalates to ULTRA HOT Dec 2026. NOT in October pool. Call August-September.
Sattva Engineering Construction Private Limited,Infomerics,Long Term Facilities,IVR B (INC) (Downgraded),2025-12-04,HOT,ULTRA HOT,2026-12-04,24.62,Construction,Construction,Standard,Infomerics,INC rating hits ULTRA HOT on 2026-12-04 — exclusive Q1 2027 whitespace lead,Your Infomerics INC rating goes critical in Dec 2026. ACER is your best alternative — no competitor has approached you.,August 2026 (before Dec ULTRA HOT threshold),Currently HOT — escalates to ULTRA HOT Dec 2026. NOT in October pool. Call August-September.
Sattva Engineering Construction Private Limited,Infomerics,Long Term Facilities,IVR B (INC) (Downgraded),2025-12-04,HOT,ULTRA HOT,2026-12-04,24.62,Construction,Construction,Standard,Infomerics,INC rating hits ULTRA HOT on 2026-12-04 — exclusive Q1 2027 whitespace lead,Your Infomerics INC rating goes critical in Dec 2026. ACER is your best alternative — no competitor has approached you.,August 2026 (before Dec ULTRA HOT threshold),Currently HOT — escalates to ULTRA HOT Dec 2026. NOT in October pool. Call August-September.
Universal Petrochemicals Ltd.,BRICKWORK,Letter of Credit,A 4,2025-12-04,HOT,ULTRA HOT,2026-12-04,20.0,Chemicals/Pharma,Chemicals/Pharma,Standard,D365,INC rating hits ULTRA HOT on 2026-12-04 — prime Q1 2027 renewal target,Your Letter of Credit at BRICKWORK goes critical in Dec 2026. Start ACER process in Sep 2026 — before the Q1 rush.,August 2026 (before Dec ULTRA HOT threshold),Currently HOT — escalates to ULTRA HOT Dec 2026. NOT in October pool. Call August-September.
Multitech Auto Pvt. Ltd. [Merged],BRICKWORK,Term Loan,BB-,2025-12-04,HOT,ULTRA HOT,2026-12-04,13.26,Manufacturing,Manufacturing,Standard,D365,INC rating hits ULTRA HOT on 2026-12-04 — prime Q1 2027 renewal target,Your Term Loan at BRICKWORK goes critical in Dec 2026. Start ACER process in Sep 2026 — before the Q1 rush.,August 2026 (before Dec ULTRA HOT threshold),Currently HOT — escalates to ULTRA HOT Dec 2026. NOT in October pool. Call August-September.
Sree Venkateswara Road Constructions Pvt. Ltd.,BRICKWORK,Bank Guarantee,A 4,2025-12-04,HOT,ULTRA HOT,2026-12-04,13.0,Construction,Construction,Standard,D365,INC rating hits ULTRA HOT on 2026-12-04 — prime Q1 2027 renewal target,Your Bank Guarantee at BRICKWORK goes critical in Dec 2026. Start ACER process in Sep 2026 — before the Q1 rush.,August 2026 (before Dec ULTRA HOT threshold),Currently HOT — escalates to ULTRA HOT Dec 2026. NOT in October pool. Call August-September.
Safety Controls & Devices Limited,Infomerics,Long Term Bank Facilities,IVR BB (INC) (Downgraded),2025-12-04,HOT,ULTRA HOT,2026-12-04,10.62,Other,Other,Standard,Infomerics,INC rating hits ULTRA HOT on 2026-12-04 — exclusive Q1 2027 whitespace lead,Your Infomerics INC rating goes critical in Dec 2026. ACER is your best alternative — no competitor has approached you.,August 2026 (before Dec ULTRA HOT threshold),Currently HOT — escalates to ULTRA HOT Dec 2026. NOT in October pool. Call August-September.
United Facilities and Logistics Private Limited,Infomerics,Long/Short Term Bank Facilities (Proposed),IVR B/IVR A4; (INC) (Downgraded/Reaffirmed),2025-12-04,HOT,ULTRA HOT,2026-12-04,10.5,Logistics,Logistics,Standard,Infomerics,INC rating hits ULTRA HOT on 2026-12-04 — exclusive Q1 2027 whitespace lead,Your Infomerics INC rating goes critical in Dec 2026. ACER is your best alternative — no competitor has approached you.,August 2026 (before Dec ULTRA HOT threshold),Currently HOT — escalates to ULTRA HOT Dec 2026. NOT in October pool. Call August-September.
United Facilities and Logistics Private Limited,Infomerics,Long/Short Term Bank Facilities (Proposed),IVR B/IVR A4; (INC) (Downgraded/Reaffirmed),2025-12-04,HOT,ULTRA HOT,2026-12-04,10.5,Logistics,Logistics,Standard,Infomerics,INC rating hits ULTRA HOT on 2026-12-04 — exclusive Q1 2027 whitespace lead,Your Infomerics INC rating goes critical in Dec 2026. ACER is your best alternative — no competitor has approached you.,August 2026 (before Dec ULTRA HOT threshold),Currently HOT — escalates to ULTRA HOT Dec 2026. NOT in October pool. Call August-September.
H M Steels Ltd.,BRICKWORK,Fund-Based,B,2025-12-04,HOT,ULTRA HOT,2026-12-04,10.07,Steel & Metals,Steel & Metals,Standard,D365,INC rating hits ULTRA HOT on 2026-12-04 — prime Q1 2027 renewal target,Your Fund-Based at BRICKWORK goes critical in Dec 2026. Start ACER process in Sep 2026 — before the Q1 rush.,August 2026 (before Dec ULTRA HOT threshold),Currently HOT — escalates to ULTRA HOT Dec 2026. NOT in October pool. Call August-September.
Sanskriti Mobitech Pvt. Ltd.,BRICKWORK,Bank Guarantee,A 4,2025-12-04,HOT,ULTRA HOT,2026-12-04,10.0,IT/Technology,IT/Technology,Standard,D365,INC rating hits ULTRA HOT on 2026-12-04 — prime Q1 2027 renewal target,Your Bank Guarantee at BRICKWORK goes critical in Dec 2026. Start ACER process in Sep 2026 — before the Q1 rush.,August 2026 (before Dec ULTRA HOT threshold),Currently HOT — escalates to ULTRA HOT Dec 2026. NOT in October pool. Call August-September.
Mark Alloys Pvt. Ltd.,BRICKWORK,Term Loan,C,2025-12-04,HOT,ULTRA HOT,2026-12-04,8.8,Steel & Metals,Steel & Metals,Standard,D365,INC rating hits ULTRA HOT on 2026-12-04 — prime Q1 2027 renewal target,Your Term Loan at BRICKWORK goes critical in Dec 2026. Start ACER process in Sep 2026 — before the Q1 rush.,August 2026 (before Dec ULTRA HOT threshold),Currently HOT — escalates to ULTRA HOT Dec 2026. NOT in October pool. Call August-September.
H M Steels Ltd.,BRICKWORK,Letter of Credit,A 4,2025-12-04,HOT,ULTRA HOT,2026-12-04,5.0,Steel & Metals,Steel & Metals,Standard,D365,INC rating hits ULTRA HOT on 2026-12-04 — prime Q1 2027 renewal target,Your Letter of Credit at BRICKWORK goes critical in Dec 2026. Start ACER process in Sep 2026 — before the Q1 rush.,August 2026 (before Dec ULTRA HOT threshold),Currently HOT — escalates to ULTRA HOT Dec 2026. NOT in October pool. Call August-September.
Palash Udyog Foods Pvt. Ltd.,ACUITE,Term Loan,B-,2025-12-04,HOT,ULTRA HOT,2026-12-04,4.55,Agro/Food,Agro/Food,Standard,D365,INC rating hits ULTRA HOT on 2026-12-04 — prime Q1 2027 renewal target,Your Term Loan at ACUITE goes critical in Dec 2026. Start ACER process in Sep 2026 — before the Q1 rush.,August 2026 (before Dec ULTRA HOT threshold),Currently HOT — escalates to ULTRA HOT Dec 2026. NOT in October pool. Call August-September.
Aryas Grains Pvt. Ltd.,BRICKWORK,Bank Guarantee,A 4,2025-12-04,HOT,ULTRA HOT,2026-12-04,4.0,Agro/Food,Agro/Food,Standard,D365,INC rating hits ULTRA HOT on 2026-12-04 — prime Q1 2027 renewal target,Your Bank Guarantee at BRICKWORK goes critical in Dec 2026. Start ACER process in Sep 2026 — before the Q1 rush.,August 2026 (before Dec ULTRA HOT threshold),Currently HOT — escalates to ULTRA HOT Dec 2026. NOT in October pool. Call August-September.
United Facilities and Logistics Private Limited,Infomerics,Long Term Bank Facilities,IVR B (INC) (Downgraded),2025-12-04,HOT,ULTRA HOT,2026-12-04,3.5,Logistics,Logistics,Standard,Infomerics,INC rating hits ULTRA HOT on 2026-12-04 — exclusive Q1 2027 whitespace lead,Your Infomerics INC rating goes critical in Dec 2026. ACER is your best alternative — no competitor has approached you.,August 2026 (before Dec ULTRA HOT threshold),Currently HOT — escalates to ULTRA HOT Dec 2026. NOT in October pool. Call August-September.
United Facilities and Logistics Private Limited,Infomerics,Long Term Bank Facilities,IVR B (INC) (Downgraded),2025-12-04,HOT,ULTRA HOT,2026-12-04,3.5,Logistics,Logistics,Standard,Infomerics,INC rating hits ULTRA HOT on 2026-12-04 — exclusive Q1 2027 whitespace lead,Your Infomerics INC rating goes critical in Dec 2026. ACER is your best alternative — no competitor has approached you.,August 2026 (before Dec ULTRA HOT threshold),Currently HOT — escalates to ULTRA HOT Dec 2026. NOT in October pool. Call August-September.
Fine Pac Structures Pvt. Ltd.,CARE,Bank Guarantee,A 4,2025-12-04,HOT,ULTRA HOT,2026-12-04,2.9,Other,Other,Standard,D365,INC rating hits ULTRA HOT on 2026-12-04 — prime Q1 2027 renewal target,Your Bank Guarantee at CARE goes critical in Dec 2026. Start ACER process in Sep 2026 — before the Q1 rush.,August 2026 (before Dec ULTRA HOT threshold),Currently HOT — escalates to ULTRA HOT Dec 2026. NOT in October pool. Call August-September.
Fine Pac Structures Pvt. Ltd.,CARE,NCD/Bond,B-/A4,2025-12-04,HOT,ULTRA HOT,2026-12-04,2.8,Other,Other,NCD — SEBI License Required,D365,INC rating hits ULTRA HOT on 2026-12-04 — prime Q1 2027 renewal target,Your NCD/Bond at CARE goes critical in Dec 2026. Start ACER process in Sep 2026 — before the Q1 rush.,August 2026 (before Dec ULTRA HOT threshold),Currently HOT — escalates to ULTRA HOT Dec 2026. NOT in October pool. Call August-September.
J M K Enterprises Pvt. Ltd.,ACUITE,Term Loan,B-,2025-12-04,HOT,ULTRA HOT,2026-12-04,2.39,Other,Other,Standard,D365,INC rating hits ULTRA HOT on 2026-12-04 — prime Q1 2027 renewal target,Your Term Loan at ACUITE goes critical in Dec 2026. Start ACER process in Sep 2026 — before the Q1 rush.,August 2026 (before Dec ULTRA HOT threshold),Currently HOT — escalates to ULTRA HOT Dec 2026. NOT in October pool. Call August-September.
Fine Pac Structures Pvt. Ltd.,CARE,Term Loan,B-,2025-12-04,HOT,ULTRA HOT,2026-12-04,2.3,Other,Other,Standard,D365,INC rating hits ULTRA HOT on 2026-12-04 — prime Q1 2027 renewal target,Your Term Loan at CARE goes critical in Dec 2026. Start ACER process in Sep 2026 — before the Q1 rush.,August 2026 (before Dec ULTRA HOT threshold),Currently HOT — escalates to ULTRA HOT Dec 2026. NOT in October pool. Call August-September.
H M Steels Ltd.,BRICKWORK,Bank Guarantee,B,2025-12-04,HOT,ULTRA HOT,2026-12-04,2.0,Steel & Metals,Steel & Metals,Standard,D365,INC rating hits ULTRA HOT on 2026-12-04 — prime Q1 2027 renewal target,Your Bank Guarantee at BRICKWORK goes critical in Dec 2026. Start ACER process in Sep 2026 — before the Q1 rush.,August 2026 (before Dec ULTRA HOT threshold),Currently HOT — escalates to ULTRA HOT Dec 2026. NOT in October pool. Call August-September.
Mark Alloys Pvt. Ltd.,BRICKWORK,Bank Guarantee,A 4,2025-12-04,HOT,ULTRA HOT,2026-12-04,1.0,Steel & Metals,Steel & Metals,Standard,D365,INC rating hits ULTRA HOT on 2026-12-04 — prime Q1 2027 renewal target,Your Bank Guarantee at BRICKWORK goes critical in Dec 2026. Start ACER process in Sep 2026 — before the Q1 rush.,August 2026 (before Dec ULTRA HOT threshold),Currently HOT — escalates to ULTRA HOT Dec 2026. NOT in October pool. Call August-September.
Universal Petrochemicals Ltd.,BRICKWORK,Bank Guarantee,A 4,2025-12-04,HOT,ULTRA HOT,2026-12-04,0.75,Chemicals/Pharma,Chemicals/Pharma,Standard,D365,INC rating hits ULTRA HOT on 2026-12-04 — prime Q1 2027 renewal target,Your Bank Guarantee at BRICKWORK goes critical in Dec 2026. Start ACER process in Sep 2026 — before the Q1 rush.,August 2026 (before Dec ULTRA HOT threshold),Currently HOT — escalates to ULTRA HOT Dec 2026. NOT in October pool. Call August-September.
Palash Udyog Foods Pvt. Ltd.,ACUITE,Term Loan,B-,2025-12-04,HOT,ULTRA HOT,2026-12-04,0.7,Agro/Food,Agro/Food,Standard,D365,INC rating hits ULTRA HOT on 2026-12-04 — prime Q1 2027 renewal target,Your Term Loan at ACUITE goes critical in Dec 2026. Start ACER process in Sep 2026 — before the Q1 rush.,August 2026 (before Dec ULTRA HOT threshold),Currently HOT — escalates to ULTRA HOT Dec 2026. NOT in October pool. Call August-September.
Multitech Auto Pvt. Ltd. [Merged],BRICKWORK,Bank Guarantee,A 4,2025-12-04,HOT,ULTRA HOT,2026-12-04,0.5,Manufacturing,Manufacturing,Standard,D365,INC rating hits ULTRA HOT on 2026-12-04 — prime Q1 2027 renewal target,Your Bank Guarantee at BRICKWORK goes critical in Dec 2026. Start ACER process in Sep 2026 — before the Q1 rush.,August 2026 (before Dec ULTRA HOT threshold),Currently HOT — escalates to ULTRA HOT Dec 2026. NOT in October pool. Call August-September.
J M K Enterprises Pvt. Ltd.,ACUITE,Term Loan,B-,2025-12-04,HOT,ULTRA HOT,2026-12-04,0.01,Other,Other,Standard,D365,INC rating hits ULTRA HOT on 2026-12-04 — prime Q1 2027 renewal target,Your Term Loan at ACUITE goes critical in Dec 2026. Start ACER process in Sep 2026 — before the Q1 rush.,August 2026 (before Dec ULTRA HOT threshold),Currently HOT — escalates to ULTRA HOT Dec 2026. NOT in October pool. Call August-September.
Hindustan Coils Ltd.,CARE,Term Loan,BB-,2025-12-04,HOT,ULTRA HOT,2026-12-04,0.0,Energy,Energy,Standard,D365,INC rating hits ULTRA HOT on 2026-12-04 — prime Q1 2027 renewal target,Your Term Loan at CARE goes critical in Dec 2026. Start ACER process in Sep 2026 — before the Q1 rush.,August 2026 (before Dec ULTRA HOT threshold),Currently HOT — escalates to ULTRA HOT Dec 2026. NOT in October pool. Call August-September.
Eversendai Construction Pvt. Ltd.,ACUITE,Bank Guarantee,A 4+,2025-12-05,HOT,ULTRA HOT,2026-12-05,290.0,Construction,Construction,Standard,D365,INC rating hits ULTRA HOT on 2026-12-05 — prime Q1 2027 renewal target,Your Bank Guarantee at ACUITE goes critical in Dec 2026. Start ACER process in Sep 2026 — before the Q1 rush.,August 2026 (before Dec ULTRA HOT threshold),Currently HOT — escalates to ULTRA HOT Dec 2026. NOT in October pool. Call August-September.
Chola Spinning Mills Pvt. Ltd.,CARE,Term Loan,B+,2025-12-05,HOT,ULTRA HOT,2026-12-05,113.06,Agro/Food,Agro/Food,Standard,D365,INC rating hits ULTRA HOT on 2026-12-05 — prime Q1 2027 renewal target,Your Term Loan at CARE goes critical in Dec 2026. Start ACER process in Sep 2026 — before the Q1 rush.,August 2026 (before Dec ULTRA HOT threshold),Currently HOT — escalates to ULTRA HOT Dec 2026. NOT in October pool. Call August-September.
Mahalaxmi Automotives Pvt. Ltd.,CRISIL,Fund-Based,B,2025-12-05,HOT,ULTRA HOT,2026-12-05,73.5,Manufacturing,Manufacturing,Standard,D365,INC rating hits ULTRA HOT on 2026-12-05 — prime Q1 2027 renewal target,Your Fund-Based at CRISIL goes critical in Dec 2026. Start ACER process in Sep 2026 — before the Q1 rush.,August 2026 (before Dec ULTRA HOT threshold),Currently HOT — escalates to ULTRA HOT Dec 2026. NOT in October pool. Call August-September.
Kaveri Garage Private Limited,Infomerics,Long Term Facilities,IVR B+ (INC) (Downgraded),2025-12-05,HOT,ULTRA HOT,2026-12-05,57.15,Other,Other,Standard,Infomerics,INC rating hits ULTRA HOT on 2026-12-05 — exclusive Q1 2027 whitespace lead,Your Infomerics INC rating goes critical in Dec 2026. ACER is your best alternative — no competitor has approached you.,August 2026 (before Dec ULTRA HOT threshold),Currently HOT — escalates to ULTRA HOT Dec 2026. NOT in October pool. Call August-September.
Eversendai Construction Pvt. Ltd.,ACUITE,Letter of Credit,A 4+,2025-12-05,HOT,ULTRA HOT,2026-12-05,45.0,Construction,Construction,Standard,D365,INC rating hits ULTRA HOT on 2026-12-05 — prime Q1 2027 renewal target,Your Letter of Credit at ACUITE goes critical in Dec 2026. Start ACER process in Sep 2026 — before the Q1 rush.,August 2026 (before Dec ULTRA HOT threshold),Currently HOT — escalates to ULTRA HOT Dec 2026. NOT in October pool. Call August-September.
Chowgule Industries Pvt. Ltd.,ICRA,NCD/Bond,BB+/A4+,2025-12-05,HOT,ULTRA HOT,2026-12-05,40.0,Other,Manufacturing,NCD — SEBI License Required,D365,INC rating hits ULTRA HOT on 2026-12-05 — prime Q1 2027 renewal target,Your NCD/Bond at ICRA goes critical in Dec 2026. Start ACER process in Sep 2026 — before the Q1 rush.,August 2026 (before Dec ULTRA HOT threshold),Currently HOT — escalates to ULTRA HOT Dec 2026. NOT in October pool. Call August-September.
Diligent SCM Solutions Private Limited,Infomerics,Long Term Facilities,IVR BBB- (INC),2025-12-05,HOT,ULTRA HOT,2026-12-05,31.6,Other,Other,Standard,Infomerics,INC rating hits ULTRA HOT on 2026-12-05 — exclusive Q1 2027 whitespace lead,Your Infomerics INC rating goes critical in Dec 2026. ACER is your best alternative — no competitor has approached you.,August 2026 (before Dec ULTRA HOT threshold),Currently HOT — escalates to ULTRA HOT Dec 2026. NOT in October pool. Call August-September.
Lotus Logistics & Developers Pvt. Ltd.,CRISIL,Term Loan,B,2025-12-05,HOT,ULTRA HOT,2026-12-05,30.0,Logistics,Logistics,Standard,D365,INC rating hits ULTRA HOT on 2026-12-05 — prime Q1 2027 renewal target,Your Term Loan at CRISIL goes critical in Dec 2026. Start ACER process in Sep 2026 — before the Q1 rush.,August 2026 (before Dec ULTRA HOT threshold),Currently HOT — escalates to ULTRA HOT Dec 2026. NOT in October pool. Call August-September.
Avtar Installments Private Limited,Infomerics,Proposed Long Term Bank Facilities,IVR BB- (INC) (Downgraded),2025-12-05,HOT,ULTRA HOT,2026-12-05,30.0,Other,Other,Standard,Infomerics,INC rating hits ULTRA HOT on 2026-12-05 — exclusive Q1 2027 whitespace lead,Your Infomerics INC rating goes critical in Dec 2026. ACER is your best alternative — no competitor has approached you.,August 2026 (before Dec ULTRA HOT threshold),Currently HOT — escalates to ULTRA HOT Dec 2026. NOT in October pool. Call August-September.
Shine Cot-Spin Pvt. Ltd.,BRICKWORK,Term Loan,B,2025-12-05,HOT,ULTRA HOT,2026-12-05,29.94,Other,Other,Standard,D365,INC rating hits ULTRA HOT on 2026-12-05 — prime Q1 2027 renewal target,Your Term Loan at BRICKWORK goes critical in Dec 2026. Start ACER process in Sep 2026 — before the Q1 rush.,August 2026 (before Dec ULTRA HOT threshold),Currently HOT — escalates to ULTRA HOT Dec 2026. NOT in October pool. Call August-September.
Ajara Health Care & Research Centre Pvt. Ltd.,CRISIL,Term Loan,B+,2025-12-05,HOT,ULTRA HOT,2026-12-05,29.3,Healthcare,Healthcare,Standard,D365,INC rating hits ULTRA HOT on 2026-12-05 — prime Q1 2027 renewal target,Your Term Loan at CRISIL goes critical in Dec 2026. Start ACER process in Sep 2026 — before the Q1 rush.,August 2026 (before Dec ULTRA HOT threshold),Currently HOT — escalates to ULTRA HOT Dec 2026. NOT in October pool. Call August-September.
Diligent SCM Solutions Private Limited,Infomerics,Short Term Facilities,IVR A3 (INC),2025-12-05,HOT,ULTRA HOT,2026-12-05,27.82,Other,Other,Standard,Infomerics,INC rating hits ULTRA HOT on 2026-12-05 — exclusive Q1 2027 whitespace lead,Your Infomerics INC rating goes critical in Dec 2026. ACER is your best alternative — no competitor has approached you.,August 2026 (before Dec ULTRA HOT threshold),Currently HOT — escalates to ULTRA HOT Dec 2026. NOT in October pool. Call August-September.
Sakthi Poultry Private Limited,Infomerics,Long Term Facilities,IVR BB (INC) (Downgraded),2025-12-05,HOT,ULTRA HOT,2026-12-05,26.62,Agro/Food,Agro/Food,Standard,Infomerics,INC rating hits ULTRA HOT on 2026-12-05 — exclusive Q1 2027 whitespace lead,Your Infomerics INC rating goes critical in Dec 2026. ACER is your best alternative — no competitor has approached you.,August 2026 (before Dec ULTRA HOT threshold),Currently HOT — escalates to ULTRA HOT Dec 2026. NOT in October pool. Call August-September.
Kwality Pharmaceuticals Ltd.,ICRA,Term Loan,B+,2025-12-05,HOT,ULTRA HOT,2026-12-05,22.0,Chemicals/Pharma,Chemicals/Pharma,Standard,D365,INC rating hits ULTRA HOT on 2026-12-05 — prime Q1 2027 renewal target,Your Term Loan at ICRA goes critical in Dec 2026. Start ACER process in Sep 2026 — before the Q1 rush.,August 2026 (before Dec ULTRA HOT threshold),Currently HOT — escalates to ULTRA HOT Dec 2026. NOT in October pool. Call August-September.
BLN Infra Private Limited,Infomerics,Long Term Bank Facilities,IVR BB- (INC) (Reaffirmed),2025-12-05,HOT,ULTRA HOT,2026-12-05,19.72,Construction,Construction,Standard,Infomerics,INC rating hits ULTRA HOT on 2026-12-05 — exclusive Q1 2027 whitespace lead,Your Infomerics INC rating goes critical in Dec 2026. ACER is your best alternative — no competitor has approached you.,August 2026 (before Dec ULTRA HOT threshold),Currently HOT — escalates to ULTRA HOT Dec 2026. NOT in October pool. Call August-September.
M/s Narayan Associates,Infomerics,Long Term Bank Facilities-Proposed,IVR BB- (INC) (Downgraded),2025-12-05,HOT,ULTRA HOT,2026-12-05,18.3,Other,Other,Standard,Infomerics,INC rating hits ULTRA HOT on 2026-12-05 — exclusive Q1 2027 whitespace lead,Your Infomerics INC rating goes critical in Dec 2026. ACER is your best alternative — no competitor has approached you.,August 2026 (before Dec ULTRA HOT threshold),Currently HOT — escalates to ULTRA HOT Dec 2026. NOT in October pool. Call August-September.
Shanti Structure Pvt. Ltd.,CRISIL,Bank Guarantee,A 4,2025-12-05,HOT,ULTRA HOT,2026-12-05,17.5,Other,Other,Standard,D365,INC rating hits ULTRA HOT on 2026-12-05 — prime Q1 2027 renewal target,Your Bank Guarantee at CRISIL goes critical in Dec 2026. Start ACER process in Sep 2026 — before the Q1 rush.,August 2026 (before Dec ULTRA HOT threshold),Currently HOT — escalates to ULTRA HOT Dec 2026. NOT in October pool. Call August-September.
Chintpurni Steels Pvt. Ltd.,BRICKWORK,Term Loan,C,2025-12-05,HOT,ULTRA HOT,2026-12-05,17.34,Steel & Metals,Steel & Metals,Standard,D365,INC rating hits ULTRA HOT on 2026-12-05 — prime Q1 2027 renewal target,Your Term Loan at BRICKWORK goes critical in Dec 2026. Start ACER process in Sep 2026 — before the Q1 rush.,August 2026 (before Dec ULTRA HOT threshold),Currently HOT — escalates to ULTRA HOT Dec 2026. NOT in October pool. Call August-September.
Siva Sankar Motors Pvt. Ltd.,CARE,Term Loan,BB-,2025-12-05,HOT,ULTRA HOT,2026-12-05,16.28,Other,Automobiles,Standard,D365,INC rating hits ULTRA HOT on 2026-12-05 — prime Q1 2027 renewal target,Your Term Loan at CARE goes critical in Dec 2026. Start ACER process in Sep 2026 — before the Q1 rush.,August 2026 (before Dec ULTRA HOT threshold),Currently HOT — escalates to ULTRA HOT Dec 2026. NOT in October pool. Call August-September.
Mahalaxmi Automotives Pvt. Ltd.,CRISIL,Term Loan,B,2025-12-05,HOT,ULTRA HOT,2026-12-05,16.2,Manufacturing,Manufacturing,Standard,D365,INC rating hits ULTRA HOT on 2026-12-05 — prime Q1 2027 renewal target,Your Term Loan at CRISIL goes critical in Dec 2026. Start ACER process in Sep 2026 — before the Q1 rush.,August 2026 (before Dec ULTRA HOT threshold),Currently HOT — escalates to ULTRA HOT Dec 2026. NOT in October pool. Call August-September.
Maa Amba Towers Ltd.,CRISIL,Term Loan,B+,2025-12-05,HOT,ULTRA HOT,2026-12-05,16.18,Other,Other,Standard,D365,INC rating hits ULTRA HOT on 2026-12-05 — prime Q1 2027 renewal target,Your Term Loan at CRISIL goes critical in Dec 2026. Start ACER process in Sep 2026 — before the Q1 rush.,August 2026 (before Dec ULTRA HOT threshold),Currently HOT — escalates to ULTRA HOT Dec 2026. NOT in October pool. Call August-September.
Miraj Engineering Services Pvt. Ltd.,CRISIL,Bank Guarantee,A 4,2025-12-05,HOT,ULTRA HOT,2026-12-05,15.5,Manufacturing,Manufacturing,Standard,D365,INC rating hits ULTRA HOT on 2026-12-05 — prime Q1 2027 renewal target,Your Bank Guarantee at CRISIL goes critical in Dec 2026. Start ACER process in Sep 2026 — before the Q1 rush.,August 2026 (before Dec ULTRA HOT threshold),Currently HOT — escalates to ULTRA HOT Dec 2026. NOT in October pool. Call August-September.
Aishwaryagiri Constructions Pvt. Ltd.,CRISIL,Bank Guarantee,A 4,2025-12-05,HOT,ULTRA HOT,2026-12-05,15.0,Construction,Construction,Standard,D365,INC rating hits ULTRA HOT on 2026-12-05 — prime Q1 2027 renewal target,Your Bank Guarantee at CRISIL goes critical in Dec 2026. Start ACER process in Sep 2026 — before the Q1 rush.,August 2026 (before Dec ULTRA HOT threshold),Currently HOT — escalates to ULTRA HOT Dec 2026. NOT in October pool. Call August-September.
Gupta Hair Products Pvt. Ltd.,CARE,NCD/Bond,B-/A4,2025-12-05,HOT,ULTRA HOT,2026-12-05,14.75,Other,Other,NCD — SEBI License Required,D365,INC rating hits ULTRA HOT on 2026-12-05 — prime Q1 2027 renewal target,Your NCD/Bond at CARE goes critical in Dec 2026. Start ACER process in Sep 2026 — before the Q1 rush.,August 2026 (before Dec ULTRA HOT threshold),Currently HOT — escalates to ULTRA HOT Dec 2026. NOT in October pool. Call August-September.
Barak Valley Cements Ltd.,CARE,Term Loan,BB+,2025-12-05,HOT,ULTRA HOT,2026-12-05,14.0,Construction,Construction,Standard,D365,INC rating hits ULTRA HOT on 2026-12-05 — prime Q1 2027 renewal target,Your Term Loan at CARE goes critical in Dec 2026. Start ACER process in Sep 2026 — before the Q1 rush.,August 2026 (before Dec ULTRA HOT threshold),Currently HOT — escalates to ULTRA HOT Dec 2026. NOT in October pool. Call August-September.
Syndicate Wiper Systems Pvt. Ltd.,CRISIL,Term Loan,B,2025-12-05,HOT,ULTRA HOT,2026-12-05,13.5,Other,IT/Technology,Standard,D365,INC rating hits ULTRA HOT on 2026-12-05 — prime Q1 2027 renewal target,Your Term Loan at CRISIL goes critical in Dec 2026. Start ACER process in Sep 2026 — before the Q1 rush.,August 2026 (before Dec ULTRA HOT threshold),Currently HOT — escalates to ULTRA HOT Dec 2026. NOT in October pool. Call August-September.
B R D Car World Ltd.,ACUITE,Term Loan,BB+,2025-12-05,HOT,ULTRA HOT,2026-12-05,13.43,Other,Automobiles,Standard,D365,INC rating hits ULTRA HOT on 2026-12-05 — prime Q1 2027 renewal target,Your Term Loan at ACUITE goes critical in Dec 2026. Start ACER process in Sep 2026 — before the Q1 rush.,August 2026 (before Dec ULTRA HOT threshold),Currently HOT — escalates to ULTRA HOT Dec 2026. NOT in October pool. Call August-September.
Nova Publications & Printers Pvt. Ltd.,CRISIL,Bank Guarantee,A 4,2025-12-05,HOT,ULTRA HOT,2026-12-05,12.73,Other,Other,Standard,D365,INC rating hits ULTRA HOT on 2026-12-05 — prime Q1 2027 renewal target,Your Bank Guarantee at CRISIL goes critical in Dec 2026. Start ACER process in Sep 2026 — before the Q1 rush.,August 2026 (before Dec ULTRA HOT threshold),Currently HOT — escalates to ULTRA HOT Dec 2026. NOT in October pool. Call August-September.
Genesis Finance Co. Ltd.,BRICKWORK,Term Loan,B,2025-12-05,HOT,ULTRA HOT,2026-12-05,12.08,BFSI,BFSI,Standard,D365,INC rating hits ULTRA HOT on 2026-12-05 — prime Q1 2027 renewal target,Your Term Loan at BRICKWORK goes critical in Dec 2026. Start ACER process in Sep 2026 — before the Q1 rush.,August 2026 (before Dec ULTRA HOT threshold),Currently HOT — escalates to ULTRA HOT Dec 2026. NOT in October pool. Call August-September.
Chheda Specialities Foods Pvt. Ltd.,CRISIL,Term Loan,BB+,2025-12-05,HOT,ULTRA HOT,2026-12-05,12.0,Agro/Food,Agro/Food,Standard,D365,INC rating hits ULTRA HOT on 2026-12-05 — prime Q1 2027 renewal target,Your Term Loan at CRISIL goes critical in Dec 2026. Start ACER process in Sep 2026 — before the Q1 rush.,August 2026 (before Dec ULTRA HOT threshold),Currently HOT — escalates to ULTRA HOT Dec 2026. NOT in October pool. Call August-September.
Magnolia Martinique Clothing Pvt. Ltd.,CRISIL,Term Loan,B,2025-12-05,HOT,ULTRA HOT,2026-12-05,12.0,Other,Textiles,Standard,D365,INC rating hits ULTRA HOT on 2026-12-05 — prime Q1 2027 renewal target,Your Term Loan at CRISIL goes critical in Dec 2026. Start ACER process in Sep 2026 — before the Q1 rush.,August 2026 (before Dec ULTRA HOT threshold),Currently HOT — escalates to ULTRA HOT Dec 2026. NOT in October pool. Call August-September.
Skyz Stones Pvt. Ltd.,BRICKWORK,Fund-Based,BB-,2025-12-05,HOT,ULTRA HOT,2026-12-05,11.43,Other,Mining,Standard,D365,INC rating hits ULTRA HOT on 2026-12-05 — prime Q1 2027 renewal target,Your Fund-Based at BRICKWORK goes critical in Dec 2026. Start ACER process in Sep 2026 — before the Q1 rush.,August 2026 (before Dec ULTRA HOT threshold),Currently HOT — escalates to ULTRA HOT Dec 2026. NOT in October pool. Call August-September.
Ritika Systems Pvt. Ltd.,ACUITE,Bank Guarantee,A 4,2025-12-05,HOT,ULTRA HOT,2026-12-05,10.0,Other,IT/Technology,Standard,D365,INC rating hits ULTRA HOT on 2026-12-05 — prime Q1 2027 renewal target,Your Bank Guarantee at ACUITE goes critical in Dec 2026. Start ACER process in Sep 2026 — before the Q1 rush.,August 2026 (before Dec ULTRA HOT threshold),Currently HOT — escalates to ULTRA HOT Dec 2026. NOT in October pool. Call August-September.
A & T Infracon Pvt. Ltd.,CARE,Bank Guarantee,A 4,2025-12-05,HOT,ULTRA HOT,2026-12-05,10.0,Construction,Construction,Standard,D365,INC rating hits ULTRA HOT on 2026-12-05 — prime Q1 2027 renewal target,Your Bank Guarantee at CARE goes critical in Dec 2026. Start ACER process in Sep 2026 — before the Q1 rush.,August 2026 (before Dec ULTRA HOT threshold),Currently HOT — escalates to ULTRA HOT Dec 2026. NOT in October pool. Call August-September.
Ajara Health Care & Research Centre Pvt. Ltd.,CRISIL,Term Loan,B+,2025-12-05,HOT,ULTRA HOT,2026-12-05,10.0,Healthcare,Healthcare,Standard,D365,INC rating hits ULTRA HOT on 2026-12-05 — prime Q1 2027 renewal target,Your Term Loan at CRISIL goes critical in Dec 2026. Start ACER process in Sep 2026 — before the Q1 rush.,August 2026 (before Dec ULTRA HOT threshold),Currently HOT — escalates to ULTRA HOT Dec 2026. NOT in October pool. Call August-September.
Kwality Pharmaceuticals Ltd.,ICRA,NCD/Bond,B+/A4,2025-12-05,HOT,ULTRA HOT,2026-12-05,9.92,Chemicals/Pharma,Chemicals/Pharma,NCD — SEBI License Required,D365,INC rating hits ULTRA HOT on 2026-12-05 — prime Q1 2027 renewal target,Your NCD/Bond at ICRA goes critical in Dec 2026. Start ACER process in Sep 2026 — before the Q1 rush.,August 2026 (before Dec ULTRA HOT threshold),Currently HOT — escalates to ULTRA HOT Dec 2026. NOT in October pool. Call August-September.
Frontech Pvt. Ltd.,CRISIL,Letter of Credit,A 4,2025-12-05,HOT,ULTRA HOT,2026-12-05,9.75,IT/Technology,IT/Technology,Standard,D365,INC rating hits ULTRA HOT on 2026-12-05 — prime Q1 2027 renewal target,Your Letter of Credit at CRISIL goes critical in Dec 2026. Start ACER process in Sep 2026 — before the Q1 rush.,August 2026 (before Dec ULTRA HOT threshold),Currently HOT — escalates to ULTRA HOT Dec 2026. NOT in October pool. Call August-September.
Kwality Pharmaceuticals Ltd.,ICRA,Non-Fund-Based,A 4,2025-12-05,HOT,ULTRA HOT,2026-12-05,9.0,Chemicals/Pharma,Chemicals/Pharma,Standard,D365,INC rating hits ULTRA HOT on 2026-12-05 — prime Q1 2027 renewal target,Your Non-Fund-Based at ICRA goes critical in Dec 2026. Start ACER process in Sep 2026 — before the Q1 rush.,August 2026 (before Dec ULTRA HOT threshold),Currently HOT — escalates to ULTRA HOT Dec 2026. NOT in October pool. Call August-September.
A P S Hydro Pvt. Ltd.,CRISIL,Bank Guarantee,A 4,2025-12-05,HOT,ULTRA HOT,2026-12-05,9.0,Energy,Energy,Standard,D365,INC rating hits ULTRA HOT on 2026-12-05 — prime Q1 2027 renewal target,Your Bank Guarantee at CRISIL goes critical in Dec 2026. Start ACER process in Sep 2026 — before the Q1 rush.,August 2026 (before Dec ULTRA HOT threshold),Currently HOT — escalates to ULTRA HOT Dec 2026. NOT in October pool. Call August-September.
Ascan Plyboard India Pvt. Ltd.,BRICKWORK,Letter of Credit,A 4,2025-12-05,HOT,ULTRA HOT,2026-12-05,9.0,Paper/Packaging,Paper/Packaging,Standard,D365,INC rating hits ULTRA HOT on 2026-12-05 — prime Q1 2027 renewal target,Your Letter of Credit at BRICKWORK goes critical in Dec 2026. Start ACER process in Sep 2026 — before the Q1 rush.,August 2026 (before Dec ULTRA HOT threshold),Currently HOT — escalates to ULTRA HOT Dec 2026. NOT in October pool. Call August-September.
Bai-Kakaji Aquasure Solutions Pvt. Ltd.,CRISIL,Term Loan,B,2025-12-05,HOT,ULTRA HOT,2026-12-05,7.75,Other,Other,Standard,D365,INC rating hits ULTRA HOT on 2026-12-05 — prime Q1 2027 renewal target,Your Term Loan at CRISIL goes critical in Dec 2026. Start ACER process in Sep 2026 — before the Q1 rush.,August 2026 (before Dec ULTRA HOT threshold),Currently HOT — escalates to ULTRA HOT Dec 2026. NOT in October pool. Call August-September.
Skyz Stones Pvt. Ltd.,BRICKWORK,Term Loan,BB-,2025-12-05,HOT,ULTRA HOT,2026-12-05,7.55,Other,Mining,Standard,D365,INC rating hits ULTRA HOT on 2026-12-05 — prime Q1 2027 renewal target,Your Term Loan at BRICKWORK goes critical in Dec 2026. Start ACER process in Sep 2026 — before the Q1 rush.,August 2026 (before Dec ULTRA HOT threshold),Currently HOT — escalates to ULTRA HOT Dec 2026. NOT in October pool. Call August-September.
Ashirbad Agro Products Pvt. Ltd.,CRISIL,Term Loan,B+,2025-12-05,HOT,ULTRA HOT,2026-12-05,7.0,Agro/Food,Agro/Food,Standard,D365,INC rating hits ULTRA HOT on 2026-12-05 — prime Q1 2027 renewal target,Your Term Loan at CRISIL goes critical in Dec 2026. Start ACER process in Sep 2026 — before the Q1 rush.,August 2026 (before Dec ULTRA HOT threshold),Currently HOT — escalates to ULTRA HOT Dec 2026. NOT in October pool. Call August-September.
M/s Narayan Associates,Infomerics,Long Term Bank Facilities,IVR BB- (INC) (Downgraded),2025-12-05,HOT,ULTRA HOT,2026-12-05,7.0,Other,Other,Standard,Infomerics,INC rating hits ULTRA HOT on 2026-12-05 — exclusive Q1 2027 whitespace lead,Your Infomerics INC rating goes critical in Dec 2026. ACER is your best alternative — no competitor has approached you.,August 2026 (before Dec ULTRA HOT threshold),Currently HOT — escalates to ULTRA HOT Dec 2026. NOT in October pool. Call August-September.
Tirupur Pandit Hosiery Millss Pvt. Ltd.,ACUITE,Term Loan,B-,2025-12-05,HOT,ULTRA HOT,2026-12-05,6.47,Agro/Food,Agro/Food,Standard,D365,INC rating hits ULTRA HOT on 2026-12-05 — prime Q1 2027 renewal target,Your Term Loan at ACUITE goes critical in Dec 2026. Start ACER process in Sep 2026 — before the Q1 rush.,August 2026 (before Dec ULTRA HOT threshold),Currently HOT — escalates to ULTRA HOT Dec 2026. NOT in October pool. Call August-September.
Nishigandha Polymers Pvt. Ltd.,CRISIL,Letter of Credit,A 4,2025-12-05,HOT,ULTRA HOT,2026-12-05,6.0,Chemicals/Pharma,Chemicals/Pharma,Standard,D365,INC rating hits ULTRA HOT on 2026-12-05 — prime Q1 2027 renewal target,Your Letter of Credit at CRISIL goes critical in Dec 2026. Start ACER process in Sep 2026 — before the Q1 rush.,August 2026 (before Dec ULTRA HOT threshold),Currently HOT — escalates to ULTRA HOT Dec 2026. NOT in October pool. Call August-September.
A P S Hydro Pvt. Ltd.,CRISIL,Bank Guarantee,A 4,2025-12-05,HOT,ULTRA HOT,2026-12-05,6.0,Energy,Energy,Standard,D365,INC rating hits ULTRA HOT on 2026-12-05 — prime Q1 2027 renewal target,Your Bank Guarantee at CRISIL goes critical in Dec 2026. Start ACER process in Sep 2026 — before the Q1 rush.,August 2026 (before Dec ULTRA HOT threshold),Currently HOT — escalates to ULTRA HOT Dec 2026. NOT in October pool. Call August-September.
A P S Hydro Pvt. Ltd.,CRISIL,Term Loan,B,2025-12-05,HOT,ULTRA HOT,2026-12-05,6.0,Energy,Energy,Standard,D365,INC rating hits ULTRA HOT on 2026-12-05 — prime Q1 2027 renewal target,Your Term Loan at CRISIL goes critical in Dec 2026. Start ACER process in Sep 2026 — before the Q1 rush.,August 2026 (before Dec ULTRA HOT threshold),Currently HOT — escalates to ULTRA HOT Dec 2026. NOT in October pool. Call August-September.
Champion Commercial Co. Ltd.,ICRA,Non-Fund-Based,A 4,2025-12-05,HOT,ULTRA HOT,2026-12-05,5.5,Other,Other,Standard,D365,INC rating hits ULTRA HOT on 2026-12-05 — prime Q1 2027 renewal target,Your Non-Fund-Based at ICRA goes critical in Dec 2026. Start ACER process in Sep 2026 — before the Q1 rush.,August 2026 (before Dec ULTRA HOT threshold),Currently HOT — escalates to ULTRA HOT Dec 2026. NOT in October pool. Call August-September.
Masti Health & Beauty Pvt. Ltd.,CRISIL,Term Loan,B+,2025-12-05,HOT,ULTRA HOT,2026-12-05,5.5,Healthcare,Healthcare,Standard,D365,INC rating hits ULTRA HOT on 2026-12-05 — prime Q1 2027 renewal target,Your Term Loan at CRISIL goes critical in Dec 2026. Start ACER process in Sep 2026 — before the Q1 rush.,August 2026 (before Dec ULTRA HOT threshold),Currently HOT — escalates to ULTRA HOT Dec 2026. NOT in October pool. Call August-September.
B R D Car World Ltd.,ACUITE,Term Loan,BB+,2025-12-05,HOT,ULTRA HOT,2026-12-05,5.07,Other,Automobiles,Standard,D365,INC rating hits ULTRA HOT on 2026-12-05 — prime Q1 2027 renewal target,Your Term Loan at ACUITE goes critical in Dec 2026. Start ACER process in Sep 2026 — before the Q1 rush.,August 2026 (before Dec ULTRA HOT threshold),Currently HOT — escalates to ULTRA HOT Dec 2026. NOT in October pool. Call August-September.
Kay Dee Communications Pvt. Ltd.,CRISIL,Bank Guarantee,A 4,2025-12-05,HOT,ULTRA HOT,2026-12-05,5.0,IT/Technology,IT/Technology,Standard,D365,INC rating hits ULTRA HOT on 2026-12-05 — prime Q1 2027 renewal target,Your Bank Guarantee at CRISIL goes critical in Dec 2026. Start ACER process in Sep 2026 — before the Q1 rush.,August 2026 (before Dec ULTRA HOT threshold),Currently HOT — escalates to ULTRA HOT Dec 2026. NOT in October pool. Call August-September.
Maha Hydraulics Pvt. Ltd.,CRISIL,Bank Guarantee,A 4,2025-12-05,HOT,ULTRA HOT,2026-12-05,5.0,Other,Other,Standard,D365,INC rating hits ULTRA HOT on 2026-12-05 — prime Q1 2027 renewal target,Your Bank Guarantee at CRISIL goes critical in Dec 2026. Start ACER process in Sep 2026 — before the Q1 rush.,August 2026 (before Dec ULTRA HOT threshold),Currently HOT — escalates to ULTRA HOT Dec 2026. NOT in October pool. Call August-September.
S B W Udyog Ltd.,CRISIL,Bank Guarantee,A 4,2025-12-05,HOT,ULTRA HOT,2026-12-05,5.0,Other,Other,Standard,D365,INC rating hits ULTRA HOT on 2026-12-05 — prime Q1 2027 renewal target,Your Bank Guarantee at CRISIL goes critical in Dec 2026. Start ACER process in Sep 2026 — before the Q1 rush.,August 2026 (before Dec ULTRA HOT threshold),Currently HOT — escalates to ULTRA HOT Dec 2026. NOT in October pool. Call August-September.
Syndicate Wiper Systems Pvt. Ltd.,CRISIL,Letter of Credit,A 4,2025-12-05,HOT,ULTRA HOT,2026-12-05,5.0,Other,IT/Technology,Standard,D365,INC rating hits ULTRA HOT on 2026-12-05 — prime Q1 2027 renewal target,Your Letter of Credit at CRISIL goes critical in Dec 2026. Start ACER process in Sep 2026 — before the Q1 rush.,August 2026 (before Dec ULTRA HOT threshold),Currently HOT — escalates to ULTRA HOT Dec 2026. NOT in October pool. Call August-September.
Anmol Industries Ltd.,CRISIL,Short-Term Loan,A 4,2025-12-05,HOT,ULTRA HOT,2026-12-05,5.0,Other,Manufacturing,Standard,D365,INC rating hits ULTRA HOT on 2026-12-05 — prime Q1 2027 renewal target,Your Short-Term Loan at CRISIL goes critical in Dec 2026. Start ACER process in Sep 2026 — before the Q1 rush.,August 2026 (before Dec ULTRA HOT threshold),Currently HOT — escalates to ULTRA HOT Dec 2026. NOT in October pool. Call August-September.
United Rubber Inds. (India) Pvt. Ltd.,BRICKWORK,Letter of Credit,A 4,2025-12-05,HOT,ULTRA HOT,2026-12-05,4.5,Chemicals/Pharma,Chemicals/Pharma,Standard,D365,INC rating hits ULTRA HOT on 2026-12-05 — prime Q1 2027 renewal target,Your Letter of Credit at BRICKWORK goes critical in Dec 2026. Start ACER process in Sep 2026 — before the Q1 rush.,August 2026 (before Dec ULTRA HOT threshold),Currently HOT — escalates to ULTRA HOT Dec 2026. NOT in October pool. Call August-September.
United Rubber Inds. (India) Pvt. Ltd.,BRICKWORK,Term Loan,C,2025-12-05,HOT,ULTRA HOT,2026-12-05,4.25,Chemicals/Pharma,Chemicals/Pharma,Standard,D365,INC rating hits ULTRA HOT on 2026-12-05 — prime Q1 2027 renewal target,Your Term Loan at BRICKWORK goes critical in Dec 2026. Start ACER process in Sep 2026 — before the Q1 rush.,August 2026 (before Dec ULTRA HOT threshold),Currently HOT — escalates to ULTRA HOT Dec 2026. NOT in October pool. Call August-September.
Godavari Plasto Containers Pvt. Ltd.,CARE,Letter of Credit,A 4,2025-12-05,HOT,ULTRA HOT,2026-12-05,4.0,Other,Logistics,Standard,D365,INC rating hits ULTRA HOT on 2026-12-05 — prime Q1 2027 renewal target,Your Letter of Credit at CARE goes critical in Dec 2026. Start ACER process in Sep 2026 — before the Q1 rush.,August 2026 (before Dec ULTRA HOT threshold),Currently HOT — escalates to ULTRA HOT Dec 2026. NOT in October pool. Call August-September.
Multifilms Plastics Pvt. Ltd.,CARE,Letter of Credit,A 4,2025-12-05,HOT,ULTRA HOT,2026-12-05,4.0,Chemicals/Pharma,Chemicals/Pharma,Standard,D365,INC rating hits ULTRA HOT on 2026-12-05 — prime Q1 2027 renewal target,Your Letter of Credit at CARE goes critical in Dec 2026. Start ACER process in Sep 2026 — before the Q1 rush.,August 2026 (before Dec ULTRA HOT threshold),Currently HOT — escalates to ULTRA HOT Dec 2026. NOT in October pool. Call August-September.
S B W Udyog Ltd.,CRISIL,Term Loan,B+,2025-12-05,HOT,ULTRA HOT,2026-12-05,4.0,Other,Other,Standard,D365,INC rating hits ULTRA HOT on 2026-12-05 — prime Q1 2027 renewal target,Your Term Loan at CRISIL goes critical in Dec 2026. Start ACER process in Sep 2026 — before the Q1 rush.,August 2026 (before Dec ULTRA HOT threshold),Currently HOT — escalates to ULTRA HOT Dec 2026. NOT in October pool. Call August-September.
Eversendai Construction Pvt. Ltd.,ACUITE,Term Loan,BBB-,2025-12-05,HOT,ULTRA HOT,2026-12-05,3.82,Construction,Construction,Standard,D365,INC rating hits ULTRA HOT on 2026-12-05 — prime Q1 2027 renewal target,Your Term Loan at ACUITE goes critical in Dec 2026. Start ACER process in Sep 2026 — before the Q1 rush.,August 2026 (before Dec ULTRA HOT threshold),Currently HOT — escalates to ULTRA HOT Dec 2026. NOT in October pool. Call August-September.
Ritika Systems Pvt. Ltd.,ACUITE,Term Loan,B-,2025-12-05,HOT,ULTRA HOT,2026-12-05,3.5,Other,IT/Technology,Standard,D365,INC rating hits ULTRA HOT on 2026-12-05 — prime Q1 2027 renewal target,Your Term Loan at ACUITE goes critical in Dec 2026. Start ACER process in Sep 2026 — before the Q1 rush.,August 2026 (before Dec ULTRA HOT threshold),Currently HOT — escalates to ULTRA HOT Dec 2026. NOT in October pool. Call August-September.
Radhe Agro Inds. India Pvt. Ltd.,BRICKWORK,Term Loan,C-,2025-12-05,HOT,ULTRA HOT,2026-12-05,3.49,Agro/Food,Agro/Food,Standard,D365,INC rating hits ULTRA HOT on 2026-12-05 — prime Q1 2027 renewal target,Your Term Loan at BRICKWORK goes critical in Dec 2026. Start ACER process in Sep 2026 — before the Q1 rush.,August 2026 (before Dec ULTRA HOT threshold),Currently HOT — escalates to ULTRA HOT Dec 2026. NOT in October pool. Call August-September.
Reep Industries Pvt. Ltd.,CRISIL,Term Loan,B,2025-12-05,HOT,ULTRA HOT,2026-12-05,3.38,Other,Manufacturing,Standard,D365,INC rating hits ULTRA HOT on 2026-12-05 — prime Q1 2027 renewal target,Your Term Loan at CRISIL goes critical in Dec 2026. Start ACER process in Sep 2026 — before the Q1 rush.,August 2026 (before Dec ULTRA HOT threshold),Currently HOT — escalates to ULTRA HOT Dec 2026. NOT in October pool. Call August-September.
BLN Infra Private Limited,Infomerics,Short Term Bank Facilities,IVR A4 (INC) (Reaffirmed),2025-12-05,HOT,ULTRA HOT,2026-12-05,3.26,Construction,Construction,Standard,Infomerics,INC rating hits ULTRA HOT on 2026-12-05 — exclusive Q1 2027 whitespace lead,Your Infomerics INC rating goes critical in Dec 2026. ACER is your best alternative — no competitor has approached you.,August 2026 (before Dec ULTRA HOT threshold),Currently HOT — escalates to ULTRA HOT Dec 2026. NOT in October pool. Call August-September.
Mahalaxmi Automotives Pvt. Ltd.,CRISIL,Bank Guarantee,A 4,2025-12-05,HOT,ULTRA HOT,2026-12-05,3.0,Manufacturing,Manufacturing,Standard,D365,INC rating hits ULTRA HOT on 2026-12-05 — prime Q1 2027 renewal target,Your Bank Guarantee at CRISIL goes critical in Dec 2026. Start ACER process in Sep 2026 — before the Q1 rush.,August 2026 (before Dec ULTRA HOT threshold),Currently HOT — escalates to ULTRA HOT Dec 2026. NOT in October pool. Call August-September.
Multifilms Plastics Pvt. Ltd.,CARE,Fund-Based,B-,2025-12-05,HOT,ULTRA HOT,2026-12-05,3.0,Chemicals/Pharma,Chemicals/Pharma,Standard,D365,INC rating hits ULTRA HOT on 2026-12-05 — prime Q1 2027 renewal target,Your Fund-Based at CARE goes critical in Dec 2026. Start ACER process in Sep 2026 — before the Q1 rush.,August 2026 (before Dec ULTRA HOT threshold),Currently HOT — escalates to ULTRA HOT Dec 2026. NOT in October pool. Call August-September.
Reep Industries Pvt. Ltd.,CRISIL,Term Loan,B,2025-12-05,HOT,ULTRA HOT,2026-12-05,3.0,Other,Manufacturing,Standard,D365,INC rating hits ULTRA HOT on 2026-12-05 — prime Q1 2027 renewal target,Your Term Loan at CRISIL goes critical in Dec 2026. Start ACER process in Sep 2026 — before the Q1 rush.,August 2026 (before Dec ULTRA HOT threshold),Currently HOT — escalates to ULTRA HOT Dec 2026. NOT in October pool. Call August-September.
Maa Amba Towers Ltd.,CRISIL,Term Loan,B+,2025-12-05,HOT,ULTRA HOT,2026-12-05,2.82,Other,Other,Standard,D365,INC rating hits ULTRA HOT on 2026-12-05 — prime Q1 2027 renewal target,Your Term Loan at CRISIL goes critical in Dec 2026. Start ACER process in Sep 2026 — before the Q1 rush.,August 2026 (before Dec ULTRA HOT threshold),Currently HOT — escalates to ULTRA HOT Dec 2026. NOT in October pool. Call August-September.
Masti Health & Beauty Pvt. Ltd.,CRISIL,Term Loan,B+,2025-12-05,HOT,ULTRA HOT,2026-12-05,2.7,Healthcare,Healthcare,Standard,D365,INC rating hits ULTRA HOT on 2026-12-05 — prime Q1 2027 renewal target,Your Term Loan at CRISIL goes critical in Dec 2026. Start ACER process in Sep 2026 — before the Q1 rush.,August 2026 (before Dec ULTRA HOT threshold),Currently HOT — escalates to ULTRA HOT Dec 2026. NOT in October pool. Call August-September.
Chola Spinning Mills Pvt. Ltd.,CARE,Bank Guarantee,A 4,2025-12-05,HOT,ULTRA HOT,2026-12-05,2.61,Agro/Food,Agro/Food,Standard,D365,INC rating hits ULTRA HOT on 2026-12-05 — prime Q1 2027 renewal target,Your Bank Guarantee at CARE goes critical in Dec 2026. Start ACER process in Sep 2026 — before the Q1 rush.,August 2026 (before Dec ULTRA HOT threshold),Currently HOT — escalates to ULTRA HOT Dec 2026. NOT in October pool. Call August-September.
Autotech Non-Wovens Pvt. Ltd.,CRISIL,Letter of Credit,A 4,2025-12-05,HOT,ULTRA HOT,2026-12-05,2.5,Manufacturing,Manufacturing,Standard,D365,INC rating hits ULTRA HOT on 2026-12-05 — prime Q1 2027 renewal target,Your Letter of Credit at CRISIL goes critical in Dec 2026. Start ACER process in Sep 2026 — before the Q1 rush.,August 2026 (before Dec ULTRA HOT threshold),Currently HOT — escalates to ULTRA HOT Dec 2026. NOT in October pool. Call August-September.
Pawan Communications Pvt. Ltd.,CARE,Bank Guarantee,A 4,2025-12-05,HOT,ULTRA HOT,2026-12-05,2.5,IT/Technology,IT/Technology,Standard,D365,INC rating hits ULTRA HOT on 2026-12-05 — prime Q1 2027 renewal target,Your Bank Guarantee at CARE goes critical in Dec 2026. Start ACER process in Sep 2026 — before the Q1 rush.,August 2026 (before Dec ULTRA HOT threshold),Currently HOT — escalates to ULTRA HOT Dec 2026. NOT in October pool. Call August-September.
Frontech Pvt. Ltd.,CRISIL,Letter of Credit,A 4,2025-12-05,HOT,ULTRA HOT,2026-12-05,2.25,IT/Technology,IT/Technology,Standard,D365,INC rating hits ULTRA HOT on 2026-12-05 — prime Q1 2027 renewal target,Your Letter of Credit at CRISIL goes critical in Dec 2026. Start ACER process in Sep 2026 — before the Q1 rush.,August 2026 (before Dec ULTRA HOT threshold),Currently HOT — escalates to ULTRA HOT Dec 2026. NOT in October pool. Call August-September.
Maha Hydraulics Pvt. Ltd.,CRISIL,Letter of Credit,A 4,2025-12-05,HOT,ULTRA HOT,2026-12-05,2.0,Other,Other,Standard,D365,INC rating hits ULTRA HOT on 2026-12-05 — prime Q1 2027 renewal target,Your Letter of Credit at CRISIL goes critical in Dec 2026. Start ACER process in Sep 2026 — before the Q1 rush.,August 2026 (before Dec ULTRA HOT threshold),Currently HOT — escalates to ULTRA HOT Dec 2026. NOT in October pool. Call August-September.
Reep Industries Pvt. Ltd.,CRISIL,Bank Guarantee,A 4,2025-12-05,HOT,ULTRA HOT,2026-12-05,2.0,Other,Manufacturing,Standard,D365,INC rating hits ULTRA HOT on 2026-12-05 — prime Q1 2027 renewal target,Your Bank Guarantee at CRISIL goes critical in Dec 2026. Start ACER process in Sep 2026 — before the Q1 rush.,August 2026 (before Dec ULTRA HOT threshold),Currently HOT — escalates to ULTRA HOT Dec 2026. NOT in October pool. Call August-September.
Reep Industries Pvt. Ltd.,CRISIL,Letter of Credit,A 4,2025-12-05,HOT,ULTRA HOT,2026-12-05,2.0,Other,Manufacturing,Standard,D365,INC rating hits ULTRA HOT on 2026-12-05 — prime Q1 2027 renewal target,Your Letter of Credit at CRISIL goes critical in Dec 2026. Start ACER process in Sep 2026 — before the Q1 rush.,August 2026 (before Dec ULTRA HOT threshold),Currently HOT — escalates to ULTRA HOT Dec 2026. NOT in October pool. Call August-September.
Shine Cot-Spin Pvt. Ltd.,BRICKWORK,Bank Guarantee,A 4,2025-12-05,HOT,ULTRA HOT,2026-12-05,2.0,Other,Other,Standard,D365,INC rating hits ULTRA HOT on 2026-12-05 — prime Q1 2027 renewal target,Your Bank Guarantee at BRICKWORK goes critical in Dec 2026. Start ACER process in Sep 2026 — before the Q1 rush.,August 2026 (before Dec ULTRA HOT threshold),Currently HOT — escalates to ULTRA HOT Dec 2026. NOT in October pool. Call August-September.
Ashirbad Agro Products Pvt. Ltd.,CRISIL,Term Loan,B+,2025-12-05,HOT,ULTRA HOT,2026-12-05,2.0,Agro/Food,Agro/Food,Standard,D365,INC rating hits ULTRA HOT on 2026-12-05 — prime Q1 2027 renewal target,Your Term Loan at CRISIL goes critical in Dec 2026. Start ACER process in Sep 2026 — before the Q1 rush.,August 2026 (before Dec ULTRA HOT threshold),Currently HOT — escalates to ULTRA HOT Dec 2026. NOT in October pool. Call August-September.
Mahalaxmi Automotives Pvt. Ltd.,CRISIL,Short-Term Loan,A 4,2025-12-05,HOT,ULTRA HOT,2026-12-05,1.8,Manufacturing,Manufacturing,Standard,D365,INC rating hits ULTRA HOT on 2026-12-05 — prime Q1 2027 renewal target,Your Short-Term Loan at CRISIL goes critical in Dec 2026. Start ACER process in Sep 2026 — before the Q1 rush.,August 2026 (before Dec ULTRA HOT threshold),Currently HOT — escalates to ULTRA HOT Dec 2026. NOT in October pool. Call August-September.
Tirupur Pandit Hosiery Millss Pvt. Ltd.,ACUITE,Term Loan,B-,2025-12-05,HOT,ULTRA HOT,2026-12-05,1.73,Agro/Food,Agro/Food,Standard,D365,INC rating hits ULTRA HOT on 2026-12-05 — prime Q1 2027 renewal target,Your Term Loan at ACUITE goes critical in Dec 2026. Start ACER process in Sep 2026 — before the Q1 rush.,August 2026 (before Dec ULTRA HOT threshold),Currently HOT — escalates to ULTRA HOT Dec 2026. NOT in October pool. Call August-September.
Norex Flavours Pvt. Ltd.,BRICKWORK,Term Loan,B+,2025-12-05,HOT,ULTRA HOT,2026-12-05,1.7,Other,Other,Standard,D365,INC rating hits ULTRA HOT on 2026-12-05 — prime Q1 2027 renewal target,Your Term Loan at BRICKWORK goes critical in Dec 2026. Start ACER process in Sep 2026 — before the Q1 rush.,August 2026 (before Dec ULTRA HOT threshold),Currently HOT — escalates to ULTRA HOT Dec 2026. NOT in October pool. Call August-September.
Champion Commercial Co. Ltd.,ICRA,NCD/Bond,B+/A4,2025-12-05,HOT,ULTRA HOT,2026-12-05,1.5,Other,Other,NCD — SEBI License Required,D365,INC rating hits ULTRA HOT on 2026-12-05 — prime Q1 2027 renewal target,Your NCD/Bond at ICRA goes critical in Dec 2026. Start ACER process in Sep 2026 — before the Q1 rush.,August 2026 (before Dec ULTRA HOT threshold),Currently HOT — escalates to ULTRA HOT Dec 2026. NOT in October pool. Call August-September.
Multifilms Plastics Pvt. Ltd.,CARE,Non-Fund-Based,A 4,2025-12-05,HOT,ULTRA HOT,2026-12-05,1.5,Chemicals/Pharma,Chemicals/Pharma,Standard,D365,INC rating hits ULTRA HOT on 2026-12-05 — prime Q1 2027 renewal target,Your Non-Fund-Based at CARE goes critical in Dec 2026. Start ACER process in Sep 2026 — before the Q1 rush.,August 2026 (before Dec ULTRA HOT threshold),Currently HOT — escalates to ULTRA HOT Dec 2026. NOT in October pool. Call August-September.
Chintpurni Steels Pvt. Ltd.,BRICKWORK,Bank Guarantee,A 4,2025-12-05,HOT,ULTRA HOT,2026-12-05,1.16,Steel & Metals,Steel & Metals,Standard,D365,INC rating hits ULTRA HOT on 2026-12-05 — prime Q1 2027 renewal target,Your Bank Guarantee at BRICKWORK goes critical in Dec 2026. Start ACER process in Sep 2026 — before the Q1 rush.,August 2026 (before Dec ULTRA HOT threshold),Currently HOT — escalates to ULTRA HOT Dec 2026. NOT in October pool. Call August-September.
Godavari Plasto Containers Pvt. Ltd.,CARE,Term Loan,B-,2025-12-05,HOT,ULTRA HOT,2026-12-05,1.12,Other,Logistics,Standard,D365,INC rating hits ULTRA HOT on 2026-12-05 — prime Q1 2027 renewal target,Your Term Loan at CARE goes critical in Dec 2026. Start ACER process in Sep 2026 — before the Q1 rush.,August 2026 (before Dec ULTRA HOT threshold),Currently HOT — escalates to ULTRA HOT Dec 2026. NOT in October pool. Call August-September.
B R D Car World Ltd.,ACUITE,Bank Guarantee,A 4+,2025-12-05,HOT,ULTRA HOT,2026-12-05,1.0,Other,Automobiles,Standard,D365,INC rating hits ULTRA HOT on 2026-12-05 — prime Q1 2027 renewal target,Your Bank Guarantee at ACUITE goes critical in Dec 2026. Start ACER process in Sep 2026 — before the Q1 rush.,August 2026 (before Dec ULTRA HOT threshold),Currently HOT — escalates to ULTRA HOT Dec 2026. NOT in October pool. Call August-September.
Mithra Auto Agencies Pvt. Ltd.,CRISIL,Term Loan,B,2025-12-05,HOT,ULTRA HOT,2026-12-05,1.0,Manufacturing,Manufacturing,Standard,D365,INC rating hits ULTRA HOT on 2026-12-05 — prime Q1 2027 renewal target,Your Term Loan at CRISIL goes critical in Dec 2026. Start ACER process in Sep 2026 — before the Q1 rush.,August 2026 (before Dec ULTRA HOT threshold),Currently HOT — escalates to ULTRA HOT Dec 2026. NOT in October pool. Call August-September.
Norex Flavours Pvt. Ltd.,BRICKWORK,Letter of Credit,A 4,2025-12-05,HOT,ULTRA HOT,2026-12-05,1.0,Other,Other,Standard,D365,INC rating hits ULTRA HOT on 2026-12-05 — prime Q1 2027 renewal target,Your Letter of Credit at BRICKWORK goes critical in Dec 2026. Start ACER process in Sep 2026 — before the Q1 rush.,August 2026 (before Dec ULTRA HOT threshold),Currently HOT — escalates to ULTRA HOT Dec 2026. NOT in October pool. Call August-September.
A R R Ess Industries Pvt. Ltd.,CRISIL,Letter of Credit,A 4,2025-12-05,HOT,ULTRA HOT,2026-12-05,1.0,Other,Manufacturing,Standard,D365,INC rating hits ULTRA HOT on 2026-12-05 — prime Q1 2027 renewal target,Your Letter of Credit at CRISIL goes critical in Dec 2026. Start ACER process in Sep 2026 — before the Q1 rush.,August 2026 (before Dec ULTRA HOT threshold),Currently HOT — escalates to ULTRA HOT Dec 2026. NOT in October pool. Call August-September.
Alishan Ginning Mills Pvt. Ltd.,CRISIL,Letter of Credit,B,2025-12-05,HOT,ULTRA HOT,2026-12-05,1.0,Agro/Food,Agro/Food,Standard,D365,INC rating hits ULTRA HOT on 2026-12-05 — prime Q1 2027 renewal target,Your Letter of Credit at CRISIL goes critical in Dec 2026. Start ACER process in Sep 2026 — before the Q1 rush.,August 2026 (before Dec ULTRA HOT threshold),Currently HOT — escalates to ULTRA HOT Dec 2026. NOT in October pool. Call August-September.
Alligare Chem Pvt. Ltd.,CRISIL,Term Loan,B,2025-12-05,HOT,ULTRA HOT,2026-12-05,1.0,Chemicals/Pharma,Chemicals/Pharma,Standard,D365,INC rating hits ULTRA HOT on 2026-12-05 — prime Q1 2027 renewal target,Your Term Loan at CRISIL goes critical in Dec 2026. Start ACER process in Sep 2026 — before the Q1 rush.,August 2026 (before Dec ULTRA HOT threshold),Currently HOT — escalates to ULTRA HOT Dec 2026. NOT in October pool. Call August-September.
M/s Narayan Associates,Infomerics,Short Term Bank Facilities,IVR A4 (INC) (Downgraded),2025-12-05,HOT,ULTRA HOT,2026-12-05,1.0,Other,Other,Standard,Infomerics,INC rating hits ULTRA HOT on 2026-12-05 — exclusive Q1 2027 whitespace lead,Your Infomerics INC rating goes critical in Dec 2026. ACER is your best alternative — no competitor has approached you.,August 2026 (before Dec ULTRA HOT threshold),Currently HOT — escalates to ULTRA HOT Dec 2026. NOT in October pool. Call August-September.
Multifilms Plastics Pvt. Ltd.,CARE,Term Loan,B-,2025-12-05,HOT,ULTRA HOT,2026-12-05,0.88,Chemicals/Pharma,Chemicals/Pharma,Standard,D365,INC rating hits ULTRA HOT on 2026-12-05 — prime Q1 2027 renewal target,Your Term Loan at CARE goes critical in Dec 2026. Start ACER process in Sep 2026 — before the Q1 rush.,August 2026 (before Dec ULTRA HOT threshold),Currently HOT — escalates to ULTRA HOT Dec 2026. NOT in October pool. Call August-September.
Rangoli Industries Pvt. Ltd.,CRISIL,Term Loan,B-,2025-12-05,HOT,ULTRA HOT,2026-12-05,0.88,Other,Manufacturing,Standard,D365,INC rating hits ULTRA HOT on 2026-12-05 — prime Q1 2027 renewal target,Your Term Loan at CRISIL goes critical in Dec 2026. Start ACER process in Sep 2026 — before the Q1 rush.,August 2026 (before Dec ULTRA HOT threshold),Currently HOT — escalates to ULTRA HOT Dec 2026. NOT in October pool. Call August-September.
Masti Health & Beauty Pvt. Ltd.,CRISIL,Bank Guarantee,A 4,2025-12-05,HOT,ULTRA HOT,2026-12-05,0.8,Healthcare,Healthcare,Standard,D365,INC rating hits ULTRA HOT on 2026-12-05 — prime Q1 2027 renewal target,Your Bank Guarantee at CRISIL goes critical in Dec 2026. Start ACER process in Sep 2026 — before the Q1 rush.,August 2026 (before Dec ULTRA HOT threshold),Currently HOT — escalates to ULTRA HOT Dec 2026. NOT in October pool. Call August-September.
Sankar J P Sealing Technologies Pvt. Ltd.,CRISIL,Term Loan,B+,2025-12-05,HOT,ULTRA HOT,2026-12-05,0.5,IT/Technology,IT/Technology,Standard,D365,INC rating hits ULTRA HOT on 2026-12-05 — prime Q1 2027 renewal target,Your Term Loan at CRISIL goes critical in Dec 2026. Start ACER process in Sep 2026 — before the Q1 rush.,August 2026 (before Dec ULTRA HOT threshold),Currently HOT — escalates to ULTRA HOT Dec 2026. NOT in October pool. Call August-September.
Shanti Structure Pvt. Ltd.,CRISIL,Term Loan,B,2025-12-05,HOT,ULTRA HOT,2026-12-05,0.5,Other,Other,Standard,D365,INC rating hits ULTRA HOT on 2026-12-05 — prime Q1 2027 renewal target,Your Term Loan at CRISIL goes critical in Dec 2026. Start ACER process in Sep 2026 — before the Q1 rush.,August 2026 (before Dec ULTRA HOT threshold),Currently HOT — escalates to ULTRA HOT Dec 2026. NOT in October pool. Call August-September.
Rangoli Industries Pvt. Ltd.,CRISIL,Bank Guarantee,A 4,2025-12-05,HOT,ULTRA HOT,2026-12-05,0.43,Other,Manufacturing,Standard,D365,INC rating hits ULTRA HOT on 2026-12-05 — prime Q1 2027 renewal target,Your Bank Guarantee at CRISIL goes critical in Dec 2026. Start ACER process in Sep 2026 — before the Q1 rush.,August 2026 (before Dec ULTRA HOT threshold),Currently HOT — escalates to ULTRA HOT Dec 2026. NOT in October pool. Call August-September.
United Rubber Inds. (India) Pvt. Ltd.,BRICKWORK,Bank Guarantee,A 4,2025-12-05,HOT,ULTRA HOT,2026-12-05,0.25,Chemicals/Pharma,Chemicals/Pharma,Standard,D365,INC rating hits ULTRA HOT on 2026-12-05 — prime Q1 2027 renewal target,Your Bank Guarantee at BRICKWORK goes critical in Dec 2026. Start ACER process in Sep 2026 — before the Q1 rush.,August 2026 (before Dec ULTRA HOT threshold),Currently HOT — escalates to ULTRA HOT Dec 2026. NOT in October pool. Call August-September.
Maa Shitala Agro Pvt. Ltd.,CRISIL,Bank Guarantee,A 4,2025-12-05,HOT,ULTRA HOT,2026-12-05,0.24,Agro/Food,Agro/Food,Standard,D365,INC rating hits ULTRA HOT on 2026-12-05 — prime Q1 2027 renewal target,Your Bank Guarantee at CRISIL goes critical in Dec 2026. Start ACER process in Sep 2026 — before the Q1 rush.,August 2026 (before Dec ULTRA HOT threshold),Currently HOT — escalates to ULTRA HOT Dec 2026. NOT in October pool. Call August-September.
S S Food Products Pvt. Ltd.,CARE,Term Loan,B-,2025-12-05,HOT,ULTRA HOT,2026-12-05,0.24,Agro/Food,Agro/Food,Standard,D365,INC rating hits ULTRA HOT on 2026-12-05 — prime Q1 2027 renewal target,Your Term Loan at CARE goes critical in Dec 2026. Start ACER process in Sep 2026 — before the Q1 rush.,August 2026 (before Dec ULTRA HOT threshold),Currently HOT — escalates to ULTRA HOT Dec 2026. NOT in October pool. Call August-September.
Maa Shitala Agro Pvt. Ltd.,CRISIL,Term Loan,B,2025-12-05,HOT,ULTRA HOT,2026-12-05,0.11,Agro/Food,Agro/Food,Standard,D365,INC rating hits ULTRA HOT on 2026-12-05 — prime Q1 2027 renewal target,Your Term Loan at CRISIL goes critical in Dec 2026. Start ACER process in Sep 2026 — before the Q1 rush.,August 2026 (before Dec ULTRA HOT threshold),Currently HOT — escalates to ULTRA HOT Dec 2026. NOT in October pool. Call August-September.
Champion Commercial Co. Ltd.,ICRA,Short-Term Loan,A 4,2025-12-05,HOT,ULTRA HOT,2026-12-05,0.0,Other,Other,Standard,D365,INC rating hits ULTRA HOT on 2026-12-05 — prime Q1 2027 renewal target,Your Short-Term Loan at ICRA goes critical in Dec 2026. Start ACER process in Sep 2026 — before the Q1 rush.,August 2026 (before Dec ULTRA HOT threshold),Currently HOT — escalates to ULTRA HOT Dec 2026. NOT in October pool. Call August-September.
Sanvijay Rolling & Engg. Ltd.,BRICKWORK,Fund-Based,BB,2025-12-08,HOT,ULTRA HOT,2026-12-08,409.54,Steel & Metals,Steel & Metals,Standard,D365,INC rating hits ULTRA HOT on 2026-12-08 — prime Q1 2027 renewal target,Your Fund-Based at BRICKWORK goes critical in Dec 2026. Start ACER process in Sep 2026 — before the Q1 rush.,August 2026 (before Dec ULTRA HOT threshold),Currently HOT — escalates to ULTRA HOT Dec 2026. NOT in October pool. Call August-September.
Indian Acrylics Limited,Infomerics,Short Term Bank Facilities,IVR D (INC) (Reaffirmed),2025-12-08,HOT,ULTRA HOT,2026-12-08,154.0,Other,Other,Standard,Infomerics,INC rating hits ULTRA HOT on 2026-12-08 — exclusive Q1 2027 whitespace lead,Your Infomerics INC rating goes critical in Dec 2026. ACER is your best alternative — no competitor has approached you.,August 2026 (before Dec ULTRA HOT threshold),Currently HOT — escalates to ULTRA HOT Dec 2026. NOT in October pool. Call August-September.
Sky Spintex Pvt. Ltd.,IND-RA,Term Loan,BBB-,2025-12-08,HOT,ULTRA HOT,2026-12-08,146.98,Other,Other,Standard,D365,INC rating hits ULTRA HOT on 2026-12-08 — prime Q1 2027 renewal target,Your Term Loan at IND-RA goes critical in Dec 2026. Start ACER process in Sep 2026 — before the Q1 rush.,August 2026 (before Dec ULTRA HOT threshold),Currently HOT — escalates to ULTRA HOT Dec 2026. NOT in October pool. Call August-September.
Radiant Textiles Pvt. Ltd.,IND-RA,NCD/Bond,BB/A4+,2025-12-08,HOT,ULTRA HOT,2026-12-08,121.0,Textiles,Textiles,NCD — SEBI License Required,D365,INC rating hits ULTRA HOT on 2026-12-08 — prime Q1 2027 renewal target,Your NCD/Bond at IND-RA goes critical in Dec 2026. Start ACER process in Sep 2026 — before the Q1 rush.,August 2026 (before Dec ULTRA HOT threshold),Currently HOT — escalates to ULTRA HOT Dec 2026. NOT in October pool. Call August-September.
Indian Acrylics Limited,Infomerics,Long Term Bank Facilities,IVR D (INC) (Reaffirmed),2025-12-08,HOT,ULTRA HOT,2026-12-08,112.45,Other,Other,Standard,Infomerics,INC rating hits ULTRA HOT on 2026-12-08 — exclusive Q1 2027 whitespace lead,Your Infomerics INC rating goes critical in Dec 2026. ACER is your best alternative — no competitor has approached you.,August 2026 (before Dec ULTRA HOT threshold),Currently HOT — escalates to ULTRA HOT Dec 2026. NOT in October pool. Call August-September.
H K Cement Inds. Pvt. Ltd.,BRICKWORK,Term Loan,C,2025-12-08,HOT,ULTRA HOT,2026-12-08,109.34,Construction,Construction,Standard,D365,INC rating hits ULTRA HOT on 2026-12-08 — prime Q1 2027 renewal target,Your Term Loan at BRICKWORK goes critical in Dec 2026. Start ACER process in Sep 2026 — before the Q1 rush.,August 2026 (before Dec ULTRA HOT threshold),Currently HOT — escalates to ULTRA HOT Dec 2026. NOT in October pool. Call August-September.
Bird Airport Hotel Pvt. Ltd.,ICRA,Term Loan,B+,2025-12-08,HOT,ULTRA HOT,2026-12-08,82.18,Hotels/Tourism,Hotels/Tourism,Standard,D365,INC rating hits ULTRA HOT on 2026-12-08 — prime Q1 2027 renewal target,Your Term Loan at ICRA goes critical in Dec 2026. Start ACER process in Sep 2026 — before the Q1 rush.,August 2026 (before Dec ULTRA HOT threshold),Currently HOT — escalates to ULTRA HOT Dec 2026. NOT in October pool. Call August-September.
V R P Telematics Pvt. Ltd.,CRISIL,Fund-Based,BB+,2025-12-08,HOT,ULTRA HOT,2026-12-08,80.0,Other,Other,Standard,D365,INC rating hits ULTRA HOT on 2026-12-08 — prime Q1 2027 renewal target,Your Fund-Based at CRISIL goes critical in Dec 2026. Start ACER process in Sep 2026 — before the Q1 rush.,August 2026 (before Dec ULTRA HOT threshold),Currently HOT — escalates to ULTRA HOT Dec 2026. NOT in October pool. Call August-September.
Rabwin Industries Pvt. Ltd.,IND-RA,Term Loan,BB,2025-12-08,HOT,ULTRA HOT,2026-12-08,76.6,Other,Manufacturing,Standard,D365,INC rating hits ULTRA HOT on 2026-12-08 — prime Q1 2027 renewal target,Your Term Loan at IND-RA goes critical in Dec 2026. Start ACER process in Sep 2026 — before the Q1 rush.,August 2026 (before Dec ULTRA HOT threshold),Currently HOT — escalates to ULTRA HOT Dec 2026. NOT in October pool. Call August-September.
Valiant Glass Works Pvt. Ltd.,CARE,NCD/Bond,B/A4,2025-12-08,HOT,ULTRA HOT,2026-12-08,70.0,Other,Manufacturing,NCD — SEBI License Required,D365,INC rating hits ULTRA HOT on 2026-12-08 — prime Q1 2027 renewal target,Your NCD/Bond at CARE goes critical in Dec 2026. Start ACER process in Sep 2026 — before the Q1 rush.,August 2026 (before Dec ULTRA HOT threshold),Currently HOT — escalates to ULTRA HOT Dec 2026. NOT in October pool. Call August-September.
Geeken Seating Collection Pvt. Ltd.,CRISIL,Bank Guarantee,A 4+,2025-12-08,HOT,ULTRA HOT,2026-12-08,45.0,Other,Other,Standard,D365,INC rating hits ULTRA HOT on 2026-12-08 — prime Q1 2027 renewal target,Your Bank Guarantee at CRISIL goes critical in Dec 2026. Start ACER process in Sep 2026 — before the Q1 rush.,August 2026 (before Dec ULTRA HOT threshold),Currently HOT — escalates to ULTRA HOT Dec 2026. NOT in October pool. Call August-September.
Jay Bharat Spices Pvt. Ltd.,CRISIL,Term Loan,B,2025-12-08,HOT,ULTRA HOT,2026-12-08,42.0,Agro/Food,Agro/Food,Standard,D365,INC rating hits ULTRA HOT on 2026-12-08 — prime Q1 2027 renewal target,Your Term Loan at CRISIL goes critical in Dec 2026. Start ACER process in Sep 2026 — before the Q1 rush.,August 2026 (before Dec ULTRA HOT threshold),Currently HOT — escalates to ULTRA HOT Dec 2026. NOT in October pool. Call August-September.
P P Kharpatil Constructions Pvt. Ltd.,CRISIL,Bank Guarantee,A 4+,2025-12-08,HOT,ULTRA HOT,2026-12-08,36.0,Construction,Construction,Standard,D365,INC rating hits ULTRA HOT on 2026-12-08 — prime Q1 2027 renewal target,Your Bank Guarantee at CRISIL goes critical in Dec 2026. Start ACER process in Sep 2026 — before the Q1 rush.,August 2026 (before Dec ULTRA HOT threshold),Currently HOT — escalates to ULTRA HOT Dec 2026. NOT in October pool. Call August-September.
AL Noor Agri Fresh Private Limited,Infomerics,Long Term Bank Facilities,IVR B- (INC)(Downgraded),2025-12-08,HOT,ULTRA HOT,2026-12-08,34.88,Other,Agro/Food,Standard,Infomerics,INC rating hits ULTRA HOT on 2026-12-08 — exclusive Q1 2027 whitespace lead,Your Infomerics INC rating goes critical in Dec 2026. ACER is your best alternative — no competitor has approached you.,August 2026 (before Dec ULTRA HOT threshold),Currently HOT — escalates to ULTRA HOT Dec 2026. NOT in October pool. Call August-September.
Saluja Steel & Power Pvt. Ltd.,CRISIL,Bank Guarantee,A 4+,2025-12-08,HOT,ULTRA HOT,2026-12-08,28.0,Steel & Metals,Steel & Metals,Standard,D365,INC rating hits ULTRA HOT on 2026-12-08 — prime Q1 2027 renewal target,Your Bank Guarantee at CRISIL goes critical in Dec 2026. Start ACER process in Sep 2026 — before the Q1 rush.,August 2026 (before Dec ULTRA HOT threshold),Currently HOT — escalates to ULTRA HOT Dec 2026. NOT in October pool. Call August-September.
Raj Vehicles Pvt. Ltd.,CRISIL,Fund-Based,BB-,2025-12-08,HOT,ULTRA HOT,2026-12-08,27.5,Manufacturing,Manufacturing,Standard,D365,INC rating hits ULTRA HOT on 2026-12-08 — prime Q1 2027 renewal target,Your Fund-Based at CRISIL goes critical in Dec 2026. Start ACER process in Sep 2026 — before the Q1 rush.,August 2026 (before Dec ULTRA HOT threshold),Currently HOT — escalates to ULTRA HOT Dec 2026. NOT in October pool. Call August-September.
V R P Telematics Pvt. Ltd.,CRISIL,Bank Guarantee,A 4+,2025-12-08,HOT,ULTRA HOT,2026-12-08,25.5,Other,Other,Standard,D365,INC rating hits ULTRA HOT on 2026-12-08 — prime Q1 2027 renewal target,Your Bank Guarantee at CRISIL goes critical in Dec 2026. Start ACER process in Sep 2026 — before the Q1 rush.,August 2026 (before Dec ULTRA HOT threshold),Currently HOT — escalates to ULTRA HOT Dec 2026. NOT in October pool. Call August-September.
Rana Milk Foods Private Limited,Infomerics,Long Term Bank Facilities,IVR D (INC) (Reaffirmed),2025-12-08,HOT,ULTRA HOT,2026-12-08,25.01,Agro/Food,Agro/Food,Standard,Infomerics,INC rating hits ULTRA HOT on 2026-12-08 — exclusive Q1 2027 whitespace lead,Your Infomerics INC rating goes critical in Dec 2026. ACER is your best alternative — no competitor has approached you.,August 2026 (before Dec ULTRA HOT threshold),Currently HOT — escalates to ULTRA HOT Dec 2026. NOT in October pool. Call August-September.
Soyug Ltd.,CRISIL,Term Loan,BB,2025-12-08,HOT,ULTRA HOT,2026-12-08,25.0,Other,Other,Standard,D365,INC rating hits ULTRA HOT on 2026-12-08 — prime Q1 2027 renewal target,Your Term Loan at CRISIL goes critical in Dec 2026. Start ACER process in Sep 2026 — before the Q1 rush.,August 2026 (before Dec ULTRA HOT threshold),Currently HOT — escalates to ULTRA HOT Dec 2026. NOT in October pool. Call August-September.
Superon Schweisstechnik India Ltd.,CRISIL,Term Loan,B+,2025-12-08,HOT,ULTRA HOT,2026-12-08,25.0,IT/Technology,IT/Technology,Standard,D365,INC rating hits ULTRA HOT on 2026-12-08 — prime Q1 2027 renewal target,Your Term Loan at CRISIL goes critical in Dec 2026. Start ACER process in Sep 2026 — before the Q1 rush.,August 2026 (before Dec ULTRA HOT threshold),Currently HOT — escalates to ULTRA HOT Dec 2026. NOT in October pool. Call August-September.
Affil Vitrified Pvt. Ltd.,CRISIL,Term Loan,B+,2025-12-08,HOT,ULTRA HOT,2026-12-08,22.87,Other,Other,Standard,D365,INC rating hits ULTRA HOT on 2026-12-08 — prime Q1 2027 renewal target,Your Term Loan at CRISIL goes critical in Dec 2026. Start ACER process in Sep 2026 — before the Q1 rush.,August 2026 (before Dec ULTRA HOT threshold),Currently HOT — escalates to ULTRA HOT Dec 2026. NOT in October pool. Call August-September.
Ultracab (India) Limited,Infomerics,Long Term Bank Facilities,IVR BB+ (INC)(Downgraded),2025-12-08,HOT,ULTRA HOT,2026-12-08,22.49,Other,Other,Standard,Infomerics,INC rating hits ULTRA HOT on 2026-12-08 — exclusive Q1 2027 whitespace lead,Your Infomerics INC rating goes critical in Dec 2026. ACER is your best alternative — no competitor has approached you.,August 2026 (before Dec ULTRA HOT threshold),Currently HOT — escalates to ULTRA HOT Dec 2026. NOT in October pool. Call August-September.
Saluja Steel & Power Pvt. Ltd.,CRISIL,Term Loan,BB+,2025-12-08,HOT,ULTRA HOT,2026-12-08,21.83,Steel & Metals,Steel & Metals,Standard,D365,INC rating hits ULTRA HOT on 2026-12-08 — prime Q1 2027 renewal target,Your Term Loan at CRISIL goes critical in Dec 2026. Start ACER process in Sep 2026 — before the Q1 rush.,August 2026 (before Dec ULTRA HOT threshold),Currently HOT — escalates to ULTRA HOT Dec 2026. NOT in October pool. Call August-September.
Ultracab (India) Limited,Infomerics,Short Term Bank Facilities,IVR A4+ (INC)(Downgraded),2025-12-08,HOT,ULTRA HOT,2026-12-08,21.8,Other,Other,Standard,Infomerics,INC rating hits ULTRA HOT on 2026-12-08 — exclusive Q1 2027 whitespace lead,Your Infomerics INC rating goes critical in Dec 2026. ACER is your best alternative — no competitor has approached you.,August 2026 (before Dec ULTRA HOT threshold),Currently HOT — escalates to ULTRA HOT Dec 2026. NOT in October pool. Call August-September.
Vidharbha Institute Of Medical Sciences Pvt. Ltd.,CARE,Term Loan,B-,2025-12-08,HOT,ULTRA HOT,2026-12-08,20.7,Healthcare,Healthcare,Standard,D365,INC rating hits ULTRA HOT on 2026-12-08 — prime Q1 2027 renewal target,Your Term Loan at CARE goes critical in Dec 2026. Start ACER process in Sep 2026 — before the Q1 rush.,August 2026 (before Dec ULTRA HOT threshold),Currently HOT — escalates to ULTRA HOT Dec 2026. NOT in October pool. Call August-September.
Karamveer Electronics Ltd.,CRISIL,Bank Guarantee,A 4+,2025-12-08,HOT,ULTRA HOT,2026-12-08,20.0,Other,Other,Standard,D365,INC rating hits ULTRA HOT on 2026-12-08 — prime Q1 2027 renewal target,Your Bank Guarantee at CRISIL goes critical in Dec 2026. Start ACER process in Sep 2026 — before the Q1 rush.,August 2026 (before Dec ULTRA HOT threshold),Currently HOT — escalates to ULTRA HOT Dec 2026. NOT in October pool. Call August-September.
Sanvijay Rolling & Engg. Ltd.,BRICKWORK,Non-Fund-Based,A 4,2025-12-08,HOT,ULTRA HOT,2026-12-08,20.0,Steel & Metals,Steel & Metals,Standard,D365,INC rating hits ULTRA HOT on 2026-12-08 — prime Q1 2027 renewal target,Your Non-Fund-Based at BRICKWORK goes critical in Dec 2026. Start ACER process in Sep 2026 — before the Q1 rush.,August 2026 (before Dec ULTRA HOT threshold),Currently HOT — escalates to ULTRA HOT Dec 2026. NOT in October pool. Call August-September.
Superon Schweisstechnik India Ltd.,CRISIL,Term Loan,B+,2025-12-08,HOT,ULTRA HOT,2026-12-08,20.0,IT/Technology,IT/Technology,Standard,D365,INC rating hits ULTRA HOT on 2026-12-08 — prime Q1 2027 renewal target,Your Term Loan at CRISIL goes critical in Dec 2026. Start ACER process in Sep 2026 — before the Q1 rush.,August 2026 (before Dec ULTRA HOT threshold),Currently HOT — escalates to ULTRA HOT Dec 2026. NOT in October pool. Call August-September.
Amrit Polychem Ltd.,CRISIL,Letter of Credit,A 4,2025-12-08,HOT,ULTRA HOT,2026-12-08,20.0,Chemicals/Pharma,Chemicals/Pharma,Standard,D365,INC rating hits ULTRA HOT on 2026-12-08 — prime Q1 2027 renewal target,Your Letter of Credit at CRISIL goes critical in Dec 2026. Start ACER process in Sep 2026 — before the Q1 rush.,August 2026 (before Dec ULTRA HOT threshold),Currently HOT — escalates to ULTRA HOT Dec 2026. NOT in October pool. Call August-September.
Kush Synthetics Pvt. Ltd.,CRISIL,Term Loan,BB+,2025-12-08,HOT,ULTRA HOT,2026-12-08,19.0,Other,Other,Standard,D365,INC rating hits ULTRA HOT on 2026-12-08 — prime Q1 2027 renewal target,Your Term Loan at CRISIL goes critical in Dec 2026. Start ACER process in Sep 2026 — before the Q1 rush.,August 2026 (before Dec ULTRA HOT threshold),Currently HOT — escalates to ULTRA HOT Dec 2026. NOT in October pool. Call August-September.
Liquinox Gases Pvt. Ltd.,CRISIL,Term Loan,BB+,2025-12-08,HOT,ULTRA HOT,2026-12-08,19.0,Energy,Energy,Standard,D365,INC rating hits ULTRA HOT on 2026-12-08 — prime Q1 2027 renewal target,Your Term Loan at CRISIL goes critical in Dec 2026. Start ACER process in Sep 2026 — before the Q1 rush.,August 2026 (before Dec ULTRA HOT threshold),Currently HOT — escalates to ULTRA HOT Dec 2026. NOT in October pool. Call August-September.
Sri Kannapiran Mills Ltd.,ACUITE,Term Loan,BB+,2025-12-08,HOT,ULTRA HOT,2026-12-08,17.77,Agro/Food,Agro/Food,Standard,D365,INC rating hits ULTRA HOT on 2026-12-08 — prime Q1 2027 renewal target,Your Term Loan at ACUITE goes critical in Dec 2026. Start ACER process in Sep 2026 — before the Q1 rush.,August 2026 (before Dec ULTRA HOT threshold),Currently HOT — escalates to ULTRA HOT Dec 2026. NOT in October pool. Call August-September.
Jal Precision Products Ltd.,IND-RA,Term Loan,BB+,2025-12-08,HOT,ULTRA HOT,2026-12-08,15.5,Other,Other,Standard,D365,INC rating hits ULTRA HOT on 2026-12-08 — prime Q1 2027 renewal target,Your Term Loan at IND-RA goes critical in Dec 2026. Start ACER process in Sep 2026 — before the Q1 rush.,August 2026 (before Dec ULTRA HOT threshold),Currently HOT — escalates to ULTRA HOT Dec 2026. NOT in October pool. Call August-September.
Madras Radiators & Pressings Ltd.,CRISIL,Term Loan,BB+,2025-12-08,HOT,ULTRA HOT,2026-12-08,15.0,Other,Other,Standard,D365,INC rating hits ULTRA HOT on 2026-12-08 — prime Q1 2027 renewal target,Your Term Loan at CRISIL goes critical in Dec 2026. Start ACER process in Sep 2026 — before the Q1 rush.,August 2026 (before Dec ULTRA HOT threshold),Currently HOT — escalates to ULTRA HOT Dec 2026. NOT in October pool. Call August-September.
Rajdhani Crafts Inds. Pvt. Ltd.,CARE,NCD/Bond,B-/A4,2025-12-08,HOT,ULTRA HOT,2026-12-08,15.0,Other,Other,NCD — SEBI License Required,D365,INC rating hits ULTRA HOT on 2026-12-08 — prime Q1 2027 renewal target,Your NCD/Bond at CARE goes critical in Dec 2026. Start ACER process in Sep 2026 — before the Q1 rush.,August 2026 (before Dec ULTRA HOT threshold),Currently HOT — escalates to ULTRA HOT Dec 2026. NOT in October pool. Call August-September.
Sri Kannapiran Mills Ltd.,ACUITE,Letter of Credit,A 4+,2025-12-08,HOT,ULTRA HOT,2026-12-08,15.0,Agro/Food,Agro/Food,Standard,D365,INC rating hits ULTRA HOT on 2026-12-08 — prime Q1 2027 renewal target,Your Letter of Credit at ACUITE goes critical in Dec 2026. Start ACER process in Sep 2026 — before the Q1 rush.,August 2026 (before Dec ULTRA HOT threshold),Currently HOT — escalates to ULTRA HOT Dec 2026. NOT in October pool. Call August-September.
Swapna Projects Pvt. Ltd.,ACUITE,Bank Guarantee,A 4,2025-12-08,HOT,ULTRA HOT,2026-12-08,15.0,Other,Construction,Standard,D365,INC rating hits ULTRA HOT on 2026-12-08 — prime Q1 2027 renewal target,Your Bank Guarantee at ACUITE goes critical in Dec 2026. Start ACER process in Sep 2026 — before the Q1 rush.,August 2026 (before Dec ULTRA HOT threshold),Currently HOT — escalates to ULTRA HOT Dec 2026. NOT in October pool. Call August-September.
V R P Telematics Pvt. Ltd.,CRISIL,Term Loan,BB+,2025-12-08,HOT,ULTRA HOT,2026-12-08,14.5,Other,Other,Standard,D365,INC rating hits ULTRA HOT on 2026-12-08 — prime Q1 2027 renewal target,Your Term Loan at CRISIL goes critical in Dec 2026. Start ACER process in Sep 2026 — before the Q1 rush.,August 2026 (before Dec ULTRA HOT threshold),Currently HOT — escalates to ULTRA HOT Dec 2026. NOT in October pool. Call August-September.
Jindal Timber & Plywood Pvt. Ltd.,CARE,Letter of Credit,A 4,2025-12-08,HOT,ULTRA HOT,2026-12-08,14.0,Other,Agro/Food,Standard,D365,INC rating hits ULTRA HOT on 2026-12-08 — prime Q1 2027 renewal target,Your Letter of Credit at CARE goes critical in Dec 2026. Start ACER process in Sep 2026 — before the Q1 rush.,August 2026 (before Dec ULTRA HOT threshold),Currently HOT — escalates to ULTRA HOT Dec 2026. NOT in October pool. Call August-September.
Venus Industrial Corpn. Pvt. Ltd.,ACUITE,Term Loan,B-,2025-12-08,HOT,ULTRA HOT,2026-12-08,13.5,Other,Manufacturing,Standard,D365,INC rating hits ULTRA HOT on 2026-12-08 — prime Q1 2027 renewal target,Your Term Loan at ACUITE goes critical in Dec 2026. Start ACER process in Sep 2026 — before the Q1 rush.,August 2026 (before Dec ULTRA HOT threshold),Currently HOT — escalates to ULTRA HOT Dec 2026. NOT in October pool. Call August-September.
Kush Synthetics Pvt. Ltd.,CRISIL,Fund-Based,BB+,2025-12-08,HOT,ULTRA HOT,2026-12-08,12.75,Other,Other,Standard,D365,INC rating hits ULTRA HOT on 2026-12-08 — prime Q1 2027 renewal target,Your Fund-Based at CRISIL goes critical in Dec 2026. Start ACER process in Sep 2026 — before the Q1 rush.,August 2026 (before Dec ULTRA HOT threshold),Currently HOT — escalates to ULTRA HOT Dec 2026. NOT in October pool. Call August-September.
Siddharth Colorchem Pvt. Ltd.,CRISIL,Letter of Credit,A 4,2025-12-08,HOT,ULTRA HOT,2026-12-08,12.0,Chemicals/Pharma,Chemicals/Pharma,Standard,D365,INC rating hits ULTRA HOT on 2026-12-08 — prime Q1 2027 renewal target,Your Letter of Credit at CRISIL goes critical in Dec 2026. Start ACER process in Sep 2026 — before the Q1 rush.,August 2026 (before Dec ULTRA HOT threshold),Currently HOT — escalates to ULTRA HOT Dec 2026. NOT in October pool. Call August-September.
Sunny Homecare Pvt. Ltd.,CRISIL,Term Loan,B,2025-12-08,HOT,ULTRA HOT,2026-12-08,12.0,Other,Other,Standard,D365,INC rating hits ULTRA HOT on 2026-12-08 — prime Q1 2027 renewal target,Your Term Loan at CRISIL goes critical in Dec 2026. Start ACER process in Sep 2026 — before the Q1 rush.,August 2026 (before Dec ULTRA HOT threshold),Currently HOT — escalates to ULTRA HOT Dec 2026. NOT in October pool. Call August-September.
Govardhan Ispat (India) Pvt. Ltd.,BRICKWORK,Term Loan,C,2025-12-08,HOT,ULTRA HOT,2026-12-08,11.79,Other,Other,Standard,D365,INC rating hits ULTRA HOT on 2026-12-08 — prime Q1 2027 renewal target,Your Term Loan at BRICKWORK goes critical in Dec 2026. Start ACER process in Sep 2026 — before the Q1 rush.,August 2026 (before Dec ULTRA HOT threshold),Currently HOT — escalates to ULTRA HOT Dec 2026. NOT in October pool. Call August-September.
Mimani Agro Products Pvt. Ltd.,ACUITE,Term Loan,B-,2025-12-08,HOT,ULTRA HOT,2026-12-08,11.0,Agro/Food,Agro/Food,Standard,D365,INC rating hits ULTRA HOT on 2026-12-08 — prime Q1 2027 renewal target,Your Term Loan at ACUITE goes critical in Dec 2026. Start ACER process in Sep 2026 — before the Q1 rush.,August 2026 (before Dec ULTRA HOT threshold),Currently HOT — escalates to ULTRA HOT Dec 2026. NOT in October pool. Call August-September.
Shree Shakambari Rice Mill Pvt. Ltd.,CRISIL,Short-Term Loan,A 4,2025-12-08,HOT,ULTRA HOT,2026-12-08,10.0,Agro/Food,Agro/Food,Standard,D365,INC rating hits ULTRA HOT on 2026-12-08 — prime Q1 2027 renewal target,Your Short-Term Loan at CRISIL goes critical in Dec 2026. Start ACER process in Sep 2026 — before the Q1 rush.,August 2026 (before Dec ULTRA HOT threshold),Currently HOT — escalates to ULTRA HOT Dec 2026. NOT in October pool. Call August-September.
Sri Kannapiran Mills Ltd.,ACUITE,Term Loan,BB+,2025-12-08,HOT,ULTRA HOT,2026-12-08,9.09,Agro/Food,Agro/Food,Standard,D365,INC rating hits ULTRA HOT on 2026-12-08 — prime Q1 2027 renewal target,Your Term Loan at ACUITE goes critical in Dec 2026. Start ACER process in Sep 2026 — before the Q1 rush.,August 2026 (before Dec ULTRA HOT threshold),Currently HOT — escalates to ULTRA HOT Dec 2026. NOT in October pool. Call August-September.
Luker Electric Technologies Pvt. Ltd.,CARE,NCD/Bond,BBB/A3,2025-12-08,HOT,ULTRA HOT,2026-12-08,9.0,Energy,Energy,NCD — SEBI License Required,D365,INC rating hits ULTRA HOT on 2026-12-08 — prime Q1 2027 renewal target,Your NCD/Bond at CARE goes critical in Dec 2026. Start ACER process in Sep 2026 — before the Q1 rush.,August 2026 (before Dec ULTRA HOT threshold),Currently HOT — escalates to ULTRA HOT Dec 2026. NOT in October pool. Call August-September.
Saluja Steel & Power Pvt. Ltd.,CRISIL,Letter of Credit,A 4+,2025-12-08,HOT,ULTRA HOT,2026-12-08,8.5,Steel & Metals,Steel & Metals,Standard,D365,INC rating hits ULTRA HOT on 2026-12-08 — prime Q1 2027 renewal target,Your Letter of Credit at CRISIL goes critical in Dec 2026. Start ACER process in Sep 2026 — before the Q1 rush.,August 2026 (before Dec ULTRA HOT threshold),Currently HOT — escalates to ULTRA HOT Dec 2026. NOT in October pool. Call August-September.
Rabwin Industries Pvt. Ltd.,IND-RA,Term Loan,BB,2025-12-08,HOT,ULTRA HOT,2026-12-08,8.4,Other,Manufacturing,Standard,D365,INC rating hits ULTRA HOT on 2026-12-08 — prime Q1 2027 renewal target,Your Term Loan at IND-RA goes critical in Dec 2026. Start ACER process in Sep 2026 — before the Q1 rush.,August 2026 (before Dec ULTRA HOT threshold),Currently HOT — escalates to ULTRA HOT Dec 2026. NOT in October pool. Call August-September.
Saluja Steel & Power Pvt. Ltd.,CRISIL,Fund-Based,BB+,2025-12-08,HOT,ULTRA HOT,2026-12-08,8.22,Steel & Metals,Steel & Metals,Standard,D365,INC rating hits ULTRA HOT on 2026-12-08 — prime Q1 2027 renewal target,Your Fund-Based at CRISIL goes critical in Dec 2026. Start ACER process in Sep 2026 — before the Q1 rush.,August 2026 (before Dec ULTRA HOT threshold),Currently HOT — escalates to ULTRA HOT Dec 2026. NOT in October pool. Call August-September.
Versabyte Data Systems Pvt. Ltd.,CRISIL,Term Loan,B,2025-12-08,HOT,ULTRA HOT,2026-12-08,8.1,IT/Technology,IT/Technology,Standard,D365,INC rating hits ULTRA HOT on 2026-12-08 — prime Q1 2027 renewal target,Your Term Loan at CRISIL goes critical in Dec 2026. Start ACER process in Sep 2026 — before the Q1 rush.,August 2026 (before Dec ULTRA HOT threshold),Currently HOT — escalates to ULTRA HOT Dec 2026. NOT in October pool. Call August-September.
Atindra Construction Pvt. Ltd.,CRISIL,Term Loan,B,2025-12-08,HOT,ULTRA HOT,2026-12-08,8.06,Construction,Construction,Standard,D365,INC rating hits ULTRA HOT on 2026-12-08 — prime Q1 2027 renewal target,Your Term Loan at CRISIL goes critical in Dec 2026. Start ACER process in Sep 2026 — before the Q1 rush.,August 2026 (before Dec ULTRA HOT threshold),Currently HOT — escalates to ULTRA HOT Dec 2026. NOT in October pool. Call August-September.
Affil Vitrified Pvt. Ltd.,CRISIL,Term Loan,B+,2025-12-08,HOT,ULTRA HOT,2026-12-08,6.83,Other,Other,Standard,D365,INC rating hits ULTRA HOT on 2026-12-08 — prime Q1 2027 renewal target,Your Term Loan at CRISIL goes critical in Dec 2026. Start ACER process in Sep 2026 — before the Q1 rush.,August 2026 (before Dec ULTRA HOT threshold),Currently HOT — escalates to ULTRA HOT Dec 2026. NOT in October pool. Call August-September.
P S V Precast Pvt. Ltd.,CRISIL,Term Loan,B,2025-12-08,HOT,ULTRA HOT,2026-12-08,6.65,Other,Other,Standard,D365,INC rating hits ULTRA HOT on 2026-12-08 — prime Q1 2027 renewal target,Your Term Loan at CRISIL goes critical in Dec 2026. Start ACER process in Sep 2026 — before the Q1 rush.,August 2026 (before Dec ULTRA HOT threshold),Currently HOT — escalates to ULTRA HOT Dec 2026. NOT in October pool. Call August-September.
Consortium Automobiles Pvt. Ltd.,CRISIL,Fund-Based,B,2025-12-08,HOT,ULTRA HOT,2026-12-08,6.28,Manufacturing,Manufacturing,Standard,D365,INC rating hits ULTRA HOT on 2026-12-08 — prime Q1 2027 renewal target,Your Fund-Based at CRISIL goes critical in Dec 2026. Start ACER process in Sep 2026 — before the Q1 rush.,August 2026 (before Dec ULTRA HOT threshold),Currently HOT — escalates to ULTRA HOT Dec 2026. NOT in October pool. Call August-September.
Millenium Exim Pvt. Ltd.,ICRA,NCD/Bond,B/A4,2025-12-08,HOT,ULTRA HOT,2026-12-08,6.21,Agro/Food,Agro/Food,NCD — SEBI License Required,D365,INC rating hits ULTRA HOT on 2026-12-08 — prime Q1 2027 renewal target,Your NCD/Bond at ICRA goes critical in Dec 2026. Start ACER process in Sep 2026 — before the Q1 rush.,August 2026 (before Dec ULTRA HOT threshold),Currently HOT — escalates to ULTRA HOT Dec 2026. NOT in October pool. Call August-September.
C C I Logistics Ltd.,CRISIL,Bank Guarantee,A 4+,2025-12-08,HOT,ULTRA HOT,2026-12-08,6.0,Logistics,Logistics,Standard,D365,INC rating hits ULTRA HOT on 2026-12-08 — prime Q1 2027 renewal target,Your Bank Guarantee at CRISIL goes critical in Dec 2026. Start ACER process in Sep 2026 — before the Q1 rush.,August 2026 (before Dec ULTRA HOT threshold),Currently HOT — escalates to ULTRA HOT Dec 2026. NOT in October pool. Call August-September.
B D Security Ltd.,CARE,Term Loan,BB,2025-12-08,HOT,ULTRA HOT,2026-12-08,5.83,Other,Other,Standard,D365,INC rating hits ULTRA HOT on 2026-12-08 — prime Q1 2027 renewal target,Your Term Loan at CARE goes critical in Dec 2026. Start ACER process in Sep 2026 — before the Q1 rush.,August 2026 (before Dec ULTRA HOT threshold),Currently HOT — escalates to ULTRA HOT Dec 2026. NOT in October pool. Call August-September.
Versabyte Data Systems Pvt. Ltd.,CRISIL,Bank Guarantee,A 4,2025-12-08,HOT,ULTRA HOT,2026-12-08,5.83,IT/Technology,IT/Technology,Standard,D365,INC rating hits ULTRA HOT on 2026-12-08 — prime Q1 2027 renewal target,Your Bank Guarantee at CRISIL goes critical in Dec 2026. Start ACER process in Sep 2026 — before the Q1 rush.,August 2026 (before Dec ULTRA HOT threshold),Currently HOT — escalates to ULTRA HOT Dec 2026. NOT in October pool. Call August-September.
Ashirvad Food Products Pvt. Ltd.,CRISIL,Bank Guarantee,A 4+,2025-12-08,HOT,ULTRA HOT,2026-12-08,5.08,Agro/Food,Agro/Food,Standard,D365,INC rating hits ULTRA HOT on 2026-12-08 — prime Q1 2027 renewal target,Your Bank Guarantee at CRISIL goes critical in Dec 2026. Start ACER process in Sep 2026 — before the Q1 rush.,August 2026 (before Dec ULTRA HOT threshold),Currently HOT — escalates to ULTRA HOT Dec 2026. NOT in October pool. Call August-September.
P P Kharpatil Constructions Pvt. Ltd.,CRISIL,Term Loan,BB+,2025-12-08,HOT,ULTRA HOT,2026-12-08,5.0,Construction,Construction,Standard,D365,INC rating hits ULTRA HOT on 2026-12-08 — prime Q1 2027 renewal target,Your Term Loan at CRISIL goes critical in Dec 2026. Start ACER process in Sep 2026 — before the Q1 rush.,August 2026 (before Dec ULTRA HOT threshold),Currently HOT — escalates to ULTRA HOT Dec 2026. NOT in October pool. Call August-September.
Pearson Drums & Barrels Pvt. Ltd.,ICRA,Non-Fund-Based,A 4,2025-12-08,HOT,ULTRA HOT,2026-12-08,5.0,Other,Other,Standard,D365,INC rating hits ULTRA HOT on 2026-12-08 — prime Q1 2027 renewal target,Your Non-Fund-Based at ICRA goes critical in Dec 2026. Start ACER process in Sep 2026 — before the Q1 rush.,August 2026 (before Dec ULTRA HOT threshold),Currently HOT — escalates to ULTRA HOT Dec 2026. NOT in October pool. Call August-September.
Valiant Glass Works Pvt. Ltd.,CARE,Bank Guarantee,A 4,2025-12-08,HOT,ULTRA HOT,2026-12-08,5.0,Other,Manufacturing,Standard,D365,INC rating hits ULTRA HOT on 2026-12-08 — prime Q1 2027 renewal target,Your Bank Guarantee at CARE goes critical in Dec 2026. Start ACER process in Sep 2026 — before the Q1 rush.,August 2026 (before Dec ULTRA HOT threshold),Currently HOT — escalates to ULTRA HOT Dec 2026. NOT in October pool. Call August-September.
B D Security Ltd.,CARE,Bank Guarantee,A 4,2025-12-08,HOT,ULTRA HOT,2026-12-08,4.0,Other,Other,Standard,D365,INC rating hits ULTRA HOT on 2026-12-08 — prime Q1 2027 renewal target,Your Bank Guarantee at CARE goes critical in Dec 2026. Start ACER process in Sep 2026 — before the Q1 rush.,August 2026 (before Dec ULTRA HOT threshold),Currently HOT — escalates to ULTRA HOT Dec 2026. NOT in October pool. Call August-September.
Venus Industrial Corpn. Pvt. Ltd.,ACUITE,Term Loan,B-,2025-12-08,HOT,ULTRA HOT,2026-12-08,3.88,Other,Manufacturing,Standard,D365,INC rating hits ULTRA HOT on 2026-12-08 — prime Q1 2027 renewal target,Your Term Loan at ACUITE goes critical in Dec 2026. Start ACER process in Sep 2026 — before the Q1 rush.,August 2026 (before Dec ULTRA HOT threshold),Currently HOT — escalates to ULTRA HOT Dec 2026. NOT in October pool. Call August-September.
Ashirvad Food Products Pvt. Ltd.,CRISIL,Term Loan,BB-,2025-12-08,HOT,ULTRA HOT,2026-12-08,3.73,Agro/Food,Agro/Food,Standard,D365,INC rating hits ULTRA HOT on 2026-12-08 — prime Q1 2027 renewal target,Your Term Loan at CRISIL goes critical in Dec 2026. Start ACER process in Sep 2026 — before the Q1 rush.,August 2026 (before Dec ULTRA HOT threshold),Currently HOT — escalates to ULTRA HOT Dec 2026. NOT in October pool. Call August-September.
Universal Speciality Chemicals Pvt. Ltd.,CRISIL,Term Loan,B,2025-12-08,HOT,ULTRA HOT,2026-12-08,3.31,Chemicals/Pharma,Chemicals/Pharma,Standard,D365,INC rating hits ULTRA HOT on 2026-12-08 — prime Q1 2027 renewal target,Your Term Loan at CRISIL goes critical in Dec 2026. Start ACER process in Sep 2026 — before the Q1 rush.,August 2026 (before Dec ULTRA HOT threshold),Currently HOT — escalates to ULTRA HOT Dec 2026. NOT in October pool. Call August-September.
B D Security Ltd.,CARE,NCD/Bond,BB/A4,2025-12-08,HOT,ULTRA HOT,2026-12-08,3.22,Other,Other,NCD — SEBI License Required,D365,INC rating hits ULTRA HOT on 2026-12-08 — prime Q1 2027 renewal target,Your NCD/Bond at CARE goes critical in Dec 2026. Start ACER process in Sep 2026 — before the Q1 rush.,August 2026 (before Dec ULTRA HOT threshold),Currently HOT — escalates to ULTRA HOT Dec 2026. NOT in October pool. Call August-September.
Cyamopsis Biotech (India) Pvt. Ltd.,CRISIL,Term Loan,B+,2025-12-08,HOT,ULTRA HOT,2026-12-08,3.0,IT/Technology,IT/Technology,Standard,D365,INC rating hits ULTRA HOT on 2026-12-08 — prime Q1 2027 renewal target,Your Term Loan at CRISIL goes critical in Dec 2026. Start ACER process in Sep 2026 — before the Q1 rush.,August 2026 (before Dec ULTRA HOT threshold),Currently HOT — escalates to ULTRA HOT Dec 2026. NOT in October pool. Call August-September.
Jay Bharat Spices Pvt. Ltd.,CRISIL,Letter of Credit,A 4,2025-12-08,HOT,ULTRA HOT,2026-12-08,3.0,Agro/Food,Agro/Food,Standard,D365,INC rating hits ULTRA HOT on 2026-12-08 — prime Q1 2027 renewal target,Your Letter of Credit at CRISIL goes critical in Dec 2026. Start ACER process in Sep 2026 — before the Q1 rush.,August 2026 (before Dec ULTRA HOT threshold),Currently HOT — escalates to ULTRA HOT Dec 2026. NOT in October pool. Call August-September.
Nutech Engineering Technologies Ltd.,CARE,Letter of Credit,A 4,2025-12-08,HOT,ULTRA HOT,2026-12-08,3.0,Manufacturing,Manufacturing,Standard,D365,INC rating hits ULTRA HOT on 2026-12-08 — prime Q1 2027 renewal target,Your Letter of Credit at CARE goes critical in Dec 2026. Start ACER process in Sep 2026 — before the Q1 rush.,August 2026 (before Dec ULTRA HOT threshold),Currently HOT — escalates to ULTRA HOT Dec 2026. NOT in October pool. Call August-September.
Ramsons Industries Ltd.,CRISIL,Term Loan,B+,2025-12-08,HOT,ULTRA HOT,2026-12-08,3.0,Other,Manufacturing,Standard,D365,INC rating hits ULTRA HOT on 2026-12-08 — prime Q1 2027 renewal target,Your Term Loan at CRISIL goes critical in Dec 2026. Start ACER process in Sep 2026 — before the Q1 rush.,August 2026 (before Dec ULTRA HOT threshold),Currently HOT — escalates to ULTRA HOT Dec 2026. NOT in October pool. Call August-September.
Siddharth Colorchem Pvt. Ltd.,CRISIL,Bank Guarantee,A 4,2025-12-08,HOT,ULTRA HOT,2026-12-08,3.0,Chemicals/Pharma,Chemicals/Pharma,Standard,D365,INC rating hits ULTRA HOT on 2026-12-08 — prime Q1 2027 renewal target,Your Bank Guarantee at CRISIL goes critical in Dec 2026. Start ACER process in Sep 2026 — before the Q1 rush.,August 2026 (before Dec ULTRA HOT threshold),Currently HOT — escalates to ULTRA HOT Dec 2026. NOT in October pool. Call August-September.
Shakambari Kniting Pvt. Ltd.,CRISIL,Term Loan,BB,2025-12-08,HOT,ULTRA HOT,2026-12-08,2.87,Other,Textiles,Standard,D365,INC rating hits ULTRA HOT on 2026-12-08 — prime Q1 2027 renewal target,Your Term Loan at CRISIL goes critical in Dec 2026. Start ACER process in Sep 2026 — before the Q1 rush.,August 2026 (before Dec ULTRA HOT threshold),Currently HOT — escalates to ULTRA HOT Dec 2026. NOT in October pool. Call August-September.
Sri Kannapiran Mills Ltd.,ACUITE,Bank Guarantee,A 4+,2025-12-08,HOT,ULTRA HOT,2026-12-08,2.8,Agro/Food,Agro/Food,Standard,D365,INC rating hits ULTRA HOT on 2026-12-08 — prime Q1 2027 renewal target,Your Bank Guarantee at ACUITE goes critical in Dec 2026. Start ACER process in Sep 2026 — before the Q1 rush.,August 2026 (before Dec ULTRA HOT threshold),Currently HOT — escalates to ULTRA HOT Dec 2026. NOT in October pool. Call August-September.
P S V Precast Pvt. Ltd.,CRISIL,Term Loan,B,2025-12-08,HOT,ULTRA HOT,2026-12-08,2.6,Other,Other,Standard,D365,INC rating hits ULTRA HOT on 2026-12-08 — prime Q1 2027 renewal target,Your Term Loan at CRISIL goes critical in Dec 2026. Start ACER process in Sep 2026 — before the Q1 rush.,August 2026 (before Dec ULTRA HOT threshold),Currently HOT — escalates to ULTRA HOT Dec 2026. NOT in October pool. Call August-September.
Millenium Exim Pvt. Ltd.,ICRA,Term Loan,B,2025-12-08,HOT,ULTRA HOT,2026-12-08,2.54,Agro/Food,Agro/Food,Standard,D365,INC rating hits ULTRA HOT on 2026-12-08 — prime Q1 2027 renewal target,Your Term Loan at ICRA goes critical in Dec 2026. Start ACER process in Sep 2026 — before the Q1 rush.,August 2026 (before Dec ULTRA HOT threshold),Currently HOT — escalates to ULTRA HOT Dec 2026. NOT in October pool. Call August-September.
Consortium Automobiles Pvt. Ltd.,CRISIL,Term Loan,B,2025-12-08,HOT,ULTRA HOT,2026-12-08,2.52,Manufacturing,Manufacturing,Standard,D365,INC rating hits ULTRA HOT on 2026-12-08 — prime Q1 2027 renewal target,Your Term Loan at CRISIL goes critical in Dec 2026. Start ACER process in Sep 2026 — before the Q1 rush.,August 2026 (before Dec ULTRA HOT threshold),Currently HOT — escalates to ULTRA HOT Dec 2026. NOT in October pool. Call August-September.
Nutech Engineering Technologies Ltd.,CARE,Bank Guarantee,A 4,2025-12-08,HOT,ULTRA HOT,2026-12-08,2.5,Manufacturing,Manufacturing,Standard,D365,INC rating hits ULTRA HOT on 2026-12-08 — prime Q1 2027 renewal target,Your Bank Guarantee at CARE goes critical in Dec 2026. Start ACER process in Sep 2026 — before the Q1 rush.,August 2026 (before Dec ULTRA HOT threshold),Currently HOT — escalates to ULTRA HOT Dec 2026. NOT in October pool. Call August-September.
Ramsons Industries Ltd.,CRISIL,Bank Guarantee,A 4,2025-12-08,HOT,ULTRA HOT,2026-12-08,2.5,Other,Manufacturing,Standard,D365,INC rating hits ULTRA HOT on 2026-12-08 — prime Q1 2027 renewal target,Your Bank Guarantee at CRISIL goes critical in Dec 2026. Start ACER process in Sep 2026 — before the Q1 rush.,August 2026 (before Dec ULTRA HOT threshold),Currently HOT — escalates to ULTRA HOT Dec 2026. NOT in October pool. Call August-September.
Sky Spintex Pvt. Ltd.,IND-RA,Fund-Based,A 3,2025-12-08,HOT,ULTRA HOT,2026-12-08,2.5,Other,Other,Standard,D365,INC rating hits ULTRA HOT on 2026-12-08 — prime Q1 2027 renewal target,Your Fund-Based at IND-RA goes critical in Dec 2026. Start ACER process in Sep 2026 — before the Q1 rush.,August 2026 (before Dec ULTRA HOT threshold),Currently HOT — escalates to ULTRA HOT Dec 2026. NOT in October pool. Call August-September.
Pearson Drums & Barrels Pvt. Ltd.,ICRA,Fund-Based,A 4,2025-12-08,HOT,ULTRA HOT,2026-12-08,2.4,Other,Other,Standard,D365,INC rating hits ULTRA HOT on 2026-12-08 — prime Q1 2027 renewal target,Your Fund-Based at ICRA goes critical in Dec 2026. Start ACER process in Sep 2026 — before the Q1 rush.,August 2026 (before Dec ULTRA HOT threshold),Currently HOT — escalates to ULTRA HOT Dec 2026. NOT in October pool. Call August-September.
Paliwal Sons Dairy Pvt. Ltd.,BRICKWORK,Term Loan,B-,2025-12-08,HOT,ULTRA HOT,2026-12-08,2.35,Agro/Food,Agro/Food,Standard,D365,INC rating hits ULTRA HOT on 2026-12-08 — prime Q1 2027 renewal target,Your Term Loan at BRICKWORK goes critical in Dec 2026. Start ACER process in Sep 2026 — before the Q1 rush.,August 2026 (before Dec ULTRA HOT threshold),Currently HOT — escalates to ULTRA HOT Dec 2026. NOT in October pool. Call August-September.
Affil Vitrified Pvt. Ltd.,CRISIL,Bank Guarantee,A 4,2025-12-08,HOT,ULTRA HOT,2026-12-08,2.3,Other,Other,Standard,D365,INC rating hits ULTRA HOT on 2026-12-08 — prime Q1 2027 renewal target,Your Bank Guarantee at CRISIL goes critical in Dec 2026. Start ACER process in Sep 2026 — before the Q1 rush.,August 2026 (before Dec ULTRA HOT threshold),Currently HOT — escalates to ULTRA HOT Dec 2026. NOT in October pool. Call August-September.
Laxmi Hydraulics Pvt. Ltd.,IND-RA,Fund-Based,A 2+,2025-12-08,HOT,ULTRA HOT,2026-12-08,2.0,Other,Other,Standard,D365,INC rating hits ULTRA HOT on 2026-12-08 — prime Q1 2027 renewal target,Your Fund-Based at IND-RA goes critical in Dec 2026. Start ACER process in Sep 2026 — before the Q1 rush.,August 2026 (before Dec ULTRA HOT threshold),Currently HOT — escalates to ULTRA HOT Dec 2026. NOT in October pool. Call August-September.
Raj Kishore Engineering Constructions Pvt. Ltd.,CRISIL,Bank Guarantee,A 4,2025-12-08,HOT,ULTRA HOT,2026-12-08,2.0,Construction,Construction,Standard,D365,INC rating hits ULTRA HOT on 2026-12-08 — prime Q1 2027 renewal target,Your Bank Guarantee at CRISIL goes critical in Dec 2026. Start ACER process in Sep 2026 — before the Q1 rush.,August 2026 (before Dec ULTRA HOT threshold),Currently HOT — escalates to ULTRA HOT Dec 2026. NOT in October pool. Call August-September.
Raj Kishore Engineering Constructions Pvt. Ltd.,CRISIL,Bank Guarantee,B+,2025-12-08,HOT,ULTRA HOT,2026-12-08,2.0,Construction,Construction,Standard,D365,INC rating hits ULTRA HOT on 2026-12-08 — prime Q1 2027 renewal target,Your Bank Guarantee at CRISIL goes critical in Dec 2026. Start ACER process in Sep 2026 — before the Q1 rush.,August 2026 (before Dec ULTRA HOT threshold),Currently HOT — escalates to ULTRA HOT Dec 2026. NOT in October pool. Call August-September.
Pearson Drums & Barrels Pvt. Ltd.,ICRA,Term Loan,B+,2025-12-08,HOT,ULTRA HOT,2026-12-08,1.96,Other,Other,Standard,D365,INC rating hits ULTRA HOT on 2026-12-08 — prime Q1 2027 renewal target,Your Term Loan at ICRA goes critical in Dec 2026. Start ACER process in Sep 2026 — before the Q1 rush.,August 2026 (before Dec ULTRA HOT threshold),Currently HOT — escalates to ULTRA HOT Dec 2026. NOT in October pool. Call August-September.
Shakambari Kniting Pvt. Ltd.,CRISIL,Term Loan,BB,2025-12-08,HOT,ULTRA HOT,2026-12-08,1.86,Other,Textiles,Standard,D365,INC rating hits ULTRA HOT on 2026-12-08 — prime Q1 2027 renewal target,Your Term Loan at CRISIL goes critical in Dec 2026. Start ACER process in Sep 2026 — before the Q1 rush.,August 2026 (before Dec ULTRA HOT threshold),Currently HOT — escalates to ULTRA HOT Dec 2026. NOT in October pool. Call August-September.
Atindra Construction Pvt. Ltd.,CRISIL,Term Loan,B,2025-12-08,HOT,ULTRA HOT,2026-12-08,1.76,Construction,Construction,Standard,D365,INC rating hits ULTRA HOT on 2026-12-08 — prime Q1 2027 renewal target,Your Term Loan at CRISIL goes critical in Dec 2026. Start ACER process in Sep 2026 — before the Q1 rush.,August 2026 (before Dec ULTRA HOT threshold),Currently HOT — escalates to ULTRA HOT Dec 2026. NOT in October pool. Call August-September.
Atindra Construction Pvt. Ltd.,CRISIL,Letter of Credit,A 4,2025-12-08,HOT,ULTRA HOT,2026-12-08,1.5,Construction,Construction,Standard,D365,INC rating hits ULTRA HOT on 2026-12-08 — prime Q1 2027 renewal target,Your Letter of Credit at CRISIL goes critical in Dec 2026. Start ACER process in Sep 2026 — before the Q1 rush.,August 2026 (before Dec ULTRA HOT threshold),Currently HOT — escalates to ULTRA HOT Dec 2026. NOT in October pool. Call August-September.
G P Designs Pvt. Ltd.,CRISIL,Term Loan,BB,2025-12-08,HOT,ULTRA HOT,2026-12-08,1.37,Other,Other,Standard,D365,INC rating hits ULTRA HOT on 2026-12-08 — prime Q1 2027 renewal target,Your Term Loan at CRISIL goes critical in Dec 2026. Start ACER process in Sep 2026 — before the Q1 rush.,August 2026 (before Dec ULTRA HOT threshold),Currently HOT — escalates to ULTRA HOT Dec 2026. NOT in October pool. Call August-September.
Umesh Industries Pvt. Ltd.,CARE,Term Loan,B-,2025-12-08,HOT,ULTRA HOT,2026-12-08,1.28,Other,Manufacturing,Standard,D365,INC rating hits ULTRA HOT on 2026-12-08 — prime Q1 2027 renewal target,Your Term Loan at CARE goes critical in Dec 2026. Start ACER process in Sep 2026 — before the Q1 rush.,August 2026 (before Dec ULTRA HOT threshold),Currently HOT — escalates to ULTRA HOT Dec 2026. NOT in October pool. Call August-September.
Shree Mahakali Enterprises Pvt. Ltd.,CRISIL,Bank Guarantee,A 4,2025-12-08,HOT,ULTRA HOT,2026-12-08,1.25,Other,Other,Standard,D365,INC rating hits ULTRA HOT on 2026-12-08 — prime Q1 2027 renewal target,Your Bank Guarantee at CRISIL goes critical in Dec 2026. Start ACER process in Sep 2026 — before the Q1 rush.,August 2026 (before Dec ULTRA HOT threshold),Currently HOT — escalates to ULTRA HOT Dec 2026. NOT in October pool. Call August-September.
H K Cement Inds. Pvt. Ltd.,BRICKWORK,Bank Guarantee,A 4,2025-12-08,HOT,ULTRA HOT,2026-12-08,1.17,Construction,Construction,Standard,D365,INC rating hits ULTRA HOT on 2026-12-08 — prime Q1 2027 renewal target,Your Bank Guarantee at BRICKWORK goes critical in Dec 2026. Start ACER process in Sep 2026 — before the Q1 rush.,August 2026 (before Dec ULTRA HOT threshold),Currently HOT — escalates to ULTRA HOT Dec 2026. NOT in October pool. Call August-September.
Cyamopsis Biotech (India) Pvt. Ltd.,CRISIL,Non-Fund-Based,A 4,2025-12-08,HOT,ULTRA HOT,2026-12-08,1.0,IT/Technology,IT/Technology,Standard,D365,INC rating hits ULTRA HOT on 2026-12-08 — prime Q1 2027 renewal target,Your Non-Fund-Based at CRISIL goes critical in Dec 2026. Start ACER process in Sep 2026 — before the Q1 rush.,August 2026 (before Dec ULTRA HOT threshold),Currently HOT — escalates to ULTRA HOT Dec 2026. NOT in October pool. Call August-September.
Madras Radiators & Pressings Ltd.,CRISIL,Bank Guarantee,A 4+,2025-12-08,HOT,ULTRA HOT,2026-12-08,1.0,Other,Other,Standard,D365,INC rating hits ULTRA HOT on 2026-12-08 — prime Q1 2027 renewal target,Your Bank Guarantee at CRISIL goes critical in Dec 2026. Start ACER process in Sep 2026 — before the Q1 rush.,August 2026 (before Dec ULTRA HOT threshold),Currently HOT — escalates to ULTRA HOT Dec 2026. NOT in October pool. Call August-September.
Ramdev Stainless Strips Pvt. Ltd.,CARE,Term Loan,B-,2025-12-08,HOT,ULTRA HOT,2026-12-08,0.89,Other,Other,Standard,D365,INC rating hits ULTRA HOT on 2026-12-08 — prime Q1 2027 renewal target,Your Term Loan at CARE goes critical in Dec 2026. Start ACER process in Sep 2026 — before the Q1 rush.,August 2026 (before Dec ULTRA HOT threshold),Currently HOT — escalates to ULTRA HOT Dec 2026. NOT in October pool. Call August-September.
Universal Speciality Chemicals Pvt. Ltd.,CRISIL,Term Loan,B,2025-12-08,HOT,ULTRA HOT,2026-12-08,0.89,Chemicals/Pharma,Chemicals/Pharma,Standard,D365,INC rating hits ULTRA HOT on 2026-12-08 — prime Q1 2027 renewal target,Your Term Loan at CRISIL goes critical in Dec 2026. Start ACER process in Sep 2026 — before the Q1 rush.,August 2026 (before Dec ULTRA HOT threshold),Currently HOT — escalates to ULTRA HOT Dec 2026. NOT in October pool. Call August-September.
Venus Industrial Corpn. Pvt. Ltd.,ACUITE,Letter of Credit,A 4,2025-12-08,HOT,ULTRA HOT,2026-12-08,0.85,Other,Manufacturing,Standard,D365,INC rating hits ULTRA HOT on 2026-12-08 — prime Q1 2027 renewal target,Your Letter of Credit at ACUITE goes critical in Dec 2026. Start ACER process in Sep 2026 — before the Q1 rush.,August 2026 (before Dec ULTRA HOT threshold),Currently HOT — escalates to ULTRA HOT Dec 2026. NOT in October pool. Call August-September.
Praveen Aroma Pvt. Ltd.,CRISIL,Term Loan,B,2025-12-08,HOT,ULTRA HOT,2026-12-08,0.75,Other,Other,Standard,D365,INC rating hits ULTRA HOT on 2026-12-08 — prime Q1 2027 renewal target,Your Term Loan at CRISIL goes critical in Dec 2026. Start ACER process in Sep 2026 — before the Q1 rush.,August 2026 (before Dec ULTRA HOT threshold),Currently HOT — escalates to ULTRA HOT Dec 2026. NOT in October pool. Call August-September.
Unique Forgings (India) Pvt. Ltd.,CRISIL,Bank Guarantee,A 4,2025-12-08,HOT,ULTRA HOT,2026-12-08,0.75,Steel & Metals,Steel & Metals,Standard,D365,INC rating hits ULTRA HOT on 2026-12-08 — prime Q1 2027 renewal target,Your Bank Guarantee at CRISIL goes critical in Dec 2026. Start ACER process in Sep 2026 — before the Q1 rush.,August 2026 (before Dec ULTRA HOT threshold),Currently HOT — escalates to ULTRA HOT Dec 2026. NOT in October pool. Call August-September.
Universal Speciality Chemicals Pvt. Ltd.,CRISIL,Letter of Credit,A 4,2025-12-08,HOT,ULTRA HOT,2026-12-08,0.75,Chemicals/Pharma,Chemicals/Pharma,Standard,D365,INC rating hits ULTRA HOT on 2026-12-08 — prime Q1 2027 renewal target,Your Letter of Credit at CRISIL goes critical in Dec 2026. Start ACER process in Sep 2026 — before the Q1 rush.,August 2026 (before Dec ULTRA HOT threshold),Currently HOT — escalates to ULTRA HOT Dec 2026. NOT in October pool. Call August-September.
G P Designs Pvt. Ltd.,CRISIL,Term Loan,BB,2025-12-08,HOT,ULTRA HOT,2026-12-08,0.63,Other,Other,Standard,D365,INC rating hits ULTRA HOT on 2026-12-08 — prime Q1 2027 renewal target,Your Term Loan at CRISIL goes critical in Dec 2026. Start ACER process in Sep 2026 — before the Q1 rush.,August 2026 (before Dec ULTRA HOT threshold),Currently HOT — escalates to ULTRA HOT Dec 2026. NOT in October pool. Call August-September.
Versabyte Data Systems Pvt. Ltd.,CRISIL,Term Loan,B,2025-12-08,HOT,ULTRA HOT,2026-12-08,0.57,IT/Technology,IT/Technology,Standard,D365,INC rating hits ULTRA HOT on 2026-12-08 — prime Q1 2027 renewal target,Your Term Loan at CRISIL goes critical in Dec 2026. Start ACER process in Sep 2026 — before the Q1 rush.,August 2026 (before Dec ULTRA HOT threshold),Currently HOT — escalates to ULTRA HOT Dec 2026. NOT in October pool. Call August-September.
Jaihanuman Cotton Gng. Mills Pvt. Ltd.,CRISIL,Term Loan,B+,2025-12-08,HOT,ULTRA HOT,2026-12-08,0.5,Agro/Food,Agro/Food,Standard,D365,INC rating hits ULTRA HOT on 2026-12-08 — prime Q1 2027 renewal target,Your Term Loan at CRISIL goes critical in Dec 2026. Start ACER process in Sep 2026 — before the Q1 rush.,August 2026 (before Dec ULTRA HOT threshold),Currently HOT — escalates to ULTRA HOT Dec 2026. NOT in October pool. Call August-September.
Swapna Projects Pvt. Ltd.,ACUITE,Term Loan,B-,2025-12-08,HOT,ULTRA HOT,2026-12-08,0.5,Other,Construction,Standard,D365,INC rating hits ULTRA HOT on 2026-12-08 — prime Q1 2027 renewal target,Your Term Loan at ACUITE goes critical in Dec 2026. Start ACER process in Sep 2026 — before the Q1 rush.,August 2026 (before Dec ULTRA HOT threshold),Currently HOT — escalates to ULTRA HOT Dec 2026. NOT in October pool. Call August-September.
Good Greens India Pvt. Ltd.,BRICKWORK,Term Loan,C,2025-12-08,HOT,ULTRA HOT,2026-12-08,0.45,Other,Other,Standard,D365,INC rating hits ULTRA HOT on 2026-12-08 — prime Q1 2027 renewal target,Your Term Loan at BRICKWORK goes critical in Dec 2026. Start ACER process in Sep 2026 — before the Q1 rush.,August 2026 (before Dec ULTRA HOT threshold),Currently HOT — escalates to ULTRA HOT Dec 2026. NOT in October pool. Call August-September.
Venus Industrial Corpn. Pvt. Ltd.,ACUITE,Short-Term Loan,A 4,2025-12-08,HOT,ULTRA HOT,2026-12-08,0.27,Other,Manufacturing,Standard,D365,INC rating hits ULTRA HOT on 2026-12-08 — prime Q1 2027 renewal target,Your Short-Term Loan at ACUITE goes critical in Dec 2026. Start ACER process in Sep 2026 — before the Q1 rush.,August 2026 (before Dec ULTRA HOT threshold),Currently HOT — escalates to ULTRA HOT Dec 2026. NOT in October pool. Call August-September.
Millenium Exim Pvt. Ltd.,ICRA,Non-Fund-Based,A 4,2025-12-08,HOT,ULTRA HOT,2026-12-08,0.25,Agro/Food,Agro/Food,Standard,D365,INC rating hits ULTRA HOT on 2026-12-08 — prime Q1 2027 renewal target,Your Non-Fund-Based at ICRA goes critical in Dec 2026. Start ACER process in Sep 2026 — before the Q1 rush.,August 2026 (before Dec ULTRA HOT threshold),Currently HOT — escalates to ULTRA HOT Dec 2026. NOT in October pool. Call August-September.
Valiant Glass Works Pvt. Ltd.,CARE,Term Loan,B,2025-12-08,HOT,ULTRA HOT,2026-12-08,0.1,Other,Manufacturing,Standard,D365,INC rating hits ULTRA HOT on 2026-12-08 — prime Q1 2027 renewal target,Your Term Loan at CARE goes critical in Dec 2026. Start ACER process in Sep 2026 — before the Q1 rush.,August 2026 (before Dec ULTRA HOT threshold),Currently HOT — escalates to ULTRA HOT Dec 2026. NOT in October pool. Call August-September.
Rana Milk Foods Private Limited,Infomerics,Long Term/Short Term Bank Facilities,IVR D /IVR D; (INC) (Reaffirmed),2025-12-08,HOT,ULTRA HOT,2026-12-08,0.07,Agro/Food,Agro/Food,Standard,Infomerics,INC rating hits ULTRA HOT on 2026-12-08 — exclusive Q1 2027 whitespace lead,Your Infomerics INC rating goes critical in Dec 2026. ACER is your best alternative — no competitor has approached you.,August 2026 (before Dec ULTRA HOT threshold),Currently HOT — escalates to ULTRA HOT Dec 2026. NOT in October pool. Call August-September.
Madras Radiators & Pressings Ltd.,CRISIL,Term Loan,BB+,2025-12-08,HOT,ULTRA HOT,2026-12-08,0.05,Other,Other,Standard,D365,INC rating hits ULTRA HOT on 2026-12-08 — prime Q1 2027 renewal target,Your Term Loan at CRISIL goes critical in Dec 2026. Start ACER process in Sep 2026 — before the Q1 rush.,August 2026 (before Dec ULTRA HOT threshold),Currently HOT — escalates to ULTRA HOT Dec 2026. NOT in October pool. Call August-September.
Universal Speciality Chemicals Pvt. Ltd.,CRISIL,Bank Guarantee,A 4,2025-12-08,HOT,ULTRA HOT,2026-12-08,0.05,Chemicals/Pharma,Chemicals/Pharma,Standard,D365,INC rating hits ULTRA HOT on 2026-12-08 — prime Q1 2027 renewal target,Your Bank Guarantee at CRISIL goes critical in Dec 2026. Start ACER process in Sep 2026 — before the Q1 rush.,August 2026 (before Dec ULTRA HOT threshold),Currently HOT — escalates to ULTRA HOT Dec 2026. NOT in October pool. Call August-September.
Pearson Drums & Barrels Pvt. Ltd.,ICRA,NCD/Bond,B+/A4,2025-12-08,HOT,ULTRA HOT,2026-12-08,0.04,Other,Other,NCD — SEBI License Required,D365,INC rating hits ULTRA HOT on 2026-12-08 — prime Q1 2027 renewal target,Your NCD/Bond at ICRA goes critical in Dec 2026. Start ACER process in Sep 2026 — before the Q1 rush.,August 2026 (before Dec ULTRA HOT threshold),Currently HOT — escalates to ULTRA HOT Dec 2026. NOT in October pool. Call August-September.
Vijai Electricals Ltd.,IND-RA,Fund-Based,A 4,2025-12-09,HOT,ULTRA HOT,2026-12-09,280.54,Energy,Energy,Standard,D365,INC rating hits ULTRA HOT on 2026-12-09 — prime Q1 2027 renewal target,Your Fund-Based at IND-RA goes critical in Dec 2026. Start ACER process in Sep 2026 — before the Q1 rush.,August 2026 (before Dec ULTRA HOT threshold),Currently HOT — escalates to ULTRA HOT Dec 2026. NOT in October pool. Call August-September.
Vijai Electricals Ltd.,IND-RA,Term Loan,B+,2025-12-09,HOT,ULTRA HOT,2026-12-09,113.38,Energy,Energy,Standard,D365,INC rating hits ULTRA HOT on 2026-12-09 — prime Q1 2027 renewal target,Your Term Loan at IND-RA goes critical in Dec 2026. Start ACER process in Sep 2026 — before the Q1 rush.,August 2026 (before Dec ULTRA HOT threshold),Currently HOT — escalates to ULTRA HOT Dec 2026. NOT in October pool. Call August-September.
Dalkan Ship Breaking Ltd.,IND-RA,Fund-Based,A 4+,2025-12-09,HOT,ULTRA HOT,2026-12-09,95.0,Other,Agro/Food,Standard,D365,INC rating hits ULTRA HOT on 2026-12-09 — prime Q1 2027 renewal target,Your Fund-Based at IND-RA goes critical in Dec 2026. Start ACER process in Sep 2026 — before the Q1 rush.,August 2026 (before Dec ULTRA HOT threshold),Currently HOT — escalates to ULTRA HOT Dec 2026. NOT in October pool. Call August-September.
Sri Savitr Solar Private Limited,Infomerics,Long Term Facilities,IVR B (INC) (Downgraded),2025-12-09,HOT,ULTRA HOT,2026-12-09,64.5,Energy,Energy,Standard,Infomerics,INC rating hits ULTRA HOT on 2026-12-09 — exclusive Q1 2027 whitespace lead,Your Infomerics INC rating goes critical in Dec 2026. ACER is your best alternative — no competitor has approached you.,August 2026 (before Dec ULTRA HOT threshold),Currently HOT — escalates to ULTRA HOT Dec 2026. NOT in October pool. Call August-September.
Saifco Hillcrest Hotels Pvt. Ltd.,ACUITE,Term Loan,BB+,2025-12-09,HOT,ULTRA HOT,2026-12-09,52.02,Hotels/Tourism,Hotels/Tourism,Standard,D365,INC rating hits ULTRA HOT on 2026-12-09 — prime Q1 2027 renewal target,Your Term Loan at ACUITE goes critical in Dec 2026. Start ACER process in Sep 2026 — before the Q1 rush.,August 2026 (before Dec ULTRA HOT threshold),Currently HOT — escalates to ULTRA HOT Dec 2026. NOT in October pool. Call August-September.
Saifco Hillcrest Hotels Pvt. Ltd.,ACUITE,Term Loan,BB+,2025-12-09,HOT,ULTRA HOT,2026-12-09,37.08,Hotels/Tourism,Hotels/Tourism,Standard,D365,INC rating hits ULTRA HOT on 2026-12-09 — prime Q1 2027 renewal target,Your Term Loan at ACUITE goes critical in Dec 2026. Start ACER process in Sep 2026 — before the Q1 rush.,August 2026 (before Dec ULTRA HOT threshold),Currently HOT — escalates to ULTRA HOT Dec 2026. NOT in October pool. Call August-September.
Sarvani Tradelink Pvt. Ltd.,CARE,NCD/Bond,B+/A4,2025-12-09,HOT,ULTRA HOT,2026-12-09,25.0,Other,Other,NCD — SEBI License Required,D365,INC rating hits ULTRA HOT on 2026-12-09 — prime Q1 2027 renewal target,Your NCD/Bond at CARE goes critical in Dec 2026. Start ACER process in Sep 2026 — before the Q1 rush.,August 2026 (before Dec ULTRA HOT threshold),Currently HOT — escalates to ULTRA HOT Dec 2026. NOT in October pool. Call August-September.
Mahalaxmi Automotives Pvt. Ltd.,ACUITE,Fund-Based,B,2025-12-09,HOT,ULTRA HOT,2026-12-09,23.0,Manufacturing,Manufacturing,Standard,D365,INC rating hits ULTRA HOT on 2026-12-09 — prime Q1 2027 renewal target,Your Fund-Based at ACUITE goes critical in Dec 2026. Start ACER process in Sep 2026 — before the Q1 rush.,August 2026 (before Dec ULTRA HOT threshold),Currently HOT — escalates to ULTRA HOT Dec 2026. NOT in October pool. Call August-September.
Dewas Metal Sections Ltd.,CRISIL,Term Loan,BB+,2025-12-09,HOT,ULTRA HOT,2026-12-09,20.0,Steel & Metals,Steel & Metals,Standard,D365,INC rating hits ULTRA HOT on 2026-12-09 — prime Q1 2027 renewal target,Your Term Loan at CRISIL goes critical in Dec 2026. Start ACER process in Sep 2026 — before the Q1 rush.,August 2026 (before Dec ULTRA HOT threshold),Currently HOT — escalates to ULTRA HOT Dec 2026. NOT in October pool. Call August-September.
Mahalaxmi Automotives Pvt. Ltd.,ACUITE,Fund-Based,B-,2025-12-09,HOT,ULTRA HOT,2026-12-09,17.0,Manufacturing,Manufacturing,Standard,D365,INC rating hits ULTRA HOT on 2026-12-09 — prime Q1 2027 renewal target,Your Fund-Based at ACUITE goes critical in Dec 2026. Start ACER process in Sep 2026 — before the Q1 rush.,August 2026 (before Dec ULTRA HOT threshold),Currently HOT — escalates to ULTRA HOT Dec 2026. NOT in October pool. Call August-September.
Mahalaxmi Automotives Vehicles Pvt. Ltd.,ACUITE,Fund-Based,B-,2025-12-09,HOT,ULTRA HOT,2026-12-09,15.0,Manufacturing,Manufacturing,Standard,D365,INC rating hits ULTRA HOT on 2026-12-09 — prime Q1 2027 renewal target,Your Fund-Based at ACUITE goes critical in Dec 2026. Start ACER process in Sep 2026 — before the Q1 rush.,August 2026 (before Dec ULTRA HOT threshold),Currently HOT — escalates to ULTRA HOT Dec 2026. NOT in October pool. Call August-September.
Dewas Metal Sections Ltd.,CRISIL,Bank Guarantee,A 4+,2025-12-09,HOT,ULTRA HOT,2026-12-09,13.0,Steel & Metals,Steel & Metals,Standard,D365,INC rating hits ULTRA HOT on 2026-12-09 — prime Q1 2027 renewal target,Your Bank Guarantee at CRISIL goes critical in Dec 2026. Start ACER process in Sep 2026 — before the Q1 rush.,August 2026 (before Dec ULTRA HOT threshold),Currently HOT — escalates to ULTRA HOT Dec 2026. NOT in October pool. Call August-September.
Shankar Equipments Ltd.,CRISIL,Fund-Based,BB-,2025-12-09,HOT,ULTRA HOT,2026-12-09,10.81,Manufacturing,Manufacturing,Standard,D365,INC rating hits ULTRA HOT on 2026-12-09 — prime Q1 2027 renewal target,Your Fund-Based at CRISIL goes critical in Dec 2026. Start ACER process in Sep 2026 — before the Q1 rush.,August 2026 (before Dec ULTRA HOT threshold),Currently HOT — escalates to ULTRA HOT Dec 2026. NOT in October pool. Call August-September.
Shilpa Alloys Pvt. Ltd.,ACUITE,Term Loan,BB-,2025-12-09,HOT,ULTRA HOT,2026-12-09,9.99,Steel & Metals,Steel & Metals,Standard,D365,INC rating hits ULTRA HOT on 2026-12-09 — prime Q1 2027 renewal target,Your Term Loan at ACUITE goes critical in Dec 2026. Start ACER process in Sep 2026 — before the Q1 rush.,August 2026 (before Dec ULTRA HOT threshold),Currently HOT — escalates to ULTRA HOT Dec 2026. NOT in October pool. Call August-September.
Mahalaxmi Automotives Pvt. Ltd.,ACUITE,Term Loan,B,2025-12-09,HOT,ULTRA HOT,2026-12-09,7.7,Manufacturing,Manufacturing,Standard,D365,INC rating hits ULTRA HOT on 2026-12-09 — prime Q1 2027 renewal target,Your Term Loan at ACUITE goes critical in Dec 2026. Start ACER process in Sep 2026 — before the Q1 rush.,August 2026 (before Dec ULTRA HOT threshold),Currently HOT — escalates to ULTRA HOT Dec 2026. NOT in October pool. Call August-September.
Mahalaxmi Automotives Pvt. Ltd.,ACUITE,Term Loan,B-,2025-12-09,HOT,ULTRA HOT,2026-12-09,6.0,Manufacturing,Manufacturing,Standard,D365,INC rating hits ULTRA HOT on 2026-12-09 — prime Q1 2027 renewal target,Your Term Loan at ACUITE goes critical in Dec 2026. Start ACER process in Sep 2026 — before the Q1 rush.,August 2026 (before Dec ULTRA HOT threshold),Currently HOT — escalates to ULTRA HOT Dec 2026. NOT in October pool. Call August-September.
Sreedevi Digital Systems Pvt. Ltd.,BRICKWORK,Letter of Credit,A 4,2025-12-09,HOT,ULTRA HOT,2026-12-09,6.0,IT/Technology,IT/Technology,Standard,D365,INC rating hits ULTRA HOT on 2026-12-09 — prime Q1 2027 renewal target,Your Letter of Credit at BRICKWORK goes critical in Dec 2026. Start ACER process in Sep 2026 — before the Q1 rush.,August 2026 (before Dec ULTRA HOT threshold),Currently HOT — escalates to ULTRA HOT Dec 2026. NOT in October pool. Call August-September.
Sri Savitr Solar Private Limited,Infomerics,Short Term Facilities,IVR A4 (INC) (Reaffirmed),2025-12-09,HOT,ULTRA HOT,2026-12-09,5.5,Energy,Energy,Standard,Infomerics,INC rating hits ULTRA HOT on 2026-12-09 — exclusive Q1 2027 whitespace lead,Your Infomerics INC rating goes critical in Dec 2026. ACER is your best alternative — no competitor has approached you.,August 2026 (before Dec ULTRA HOT threshold),Currently HOT — escalates to ULTRA HOT Dec 2026. NOT in October pool. Call August-September.
Vijai Electricals Ltd.,IND-RA,Fund-Based,A 4,2025-12-09,HOT,ULTRA HOT,2026-12-09,5.2,Energy,Energy,Standard,D365,INC rating hits ULTRA HOT on 2026-12-09 — prime Q1 2027 renewal target,Your Fund-Based at IND-RA goes critical in Dec 2026. Start ACER process in Sep 2026 — before the Q1 rush.,August 2026 (before Dec ULTRA HOT threshold),Currently HOT — escalates to ULTRA HOT Dec 2026. NOT in October pool. Call August-September.
Sarvani Tradelink Pvt. Ltd.,CARE,NCD/Bond,B+/A4,2025-12-09,HOT,ULTRA HOT,2026-12-09,5.0,Other,Other,NCD — SEBI License Required,D365,INC rating hits ULTRA HOT on 2026-12-09 — prime Q1 2027 renewal target,Your NCD/Bond at CARE goes critical in Dec 2026. Start ACER process in Sep 2026 — before the Q1 rush.,August 2026 (before Dec ULTRA HOT threshold),Currently HOT — escalates to ULTRA HOT Dec 2026. NOT in October pool. Call August-September.
Smart Stainless Tubes Pvt. Ltd.,ACUITE,Term Loan,B-,2025-12-09,HOT,ULTRA HOT,2026-12-09,4.81,Other,Steel & Metals,Standard,D365,INC rating hits ULTRA HOT on 2026-12-09 — prime Q1 2027 renewal target,Your Term Loan at ACUITE goes critical in Dec 2026. Start ACER process in Sep 2026 — before the Q1 rush.,August 2026 (before Dec ULTRA HOT threshold),Currently HOT — escalates to ULTRA HOT Dec 2026. NOT in October pool. Call August-September.
Monsoon Bounty Foods Mfg. Pvt. Ltd.,IND-RA,Term Loan,BB-,2025-12-09,HOT,ULTRA HOT,2026-12-09,3.64,Agro/Food,Agro/Food,Standard,D365,INC rating hits ULTRA HOT on 2026-12-09 — prime Q1 2027 renewal target,Your Term Loan at IND-RA goes critical in Dec 2026. Start ACER process in Sep 2026 — before the Q1 rush.,August 2026 (before Dec ULTRA HOT threshold),Currently HOT — escalates to ULTRA HOT Dec 2026. NOT in October pool. Call August-September.
Mahalaxmi Automotives Pvt. Ltd.,ACUITE,Bank Guarantee,A 4,2025-12-09,HOT,ULTRA HOT,2026-12-09,3.0,Manufacturing,Manufacturing,Standard,D365,INC rating hits ULTRA HOT on 2026-12-09 — prime Q1 2027 renewal target,Your Bank Guarantee at ACUITE goes critical in Dec 2026. Start ACER process in Sep 2026 — before the Q1 rush.,August 2026 (before Dec ULTRA HOT threshold),Currently HOT — escalates to ULTRA HOT Dec 2026. NOT in October pool. Call August-September.
Saifco Hillcrest Hotels Pvt. Ltd.,ACUITE,Term Loan,BB+,2025-12-09,HOT,ULTRA HOT,2026-12-09,2.69,Hotels/Tourism,Hotels/Tourism,Standard,D365,INC rating hits ULTRA HOT on 2026-12-09 — prime Q1 2027 renewal target,Your Term Loan at ACUITE goes critical in Dec 2026. Start ACER process in Sep 2026 — before the Q1 rush.,August 2026 (before Dec ULTRA HOT threshold),Currently HOT — escalates to ULTRA HOT Dec 2026. NOT in October pool. Call August-September.
M P R Refractories Ltd.,ACUITE,Term Loan,B-,2025-12-09,HOT,ULTRA HOT,2026-12-09,2.65,Other,Other,Standard,D365,INC rating hits ULTRA HOT on 2026-12-09 — prime Q1 2027 renewal target,Your Term Loan at ACUITE goes critical in Dec 2026. Start ACER process in Sep 2026 — before the Q1 rush.,August 2026 (before Dec ULTRA HOT threshold),Currently HOT — escalates to ULTRA HOT Dec 2026. NOT in October pool. Call August-September.
Unitech Couplers India Pvt. Ltd.,CRISIL,Letter of Credit,A 3,2025-12-09,HOT,ULTRA HOT,2026-12-09,1.5,IT/Technology,IT/Technology,Standard,D365,INC rating hits ULTRA HOT on 2026-12-09 — prime Q1 2027 renewal target,Your Letter of Credit at CRISIL goes critical in Dec 2026. Start ACER process in Sep 2026 — before the Q1 rush.,August 2026 (before Dec ULTRA HOT threshold),Currently HOT — escalates to ULTRA HOT Dec 2026. NOT in October pool. Call August-September.
Dalkan Ship Breaking Ltd.,IND-RA,Term Loan,BB-,2025-12-09,HOT,ULTRA HOT,2026-12-09,1.09,Other,Agro/Food,Standard,D365,INC rating hits ULTRA HOT on 2026-12-09 — prime Q1 2027 renewal target,Your Term Loan at IND-RA goes critical in Dec 2026. Start ACER process in Sep 2026 — before the Q1 rush.,August 2026 (before Dec ULTRA HOT threshold),Currently HOT — escalates to ULTRA HOT Dec 2026. NOT in October pool. Call August-September.
Jiwanram Sheoduttrai Inds. Ltd.,CRISIL,Letter of Credit,A 4,2025-12-09,HOT,ULTRA HOT,2026-12-09,1.0,Other,Other,Standard,D365,INC rating hits ULTRA HOT on 2026-12-09 — prime Q1 2027 renewal target,Your Letter of Credit at CRISIL goes critical in Dec 2026. Start ACER process in Sep 2026 — before the Q1 rush.,August 2026 (before Dec ULTRA HOT threshold),Currently HOT — escalates to ULTRA HOT Dec 2026. NOT in October pool. Call August-September.
M P R Refractories Ltd.,ACUITE,Letter of Credit,A 4,2025-12-09,HOT,ULTRA HOT,2026-12-09,1.0,Other,Other,Standard,D365,INC rating hits ULTRA HOT on 2026-12-09 — prime Q1 2027 renewal target,Your Letter of Credit at ACUITE goes critical in Dec 2026. Start ACER process in Sep 2026 — before the Q1 rush.,August 2026 (before Dec ULTRA HOT threshold),Currently HOT — escalates to ULTRA HOT Dec 2026. NOT in October pool. Call August-September.
Shankar Equipments Ltd.,CRISIL,Fund-Based,BB-,2025-12-09,HOT,ULTRA HOT,2026-12-09,0.39,Manufacturing,Manufacturing,Standard,D365,INC rating hits ULTRA HOT on 2026-12-09 — prime Q1 2027 renewal target,Your Fund-Based at CRISIL goes critical in Dec 2026. Start ACER process in Sep 2026 — before the Q1 rush.,August 2026 (before Dec ULTRA HOT threshold),Currently HOT — escalates to ULTRA HOT Dec 2026. NOT in October pool. Call August-September.
Shilpa Alloys Pvt. Ltd.,ACUITE,Short-Term Loan,A 4+,2025-12-09,HOT,ULTRA HOT,2026-12-09,0.34,Steel & Metals,Steel & Metals,Standard,D365,INC rating hits ULTRA HOT on 2026-12-09 — prime Q1 2027 renewal target,Your Short-Term Loan at ACUITE goes critical in Dec 2026. Start ACER process in Sep 2026 — before the Q1 rush.,August 2026 (before Dec ULTRA HOT threshold),Currently HOT — escalates to ULTRA HOT Dec 2026. NOT in October pool. Call August-September.
Jiwanram Sheoduttrai Inds. Ltd.,CRISIL,Bank Guarantee,A 4,2025-12-09,HOT,ULTRA HOT,2026-12-09,0.25,Other,Other,Standard,D365,INC rating hits ULTRA HOT on 2026-12-09 — prime Q1 2027 renewal target,Your Bank Guarantee at CRISIL goes critical in Dec 2026. Start ACER process in Sep 2026 — before the Q1 rush.,August 2026 (before Dec ULTRA HOT threshold),Currently HOT — escalates to ULTRA HOT Dec 2026. NOT in October pool. Call August-September.
Smart Stainless Tubes Pvt. Ltd.,ACUITE,Bank Guarantee,A 4,2025-12-09,HOT,ULTRA HOT,2026-12-09,0.25,Other,Steel & Metals,Standard,D365,INC rating hits ULTRA HOT on 2026-12-09 — prime Q1 2027 renewal target,Your Bank Guarantee at ACUITE goes critical in Dec 2026. Start ACER process in Sep 2026 — before the Q1 rush.,August 2026 (before Dec ULTRA HOT threshold),Currently HOT — escalates to ULTRA HOT Dec 2026. NOT in October pool. Call August-September.
Jai Hind Sugar Private Limited,Infomerics,Long Term Bank Facilities,IVR BB+ (INC)(Downgraded),2025-12-10,HOT,ULTRA HOT,2026-12-10,207.25,Agro/Food,Agro/Food,Standard,Infomerics,INC rating hits ULTRA HOT on 2026-12-10 — exclusive Q1 2027 whitespace lead,Your Infomerics INC rating goes critical in Dec 2026. ACER is your best alternative — no competitor has approached you.,August 2026 (before Dec ULTRA HOT threshold),Currently HOT — escalates to ULTRA HOT Dec 2026. NOT in October pool. Call August-September.
Ideal Movers Pvt. Ltd.,CRISIL,Fund-Based,B-,2025-12-10,HOT,ULTRA HOT,2026-12-10,175.65,Other,Other,Standard,D365,INC rating hits ULTRA HOT on 2026-12-10 — prime Q1 2027 renewal target,Your Fund-Based at CRISIL goes critical in Dec 2026. Start ACER process in Sep 2026 — before the Q1 rush.,August 2026 (before Dec ULTRA HOT threshold),Currently HOT — escalates to ULTRA HOT Dec 2026. NOT in October pool. Call August-September.
Amrit Papers Private Limited (Erstwhile Amrit Agencies Indore Private Limited),Infomerics,Long Term Bank Facilities,IVR BB+ (INC)(Downgraded),2025-12-10,HOT,ULTRA HOT,2026-12-10,169.06,Paper/Packaging,Paper/Packaging,Standard,Infomerics,INC rating hits ULTRA HOT on 2026-12-10 — exclusive Q1 2027 whitespace lead,Your Infomerics INC rating goes critical in Dec 2026. ACER is your best alternative — no competitor has approached you.,August 2026 (before Dec ULTRA HOT threshold),Currently HOT — escalates to ULTRA HOT Dec 2026. NOT in October pool. Call August-September.
Global Infonet Distribution Pvt. Ltd.,CRISIL,Letter of Credit,A 4,2025-12-10,HOT,ULTRA HOT,2026-12-10,75.0,Other,Energy,Standard,D365,INC rating hits ULTRA HOT on 2026-12-10 — prime Q1 2027 renewal target,Your Letter of Credit at CRISIL goes critical in Dec 2026. Start ACER process in Sep 2026 — before the Q1 rush.,August 2026 (before Dec ULTRA HOT threshold),Currently HOT — escalates to ULTRA HOT Dec 2026. NOT in October pool. Call August-September.
Global Infonet Distribution Pvt. Ltd.,CRISIL,Fund-Based,B,2025-12-10,HOT,ULTRA HOT,2026-12-10,60.0,Other,Energy,Standard,D365,INC rating hits ULTRA HOT on 2026-12-10 — prime Q1 2027 renewal target,Your Fund-Based at CRISIL goes critical in Dec 2026. Start ACER process in Sep 2026 — before the Q1 rush.,August 2026 (before Dec ULTRA HOT threshold),Currently HOT — escalates to ULTRA HOT Dec 2026. NOT in October pool. Call August-September.
Castor Girnar Industries Private Limited,Infomerics,Long Term/ Short Term Bank Facilities,IVR BB+/IVR A4+; (INC) (Downgraded),2025-12-10,HOT,ULTRA HOT,2026-12-10,57.0,Other,Manufacturing,Standard,Infomerics,INC rating hits ULTRA HOT on 2026-12-10 — exclusive Q1 2027 whitespace lead,Your Infomerics INC rating goes critical in Dec 2026. ACER is your best alternative — no competitor has approached you.,August 2026 (before Dec ULTRA HOT threshold),Currently HOT — escalates to ULTRA HOT Dec 2026. NOT in October pool. Call August-September.
Castor Girnar Industries Private Limited,Infomerics,Long Term/ Short Term Bank Facilities,IVR BB+/IVR A4+; (INC) (Downgraded),2025-12-10,HOT,ULTRA HOT,2026-12-10,57.0,Other,Manufacturing,Standard,Infomerics,INC rating hits ULTRA HOT on 2026-12-10 — exclusive Q1 2027 whitespace lead,Your Infomerics INC rating goes critical in Dec 2026. ACER is your best alternative — no competitor has approached you.,August 2026 (before Dec ULTRA HOT threshold),Currently HOT — escalates to ULTRA HOT Dec 2026. NOT in October pool. Call August-September.
Jijau Infrastructure M U Project Pvt. Ltd.,ACUITE,Term Loan,BB+,2025-12-10,HOT,ULTRA HOT,2026-12-10,56.2,Construction,Construction,Standard,D365,INC rating hits ULTRA HOT on 2026-12-10 — prime Q1 2027 renewal target,Your Term Loan at ACUITE goes critical in Dec 2026. Start ACER process in Sep 2026 — before the Q1 rush.,August 2026 (before Dec ULTRA HOT threshold),Currently HOT — escalates to ULTRA HOT Dec 2026. NOT in October pool. Call August-September.
Deron Properties Pvt. Ltd.,CRISIL,Term Loan,B+,2025-12-10,HOT,ULTRA HOT,2026-12-10,50.0,Other,Other,Standard,D365,INC rating hits ULTRA HOT on 2026-12-10 — prime Q1 2027 renewal target,Your Term Loan at CRISIL goes critical in Dec 2026. Start ACER process in Sep 2026 — before the Q1 rush.,August 2026 (before Dec ULTRA HOT threshold),Currently HOT — escalates to ULTRA HOT Dec 2026. NOT in October pool. Call August-September.
Kamal Finserve Private Limited,Infomerics,Proposed Long Term Facilities,IVR B+ (INC) (Downgraded),2025-12-10,HOT,ULTRA HOT,2026-12-10,40.0,Other,Other,Standard,Infomerics,INC rating hits ULTRA HOT on 2026-12-10 — exclusive Q1 2027 whitespace lead,Your Infomerics INC rating goes critical in Dec 2026. ACER is your best alternative — no competitor has approached you.,August 2026 (before Dec ULTRA HOT threshold),Currently HOT — escalates to ULTRA HOT Dec 2026. NOT in October pool. Call August-September.
Kundan Cars Pvt. Ltd.,CRISIL,Fund-Based,B,2025-12-10,HOT,ULTRA HOT,2026-12-10,27.0,Other,Other,Standard,D365,INC rating hits ULTRA HOT on 2026-12-10 — prime Q1 2027 renewal target,Your Fund-Based at CRISIL goes critical in Dec 2026. Start ACER process in Sep 2026 — before the Q1 rush.,August 2026 (before Dec ULTRA HOT threshold),Currently HOT — escalates to ULTRA HOT Dec 2026. NOT in October pool. Call August-September.
Best Cheran Spintex India Pvt. Ltd. [Merged],CRISIL,Term Loan,B,2025-12-10,HOT,ULTRA HOT,2026-12-10,26.1,Other,Other,Standard,D365,INC rating hits ULTRA HOT on 2026-12-10 — prime Q1 2027 renewal target,Your Term Loan at CRISIL goes critical in Dec 2026. Start ACER process in Sep 2026 — before the Q1 rush.,August 2026 (before Dec ULTRA HOT threshold),Currently HOT — escalates to ULTRA HOT Dec 2026. NOT in October pool. Call August-September.
Annamalaiar Mills Pvt. Ltd.,CRISIL,Term Loan,B,2025-12-10,HOT,ULTRA HOT,2026-12-10,21.7,Agro/Food,Agro/Food,Standard,D365,INC rating hits ULTRA HOT on 2026-12-10 — prime Q1 2027 renewal target,Your Term Loan at CRISIL goes critical in Dec 2026. Start ACER process in Sep 2026 — before the Q1 rush.,August 2026 (before Dec ULTRA HOT threshold),Currently HOT — escalates to ULTRA HOT Dec 2026. NOT in October pool. Call August-September.
Adhunik Infrastructures Pvt. Ltd.,CRISIL,Bank Guarantee,A 4,2025-12-10,HOT,ULTRA HOT,2026-12-10,20.5,Construction,Construction,Standard,D365,INC rating hits ULTRA HOT on 2026-12-10 — prime Q1 2027 renewal target,Your Bank Guarantee at CRISIL goes critical in Dec 2026. Start ACER process in Sep 2026 — before the Q1 rush.,August 2026 (before Dec ULTRA HOT threshold),Currently HOT — escalates to ULTRA HOT Dec 2026. NOT in October pool. Call August-September.
Gayatri Infrastructure Ltd.,CRISIL,Term Loan,B+,2025-12-10,HOT,ULTRA HOT,2026-12-10,20.11,Construction,Construction,Standard,D365,INC rating hits ULTRA HOT on 2026-12-10 — prime Q1 2027 renewal target,Your Term Loan at CRISIL goes critical in Dec 2026. Start ACER process in Sep 2026 — before the Q1 rush.,August 2026 (before Dec ULTRA HOT threshold),Currently HOT — escalates to ULTRA HOT Dec 2026. NOT in October pool. Call August-September.
Deron Properties Pvt. Ltd.,CRISIL,Term Loan,B+,2025-12-10,HOT,ULTRA HOT,2026-12-10,17.5,Other,Other,Standard,D365,INC rating hits ULTRA HOT on 2026-12-10 — prime Q1 2027 renewal target,Your Term Loan at CRISIL goes critical in Dec 2026. Start ACER process in Sep 2026 — before the Q1 rush.,August 2026 (before Dec ULTRA HOT threshold),Currently HOT — escalates to ULTRA HOT Dec 2026. NOT in October pool. Call August-September.
Mor Alloys Pvt. Ltd.,ICRA,NCD/Bond,B+/A4,2025-12-10,HOT,ULTRA HOT,2026-12-10,16.55,Steel & Metals,Steel & Metals,NCD — SEBI License Required,D365,INC rating hits ULTRA HOT on 2026-12-10 — prime Q1 2027 renewal target,Your NCD/Bond at ICRA goes critical in Dec 2026. Start ACER process in Sep 2026 — before the Q1 rush.,August 2026 (before Dec ULTRA HOT threshold),Currently HOT — escalates to ULTRA HOT Dec 2026. NOT in October pool. Call August-September.
Ideal Movers Pvt. Ltd.,CRISIL,Term Loan,B-,2025-12-10,HOT,ULTRA HOT,2026-12-10,15.1,Other,Other,Standard,D365,INC rating hits ULTRA HOT on 2026-12-10 — prime Q1 2027 renewal target,Your Term Loan at CRISIL goes critical in Dec 2026. Start ACER process in Sep 2026 — before the Q1 rush.,August 2026 (before Dec ULTRA HOT threshold),Currently HOT — escalates to ULTRA HOT Dec 2026. NOT in October pool. Call August-September.
Hi-Tech Board Pvt. Ltd.,CRISIL,Term Loan,B+,2025-12-10,HOT,ULTRA HOT,2026-12-10,15.0,IT/Technology,IT/Technology,Standard,D365,INC rating hits ULTRA HOT on 2026-12-10 — prime Q1 2027 renewal target,Your Term Loan at CRISIL goes critical in Dec 2026. Start ACER process in Sep 2026 — before the Q1 rush.,August 2026 (before Dec ULTRA HOT threshold),Currently HOT — escalates to ULTRA HOT Dec 2026. NOT in October pool. Call August-September.
Magnolia Martinique Clothing Pvt. Ltd.,ICRA,Term Loan,B+,2025-12-10,HOT,ULTRA HOT,2026-12-10,15.0,Other,Textiles,Standard,D365,INC rating hits ULTRA HOT on 2026-12-10 — prime Q1 2027 renewal target,Your Term Loan at ICRA goes critical in Dec 2026. Start ACER process in Sep 2026 — before the Q1 rush.,August 2026 (before Dec ULTRA HOT threshold),Currently HOT — escalates to ULTRA HOT Dec 2026. NOT in October pool. Call August-September.
Tratec Engineers Pvt. Ltd.,CRISIL,Bank Guarantee,A 4,2025-12-10,HOT,ULTRA HOT,2026-12-10,14.0,Other,Construction,Standard,D365,INC rating hits ULTRA HOT on 2026-12-10 — prime Q1 2027 renewal target,Your Bank Guarantee at CRISIL goes critical in Dec 2026. Start ACER process in Sep 2026 — before the Q1 rush.,August 2026 (before Dec ULTRA HOT threshold),Currently HOT — escalates to ULTRA HOT Dec 2026. NOT in October pool. Call August-September.
Asianol Shipping Ltd.,CRISIL,Term Loan,B+,2025-12-10,HOT,ULTRA HOT,2026-12-10,12.04,Logistics,Logistics,Standard,D365,INC rating hits ULTRA HOT on 2026-12-10 — prime Q1 2027 renewal target,Your Term Loan at CRISIL goes critical in Dec 2026. Start ACER process in Sep 2026 — before the Q1 rush.,August 2026 (before Dec ULTRA HOT threshold),Currently HOT — escalates to ULTRA HOT Dec 2026. NOT in October pool. Call August-September.
Amba Shakti Ispat Ltd.,BRICKWORK,Letter of Credit,A 4,2025-12-10,HOT,ULTRA HOT,2026-12-10,12.0,Other,Other,Standard,D365,INC rating hits ULTRA HOT on 2026-12-10 — prime Q1 2027 renewal target,Your Letter of Credit at BRICKWORK goes critical in Dec 2026. Start ACER process in Sep 2026 — before the Q1 rush.,August 2026 (before Dec ULTRA HOT threshold),Currently HOT — escalates to ULTRA HOT Dec 2026. NOT in October pool. Call August-September.
Elppe Chemicals Pvt. Ltd.,CRISIL,Term Loan,B,2025-12-10,HOT,ULTRA HOT,2026-12-10,11.0,Chemicals/Pharma,Chemicals/Pharma,Standard,D365,INC rating hits ULTRA HOT on 2026-12-10 — prime Q1 2027 renewal target,Your Term Loan at CRISIL goes critical in Dec 2026. Start ACER process in Sep 2026 — before the Q1 rush.,August 2026 (before Dec ULTRA HOT threshold),Currently HOT — escalates to ULTRA HOT Dec 2026. NOT in October pool. Call August-September.
Dhandapani Spinning Mills Ltd.,CRISIL,Letter of Credit,A 4,2025-12-10,HOT,ULTRA HOT,2026-12-10,10.0,Agro/Food,Agro/Food,Standard,D365,INC rating hits ULTRA HOT on 2026-12-10 — prime Q1 2027 renewal target,Your Letter of Credit at CRISIL goes critical in Dec 2026. Start ACER process in Sep 2026 — before the Q1 rush.,August 2026 (before Dec ULTRA HOT threshold),Currently HOT — escalates to ULTRA HOT Dec 2026. NOT in October pool. Call August-September.
J S S Steelitalia Ltd. [Merged],CRISIL,Term Loan,B,2025-12-10,HOT,ULTRA HOT,2026-12-10,10.0,Steel & Metals,Steel & Metals,Standard,D365,INC rating hits ULTRA HOT on 2026-12-10 — prime Q1 2027 renewal target,Your Term Loan at CRISIL goes critical in Dec 2026. Start ACER process in Sep 2026 — before the Q1 rush.,August 2026 (before Dec ULTRA HOT threshold),Currently HOT — escalates to ULTRA HOT Dec 2026. NOT in October pool. Call August-September.
Bhati Associates Pvt. Ltd.,CRISIL,Bank Guarantee,A 4,2025-12-10,HOT,ULTRA HOT,2026-12-10,8.0,Other,Other,Standard,D365,INC rating hits ULTRA HOT on 2026-12-10 — prime Q1 2027 renewal target,Your Bank Guarantee at CRISIL goes critical in Dec 2026. Start ACER process in Sep 2026 — before the Q1 rush.,August 2026 (before Dec ULTRA HOT threshold),Currently HOT — escalates to ULTRA HOT Dec 2026. NOT in October pool. Call August-September.
Fairdeal Steels Pvt. Ltd.,CRISIL,Fund-Based,B,2025-12-10,HOT,ULTRA HOT,2026-12-10,8.0,Steel & Metals,Steel & Metals,Standard,D365,INC rating hits ULTRA HOT on 2026-12-10 — prime Q1 2027 renewal target,Your Fund-Based at CRISIL goes critical in Dec 2026. Start ACER process in Sep 2026 — before the Q1 rush.,August 2026 (before Dec ULTRA HOT threshold),Currently HOT — escalates to ULTRA HOT Dec 2026. NOT in October pool. Call August-September.
Ess Ell Foods Pvt. Ltd.,CRISIL,Fund-Based,B,2025-12-10,HOT,ULTRA HOT,2026-12-10,7.5,Agro/Food,Agro/Food,Standard,D365,INC rating hits ULTRA HOT on 2026-12-10 — prime Q1 2027 renewal target,Your Fund-Based at CRISIL goes critical in Dec 2026. Start ACER process in Sep 2026 — before the Q1 rush.,August 2026 (before Dec ULTRA HOT threshold),Currently HOT — escalates to ULTRA HOT Dec 2026. NOT in October pool. Call August-September.
Ideal Movers Pvt. Ltd.,CRISIL,Bank Guarantee,A 4,2025-12-10,HOT,ULTRA HOT,2026-12-10,7.25,Other,Other,Standard,D365,INC rating hits ULTRA HOT on 2026-12-10 — prime Q1 2027 renewal target,Your Bank Guarantee at CRISIL goes critical in Dec 2026. Start ACER process in Sep 2026 — before the Q1 rush.,August 2026 (before Dec ULTRA HOT threshold),Currently HOT — escalates to ULTRA HOT Dec 2026. NOT in October pool. Call August-September.
Ghaziabad Organics Ltd.,CRISIL,Term Loan,B+,2025-12-10,HOT,ULTRA HOT,2026-12-10,7.0,Other,Other,Standard,D365,INC rating hits ULTRA HOT on 2026-12-10 — prime Q1 2027 renewal target,Your Term Loan at CRISIL goes critical in Dec 2026. Start ACER process in Sep 2026 — before the Q1 rush.,August 2026 (before Dec ULTRA HOT threshold),Currently HOT — escalates to ULTRA HOT Dec 2026. NOT in October pool. Call August-September.
Kundan Cars Pvt. Ltd.,CRISIL,Fund-Based,B,2025-12-10,HOT,ULTRA HOT,2026-12-10,7.0,Other,Other,Standard,D365,INC rating hits ULTRA HOT on 2026-12-10 — prime Q1 2027 renewal target,Your Fund-Based at CRISIL goes critical in Dec 2026. Start ACER process in Sep 2026 — before the Q1 rush.,August 2026 (before Dec ULTRA HOT threshold),Currently HOT — escalates to ULTRA HOT Dec 2026. NOT in October pool. Call August-September.
Mathuram Swastha Evam Shikshan Sansthan,ICRA,Term Loan,B+,2025-12-10,HOT,ULTRA HOT,2026-12-10,7.0,Other,Other,Standard,D365,INC rating hits ULTRA HOT on 2026-12-10 — prime Q1 2027 renewal target,Your Term Loan at ICRA goes critical in Dec 2026. Start ACER process in Sep 2026 — before the Q1 rush.,August 2026 (before Dec ULTRA HOT threshold),Currently HOT — escalates to ULTRA HOT Dec 2026. NOT in October pool. Call August-September.
Castor Girnar Industries Private Limited,Infomerics,Short Term Bank Facilities,IVR A4+ (INC)(Downgraded),2025-12-10,HOT,ULTRA HOT,2026-12-10,7.0,Other,Manufacturing,Standard,Infomerics,INC rating hits ULTRA HOT on 2026-12-10 — exclusive Q1 2027 whitespace lead,Your Infomerics INC rating goes critical in Dec 2026. ACER is your best alternative — no competitor has approached you.,August 2026 (before Dec ULTRA HOT threshold),Currently HOT — escalates to ULTRA HOT Dec 2026. NOT in October pool. Call August-September.
Castor Girnar Industries Private Limited,Infomerics,Short Term Bank Facilities,IVR A4+ (INC)(Downgraded),2025-12-10,HOT,ULTRA HOT,2026-12-10,7.0,Other,Manufacturing,Standard,Infomerics,INC rating hits ULTRA HOT on 2026-12-10 — exclusive Q1 2027 whitespace lead,Your Infomerics INC rating goes critical in Dec 2026. ACER is your best alternative — no competitor has approached you.,August 2026 (before Dec ULTRA HOT threshold),Currently HOT — escalates to ULTRA HOT Dec 2026. NOT in October pool. Call August-September.
Marudhara Polypack Pvt. Ltd.,ICRA,Term Loan,B+,2025-12-10,HOT,ULTRA HOT,2026-12-10,6.25,Other,Other,Standard,D365,INC rating hits ULTRA HOT on 2026-12-10 — prime Q1 2027 renewal target,Your Term Loan at ICRA goes critical in Dec 2026. Start ACER process in Sep 2026 — before the Q1 rush.,August 2026 (before Dec ULTRA HOT threshold),Currently HOT — escalates to ULTRA HOT Dec 2026. NOT in October pool. Call August-September.
Konvertor Packaging Solutions Pvt. Ltd.,CRISIL,Term Loan,B,2025-12-10,HOT,ULTRA HOT,2026-12-10,5.62,Paper/Packaging,Paper/Packaging,Standard,D365,INC rating hits ULTRA HOT on 2026-12-10 — prime Q1 2027 renewal target,Your Term Loan at CRISIL goes critical in Dec 2026. Start ACER process in Sep 2026 — before the Q1 rush.,August 2026 (before Dec ULTRA HOT threshold),Currently HOT — escalates to ULTRA HOT Dec 2026. NOT in October pool. Call August-September.
Trans Valves (India) Pvt. Ltd.,BRICKWORK,Fund-Based,C,2025-12-10,HOT,ULTRA HOT,2026-12-10,5.1,Other,Other,Standard,D365,INC rating hits ULTRA HOT on 2026-12-10 — prime Q1 2027 renewal target,Your Fund-Based at BRICKWORK goes critical in Dec 2026. Start ACER process in Sep 2026 — before the Q1 rush.,August 2026 (before Dec ULTRA HOT threshold),Currently HOT — escalates to ULTRA HOT Dec 2026. NOT in October pool. Call August-September.
Gayatri Infrastructure Ltd.,CRISIL,Term Loan,B+,2025-12-10,HOT,ULTRA HOT,2026-12-10,5.0,Construction,Construction,Standard,D365,INC rating hits ULTRA HOT on 2026-12-10 — prime Q1 2027 renewal target,Your Term Loan at CRISIL goes critical in Dec 2026. Start ACER process in Sep 2026 — before the Q1 rush.,August 2026 (before Dec ULTRA HOT threshold),Currently HOT — escalates to ULTRA HOT Dec 2026. NOT in October pool. Call August-September.
Global Technocrats Ltd.,CRISIL,Term Loan,B+,2025-12-10,HOT,ULTRA HOT,2026-12-10,5.0,IT/Technology,IT/Technology,Standard,D365,INC rating hits ULTRA HOT on 2026-12-10 — prime Q1 2027 renewal target,Your Term Loan at CRISIL goes critical in Dec 2026. Start ACER process in Sep 2026 — before the Q1 rush.,August 2026 (before Dec ULTRA HOT threshold),Currently HOT — escalates to ULTRA HOT Dec 2026. NOT in October pool. Call August-September.
Gujarat Dyestuff Inds. Pvt. Ltd.,CRISIL,Bank Guarantee,A 4,2025-12-10,HOT,ULTRA HOT,2026-12-10,5.0,Other,Chemicals/Pharma,Standard,D365,INC rating hits ULTRA HOT on 2026-12-10 — prime Q1 2027 renewal target,Your Bank Guarantee at CRISIL goes critical in Dec 2026. Start ACER process in Sep 2026 — before the Q1 rush.,August 2026 (before Dec ULTRA HOT threshold),Currently HOT — escalates to ULTRA HOT Dec 2026. NOT in October pool. Call August-September.
J S S Steelitalia Ltd. [Merged],CRISIL,Letter of Credit,A 4,2025-12-10,HOT,ULTRA HOT,2026-12-10,5.0,Steel & Metals,Steel & Metals,Standard,D365,INC rating hits ULTRA HOT on 2026-12-10 — prime Q1 2027 renewal target,Your Letter of Credit at CRISIL goes critical in Dec 2026. Start ACER process in Sep 2026 — before the Q1 rush.,August 2026 (before Dec ULTRA HOT threshold),Currently HOT — escalates to ULTRA HOT Dec 2026. NOT in October pool. Call August-September.
Kamal & Associates Pvt. Ltd.,CRISIL,Bank Guarantee,A 4,2025-12-10,HOT,ULTRA HOT,2026-12-10,5.0,Other,Other,Standard,D365,INC rating hits ULTRA HOT on 2026-12-10 — prime Q1 2027 renewal target,Your Bank Guarantee at CRISIL goes critical in Dec 2026. Start ACER process in Sep 2026 — before the Q1 rush.,August 2026 (before Dec ULTRA HOT threshold),Currently HOT — escalates to ULTRA HOT Dec 2026. NOT in October pool. Call August-September.
Kamlesh Greencrete Pvt. Ltd.,CRISIL,Term Loan,B,2025-12-10,HOT,ULTRA HOT,2026-12-10,5.0,Other,Other,Standard,D365,INC rating hits ULTRA HOT on 2026-12-10 — prime Q1 2027 renewal target,Your Term Loan at CRISIL goes critical in Dec 2026. Start ACER process in Sep 2026 — before the Q1 rush.,August 2026 (before Dec ULTRA HOT threshold),Currently HOT — escalates to ULTRA HOT Dec 2026. NOT in October pool. Call August-September.
Pacific Harish Inds. Ltd.,CRISIL,Term Loan,B+,2025-12-10,HOT,ULTRA HOT,2026-12-10,5.0,Other,Other,Standard,D365,INC rating hits ULTRA HOT on 2026-12-10 — prime Q1 2027 renewal target,Your Term Loan at CRISIL goes critical in Dec 2026. Start ACER process in Sep 2026 — before the Q1 rush.,August 2026 (before Dec ULTRA HOT threshold),Currently HOT — escalates to ULTRA HOT Dec 2026. NOT in October pool. Call August-September.
Amrit Papers Private Limited (Erstwhile Amrit Agencies Indore Private Limited),Infomerics,Short Term Bank Facilities,IVR A4+ (INC)(Downgraded),2025-12-10,HOT,ULTRA HOT,2026-12-10,5.0,Paper/Packaging,Paper/Packaging,Standard,Infomerics,INC rating hits ULTRA HOT on 2026-12-10 — exclusive Q1 2027 whitespace lead,Your Infomerics INC rating goes critical in Dec 2026. ACER is your best alternative — no competitor has approached you.,August 2026 (before Dec ULTRA HOT threshold),Currently HOT — escalates to ULTRA HOT Dec 2026. NOT in October pool. Call August-September.
Kohinoor Grain Processing Pvt. Ltd.,CRISIL,Term Loan,B,2025-12-10,HOT,ULTRA HOT,2026-12-10,4.35,Agro/Food,Agro/Food,Standard,D365,INC rating hits ULTRA HOT on 2026-12-10 — prime Q1 2027 renewal target,Your Term Loan at CRISIL goes critical in Dec 2026. Start ACER process in Sep 2026 — before the Q1 rush.,August 2026 (before Dec ULTRA HOT threshold),Currently HOT — escalates to ULTRA HOT Dec 2026. NOT in October pool. Call August-September.
Annamalaiar Mills Pvt. Ltd.,CRISIL,Term Loan,B,2025-12-10,HOT,ULTRA HOT,2026-12-10,4.3,Agro/Food,Agro/Food,Standard,D365,INC rating hits ULTRA HOT on 2026-12-10 — prime Q1 2027 renewal target,Your Term Loan at CRISIL goes critical in Dec 2026. Start ACER process in Sep 2026 — before the Q1 rush.,August 2026 (before Dec ULTRA HOT threshold),Currently HOT — escalates to ULTRA HOT Dec 2026. NOT in October pool. Call August-September.
Trans Valves (India) Pvt. Ltd.,BRICKWORK,Non-Fund-Based,A 4,2025-12-10,HOT,ULTRA HOT,2026-12-10,4.15,Other,Other,Standard,D365,INC rating hits ULTRA HOT on 2026-12-10 — prime Q1 2027 renewal target,Your Non-Fund-Based at BRICKWORK goes critical in Dec 2026. Start ACER process in Sep 2026 — before the Q1 rush.,August 2026 (before Dec ULTRA HOT threshold),Currently HOT — escalates to ULTRA HOT Dec 2026. NOT in October pool. Call August-September.
E V A Exotica Pvt. Ltd.,CRISIL,Term Loan,B+,2025-12-10,HOT,ULTRA HOT,2026-12-10,4.0,Other,Other,Standard,D365,INC rating hits ULTRA HOT on 2026-12-10 — prime Q1 2027 renewal target,Your Term Loan at CRISIL goes critical in Dec 2026. Start ACER process in Sep 2026 — before the Q1 rush.,August 2026 (before Dec ULTRA HOT threshold),Currently HOT — escalates to ULTRA HOT Dec 2026. NOT in October pool. Call August-September.
Pacific Harish Inds. Ltd.,CRISIL,Letter of Credit,A 4,2025-12-10,HOT,ULTRA HOT,2026-12-10,3.6,Other,Other,Standard,D365,INC rating hits ULTRA HOT on 2026-12-10 — prime Q1 2027 renewal target,Your Letter of Credit at CRISIL goes critical in Dec 2026. Start ACER process in Sep 2026 — before the Q1 rush.,August 2026 (before Dec ULTRA HOT threshold),Currently HOT — escalates to ULTRA HOT Dec 2026. NOT in October pool. Call August-September.
Chandras' Chemical Enterprises Pvt. Ltd.,CRISIL,Letter of Credit,A 4,2025-12-10,HOT,ULTRA HOT,2026-12-10,3.0,Chemicals/Pharma,Chemicals/Pharma,Standard,D365,INC rating hits ULTRA HOT on 2026-12-10 — prime Q1 2027 renewal target,Your Letter of Credit at CRISIL goes critical in Dec 2026. Start ACER process in Sep 2026 — before the Q1 rush.,August 2026 (before Dec ULTRA HOT threshold),Currently HOT — escalates to ULTRA HOT Dec 2026. NOT in October pool. Call August-September.
Ghaziabad Organics Ltd.,CRISIL,Bank Guarantee,A 4,2025-12-10,HOT,ULTRA HOT,2026-12-10,3.0,Other,Other,Standard,D365,INC rating hits ULTRA HOT on 2026-12-10 — prime Q1 2027 renewal target,Your Bank Guarantee at CRISIL goes critical in Dec 2026. Start ACER process in Sep 2026 — before the Q1 rush.,August 2026 (before Dec ULTRA HOT threshold),Currently HOT — escalates to ULTRA HOT Dec 2026. NOT in October pool. Call August-September.
Hi-Tech Board Pvt. Ltd.,CRISIL,Term Loan,B+,2025-12-10,HOT,ULTRA HOT,2026-12-10,3.0,IT/Technology,IT/Technology,Standard,D365,INC rating hits ULTRA HOT on 2026-12-10 — prime Q1 2027 renewal target,Your Term Loan at CRISIL goes critical in Dec 2026. Start ACER process in Sep 2026 — before the Q1 rush.,August 2026 (before Dec ULTRA HOT threshold),Currently HOT — escalates to ULTRA HOT Dec 2026. NOT in October pool. Call August-September.
P S T S Logistics Pvt. Ltd.,BRICKWORK,Bank Guarantee,A 4,2025-12-10,HOT,ULTRA HOT,2026-12-10,3.0,Logistics,Logistics,Standard,D365,INC rating hits ULTRA HOT on 2026-12-10 — prime Q1 2027 renewal target,Your Bank Guarantee at BRICKWORK goes critical in Dec 2026. Start ACER process in Sep 2026 — before the Q1 rush.,August 2026 (before Dec ULTRA HOT threshold),Currently HOT — escalates to ULTRA HOT Dec 2026. NOT in October pool. Call August-September.
Annamalaiar Mills Pvt. Ltd.,CRISIL,Letter of Credit,A 4,2025-12-10,HOT,ULTRA HOT,2026-12-10,3.0,Agro/Food,Agro/Food,Standard,D365,INC rating hits ULTRA HOT on 2026-12-10 — prime Q1 2027 renewal target,Your Letter of Credit at CRISIL goes critical in Dec 2026. Start ACER process in Sep 2026 — before the Q1 rush.,August 2026 (before Dec ULTRA HOT threshold),Currently HOT — escalates to ULTRA HOT Dec 2026. NOT in October pool. Call August-September.
K P Saha Pvt. Ltd.,ICRA,Term Loan,B+,2025-12-10,HOT,ULTRA HOT,2026-12-10,2.69,Other,Other,Standard,D365,INC rating hits ULTRA HOT on 2026-12-10 — prime Q1 2027 renewal target,Your Term Loan at ICRA goes critical in Dec 2026. Start ACER process in Sep 2026 — before the Q1 rush.,August 2026 (before Dec ULTRA HOT threshold),Currently HOT — escalates to ULTRA HOT Dec 2026. NOT in October pool. Call August-September.
Joyguru Cold Storage Pvt. Ltd.,CRISIL,Term Loan,B-,2025-12-10,HOT,ULTRA HOT,2026-12-10,2.2,Other,Agro/Food,Standard,D365,INC rating hits ULTRA HOT on 2026-12-10 — prime Q1 2027 renewal target,Your Term Loan at CRISIL goes critical in Dec 2026. Start ACER process in Sep 2026 — before the Q1 rush.,August 2026 (before Dec ULTRA HOT threshold),Currently HOT — escalates to ULTRA HOT Dec 2026. NOT in October pool. Call August-September.
Amba Shakti Ispat Ltd.,BRICKWORK,Bank Guarantee,A 4,2025-12-10,HOT,ULTRA HOT,2026-12-10,2.1,Other,Other,Standard,D365,INC rating hits ULTRA HOT on 2026-12-10 — prime Q1 2027 renewal target,Your Bank Guarantee at BRICKWORK goes critical in Dec 2026. Start ACER process in Sep 2026 — before the Q1 rush.,August 2026 (before Dec ULTRA HOT threshold),Currently HOT — escalates to ULTRA HOT Dec 2026. NOT in October pool. Call August-September.
Dhandapani Spinning Mills Ltd.,CRISIL,Term Loan,B,2025-12-10,HOT,ULTRA HOT,2026-12-10,2.0,Agro/Food,Agro/Food,Standard,D365,INC rating hits ULTRA HOT on 2026-12-10 — prime Q1 2027 renewal target,Your Term Loan at CRISIL goes critical in Dec 2026. Start ACER process in Sep 2026 — before the Q1 rush.,August 2026 (before Dec ULTRA HOT threshold),Currently HOT — escalates to ULTRA HOT Dec 2026. NOT in October pool. Call August-September.
Jagannath Polypacks Ltd.,CRISIL,Term Loan,C,2025-12-10,HOT,ULTRA HOT,2026-12-10,2.0,Other,Other,Standard,D365,INC rating hits ULTRA HOT on 2026-12-10 — prime Q1 2027 renewal target,Your Term Loan at CRISIL goes critical in Dec 2026. Start ACER process in Sep 2026 — before the Q1 rush.,August 2026 (before Dec ULTRA HOT threshold),Currently HOT — escalates to ULTRA HOT Dec 2026. NOT in October pool. Call August-September.
Tratec Engineers Pvt. Ltd.,CRISIL,Letter of Credit,A 4,2025-12-10,HOT,ULTRA HOT,2026-12-10,2.0,Other,Construction,Standard,D365,INC rating hits ULTRA HOT on 2026-12-10 — prime Q1 2027 renewal target,Your Letter of Credit at CRISIL goes critical in Dec 2026. Start ACER process in Sep 2026 — before the Q1 rush.,August 2026 (before Dec ULTRA HOT threshold),Currently HOT — escalates to ULTRA HOT Dec 2026. NOT in October pool. Call August-September.
Asianol Shipping Ltd.,CRISIL,Term Loan,B+,2025-12-10,HOT,ULTRA HOT,2026-12-10,1.54,Logistics,Logistics,Standard,D365,INC rating hits ULTRA HOT on 2026-12-10 — prime Q1 2027 renewal target,Your Term Loan at CRISIL goes critical in Dec 2026. Start ACER process in Sep 2026 — before the Q1 rush.,August 2026 (before Dec ULTRA HOT threshold),Currently HOT — escalates to ULTRA HOT Dec 2026. NOT in October pool. Call August-September.
Asianol Shipping Ltd.,CRISIL,Bank Guarantee,A 4,2025-12-10,HOT,ULTRA HOT,2026-12-10,1.52,Logistics,Logistics,Standard,D365,INC rating hits ULTRA HOT on 2026-12-10 — prime Q1 2027 renewal target,Your Bank Guarantee at CRISIL goes critical in Dec 2026. Start ACER process in Sep 2026 — before the Q1 rush.,August 2026 (before Dec ULTRA HOT threshold),Currently HOT — escalates to ULTRA HOT Dec 2026. NOT in October pool. Call August-September.
E V A Exotica Pvt. Ltd.,CRISIL,Bank Guarantee,A 4,2025-12-10,HOT,ULTRA HOT,2026-12-10,1.5,Other,Other,Standard,D365,INC rating hits ULTRA HOT on 2026-12-10 — prime Q1 2027 renewal target,Your Bank Guarantee at CRISIL goes critical in Dec 2026. Start ACER process in Sep 2026 — before the Q1 rush.,August 2026 (before Dec ULTRA HOT threshold),Currently HOT — escalates to ULTRA HOT Dec 2026. NOT in October pool. Call August-September.
E V A Exotica Pvt. Ltd.,CRISIL,Letter of Credit,A 4,2025-12-10,HOT,ULTRA HOT,2026-12-10,1.5,Other,Other,Standard,D365,INC rating hits ULTRA HOT on 2026-12-10 — prime Q1 2027 renewal target,Your Letter of Credit at CRISIL goes critical in Dec 2026. Start ACER process in Sep 2026 — before the Q1 rush.,August 2026 (before Dec ULTRA HOT threshold),Currently HOT — escalates to ULTRA HOT Dec 2026. NOT in October pool. Call August-September.
Jagannath Polypacks Ltd.,CRISIL,Bank Guarantee,A 4,2025-12-10,HOT,ULTRA HOT,2026-12-10,1.5,Other,Other,Standard,D365,INC rating hits ULTRA HOT on 2026-12-10 — prime Q1 2027 renewal target,Your Bank Guarantee at CRISIL goes critical in Dec 2026. Start ACER process in Sep 2026 — before the Q1 rush.,August 2026 (before Dec ULTRA HOT threshold),Currently HOT — escalates to ULTRA HOT Dec 2026. NOT in October pool. Call August-September.
Hitrac Manpower Services Pvt. Ltd.,CRISIL,Fund-Based,B+,2025-12-10,HOT,ULTRA HOT,2026-12-10,0.9,Energy,Energy,Standard,D365,INC rating hits ULTRA HOT on 2026-12-10 — prime Q1 2027 renewal target,Your Fund-Based at CRISIL goes critical in Dec 2026. Start ACER process in Sep 2026 — before the Q1 rush.,August 2026 (before Dec ULTRA HOT threshold),Currently HOT — escalates to ULTRA HOT Dec 2026. NOT in October pool. Call August-September.
Kohinoor Grain Processing Pvt. Ltd.,CRISIL,Term Loan,B,2025-12-10,HOT,ULTRA HOT,2026-12-10,0.65,Agro/Food,Agro/Food,Standard,D365,INC rating hits ULTRA HOT on 2026-12-10 — prime Q1 2027 renewal target,Your Term Loan at CRISIL goes critical in Dec 2026. Start ACER process in Sep 2026 — before the Q1 rush.,August 2026 (before Dec ULTRA HOT threshold),Currently HOT — escalates to ULTRA HOT Dec 2026. NOT in October pool. Call August-September.
Chandras' Chemical Enterprises Pvt. Ltd.,CRISIL,Bank Guarantee,A 4,2025-12-10,HOT,ULTRA HOT,2026-12-10,0.5,Chemicals/Pharma,Chemicals/Pharma,Standard,D365,INC rating hits ULTRA HOT on 2026-12-10 — prime Q1 2027 renewal target,Your Bank Guarantee at CRISIL goes critical in Dec 2026. Start ACER process in Sep 2026 — before the Q1 rush.,August 2026 (before Dec ULTRA HOT threshold),Currently HOT — escalates to ULTRA HOT Dec 2026. NOT in October pool. Call August-September.
Emmtex Synthetics Ltd.,CRISIL,Letter of Credit,A 4,2025-12-10,HOT,ULTRA HOT,2026-12-10,0.5,Other,Other,Standard,D365,INC rating hits ULTRA HOT on 2026-12-10 — prime Q1 2027 renewal target,Your Letter of Credit at CRISIL goes critical in Dec 2026. Start ACER process in Sep 2026 — before the Q1 rush.,August 2026 (before Dec ULTRA HOT threshold),Currently HOT — escalates to ULTRA HOT Dec 2026. NOT in October pool. Call August-September.
Emmtex Synthetics Ltd.,CRISIL,Term Loan,B+,2025-12-10,HOT,ULTRA HOT,2026-12-10,0.5,Other,Other,Standard,D365,INC rating hits ULTRA HOT on 2026-12-10 — prime Q1 2027 renewal target,Your Term Loan at CRISIL goes critical in Dec 2026. Start ACER process in Sep 2026 — before the Q1 rush.,August 2026 (before Dec ULTRA HOT threshold),Currently HOT — escalates to ULTRA HOT Dec 2026. NOT in October pool. Call August-September.
Adhunik Infrastructures Pvt. Ltd.,CRISIL,Term Loan,B,2025-12-10,HOT,ULTRA HOT,2026-12-10,0.5,Construction,Construction,Standard,D365,INC rating hits ULTRA HOT on 2026-12-10 — prime Q1 2027 renewal target,Your Term Loan at CRISIL goes critical in Dec 2026. Start ACER process in Sep 2026 — before the Q1 rush.,August 2026 (before Dec ULTRA HOT threshold),Currently HOT — escalates to ULTRA HOT Dec 2026. NOT in October pool. Call August-September.
K P Saha Pvt. Ltd.,ICRA,Non-Fund-Based,B+,2025-12-10,HOT,ULTRA HOT,2026-12-10,0.13,Other,Other,Standard,D365,INC rating hits ULTRA HOT on 2026-12-10 — prime Q1 2027 renewal target,Your Non-Fund-Based at ICRA goes critical in Dec 2026. Start ACER process in Sep 2026 — before the Q1 rush.,August 2026 (before Dec ULTRA HOT threshold),Currently HOT — escalates to ULTRA HOT Dec 2026. NOT in October pool. Call August-September.
Joyguru Cold Storage Pvt. Ltd.,CRISIL,Bank Guarantee,A 4,2025-12-10,HOT,ULTRA HOT,2026-12-10,0.07,Other,Agro/Food,Standard,D365,INC rating hits ULTRA HOT on 2026-12-10 — prime Q1 2027 renewal target,Your Bank Guarantee at CRISIL goes critical in Dec 2026. Start ACER process in Sep 2026 — before the Q1 rush.,August 2026 (before Dec ULTRA HOT threshold),Currently HOT — escalates to ULTRA HOT Dec 2026. NOT in October pool. Call August-September.
Trans Valves (India) Pvt. Ltd.,BRICKWORK,Fund-Based,C,2025-12-10,HOT,ULTRA HOT,2026-12-10,0.0,Other,Other,Standard,D365,INC rating hits ULTRA HOT on 2026-12-10 — prime Q1 2027 renewal target,Your Fund-Based at BRICKWORK goes critical in Dec 2026. Start ACER process in Sep 2026 — before the Q1 rush.,August 2026 (before Dec ULTRA HOT threshold),Currently HOT — escalates to ULTRA HOT Dec 2026. NOT in October pool. Call August-September.
Jaywant Sugars Limited,Infomerics,Long Term Fund Based Bank Facilities,IVR BB- (INC) (Downgraded),2025-12-11,HOT,ULTRA HOT,2026-12-11,524.36,Agro/Food,Agro/Food,Standard,Infomerics,INC rating hits ULTRA HOT on 2026-12-11 — exclusive Q1 2027 whitespace lead,Your Infomerics INC rating goes critical in Dec 2026. ACER is your best alternative — no competitor has approached you.,August 2026 (before Dec ULTRA HOT threshold),Currently HOT — escalates to ULTRA HOT Dec 2026. NOT in October pool. Call August-September.
Creative Minerals India Private Limited,Infomerics,Short Term Bank Facilities,IVR A4+ (INC) (Downgraded),2025-12-11,HOT,ULTRA HOT,2026-12-11,88.0,Mining,Mining,Standard,Infomerics,INC rating hits ULTRA HOT on 2026-12-11 — exclusive Q1 2027 whitespace lead,Your Infomerics INC rating goes critical in Dec 2026. ACER is your best alternative — no competitor has approached you.,August 2026 (before Dec ULTRA HOT threshold),Currently HOT — escalates to ULTRA HOT Dec 2026. NOT in October pool. Call August-September.
Srijan Realty Pvt. Ltd.,CRISIL,Term Loan,B,2025-12-11,HOT,ULTRA HOT,2026-12-11,68.6,Construction,Construction,Standard,D365,INC rating hits ULTRA HOT on 2026-12-11 — prime Q1 2027 renewal target,Your Term Loan at CRISIL goes critical in Dec 2026. Start ACER process in Sep 2026 — before the Q1 rush.,August 2026 (before Dec ULTRA HOT threshold),Currently HOT — escalates to ULTRA HOT Dec 2026. NOT in October pool. Call August-September.
Bluecraft Agro Pvt. Ltd.,BRICKWORK,Term Loan,BB,2025-12-11,HOT,ULTRA HOT,2026-12-11,67.08,Agro/Food,Agro/Food,Standard,D365,INC rating hits ULTRA HOT on 2026-12-11 — prime Q1 2027 renewal target,Your Term Loan at BRICKWORK goes critical in Dec 2026. Start ACER process in Sep 2026 — before the Q1 rush.,August 2026 (before Dec ULTRA HOT threshold),Currently HOT — escalates to ULTRA HOT Dec 2026. NOT in October pool. Call August-September.
Kunal Spaces Pvt. Ltd.,CARE,Term Loan,B-,2025-12-11,HOT,ULTRA HOT,2026-12-11,59.61,Other,Other,Standard,D365,INC rating hits ULTRA HOT on 2026-12-11 — prime Q1 2027 renewal target,Your Term Loan at CARE goes critical in Dec 2026. Start ACER process in Sep 2026 — before the Q1 rush.,August 2026 (before Dec ULTRA HOT threshold),Currently HOT — escalates to ULTRA HOT Dec 2026. NOT in October pool. Call August-September.
Srijan Realty Pvt. Ltd.,CRISIL,Term Loan,B,2025-12-11,HOT,ULTRA HOT,2026-12-11,46.12,Construction,Construction,Standard,D365,INC rating hits ULTRA HOT on 2026-12-11 — prime Q1 2027 renewal target,Your Term Loan at CRISIL goes critical in Dec 2026. Start ACER process in Sep 2026 — before the Q1 rush.,August 2026 (before Dec ULTRA HOT threshold),Currently HOT — escalates to ULTRA HOT Dec 2026. NOT in October pool. Call August-September.
K N K Projects Pvt. Ltd.,CRISIL,Bank Guarantee,A 4,2025-12-11,HOT,ULTRA HOT,2026-12-11,38.0,Other,Construction,Standard,D365,INC rating hits ULTRA HOT on 2026-12-11 — prime Q1 2027 renewal target,Your Bank Guarantee at CRISIL goes critical in Dec 2026. Start ACER process in Sep 2026 — before the Q1 rush.,August 2026 (before Dec ULTRA HOT threshold),Currently HOT — escalates to ULTRA HOT Dec 2026. NOT in October pool. Call August-September.
G S R Ventures Pvt. Ltd.,CRISIL,Bank Guarantee,A 4,2025-12-11,HOT,ULTRA HOT,2026-12-11,35.0,Other,Other,Standard,D365,INC rating hits ULTRA HOT on 2026-12-11 — prime Q1 2027 renewal target,Your Bank Guarantee at CRISIL goes critical in Dec 2026. Start ACER process in Sep 2026 — before the Q1 rush.,August 2026 (before Dec ULTRA HOT threshold),Currently HOT — escalates to ULTRA HOT Dec 2026. NOT in October pool. Call August-September.
Feather Spintex Pvt. Ltd.,CRISIL,Term Loan,B+,2025-12-11,HOT,ULTRA HOT,2026-12-11,29.0,Other,Other,Standard,D365,INC rating hits ULTRA HOT on 2026-12-11 — prime Q1 2027 renewal target,Your Term Loan at CRISIL goes critical in Dec 2026. Start ACER process in Sep 2026 — before the Q1 rush.,August 2026 (before Dec ULTRA HOT threshold),Currently HOT — escalates to ULTRA HOT Dec 2026. NOT in October pool. Call August-September.
Creative Minerals India Private Limited,Infomerics,Long Term Bank Facilities,IVR BB+ (INC) (Downgraded),2025-12-11,HOT,ULTRA HOT,2026-12-11,27.0,Mining,Mining,Standard,Infomerics,INC rating hits ULTRA HOT on 2026-12-11 — exclusive Q1 2027 whitespace lead,Your Infomerics INC rating goes critical in Dec 2026. ACER is your best alternative — no competitor has approached you.,August 2026 (before Dec ULTRA HOT threshold),Currently HOT — escalates to ULTRA HOT Dec 2026. NOT in October pool. Call August-September.
O S L Exclusive Pvt. Ltd.,BRICKWORK,Bank Guarantee,A 4,2025-12-11,HOT,ULTRA HOT,2026-12-11,22.3,Other,Other,Standard,D365,INC rating hits ULTRA HOT on 2026-12-11 — prime Q1 2027 renewal target,Your Bank Guarantee at BRICKWORK goes critical in Dec 2026. Start ACER process in Sep 2026 — before the Q1 rush.,August 2026 (before Dec ULTRA HOT threshold),Currently HOT — escalates to ULTRA HOT Dec 2026. NOT in October pool. Call August-September.
Jeeban Suraksha Hospital Pvt. Ltd.,CRISIL,Term Loan,B,2025-12-11,HOT,ULTRA HOT,2026-12-11,20.0,Healthcare,Healthcare,Standard,D365,INC rating hits ULTRA HOT on 2026-12-11 — prime Q1 2027 renewal target,Your Term Loan at CRISIL goes critical in Dec 2026. Start ACER process in Sep 2026 — before the Q1 rush.,August 2026 (before Dec ULTRA HOT threshold),Currently HOT — escalates to ULTRA HOT Dec 2026. NOT in October pool. Call August-September.
Ravi Dyeware Co. Pvt. Ltd.,CRISIL,Letter of Credit,A 4,2025-12-11,HOT,ULTRA HOT,2026-12-11,20.0,Other,Chemicals/Pharma,Standard,D365,INC rating hits ULTRA HOT on 2026-12-11 — prime Q1 2027 renewal target,Your Letter of Credit at CRISIL goes critical in Dec 2026. Start ACER process in Sep 2026 — before the Q1 rush.,August 2026 (before Dec ULTRA HOT threshold),Currently HOT — escalates to ULTRA HOT Dec 2026. NOT in October pool. Call August-September.
Lasa Laboratory Pvt. Ltd. [Merged],CRISIL,Term Loan,B,2025-12-11,HOT,ULTRA HOT,2026-12-11,19.0,Other,Chemicals/Pharma,Standard,D365,INC rating hits ULTRA HOT on 2026-12-11 — prime Q1 2027 renewal target,Your Term Loan at CRISIL goes critical in Dec 2026. Start ACER process in Sep 2026 — before the Q1 rush.,August 2026 (before Dec ULTRA HOT threshold),Currently HOT — escalates to ULTRA HOT Dec 2026. NOT in October pool. Call August-September.
Anant Overseas Pvt. Ltd.,CARE,Fund-Based,B-,2025-12-11,HOT,ULTRA HOT,2026-12-11,19.0,Other,Other,Standard,D365,INC rating hits ULTRA HOT on 2026-12-11 — prime Q1 2027 renewal target,Your Fund-Based at CARE goes critical in Dec 2026. Start ACER process in Sep 2026 — before the Q1 rush.,August 2026 (before Dec ULTRA HOT threshold),Currently HOT — escalates to ULTRA HOT Dec 2026. NOT in October pool. Call August-September.
Srijan Realty Pvt. Ltd.,CRISIL,Term Loan,B,2025-12-11,HOT,ULTRA HOT,2026-12-11,17.65,Construction,Construction,Standard,D365,INC rating hits ULTRA HOT on 2026-12-11 — prime Q1 2027 renewal target,Your Term Loan at CRISIL goes critical in Dec 2026. Start ACER process in Sep 2026 — before the Q1 rush.,August 2026 (before Dec ULTRA HOT threshold),Currently HOT — escalates to ULTRA HOT Dec 2026. NOT in October pool. Call August-September.
Niladree Build-Tech Pvt. Ltd.,CRISIL,Term Loan,B,2025-12-11,HOT,ULTRA HOT,2026-12-11,15.2,Construction,Construction,Standard,D365,INC rating hits ULTRA HOT on 2026-12-11 — prime Q1 2027 renewal target,Your Term Loan at CRISIL goes critical in Dec 2026. Start ACER process in Sep 2026 — before the Q1 rush.,August 2026 (before Dec ULTRA HOT threshold),Currently HOT — escalates to ULTRA HOT Dec 2026. NOT in October pool. Call August-September.
Aranthaangi Chemical Products Ltd.,CRISIL,Term Loan,B,2025-12-11,HOT,ULTRA HOT,2026-12-11,15.0,Chemicals/Pharma,Chemicals/Pharma,Standard,D365,INC rating hits ULTRA HOT on 2026-12-11 — prime Q1 2027 renewal target,Your Term Loan at CRISIL goes critical in Dec 2026. Start ACER process in Sep 2026 — before the Q1 rush.,August 2026 (before Dec ULTRA HOT threshold),Currently HOT — escalates to ULTRA HOT Dec 2026. NOT in October pool. Call August-September.
Agarwal T M T Inds. Pvt. Ltd.,CARE,Term Loan,B-,2025-12-11,HOT,ULTRA HOT,2026-12-11,13.14,Other,Other,Standard,D365,INC rating hits ULTRA HOT on 2026-12-11 — prime Q1 2027 renewal target,Your Term Loan at CARE goes critical in Dec 2026. Start ACER process in Sep 2026 — before the Q1 rush.,August 2026 (before Dec ULTRA HOT threshold),Currently HOT — escalates to ULTRA HOT Dec 2026. NOT in October pool. Call August-September.
Aesthetic Stampings & Laminations Ltd.,CARE,Bank Guarantee,A 4,2025-12-11,HOT,ULTRA HOT,2026-12-11,13.0,Other,Other,Standard,D365,INC rating hits ULTRA HOT on 2026-12-11 — prime Q1 2027 renewal target,Your Bank Guarantee at CARE goes critical in Dec 2026. Start ACER process in Sep 2026 — before the Q1 rush.,August 2026 (before Dec ULTRA HOT threshold),Currently HOT — escalates to ULTRA HOT Dec 2026. NOT in October pool. Call August-September.
Amitex Agro Product Pvt. Ltd.,CRISIL,Term Loan,B,2025-12-11,HOT,ULTRA HOT,2026-12-11,13.0,Agro/Food,Agro/Food,Standard,D365,INC rating hits ULTRA HOT on 2026-12-11 — prime Q1 2027 renewal target,Your Term Loan at CRISIL goes critical in Dec 2026. Start ACER process in Sep 2026 — before the Q1 rush.,August 2026 (before Dec ULTRA HOT threshold),Currently HOT — escalates to ULTRA HOT Dec 2026. NOT in October pool. Call August-September.
Dwarakamai Constructions Pvt. Ltd.,CRISIL,Bank Guarantee,A 4,2025-12-11,HOT,ULTRA HOT,2026-12-11,12.0,Construction,Construction,Standard,D365,INC rating hits ULTRA HOT on 2026-12-11 — prime Q1 2027 renewal target,Your Bank Guarantee at CRISIL goes critical in Dec 2026. Start ACER process in Sep 2026 — before the Q1 rush.,August 2026 (before Dec ULTRA HOT threshold),Currently HOT — escalates to ULTRA HOT Dec 2026. NOT in October pool. Call August-September.
Amba Shakti Ispat Ltd.,CRISIL,Letter of Credit,A 4,2025-12-11,HOT,ULTRA HOT,2026-12-11,12.0,Other,Other,Standard,D365,INC rating hits ULTRA HOT on 2026-12-11 — prime Q1 2027 renewal target,Your Letter of Credit at CRISIL goes critical in Dec 2026. Start ACER process in Sep 2026 — before the Q1 rush.,August 2026 (before Dec ULTRA HOT threshold),Currently HOT — escalates to ULTRA HOT Dec 2026. NOT in October pool. Call August-September.
Healthcaps India Ltd.,CRISIL,Term Loan,B+,2025-12-11,HOT,ULTRA HOT,2026-12-11,10.4,Healthcare,Healthcare,Standard,D365,INC rating hits ULTRA HOT on 2026-12-11 — prime Q1 2027 renewal target,Your Term Loan at CRISIL goes critical in Dec 2026. Start ACER process in Sep 2026 — before the Q1 rush.,August 2026 (before Dec ULTRA HOT threshold),Currently HOT — escalates to ULTRA HOT Dec 2026. NOT in October pool. Call August-September.
Jeeban Suraksha Hospital Pvt. Ltd.,CRISIL,Term Loan,B,2025-12-11,HOT,ULTRA HOT,2026-12-11,10.0,Healthcare,Healthcare,Standard,D365,INC rating hits ULTRA HOT on 2026-12-11 — prime Q1 2027 renewal target,Your Term Loan at CRISIL goes critical in Dec 2026. Start ACER process in Sep 2026 — before the Q1 rush.,August 2026 (before Dec ULTRA HOT threshold),Currently HOT — escalates to ULTRA HOT Dec 2026. NOT in October pool. Call August-September.
Nova Textiles Pvt. Ltd.,BRICKWORK,Letter of Credit,A 4,2025-12-11,HOT,ULTRA HOT,2026-12-11,10.0,Textiles,Textiles,Standard,D365,INC rating hits ULTRA HOT on 2026-12-11 — prime Q1 2027 renewal target,Your Letter of Credit at BRICKWORK goes critical in Dec 2026. Start ACER process in Sep 2026 — before the Q1 rush.,August 2026 (before Dec ULTRA HOT threshold),Currently HOT — escalates to ULTRA HOT Dec 2026. NOT in October pool. Call August-September.
A To Z Developers Ltd.,CRISIL,Term Loan,B+,2025-12-11,HOT,ULTRA HOT,2026-12-11,10.0,Other,Construction,Standard,D365,INC rating hits ULTRA HOT on 2026-12-11 — prime Q1 2027 renewal target,Your Term Loan at CRISIL goes critical in Dec 2026. Start ACER process in Sep 2026 — before the Q1 rush.,August 2026 (before Dec ULTRA HOT threshold),Currently HOT — escalates to ULTRA HOT Dec 2026. NOT in October pool. Call August-September.
Alpha Carbonless Paper Mfg. Co. Pvt. Ltd.,CRISIL,Fund-Based,B,2025-12-11,HOT,ULTRA HOT,2026-12-11,10.0,Paper/Packaging,Paper/Packaging,Standard,D365,INC rating hits ULTRA HOT on 2026-12-11 — prime Q1 2027 renewal target,Your Fund-Based at CRISIL goes critical in Dec 2026. Start ACER process in Sep 2026 — before the Q1 rush.,August 2026 (before Dec ULTRA HOT threshold),Currently HOT — escalates to ULTRA HOT Dec 2026. NOT in October pool. Call August-September.
M U N Agro Inds. Pvt. Ltd.,ACUITE,Term Loan,B-,2025-12-11,HOT,ULTRA HOT,2026-12-11,9.81,Agro/Food,Agro/Food,Standard,D365,INC rating hits ULTRA HOT on 2026-12-11 — prime Q1 2027 renewal target,Your Term Loan at ACUITE goes critical in Dec 2026. Start ACER process in Sep 2026 — before the Q1 rush.,August 2026 (before Dec ULTRA HOT threshold),Currently HOT — escalates to ULTRA HOT Dec 2026. NOT in October pool. Call August-September.
A To Z Developers Ltd.,CRISIL,Term Loan,B+,2025-12-11,HOT,ULTRA HOT,2026-12-11,9.0,Other,Construction,Standard,D365,INC rating hits ULTRA HOT on 2026-12-11 — prime Q1 2027 renewal target,Your Term Loan at CRISIL goes critical in Dec 2026. Start ACER process in Sep 2026 — before the Q1 rush.,August 2026 (before Dec ULTRA HOT threshold),Currently HOT — escalates to ULTRA HOT Dec 2026. NOT in October pool. Call August-September.
Blackstone Logistics Pvt. Ltd.,CRISIL,Term Loan,B-,2025-12-11,HOT,ULTRA HOT,2026-12-11,8.99,Logistics,Logistics,Standard,D365,INC rating hits ULTRA HOT on 2026-12-11 — prime Q1 2027 renewal target,Your Term Loan at CRISIL goes critical in Dec 2026. Start ACER process in Sep 2026 — before the Q1 rush.,August 2026 (before Dec ULTRA HOT threshold),Currently HOT — escalates to ULTRA HOT Dec 2026. NOT in October pool. Call August-September.
Flyjac Logistics Pvt. Ltd.,ICRA,NCD/Bond,A 1+,2025-12-11,HOT,ULTRA HOT,2026-12-11,8.5,Logistics,Logistics,NCD — SEBI License Required,D365,INC rating hits ULTRA HOT on 2026-12-11 — prime Q1 2027 renewal target,Your NCD/Bond at ICRA goes critical in Dec 2026. Start ACER process in Sep 2026 — before the Q1 rush.,August 2026 (before Dec ULTRA HOT threshold),Currently HOT — escalates to ULTRA HOT Dec 2026. NOT in October pool. Call August-September.
Jaypee Projects Ltd.,CRISIL,Term Loan,B+,2025-12-11,HOT,ULTRA HOT,2026-12-11,8.0,Other,Construction,Standard,D365,INC rating hits ULTRA HOT on 2026-12-11 — prime Q1 2027 renewal target,Your Term Loan at CRISIL goes critical in Dec 2026. Start ACER process in Sep 2026 — before the Q1 rush.,August 2026 (before Dec ULTRA HOT threshold),Currently HOT — escalates to ULTRA HOT Dec 2026. NOT in October pool. Call August-September.
K B A Agrotech Pvt. Ltd.,CRISIL,Term Loan,B+,2025-12-11,HOT,ULTRA HOT,2026-12-11,8.0,Agro/Food,Agro/Food,Standard,D365,INC rating hits ULTRA HOT on 2026-12-11 — prime Q1 2027 renewal target,Your Term Loan at CRISIL goes critical in Dec 2026. Start ACER process in Sep 2026 — before the Q1 rush.,August 2026 (before Dec ULTRA HOT threshold),Currently HOT — escalates to ULTRA HOT Dec 2026. NOT in October pool. Call August-September.
Lasa Laboratory Pvt. Ltd. [Merged],CRISIL,Letter of Credit,A 4,2025-12-11,HOT,ULTRA HOT,2026-12-11,8.0,Other,Chemicals/Pharma,Standard,D365,INC rating hits ULTRA HOT on 2026-12-11 — prime Q1 2027 renewal target,Your Letter of Credit at CRISIL goes critical in Dec 2026. Start ACER process in Sep 2026 — before the Q1 rush.,August 2026 (before Dec ULTRA HOT threshold),Currently HOT — escalates to ULTRA HOT Dec 2026. NOT in October pool. Call August-September.
Healthcaps India Ltd.,CRISIL,Letter of Credit,A 4,2025-12-11,HOT,ULTRA HOT,2026-12-11,7.5,Healthcare,Healthcare,Standard,D365,INC rating hits ULTRA HOT on 2026-12-11 — prime Q1 2027 renewal target,Your Letter of Credit at CRISIL goes critical in Dec 2026. Start ACER process in Sep 2026 — before the Q1 rush.,August 2026 (before Dec ULTRA HOT threshold),Currently HOT — escalates to ULTRA HOT Dec 2026. NOT in October pool. Call August-September.
Jaypee Projects Ltd.,CRISIL,Bank Guarantee,A 4,2025-12-11,HOT,ULTRA HOT,2026-12-11,7.0,Other,Construction,Standard,D365,INC rating hits ULTRA HOT on 2026-12-11 — prime Q1 2027 renewal target,Your Bank Guarantee at CRISIL goes critical in Dec 2026. Start ACER process in Sep 2026 — before the Q1 rush.,August 2026 (before Dec ULTRA HOT threshold),Currently HOT — escalates to ULTRA HOT Dec 2026. NOT in October pool. Call August-September.
Multani Pharmaceuticals Ltd.,CRISIL,Term Loan,B,2025-12-11,HOT,ULTRA HOT,2026-12-11,6.9,Chemicals/Pharma,Chemicals/Pharma,Standard,D365,INC rating hits ULTRA HOT on 2026-12-11 — prime Q1 2027 renewal target,Your Term Loan at CRISIL goes critical in Dec 2026. Start ACER process in Sep 2026 — before the Q1 rush.,August 2026 (before Dec ULTRA HOT threshold),Currently HOT — escalates to ULTRA HOT Dec 2026. NOT in October pool. Call August-September.
O S L Exclusive Pvt. Ltd.,BRICKWORK,Term Loan,C,2025-12-11,HOT,ULTRA HOT,2026-12-11,6.7,Other,Other,Standard,D365,INC rating hits ULTRA HOT on 2026-12-11 — prime Q1 2027 renewal target,Your Term Loan at BRICKWORK goes critical in Dec 2026. Start ACER process in Sep 2026 — before the Q1 rush.,August 2026 (before Dec ULTRA HOT threshold),Currently HOT — escalates to ULTRA HOT Dec 2026. NOT in October pool. Call August-September.
Chakkra Coal India Pvt. Ltd.,CARE,Letter of Credit,A 4,2025-12-11,HOT,ULTRA HOT,2026-12-11,6.0,Mining,Mining,Standard,D365,INC rating hits ULTRA HOT on 2026-12-11 — prime Q1 2027 renewal target,Your Letter of Credit at CARE goes critical in Dec 2026. Start ACER process in Sep 2026 — before the Q1 rush.,August 2026 (before Dec ULTRA HOT threshold),Currently HOT — escalates to ULTRA HOT Dec 2026. NOT in October pool. Call August-September.
Navdurga Pulp & Paper Mills India Pvt. Ltd.,CARE,Term Loan,B-,2025-12-11,HOT,ULTRA HOT,2026-12-11,5.7,Agro/Food,Agro/Food,Standard,D365,INC rating hits ULTRA HOT on 2026-12-11 — prime Q1 2027 renewal target,Your Term Loan at CARE goes critical in Dec 2026. Start ACER process in Sep 2026 — before the Q1 rush.,August 2026 (before Dec ULTRA HOT threshold),Currently HOT — escalates to ULTRA HOT Dec 2026. NOT in October pool. Call August-September.
Multani Pharmaceuticals Ltd.,CRISIL,Bank Guarantee,A 4,2025-12-11,HOT,ULTRA HOT,2026-12-11,5.1,Chemicals/Pharma,Chemicals/Pharma,Standard,D365,INC rating hits ULTRA HOT on 2026-12-11 — prime Q1 2027 renewal target,Your Bank Guarantee at CRISIL goes critical in Dec 2026. Start ACER process in Sep 2026 — before the Q1 rush.,August 2026 (before Dec ULTRA HOT threshold),Currently HOT — escalates to ULTRA HOT Dec 2026. NOT in October pool. Call August-September.
Biomedicon Care Pvt. Ltd.,CRISIL,Letter of Credit,A 4,2025-12-11,HOT,ULTRA HOT,2026-12-11,5.0,Other,Other,Standard,D365,INC rating hits ULTRA HOT on 2026-12-11 — prime Q1 2027 renewal target,Your Letter of Credit at CRISIL goes critical in Dec 2026. Start ACER process in Sep 2026 — before the Q1 rush.,August 2026 (before Dec ULTRA HOT threshold),Currently HOT — escalates to ULTRA HOT Dec 2026. NOT in October pool. Call August-September.
G S R Ventures Pvt. Ltd.,CRISIL,Term Loan,B+,2025-12-11,HOT,ULTRA HOT,2026-12-11,5.0,Other,Other,Standard,D365,INC rating hits ULTRA HOT on 2026-12-11 — prime Q1 2027 renewal target,Your Term Loan at CRISIL goes critical in Dec 2026. Start ACER process in Sep 2026 — before the Q1 rush.,August 2026 (before Dec ULTRA HOT threshold),Currently HOT — escalates to ULTRA HOT Dec 2026. NOT in October pool. Call August-September.
J P Rice & Foods Pvt. Ltd.,CRISIL,Fund-Based,B,2025-12-11,HOT,ULTRA HOT,2026-12-11,5.0,Agro/Food,Agro/Food,Standard,D365,INC rating hits ULTRA HOT on 2026-12-11 — prime Q1 2027 renewal target,Your Fund-Based at CRISIL goes critical in Dec 2026. Start ACER process in Sep 2026 — before the Q1 rush.,August 2026 (before Dec ULTRA HOT threshold),Currently HOT — escalates to ULTRA HOT Dec 2026. NOT in October pool. Call August-September.
Jayaraj Fortune Packaging Pvt. Ltd.,ICRA,Non-Fund-Based,A 4,2025-12-11,HOT,ULTRA HOT,2026-12-11,5.0,Paper/Packaging,Paper/Packaging,Standard,D365,INC rating hits ULTRA HOT on 2026-12-11 — prime Q1 2027 renewal target,Your Non-Fund-Based at ICRA goes critical in Dec 2026. Start ACER process in Sep 2026 — before the Q1 rush.,August 2026 (before Dec ULTRA HOT threshold),Currently HOT — escalates to ULTRA HOT Dec 2026. NOT in October pool. Call August-September.
Sri Nath Ji Ispat Ltd.,CRISIL,Letter of Credit,A 4,2025-12-11,HOT,ULTRA HOT,2026-12-11,4.82,Other,Other,Standard,D365,INC rating hits ULTRA HOT on 2026-12-11 — prime Q1 2027 renewal target,Your Letter of Credit at CRISIL goes critical in Dec 2026. Start ACER process in Sep 2026 — before the Q1 rush.,August 2026 (before Dec ULTRA HOT threshold),Currently HOT — escalates to ULTRA HOT Dec 2026. NOT in October pool. Call August-September.
Biomedicon Care Pvt. Ltd.,CRISIL,Term Loan,B+,2025-12-11,HOT,ULTRA HOT,2026-12-11,4.3,Other,Other,Standard,D365,INC rating hits ULTRA HOT on 2026-12-11 — prime Q1 2027 renewal target,Your Term Loan at CRISIL goes critical in Dec 2026. Start ACER process in Sep 2026 — before the Q1 rush.,August 2026 (before Dec ULTRA HOT threshold),Currently HOT — escalates to ULTRA HOT Dec 2026. NOT in October pool. Call August-September.
Naxalbari Flour & Rice Mill Pvt. Ltd.,ACUITE,Term Loan,B-,2025-12-11,HOT,ULTRA HOT,2026-12-11,3.79,Agro/Food,Agro/Food,Standard,D365,INC rating hits ULTRA HOT on 2026-12-11 — prime Q1 2027 renewal target,Your Term Loan at ACUITE goes critical in Dec 2026. Start ACER process in Sep 2026 — before the Q1 rush.,August 2026 (before Dec ULTRA HOT threshold),Currently HOT — escalates to ULTRA HOT Dec 2026. NOT in October pool. Call August-September.
Nova Textiles Pvt. Ltd.,BRICKWORK,Term Loan,BB-,2025-12-11,HOT,ULTRA HOT,2026-12-11,3.34,Textiles,Textiles,Standard,D365,INC rating hits ULTRA HOT on 2026-12-11 — prime Q1 2027 renewal target,Your Term Loan at BRICKWORK goes critical in Dec 2026. Start ACER process in Sep 2026 — before the Q1 rush.,August 2026 (before Dec ULTRA HOT threshold),Currently HOT — escalates to ULTRA HOT Dec 2026. NOT in October pool. Call August-September.
J D C India Ltd.,CRISIL,Term Loan,B,2025-12-11,HOT,ULTRA HOT,2026-12-11,3.3,Other,Other,Standard,D365,INC rating hits ULTRA HOT on 2026-12-11 — prime Q1 2027 renewal target,Your Term Loan at CRISIL goes critical in Dec 2026. Start ACER process in Sep 2026 — before the Q1 rush.,August 2026 (before Dec ULTRA HOT threshold),Currently HOT — escalates to ULTRA HOT Dec 2026. NOT in October pool. Call August-September.
Nidhi Auto Pvt. Ltd.,CARE,Term Loan,B-,2025-12-11,HOT,ULTRA HOT,2026-12-11,3.25,Manufacturing,Manufacturing,Standard,D365,INC rating hits ULTRA HOT on 2026-12-11 — prime Q1 2027 renewal target,Your Term Loan at CARE goes critical in Dec 2026. Start ACER process in Sep 2026 — before the Q1 rush.,August 2026 (before Dec ULTRA HOT threshold),Currently HOT — escalates to ULTRA HOT Dec 2026. NOT in October pool. Call August-September.
Cordoba Engineering Pvt. Ltd.,CRISIL,Fund-Based,B,2025-12-11,HOT,ULTRA HOT,2026-12-11,3.0,Manufacturing,Manufacturing,Standard,D365,INC rating hits ULTRA HOT on 2026-12-11 — prime Q1 2027 renewal target,Your Fund-Based at CRISIL goes critical in Dec 2026. Start ACER process in Sep 2026 — before the Q1 rush.,August 2026 (before Dec ULTRA HOT threshold),Currently HOT — escalates to ULTRA HOT Dec 2026. NOT in October pool. Call August-September.
Evergreen Publications (India) Ltd.,CRISIL,Bank Guarantee,A 4,2025-12-11,HOT,ULTRA HOT,2026-12-11,3.0,Other,Other,Standard,D365,INC rating hits ULTRA HOT on 2026-12-11 — prime Q1 2027 renewal target,Your Bank Guarantee at CRISIL goes critical in Dec 2026. Start ACER process in Sep 2026 — before the Q1 rush.,August 2026 (before Dec ULTRA HOT threshold),Currently HOT — escalates to ULTRA HOT Dec 2026. NOT in October pool. Call August-September.
Polybond Insulation Pvt. Ltd.,CRISIL,Bank Guarantee,A 4,2025-12-11,HOT,ULTRA HOT,2026-12-11,3.0,Other,Other,Standard,D365,INC rating hits ULTRA HOT on 2026-12-11 — prime Q1 2027 renewal target,Your Bank Guarantee at CRISIL goes critical in Dec 2026. Start ACER process in Sep 2026 — before the Q1 rush.,August 2026 (before Dec ULTRA HOT threshold),Currently HOT — escalates to ULTRA HOT Dec 2026. NOT in October pool. Call August-September.
Ravi Dyeware Co. Pvt. Ltd.,CRISIL,Bank Guarantee,A 4,2025-12-11,HOT,ULTRA HOT,2026-12-11,3.0,Other,Chemicals/Pharma,Standard,D365,INC rating hits ULTRA HOT on 2026-12-11 — prime Q1 2027 renewal target,Your Bank Guarantee at CRISIL goes critical in Dec 2026. Start ACER process in Sep 2026 — before the Q1 rush.,August 2026 (before Dec ULTRA HOT threshold),Currently HOT — escalates to ULTRA HOT Dec 2026. NOT in October pool. Call August-September.
Shri Ram Rubtech Pvt. Ltd.,CARE,NCD/Bond,B-/A4,2025-12-11,HOT,ULTRA HOT,2026-12-11,3.0,IT/Technology,IT/Technology,NCD — SEBI License Required,D365,INC rating hits ULTRA HOT on 2026-12-11 — prime Q1 2027 renewal target,Your NCD/Bond at CARE goes critical in Dec 2026. Start ACER process in Sep 2026 — before the Q1 rush.,August 2026 (before Dec ULTRA HOT threshold),Currently HOT — escalates to ULTRA HOT Dec 2026. NOT in October pool. Call August-September.
Advance Metal Powder Pvt. Ltd.,CRISIL,Letter of Credit,A 4,2025-12-11,HOT,ULTRA HOT,2026-12-11,3.0,Steel & Metals,Steel & Metals,Standard,D365,INC rating hits ULTRA HOT on 2026-12-11 — prime Q1 2027 renewal target,Your Letter of Credit at CRISIL goes critical in Dec 2026. Start ACER process in Sep 2026 — before the Q1 rush.,August 2026 (before Dec ULTRA HOT threshold),Currently HOT — escalates to ULTRA HOT Dec 2026. NOT in October pool. Call August-September.
Amba Shakti Ispat Ltd.,CRISIL,Bank Guarantee,A 4,2025-12-11,HOT,ULTRA HOT,2026-12-11,3.0,Other,Other,Standard,D365,INC rating hits ULTRA HOT on 2026-12-11 — prime Q1 2027 renewal target,Your Bank Guarantee at CRISIL goes critical in Dec 2026. Start ACER process in Sep 2026 — before the Q1 rush.,August 2026 (before Dec ULTRA HOT threshold),Currently HOT — escalates to ULTRA HOT Dec 2026. NOT in October pool. Call August-September.
Aranthaangi Chemical Products Ltd.,CRISIL,Letter of Credit,A 4,2025-12-11,HOT,ULTRA HOT,2026-12-11,3.0,Chemicals/Pharma,Chemicals/Pharma,Standard,D365,INC rating hits ULTRA HOT on 2026-12-11 — prime Q1 2027 renewal target,Your Letter of Credit at CRISIL goes critical in Dec 2026. Start ACER process in Sep 2026 — before the Q1 rush.,August 2026 (before Dec ULTRA HOT threshold),Currently HOT — escalates to ULTRA HOT Dec 2026. NOT in October pool. Call August-September.
Aranthaangi Chemical Products Ltd.,CRISIL,Term Loan,B,2025-12-11,HOT,ULTRA HOT,2026-12-11,2.86,Chemicals/Pharma,Chemicals/Pharma,Standard,D365,INC rating hits ULTRA HOT on 2026-12-11 — prime Q1 2027 renewal target,Your Term Loan at CRISIL goes critical in Dec 2026. Start ACER process in Sep 2026 — before the Q1 rush.,August 2026 (before Dec ULTRA HOT threshold),Currently HOT — escalates to ULTRA HOT Dec 2026. NOT in October pool. Call August-September.
Abhiraj Engicon Pvt. Ltd.,CARE,Bank Guarantee,A 4,2025-12-11,HOT,ULTRA HOT,2026-12-11,2.5,Other,Other,Standard,D365,INC rating hits ULTRA HOT on 2026-12-11 — prime Q1 2027 renewal target,Your Bank Guarantee at CARE goes critical in Dec 2026. Start ACER process in Sep 2026 — before the Q1 rush.,August 2026 (before Dec ULTRA HOT threshold),Currently HOT — escalates to ULTRA HOT Dec 2026. NOT in October pool. Call August-September.
Aranthaangi Chemical Products Ltd.,CRISIL,Term Loan,B,2025-12-11,HOT,ULTRA HOT,2026-12-11,2.2,Chemicals/Pharma,Chemicals/Pharma,Standard,D365,INC rating hits ULTRA HOT on 2026-12-11 — prime Q1 2027 renewal target,Your Term Loan at CRISIL goes critical in Dec 2026. Start ACER process in Sep 2026 — before the Q1 rush.,August 2026 (before Dec ULTRA HOT threshold),Currently HOT — escalates to ULTRA HOT Dec 2026. NOT in October pool. Call August-September.
M U N Agro Inds. Pvt. Ltd.,ACUITE,Term Loan,B-,2025-12-11,HOT,ULTRA HOT,2026-12-11,2.19,Agro/Food,Agro/Food,Standard,D365,INC rating hits ULTRA HOT on 2026-12-11 — prime Q1 2027 renewal target,Your Term Loan at ACUITE goes critical in Dec 2026. Start ACER process in Sep 2026 — before the Q1 rush.,August 2026 (before Dec ULTRA HOT threshold),Currently HOT — escalates to ULTRA HOT Dec 2026. NOT in October pool. Call August-September.
Sivaani Agribusiness Pvt. Ltd.,ICRA,Term Loan,B+,2025-12-11,HOT,ULTRA HOT,2026-12-11,2.08,Other,Agro/Food,Standard,D365,INC rating hits ULTRA HOT on 2026-12-11 — prime Q1 2027 renewal target,Your Term Loan at ICRA goes critical in Dec 2026. Start ACER process in Sep 2026 — before the Q1 rush.,August 2026 (before Dec ULTRA HOT threshold),Currently HOT — escalates to ULTRA HOT Dec 2026. NOT in October pool. Call August-September.
Shri Ram Rubtech Pvt. Ltd.,CARE,Bank Guarantee,A 4,2025-12-11,HOT,ULTRA HOT,2026-12-11,2.0,IT/Technology,IT/Technology,Standard,D365,INC rating hits ULTRA HOT on 2026-12-11 — prime Q1 2027 renewal target,Your Bank Guarantee at CARE goes critical in Dec 2026. Start ACER process in Sep 2026 — before the Q1 rush.,August 2026 (before Dec ULTRA HOT threshold),Currently HOT — escalates to ULTRA HOT Dec 2026. NOT in October pool. Call August-September.
Alpha Carbonless Paper Mfg. Co. Pvt. Ltd.,CRISIL,Letter of Credit,A 4,2025-12-11,HOT,ULTRA HOT,2026-12-11,2.0,Paper/Packaging,Paper/Packaging,Standard,D365,INC rating hits ULTRA HOT on 2026-12-11 — prime Q1 2027 renewal target,Your Letter of Credit at CRISIL goes critical in Dec 2026. Start ACER process in Sep 2026 — before the Q1 rush.,August 2026 (before Dec ULTRA HOT threshold),Currently HOT — escalates to ULTRA HOT Dec 2026. NOT in October pool. Call August-September.
Feather Spintex Pvt. Ltd.,CRISIL,Bank Guarantee,A 4,2025-12-11,HOT,ULTRA HOT,2026-12-11,1.9,Other,Other,Standard,D365,INC rating hits ULTRA HOT on 2026-12-11 — prime Q1 2027 renewal target,Your Bank Guarantee at CRISIL goes critical in Dec 2026. Start ACER process in Sep 2026 — before the Q1 rush.,August 2026 (before Dec ULTRA HOT threshold),Currently HOT — escalates to ULTRA HOT Dec 2026. NOT in October pool. Call August-September.
Deb Paints Pvt. Ltd.,CRISIL,Term Loan,B,2025-12-11,HOT,ULTRA HOT,2026-12-11,1.8,Other,Other,Standard,D365,INC rating hits ULTRA HOT on 2026-12-11 — prime Q1 2027 renewal target,Your Term Loan at CRISIL goes critical in Dec 2026. Start ACER process in Sep 2026 — before the Q1 rush.,August 2026 (before Dec ULTRA HOT threshold),Currently HOT — escalates to ULTRA HOT Dec 2026. NOT in October pool. Call August-September.
Evergreen Publications (India) Ltd.,CRISIL,Term Loan,B,2025-12-11,HOT,ULTRA HOT,2026-12-11,1.79,Other,Other,Standard,D365,INC rating hits ULTRA HOT on 2026-12-11 — prime Q1 2027 renewal target,Your Term Loan at CRISIL goes critical in Dec 2026. Start ACER process in Sep 2026 — before the Q1 rush.,August 2026 (before Dec ULTRA HOT threshold),Currently HOT — escalates to ULTRA HOT Dec 2026. NOT in October pool. Call August-September.
J D C India Ltd.,CRISIL,Term Loan,B,2025-12-11,HOT,ULTRA HOT,2026-12-11,1.7,Other,Other,Standard,D365,INC rating hits ULTRA HOT on 2026-12-11 — prime Q1 2027 renewal target,Your Term Loan at CRISIL goes critical in Dec 2026. Start ACER process in Sep 2026 — before the Q1 rush.,August 2026 (before Dec ULTRA HOT threshold),Currently HOT — escalates to ULTRA HOT Dec 2026. NOT in October pool. Call August-September.
Flyjac Logistics Pvt. Ltd.,ICRA,NCD/Bond,A+/A1+,2025-12-11,HOT,ULTRA HOT,2026-12-11,1.5,Logistics,Logistics,NCD — SEBI License Required,D365,INC rating hits ULTRA HOT on 2026-12-11 — prime Q1 2027 renewal target,Your NCD/Bond at ICRA goes critical in Dec 2026. Start ACER process in Sep 2026 — before the Q1 rush.,August 2026 (before Dec ULTRA HOT threshold),Currently HOT — escalates to ULTRA HOT Dec 2026. NOT in October pool. Call August-September.
Naxalbari Flour & Rice Mill Pvt. Ltd.,ACUITE,Term Loan,B-,2025-12-11,HOT,ULTRA HOT,2026-12-11,1.21,Agro/Food,Agro/Food,Standard,D365,INC rating hits ULTRA HOT on 2026-12-11 — prime Q1 2027 renewal target,Your Term Loan at ACUITE goes critical in Dec 2026. Start ACER process in Sep 2026 — before the Q1 rush.,August 2026 (before Dec ULTRA HOT threshold),Currently HOT — escalates to ULTRA HOT Dec 2026. NOT in October pool. Call August-September.
K N K Projects Pvt. Ltd.,CRISIL,Bank Guarantee,A 4,2025-12-11,HOT,ULTRA HOT,2026-12-11,1.0,Other,Construction,Standard,D365,INC rating hits ULTRA HOT on 2026-12-11 — prime Q1 2027 renewal target,Your Bank Guarantee at CRISIL goes critical in Dec 2026. Start ACER process in Sep 2026 — before the Q1 rush.,August 2026 (before Dec ULTRA HOT threshold),Currently HOT — escalates to ULTRA HOT Dec 2026. NOT in October pool. Call August-September.
Niladree Build-Tech Pvt. Ltd.,CRISIL,Letter of Credit,A 4,2025-12-11,HOT,ULTRA HOT,2026-12-11,1.0,Construction,Construction,Standard,D365,INC rating hits ULTRA HOT on 2026-12-11 — prime Q1 2027 renewal target,Your Letter of Credit at CRISIL goes critical in Dec 2026. Start ACER process in Sep 2026 — before the Q1 rush.,August 2026 (before Dec ULTRA HOT threshold),Currently HOT — escalates to ULTRA HOT Dec 2026. NOT in October pool. Call August-September.
Polybond Insulation Pvt. Ltd.,CRISIL,Term Loan,B+,2025-12-11,HOT,ULTRA HOT,2026-12-11,1.0,Other,Other,Standard,D365,INC rating hits ULTRA HOT on 2026-12-11 — prime Q1 2027 renewal target,Your Term Loan at CRISIL goes critical in Dec 2026. Start ACER process in Sep 2026 — before the Q1 rush.,August 2026 (before Dec ULTRA HOT threshold),Currently HOT — escalates to ULTRA HOT Dec 2026. NOT in October pool. Call August-September.
Unimarck Pharma (India) Ltd.,CRISIL,Term Loan,B+,2025-12-11,HOT,ULTRA HOT,2026-12-11,1.0,Chemicals/Pharma,Chemicals/Pharma,Standard,D365,INC rating hits ULTRA HOT on 2026-12-11 — prime Q1 2027 renewal target,Your Term Loan at CRISIL goes critical in Dec 2026. Start ACER process in Sep 2026 — before the Q1 rush.,August 2026 (before Dec ULTRA HOT threshold),Currently HOT — escalates to ULTRA HOT Dec 2026. NOT in October pool. Call August-September.
Sivaani Agribusiness Pvt. Ltd.,ICRA,NCD/Bond,B+/A4,2025-12-11,HOT,ULTRA HOT,2026-12-11,0.92,Other,Agro/Food,NCD — SEBI License Required,D365,INC rating hits ULTRA HOT on 2026-12-11 — prime Q1 2027 renewal target,Your NCD/Bond at ICRA goes critical in Dec 2026. Start ACER process in Sep 2026 — before the Q1 rush.,August 2026 (before Dec ULTRA HOT threshold),Currently HOT — escalates to ULTRA HOT Dec 2026. NOT in October pool. Call August-September.
Deb Paints Pvt. Ltd.,CRISIL,Bank Guarantee,B,2025-12-11,HOT,ULTRA HOT,2026-12-11,0.8,Other,Other,Standard,D365,INC rating hits ULTRA HOT on 2026-12-11 — prime Q1 2027 renewal target,Your Bank Guarantee at CRISIL goes critical in Dec 2026. Start ACER process in Sep 2026 — before the Q1 rush.,August 2026 (before Dec ULTRA HOT threshold),Currently HOT — escalates to ULTRA HOT Dec 2026. NOT in October pool. Call August-September.
Agarwal T M T Inds. Pvt. Ltd.,CARE,Bank Guarantee,A 4,2025-12-11,HOT,ULTRA HOT,2026-12-11,0.8,Other,Other,Standard,D365,INC rating hits ULTRA HOT on 2026-12-11 — prime Q1 2027 renewal target,Your Bank Guarantee at CARE goes critical in Dec 2026. Start ACER process in Sep 2026 — before the Q1 rush.,August 2026 (before Dec ULTRA HOT threshold),Currently HOT — escalates to ULTRA HOT Dec 2026. NOT in October pool. Call August-September.
Aesthetic Stampings & Laminations Ltd.,CARE,Term Loan,BB,2025-12-11,HOT,ULTRA HOT,2026-12-11,0.78,Other,Other,Standard,D365,INC rating hits ULTRA HOT on 2026-12-11 — prime Q1 2027 renewal target,Your Term Loan at CARE goes critical in Dec 2026. Start ACER process in Sep 2026 — before the Q1 rush.,August 2026 (before Dec ULTRA HOT threshold),Currently HOT — escalates to ULTRA HOT Dec 2026. NOT in October pool. Call August-September.
Naxalbari Flour & Rice Mill Pvt. Ltd.,ACUITE,Bank Guarantee,A 4,2025-12-11,HOT,ULTRA HOT,2026-12-11,0.6,Agro/Food,Agro/Food,Standard,D365,INC rating hits ULTRA HOT on 2026-12-11 — prime Q1 2027 renewal target,Your Bank Guarantee at ACUITE goes critical in Dec 2026. Start ACER process in Sep 2026 — before the Q1 rush.,August 2026 (before Dec ULTRA HOT threshold),Currently HOT — escalates to ULTRA HOT Dec 2026. NOT in October pool. Call August-September.
Cordoba Engineering Pvt. Ltd.,CRISIL,Bank Guarantee,A 4,2025-12-11,HOT,ULTRA HOT,2026-12-11,0.5,Manufacturing,Manufacturing,Standard,D365,INC rating hits ULTRA HOT on 2026-12-11 — prime Q1 2027 renewal target,Your Bank Guarantee at CRISIL goes critical in Dec 2026. Start ACER process in Sep 2026 — before the Q1 rush.,August 2026 (before Dec ULTRA HOT threshold),Currently HOT — escalates to ULTRA HOT Dec 2026. NOT in October pool. Call August-September.
Cordoba Engineering Pvt. Ltd.,CRISIL,Term Loan,B,2025-12-11,HOT,ULTRA HOT,2026-12-11,0.5,Manufacturing,Manufacturing,Standard,D365,INC rating hits ULTRA HOT on 2026-12-11 — prime Q1 2027 renewal target,Your Term Loan at CRISIL goes critical in Dec 2026. Start ACER process in Sep 2026 — before the Q1 rush.,August 2026 (before Dec ULTRA HOT threshold),Currently HOT — escalates to ULTRA HOT Dec 2026. NOT in October pool. Call August-September.
J D C India Ltd.,CRISIL,Bank Guarantee,A 4,2025-12-11,HOT,ULTRA HOT,2026-12-11,0.5,Other,Other,Standard,D365,INC rating hits ULTRA HOT on 2026-12-11 — prime Q1 2027 renewal target,Your Bank Guarantee at CRISIL goes critical in Dec 2026. Start ACER process in Sep 2026 — before the Q1 rush.,August 2026 (before Dec ULTRA HOT threshold),Currently HOT — escalates to ULTRA HOT Dec 2026. NOT in October pool. Call August-September.
Kisan Oleochem & Derivatives Pvt. Ltd.,ACUITE,Term Loan,B-,2025-12-11,HOT,ULTRA HOT,2026-12-11,0.5,Chemicals/Pharma,Chemicals/Pharma,Standard,D365,INC rating hits ULTRA HOT on 2026-12-11 — prime Q1 2027 renewal target,Your Term Loan at ACUITE goes critical in Dec 2026. Start ACER process in Sep 2026 — before the Q1 rush.,August 2026 (before Dec ULTRA HOT threshold),Currently HOT — escalates to ULTRA HOT Dec 2026. NOT in October pool. Call August-September.
R N Knitfab Pvt. Ltd.,CRISIL,Letter of Credit,A 4,2025-12-11,HOT,ULTRA HOT,2026-12-11,0.5,Other,Textiles,Standard,D365,INC rating hits ULTRA HOT on 2026-12-11 — prime Q1 2027 renewal target,Your Letter of Credit at CRISIL goes critical in Dec 2026. Start ACER process in Sep 2026 — before the Q1 rush.,August 2026 (before Dec ULTRA HOT threshold),Currently HOT — escalates to ULTRA HOT Dec 2026. NOT in October pool. Call August-September.
Mahajan Fabrics Pvt. Ltd.,CARE,Term Loan,B-,2025-12-11,HOT,ULTRA HOT,2026-12-11,0.46,Textiles,Textiles,Standard,D365,INC rating hits ULTRA HOT on 2026-12-11 — prime Q1 2027 renewal target,Your Term Loan at CARE goes critical in Dec 2026. Start ACER process in Sep 2026 — before the Q1 rush.,August 2026 (before Dec ULTRA HOT threshold),Currently HOT — escalates to ULTRA HOT Dec 2026. NOT in October pool. Call August-September.
Chakkra Coal India Pvt. Ltd.,CARE,Term Loan,B-,2025-12-11,HOT,ULTRA HOT,2026-12-11,0.43,Mining,Mining,Standard,D365,INC rating hits ULTRA HOT on 2026-12-11 — prime Q1 2027 renewal target,Your Term Loan at CARE goes critical in Dec 2026. Start ACER process in Sep 2026 — before the Q1 rush.,August 2026 (before Dec ULTRA HOT threshold),Currently HOT — escalates to ULTRA HOT Dec 2026. NOT in October pool. Call August-September.
Deb Paints Pvt. Ltd.,CRISIL,Letter of Credit,A 4,2025-12-11,HOT,ULTRA HOT,2026-12-11,0.4,Other,Other,Standard,D365,INC rating hits ULTRA HOT on 2026-12-11 — prime Q1 2027 renewal target,Your Letter of Credit at CRISIL goes critical in Dec 2026. Start ACER process in Sep 2026 — before the Q1 rush.,August 2026 (before Dec ULTRA HOT threshold),Currently HOT — escalates to ULTRA HOT Dec 2026. NOT in October pool. Call August-September.
Nidhi Auto Pvt. Ltd.,CARE,NCD/Bond,B-/A4,2025-12-11,HOT,ULTRA HOT,2026-12-11,0.3,Manufacturing,Manufacturing,NCD — SEBI License Required,D365,INC rating hits ULTRA HOT on 2026-12-11 — prime Q1 2027 renewal target,Your NCD/Bond at CARE goes critical in Dec 2026. Start ACER process in Sep 2026 — before the Q1 rush.,August 2026 (before Dec ULTRA HOT threshold),Currently HOT — escalates to ULTRA HOT Dec 2026. NOT in October pool. Call August-September.
K B A Agrotech Pvt. Ltd.,CRISIL,Term Loan,B+,2025-12-11,HOT,ULTRA HOT,2026-12-11,0.25,Agro/Food,Agro/Food,Standard,D365,INC rating hits ULTRA HOT on 2026-12-11 — prime Q1 2027 renewal target,Your Term Loan at CRISIL goes critical in Dec 2026. Start ACER process in Sep 2026 — before the Q1 rush.,August 2026 (before Dec ULTRA HOT threshold),Currently HOT — escalates to ULTRA HOT Dec 2026. NOT in October pool. Call August-September.
Mahajan Fabrics Pvt. Ltd.,CARE,NCD/Bond,B-/A4,2025-12-11,HOT,ULTRA HOT,2026-12-11,0.21,Textiles,Textiles,NCD — SEBI License Required,D365,INC rating hits ULTRA HOT on 2026-12-11 — prime Q1 2027 renewal target,Your NCD/Bond at CARE goes critical in Dec 2026. Start ACER process in Sep 2026 — before the Q1 rush.,August 2026 (before Dec ULTRA HOT threshold),Currently HOT — escalates to ULTRA HOT Dec 2026. NOT in October pool. Call August-September.
Aesthetic Stampings & Laminations Ltd.,CARE,Term Loan,BB,2025-12-11,HOT,ULTRA HOT,2026-12-11,0.14,Other,Other,Standard,D365,INC rating hits ULTRA HOT on 2026-12-11 — prime Q1 2027 renewal target,Your Term Loan at CARE goes critical in Dec 2026. Start ACER process in Sep 2026 — before the Q1 rush.,August 2026 (before Dec ULTRA HOT threshold),Currently HOT — escalates to ULTRA HOT Dec 2026. NOT in October pool. Call August-September.
Healthcaps India Ltd.,CRISIL,Bank Guarantee,A 4,2025-12-11,HOT,ULTRA HOT,2026-12-11,0.1,Healthcare,Healthcare,Standard,D365,INC rating hits ULTRA HOT on 2026-12-11 — prime Q1 2027 renewal target,Your Bank Guarantee at CRISIL goes critical in Dec 2026. Start ACER process in Sep 2026 — before the Q1 rush.,August 2026 (before Dec ULTRA HOT threshold),Currently HOT — escalates to ULTRA HOT Dec 2026. NOT in October pool. Call August-September.
Vikas Cotton Inds. Pvt. Ltd.,CARE,Term Loan,B-,2025-12-11,HOT,ULTRA HOT,2026-12-11,0.04,Agro/Food,Agro/Food,Standard,D365,INC rating hits ULTRA HOT on 2026-12-11 — prime Q1 2027 renewal target,Your Term Loan at CARE goes critical in Dec 2026. Start ACER process in Sep 2026 — before the Q1 rush.,August 2026 (before Dec ULTRA HOT threshold),Currently HOT — escalates to ULTRA HOT Dec 2026. NOT in October pool. Call August-September.
Bluecraft Agro Pvt. Ltd.,BRICKWORK,Bank Guarantee,A 4,2025-12-11,HOT,ULTRA HOT,2026-12-11,0.0,Agro/Food,Agro/Food,Standard,D365,INC rating hits ULTRA HOT on 2026-12-11 — prime Q1 2027 renewal target,Your Bank Guarantee at BRICKWORK goes critical in Dec 2026. Start ACER process in Sep 2026 — before the Q1 rush.,August 2026 (before Dec ULTRA HOT threshold),Currently HOT — escalates to ULTRA HOT Dec 2026. NOT in October pool. Call August-September.
Bluecraft Agro Pvt. Ltd.,BRICKWORK,Letter of Credit,A 4,2025-12-11,HOT,ULTRA HOT,2026-12-11,0.0,Agro/Food,Agro/Food,Standard,D365,INC rating hits ULTRA HOT on 2026-12-11 — prime Q1 2027 renewal target,Your Letter of Credit at BRICKWORK goes critical in Dec 2026. Start ACER process in Sep 2026 — before the Q1 rush.,August 2026 (before Dec ULTRA HOT threshold),Currently HOT — escalates to ULTRA HOT Dec 2026. NOT in October pool. Call August-September.
Schwing Stetter (India) Pvt. Ltd.,CRISIL,Fund-Based,BB+,2025-12-12,HOT,ULTRA HOT,2026-12-12,1555.0,Other,Other,Standard,D365,INC rating hits ULTRA HOT on 2026-12-12 — prime Q1 2027 renewal target,Your Fund-Based at CRISIL goes critical in Dec 2026. Start ACER process in Sep 2026 — before the Q1 rush.,August 2026 (before Dec ULTRA HOT threshold),Currently HOT — escalates to ULTRA HOT Dec 2026. NOT in October pool. Call August-September.
Schwing Stetter (India) Pvt. Ltd.,CRISIL,Term Loan,BB+,2025-12-12,HOT,ULTRA HOT,2026-12-12,651.82,Other,Other,Standard,D365,INC rating hits ULTRA HOT on 2026-12-12 — prime Q1 2027 renewal target,Your Term Loan at CRISIL goes critical in Dec 2026. Start ACER process in Sep 2026 — before the Q1 rush.,August 2026 (before Dec ULTRA HOT threshold),Currently HOT — escalates to ULTRA HOT Dec 2026. NOT in October pool. Call August-September.
Atlas Constructions Pvt. Ltd.,CRISIL,NCD/Bond,BBB/A3+,2025-12-12,HOT,ULTRA HOT,2026-12-12,363.0,Construction,Construction,NCD — SEBI License Required,D365,INC rating hits ULTRA HOT on 2026-12-12 — prime Q1 2027 renewal target,Your NCD/Bond at CRISIL goes critical in Dec 2026. Start ACER process in Sep 2026 — before the Q1 rush.,August 2026 (before Dec ULTRA HOT threshold),Currently HOT — escalates to ULTRA HOT Dec 2026. NOT in October pool. Call August-September.
Mash Bio-Fuels Private Limited,Infomerics,Long Term Bank Facilities,IVR BB+ (INC)(Downgraded),2025-12-12,HOT,ULTRA HOT,2026-12-12,307.43,Other,Energy,Standard,Infomerics,INC rating hits ULTRA HOT on 2026-12-12 — exclusive Q1 2027 whitespace lead,Your Infomerics INC rating goes critical in Dec 2026. ACER is your best alternative — no competitor has approached you.,August 2026 (before Dec ULTRA HOT threshold),Currently HOT — escalates to ULTRA HOT Dec 2026. NOT in October pool. Call August-September.
Maruti Educational Trust,Infomerics,Long Term Bank Facilities,IVR BB (INC)(Downgraded),2025-12-12,HOT,ULTRA HOT,2026-12-12,175.0,Other,Education,Standard,Infomerics,INC rating hits ULTRA HOT on 2026-12-12 — exclusive Q1 2027 whitespace lead,Your Infomerics INC rating goes critical in Dec 2026. ACER is your best alternative — no competitor has approached you.,August 2026 (before Dec ULTRA HOT threshold),Currently HOT — escalates to ULTRA HOT Dec 2026. NOT in October pool. Call August-September.
Agroh Kodinar Veraval Highways Private Limited,Infomerics,Long Term Bank Facilities,IVR B+ (INC)(Reaffirmed),2025-12-12,HOT,ULTRA HOT,2026-12-12,100.0,Construction,Construction,Standard,Infomerics,INC rating hits ULTRA HOT on 2026-12-12 — exclusive Q1 2027 whitespace lead,Your Infomerics INC rating goes critical in Dec 2026. ACER is your best alternative — no competitor has approached you.,August 2026 (before Dec ULTRA HOT threshold),Currently HOT — escalates to ULTRA HOT Dec 2026. NOT in October pool. Call August-September.
Ghanaram Infraengineers Pvt. Ltd.,CRISIL,Bank Guarantee,A 4,2025-12-12,HOT,ULTRA HOT,2026-12-12,60.0,Construction,Construction,Standard,D365,INC rating hits ULTRA HOT on 2026-12-12 — prime Q1 2027 renewal target,Your Bank Guarantee at CRISIL goes critical in Dec 2026. Start ACER process in Sep 2026 — before the Q1 rush.,August 2026 (before Dec ULTRA HOT threshold),Currently HOT — escalates to ULTRA HOT Dec 2026. NOT in October pool. Call August-September.
Maruti Educational Trust,Infomerics,Short Term Bank Facilities,IVR A4 (INC)(Downgraded),2025-12-12,HOT,ULTRA HOT,2026-12-12,45.0,Other,Education,Standard,Infomerics,INC rating hits ULTRA HOT on 2026-12-12 — exclusive Q1 2027 whitespace lead,Your Infomerics INC rating goes critical in Dec 2026. ACER is your best alternative — no competitor has approached you.,August 2026 (before Dec ULTRA HOT threshold),Currently HOT — escalates to ULTRA HOT Dec 2026. NOT in October pool. Call August-September.
Rameswar Udyog Pvt. Ltd.,ICRA,Term Loan,B+,2025-12-12,HOT,ULTRA HOT,2026-12-12,34.0,Other,Other,Standard,D365,INC rating hits ULTRA HOT on 2026-12-12 — prime Q1 2027 renewal target,Your Term Loan at ICRA goes critical in Dec 2026. Start ACER process in Sep 2026 — before the Q1 rush.,August 2026 (before Dec ULTRA HOT threshold),Currently HOT — escalates to ULTRA HOT Dec 2026. NOT in October pool. Call August-September.
Bargarh Bio Fuels Development Foundation,Infomerics,Long Term Bank Facilities,IVR B+ (INC)(Downgraded),2025-12-12,HOT,ULTRA HOT,2026-12-12,30.35,Other,Energy,Standard,Infomerics,INC rating hits ULTRA HOT on 2026-12-12 — exclusive Q1 2027 whitespace lead,Your Infomerics INC rating goes critical in Dec 2026. ACER is your best alternative — no competitor has approached you.,August 2026 (before Dec ULTRA HOT threshold),Currently HOT — escalates to ULTRA HOT Dec 2026. NOT in October pool. Call August-September.
B L International Pvt. Ltd.,CRISIL,Fund-Based,B,2025-12-12,HOT,ULTRA HOT,2026-12-12,22.0,Other,Other,Standard,D365,INC rating hits ULTRA HOT on 2026-12-12 — prime Q1 2027 renewal target,Your Fund-Based at CRISIL goes critical in Dec 2026. Start ACER process in Sep 2026 — before the Q1 rush.,August 2026 (before Dec ULTRA HOT threshold),Currently HOT — escalates to ULTRA HOT Dec 2026. NOT in October pool. Call August-September.
B L International Pvt. Ltd.,CRISIL,Term Loan,B,2025-12-12,HOT,ULTRA HOT,2026-12-12,21.0,Other,Other,Standard,D365,INC rating hits ULTRA HOT on 2026-12-12 — prime Q1 2027 renewal target,Your Term Loan at CRISIL goes critical in Dec 2026. Start ACER process in Sep 2026 — before the Q1 rush.,August 2026 (before Dec ULTRA HOT threshold),Currently HOT — escalates to ULTRA HOT Dec 2026. NOT in October pool. Call August-September.
N G Fertilizers & Chemicals Pvt. Ltd.,ICRA,Term Loan,B+,2025-12-12,HOT,ULTRA HOT,2026-12-12,20.0,Chemicals/Pharma,Chemicals/Pharma,Standard,D365,INC rating hits ULTRA HOT on 2026-12-12 — prime Q1 2027 renewal target,Your Term Loan at ICRA goes critical in Dec 2026. Start ACER process in Sep 2026 — before the Q1 rush.,August 2026 (before Dec ULTRA HOT threshold),Currently HOT — escalates to ULTRA HOT Dec 2026. NOT in October pool. Call August-September.
Teesta Agro Inds. Ltd.,CARE,Letter of Credit,A 4+,2025-12-12,HOT,ULTRA HOT,2026-12-12,17.5,Agro/Food,Agro/Food,Standard,D365,INC rating hits ULTRA HOT on 2026-12-12 — prime Q1 2027 renewal target,Your Letter of Credit at CARE goes critical in Dec 2026. Start ACER process in Sep 2026 — before the Q1 rush.,August 2026 (before Dec ULTRA HOT threshold),Currently HOT — escalates to ULTRA HOT Dec 2026. NOT in October pool. Call August-September.
Schwing Stetter (India) Pvt. Ltd.,CRISIL,Fund-Based,A 4+,2025-12-12,HOT,ULTRA HOT,2026-12-12,15.0,Other,Other,Standard,D365,INC rating hits ULTRA HOT on 2026-12-12 — prime Q1 2027 renewal target,Your Fund-Based at CRISIL goes critical in Dec 2026. Start ACER process in Sep 2026 — before the Q1 rush.,August 2026 (before Dec ULTRA HOT threshold),Currently HOT — escalates to ULTRA HOT Dec 2026. NOT in October pool. Call August-September.
Chrysalis Trading Private Limited,Infomerics,Long Term Facility - Fund Based - Cash Credit,IVR D (INC),2025-12-12,HOT,ULTRA HOT,2026-12-12,15.0,Other,Trading/Exports,Standard,Infomerics,INC rating hits ULTRA HOT on 2026-12-12 — exclusive Q1 2027 whitespace lead,Your Infomerics INC rating goes critical in Dec 2026. ACER is your best alternative — no competitor has approached you.,August 2026 (before Dec ULTRA HOT threshold),Currently HOT — escalates to ULTRA HOT Dec 2026. NOT in October pool. Call August-September.
Atlas Constructions Pvt. Ltd.,CRISIL,Term Loan,BBB,2025-12-12,HOT,ULTRA HOT,2026-12-12,5.0,Construction,Construction,Standard,D365,INC rating hits ULTRA HOT on 2026-12-12 — prime Q1 2027 renewal target,Your Term Loan at CRISIL goes critical in Dec 2026. Start ACER process in Sep 2026 — before the Q1 rush.,August 2026 (before Dec ULTRA HOT threshold),Currently HOT — escalates to ULTRA HOT Dec 2026. NOT in October pool. Call August-September.
Axel Polymers Ltd.,CRISIL,Letter of Credit,A 4,2025-12-12,HOT,ULTRA HOT,2026-12-12,5.0,Chemicals/Pharma,Chemicals/Pharma,Standard,D365,INC rating hits ULTRA HOT on 2026-12-12 — prime Q1 2027 renewal target,Your Letter of Credit at CRISIL goes critical in Dec 2026. Start ACER process in Sep 2026 — before the Q1 rush.,August 2026 (before Dec ULTRA HOT threshold),Currently HOT — escalates to ULTRA HOT Dec 2026. NOT in October pool. Call August-September.
B L International Pvt. Ltd.,CRISIL,Term Loan,B,2025-12-12,HOT,ULTRA HOT,2026-12-12,5.0,Other,Other,Standard,D365,INC rating hits ULTRA HOT on 2026-12-12 — prime Q1 2027 renewal target,Your Term Loan at CRISIL goes critical in Dec 2026. Start ACER process in Sep 2026 — before the Q1 rush.,August 2026 (before Dec ULTRA HOT threshold),Currently HOT — escalates to ULTRA HOT Dec 2026. NOT in October pool. Call August-September.
Mediplus (India) Ltd.,CRISIL,Letter of Credit,A 4,2025-12-12,HOT,ULTRA HOT,2026-12-12,5.0,Other,Other,Standard,D365,INC rating hits ULTRA HOT on 2026-12-12 — prime Q1 2027 renewal target,Your Letter of Credit at CRISIL goes critical in Dec 2026. Start ACER process in Sep 2026 — before the Q1 rush.,August 2026 (before Dec ULTRA HOT threshold),Currently HOT — escalates to ULTRA HOT Dec 2026. NOT in October pool. Call August-September.
Alphamed Formulations Pvt. Ltd.,CRISIL,Term Loan,B+,2025-12-12,HOT,ULTRA HOT,2026-12-12,4.5,Other,Other,Standard,D365,INC rating hits ULTRA HOT on 2026-12-12 — prime Q1 2027 renewal target,Your Term Loan at CRISIL goes critical in Dec 2026. Start ACER process in Sep 2026 — before the Q1 rush.,August 2026 (before Dec ULTRA HOT threshold),Currently HOT — escalates to ULTRA HOT Dec 2026. NOT in October pool. Call August-September.
Teesta Agro Inds. Ltd.,CARE,Bank Guarantee,A 4+,2025-12-12,HOT,ULTRA HOT,2026-12-12,2.0,Agro/Food,Agro/Food,Standard,D365,INC rating hits ULTRA HOT on 2026-12-12 — prime Q1 2027 renewal target,Your Bank Guarantee at CARE goes critical in Dec 2026. Start ACER process in Sep 2026 — before the Q1 rush.,August 2026 (before Dec ULTRA HOT threshold),Currently HOT — escalates to ULTRA HOT Dec 2026. NOT in October pool. Call August-September.
Active Char Products Pvt. Ltd.,ICRA,Term Loan,B+,2025-12-12,HOT,ULTRA HOT,2026-12-12,1.5,Other,Other,Standard,D365,INC rating hits ULTRA HOT on 2026-12-12 — prime Q1 2027 renewal target,Your Term Loan at ICRA goes critical in Dec 2026. Start ACER process in Sep 2026 — before the Q1 rush.,August 2026 (before Dec ULTRA HOT threshold),Currently HOT — escalates to ULTRA HOT Dec 2026. NOT in October pool. Call August-September.
Chatterjee Cleaning Arts Services Ltd.,CRISIL,Term Loan,B+,2025-12-12,HOT,ULTRA HOT,2026-12-12,1.0,Other,Other,Standard,D365,INC rating hits ULTRA HOT on 2026-12-12 — prime Q1 2027 renewal target,Your Term Loan at CRISIL goes critical in Dec 2026. Start ACER process in Sep 2026 — before the Q1 rush.,August 2026 (before Dec ULTRA HOT threshold),Currently HOT — escalates to ULTRA HOT Dec 2026. NOT in October pool. Call August-September.
Rameswar Udyog Pvt. Ltd.,ICRA,Non-Fund-Based,A 4,2025-12-12,HOT,ULTRA HOT,2026-12-12,1.0,Other,Other,Standard,D365,INC rating hits ULTRA HOT on 2026-12-12 — prime Q1 2027 renewal target,Your Non-Fund-Based at ICRA goes critical in Dec 2026. Start ACER process in Sep 2026 — before the Q1 rush.,August 2026 (before Dec ULTRA HOT threshold),Currently HOT — escalates to ULTRA HOT Dec 2026. NOT in October pool. Call August-September.
Sidhi Vinayak Metcom Ltd.,CARE,Bank Guarantee,A 4,2025-12-12,HOT,ULTRA HOT,2026-12-12,1.0,Other,Other,Standard,D365,INC rating hits ULTRA HOT on 2026-12-12 — prime Q1 2027 renewal target,Your Bank Guarantee at CARE goes critical in Dec 2026. Start ACER process in Sep 2026 — before the Q1 rush.,August 2026 (before Dec ULTRA HOT threshold),Currently HOT — escalates to ULTRA HOT Dec 2026. NOT in October pool. Call August-September.
Bargarh Bio Fuels Development Foundation,Infomerics,Short Term Bank Facilities,IVR A4 (INC)(Reaffirmed),2025-12-12,HOT,ULTRA HOT,2026-12-12,1.0,Other,Energy,Standard,Infomerics,INC rating hits ULTRA HOT on 2026-12-12 — exclusive Q1 2027 whitespace lead,Your Infomerics INC rating goes critical in Dec 2026. ACER is your best alternative — no competitor has approached you.,August 2026 (before Dec ULTRA HOT threshold),Currently HOT — escalates to ULTRA HOT Dec 2026. NOT in October pool. Call August-September.
Mediplus (India) Ltd.,CRISIL,Bank Guarantee,A 4,2025-12-12,HOT,ULTRA HOT,2026-12-12,0.75,Other,Other,Standard,D365,INC rating hits ULTRA HOT on 2026-12-12 — prime Q1 2027 renewal target,Your Bank Guarantee at CRISIL goes critical in Dec 2026. Start ACER process in Sep 2026 — before the Q1 rush.,August 2026 (before Dec ULTRA HOT threshold),Currently HOT — escalates to ULTRA HOT Dec 2026. NOT in October pool. Call August-September.
Active Char Products Pvt. Ltd.,ICRA,Non-Fund-Based,A 4,2025-12-12,HOT,ULTRA HOT,2026-12-12,0.5,Other,Other,Standard,D365,INC rating hits ULTRA HOT on 2026-12-12 — prime Q1 2027 renewal target,Your Non-Fund-Based at ICRA goes critical in Dec 2026. Start ACER process in Sep 2026 — before the Q1 rush.,August 2026 (before Dec ULTRA HOT threshold),Currently HOT — escalates to ULTRA HOT Dec 2026. NOT in October pool. Call August-September.
Alphamed Formulations Pvt. Ltd.,CRISIL,Bank Guarantee,A 4,2025-12-12,HOT,ULTRA HOT,2026-12-12,0.3,Other,Other,Standard,D365,INC rating hits ULTRA HOT on 2026-12-12 — prime Q1 2027 renewal target,Your Bank Guarantee at CRISIL goes critical in Dec 2026. Start ACER process in Sep 2026 — before the Q1 rush.,August 2026 (before Dec ULTRA HOT threshold),Currently HOT — escalates to ULTRA HOT Dec 2026. NOT in October pool. Call August-September.
Mediplus (India) Ltd.,CRISIL,Term Loan,B,2025-12-12,HOT,ULTRA HOT,2026-12-12,0.12,Other,Other,Standard,D365,INC rating hits ULTRA HOT on 2026-12-12 — prime Q1 2027 renewal target,Your Term Loan at CRISIL goes critical in Dec 2026. Start ACER process in Sep 2026 — before the Q1 rush.,August 2026 (before Dec ULTRA HOT threshold),Currently HOT — escalates to ULTRA HOT Dec 2026. NOT in October pool. Call August-September.
Rameswar Udyog Pvt. Ltd.,ICRA,Term Loan,B+,2025-12-12,HOT,ULTRA HOT,2026-12-12,0.0,Other,Other,Standard,D365,INC rating hits ULTRA HOT on 2026-12-12 — prime Q1 2027 renewal target,Your Term Loan at ICRA goes critical in Dec 2026. Start ACER process in Sep 2026 — before the Q1 rush.,August 2026 (before Dec ULTRA HOT threshold),Currently HOT — escalates to ULTRA HOT Dec 2026. NOT in October pool. Call August-September.
Rameswar Udyog Pvt. Ltd.,ICRA,Short-Term Loan,A 4,2025-12-12,HOT,ULTRA HOT,2026-12-12,0.0,Other,Other,Standard,D365,INC rating hits ULTRA HOT on 2026-12-12 — prime Q1 2027 renewal target,Your Short-Term Loan at ICRA goes critical in Dec 2026. Start ACER process in Sep 2026 — before the Q1 rush.,August 2026 (before Dec ULTRA HOT threshold),Currently HOT — escalates to ULTRA HOT Dec 2026. NOT in October pool. Call August-September.
T B E A Energy (India) Pvt. Ltd.,BRICKWORK,Non-Fund-Based,A 4,2025-12-15,HOT,ULTRA HOT,2026-12-15,959.34,Energy,Energy,Standard,D365,INC rating hits ULTRA HOT on 2026-12-15 — prime Q1 2027 renewal target,Your Non-Fund-Based at BRICKWORK goes critical in Dec 2026. Start ACER process in Sep 2026 — before the Q1 rush.,August 2026 (before Dec ULTRA HOT threshold),Currently HOT — escalates to ULTRA HOT Dec 2026. NOT in October pool. Call August-September.
T B E A Energy (India) Pvt. Ltd.,BRICKWORK,Fund-Based,B+,2025-12-15,HOT,ULTRA HOT,2026-12-15,393.3,Energy,Energy,Standard,D365,INC rating hits ULTRA HOT on 2026-12-15 — prime Q1 2027 renewal target,Your Fund-Based at BRICKWORK goes critical in Dec 2026. Start ACER process in Sep 2026 — before the Q1 rush.,August 2026 (before Dec ULTRA HOT threshold),Currently HOT — escalates to ULTRA HOT Dec 2026. NOT in October pool. Call August-September.
M R K R Constructions & Inds. Pvt. Ltd.,IND-RA,Fund-Based,A 3,2025-12-15,HOT,ULTRA HOT,2026-12-15,200.0,Construction,Construction,Standard,D365,INC rating hits ULTRA HOT on 2026-12-15 — prime Q1 2027 renewal target,Your Fund-Based at IND-RA goes critical in Dec 2026. Start ACER process in Sep 2026 — before the Q1 rush.,August 2026 (before Dec ULTRA HOT threshold),Currently HOT — escalates to ULTRA HOT Dec 2026. NOT in October pool. Call August-September.
Sirmour Small Hydro Power Pvt. Ltd.,CARE,Term Loan,BB+,2025-12-15,HOT,ULTRA HOT,2026-12-15,160.0,Energy,Energy,Standard,D365,INC rating hits ULTRA HOT on 2026-12-15 — prime Q1 2027 renewal target,Your Term Loan at CARE goes critical in Dec 2026. Start ACER process in Sep 2026 — before the Q1 rush.,August 2026 (before Dec ULTRA HOT threshold),Currently HOT — escalates to ULTRA HOT Dec 2026. NOT in October pool. Call August-September.
GRN Constructions Private Limited,Infomerics,Short Term Bank Facilities,IVR A4+ (INC)(Downgraded),2025-12-15,HOT,ULTRA HOT,2026-12-15,120.0,Construction,Construction,Standard,Infomerics,INC rating hits ULTRA HOT on 2026-12-15 — exclusive Q1 2027 whitespace lead,Your Infomerics INC rating goes critical in Dec 2026. ACER is your best alternative — no competitor has approached you.,August 2026 (before Dec ULTRA HOT threshold),Currently HOT — escalates to ULTRA HOT Dec 2026. NOT in October pool. Call August-September.
Swarnaa Techno Constructions Pvt. Ltd.,BRICKWORK,Non-Fund-Based,A 4,2025-12-15,HOT,ULTRA HOT,2026-12-15,66.0,Construction,Construction,Standard,D365,INC rating hits ULTRA HOT on 2026-12-15 — prime Q1 2027 renewal target,Your Non-Fund-Based at BRICKWORK goes critical in Dec 2026. Start ACER process in Sep 2026 — before the Q1 rush.,August 2026 (before Dec ULTRA HOT threshold),Currently HOT — escalates to ULTRA HOT Dec 2026. NOT in October pool. Call August-September.
Swarnaa Techno Constructions Pvt. Ltd.,BRICKWORK,Fund-Based,BB-,2025-12-15,HOT,ULTRA HOT,2026-12-15,50.84,Construction,Construction,Standard,D365,INC rating hits ULTRA HOT on 2026-12-15 — prime Q1 2027 renewal target,Your Fund-Based at BRICKWORK goes critical in Dec 2026. Start ACER process in Sep 2026 — before the Q1 rush.,August 2026 (before Dec ULTRA HOT threshold),Currently HOT — escalates to ULTRA HOT Dec 2026. NOT in October pool. Call August-September.
GRN Constructions Private Limited,Infomerics,Long Term Bank Facilities,IVR BB+ (INC)(Downgraded),2025-12-15,HOT,ULTRA HOT,2026-12-15,30.0,Construction,Construction,Standard,Infomerics,INC rating hits ULTRA HOT on 2026-12-15 — exclusive Q1 2027 whitespace lead,Your Infomerics INC rating goes critical in Dec 2026. ACER is your best alternative — no competitor has approached you.,August 2026 (before Dec ULTRA HOT threshold),Currently HOT — escalates to ULTRA HOT Dec 2026. NOT in October pool. Call August-September.
3B Films Ltd.,ACUITE,Term Loan,B-,2025-12-15,HOT,ULTRA HOT,2026-12-15,27.6,Other,Other,Standard,D365,INC rating hits ULTRA HOT on 2026-12-15 — prime Q1 2027 renewal target,Your Term Loan at ACUITE goes critical in Dec 2026. Start ACER process in Sep 2026 — before the Q1 rush.,August 2026 (before Dec ULTRA HOT threshold),Currently HOT — escalates to ULTRA HOT Dec 2026. NOT in October pool. Call August-September.
NK Construction Group,Infomerics,Long Term Facilities,IVR B+ (INC) (Downgraded),2025-12-15,HOT,ULTRA HOT,2026-12-15,24.53,Construction,Construction,Standard,Infomerics,INC rating hits ULTRA HOT on 2026-12-15 — exclusive Q1 2027 whitespace lead,Your Infomerics INC rating goes critical in Dec 2026. ACER is your best alternative — no competitor has approached you.,August 2026 (before Dec ULTRA HOT threshold),Currently HOT — escalates to ULTRA HOT Dec 2026. NOT in October pool. Call August-September.
Las Cargo Pvt. Ltd.,BRICKWORK,Bank Guarantee,A 4,2025-12-15,HOT,ULTRA HOT,2026-12-15,16.0,Logistics,Logistics,Standard,D365,INC rating hits ULTRA HOT on 2026-12-15 — prime Q1 2027 renewal target,Your Bank Guarantee at BRICKWORK goes critical in Dec 2026. Start ACER process in Sep 2026 — before the Q1 rush.,August 2026 (before Dec ULTRA HOT threshold),Currently HOT — escalates to ULTRA HOT Dec 2026. NOT in October pool. Call August-September.
Sunder Marketing Associates Pvt. Ltd.,BRICKWORK,Letter of Credit,A 4,2025-12-15,HOT,ULTRA HOT,2026-12-15,6.0,Other,Other,Standard,D365,INC rating hits ULTRA HOT on 2026-12-15 — prime Q1 2027 renewal target,Your Letter of Credit at BRICKWORK goes critical in Dec 2026. Start ACER process in Sep 2026 — before the Q1 rush.,August 2026 (before Dec ULTRA HOT threshold),Currently HOT — escalates to ULTRA HOT Dec 2026. NOT in October pool. Call August-September.
Shri Krupa Services Pvt. Ltd.,BRICKWORK,Bank Guarantee,A 4,2025-12-15,HOT,ULTRA HOT,2026-12-15,4.0,Other,Other,Standard,D365,INC rating hits ULTRA HOT on 2026-12-15 — prime Q1 2027 renewal target,Your Bank Guarantee at BRICKWORK goes critical in Dec 2026. Start ACER process in Sep 2026 — before the Q1 rush.,August 2026 (before Dec ULTRA HOT threshold),Currently HOT — escalates to ULTRA HOT Dec 2026. NOT in October pool. Call August-September.
NK Construction Group,Infomerics,Short Term Facilities,IVR A4 (INC) (Reaffirmed),2025-12-15,HOT,ULTRA HOT,2026-12-15,3.75,Construction,Construction,Standard,Infomerics,INC rating hits ULTRA HOT on 2026-12-15 — exclusive Q1 2027 whitespace lead,Your Infomerics INC rating goes critical in Dec 2026. ACER is your best alternative — no competitor has approached you.,August 2026 (before Dec ULTRA HOT threshold),Currently HOT — escalates to ULTRA HOT Dec 2026. NOT in October pool. Call August-September.
Havukal Tea & Produce Co. Pvt. Ltd.,BRICKWORK,Term Loan,C,2025-12-15,HOT,ULTRA HOT,2026-12-15,3.48,Other,Other,Standard,D365,INC rating hits ULTRA HOT on 2026-12-15 — prime Q1 2027 renewal target,Your Term Loan at BRICKWORK goes critical in Dec 2026. Start ACER process in Sep 2026 — before the Q1 rush.,August 2026 (before Dec ULTRA HOT threshold),Currently HOT — escalates to ULTRA HOT Dec 2026. NOT in October pool. Call August-September.
3B Films Ltd.,ACUITE,Term Loan,B-,2025-12-15,HOT,ULTRA HOT,2026-12-15,1.4,Other,Other,Standard,D365,INC rating hits ULTRA HOT on 2026-12-15 — prime Q1 2027 renewal target,Your Term Loan at ACUITE goes critical in Dec 2026. Start ACER process in Sep 2026 — before the Q1 rush.,August 2026 (before Dec ULTRA HOT threshold),Currently HOT — escalates to ULTRA HOT Dec 2026. NOT in October pool. Call August-September.
Gobind Industries Pvt. Ltd.,BRICKWORK,Term Loan,C,2025-12-15,HOT,ULTRA HOT,2026-12-15,1.09,Other,Manufacturing,Standard,D365,INC rating hits ULTRA HOT on 2026-12-15 — prime Q1 2027 renewal target,Your Term Loan at BRICKWORK goes critical in Dec 2026. Start ACER process in Sep 2026 — before the Q1 rush.,August 2026 (before Dec ULTRA HOT threshold),Currently HOT — escalates to ULTRA HOT Dec 2026. NOT in October pool. Call August-September.
Paul Strips & Tubes Pvt. Ltd.,BRICKWORK,Bank Guarantee,A 4,2025-12-15,HOT,ULTRA HOT,2026-12-15,1.0,Other,Steel & Metals,Standard,D365,INC rating hits ULTRA HOT on 2026-12-15 — prime Q1 2027 renewal target,Your Bank Guarantee at BRICKWORK goes critical in Dec 2026. Start ACER process in Sep 2026 — before the Q1 rush.,August 2026 (before Dec ULTRA HOT threshold),Currently HOT — escalates to ULTRA HOT Dec 2026. NOT in October pool. Call August-September.
Paul Strips & Tubes Pvt. Ltd.,BRICKWORK,Term Loan,C,2025-12-15,HOT,ULTRA HOT,2026-12-15,0.28,Other,Steel & Metals,Standard,D365,INC rating hits ULTRA HOT on 2026-12-15 — prime Q1 2027 renewal target,Your Term Loan at BRICKWORK goes critical in Dec 2026. Start ACER process in Sep 2026 — before the Q1 rush.,August 2026 (before Dec ULTRA HOT threshold),Currently HOT — escalates to ULTRA HOT Dec 2026. NOT in October pool. Call August-September.
Paul Strips & Tubes Pvt. Ltd.,BRICKWORK,Bank Guarantee,A 4,2025-12-15,HOT,ULTRA HOT,2026-12-15,0.0,Other,Steel & Metals,Standard,D365,INC rating hits ULTRA HOT on 2026-12-15 — prime Q1 2027 renewal target,Your Bank Guarantee at BRICKWORK goes critical in Dec 2026. Start ACER process in Sep 2026 — before the Q1 rush.,August 2026 (before Dec ULTRA HOT threshold),Currently HOT — escalates to ULTRA HOT Dec 2026. NOT in October pool. Call August-September.
Shri Rathna Akshaya Estates Private Limited,Infomerics,Long Term Facilities,IVR BBB (INC)(Downgraded),2025-12-16,HOT,ULTRA HOT,2026-12-16,531.08,Other,Other,Standard,Infomerics,INC rating hits ULTRA HOT on 2026-12-16 — exclusive Q1 2027 whitespace lead,Your Infomerics INC rating goes critical in Dec 2026. ACER is your best alternative — no competitor has approached you.,August 2026 (before Dec ULTRA HOT threshold),Currently HOT — escalates to ULTRA HOT Dec 2026. NOT in October pool. Call August-September.
Caliber Mercantile Private Limited,Infomerics,Long Term Facilities,IVR BB (INC) (Downgraded),2025-12-16,HOT,ULTRA HOT,2026-12-16,321.41,Other,Other,Standard,Infomerics,INC rating hits ULTRA HOT on 2026-12-16 — exclusive Q1 2027 whitespace lead,Your Infomerics INC rating goes critical in Dec 2026. ACER is your best alternative — no competitor has approached you.,August 2026 (before Dec ULTRA HOT threshold),Currently HOT — escalates to ULTRA HOT Dec 2026. NOT in October pool. Call August-September.
Siddhartha Engineering Ltd.,CARE,NCD/Bond,C/A4,2025-12-16,HOT,ULTRA HOT,2026-12-16,95.75,Manufacturing,Manufacturing,NCD — SEBI License Required,D365,INC rating hits ULTRA HOT on 2026-12-16 — prime Q1 2027 renewal target,Your NCD/Bond at CARE goes critical in Dec 2026. Start ACER process in Sep 2026 — before the Q1 rush.,August 2026 (before Dec ULTRA HOT threshold),Currently HOT — escalates to ULTRA HOT Dec 2026. NOT in October pool. Call August-September.
N P Infraprojects India Pvt. Ltd.,IND-RA,Fund-Based,A 4+,2025-12-16,HOT,ULTRA HOT,2026-12-16,37.0,Construction,Construction,Standard,D365,INC rating hits ULTRA HOT on 2026-12-16 — prime Q1 2027 renewal target,Your Fund-Based at IND-RA goes critical in Dec 2026. Start ACER process in Sep 2026 — before the Q1 rush.,August 2026 (before Dec ULTRA HOT threshold),Currently HOT — escalates to ULTRA HOT Dec 2026. NOT in October pool. Call August-September.
Caliber Mercantile Private Limited,Infomerics,Short Term Facilities,IVR A4 (INC) (Downgraded),2025-12-16,HOT,ULTRA HOT,2026-12-16,27.0,Other,Other,Standard,Infomerics,INC rating hits ULTRA HOT on 2026-12-16 — exclusive Q1 2027 whitespace lead,Your Infomerics INC rating goes critical in Dec 2026. ACER is your best alternative — no competitor has approached you.,August 2026 (before Dec ULTRA HOT threshold),Currently HOT — escalates to ULTRA HOT Dec 2026. NOT in October pool. Call August-September.
Tehri Pulp & Paper Ltd.,BRICKWORK,Letter of Credit,A 4+,2025-12-16,HOT,ULTRA HOT,2026-12-16,25.0,Paper/Packaging,Paper/Packaging,Standard,D365,INC rating hits ULTRA HOT on 2026-12-16 — prime Q1 2027 renewal target,Your Letter of Credit at BRICKWORK goes critical in Dec 2026. Start ACER process in Sep 2026 — before the Q1 rush.,August 2026 (before Dec ULTRA HOT threshold),Currently HOT — escalates to ULTRA HOT Dec 2026. NOT in October pool. Call August-September.
Navkar Lifesciences,Infomerics,Long Term Bank Facilities,IVR C+ (INC) (Downgraded),2025-12-16,HOT,ULTRA HOT,2026-12-16,22.45,Other,Other,Standard,Infomerics,INC rating hits ULTRA HOT on 2026-12-16 — exclusive Q1 2027 whitespace lead,Your Infomerics INC rating goes critical in Dec 2026. ACER is your best alternative — no competitor has approached you.,August 2026 (before Dec ULTRA HOT threshold),Currently HOT — escalates to ULTRA HOT Dec 2026. NOT in October pool. Call August-September.
Sree Kumar Agro Oils Pvt. Ltd.,BRICKWORK,Fund-Based,B,2025-12-16,HOT,ULTRA HOT,2026-12-16,18.35,Agro/Food,Agro/Food,Standard,D365,INC rating hits ULTRA HOT on 2026-12-16 — prime Q1 2027 renewal target,Your Fund-Based at BRICKWORK goes critical in Dec 2026. Start ACER process in Sep 2026 — before the Q1 rush.,August 2026 (before Dec ULTRA HOT threshold),Currently HOT — escalates to ULTRA HOT Dec 2026. NOT in October pool. Call August-September.
Siddhartha Engineering Ltd.,CARE,Letter of Credit,A 4,2025-12-16,HOT,ULTRA HOT,2026-12-16,15.0,Manufacturing,Manufacturing,Standard,D365,INC rating hits ULTRA HOT on 2026-12-16 — prime Q1 2027 renewal target,Your Letter of Credit at CARE goes critical in Dec 2026. Start ACER process in Sep 2026 — before the Q1 rush.,August 2026 (before Dec ULTRA HOT threshold),Currently HOT — escalates to ULTRA HOT Dec 2026. NOT in October pool. Call August-September.
Kailash Kraft Paper LLP,Infomerics,Proposed Long Term Bank Facility,IVR C (INC) (Downgraded),2025-12-16,HOT,ULTRA HOT,2026-12-16,11.75,Paper/Packaging,Paper/Packaging,Standard,Infomerics,INC rating hits ULTRA HOT on 2026-12-16 — exclusive Q1 2027 whitespace lead,Your Infomerics INC rating goes critical in Dec 2026. ACER is your best alternative — no competitor has approached you.,August 2026 (before Dec ULTRA HOT threshold),Currently HOT — escalates to ULTRA HOT Dec 2026. NOT in October pool. Call August-September.
Shrishaila Electricals (India) Pvt. Ltd.,CARE,Bank Guarantee,A 4,2025-12-16,HOT,ULTRA HOT,2026-12-16,11.0,Energy,Energy,Standard,D365,INC rating hits ULTRA HOT on 2026-12-16 — prime Q1 2027 renewal target,Your Bank Guarantee at CARE goes critical in Dec 2026. Start ACER process in Sep 2026 — before the Q1 rush.,August 2026 (before Dec ULTRA HOT threshold),Currently HOT — escalates to ULTRA HOT Dec 2026. NOT in October pool. Call August-September.
Ultra Mile,Infomerics,Long Term Bank Facilities (incl. Proposed facility),IVR B (INC)(Downgraded),2025-12-16,HOT,ULTRA HOT,2026-12-16,10.8,Other,Other,Standard,Infomerics,INC rating hits ULTRA HOT on 2026-12-16 — exclusive Q1 2027 whitespace lead,Your Infomerics INC rating goes critical in Dec 2026. ACER is your best alternative — no competitor has approached you.,August 2026 (before Dec ULTRA HOT threshold),Currently HOT — escalates to ULTRA HOT Dec 2026. NOT in October pool. Call August-September.
S N Dairy Foods Pvt. Ltd.,ACUITE,Term Loan,B-,2025-12-16,HOT,ULTRA HOT,2026-12-16,6.0,Agro/Food,Agro/Food,Standard,D365,INC rating hits ULTRA HOT on 2026-12-16 — prime Q1 2027 renewal target,Your Term Loan at ACUITE goes critical in Dec 2026. Start ACER process in Sep 2026 — before the Q1 rush.,August 2026 (before Dec ULTRA HOT threshold),Currently HOT — escalates to ULTRA HOT Dec 2026. NOT in October pool. Call August-September.
Abaj Electronics Pvt. Ltd.,ACUITE,Letter of Credit,A 4,2025-12-16,HOT,ULTRA HOT,2026-12-16,6.0,Other,Other,Standard,D365,INC rating hits ULTRA HOT on 2026-12-16 — prime Q1 2027 renewal target,Your Letter of Credit at ACUITE goes critical in Dec 2026. Start ACER process in Sep 2026 — before the Q1 rush.,August 2026 (before Dec ULTRA HOT threshold),Currently HOT — escalates to ULTRA HOT Dec 2026. NOT in October pool. Call August-September.
Morries Energy Ltd.,BRICKWORK,Term Loan,B+,2025-12-16,HOT,ULTRA HOT,2026-12-16,4.37,Energy,Energy,Standard,D365,INC rating hits ULTRA HOT on 2026-12-16 — prime Q1 2027 renewal target,Your Term Loan at BRICKWORK goes critical in Dec 2026. Start ACER process in Sep 2026 — before the Q1 rush.,August 2026 (before Dec ULTRA HOT threshold),Currently HOT — escalates to ULTRA HOT Dec 2026. NOT in October pool. Call August-September.
Babulal Becharbhai Zaveri Golds & Diamonds Pvt. Ltd.,CRISIL,Term Loan,BB-,2025-12-16,HOT,ULTRA HOT,2026-12-16,4.2,Jewellery,Jewellery,Standard,D365,INC rating hits ULTRA HOT on 2026-12-16 — prime Q1 2027 renewal target,Your Term Loan at CRISIL goes critical in Dec 2026. Start ACER process in Sep 2026 — before the Q1 rush.,August 2026 (before Dec ULTRA HOT threshold),Currently HOT — escalates to ULTRA HOT Dec 2026. NOT in October pool. Call August-September.
Manglam Infra & Engg. Ltd.,CRISIL,Bank Guarantee,A 4+,2025-12-16,HOT,ULTRA HOT,2026-12-16,3.0,Construction,Construction,Standard,D365,INC rating hits ULTRA HOT on 2026-12-16 — prime Q1 2027 renewal target,Your Bank Guarantee at CRISIL goes critical in Dec 2026. Start ACER process in Sep 2026 — before the Q1 rush.,August 2026 (before Dec ULTRA HOT threshold),Currently HOT — escalates to ULTRA HOT Dec 2026. NOT in October pool. Call August-September.
Tehri Pulp & Paper Ltd.,BRICKWORK,Bank Guarantee,A 4+,2025-12-16,HOT,ULTRA HOT,2026-12-16,2.75,Paper/Packaging,Paper/Packaging,Standard,D365,INC rating hits ULTRA HOT on 2026-12-16 — prime Q1 2027 renewal target,Your Bank Guarantee at BRICKWORK goes critical in Dec 2026. Start ACER process in Sep 2026 — before the Q1 rush.,August 2026 (before Dec ULTRA HOT threshold),Currently HOT — escalates to ULTRA HOT Dec 2026. NOT in October pool. Call August-September.
Siyaram Recycling Inds. Ltd.,BRICKWORK,Fund-Based,B,2025-12-16,HOT,ULTRA HOT,2026-12-16,2.54,Other,Other,Standard,D365,INC rating hits ULTRA HOT on 2026-12-16 — prime Q1 2027 renewal target,Your Fund-Based at BRICKWORK goes critical in Dec 2026. Start ACER process in Sep 2026 — before the Q1 rush.,August 2026 (before Dec ULTRA HOT threshold),Currently HOT — escalates to ULTRA HOT Dec 2026. NOT in October pool. Call August-September.
Babulal Becharbhai Zaveri Golds & Diamonds Pvt. Ltd.,CRISIL,Term Loan,BB-,2025-12-16,HOT,ULTRA HOT,2026-12-16,2.3,Jewellery,Jewellery,Standard,D365,INC rating hits ULTRA HOT on 2026-12-16 — prime Q1 2027 renewal target,Your Term Loan at CRISIL goes critical in Dec 2026. Start ACER process in Sep 2026 — before the Q1 rush.,August 2026 (before Dec ULTRA HOT threshold),Currently HOT — escalates to ULTRA HOT Dec 2026. NOT in October pool. Call August-September.
Ultra Mile,Infomerics,Short Term Bank Facilities,IVR A4 (INC)(Reaffirmed),2025-12-16,HOT,ULTRA HOT,2026-12-16,2.2,Other,Other,Standard,Infomerics,INC rating hits ULTRA HOT on 2026-12-16 — exclusive Q1 2027 whitespace lead,Your Infomerics INC rating goes critical in Dec 2026. ACER is your best alternative — no competitor has approached you.,August 2026 (before Dec ULTRA HOT threshold),Currently HOT — escalates to ULTRA HOT Dec 2026. NOT in October pool. Call August-September.
Kailash Kraft Paper LLP,Infomerics,Proposed Short Term Bank Facility,IVR A4 (INC) (Reaffirmed),2025-12-16,HOT,ULTRA HOT,2026-12-16,0.6,Paper/Packaging,Paper/Packaging,Standard,Infomerics,INC rating hits ULTRA HOT on 2026-12-16 — exclusive Q1 2027 whitespace lead,Your Infomerics INC rating goes critical in Dec 2026. ACER is your best alternative — no competitor has approached you.,August 2026 (before Dec ULTRA HOT threshold),Currently HOT — escalates to ULTRA HOT Dec 2026. NOT in October pool. Call August-September.
Manglam Infra & Engg. Ltd.,CRISIL,Fund-Based,BB+,2025-12-16,HOT,ULTRA HOT,2026-12-16,0.3,Construction,Construction,Standard,D365,INC rating hits ULTRA HOT on 2026-12-16 — prime Q1 2027 renewal target,Your Fund-Based at CRISIL goes critical in Dec 2026. Start ACER process in Sep 2026 — before the Q1 rush.,August 2026 (before Dec ULTRA HOT threshold),Currently HOT — escalates to ULTRA HOT Dec 2026. NOT in October pool. Call August-September.
Minesh Prints Ltd.,ACUITE,Term Loan,B-,2025-12-16,HOT,ULTRA HOT,2026-12-16,0.23,Other,Other,Standard,D365,INC rating hits ULTRA HOT on 2026-12-16 — prime Q1 2027 renewal target,Your Term Loan at ACUITE goes critical in Dec 2026. Start ACER process in Sep 2026 — before the Q1 rush.,August 2026 (before Dec ULTRA HOT threshold),Currently HOT — escalates to ULTRA HOT Dec 2026. NOT in October pool. Call August-September.
Siyaram Recycling Inds. Ltd.,BRICKWORK,Term Loan,B,2025-12-16,HOT,ULTRA HOT,2026-12-16,0.19,Other,Other,Standard,D365,INC rating hits ULTRA HOT on 2026-12-16 — prime Q1 2027 renewal target,Your Term Loan at BRICKWORK goes critical in Dec 2026. Start ACER process in Sep 2026 — before the Q1 rush.,August 2026 (before Dec ULTRA HOT threshold),Currently HOT — escalates to ULTRA HOT Dec 2026. NOT in October pool. Call August-September.
Minesh Prints Ltd.,ACUITE,Term Loan,B-,2025-12-16,HOT,ULTRA HOT,2026-12-16,0.12,Other,Other,Standard,D365,INC rating hits ULTRA HOT on 2026-12-16 — prime Q1 2027 renewal target,Your Term Loan at ACUITE goes critical in Dec 2026. Start ACER process in Sep 2026 — before the Q1 rush.,August 2026 (before Dec ULTRA HOT threshold),Currently HOT — escalates to ULTRA HOT Dec 2026. NOT in October pool. Call August-September.
Morries Energy Ltd.,BRICKWORK,Bank Guarantee,A 4,2025-12-16,HOT,ULTRA HOT,2026-12-16,0.09,Energy,Energy,Standard,D365,INC rating hits ULTRA HOT on 2026-12-16 — prime Q1 2027 renewal target,Your Bank Guarantee at BRICKWORK goes critical in Dec 2026. Start ACER process in Sep 2026 — before the Q1 rush.,August 2026 (before Dec ULTRA HOT threshold),Currently HOT — escalates to ULTRA HOT Dec 2026. NOT in October pool. Call August-September.
P N Gawande Gng. Prsg. & Oil Mill Pvt. Ltd.,CARE,Fund-Based,B-,2025-12-16,HOT,ULTRA HOT,2026-12-16,0.0,Agro/Food,Agro/Food,Standard,D365,INC rating hits ULTRA HOT on 2026-12-16 — prime Q1 2027 renewal target,Your Fund-Based at CARE goes critical in Dec 2026. Start ACER process in Sep 2026 — before the Q1 rush.,August 2026 (before Dec ULTRA HOT threshold),Currently HOT — escalates to ULTRA HOT Dec 2026. NOT in October pool. Call August-September.
P N Gawande Gng. Prsg. & Oil Mill Pvt. Ltd.,CARE,Term Loan,B-,2025-12-16,HOT,ULTRA HOT,2026-12-16,0.0,Agro/Food,Agro/Food,Standard,D365,INC rating hits ULTRA HOT on 2026-12-16 — prime Q1 2027 renewal target,Your Term Loan at CARE goes critical in Dec 2026. Start ACER process in Sep 2026 — before the Q1 rush.,August 2026 (before Dec ULTRA HOT threshold),Currently HOT — escalates to ULTRA HOT Dec 2026. NOT in October pool. Call August-September.
Siyaram Recycling Inds. Ltd.,BRICKWORK,Letter of Credit,A 4,2025-12-16,HOT,ULTRA HOT,2026-12-16,0.0,Other,Other,Standard,D365,INC rating hits ULTRA HOT on 2026-12-16 — prime Q1 2027 renewal target,Your Letter of Credit at BRICKWORK goes critical in Dec 2026. Start ACER process in Sep 2026 — before the Q1 rush.,August 2026 (before Dec ULTRA HOT threshold),Currently HOT — escalates to ULTRA HOT Dec 2026. NOT in October pool. Call August-September.
H E S Infra Ltd.,IND-RA,Fund-Based,A 4+,2025-12-17,HOT,ULTRA HOT,2026-12-17,802.0,Construction,Construction,Standard,D365,INC rating hits ULTRA HOT on 2026-12-17 — prime Q1 2027 renewal target,Your Fund-Based at IND-RA goes critical in Dec 2026. Start ACER process in Sep 2026 — before the Q1 rush.,August 2026 (before Dec ULTRA HOT threshold),Currently HOT — escalates to ULTRA HOT Dec 2026. NOT in October pool. Call August-September.
H E S Infra Ltd.,IND-RA,Fund-Based,A 4+,2025-12-17,HOT,ULTRA HOT,2026-12-17,289.0,Construction,Construction,Standard,D365,INC rating hits ULTRA HOT on 2026-12-17 — prime Q1 2027 renewal target,Your Fund-Based at IND-RA goes critical in Dec 2026. Start ACER process in Sep 2026 — before the Q1 rush.,August 2026 (before Dec ULTRA HOT threshold),Currently HOT — escalates to ULTRA HOT Dec 2026. NOT in October pool. Call August-September.
P C Patel Infra Pvt. Ltd.,BRICKWORK,Bank Guarantee,A 4,2025-12-17,HOT,ULTRA HOT,2026-12-17,135.0,Construction,Construction,Standard,D365,INC rating hits ULTRA HOT on 2026-12-17 — prime Q1 2027 renewal target,Your Bank Guarantee at BRICKWORK goes critical in Dec 2026. Start ACER process in Sep 2026 — before the Q1 rush.,August 2026 (before Dec ULTRA HOT threshold),Currently HOT — escalates to ULTRA HOT Dec 2026. NOT in October pool. Call August-September.
Waterfront Constructions Pvt. Ltd.,BRICKWORK,Bank Guarantee,A 4,2025-12-17,HOT,ULTRA HOT,2026-12-17,60.0,Construction,Construction,Standard,D365,INC rating hits ULTRA HOT on 2026-12-17 — prime Q1 2027 renewal target,Your Bank Guarantee at BRICKWORK goes critical in Dec 2026. Start ACER process in Sep 2026 — before the Q1 rush.,August 2026 (before Dec ULTRA HOT threshold),Currently HOT — escalates to ULTRA HOT Dec 2026. NOT in October pool. Call August-September.
Satyadeeptha Pharmaceuticals Ltd.,ICRA,Term Loan,BB+,2025-12-17,HOT,ULTRA HOT,2026-12-17,43.37,Chemicals/Pharma,Chemicals/Pharma,Standard,D365,INC rating hits ULTRA HOT on 2026-12-17 — prime Q1 2027 renewal target,Your Term Loan at ICRA goes critical in Dec 2026. Start ACER process in Sep 2026 — before the Q1 rush.,August 2026 (before Dec ULTRA HOT threshold),Currently HOT — escalates to ULTRA HOT Dec 2026. NOT in October pool. Call August-September.
Eurocoustic Products Ltd.,CRISIL,Non-Fund-Based,A 4+,2025-12-17,HOT,ULTRA HOT,2026-12-17,40.0,Other,Other,Standard,D365,INC rating hits ULTRA HOT on 2026-12-17 — prime Q1 2027 renewal target,Your Non-Fund-Based at CRISIL goes critical in Dec 2026. Start ACER process in Sep 2026 — before the Q1 rush.,August 2026 (before Dec ULTRA HOT threshold),Currently HOT — escalates to ULTRA HOT Dec 2026. NOT in October pool. Call August-September.
B P R Infrastructure Pvt. Ltd.,BRICKWORK,Bank Guarantee,BB-,2025-12-17,HOT,ULTRA HOT,2026-12-17,35.0,Construction,Construction,Standard,D365,INC rating hits ULTRA HOT on 2026-12-17 — prime Q1 2027 renewal target,Your Bank Guarantee at BRICKWORK goes critical in Dec 2026. Start ACER process in Sep 2026 — before the Q1 rush.,August 2026 (before Dec ULTRA HOT threshold),Currently HOT — escalates to ULTRA HOT Dec 2026. NOT in October pool. Call August-September.
Chain-Sys Software Exports Pvt. Ltd.,CRISIL,Term Loan,BB-,2025-12-17,HOT,ULTRA HOT,2026-12-17,32.0,IT/Technology,IT/Technology,Standard,D365,INC rating hits ULTRA HOT on 2026-12-17 — prime Q1 2027 renewal target,Your Term Loan at CRISIL goes critical in Dec 2026. Start ACER process in Sep 2026 — before the Q1 rush.,August 2026 (before Dec ULTRA HOT threshold),Currently HOT — escalates to ULTRA HOT Dec 2026. NOT in October pool. Call August-September.
Wadia Techno-Engineering Services Ltd.,BRICKWORK,Bank Guarantee,A 4,2025-12-17,HOT,ULTRA HOT,2026-12-17,30.0,Manufacturing,Manufacturing,Standard,D365,INC rating hits ULTRA HOT on 2026-12-17 — prime Q1 2027 renewal target,Your Bank Guarantee at BRICKWORK goes critical in Dec 2026. Start ACER process in Sep 2026 — before the Q1 rush.,August 2026 (before Dec ULTRA HOT threshold),Currently HOT — escalates to ULTRA HOT Dec 2026. NOT in October pool. Call August-September.
General Petrochemicals Pvt. Ltd.,CARE,Term Loan,BB-,2025-12-17,HOT,ULTRA HOT,2026-12-17,25.13,Chemicals/Pharma,Chemicals/Pharma,Standard,D365,INC rating hits ULTRA HOT on 2026-12-17 — prime Q1 2027 renewal target,Your Term Loan at CARE goes critical in Dec 2026. Start ACER process in Sep 2026 — before the Q1 rush.,August 2026 (before Dec ULTRA HOT threshold),Currently HOT — escalates to ULTRA HOT Dec 2026. NOT in October pool. Call August-September.
Tirumala Seven Hills Pvt. Ltd.,ICRA,Non-Fund-Based,A 4,2025-12-17,HOT,ULTRA HOT,2026-12-17,23.0,Other,Other,Standard,D365,INC rating hits ULTRA HOT on 2026-12-17 — prime Q1 2027 renewal target,Your Non-Fund-Based at ICRA goes critical in Dec 2026. Start ACER process in Sep 2026 — before the Q1 rush.,August 2026 (before Dec ULTRA HOT threshold),Currently HOT — escalates to ULTRA HOT Dec 2026. NOT in October pool. Call August-September.
B P R Infrastructure Pvt. Ltd.,BRICKWORK,Bank Guarantee,A 4,2025-12-17,HOT,ULTRA HOT,2026-12-17,20.0,Construction,Construction,Standard,D365,INC rating hits ULTRA HOT on 2026-12-17 — prime Q1 2027 renewal target,Your Bank Guarantee at BRICKWORK goes critical in Dec 2026. Start ACER process in Sep 2026 — before the Q1 rush.,August 2026 (before Dec ULTRA HOT threshold),Currently HOT — escalates to ULTRA HOT Dec 2026. NOT in October pool. Call August-September.
Ostern Pvt. Ltd.,CRISIL,Term Loan,B+,2025-12-17,HOT,ULTRA HOT,2026-12-17,17.4,Other,Other,Standard,D365,INC rating hits ULTRA HOT on 2026-12-17 — prime Q1 2027 renewal target,Your Term Loan at CRISIL goes critical in Dec 2026. Start ACER process in Sep 2026 — before the Q1 rush.,August 2026 (before Dec ULTRA HOT threshold),Currently HOT — escalates to ULTRA HOT Dec 2026. NOT in October pool. Call August-September.
Eurocoustic Products Ltd.,CRISIL,Fund-Based,BB+,2025-12-17,HOT,ULTRA HOT,2026-12-17,10.0,Other,Other,Standard,D365,INC rating hits ULTRA HOT on 2026-12-17 — prime Q1 2027 renewal target,Your Fund-Based at CRISIL goes critical in Dec 2026. Start ACER process in Sep 2026 — before the Q1 rush.,August 2026 (before Dec ULTRA HOT threshold),Currently HOT — escalates to ULTRA HOT Dec 2026. NOT in October pool. Call August-September.
Satyadeeptha Pharmaceuticals Ltd.,ICRA,Non-Fund-Based,A 4+,2025-12-17,HOT,ULTRA HOT,2026-12-17,10.0,Chemicals/Pharma,Chemicals/Pharma,Standard,D365,INC rating hits ULTRA HOT on 2026-12-17 — prime Q1 2027 renewal target,Your Non-Fund-Based at ICRA goes critical in Dec 2026. Start ACER process in Sep 2026 — before the Q1 rush.,August 2026 (before Dec ULTRA HOT threshold),Currently HOT — escalates to ULTRA HOT Dec 2026. NOT in October pool. Call August-September.
Vipul Chemicals (India) Pvt. Ltd.,CRISIL,Letter of Credit,A 4,2025-12-17,HOT,ULTRA HOT,2026-12-17,8.5,Chemicals/Pharma,Chemicals/Pharma,Standard,D365,INC rating hits ULTRA HOT on 2026-12-17 — prime Q1 2027 renewal target,Your Letter of Credit at CRISIL goes critical in Dec 2026. Start ACER process in Sep 2026 — before the Q1 rush.,August 2026 (before Dec ULTRA HOT threshold),Currently HOT — escalates to ULTRA HOT Dec 2026. NOT in October pool. Call August-September.
Samkit Diamond Export Pvt. Ltd.,ICRA,NCD/Bond,B/A4,2025-12-17,HOT,ULTRA HOT,2026-12-17,8.0,Jewellery,Jewellery,NCD — SEBI License Required,D365,INC rating hits ULTRA HOT on 2026-12-17 — prime Q1 2027 renewal target,Your NCD/Bond at ICRA goes critical in Dec 2026. Start ACER process in Sep 2026 — before the Q1 rush.,August 2026 (before Dec ULTRA HOT threshold),Currently HOT — escalates to ULTRA HOT Dec 2026. NOT in October pool. Call August-September.
Satyadeeptha Pharmaceuticals Ltd.,ICRA,NCD/Bond,BB+/A4+,2025-12-17,HOT,ULTRA HOT,2026-12-17,5.63,Chemicals/Pharma,Chemicals/Pharma,NCD — SEBI License Required,D365,INC rating hits ULTRA HOT on 2026-12-17 — prime Q1 2027 renewal target,Your NCD/Bond at ICRA goes critical in Dec 2026. Start ACER process in Sep 2026 — before the Q1 rush.,August 2026 (before Dec ULTRA HOT threshold),Currently HOT — escalates to ULTRA HOT Dec 2026. NOT in October pool. Call August-September.
Lahoti Motors Pvt. Ltd.,CRISIL,Term Loan,B,2025-12-17,HOT,ULTRA HOT,2026-12-17,5.5,Other,Automobiles,Standard,D365,INC rating hits ULTRA HOT on 2026-12-17 — prime Q1 2027 renewal target,Your Term Loan at CRISIL goes critical in Dec 2026. Start ACER process in Sep 2026 — before the Q1 rush.,August 2026 (before Dec ULTRA HOT threshold),Currently HOT — escalates to ULTRA HOT Dec 2026. NOT in October pool. Call August-September.
Sai Primus Lifebiotech Pvt. Ltd.,CRISIL,Term Loan,BB+,2025-12-17,HOT,ULTRA HOT,2026-12-17,5.25,IT/Technology,IT/Technology,Standard,D365,INC rating hits ULTRA HOT on 2026-12-17 — prime Q1 2027 renewal target,Your Term Loan at CRISIL goes critical in Dec 2026. Start ACER process in Sep 2026 — before the Q1 rush.,August 2026 (before Dec ULTRA HOT threshold),Currently HOT — escalates to ULTRA HOT Dec 2026. NOT in October pool. Call August-September.
Sumip Composites Pvt. Ltd.,CRISIL,Bank Guarantee,A 4,2025-12-17,HOT,ULTRA HOT,2026-12-17,5.0,Other,Other,Standard,D365,INC rating hits ULTRA HOT on 2026-12-17 — prime Q1 2027 renewal target,Your Bank Guarantee at CRISIL goes critical in Dec 2026. Start ACER process in Sep 2026 — before the Q1 rush.,August 2026 (before Dec ULTRA HOT threshold),Currently HOT — escalates to ULTRA HOT Dec 2026. NOT in October pool. Call August-September.
Moreshwar Trading Co. Pvt. Ltd.,CRISIL,Term Loan,B,2025-12-17,HOT,ULTRA HOT,2026-12-17,4.75,Other,Trading/Exports,Standard,D365,INC rating hits ULTRA HOT on 2026-12-17 — prime Q1 2027 renewal target,Your Term Loan at CRISIL goes critical in Dec 2026. Start ACER process in Sep 2026 — before the Q1 rush.,August 2026 (before Dec ULTRA HOT threshold),Currently HOT — escalates to ULTRA HOT Dec 2026. NOT in October pool. Call August-September.
Sumip Composites Pvt. Ltd.,CRISIL,Term Loan,B+,2025-12-17,HOT,ULTRA HOT,2026-12-17,4.6,Other,Other,Standard,D365,INC rating hits ULTRA HOT on 2026-12-17 — prime Q1 2027 renewal target,Your Term Loan at CRISIL goes critical in Dec 2026. Start ACER process in Sep 2026 — before the Q1 rush.,August 2026 (before Dec ULTRA HOT threshold),Currently HOT — escalates to ULTRA HOT Dec 2026. NOT in October pool. Call August-September.
Progressive Fertichem Pvt. Ltd.,CRISIL,Letter of Credit,A 4,2025-12-17,HOT,ULTRA HOT,2026-12-17,4.0,Chemicals/Pharma,Chemicals/Pharma,Standard,D365,INC rating hits ULTRA HOT on 2026-12-17 — prime Q1 2027 renewal target,Your Letter of Credit at CRISIL goes critical in Dec 2026. Start ACER process in Sep 2026 — before the Q1 rush.,August 2026 (before Dec ULTRA HOT threshold),Currently HOT — escalates to ULTRA HOT Dec 2026. NOT in October pool. Call August-September.
Vishva Vishal Refractory Ltd.,ICRA,Non-Fund-Based,A 4,2025-12-17,HOT,ULTRA HOT,2026-12-17,4.0,Other,Other,Standard,D365,INC rating hits ULTRA HOT on 2026-12-17 — prime Q1 2027 renewal target,Your Non-Fund-Based at ICRA goes critical in Dec 2026. Start ACER process in Sep 2026 — before the Q1 rush.,August 2026 (before Dec ULTRA HOT threshold),Currently HOT — escalates to ULTRA HOT Dec 2026. NOT in October pool. Call August-September.
Mahesh Sunny Enterprises Pvt. Ltd.,ACUITE,Bank Guarantee,A 4,2025-12-17,HOT,ULTRA HOT,2026-12-17,3.74,Other,Other,Standard,D365,INC rating hits ULTRA HOT on 2026-12-17 — prime Q1 2027 renewal target,Your Bank Guarantee at ACUITE goes critical in Dec 2026. Start ACER process in Sep 2026 — before the Q1 rush.,August 2026 (before Dec ULTRA HOT threshold),Currently HOT — escalates to ULTRA HOT Dec 2026. NOT in October pool. Call August-September.
Pavan Cotton Products Pvt. Ltd.,ICRA,Term Loan,B,2025-12-17,HOT,ULTRA HOT,2026-12-17,3.64,Agro/Food,Agro/Food,Standard,D365,INC rating hits ULTRA HOT on 2026-12-17 — prime Q1 2027 renewal target,Your Term Loan at ICRA goes critical in Dec 2026. Start ACER process in Sep 2026 — before the Q1 rush.,August 2026 (before Dec ULTRA HOT threshold),Currently HOT — escalates to ULTRA HOT Dec 2026. NOT in October pool. Call August-September.
Ostern Pvt. Ltd.,CRISIL,Term Loan,B+,2025-12-17,HOT,ULTRA HOT,2026-12-17,3.35,Other,Other,Standard,D365,INC rating hits ULTRA HOT on 2026-12-17 — prime Q1 2027 renewal target,Your Term Loan at CRISIL goes critical in Dec 2026. Start ACER process in Sep 2026 — before the Q1 rush.,August 2026 (before Dec ULTRA HOT threshold),Currently HOT — escalates to ULTRA HOT Dec 2026. NOT in October pool. Call August-September.
Sumip Composites Pvt. Ltd.,CRISIL,Term Loan,B+,2025-12-17,HOT,ULTRA HOT,2026-12-17,3.3,Other,Other,Standard,D365,INC rating hits ULTRA HOT on 2026-12-17 — prime Q1 2027 renewal target,Your Term Loan at CRISIL goes critical in Dec 2026. Start ACER process in Sep 2026 — before the Q1 rush.,August 2026 (before Dec ULTRA HOT threshold),Currently HOT — escalates to ULTRA HOT Dec 2026. NOT in October pool. Call August-September.
Crescent Tanners Pvt. Ltd.,BRICKWORK,Letter of Credit,A 4,2025-12-17,HOT,ULTRA HOT,2026-12-17,3.2,Other,Other,Standard,D365,INC rating hits ULTRA HOT on 2026-12-17 — prime Q1 2027 renewal target,Your Letter of Credit at BRICKWORK goes critical in Dec 2026. Start ACER process in Sep 2026 — before the Q1 rush.,August 2026 (before Dec ULTRA HOT threshold),Currently HOT — escalates to ULTRA HOT Dec 2026. NOT in October pool. Call August-September.
P C Patel Infra Pvt. Ltd.,BRICKWORK,Term Loan,BB-,2025-12-17,HOT,ULTRA HOT,2026-12-17,3.0,Construction,Construction,Standard,D365,INC rating hits ULTRA HOT on 2026-12-17 — prime Q1 2027 renewal target,Your Term Loan at BRICKWORK goes critical in Dec 2026. Start ACER process in Sep 2026 — before the Q1 rush.,August 2026 (before Dec ULTRA HOT threshold),Currently HOT — escalates to ULTRA HOT Dec 2026. NOT in October pool. Call August-September.
Vishva Vishal Refractory Ltd.,ICRA,Term Loan,BB,2025-12-17,HOT,ULTRA HOT,2026-12-17,2.5,Other,Other,Standard,D365,INC rating hits ULTRA HOT on 2026-12-17 — prime Q1 2027 renewal target,Your Term Loan at ICRA goes critical in Dec 2026. Start ACER process in Sep 2026 — before the Q1 rush.,August 2026 (before Dec ULTRA HOT threshold),Currently HOT — escalates to ULTRA HOT Dec 2026. NOT in October pool. Call August-September.
Pentagon Forge & Machine Ltd.,CRISIL,Term Loan,B,2025-12-17,HOT,ULTRA HOT,2026-12-17,2.45,Manufacturing,Manufacturing,Standard,D365,INC rating hits ULTRA HOT on 2026-12-17 — prime Q1 2027 renewal target,Your Term Loan at CRISIL goes critical in Dec 2026. Start ACER process in Sep 2026 — before the Q1 rush.,August 2026 (before Dec ULTRA HOT threshold),Currently HOT — escalates to ULTRA HOT Dec 2026. NOT in October pool. Call August-September.
Marino Cables India Pvt. Ltd.,ACUITE,Bank Guarantee,A 4,2025-12-17,HOT,ULTRA HOT,2026-12-17,2.0,Other,Other,Standard,D365,INC rating hits ULTRA HOT on 2026-12-17 — prime Q1 2027 renewal target,Your Bank Guarantee at ACUITE goes critical in Dec 2026. Start ACER process in Sep 2026 — before the Q1 rush.,August 2026 (before Dec ULTRA HOT threshold),Currently HOT — escalates to ULTRA HOT Dec 2026. NOT in October pool. Call August-September.
B P R Infrastructure Pvt. Ltd.,BRICKWORK,Fund-Based,BB-,2025-12-17,HOT,ULTRA HOT,2026-12-17,1.84,Construction,Construction,Standard,D365,INC rating hits ULTRA HOT on 2026-12-17 — prime Q1 2027 renewal target,Your Fund-Based at BRICKWORK goes critical in Dec 2026. Start ACER process in Sep 2026 — before the Q1 rush.,August 2026 (before Dec ULTRA HOT threshold),Currently HOT — escalates to ULTRA HOT Dec 2026. NOT in October pool. Call August-September.
Ostern Pvt. Ltd.,CRISIL,Letter of Credit,A 4,2025-12-17,HOT,ULTRA HOT,2026-12-17,1.75,Other,Other,Standard,D365,INC rating hits ULTRA HOT on 2026-12-17 — prime Q1 2027 renewal target,Your Letter of Credit at CRISIL goes critical in Dec 2026. Start ACER process in Sep 2026 — before the Q1 rush.,August 2026 (before Dec ULTRA HOT threshold),Currently HOT — escalates to ULTRA HOT Dec 2026. NOT in October pool. Call August-September.
Lahoti Motors Pvt. Ltd.,CRISIL,Bank Guarantee,A 4,2025-12-17,HOT,ULTRA HOT,2026-12-17,1.5,Other,Automobiles,Standard,D365,INC rating hits ULTRA HOT on 2026-12-17 — prime Q1 2027 renewal target,Your Bank Guarantee at CRISIL goes critical in Dec 2026. Start ACER process in Sep 2026 — before the Q1 rush.,August 2026 (before Dec ULTRA HOT threshold),Currently HOT — escalates to ULTRA HOT Dec 2026. NOT in October pool. Call August-September.
Mahesh Sunny Enterprises Pvt. Ltd.,ACUITE,Term Loan,B-,2025-12-17,HOT,ULTRA HOT,2026-12-17,1.38,Other,Other,Standard,D365,INC rating hits ULTRA HOT on 2026-12-17 — prime Q1 2027 renewal target,Your Term Loan at ACUITE goes critical in Dec 2026. Start ACER process in Sep 2026 — before the Q1 rush.,August 2026 (before Dec ULTRA HOT threshold),Currently HOT — escalates to ULTRA HOT Dec 2026. NOT in October pool. Call August-September.
Progressive Fertichem Pvt. Ltd.,CRISIL,Bank Guarantee,A 4,2025-12-17,HOT,ULTRA HOT,2026-12-17,1.2,Chemicals/Pharma,Chemicals/Pharma,Standard,D365,INC rating hits ULTRA HOT on 2026-12-17 — prime Q1 2027 renewal target,Your Bank Guarantee at CRISIL goes critical in Dec 2026. Start ACER process in Sep 2026 — before the Q1 rush.,August 2026 (before Dec ULTRA HOT threshold),Currently HOT — escalates to ULTRA HOT Dec 2026. NOT in October pool. Call August-September.
Progressive Fertichem Pvt. Ltd.,CRISIL,Term Loan,B+,2025-12-17,HOT,ULTRA HOT,2026-12-17,1.2,Chemicals/Pharma,Chemicals/Pharma,Standard,D365,INC rating hits ULTRA HOT on 2026-12-17 — prime Q1 2027 renewal target,Your Term Loan at CRISIL goes critical in Dec 2026. Start ACER process in Sep 2026 — before the Q1 rush.,August 2026 (before Dec ULTRA HOT threshold),Currently HOT — escalates to ULTRA HOT Dec 2026. NOT in October pool. Call August-September.
Samkit Diamond Export Pvt. Ltd.,ICRA,NCD/Bond,B/A4,2025-12-17,HOT,ULTRA HOT,2026-12-17,1.02,Jewellery,Jewellery,NCD — SEBI License Required,D365,INC rating hits ULTRA HOT on 2026-12-17 — prime Q1 2027 renewal target,Your NCD/Bond at ICRA goes critical in Dec 2026. Start ACER process in Sep 2026 — before the Q1 rush.,August 2026 (before Dec ULTRA HOT threshold),Currently HOT — escalates to ULTRA HOT Dec 2026. NOT in October pool. Call August-September.
Fenasia Ltd.,CARE,NCD/Bond,A 4,2025-12-17,HOT,ULTRA HOT,2026-12-17,1.0,Other,Other,NCD — SEBI License Required,D365,INC rating hits ULTRA HOT on 2026-12-17 — prime Q1 2027 renewal target,Your NCD/Bond at CARE goes critical in Dec 2026. Start ACER process in Sep 2026 — before the Q1 rush.,August 2026 (before Dec ULTRA HOT threshold),Currently HOT — escalates to ULTRA HOT Dec 2026. NOT in October pool. Call August-September.
Tirumala Seven Hills Pvt. Ltd.,ICRA,NCD/Bond,B+/A4,2025-12-17,HOT,ULTRA HOT,2026-12-17,1.0,Other,Other,NCD — SEBI License Required,D365,INC rating hits ULTRA HOT on 2026-12-17 — prime Q1 2027 renewal target,Your NCD/Bond at ICRA goes critical in Dec 2026. Start ACER process in Sep 2026 — before the Q1 rush.,August 2026 (before Dec ULTRA HOT threshold),Currently HOT — escalates to ULTRA HOT Dec 2026. NOT in October pool. Call August-September.
Samkit Diamond Export Pvt. Ltd.,ICRA,Non-Fund-Based,A 4,2025-12-17,HOT,ULTRA HOT,2026-12-17,0.98,Jewellery,Jewellery,Standard,D365,INC rating hits ULTRA HOT on 2026-12-17 — prime Q1 2027 renewal target,Your Non-Fund-Based at ICRA goes critical in Dec 2026. Start ACER process in Sep 2026 — before the Q1 rush.,August 2026 (before Dec ULTRA HOT threshold),Currently HOT — escalates to ULTRA HOT Dec 2026. NOT in October pool. Call August-September.
Pentagon Forge & Machine Ltd.,CRISIL,Term Loan,B,2025-12-17,HOT,ULTRA HOT,2026-12-17,0.97,Manufacturing,Manufacturing,Standard,D365,INC rating hits ULTRA HOT on 2026-12-17 — prime Q1 2027 renewal target,Your Term Loan at CRISIL goes critical in Dec 2026. Start ACER process in Sep 2026 — before the Q1 rush.,August 2026 (before Dec ULTRA HOT threshold),Currently HOT — escalates to ULTRA HOT Dec 2026. NOT in October pool. Call August-September.
Crescent Tanners Pvt. Ltd.,BRICKWORK,Bank Guarantee,A 4,2025-12-17,HOT,ULTRA HOT,2026-12-17,0.5,Other,Other,Standard,D365,INC rating hits ULTRA HOT on 2026-12-17 — prime Q1 2027 renewal target,Your Bank Guarantee at BRICKWORK goes critical in Dec 2026. Start ACER process in Sep 2026 — before the Q1 rush.,August 2026 (before Dec ULTRA HOT threshold),Currently HOT — escalates to ULTRA HOT Dec 2026. NOT in October pool. Call August-September.
Ostern Pvt. Ltd.,CRISIL,Bank Guarantee,A 4,2025-12-17,HOT,ULTRA HOT,2026-12-17,0.5,Other,Other,Standard,D365,INC rating hits ULTRA HOT on 2026-12-17 — prime Q1 2027 renewal target,Your Bank Guarantee at CRISIL goes critical in Dec 2026. Start ACER process in Sep 2026 — before the Q1 rush.,August 2026 (before Dec ULTRA HOT threshold),Currently HOT — escalates to ULTRA HOT Dec 2026. NOT in October pool. Call August-September.
General Petrochemicals Pvt. Ltd.,CARE,Bank Guarantee,A 4,2025-12-17,HOT,ULTRA HOT,2026-12-17,0.46,Chemicals/Pharma,Chemicals/Pharma,Standard,D365,INC rating hits ULTRA HOT on 2026-12-17 — prime Q1 2027 renewal target,Your Bank Guarantee at CARE goes critical in Dec 2026. Start ACER process in Sep 2026 — before the Q1 rush.,August 2026 (before Dec ULTRA HOT threshold),Currently HOT — escalates to ULTRA HOT Dec 2026. NOT in October pool. Call August-September.
Utkal Metallics Ltd.,BRICKWORK,Bank Guarantee,A 4,2025-12-17,HOT,ULTRA HOT,2026-12-17,0.4,Steel & Metals,Steel & Metals,Standard,D365,INC rating hits ULTRA HOT on 2026-12-17 — prime Q1 2027 renewal target,Your Bank Guarantee at BRICKWORK goes critical in Dec 2026. Start ACER process in Sep 2026 — before the Q1 rush.,August 2026 (before Dec ULTRA HOT threshold),Currently HOT — escalates to ULTRA HOT Dec 2026. NOT in October pool. Call August-September.
Shree Gopal Govind Sponge Pvt. Ltd.,ACUITE,Bank Guarantee,A 4,2025-12-17,HOT,ULTRA HOT,2026-12-17,0.35,Other,Steel & Metals,Standard,D365,INC rating hits ULTRA HOT on 2026-12-17 — prime Q1 2027 renewal target,Your Bank Guarantee at ACUITE goes critical in Dec 2026. Start ACER process in Sep 2026 — before the Q1 rush.,August 2026 (before Dec ULTRA HOT threshold),Currently HOT — escalates to ULTRA HOT Dec 2026. NOT in October pool. Call August-September.
Moreshwar Trading Co. Pvt. Ltd.,CRISIL,Term Loan,B,2025-12-17,HOT,ULTRA HOT,2026-12-17,0.25,Other,Trading/Exports,Standard,D365,INC rating hits ULTRA HOT on 2026-12-17 — prime Q1 2027 renewal target,Your Term Loan at CRISIL goes critical in Dec 2026. Start ACER process in Sep 2026 — before the Q1 rush.,August 2026 (before Dec ULTRA HOT threshold),Currently HOT — escalates to ULTRA HOT Dec 2026. NOT in October pool. Call August-September.
Pavan Cotton Products Pvt. Ltd.,ICRA,Non-Fund-Based,A 4,2025-12-17,HOT,ULTRA HOT,2026-12-17,0.24,Agro/Food,Agro/Food,Standard,D365,INC rating hits ULTRA HOT on 2026-12-17 — prime Q1 2027 renewal target,Your Non-Fund-Based at ICRA goes critical in Dec 2026. Start ACER process in Sep 2026 — before the Q1 rush.,August 2026 (before Dec ULTRA HOT threshold),Currently HOT — escalates to ULTRA HOT Dec 2026. NOT in October pool. Call August-September.
Samkit Diamond Export Pvt. Ltd.,ICRA,NCD/Bond,B/A4,2025-12-17,HOT,ULTRA HOT,2026-12-17,0.0,Jewellery,Jewellery,NCD — SEBI License Required,D365,INC rating hits ULTRA HOT on 2026-12-17 — prime Q1 2027 renewal target,Your NCD/Bond at ICRA goes critical in Dec 2026. Start ACER process in Sep 2026 — before the Q1 rush.,August 2026 (before Dec ULTRA HOT threshold),Currently HOT — escalates to ULTRA HOT Dec 2026. NOT in October pool. Call August-September.
Tirumala Seven Hills Pvt. Ltd.,ICRA,Term Loan,B+,2025-12-17,HOT,ULTRA HOT,2026-12-17,0.0,Other,Other,Standard,D365,INC rating hits ULTRA HOT on 2026-12-17 — prime Q1 2027 renewal target,Your Term Loan at ICRA goes critical in Dec 2026. Start ACER process in Sep 2026 — before the Q1 rush.,August 2026 (before Dec ULTRA HOT threshold),Currently HOT — escalates to ULTRA HOT Dec 2026. NOT in October pool. Call August-September.
Tirumala Seven Hills Pvt. Ltd.,ICRA,Short-Term Loan,A 4,2025-12-17,HOT,ULTRA HOT,2026-12-17,0.0,Other,Other,Standard,D365,INC rating hits ULTRA HOT on 2026-12-17 — prime Q1 2027 renewal target,Your Short-Term Loan at ICRA goes critical in Dec 2026. Start ACER process in Sep 2026 — before the Q1 rush.,August 2026 (before Dec ULTRA HOT threshold),Currently HOT — escalates to ULTRA HOT Dec 2026. NOT in October pool. Call August-September.
Corrtech International Ltd.,CRISIL,Bank Guarantee,A 4+,2025-12-18,HOT,ULTRA HOT,2026-12-18,270.0,IT/Technology,IT/Technology,Standard,D365,INC rating hits ULTRA HOT on 2026-12-18 — prime Q1 2027 renewal target,Your Bank Guarantee at CRISIL goes critical in Dec 2026. Start ACER process in Sep 2026 — before the Q1 rush.,August 2026 (before Dec ULTRA HOT threshold),Currently HOT — escalates to ULTRA HOT Dec 2026. NOT in October pool. Call August-September.
Hariom Industries Limited,Infomerics,Long Term Bank Facilities,IVR BBB- (INC) (Downgraded),2025-12-18,HOT,ULTRA HOT,2026-12-18,155.4,Other,Manufacturing,Standard,Infomerics,INC rating hits ULTRA HOT on 2026-12-18 — exclusive Q1 2027 whitespace lead,Your Infomerics INC rating goes critical in Dec 2026. ACER is your best alternative — no competitor has approached you.,August 2026 (before Dec ULTRA HOT threshold),Currently HOT — escalates to ULTRA HOT Dec 2026. NOT in October pool. Call August-September.
Musaddilal Projects Pvt. Ltd.,CRISIL,Term Loan,B,2025-12-18,HOT,ULTRA HOT,2026-12-18,57.0,Other,Construction,Standard,D365,INC rating hits ULTRA HOT on 2026-12-18 — prime Q1 2027 renewal target,Your Term Loan at CRISIL goes critical in Dec 2026. Start ACER process in Sep 2026 — before the Q1 rush.,August 2026 (before Dec ULTRA HOT threshold),Currently HOT — escalates to ULTRA HOT Dec 2026. NOT in October pool. Call August-September.
Vimal Fire Controls Pvt. Ltd.,CRISIL,Bank Guarantee,B,2025-12-18,HOT,ULTRA HOT,2026-12-18,50.0,Other,Other,Standard,D365,INC rating hits ULTRA HOT on 2026-12-18 — prime Q1 2027 renewal target,Your Bank Guarantee at CRISIL goes critical in Dec 2026. Start ACER process in Sep 2026 — before the Q1 rush.,August 2026 (before Dec ULTRA HOT threshold),Currently HOT — escalates to ULTRA HOT Dec 2026. NOT in October pool. Call August-September.
Radharaman Cotspin Private Limited,Infomerics,Long Term Bank Facilities - Term Loan,IVR B- (INC)(Downgraded),2025-12-18,HOT,ULTRA HOT,2026-12-18,48.75,Other,Other,Standard,Infomerics,INC rating hits ULTRA HOT on 2026-12-18 — exclusive Q1 2027 whitespace lead,Your Infomerics INC rating goes critical in Dec 2026. ACER is your best alternative — no competitor has approached you.,August 2026 (before Dec ULTRA HOT threshold),Currently HOT — escalates to ULTRA HOT Dec 2026. NOT in October pool. Call August-September.
Rosemerry Solvent Private Limited,Infomerics,Long Term Bank Facilities (Incl. Proposed Facility),IVR BB (INC) (Downgraded),2025-12-18,HOT,ULTRA HOT,2026-12-18,45.0,Other,Agro/Food,Standard,Infomerics,INC rating hits ULTRA HOT on 2026-12-18 — exclusive Q1 2027 whitespace lead,Your Infomerics INC rating goes critical in Dec 2026. ACER is your best alternative — no competitor has approached you.,August 2026 (before Dec ULTRA HOT threshold),Currently HOT — escalates to ULTRA HOT Dec 2026. NOT in October pool. Call August-September.
Metropole Vinimay Private Limited,Infomerics,Long Term Bank Facilities,IVR BB (INC) (Downgraded),2025-12-18,HOT,ULTRA HOT,2026-12-18,44.47,Other,Other,Standard,Infomerics,INC rating hits ULTRA HOT on 2026-12-18 — exclusive Q1 2027 whitespace lead,Your Infomerics INC rating goes critical in Dec 2026. ACER is your best alternative — no competitor has approached you.,August 2026 (before Dec ULTRA HOT threshold),Currently HOT — escalates to ULTRA HOT Dec 2026. NOT in October pool. Call August-September.
Corrtech International Ltd.,CRISIL,Letter of Credit,A 4+,2025-12-18,HOT,ULTRA HOT,2026-12-18,30.0,IT/Technology,IT/Technology,Standard,D365,INC rating hits ULTRA HOT on 2026-12-18 — prime Q1 2027 renewal target,Your Letter of Credit at CRISIL goes critical in Dec 2026. Start ACER process in Sep 2026 — before the Q1 rush.,August 2026 (before Dec ULTRA HOT threshold),Currently HOT — escalates to ULTRA HOT Dec 2026. NOT in October pool. Call August-September.
Tulip Cotspin Pvt. Ltd.,CRISIL,Fund-Based,B,2025-12-18,HOT,ULTRA HOT,2026-12-18,28.49,Other,Other,Standard,D365,INC rating hits ULTRA HOT on 2026-12-18 — prime Q1 2027 renewal target,Your Fund-Based at CRISIL goes critical in Dec 2026. Start ACER process in Sep 2026 — before the Q1 rush.,August 2026 (before Dec ULTRA HOT threshold),Currently HOT — escalates to ULTRA HOT Dec 2026. NOT in October pool. Call August-September.
Vimal Fire Controls Pvt. Ltd.,CRISIL,Bank Guarantee,A 4,2025-12-18,HOT,ULTRA HOT,2026-12-18,28.0,Other,Other,Standard,D365,INC rating hits ULTRA HOT on 2026-12-18 — prime Q1 2027 renewal target,Your Bank Guarantee at CRISIL goes critical in Dec 2026. Start ACER process in Sep 2026 — before the Q1 rush.,August 2026 (before Dec ULTRA HOT threshold),Currently HOT — escalates to ULTRA HOT Dec 2026. NOT in October pool. Call August-September.
Shreeya Peanuts Pvt. Ltd.,BRICKWORK,Term Loan,B-,2025-12-18,HOT,ULTRA HOT,2026-12-18,23.0,Other,Other,Standard,D365,INC rating hits ULTRA HOT on 2026-12-18 — prime Q1 2027 renewal target,Your Term Loan at BRICKWORK goes critical in Dec 2026. Start ACER process in Sep 2026 — before the Q1 rush.,August 2026 (before Dec ULTRA HOT threshold),Currently HOT — escalates to ULTRA HOT Dec 2026. NOT in October pool. Call August-September.
Panchdeep Constructions Ltd.,CRISIL,Bank Guarantee,A 4+,2025-12-18,HOT,ULTRA HOT,2026-12-18,20.0,Construction,Construction,Standard,D365,INC rating hits ULTRA HOT on 2026-12-18 — prime Q1 2027 renewal target,Your Bank Guarantee at CRISIL goes critical in Dec 2026. Start ACER process in Sep 2026 — before the Q1 rush.,August 2026 (before Dec ULTRA HOT threshold),Currently HOT — escalates to ULTRA HOT Dec 2026. NOT in October pool. Call August-September.
IIT-ians Pace Education Private Limited,Infomerics,Long Term Bank Facilities â€“ Dropline Overdraft,IVR B+ (INC)(Downgraded),2025-12-18,HOT,ULTRA HOT,2026-12-18,19.9,Other,Education,Standard,Infomerics,INC rating hits ULTRA HOT on 2026-12-18 — exclusive Q1 2027 whitespace lead,Your Infomerics INC rating goes critical in Dec 2026. ACER is your best alternative — no competitor has approached you.,August 2026 (before Dec ULTRA HOT threshold),Currently HOT — escalates to ULTRA HOT Dec 2026. NOT in October pool. Call August-September.
Sri Kaliswari Metal Powders Pvt. Ltd.,CRISIL,Letter of Credit,A 4,2025-12-18,HOT,ULTRA HOT,2026-12-18,18.5,Steel & Metals,Steel & Metals,Standard,D365,INC rating hits ULTRA HOT on 2026-12-18 — prime Q1 2027 renewal target,Your Letter of Credit at CRISIL goes critical in Dec 2026. Start ACER process in Sep 2026 — before the Q1 rush.,August 2026 (before Dec ULTRA HOT threshold),Currently HOT — escalates to ULTRA HOT Dec 2026. NOT in October pool. Call August-September.
Radharaman Cotspin Private Limited,Infomerics,Long Term Bank Facilities â€“ Cash Credit,IVR B- (INC)(Downgraded),2025-12-18,HOT,ULTRA HOT,2026-12-18,18.0,Other,Other,Standard,Infomerics,INC rating hits ULTRA HOT on 2026-12-18 — exclusive Q1 2027 whitespace lead,Your Infomerics INC rating goes critical in Dec 2026. ACER is your best alternative — no competitor has approached you.,August 2026 (before Dec ULTRA HOT threshold),Currently HOT — escalates to ULTRA HOT Dec 2026. NOT in October pool. Call August-September.
Vinpack (India) Pvt. Ltd.,CRISIL,Term Loan,B+,2025-12-18,HOT,ULTRA HOT,2026-12-18,17.0,Other,Other,Standard,D365,INC rating hits ULTRA HOT on 2026-12-18 — prime Q1 2027 renewal target,Your Term Loan at CRISIL goes critical in Dec 2026. Start ACER process in Sep 2026 — before the Q1 rush.,August 2026 (before Dec ULTRA HOT threshold),Currently HOT — escalates to ULTRA HOT Dec 2026. NOT in October pool. Call August-September.
Tulip Cotspin Pvt. Ltd.,CRISIL,Term Loan,B,2025-12-18,HOT,ULTRA HOT,2026-12-18,15.45,Other,Other,Standard,D365,INC rating hits ULTRA HOT on 2026-12-18 — prime Q1 2027 renewal target,Your Term Loan at CRISIL goes critical in Dec 2026. Start ACER process in Sep 2026 — before the Q1 rush.,August 2026 (before Dec ULTRA HOT threshold),Currently HOT — escalates to ULTRA HOT Dec 2026. NOT in October pool. Call August-September.
S E L Jegat Printers Pvt. Ltd.,BRICKWORK,Term Loan,C,2025-12-18,HOT,ULTRA HOT,2026-12-18,14.16,Other,Other,Standard,D365,INC rating hits ULTRA HOT on 2026-12-18 — prime Q1 2027 renewal target,Your Term Loan at BRICKWORK goes critical in Dec 2026. Start ACER process in Sep 2026 — before the Q1 rush.,August 2026 (before Dec ULTRA HOT threshold),Currently HOT — escalates to ULTRA HOT Dec 2026. NOT in October pool. Call August-September.
IIT-ians Pace Education Private Limited,Infomerics,Long Term Bank Facilities - Term Loan,IVR B+ (INC)(Downgraded),2025-12-18,HOT,ULTRA HOT,2026-12-18,14.04,Other,Education,Standard,Infomerics,INC rating hits ULTRA HOT on 2026-12-18 — exclusive Q1 2027 whitespace lead,Your Infomerics INC rating goes critical in Dec 2026. ACER is your best alternative — no competitor has approached you.,August 2026 (before Dec ULTRA HOT threshold),Currently HOT — escalates to ULTRA HOT Dec 2026. NOT in October pool. Call August-September.
Shree Krishna Rolling Mills (Jaipur) Ltd.,CRISIL,Bank Guarantee,A 4,2025-12-18,HOT,ULTRA HOT,2026-12-18,12.0,Steel & Metals,Steel & Metals,Standard,D365,INC rating hits ULTRA HOT on 2026-12-18 — prime Q1 2027 renewal target,Your Bank Guarantee at CRISIL goes critical in Dec 2026. Start ACER process in Sep 2026 — before the Q1 rush.,August 2026 (before Dec ULTRA HOT threshold),Currently HOT — escalates to ULTRA HOT Dec 2026. NOT in October pool. Call August-September.
V V D & Sons Pvt. Ltd.,CRISIL,Term Loan,B,2025-12-18,HOT,ULTRA HOT,2026-12-18,11.0,Other,Other,Standard,D365,INC rating hits ULTRA HOT on 2026-12-18 — prime Q1 2027 renewal target,Your Term Loan at CRISIL goes critical in Dec 2026. Start ACER process in Sep 2026 — before the Q1 rush.,August 2026 (before Dec ULTRA HOT threshold),Currently HOT — escalates to ULTRA HOT Dec 2026. NOT in October pool. Call August-September.
Vivek Travels Pvt. Ltd.,CRISIL,Bank Guarantee,A 4,2025-12-18,HOT,ULTRA HOT,2026-12-18,7.0,Other,Hotels/Tourism,Standard,D365,INC rating hits ULTRA HOT on 2026-12-18 — prime Q1 2027 renewal target,Your Bank Guarantee at CRISIL goes critical in Dec 2026. Start ACER process in Sep 2026 — before the Q1 rush.,August 2026 (before Dec ULTRA HOT threshold),Currently HOT — escalates to ULTRA HOT Dec 2026. NOT in October pool. Call August-September.
Dugar Polymers Ltd.,ICRA,Non-Fund-Based,A 4,2025-12-18,HOT,ULTRA HOT,2026-12-18,5.5,Chemicals/Pharma,Chemicals/Pharma,Standard,D365,INC rating hits ULTRA HOT on 2026-12-18 — prime Q1 2027 renewal target,Your Non-Fund-Based at ICRA goes critical in Dec 2026. Start ACER process in Sep 2026 — before the Q1 rush.,August 2026 (before Dec ULTRA HOT threshold),Currently HOT — escalates to ULTRA HOT Dec 2026. NOT in October pool. Call August-September.
Mahesh Cotspin Pvt. Ltd.,CRISIL,Term Loan,B+,2025-12-18,HOT,ULTRA HOT,2026-12-18,5.5,Other,Other,Standard,D365,INC rating hits ULTRA HOT on 2026-12-18 — prime Q1 2027 renewal target,Your Term Loan at CRISIL goes critical in Dec 2026. Start ACER process in Sep 2026 — before the Q1 rush.,August 2026 (before Dec ULTRA HOT threshold),Currently HOT — escalates to ULTRA HOT Dec 2026. NOT in October pool. Call August-September.
Vardhman Developers Ltd.,BRICKWORK,Bank Guarantee,A 4,2025-12-18,HOT,ULTRA HOT,2026-12-18,4.57,Other,Construction,Standard,D365,INC rating hits ULTRA HOT on 2026-12-18 — prime Q1 2027 renewal target,Your Bank Guarantee at BRICKWORK goes critical in Dec 2026. Start ACER process in Sep 2026 — before the Q1 rush.,August 2026 (before Dec ULTRA HOT threshold),Currently HOT — escalates to ULTRA HOT Dec 2026. NOT in October pool. Call August-September.
Satya Surya Aluminium Inds. Ltd.,CRISIL,Bank Guarantee,A 4,2025-12-18,HOT,ULTRA HOT,2026-12-18,4.5,Other,Steel & Metals,Standard,D365,INC rating hits ULTRA HOT on 2026-12-18 — prime Q1 2027 renewal target,Your Bank Guarantee at CRISIL goes critical in Dec 2026. Start ACER process in Sep 2026 — before the Q1 rush.,August 2026 (before Dec ULTRA HOT threshold),Currently HOT — escalates to ULTRA HOT Dec 2026. NOT in October pool. Call August-September.
Shree Krishna Rolling Mills (Jaipur) Ltd.,CRISIL,Fund-Based,B,2025-12-18,HOT,ULTRA HOT,2026-12-18,4.5,Steel & Metals,Steel & Metals,Standard,D365,INC rating hits ULTRA HOT on 2026-12-18 — prime Q1 2027 renewal target,Your Fund-Based at CRISIL goes critical in Dec 2026. Start ACER process in Sep 2026 — before the Q1 rush.,August 2026 (before Dec ULTRA HOT threshold),Currently HOT — escalates to ULTRA HOT Dec 2026. NOT in October pool. Call August-September.
Corrtech International Ltd.,CRISIL,Term Loan,BB+,2025-12-18,HOT,ULTRA HOT,2026-12-18,3.98,IT/Technology,IT/Technology,Standard,D365,INC rating hits ULTRA HOT on 2026-12-18 — prime Q1 2027 renewal target,Your Term Loan at CRISIL goes critical in Dec 2026. Start ACER process in Sep 2026 — before the Q1 rush.,August 2026 (before Dec ULTRA HOT threshold),Currently HOT — escalates to ULTRA HOT Dec 2026. NOT in October pool. Call August-September.
Mahesh Cotspin Pvt. Ltd.,CRISIL,Term Loan,B+,2025-12-18,HOT,ULTRA HOT,2026-12-18,3.5,Other,Other,Standard,D365,INC rating hits ULTRA HOT on 2026-12-18 — prime Q1 2027 renewal target,Your Term Loan at CRISIL goes critical in Dec 2026. Start ACER process in Sep 2026 — before the Q1 rush.,August 2026 (before Dec ULTRA HOT threshold),Currently HOT — escalates to ULTRA HOT Dec 2026. NOT in October pool. Call August-September.
Shape Engineering Co. Pvt. Ltd.,CRISIL,Term Loan,B,2025-12-18,HOT,ULTRA HOT,2026-12-18,3.5,Manufacturing,Manufacturing,Standard,D365,INC rating hits ULTRA HOT on 2026-12-18 — prime Q1 2027 renewal target,Your Term Loan at CRISIL goes critical in Dec 2026. Start ACER process in Sep 2026 — before the Q1 rush.,August 2026 (before Dec ULTRA HOT threshold),Currently HOT — escalates to ULTRA HOT Dec 2026. NOT in October pool. Call August-September.
Shree Rajaram Prints Pvt. Ltd.,CRISIL,Term Loan,B,2025-12-18,HOT,ULTRA HOT,2026-12-18,3.5,Other,Other,Standard,D365,INC rating hits ULTRA HOT on 2026-12-18 — prime Q1 2027 renewal target,Your Term Loan at CRISIL goes critical in Dec 2026. Start ACER process in Sep 2026 — before the Q1 rush.,August 2026 (before Dec ULTRA HOT threshold),Currently HOT — escalates to ULTRA HOT Dec 2026. NOT in October pool. Call August-September.
Shree Rajaram Prints Pvt. Ltd.,CRISIL,Term Loan,B,2025-12-18,HOT,ULTRA HOT,2026-12-18,3.5,Other,Other,Standard,D365,INC rating hits ULTRA HOT on 2026-12-18 — prime Q1 2027 renewal target,Your Term Loan at CRISIL goes critical in Dec 2026. Start ACER process in Sep 2026 — before the Q1 rush.,August 2026 (before Dec ULTRA HOT threshold),Currently HOT — escalates to ULTRA HOT Dec 2026. NOT in October pool. Call August-September.
Shree Somnath Paper Mills Pvt. Ltd.,CRISIL,Term Loan,B,2025-12-18,HOT,ULTRA HOT,2026-12-18,3.37,Agro/Food,Agro/Food,Standard,D365,INC rating hits ULTRA HOT on 2026-12-18 — prime Q1 2027 renewal target,Your Term Loan at CRISIL goes critical in Dec 2026. Start ACER process in Sep 2026 — before the Q1 rush.,August 2026 (before Dec ULTRA HOT threshold),Currently HOT — escalates to ULTRA HOT Dec 2026. NOT in October pool. Call August-September.
Timespac India Pvt. Ltd.,CRISIL,Term Loan,B+,2025-12-18,HOT,ULTRA HOT,2026-12-18,3.03,Other,Other,Standard,D365,INC rating hits ULTRA HOT on 2026-12-18 — prime Q1 2027 renewal target,Your Term Loan at CRISIL goes critical in Dec 2026. Start ACER process in Sep 2026 — before the Q1 rush.,August 2026 (before Dec ULTRA HOT threshold),Currently HOT — escalates to ULTRA HOT Dec 2026. NOT in October pool. Call August-September.
Sudeep Exim Pvt. Ltd.,CRISIL,Fund-Based,B+,2025-12-18,HOT,ULTRA HOT,2026-12-18,3.0,Other,Other,Standard,D365,INC rating hits ULTRA HOT on 2026-12-18 — prime Q1 2027 renewal target,Your Fund-Based at CRISIL goes critical in Dec 2026. Start ACER process in Sep 2026 — before the Q1 rush.,August 2026 (before Dec ULTRA HOT threshold),Currently HOT — escalates to ULTRA HOT Dec 2026. NOT in October pool. Call August-September.
Tulip Cotspin Pvt. Ltd.,CRISIL,Bank Guarantee,A 4,2025-12-18,HOT,ULTRA HOT,2026-12-18,3.0,Other,Other,Standard,D365,INC rating hits ULTRA HOT on 2026-12-18 — prime Q1 2027 renewal target,Your Bank Guarantee at CRISIL goes critical in Dec 2026. Start ACER process in Sep 2026 — before the Q1 rush.,August 2026 (before Dec ULTRA HOT threshold),Currently HOT — escalates to ULTRA HOT Dec 2026. NOT in October pool. Call August-September.
Shree Somnath Paper Mills Pvt. Ltd.,CRISIL,Term Loan,B,2025-12-18,HOT,ULTRA HOT,2026-12-18,2.9,Agro/Food,Agro/Food,Standard,D365,INC rating hits ULTRA HOT on 2026-12-18 — prime Q1 2027 renewal target,Your Term Loan at CRISIL goes critical in Dec 2026. Start ACER process in Sep 2026 — before the Q1 rush.,August 2026 (before Dec ULTRA HOT threshold),Currently HOT — escalates to ULTRA HOT Dec 2026. NOT in October pool. Call August-September.
Sohan Industries Pvt. Ltd.,CRISIL,Term Loan,B,2025-12-18,HOT,ULTRA HOT,2026-12-18,2.81,Other,Manufacturing,Standard,D365,INC rating hits ULTRA HOT on 2026-12-18 — prime Q1 2027 renewal target,Your Term Loan at CRISIL goes critical in Dec 2026. Start ACER process in Sep 2026 — before the Q1 rush.,August 2026 (before Dec ULTRA HOT threshold),Currently HOT — escalates to ULTRA HOT Dec 2026. NOT in October pool. Call August-September.
Dugar Polymers Ltd.,ICRA,Term Loan,B+,2025-12-18,HOT,ULTRA HOT,2026-12-18,2.59,Chemicals/Pharma,Chemicals/Pharma,Standard,D365,INC rating hits ULTRA HOT on 2026-12-18 — prime Q1 2027 renewal target,Your Term Loan at ICRA goes critical in Dec 2026. Start ACER process in Sep 2026 — before the Q1 rush.,August 2026 (before Dec ULTRA HOT threshold),Currently HOT — escalates to ULTRA HOT Dec 2026. NOT in October pool. Call August-September.
Naveen Filters Pvt. Ltd.,CRISIL,Non-Fund-Based,B+,2025-12-18,HOT,ULTRA HOT,2026-12-18,2.5,Other,Other,Standard,D365,INC rating hits ULTRA HOT on 2026-12-18 — prime Q1 2027 renewal target,Your Non-Fund-Based at CRISIL goes critical in Dec 2026. Start ACER process in Sep 2026 — before the Q1 rush.,August 2026 (before Dec ULTRA HOT threshold),Currently HOT — escalates to ULTRA HOT Dec 2026. NOT in October pool. Call August-September.
Radharaman Cotspin Private Limited,Infomerics,Short Term Bank Facilities â€“ Bank Guarantee,IVR A4 (INC)(Reaffirmed),2025-12-18,HOT,ULTRA HOT,2026-12-18,2.0,Other,Other,Standard,Infomerics,INC rating hits ULTRA HOT on 2026-12-18 — exclusive Q1 2027 whitespace lead,Your Infomerics INC rating goes critical in Dec 2026. ACER is your best alternative — no competitor has approached you.,August 2026 (before Dec ULTRA HOT threshold),Currently HOT — escalates to ULTRA HOT Dec 2026. NOT in October pool. Call August-September.
Shape Engineering Co. Pvt. Ltd.,CRISIL,Term Loan,B,2025-12-18,HOT,ULTRA HOT,2026-12-18,1.5,Manufacturing,Manufacturing,Standard,D365,INC rating hits ULTRA HOT on 2026-12-18 — prime Q1 2027 renewal target,Your Term Loan at CRISIL goes critical in Dec 2026. Start ACER process in Sep 2026 — before the Q1 rush.,August 2026 (before Dec ULTRA HOT threshold),Currently HOT — escalates to ULTRA HOT Dec 2026. NOT in October pool. Call August-September.
Sohan Industries Pvt. Ltd.,CRISIL,Term Loan,B,2025-12-18,HOT,ULTRA HOT,2026-12-18,1.19,Other,Manufacturing,Standard,D365,INC rating hits ULTRA HOT on 2026-12-18 — prime Q1 2027 renewal target,Your Term Loan at CRISIL goes critical in Dec 2026. Start ACER process in Sep 2026 — before the Q1 rush.,August 2026 (before Dec ULTRA HOT threshold),Currently HOT — escalates to ULTRA HOT Dec 2026. NOT in October pool. Call August-September.
Sri Kaliswari Metal Powders Pvt. Ltd.,CRISIL,Term Loan,B+,2025-12-18,HOT,ULTRA HOT,2026-12-18,1.14,Steel & Metals,Steel & Metals,Standard,D365,INC rating hits ULTRA HOT on 2026-12-18 — prime Q1 2027 renewal target,Your Term Loan at CRISIL goes critical in Dec 2026. Start ACER process in Sep 2026 — before the Q1 rush.,August 2026 (before Dec ULTRA HOT threshold),Currently HOT — escalates to ULTRA HOT Dec 2026. NOT in October pool. Call August-September.
Corrtech International Ltd.,CRISIL,Term Loan,BB+,2025-12-18,HOT,ULTRA HOT,2026-12-18,1.02,IT/Technology,IT/Technology,Standard,D365,INC rating hits ULTRA HOT on 2026-12-18 — prime Q1 2027 renewal target,Your Term Loan at CRISIL goes critical in Dec 2026. Start ACER process in Sep 2026 — before the Q1 rush.,August 2026 (before Dec ULTRA HOT threshold),Currently HOT — escalates to ULTRA HOT Dec 2026. NOT in October pool. Call August-September.
Rexon Strips Pvt. Ltd.,CRISIL,Bank Guarantee,A 4,2025-12-18,HOT,ULTRA HOT,2026-12-18,1.0,Other,Other,Standard,D365,INC rating hits ULTRA HOT on 2026-12-18 — prime Q1 2027 renewal target,Your Bank Guarantee at CRISIL goes critical in Dec 2026. Start ACER process in Sep 2026 — before the Q1 rush.,August 2026 (before Dec ULTRA HOT threshold),Currently HOT — escalates to ULTRA HOT Dec 2026. NOT in October pool. Call August-September.
Rexon Strips Pvt. Ltd.,CRISIL,Letter of Credit,A 4,2025-12-18,HOT,ULTRA HOT,2026-12-18,1.0,Other,Other,Standard,D365,INC rating hits ULTRA HOT on 2026-12-18 — prime Q1 2027 renewal target,Your Letter of Credit at CRISIL goes critical in Dec 2026. Start ACER process in Sep 2026 — before the Q1 rush.,August 2026 (before Dec ULTRA HOT threshold),Currently HOT — escalates to ULTRA HOT Dec 2026. NOT in October pool. Call August-September.
Shape Engineering Co. Pvt. Ltd.,CRISIL,Bank Guarantee,A 4,2025-12-18,HOT,ULTRA HOT,2026-12-18,1.0,Manufacturing,Manufacturing,Standard,D365,INC rating hits ULTRA HOT on 2026-12-18 — prime Q1 2027 renewal target,Your Bank Guarantee at CRISIL goes critical in Dec 2026. Start ACER process in Sep 2026 — before the Q1 rush.,August 2026 (before Dec ULTRA HOT threshold),Currently HOT — escalates to ULTRA HOT Dec 2026. NOT in October pool. Call August-September.
Shape Engineering Co. Pvt. Ltd.,CRISIL,Letter of Credit,A 4,2025-12-18,HOT,ULTRA HOT,2026-12-18,1.0,Manufacturing,Manufacturing,Standard,D365,INC rating hits ULTRA HOT on 2026-12-18 — prime Q1 2027 renewal target,Your Letter of Credit at CRISIL goes critical in Dec 2026. Start ACER process in Sep 2026 — before the Q1 rush.,August 2026 (before Dec ULTRA HOT threshold),Currently HOT — escalates to ULTRA HOT Dec 2026. NOT in October pool. Call August-September.
Hariom Industries Limited,Infomerics,Short Term Bank Facilities,IVR A3 (INC) (Downgraded),2025-12-18,HOT,ULTRA HOT,2026-12-18,1.0,Other,Manufacturing,Standard,Infomerics,INC rating hits ULTRA HOT on 2026-12-18 — exclusive Q1 2027 whitespace lead,Your Infomerics INC rating goes critical in Dec 2026. ACER is your best alternative — no competitor has approached you.,August 2026 (before Dec ULTRA HOT threshold),Currently HOT — escalates to ULTRA HOT Dec 2026. NOT in October pool. Call August-September.
Shreeya Peanuts Pvt. Ltd.,BRICKWORK,Term Loan,B-,2025-12-18,HOT,ULTRA HOT,2026-12-18,0.72,Other,Other,Standard,D365,INC rating hits ULTRA HOT on 2026-12-18 — prime Q1 2027 renewal target,Your Term Loan at BRICKWORK goes critical in Dec 2026. Start ACER process in Sep 2026 — before the Q1 rush.,August 2026 (before Dec ULTRA HOT threshold),Currently HOT — escalates to ULTRA HOT Dec 2026. NOT in October pool. Call August-September.
Shree Somnath Paper Mills Pvt. Ltd.,CRISIL,Letter of Credit,A 4,2025-12-18,HOT,ULTRA HOT,2026-12-18,0.58,Agro/Food,Agro/Food,Standard,D365,INC rating hits ULTRA HOT on 2026-12-18 — prime Q1 2027 renewal target,Your Letter of Credit at CRISIL goes critical in Dec 2026. Start ACER process in Sep 2026 — before the Q1 rush.,August 2026 (before Dec ULTRA HOT threshold),Currently HOT — escalates to ULTRA HOT Dec 2026. NOT in October pool. Call August-September.
Sri Kaliswari Metal Powders Pvt. Ltd.,CRISIL,Term Loan,B+,2025-12-18,HOT,ULTRA HOT,2026-12-18,0.56,Steel & Metals,Steel & Metals,Standard,D365,INC rating hits ULTRA HOT on 2026-12-18 — prime Q1 2027 renewal target,Your Term Loan at CRISIL goes critical in Dec 2026. Start ACER process in Sep 2026 — before the Q1 rush.,August 2026 (before Dec ULTRA HOT threshold),Currently HOT — escalates to ULTRA HOT Dec 2026. NOT in October pool. Call August-September.
Naveen Filters Pvt. Ltd.,CRISIL,Term Loan,B+,2025-12-18,HOT,ULTRA HOT,2026-12-18,0.31,Other,Other,Standard,D365,INC rating hits ULTRA HOT on 2026-12-18 — prime Q1 2027 renewal target,Your Term Loan at CRISIL goes critical in Dec 2026. Start ACER process in Sep 2026 — before the Q1 rush.,August 2026 (before Dec ULTRA HOT threshold),Currently HOT — escalates to ULTRA HOT Dec 2026. NOT in October pool. Call August-September.
Timespac India Pvt. Ltd.,CRISIL,Bank Guarantee,A 4,2025-12-18,HOT,ULTRA HOT,2026-12-18,0.25,Other,Other,Standard,D365,INC rating hits ULTRA HOT on 2026-12-18 — prime Q1 2027 renewal target,Your Bank Guarantee at CRISIL goes critical in Dec 2026. Start ACER process in Sep 2026 — before the Q1 rush.,August 2026 (before Dec ULTRA HOT threshold),Currently HOT — escalates to ULTRA HOT Dec 2026. NOT in October pool. Call August-September.
S E L Jegat Printers Pvt. Ltd.,BRICKWORK,Bank Guarantee,A 4,2025-12-18,HOT,ULTRA HOT,2026-12-18,0.1,Other,Other,Standard,D365,INC rating hits ULTRA HOT on 2026-12-18 — prime Q1 2027 renewal target,Your Bank Guarantee at BRICKWORK goes critical in Dec 2026. Start ACER process in Sep 2026 — before the Q1 rush.,August 2026 (before Dec ULTRA HOT threshold),Currently HOT — escalates to ULTRA HOT Dec 2026. NOT in October pool. Call August-September.
Yash Poly Inds. Pvt. Ltd.,CRISIL,Bank Guarantee,A 4,2025-12-18,HOT,ULTRA HOT,2026-12-18,0.05,Other,Other,Standard,D365,INC rating hits ULTRA HOT on 2026-12-18 — prime Q1 2027 renewal target,Your Bank Guarantee at CRISIL goes critical in Dec 2026. Start ACER process in Sep 2026 — before the Q1 rush.,August 2026 (before Dec ULTRA HOT threshold),Currently HOT — escalates to ULTRA HOT Dec 2026. NOT in October pool. Call August-September.
Chandrashekhar Exports Pvt. Ltd.,BRICKWORK,Letter of Credit,A 4,2025-12-18,HOT,ULTRA HOT,2026-12-18,0.0,Other,Trading/Exports,Standard,D365,INC rating hits ULTRA HOT on 2026-12-18 — prime Q1 2027 renewal target,Your Letter of Credit at BRICKWORK goes critical in Dec 2026. Start ACER process in Sep 2026 — before the Q1 rush.,August 2026 (before Dec ULTRA HOT threshold),Currently HOT — escalates to ULTRA HOT Dec 2026. NOT in October pool. Call August-September.
Shreeya Peanuts Pvt. Ltd.,BRICKWORK,Fund-Based,B-,2025-12-18,HOT,ULTRA HOT,2026-12-18,0.0,Other,Other,Standard,D365,INC rating hits ULTRA HOT on 2026-12-18 — prime Q1 2027 renewal target,Your Fund-Based at BRICKWORK goes critical in Dec 2026. Start ACER process in Sep 2026 — before the Q1 rush.,August 2026 (before Dec ULTRA HOT threshold),Currently HOT — escalates to ULTRA HOT Dec 2026. NOT in October pool. Call August-September.
Manbhum Ispat Private Limited,Infomerics,Long Term Bank Facilities,IVR BBB- (INC)(Downgraded),2025-12-19,HOT,ULTRA HOT,2026-12-19,181.72,Other,Other,Standard,Infomerics,INC rating hits ULTRA HOT on 2026-12-19 — exclusive Q1 2027 whitespace lead,Your Infomerics INC rating goes critical in Dec 2026. ACER is your best alternative — no competitor has approached you.,August 2026 (before Dec ULTRA HOT threshold),Currently HOT — escalates to ULTRA HOT Dec 2026. NOT in October pool. Call August-September.
Dembla Valves Ltd.,IND-RA,Fund-Based,A 4,2025-12-19,HOT,ULTRA HOT,2026-12-19,100.0,Other,Other,Standard,D365,INC rating hits ULTRA HOT on 2026-12-19 — prime Q1 2027 renewal target,Your Fund-Based at IND-RA goes critical in Dec 2026. Start ACER process in Sep 2026 — before the Q1 rush.,August 2026 (before Dec ULTRA HOT threshold),Currently HOT — escalates to ULTRA HOT Dec 2026. NOT in October pool. Call August-September.
Maheshwari Mining Pvt. Ltd.,CRISIL,Bank Guarantee,A 4,2025-12-19,HOT,ULTRA HOT,2026-12-19,95.0,Mining,Mining,Standard,D365,INC rating hits ULTRA HOT on 2026-12-19 — prime Q1 2027 renewal target,Your Bank Guarantee at CRISIL goes critical in Dec 2026. Start ACER process in Sep 2026 — before the Q1 rush.,August 2026 (before Dec ULTRA HOT threshold),Currently HOT — escalates to ULTRA HOT Dec 2026. NOT in October pool. Call August-September.
Ashok Textile Mills Pvt. Ltd.,IND-RA,NCD/Bond,B/A4,2025-12-19,HOT,ULTRA HOT,2026-12-19,89.21,Agro/Food,Agro/Food,NCD — SEBI License Required,D365,INC rating hits ULTRA HOT on 2026-12-19 — prime Q1 2027 renewal target,Your NCD/Bond at IND-RA goes critical in Dec 2026. Start ACER process in Sep 2026 — before the Q1 rush.,August 2026 (before Dec ULTRA HOT threshold),Currently HOT — escalates to ULTRA HOT Dec 2026. NOT in October pool. Call August-September.
Goa Sponge & Power Ltd.,IND-RA,NCD/Bond,B/A4,2025-12-19,HOT,ULTRA HOT,2026-12-19,80.0,Energy,Energy,NCD — SEBI License Required,D365,INC rating hits ULTRA HOT on 2026-12-19 — prime Q1 2027 renewal target,Your NCD/Bond at IND-RA goes critical in Dec 2026. Start ACER process in Sep 2026 — before the Q1 rush.,August 2026 (before Dec ULTRA HOT threshold),Currently HOT — escalates to ULTRA HOT Dec 2026. NOT in October pool. Call August-September.
Sambandam Spinning Mills Ltd.,IND-RA,Term Loan,BB,2025-12-19,HOT,ULTRA HOT,2026-12-19,75.55,Agro/Food,Agro/Food,Standard,D365,INC rating hits ULTRA HOT on 2026-12-19 — prime Q1 2027 renewal target,Your Term Loan at IND-RA goes critical in Dec 2026. Start ACER process in Sep 2026 — before the Q1 rush.,August 2026 (before Dec ULTRA HOT threshold),Currently HOT — escalates to ULTRA HOT Dec 2026. NOT in October pool. Call August-September.
Clifton Export Pvt. Ltd.,IND-RA,NCD/Bond,B/A4,2025-12-19,HOT,ULTRA HOT,2026-12-19,69.26,Other,Trading/Exports,NCD — SEBI License Required,D365,INC rating hits ULTRA HOT on 2026-12-19 — prime Q1 2027 renewal target,Your NCD/Bond at IND-RA goes critical in Dec 2026. Start ACER process in Sep 2026 — before the Q1 rush.,August 2026 (before Dec ULTRA HOT threshold),Currently HOT — escalates to ULTRA HOT Dec 2026. NOT in October pool. Call August-September.
R S Development & Constructions India Pvt. Ltd.,IND-RA,NCD/Bond,B/A4,2025-12-19,HOT,ULTRA HOT,2026-12-19,67.89,Construction,Construction,NCD — SEBI License Required,D365,INC rating hits ULTRA HOT on 2026-12-19 — prime Q1 2027 renewal target,Your NCD/Bond at IND-RA goes critical in Dec 2026. Start ACER process in Sep 2026 — before the Q1 rush.,August 2026 (before Dec ULTRA HOT threshold),Currently HOT — escalates to ULTRA HOT Dec 2026. NOT in October pool. Call August-September.
Superior Films Pvt. Ltd.,IND-RA,NCD/Bond,BB+/A4+,2025-12-19,HOT,ULTRA HOT,2026-12-19,64.5,Other,Other,NCD — SEBI License Required,D365,INC rating hits ULTRA HOT on 2026-12-19 — prime Q1 2027 renewal target,Your NCD/Bond at IND-RA goes critical in Dec 2026. Start ACER process in Sep 2026 — before the Q1 rush.,August 2026 (before Dec ULTRA HOT threshold),Currently HOT — escalates to ULTRA HOT Dec 2026. NOT in October pool. Call August-September.
Sahu Agro Business Private Limited,Infomerics,Long Term Bank Facilities,IVR BB- (INC)(Downgraded),2025-12-19,HOT,ULTRA HOT,2026-12-19,58.34,Agro/Food,Agro/Food,Standard,Infomerics,INC rating hits ULTRA HOT on 2026-12-19 — exclusive Q1 2027 whitespace lead,Your Infomerics INC rating goes critical in Dec 2026. ACER is your best alternative — no competitor has approached you.,August 2026 (before Dec ULTRA HOT threshold),Currently HOT — escalates to ULTRA HOT Dec 2026. NOT in October pool. Call August-September.
Kairali Steels & Alloys Pvt. Ltd.,IND-RA,NCD/Bond,B/A4,2025-12-19,HOT,ULTRA HOT,2026-12-19,47.38,Steel & Metals,Steel & Metals,NCD — SEBI License Required,D365,INC rating hits ULTRA HOT on 2026-12-19 — prime Q1 2027 renewal target,Your NCD/Bond at IND-RA goes critical in Dec 2026. Start ACER process in Sep 2026 — before the Q1 rush.,August 2026 (before Dec ULTRA HOT threshold),Currently HOT — escalates to ULTRA HOT Dec 2026. NOT in October pool. Call August-September.
R K S Steel Inds. Pvt. Ltd.,IND-RA,NCD/Bond,B-/A4,2025-12-19,HOT,ULTRA HOT,2026-12-19,38.02,Steel & Metals,Steel & Metals,NCD — SEBI License Required,D365,INC rating hits ULTRA HOT on 2026-12-19 — prime Q1 2027 renewal target,Your NCD/Bond at IND-RA goes critical in Dec 2026. Start ACER process in Sep 2026 — before the Q1 rush.,August 2026 (before Dec ULTRA HOT threshold),Currently HOT — escalates to ULTRA HOT Dec 2026. NOT in October pool. Call August-September.
Sun N Wind Infra Energy Private Limited,Infomerics,Long Term Bank Facilities,IVR B- (INC)(Downgraded),2025-12-19,HOT,ULTRA HOT,2026-12-19,37.0,Construction,Construction,Standard,Infomerics,INC rating hits ULTRA HOT on 2026-12-19 — exclusive Q1 2027 whitespace lead,Your Infomerics INC rating goes critical in Dec 2026. ACER is your best alternative — no competitor has approached you.,August 2026 (before Dec ULTRA HOT threshold),Currently HOT — escalates to ULTRA HOT Dec 2026. NOT in October pool. Call August-September.
Leben Life Sciences Pvt. Ltd.,IND-RA,NCD/Bond,B-,2025-12-19,HOT,ULTRA HOT,2026-12-19,35.63,Other,Other,NCD — SEBI License Required,D365,INC rating hits ULTRA HOT on 2026-12-19 — prime Q1 2027 renewal target,Your NCD/Bond at IND-RA goes critical in Dec 2026. Start ACER process in Sep 2026 — before the Q1 rush.,August 2026 (before Dec ULTRA HOT threshold),Currently HOT — escalates to ULTRA HOT Dec 2026. NOT in October pool. Call August-September.
Vertigo Impex Pvt. Ltd.,IND-RA,NCD/Bond,B/A4,2025-12-19,HOT,ULTRA HOT,2026-12-19,32.5,Other,Other,NCD — SEBI License Required,D365,INC rating hits ULTRA HOT on 2026-12-19 — prime Q1 2027 renewal target,Your NCD/Bond at IND-RA goes critical in Dec 2026. Start ACER process in Sep 2026 — before the Q1 rush.,August 2026 (before Dec ULTRA HOT threshold),Currently HOT — escalates to ULTRA HOT Dec 2026. NOT in October pool. Call August-September.
Approcool Aircon Pvt. Ltd.,IND-RA,Term Loan,B,2025-12-19,HOT,ULTRA HOT,2026-12-19,30.15,Other,Other,Standard,D365,INC rating hits ULTRA HOT on 2026-12-19 — prime Q1 2027 renewal target,Your Term Loan at IND-RA goes critical in Dec 2026. Start ACER process in Sep 2026 — before the Q1 rush.,August 2026 (before Dec ULTRA HOT threshold),Currently HOT — escalates to ULTRA HOT Dec 2026. NOT in October pool. Call August-September.
Jai Ganesh Ispat & Ferro Alloys Pvt. Ltd.,IND-RA,Term Loan,B-,2025-12-19,HOT,ULTRA HOT,2026-12-19,27.0,Steel & Metals,Steel & Metals,Standard,D365,INC rating hits ULTRA HOT on 2026-12-19 — prime Q1 2027 renewal target,Your Term Loan at IND-RA goes critical in Dec 2026. Start ACER process in Sep 2026 — before the Q1 rush.,August 2026 (before Dec ULTRA HOT threshold),Currently HOT — escalates to ULTRA HOT Dec 2026. NOT in October pool. Call August-September.
Camex Ltd.,IND-RA,NCD/Bond,B-/A4,2025-12-19,HOT,ULTRA HOT,2026-12-19,24.5,Other,Other,NCD — SEBI License Required,D365,INC rating hits ULTRA HOT on 2026-12-19 — prime Q1 2027 renewal target,Your NCD/Bond at IND-RA goes critical in Dec 2026. Start ACER process in Sep 2026 — before the Q1 rush.,August 2026 (before Dec ULTRA HOT threshold),Currently HOT — escalates to ULTRA HOT Dec 2026. NOT in October pool. Call August-September.
Approcool Aircon Pvt. Ltd.,IND-RA,Fund-Based,A 4,2025-12-19,HOT,ULTRA HOT,2026-12-19,24.5,Other,Other,Standard,D365,INC rating hits ULTRA HOT on 2026-12-19 — prime Q1 2027 renewal target,Your Fund-Based at IND-RA goes critical in Dec 2026. Start ACER process in Sep 2026 — before the Q1 rush.,August 2026 (before Dec ULTRA HOT threshold),Currently HOT — escalates to ULTRA HOT Dec 2026. NOT in October pool. Call August-September.
N N Saha & Sons Agro Pvt. Ltd.,IND-RA,Term Loan,B-,2025-12-19,HOT,ULTRA HOT,2026-12-19,24.0,Agro/Food,Agro/Food,Standard,D365,INC rating hits ULTRA HOT on 2026-12-19 — prime Q1 2027 renewal target,Your Term Loan at IND-RA goes critical in Dec 2026. Start ACER process in Sep 2026 — before the Q1 rush.,August 2026 (before Dec ULTRA HOT threshold),Currently HOT — escalates to ULTRA HOT Dec 2026. NOT in October pool. Call August-September.
Gansons Pvt. Ltd.,IND-RA,NCD/Bond,B-/A4,2025-12-19,HOT,ULTRA HOT,2026-12-19,23.0,Other,Other,NCD — SEBI License Required,D365,INC rating hits ULTRA HOT on 2026-12-19 — prime Q1 2027 renewal target,Your NCD/Bond at IND-RA goes critical in Dec 2026. Start ACER process in Sep 2026 — before the Q1 rush.,August 2026 (before Dec ULTRA HOT threshold),Currently HOT — escalates to ULTRA HOT Dec 2026. NOT in October pool. Call August-September.
Shrikishan & Co. Pvt. Ltd.,IND-RA,NCD/Bond,B-/A4,2025-12-19,HOT,ULTRA HOT,2026-12-19,23.0,Other,Other,NCD — SEBI License Required,D365,INC rating hits ULTRA HOT on 2026-12-19 — prime Q1 2027 renewal target,Your NCD/Bond at IND-RA goes critical in Dec 2026. Start ACER process in Sep 2026 — before the Q1 rush.,August 2026 (before Dec ULTRA HOT threshold),Currently HOT — escalates to ULTRA HOT Dec 2026. NOT in October pool. Call August-September.
Sunrise Timply Co. Pvt. Ltd.,IND-RA,NCD/Bond,B/A4,2025-12-19,HOT,ULTRA HOT,2026-12-19,23.0,Other,Other,NCD — SEBI License Required,D365,INC rating hits ULTRA HOT on 2026-12-19 — prime Q1 2027 renewal target,Your NCD/Bond at IND-RA goes critical in Dec 2026. Start ACER process in Sep 2026 — before the Q1 rush.,August 2026 (before Dec ULTRA HOT threshold),Currently HOT — escalates to ULTRA HOT Dec 2026. NOT in October pool. Call August-September.
Rydak Syndicate Ltd.,IND-RA,NCD/Bond,B/A4,2025-12-19,HOT,ULTRA HOT,2026-12-19,22.0,Other,Other,NCD — SEBI License Required,D365,INC rating hits ULTRA HOT on 2026-12-19 — prime Q1 2027 renewal target,Your NCD/Bond at IND-RA goes critical in Dec 2026. Start ACER process in Sep 2026 — before the Q1 rush.,August 2026 (before Dec ULTRA HOT threshold),Currently HOT — escalates to ULTRA HOT Dec 2026. NOT in October pool. Call August-September.
K7 Computing Pvt. Ltd.,IND-RA,NCD/Bond,B-/A4,2025-12-19,HOT,ULTRA HOT,2026-12-19,18.0,Other,IT/Technology,NCD — SEBI License Required,D365,INC rating hits ULTRA HOT on 2026-12-19 — prime Q1 2027 renewal target,Your NCD/Bond at IND-RA goes critical in Dec 2026. Start ACER process in Sep 2026 — before the Q1 rush.,August 2026 (before Dec ULTRA HOT threshold),Currently HOT — escalates to ULTRA HOT Dec 2026. NOT in October pool. Call August-September.
Srinivas Infrastructure Pvt. Ltd.,IND-RA,NCD/Bond,B/A4,2025-12-19,HOT,ULTRA HOT,2026-12-19,17.0,Construction,Construction,NCD — SEBI License Required,D365,INC rating hits ULTRA HOT on 2026-12-19 — prime Q1 2027 renewal target,Your NCD/Bond at IND-RA goes critical in Dec 2026. Start ACER process in Sep 2026 — before the Q1 rush.,August 2026 (before Dec ULTRA HOT threshold),Currently HOT — escalates to ULTRA HOT Dec 2026. NOT in October pool. Call August-September.
Abhiraj Engicon Pvt. Ltd.,IND-RA,NCD/Bond,B-/A4,2025-12-19,HOT,ULTRA HOT,2026-12-19,16.39,Other,Other,NCD — SEBI License Required,D365,INC rating hits ULTRA HOT on 2026-12-19 — prime Q1 2027 renewal target,Your NCD/Bond at IND-RA goes critical in Dec 2026. Start ACER process in Sep 2026 — before the Q1 rush.,August 2026 (before Dec ULTRA HOT threshold),Currently HOT — escalates to ULTRA HOT Dec 2026. NOT in October pool. Call August-September.
Rahman Hospitals Pvt. Ltd.,CRISIL,Term Loan,B,2025-12-19,HOT,ULTRA HOT,2026-12-19,15.14,Healthcare,Healthcare,Standard,D365,INC rating hits ULTRA HOT on 2026-12-19 — prime Q1 2027 renewal target,Your Term Loan at CRISIL goes critical in Dec 2026. Start ACER process in Sep 2026 — before the Q1 rush.,August 2026 (before Dec ULTRA HOT threshold),Currently HOT — escalates to ULTRA HOT Dec 2026. NOT in October pool. Call August-September.
Dee Control & Electric Pvt. Ltd.,CRISIL,Bank Guarantee,A 4,2025-12-19,HOT,ULTRA HOT,2026-12-19,15.0,Energy,Energy,Standard,D365,INC rating hits ULTRA HOT on 2026-12-19 — prime Q1 2027 renewal target,Your Bank Guarantee at CRISIL goes critical in Dec 2026. Start ACER process in Sep 2026 — before the Q1 rush.,August 2026 (before Dec ULTRA HOT threshold),Currently HOT — escalates to ULTRA HOT Dec 2026. NOT in October pool. Call August-September.
Unique Multi Films Virudhunagar Pvt. Ltd.,ICRA,Non-Fund-Based,A 4,2025-12-19,HOT,ULTRA HOT,2026-12-19,15.0,Other,Other,Standard,D365,INC rating hits ULTRA HOT on 2026-12-19 — prime Q1 2027 renewal target,Your Non-Fund-Based at ICRA goes critical in Dec 2026. Start ACER process in Sep 2026 — before the Q1 rush.,August 2026 (before Dec ULTRA HOT threshold),Currently HOT — escalates to ULTRA HOT Dec 2026. NOT in October pool. Call August-September.
Vaibhav Edibles Pvt. Ltd.,IND-RA,Term Loan,B-,2025-12-19,HOT,ULTRA HOT,2026-12-19,14.04,Agro/Food,Agro/Food,Standard,D365,INC rating hits ULTRA HOT on 2026-12-19 — prime Q1 2027 renewal target,Your Term Loan at IND-RA goes critical in Dec 2026. Start ACER process in Sep 2026 — before the Q1 rush.,August 2026 (before Dec ULTRA HOT threshold),Currently HOT — escalates to ULTRA HOT Dec 2026. NOT in October pool. Call August-September.
Best Blue Metals,Infomerics,Long Term Fund Based Bank Facility - Term Loans,IVR C+ (INC)(Downgraded),2025-12-19,HOT,ULTRA HOT,2026-12-19,11.95,Steel & Metals,Steel & Metals,Standard,Infomerics,INC rating hits ULTRA HOT on 2026-12-19 — exclusive Q1 2027 whitespace lead,Your Infomerics INC rating goes critical in Dec 2026. ACER is your best alternative — no competitor has approached you.,August 2026 (before Dec ULTRA HOT threshold),Currently HOT — escalates to ULTRA HOT Dec 2026. NOT in October pool. Call August-September.
Mahakali Ispat Pvt. Ltd.,IND-RA,NCD/Bond,B-/A4,2025-12-19,HOT,ULTRA HOT,2026-12-19,11.3,Other,Other,NCD — SEBI License Required,D365,INC rating hits ULTRA HOT on 2026-12-19 — prime Q1 2027 renewal target,Your NCD/Bond at IND-RA goes critical in Dec 2026. Start ACER process in Sep 2026 — before the Q1 rush.,August 2026 (before Dec ULTRA HOT threshold),Currently HOT — escalates to ULTRA HOT Dec 2026. NOT in October pool. Call August-September.
Kuna Impex Pvt. Ltd.,IND-RA,NCD/Bond,B-/A4,2025-12-19,HOT,ULTRA HOT,2026-12-19,11.25,Other,Other,NCD — SEBI License Required,D365,INC rating hits ULTRA HOT on 2026-12-19 — prime Q1 2027 renewal target,Your NCD/Bond at IND-RA goes critical in Dec 2026. Start ACER process in Sep 2026 — before the Q1 rush.,August 2026 (before Dec ULTRA HOT threshold),Currently HOT — escalates to ULTRA HOT Dec 2026. NOT in October pool. Call August-September.
Caravel Logistics Pvt. Ltd.,IND-RA,NCD/Bond,C/A4,2025-12-19,HOT,ULTRA HOT,2026-12-19,11.1,Logistics,Logistics,NCD — SEBI License Required,D365,INC rating hits ULTRA HOT on 2026-12-19 — prime Q1 2027 renewal target,Your NCD/Bond at IND-RA goes critical in Dec 2026. Start ACER process in Sep 2026 — before the Q1 rush.,August 2026 (before Dec ULTRA HOT threshold),Currently HOT — escalates to ULTRA HOT Dec 2026. NOT in October pool. Call August-September.
Bharath Hi-Tech Builders Pvt. Ltd.,CRISIL,Term Loan,B,2025-12-19,HOT,ULTRA HOT,2026-12-19,10.0,Construction,Construction,Standard,D365,INC rating hits ULTRA HOT on 2026-12-19 — prime Q1 2027 renewal target,Your Term Loan at CRISIL goes critical in Dec 2026. Start ACER process in Sep 2026 — before the Q1 rush.,August 2026 (before Dec ULTRA HOT threshold),Currently HOT — escalates to ULTRA HOT Dec 2026. NOT in October pool. Call August-September.
M S G All Trdg. Intl. Pvt. Ltd.,CRISIL,Fund-Based,B+,2025-12-19,HOT,ULTRA HOT,2026-12-19,9.35,Other,Other,Standard,D365,INC rating hits ULTRA HOT on 2026-12-19 — prime Q1 2027 renewal target,Your Fund-Based at CRISIL goes critical in Dec 2026. Start ACER process in Sep 2026 — before the Q1 rush.,August 2026 (before Dec ULTRA HOT threshold),Currently HOT — escalates to ULTRA HOT Dec 2026. NOT in October pool. Call August-September.
Sambandam Spinning Mills Ltd.,IND-RA,Term Loan,A 4+,2025-12-19,HOT,ULTRA HOT,2026-12-19,9.25,Agro/Food,Agro/Food,Standard,D365,INC rating hits ULTRA HOT on 2026-12-19 — prime Q1 2027 renewal target,Your Term Loan at IND-RA goes critical in Dec 2026. Start ACER process in Sep 2026 — before the Q1 rush.,August 2026 (before Dec ULTRA HOT threshold),Currently HOT — escalates to ULTRA HOT Dec 2026. NOT in October pool. Call August-September.
Polixel Security Systems Pvt. Ltd.,IND-RA,NCD/Bond,B-/A4,2025-12-19,HOT,ULTRA HOT,2026-12-19,8.5,Other,IT/Technology,NCD — SEBI License Required,D365,INC rating hits ULTRA HOT on 2026-12-19 — prime Q1 2027 renewal target,Your NCD/Bond at IND-RA goes critical in Dec 2026. Start ACER process in Sep 2026 — before the Q1 rush.,August 2026 (before Dec ULTRA HOT threshold),Currently HOT — escalates to ULTRA HOT Dec 2026. NOT in October pool. Call August-September.
Anubhav Plast Ltd.,IND-RA,NCD/Bond,B-/A4,2025-12-19,HOT,ULTRA HOT,2026-12-19,8.5,Other,Other,NCD — SEBI License Required,D365,INC rating hits ULTRA HOT on 2026-12-19 — prime Q1 2027 renewal target,Your NCD/Bond at IND-RA goes critical in Dec 2026. Start ACER process in Sep 2026 — before the Q1 rush.,August 2026 (before Dec ULTRA HOT threshold),Currently HOT — escalates to ULTRA HOT Dec 2026. NOT in October pool. Call August-September.
Manbhum Ispat Private Limited,Infomerics,Short Term Bank Facilities,IVR A3 (INC)(Downgraded),2025-12-19,HOT,ULTRA HOT,2026-12-19,8.33,Other,Other,Standard,Infomerics,INC rating hits ULTRA HOT on 2026-12-19 — exclusive Q1 2027 whitespace lead,Your Infomerics INC rating goes critical in Dec 2026. ACER is your best alternative — no competitor has approached you.,August 2026 (before Dec ULTRA HOT threshold),Currently HOT — escalates to ULTRA HOT Dec 2026. NOT in October pool. Call August-September.
Vishesh Diagnostics Pvt. Ltd.,IND-RA,Term Loan,B-,2025-12-19,HOT,ULTRA HOT,2026-12-19,7.0,Healthcare,Healthcare,Standard,D365,INC rating hits ULTRA HOT on 2026-12-19 — prime Q1 2027 renewal target,Your Term Loan at IND-RA goes critical in Dec 2026. Start ACER process in Sep 2026 — before the Q1 rush.,August 2026 (before Dec ULTRA HOT threshold),Currently HOT — escalates to ULTRA HOT Dec 2026. NOT in October pool. Call August-September.
Sreenidhi Raja Packing Solutions Pvt. Ltd.,IND-RA,Term Loan,B-,2025-12-19,HOT,ULTRA HOT,2026-12-19,6.3,Other,Other,Standard,D365,INC rating hits ULTRA HOT on 2026-12-19 — prime Q1 2027 renewal target,Your Term Loan at IND-RA goes critical in Dec 2026. Start ACER process in Sep 2026 — before the Q1 rush.,August 2026 (before Dec ULTRA HOT threshold),Currently HOT — escalates to ULTRA HOT Dec 2026. NOT in October pool. Call August-September.
Hiland Agro Products Pvt. Ltd.,IND-RA,NCD/Bond,B-/A4,2025-12-19,HOT,ULTRA HOT,2026-12-19,6.23,Agro/Food,Agro/Food,NCD — SEBI License Required,D365,INC rating hits ULTRA HOT on 2026-12-19 — prime Q1 2027 renewal target,Your NCD/Bond at IND-RA goes critical in Dec 2026. Start ACER process in Sep 2026 — before the Q1 rush.,August 2026 (before Dec ULTRA HOT threshold),Currently HOT — escalates to ULTRA HOT Dec 2026. NOT in October pool. Call August-September.
V V C Motors Pvt. Ltd.,ICRA,Non-Fund-Based,A 4,2025-12-19,HOT,ULTRA HOT,2026-12-19,6.0,Other,Automobiles,Standard,D365,INC rating hits ULTRA HOT on 2026-12-19 — prime Q1 2027 renewal target,Your Non-Fund-Based at ICRA goes critical in Dec 2026. Start ACER process in Sep 2026 — before the Q1 rush.,August 2026 (before Dec ULTRA HOT threshold),Currently HOT — escalates to ULTRA HOT Dec 2026. NOT in October pool. Call August-September.
Dee Control & Electric Pvt. Ltd.,CRISIL,Letter of Credit,A 4,2025-12-19,HOT,ULTRA HOT,2026-12-19,5.0,Energy,Energy,Standard,D365,INC rating hits ULTRA HOT on 2026-12-19 — prime Q1 2027 renewal target,Your Letter of Credit at CRISIL goes critical in Dec 2026. Start ACER process in Sep 2026 — before the Q1 rush.,August 2026 (before Dec ULTRA HOT threshold),Currently HOT — escalates to ULTRA HOT Dec 2026. NOT in October pool. Call August-September.
Rahman Hospitals Pvt. Ltd.,CRISIL,Term Loan,B,2025-12-19,HOT,ULTRA HOT,2026-12-19,4.51,Healthcare,Healthcare,Standard,D365,INC rating hits ULTRA HOT on 2026-12-19 — prime Q1 2027 renewal target,Your Term Loan at CRISIL goes critical in Dec 2026. Start ACER process in Sep 2026 — before the Q1 rush.,August 2026 (before Dec ULTRA HOT threshold),Currently HOT — escalates to ULTRA HOT Dec 2026. NOT in October pool. Call August-September.
Sangam Forgings Pvt. Ltd.,IND-RA,NCD/Bond,B-/A4,2025-12-19,HOT,ULTRA HOT,2026-12-19,4.5,Steel & Metals,Steel & Metals,NCD — SEBI License Required,D365,INC rating hits ULTRA HOT on 2026-12-19 — prime Q1 2027 renewal target,Your NCD/Bond at IND-RA goes critical in Dec 2026. Start ACER process in Sep 2026 — before the Q1 rush.,August 2026 (before Dec ULTRA HOT threshold),Currently HOT — escalates to ULTRA HOT Dec 2026. NOT in October pool. Call August-September.
Best Blue Metals,Infomerics,Proposed Long Term Fund Based Bank Facility,IVR C+ (INC)(Downgraded),2025-12-19,HOT,ULTRA HOT,2026-12-19,4.05,Steel & Metals,Steel & Metals,Standard,Infomerics,INC rating hits ULTRA HOT on 2026-12-19 — exclusive Q1 2027 whitespace lead,Your Infomerics INC rating goes critical in Dec 2026. ACER is your best alternative — no competitor has approached you.,August 2026 (before Dec ULTRA HOT threshold),Currently HOT — escalates to ULTRA HOT Dec 2026. NOT in October pool. Call August-September.
Best Blue Metals,Infomerics,Long Term Fund Based Bank Facility - OD,IVR C+ (INC)(Downgraded),2025-12-19,HOT,ULTRA HOT,2026-12-19,4.0,Steel & Metals,Steel & Metals,Standard,Infomerics,INC rating hits ULTRA HOT on 2026-12-19 — exclusive Q1 2027 whitespace lead,Your Infomerics INC rating goes critical in Dec 2026. ACER is your best alternative — no competitor has approached you.,August 2026 (before Dec ULTRA HOT threshold),Currently HOT — escalates to ULTRA HOT Dec 2026. NOT in October pool. Call August-September.
A-One Footarts Pvt. Ltd.,CRISIL,Letter of Credit,A 4,2025-12-19,HOT,ULTRA HOT,2026-12-19,3.0,Other,Other,Standard,D365,INC rating hits ULTRA HOT on 2026-12-19 — prime Q1 2027 renewal target,Your Letter of Credit at CRISIL goes critical in Dec 2026. Start ACER process in Sep 2026 — before the Q1 rush.,August 2026 (before Dec ULTRA HOT threshold),Currently HOT — escalates to ULTRA HOT Dec 2026. NOT in October pool. Call August-September.
A-One Footwears Pvt. Ltd.,CRISIL,Letter of Credit,A 4,2025-12-19,HOT,ULTRA HOT,2026-12-19,2.25,Other,Other,Standard,D365,INC rating hits ULTRA HOT on 2026-12-19 — prime Q1 2027 renewal target,Your Letter of Credit at CRISIL goes critical in Dec 2026. Start ACER process in Sep 2026 — before the Q1 rush.,August 2026 (before Dec ULTRA HOT threshold),Currently HOT — escalates to ULTRA HOT Dec 2026. NOT in October pool. Call August-September.
M S G All Trdg. Intl. Pvt. Ltd.,CRISIL,Term Loan,B+,2025-12-19,HOT,ULTRA HOT,2026-12-19,1.1,Other,Other,Standard,D365,INC rating hits ULTRA HOT on 2026-12-19 — prime Q1 2027 renewal target,Your Term Loan at CRISIL goes critical in Dec 2026. Start ACER process in Sep 2026 — before the Q1 rush.,August 2026 (before Dec ULTRA HOT threshold),Currently HOT — escalates to ULTRA HOT Dec 2026. NOT in October pool. Call August-September.
A-One Footarts Pvt. Ltd.,CRISIL,Term Loan,B,2025-12-19,HOT,ULTRA HOT,2026-12-19,0.9,Other,Other,Standard,D365,INC rating hits ULTRA HOT on 2026-12-19 — prime Q1 2027 renewal target,Your Term Loan at CRISIL goes critical in Dec 2026. Start ACER process in Sep 2026 — before the Q1 rush.,August 2026 (before Dec ULTRA HOT threshold),Currently HOT — escalates to ULTRA HOT Dec 2026. NOT in October pool. Call August-September.
A-One Footarts Pvt. Ltd.,CRISIL,Letter of Credit,A 4,2025-12-19,HOT,ULTRA HOT,2026-12-19,0.74,Other,Other,Standard,D365,INC rating hits ULTRA HOT on 2026-12-19 — prime Q1 2027 renewal target,Your Letter of Credit at CRISIL goes critical in Dec 2026. Start ACER process in Sep 2026 — before the Q1 rush.,August 2026 (before Dec ULTRA HOT threshold),Currently HOT — escalates to ULTRA HOT Dec 2026. NOT in October pool. Call August-September.
A-One Footwears Pvt. Ltd.,CRISIL,Term Loan,B,2025-12-19,HOT,ULTRA HOT,2026-12-19,0.6,Other,Other,Standard,D365,INC rating hits ULTRA HOT on 2026-12-19 — prime Q1 2027 renewal target,Your Term Loan at CRISIL goes critical in Dec 2026. Start ACER process in Sep 2026 — before the Q1 rush.,August 2026 (before Dec ULTRA HOT threshold),Currently HOT — escalates to ULTRA HOT Dec 2026. NOT in October pool. Call August-September.
M S G All Trdg. Intl. Pvt. Ltd.,CRISIL,Term Loan,B+,2025-12-19,HOT,ULTRA HOT,2026-12-19,0.55,Other,Other,Standard,D365,INC rating hits ULTRA HOT on 2026-12-19 — prime Q1 2027 renewal target,Your Term Loan at CRISIL goes critical in Dec 2026. Start ACER process in Sep 2026 — before the Q1 rush.,August 2026 (before Dec ULTRA HOT threshold),Currently HOT — escalates to ULTRA HOT Dec 2026. NOT in October pool. Call August-September.
V V C Motors Pvt. Ltd.,ICRA,NCD/Bond,B+/A4,2025-12-19,HOT,ULTRA HOT,2026-12-19,0.25,Other,Automobiles,NCD — SEBI License Required,D365,INC rating hits ULTRA HOT on 2026-12-19 — prime Q1 2027 renewal target,Your NCD/Bond at ICRA goes critical in Dec 2026. Start ACER process in Sep 2026 — before the Q1 rush.,August 2026 (before Dec ULTRA HOT threshold),Currently HOT — escalates to ULTRA HOT Dec 2026. NOT in October pool. Call August-September.
Decor Paper Mills Ltd.,ICRA,Non-Fund-Based,A 4,2025-12-19,HOT,ULTRA HOT,2026-12-19,0.13,Agro/Food,Agro/Food,Standard,D365,INC rating hits ULTRA HOT on 2026-12-19 — prime Q1 2027 renewal target,Your Non-Fund-Based at ICRA goes critical in Dec 2026. Start ACER process in Sep 2026 — before the Q1 rush.,August 2026 (before Dec ULTRA HOT threshold),Currently HOT — escalates to ULTRA HOT Dec 2026. NOT in October pool. Call August-September.
Shreenathji Cotgin Pvt. Ltd.,ICRA,Non-Fund-Based,A 4,2025-12-19,HOT,ULTRA HOT,2026-12-19,0.1,Other,Other,Standard,D365,INC rating hits ULTRA HOT on 2026-12-19 — prime Q1 2027 renewal target,Your Non-Fund-Based at ICRA goes critical in Dec 2026. Start ACER process in Sep 2026 — before the Q1 rush.,August 2026 (before Dec ULTRA HOT threshold),Currently HOT — escalates to ULTRA HOT Dec 2026. NOT in October pool. Call August-September.
Shree Shyam Sponge & Power Ltd.,ICRA,Short-Term Loan,A 4,2025-12-19,HOT,ULTRA HOT,2026-12-19,0.0,Energy,Energy,Standard,D365,INC rating hits ULTRA HOT on 2026-12-19 — prime Q1 2027 renewal target,Your Short-Term Loan at ICRA goes critical in Dec 2026. Start ACER process in Sep 2026 — before the Q1 rush.,August 2026 (before Dec ULTRA HOT threshold),Currently HOT — escalates to ULTRA HOT Dec 2026. NOT in October pool. Call August-September.
Aequs Sez Pvt. Ltd.,CRISIL,Term Loan,B,2025-12-22,HOT,ULTRA HOT,2026-12-22,310.0,Other,Other,Standard,D365,INC rating hits ULTRA HOT on 2026-12-22 — prime Q1 2027 renewal target,Your Term Loan at CRISIL goes critical in Dec 2026. Start ACER process in Sep 2026 — before the Q1 rush.,August 2026 (before Dec ULTRA HOT threshold),Currently HOT — escalates to ULTRA HOT Dec 2026. NOT in October pool. Call August-September.
Excelsource International Pvt. Ltd.,CARE,NCD/Bond,B+/A4,2025-12-22,HOT,ULTRA HOT,2026-12-22,128.0,Other,Other,NCD — SEBI License Required,D365,INC rating hits ULTRA HOT on 2026-12-22 — prime Q1 2027 renewal target,Your NCD/Bond at CARE goes critical in Dec 2026. Start ACER process in Sep 2026 — before the Q1 rush.,August 2026 (before Dec ULTRA HOT threshold),Currently HOT — escalates to ULTRA HOT Dec 2026. NOT in October pool. Call August-September.
Krrish Shalimar Projects Pvt. Ltd.,ACUITE,Term Loan,B-,2025-12-22,HOT,ULTRA HOT,2026-12-22,120.0,Other,Construction,Standard,D365,INC rating hits ULTRA HOT on 2026-12-22 — prime Q1 2027 renewal target,Your Term Loan at ACUITE goes critical in Dec 2026. Start ACER process in Sep 2026 — before the Q1 rush.,August 2026 (before Dec ULTRA HOT threshold),Currently HOT — escalates to ULTRA HOT Dec 2026. NOT in October pool. Call August-September.
Aequs Sez Pvt. Ltd.,CRISIL,Term Loan,B,2025-12-22,HOT,ULTRA HOT,2026-12-22,70.0,Other,Other,Standard,D365,INC rating hits ULTRA HOT on 2026-12-22 — prime Q1 2027 renewal target,Your Term Loan at CRISIL goes critical in Dec 2026. Start ACER process in Sep 2026 — before the Q1 rush.,August 2026 (before Dec ULTRA HOT threshold),Currently HOT — escalates to ULTRA HOT Dec 2026. NOT in October pool. Call August-September.
Kkrishna Vaahan Pvt. Ltd.,CRISIL,Fund-Based,B,2025-12-22,HOT,ULTRA HOT,2026-12-22,49.5,Other,Other,Standard,D365,INC rating hits ULTRA HOT on 2026-12-22 — prime Q1 2027 renewal target,Your Fund-Based at CRISIL goes critical in Dec 2026. Start ACER process in Sep 2026 — before the Q1 rush.,August 2026 (before Dec ULTRA HOT threshold),Currently HOT — escalates to ULTRA HOT Dec 2026. NOT in October pool. Call August-September.
Brua Hydrowatt Pvt. Ltd.,CARE,Term Loan,B,2025-12-22,HOT,ULTRA HOT,2026-12-22,46.0,Energy,Energy,Standard,D365,INC rating hits ULTRA HOT on 2026-12-22 — prime Q1 2027 renewal target,Your Term Loan at CARE goes critical in Dec 2026. Start ACER process in Sep 2026 — before the Q1 rush.,August 2026 (before Dec ULTRA HOT threshold),Currently HOT — escalates to ULTRA HOT Dec 2026. NOT in October pool. Call August-September.
Sai Shreeja Cars Pvt. Ltd.,CRISIL,Fund-Based,B,2025-12-22,HOT,ULTRA HOT,2026-12-22,42.6,Other,Other,Standard,D365,INC rating hits ULTRA HOT on 2026-12-22 — prime Q1 2027 renewal target,Your Fund-Based at CRISIL goes critical in Dec 2026. Start ACER process in Sep 2026 — before the Q1 rush.,August 2026 (before Dec ULTRA HOT threshold),Currently HOT — escalates to ULTRA HOT Dec 2026. NOT in October pool. Call August-September.
Sai Shreeja Cars Pvt. Ltd.,CRISIL,Fund-Based,B,2025-12-22,HOT,ULTRA HOT,2026-12-22,42.2,Other,Other,Standard,D365,INC rating hits ULTRA HOT on 2026-12-22 — prime Q1 2027 renewal target,Your Fund-Based at CRISIL goes critical in Dec 2026. Start ACER process in Sep 2026 — before the Q1 rush.,August 2026 (before Dec ULTRA HOT threshold),Currently HOT — escalates to ULTRA HOT Dec 2026. NOT in October pool. Call August-September.
Sri Dakshinamurthy Agro Inds. Pvt. Ltd.,CRISIL,Term Loan,B+,2025-12-22,HOT,ULTRA HOT,2026-12-22,28.0,Agro/Food,Agro/Food,Standard,D365,INC rating hits ULTRA HOT on 2026-12-22 — prime Q1 2027 renewal target,Your Term Loan at CRISIL goes critical in Dec 2026. Start ACER process in Sep 2026 — before the Q1 rush.,August 2026 (before Dec ULTRA HOT threshold),Currently HOT — escalates to ULTRA HOT Dec 2026. NOT in October pool. Call August-September.
Sai Shreeja Cars Pvt. Ltd.,CRISIL,Fund-Based,B,2025-12-22,HOT,ULTRA HOT,2026-12-22,27.0,Other,Other,Standard,D365,INC rating hits ULTRA HOT on 2026-12-22 — prime Q1 2027 renewal target,Your Fund-Based at CRISIL goes critical in Dec 2026. Start ACER process in Sep 2026 — before the Q1 rush.,August 2026 (before Dec ULTRA HOT threshold),Currently HOT — escalates to ULTRA HOT Dec 2026. NOT in October pool. Call August-September.
Tirupatee Agro Industries Private Limited,Infomerics,Long Term Bank  Facilities (Including  proposed facility of  Rs. 0.46 crore),IVR D (INC)(Downgraded),2025-12-22,HOT,ULTRA HOT,2026-12-22,22.57,Agro/Food,Agro/Food,Standard,Infomerics,INC rating hits ULTRA HOT on 2026-12-22 — exclusive Q1 2027 whitespace lead,Your Infomerics INC rating goes critical in Dec 2026. ACER is your best alternative — no competitor has approached you.,August 2026 (before Dec ULTRA HOT threshold),Currently HOT — escalates to ULTRA HOT Dec 2026. NOT in October pool. Call August-September.
B E Contracts Pvt. Ltd.,CARE,NCD/Bond,B/A4,2025-12-22,HOT,ULTRA HOT,2026-12-22,20.0,Other,Other,NCD — SEBI License Required,D365,INC rating hits ULTRA HOT on 2026-12-22 — prime Q1 2027 renewal target,Your NCD/Bond at CARE goes critical in Dec 2026. Start ACER process in Sep 2026 — before the Q1 rush.,August 2026 (before Dec ULTRA HOT threshold),Currently HOT — escalates to ULTRA HOT Dec 2026. NOT in October pool. Call August-September.
Kkrishna Vaahan Pvt. Ltd.,CRISIL,Fund-Based,B,2025-12-22,HOT,ULTRA HOT,2026-12-22,20.0,Other,Other,Standard,D365,INC rating hits ULTRA HOT on 2026-12-22 — prime Q1 2027 renewal target,Your Fund-Based at CRISIL goes critical in Dec 2026. Start ACER process in Sep 2026 — before the Q1 rush.,August 2026 (before Dec ULTRA HOT threshold),Currently HOT — escalates to ULTRA HOT Dec 2026. NOT in October pool. Call August-September.
Shakun Gases Pvt. Ltd.,CRISIL,Letter of Credit,A 4,2025-12-22,HOT,ULTRA HOT,2026-12-22,20.0,Energy,Energy,Standard,D365,INC rating hits ULTRA HOT on 2026-12-22 — prime Q1 2027 renewal target,Your Letter of Credit at CRISIL goes critical in Dec 2026. Start ACER process in Sep 2026 — before the Q1 rush.,August 2026 (before Dec ULTRA HOT threshold),Currently HOT — escalates to ULTRA HOT Dec 2026. NOT in October pool. Call August-September.
Skandhanshi Infra Projects India Pvt. Ltd.,CRISIL,Term Loan,B,2025-12-22,HOT,ULTRA HOT,2026-12-22,20.0,Construction,Construction,Standard,D365,INC rating hits ULTRA HOT on 2026-12-22 — prime Q1 2027 renewal target,Your Term Loan at CRISIL goes critical in Dec 2026. Start ACER process in Sep 2026 — before the Q1 rush.,August 2026 (before Dec ULTRA HOT threshold),Currently HOT — escalates to ULTRA HOT Dec 2026. NOT in October pool. Call August-September.
Orange Auto Pvt. Ltd.,CRISIL,Term Loan,B,2025-12-22,HOT,ULTRA HOT,2026-12-22,18.4,Manufacturing,Manufacturing,Standard,D365,INC rating hits ULTRA HOT on 2026-12-22 — prime Q1 2027 renewal target,Your Term Loan at CRISIL goes critical in Dec 2026. Start ACER process in Sep 2026 — before the Q1 rush.,August 2026 (before Dec ULTRA HOT threshold),Currently HOT — escalates to ULTRA HOT Dec 2026. NOT in October pool. Call August-September.
Primatel Fibcom Ltd.,CRISIL,Letter of Credit,A 4,2025-12-22,HOT,ULTRA HOT,2026-12-22,14.6,Other,Other,Standard,D365,INC rating hits ULTRA HOT on 2026-12-22 — prime Q1 2027 renewal target,Your Letter of Credit at CRISIL goes critical in Dec 2026. Start ACER process in Sep 2026 — before the Q1 rush.,August 2026 (before Dec ULTRA HOT threshold),Currently HOT — escalates to ULTRA HOT Dec 2026. NOT in October pool. Call August-September.
Rasika Motors Pvt. Ltd.,CRISIL,Fund-Based,B,2025-12-22,HOT,ULTRA HOT,2026-12-22,14.6,Other,Automobiles,Standard,D365,INC rating hits ULTRA HOT on 2026-12-22 — prime Q1 2027 renewal target,Your Fund-Based at CRISIL goes critical in Dec 2026. Start ACER process in Sep 2026 — before the Q1 rush.,August 2026 (before Dec ULTRA HOT threshold),Currently HOT — escalates to ULTRA HOT Dec 2026. NOT in October pool. Call August-September.
P K Construction Shimla Pvt. Ltd.,CRISIL,Bank Guarantee,A 4,2025-12-22,HOT,ULTRA HOT,2026-12-22,12.75,Construction,Construction,Standard,D365,INC rating hits ULTRA HOT on 2026-12-22 — prime Q1 2027 renewal target,Your Bank Guarantee at CRISIL goes critical in Dec 2026. Start ACER process in Sep 2026 — before the Q1 rush.,August 2026 (before Dec ULTRA HOT threshold),Currently HOT — escalates to ULTRA HOT Dec 2026. NOT in October pool. Call August-September.
Uni-Tech Automation Pvt. Ltd.,ICRA,Term Loan,B+,2025-12-22,HOT,ULTRA HOT,2026-12-22,12.0,Manufacturing,Manufacturing,Standard,D365,INC rating hits ULTRA HOT on 2026-12-22 — prime Q1 2027 renewal target,Your Term Loan at ICRA goes critical in Dec 2026. Start ACER process in Sep 2026 — before the Q1 rush.,August 2026 (before Dec ULTRA HOT threshold),Currently HOT — escalates to ULTRA HOT Dec 2026. NOT in October pool. Call August-September.
Sai Shreeja Cars Pvt. Ltd.,CRISIL,Term Loan,B,2025-12-22,HOT,ULTRA HOT,2026-12-22,11.5,Other,Other,Standard,D365,INC rating hits ULTRA HOT on 2026-12-22 — prime Q1 2027 renewal target,Your Term Loan at CRISIL goes critical in Dec 2026. Start ACER process in Sep 2026 — before the Q1 rush.,August 2026 (before Dec ULTRA HOT threshold),Currently HOT — escalates to ULTRA HOT Dec 2026. NOT in October pool. Call August-September.
Pioneer Fabricators Ltd.,CRISIL,Bank Guarantee,A 4,2025-12-22,HOT,ULTRA HOT,2026-12-22,11.0,Textiles,Textiles,Standard,D365,INC rating hits ULTRA HOT on 2026-12-22 — prime Q1 2027 renewal target,Your Bank Guarantee at CRISIL goes critical in Dec 2026. Start ACER process in Sep 2026 — before the Q1 rush.,August 2026 (before Dec ULTRA HOT threshold),Currently HOT — escalates to ULTRA HOT Dec 2026. NOT in October pool. Call August-September.
Building Blocks Projects India Pvt. Ltd.,CRISIL,Term Loan,B,2025-12-22,HOT,ULTRA HOT,2026-12-22,10.0,Construction,Construction,Standard,D365,INC rating hits ULTRA HOT on 2026-12-22 — prime Q1 2027 renewal target,Your Term Loan at CRISIL goes critical in Dec 2026. Start ACER process in Sep 2026 — before the Q1 rush.,August 2026 (before Dec ULTRA HOT threshold),Currently HOT — escalates to ULTRA HOT Dec 2026. NOT in October pool. Call August-September.
Jai Raj Ispat Ltd.,BRICKWORK,Letter of Credit,A 4,2025-12-22,HOT,ULTRA HOT,2026-12-22,10.0,Other,Other,Standard,D365,INC rating hits ULTRA HOT on 2026-12-22 — prime Q1 2027 renewal target,Your Letter of Credit at BRICKWORK goes critical in Dec 2026. Start ACER process in Sep 2026 — before the Q1 rush.,August 2026 (before Dec ULTRA HOT threshold),Currently HOT — escalates to ULTRA HOT Dec 2026. NOT in October pool. Call August-September.
The Kothari Wheels,Infomerics,Short Term Bank Facilities,IVR A4 (INC)(Downgraded),2025-12-22,HOT,ULTRA HOT,2026-12-22,10.0,Other,Other,Standard,Infomerics,INC rating hits ULTRA HOT on 2026-12-22 — exclusive Q1 2027 whitespace lead,Your Infomerics INC rating goes critical in Dec 2026. ACER is your best alternative — no competitor has approached you.,August 2026 (before Dec ULTRA HOT threshold),Currently HOT — escalates to ULTRA HOT Dec 2026. NOT in October pool. Call August-September.
Om Threads Pvt. Ltd.,CRISIL,Term Loan,B+,2025-12-22,HOT,ULTRA HOT,2026-12-22,9.3,Other,Textiles,Standard,D365,INC rating hits ULTRA HOT on 2026-12-22 — prime Q1 2027 renewal target,Your Term Loan at CRISIL goes critical in Dec 2026. Start ACER process in Sep 2026 — before the Q1 rush.,August 2026 (before Dec ULTRA HOT threshold),Currently HOT — escalates to ULTRA HOT Dec 2026. NOT in October pool. Call August-September.
Remira Motors Pvt. Ltd.,CRISIL,Term Loan,B,2025-12-22,HOT,ULTRA HOT,2026-12-22,9.0,Other,Automobiles,Standard,D365,INC rating hits ULTRA HOT on 2026-12-22 — prime Q1 2027 renewal target,Your Term Loan at CRISIL goes critical in Dec 2026. Start ACER process in Sep 2026 — before the Q1 rush.,August 2026 (before Dec ULTRA HOT threshold),Currently HOT — escalates to ULTRA HOT Dec 2026. NOT in October pool. Call August-September.
Uni-Tech Automation Pvt. Ltd.,ICRA,NCD/Bond,B+/A4,2025-12-22,HOT,ULTRA HOT,2026-12-22,9.0,Manufacturing,Manufacturing,NCD — SEBI License Required,D365,INC rating hits ULTRA HOT on 2026-12-22 — prime Q1 2027 renewal target,Your NCD/Bond at ICRA goes critical in Dec 2026. Start ACER process in Sep 2026 — before the Q1 rush.,August 2026 (before Dec ULTRA HOT threshold),Currently HOT — escalates to ULTRA HOT Dec 2026. NOT in October pool. Call August-September.
Surat Goods Transport Pvt. Ltd.,CRISIL,Bank Guarantee,A 4,2025-12-22,HOT,ULTRA HOT,2026-12-22,8.5,Logistics,Logistics,Standard,D365,INC rating hits ULTRA HOT on 2026-12-22 — prime Q1 2027 renewal target,Your Bank Guarantee at CRISIL goes critical in Dec 2026. Start ACER process in Sep 2026 — before the Q1 rush.,August 2026 (before Dec ULTRA HOT threshold),Currently HOT — escalates to ULTRA HOT Dec 2026. NOT in October pool. Call August-September.
P V S Automotive Co. Pvt. Ltd.,CRISIL,Fund-Based,B+,2025-12-22,HOT,ULTRA HOT,2026-12-22,8.14,Manufacturing,Manufacturing,Standard,D365,INC rating hits ULTRA HOT on 2026-12-22 — prime Q1 2027 renewal target,Your Fund-Based at CRISIL goes critical in Dec 2026. Start ACER process in Sep 2026 — before the Q1 rush.,August 2026 (before Dec ULTRA HOT threshold),Currently HOT — escalates to ULTRA HOT Dec 2026. NOT in October pool. Call August-September.
Sharvi Agro Mills Pvt. Ltd.,CRISIL,Term Loan,B+,2025-12-22,HOT,ULTRA HOT,2026-12-22,8.0,Agro/Food,Agro/Food,Standard,D365,INC rating hits ULTRA HOT on 2026-12-22 — prime Q1 2027 renewal target,Your Term Loan at CRISIL goes critical in Dec 2026. Start ACER process in Sep 2026 — before the Q1 rush.,August 2026 (before Dec ULTRA HOT threshold),Currently HOT — escalates to ULTRA HOT Dec 2026. NOT in October pool. Call August-September.
Tirumala Tirupati Rice Mill Private Limited,Infomerics,Long Term Bank Facilities,IVR C+ (INC)(Downgraded),2025-12-22,HOT,ULTRA HOT,2026-12-22,8.0,Agro/Food,Agro/Food,Standard,Infomerics,INC rating hits ULTRA HOT on 2026-12-22 — exclusive Q1 2027 whitespace lead,Your Infomerics INC rating goes critical in Dec 2026. ACER is your best alternative — no competitor has approached you.,August 2026 (before Dec ULTRA HOT threshold),Currently HOT — escalates to ULTRA HOT Dec 2026. NOT in October pool. Call August-September.
Rabia Logistics Pvt. Ltd.,CRISIL,Term Loan,B-,2025-12-22,HOT,ULTRA HOT,2026-12-22,7.89,Logistics,Logistics,Standard,D365,INC rating hits ULTRA HOT on 2026-12-22 — prime Q1 2027 renewal target,Your Term Loan at CRISIL goes critical in Dec 2026. Start ACER process in Sep 2026 — before the Q1 rush.,August 2026 (before Dec ULTRA HOT threshold),Currently HOT — escalates to ULTRA HOT Dec 2026. NOT in October pool. Call August-September.
Excelsource International Pvt. Ltd.,CARE,Term Loan,B+,2025-12-22,HOT,ULTRA HOT,2026-12-22,7.79,Other,Other,Standard,D365,INC rating hits ULTRA HOT on 2026-12-22 — prime Q1 2027 renewal target,Your Term Loan at CARE goes critical in Dec 2026. Start ACER process in Sep 2026 — before the Q1 rush.,August 2026 (before Dec ULTRA HOT threshold),Currently HOT — escalates to ULTRA HOT Dec 2026. NOT in October pool. Call August-September.
Kamadhenu Jewellery Pvt. Ltd.,CRISIL,Term Loan,B+,2025-12-22,HOT,ULTRA HOT,2026-12-22,7.5,Jewellery,Jewellery,Standard,D365,INC rating hits ULTRA HOT on 2026-12-22 — prime Q1 2027 renewal target,Your Term Loan at CRISIL goes critical in Dec 2026. Start ACER process in Sep 2026 — before the Q1 rush.,August 2026 (before Dec ULTRA HOT threshold),Currently HOT — escalates to ULTRA HOT Dec 2026. NOT in October pool. Call August-September.
The Kothari Wheels,Infomerics,Proposed short term bank facilities,IVR A4 (INC)(Downgraded),2025-12-22,HOT,ULTRA HOT,2026-12-22,7.3,Other,Other,Standard,Infomerics,INC rating hits ULTRA HOT on 2026-12-22 — exclusive Q1 2027 whitespace lead,Your Infomerics INC rating goes critical in Dec 2026. ACER is your best alternative — no competitor has approached you.,August 2026 (before Dec ULTRA HOT threshold),Currently HOT — escalates to ULTRA HOT Dec 2026. NOT in October pool. Call August-September.
Novartis Energy Pvt. Ltd.,CRISIL,Letter of Credit,A 4,2025-12-22,HOT,ULTRA HOT,2026-12-22,7.0,Energy,Energy,Standard,D365,INC rating hits ULTRA HOT on 2026-12-22 — prime Q1 2027 renewal target,Your Letter of Credit at CRISIL goes critical in Dec 2026. Start ACER process in Sep 2026 — before the Q1 rush.,August 2026 (before Dec ULTRA HOT threshold),Currently HOT — escalates to ULTRA HOT Dec 2026. NOT in October pool. Call August-September.
Punj Motors Pvt. Ltd.,CRISIL,Fund-Based,B+,2025-12-22,HOT,ULTRA HOT,2026-12-22,6.7,Other,Automobiles,Standard,D365,INC rating hits ULTRA HOT on 2026-12-22 — prime Q1 2027 renewal target,Your Fund-Based at CRISIL goes critical in Dec 2026. Start ACER process in Sep 2026 — before the Q1 rush.,August 2026 (before Dec ULTRA HOT threshold),Currently HOT — escalates to ULTRA HOT Dec 2026. NOT in October pool. Call August-September.
Sri Nav Durga Textile Processors Pvt. Ltd.,CRISIL,Term Loan,B,2025-12-22,HOT,ULTRA HOT,2026-12-22,6.61,Textiles,Textiles,Standard,D365,INC rating hits ULTRA HOT on 2026-12-22 — prime Q1 2027 renewal target,Your Term Loan at CRISIL goes critical in Dec 2026. Start ACER process in Sep 2026 — before the Q1 rush.,August 2026 (before Dec ULTRA HOT threshold),Currently HOT — escalates to ULTRA HOT Dec 2026. NOT in October pool. Call August-September.
Remira Motors Pvt. Ltd.,CRISIL,Fund-Based,B,2025-12-22,HOT,ULTRA HOT,2026-12-22,6.5,Other,Automobiles,Standard,D365,INC rating hits ULTRA HOT on 2026-12-22 — prime Q1 2027 renewal target,Your Fund-Based at CRISIL goes critical in Dec 2026. Start ACER process in Sep 2026 — before the Q1 rush.,August 2026 (before Dec ULTRA HOT threshold),Currently HOT — escalates to ULTRA HOT Dec 2026. NOT in October pool. Call August-September.
Shyamjoti Rice Mill Pvt. Ltd.,CRISIL,Term Loan,B,2025-12-22,HOT,ULTRA HOT,2026-12-22,6.33,Agro/Food,Agro/Food,Standard,D365,INC rating hits ULTRA HOT on 2026-12-22 — prime Q1 2027 renewal target,Your Term Loan at CRISIL goes critical in Dec 2026. Start ACER process in Sep 2026 — before the Q1 rush.,August 2026 (before Dec ULTRA HOT threshold),Currently HOT — escalates to ULTRA HOT Dec 2026. NOT in October pool. Call August-September.
Jai Raj Ispat Ltd.,BRICKWORK,Bank Guarantee,A 4,2025-12-22,HOT,ULTRA HOT,2026-12-22,6.0,Other,Other,Standard,D365,INC rating hits ULTRA HOT on 2026-12-22 — prime Q1 2027 renewal target,Your Bank Guarantee at BRICKWORK goes critical in Dec 2026. Start ACER process in Sep 2026 — before the Q1 rush.,August 2026 (before Dec ULTRA HOT threshold),Currently HOT — escalates to ULTRA HOT Dec 2026. NOT in October pool. Call August-September.
Tirumala Tirupati Rice Mill Private Limited,Infomerics,Short Term Bank Facilities,IVR A4 (INC)(Reaffirmed),2025-12-22,HOT,ULTRA HOT,2026-12-22,6.0,Agro/Food,Agro/Food,Standard,Infomerics,INC rating hits ULTRA HOT on 2026-12-22 — exclusive Q1 2027 whitespace lead,Your Infomerics INC rating goes critical in Dec 2026. ACER is your best alternative — no competitor has approached you.,August 2026 (before Dec ULTRA HOT threshold),Currently HOT — escalates to ULTRA HOT Dec 2026. NOT in October pool. Call August-September.
Kkrishna Vaahan Pvt. Ltd.,CRISIL,Term Loan,B,2025-12-22,HOT,ULTRA HOT,2026-12-22,5.92,Other,Other,Standard,D365,INC rating hits ULTRA HOT on 2026-12-22 — prime Q1 2027 renewal target,Your Term Loan at CRISIL goes critical in Dec 2026. Start ACER process in Sep 2026 — before the Q1 rush.,August 2026 (before Dec ULTRA HOT threshold),Currently HOT — escalates to ULTRA HOT Dec 2026. NOT in October pool. Call August-September.
Primatel Fibcom Ltd.,CRISIL,Bank Guarantee,A 4,2025-12-22,HOT,ULTRA HOT,2026-12-22,5.4,Other,Other,Standard,D365,INC rating hits ULTRA HOT on 2026-12-22 — prime Q1 2027 renewal target,Your Bank Guarantee at CRISIL goes critical in Dec 2026. Start ACER process in Sep 2026 — before the Q1 rush.,August 2026 (before Dec ULTRA HOT threshold),Currently HOT — escalates to ULTRA HOT Dec 2026. NOT in October pool. Call August-September.
Pragati Ingots & Power Pvt. Ltd.,CRISIL,Term Loan,B+,2025-12-22,HOT,ULTRA HOT,2026-12-22,5.2,Energy,Energy,Standard,D365,INC rating hits ULTRA HOT on 2026-12-22 — prime Q1 2027 renewal target,Your Term Loan at CRISIL goes critical in Dec 2026. Start ACER process in Sep 2026 — before the Q1 rush.,August 2026 (before Dec ULTRA HOT threshold),Currently HOT — escalates to ULTRA HOT Dec 2026. NOT in October pool. Call August-September.
P K T Infra Pvt. Ltd.,CRISIL,Bank Guarantee,A 4,2025-12-22,HOT,ULTRA HOT,2026-12-22,5.0,Construction,Construction,Standard,D365,INC rating hits ULTRA HOT on 2026-12-22 — prime Q1 2027 renewal target,Your Bank Guarantee at CRISIL goes critical in Dec 2026. Start ACER process in Sep 2026 — before the Q1 rush.,August 2026 (before Dec ULTRA HOT threshold),Currently HOT — escalates to ULTRA HOT Dec 2026. NOT in October pool. Call August-September.
Sidwin Fabric Pvt. Ltd.,CRISIL,Term Loan,B,2025-12-22,HOT,ULTRA HOT,2026-12-22,5.0,Textiles,Textiles,Standard,D365,INC rating hits ULTRA HOT on 2026-12-22 — prime Q1 2027 renewal target,Your Term Loan at CRISIL goes critical in Dec 2026. Start ACER process in Sep 2026 — before the Q1 rush.,August 2026 (before Dec ULTRA HOT threshold),Currently HOT — escalates to ULTRA HOT Dec 2026. NOT in October pool. Call August-September.
A One Steels India Pvt. Ltd.,BRICKWORK,Letter of Credit,A 4,2025-12-22,HOT,ULTRA HOT,2026-12-22,5.0,Steel & Metals,Steel & Metals,Standard,D365,INC rating hits ULTRA HOT on 2026-12-22 — prime Q1 2027 renewal target,Your Letter of Credit at BRICKWORK goes critical in Dec 2026. Start ACER process in Sep 2026 — before the Q1 rush.,August 2026 (before Dec ULTRA HOT threshold),Currently HOT — escalates to ULTRA HOT Dec 2026. NOT in October pool. Call August-September.
Srinav Oil Extraction Pvt. Ltd.,CRISIL,Term Loan,B,2025-12-22,HOT,ULTRA HOT,2026-12-22,4.5,Energy,Energy,Standard,D365,INC rating hits ULTRA HOT on 2026-12-22 — prime Q1 2027 renewal target,Your Term Loan at CRISIL goes critical in Dec 2026. Start ACER process in Sep 2026 — before the Q1 rush.,August 2026 (before Dec ULTRA HOT threshold),Currently HOT — escalates to ULTRA HOT Dec 2026. NOT in October pool. Call August-September.
Memon Health Care Pvt. Ltd.,ICRA,Term Loan,B+,2025-12-22,HOT,ULTRA HOT,2026-12-22,4.07,Healthcare,Healthcare,Standard,D365,INC rating hits ULTRA HOT on 2026-12-22 — prime Q1 2027 renewal target,Your Term Loan at ICRA goes critical in Dec 2026. Start ACER process in Sep 2026 — before the Q1 rush.,August 2026 (before Dec ULTRA HOT threshold),Currently HOT — escalates to ULTRA HOT Dec 2026. NOT in October pool. Call August-September.
Brua Hydrowatt Pvt. Ltd.,CARE,Bank Guarantee,B,2025-12-22,HOT,ULTRA HOT,2026-12-22,4.0,Energy,Energy,Standard,D365,INC rating hits ULTRA HOT on 2026-12-22 — prime Q1 2027 renewal target,Your Bank Guarantee at CARE goes critical in Dec 2026. Start ACER process in Sep 2026 — before the Q1 rush.,August 2026 (before Dec ULTRA HOT threshold),Currently HOT — escalates to ULTRA HOT Dec 2026. NOT in October pool. Call August-September.
Pure Petrochem India Pvt. Ltd.,CRISIL,Term Loan,B,2025-12-22,HOT,ULTRA HOT,2026-12-22,4.0,Chemicals/Pharma,Chemicals/Pharma,Standard,D365,INC rating hits ULTRA HOT on 2026-12-22 — prime Q1 2027 renewal target,Your Term Loan at CRISIL goes critical in Dec 2026. Start ACER process in Sep 2026 — before the Q1 rush.,August 2026 (before Dec ULTRA HOT threshold),Currently HOT — escalates to ULTRA HOT Dec 2026. NOT in October pool. Call August-September.
Sukata Tractor Parts Pvt. Ltd.,CRISIL,Term Loan,B+,2025-12-22,HOT,ULTRA HOT,2026-12-22,3.7,Other,Automobiles,Standard,D365,INC rating hits ULTRA HOT on 2026-12-22 — prime Q1 2027 renewal target,Your Term Loan at CRISIL goes critical in Dec 2026. Start ACER process in Sep 2026 — before the Q1 rush.,August 2026 (before Dec ULTRA HOT threshold),Currently HOT — escalates to ULTRA HOT Dec 2026. NOT in October pool. Call August-September.
Pure Petrochem India Pvt. Ltd.,CRISIL,Term Loan,B,2025-12-22,HOT,ULTRA HOT,2026-12-22,3.5,Chemicals/Pharma,Chemicals/Pharma,Standard,D365,INC rating hits ULTRA HOT on 2026-12-22 — prime Q1 2027 renewal target,Your Term Loan at CRISIL goes critical in Dec 2026. Start ACER process in Sep 2026 — before the Q1 rush.,August 2026 (before Dec ULTRA HOT threshold),Currently HOT — escalates to ULTRA HOT Dec 2026. NOT in October pool. Call August-September.
Memon Health Care Pvt. Ltd.,ICRA,NCD/Bond,B+/A4,2025-12-22,HOT,ULTRA HOT,2026-12-22,3.33,Healthcare,Healthcare,NCD — SEBI License Required,D365,INC rating hits ULTRA HOT on 2026-12-22 — prime Q1 2027 renewal target,Your NCD/Bond at ICRA goes critical in Dec 2026. Start ACER process in Sep 2026 — before the Q1 rush.,August 2026 (before Dec ULTRA HOT threshold),Currently HOT — escalates to ULTRA HOT Dec 2026. NOT in October pool. Call August-September.
Pioneer Fabricators Ltd.,CRISIL,Letter of Credit,A 4,2025-12-22,HOT,ULTRA HOT,2026-12-22,3.0,Textiles,Textiles,Standard,D365,INC rating hits ULTRA HOT on 2026-12-22 — prime Q1 2027 renewal target,Your Letter of Credit at CRISIL goes critical in Dec 2026. Start ACER process in Sep 2026 — before the Q1 rush.,August 2026 (before Dec ULTRA HOT threshold),Currently HOT — escalates to ULTRA HOT Dec 2026. NOT in October pool. Call August-September.
Al-Dua Food Processing Pvt. Ltd.,BRICKWORK,Bank Guarantee,A 4,2025-12-22,HOT,ULTRA HOT,2026-12-22,3.0,Agro/Food,Agro/Food,Standard,D365,INC rating hits ULTRA HOT on 2026-12-22 — prime Q1 2027 renewal target,Your Bank Guarantee at BRICKWORK goes critical in Dec 2026. Start ACER process in Sep 2026 — before the Q1 rush.,August 2026 (before Dec ULTRA HOT threshold),Currently HOT — escalates to ULTRA HOT Dec 2026. NOT in October pool. Call August-September.
Pashupati Roller Flour Mill Pvt. Ltd.,CRISIL,Term Loan,B,2025-12-22,HOT,ULTRA HOT,2026-12-22,2.88,Agro/Food,Agro/Food,Standard,D365,INC rating hits ULTRA HOT on 2026-12-22 — prime Q1 2027 renewal target,Your Term Loan at CRISIL goes critical in Dec 2026. Start ACER process in Sep 2026 — before the Q1 rush.,August 2026 (before Dec ULTRA HOT threshold),Currently HOT — escalates to ULTRA HOT Dec 2026. NOT in October pool. Call August-September.
P K Construction Shimla Pvt. Ltd.,CRISIL,Term Loan,B,2025-12-22,HOT,ULTRA HOT,2026-12-22,2.75,Construction,Construction,Standard,D365,INC rating hits ULTRA HOT on 2026-12-22 — prime Q1 2027 renewal target,Your Term Loan at CRISIL goes critical in Dec 2026. Start ACER process in Sep 2026 — before the Q1 rush.,August 2026 (before Dec ULTRA HOT threshold),Currently HOT — escalates to ULTRA HOT Dec 2026. NOT in October pool. Call August-September.
Excelsource International Pvt. Ltd.,CARE,NCD/Bond,B+/A4,2025-12-22,HOT,ULTRA HOT,2026-12-22,2.0,Other,Other,NCD — SEBI License Required,D365,INC rating hits ULTRA HOT on 2026-12-22 — prime Q1 2027 renewal target,Your NCD/Bond at CARE goes critical in Dec 2026. Start ACER process in Sep 2026 — before the Q1 rush.,August 2026 (before Dec ULTRA HOT threshold),Currently HOT — escalates to ULTRA HOT Dec 2026. NOT in October pool. Call August-September.
Osaw Agro Inds. Pvt. Ltd.,CRISIL,Bank Guarantee,A 4,2025-12-22,HOT,ULTRA HOT,2026-12-22,2.0,Agro/Food,Agro/Food,Standard,D365,INC rating hits ULTRA HOT on 2026-12-22 — prime Q1 2027 renewal target,Your Bank Guarantee at CRISIL goes critical in Dec 2026. Start ACER process in Sep 2026 — before the Q1 rush.,August 2026 (before Dec ULTRA HOT threshold),Currently HOT — escalates to ULTRA HOT Dec 2026. NOT in October pool. Call August-September.
Radharaman Stainless Steel Pvt. Ltd.,CRISIL,Letter of Credit,A 4,2025-12-22,HOT,ULTRA HOT,2026-12-22,2.0,Steel & Metals,Steel & Metals,Standard,D365,INC rating hits ULTRA HOT on 2026-12-22 — prime Q1 2027 renewal target,Your Letter of Credit at CRISIL goes critical in Dec 2026. Start ACER process in Sep 2026 — before the Q1 rush.,August 2026 (before Dec ULTRA HOT threshold),Currently HOT — escalates to ULTRA HOT Dec 2026. NOT in October pool. Call August-September.
Acaricide India Pvt. Ltd.,ACUITE,Letter of Credit,A 4,2025-12-22,HOT,ULTRA HOT,2026-12-22,2.0,Other,Other,Standard,D365,INC rating hits ULTRA HOT on 2026-12-22 — prime Q1 2027 renewal target,Your Letter of Credit at ACUITE goes critical in Dec 2026. Start ACER process in Sep 2026 — before the Q1 rush.,August 2026 (before Dec ULTRA HOT threshold),Currently HOT — escalates to ULTRA HOT Dec 2026. NOT in October pool. Call August-September.
Radharaman Stainless Steel Pvt. Ltd.,CRISIL,Term Loan,B,2025-12-22,HOT,ULTRA HOT,2026-12-22,1.88,Steel & Metals,Steel & Metals,Standard,D365,INC rating hits ULTRA HOT on 2026-12-22 — prime Q1 2027 renewal target,Your Term Loan at CRISIL goes critical in Dec 2026. Start ACER process in Sep 2026 — before the Q1 rush.,August 2026 (before Dec ULTRA HOT threshold),Currently HOT — escalates to ULTRA HOT Dec 2026. NOT in October pool. Call August-September.
B E Contracts Pvt. Ltd.,CARE,Term Loan,B,2025-12-22,HOT,ULTRA HOT,2026-12-22,1.65,Other,Other,Standard,D365,INC rating hits ULTRA HOT on 2026-12-22 — prime Q1 2027 renewal target,Your Term Loan at CARE goes critical in Dec 2026. Start ACER process in Sep 2026 — before the Q1 rush.,August 2026 (before Dec ULTRA HOT threshold),Currently HOT — escalates to ULTRA HOT Dec 2026. NOT in October pool. Call August-September.
The Kothari Wheels,Infomerics,Long Term Bank Facilities,IVR BB- (INC)(Downgraded),2025-12-22,HOT,ULTRA HOT,2026-12-22,1.35,Other,Other,Standard,Infomerics,INC rating hits ULTRA HOT on 2026-12-22 — exclusive Q1 2027 whitespace lead,Your Infomerics INC rating goes critical in Dec 2026. ACER is your best alternative — no competitor has approached you.,August 2026 (before Dec ULTRA HOT threshold),Currently HOT — escalates to ULTRA HOT Dec 2026. NOT in October pool. Call August-September.
Pioneer Fabricators Ltd.,CRISIL,Term Loan,B-,2025-12-22,HOT,ULTRA HOT,2026-12-22,1.0,Textiles,Textiles,Standard,D365,INC rating hits ULTRA HOT on 2026-12-22 — prime Q1 2027 renewal target,Your Term Loan at CRISIL goes critical in Dec 2026. Start ACER process in Sep 2026 — before the Q1 rush.,August 2026 (before Dec ULTRA HOT threshold),Currently HOT — escalates to ULTRA HOT Dec 2026. NOT in October pool. Call August-September.
Al-Dua Food Processing Pvt. Ltd.,BRICKWORK,Term Loan,C,2025-12-22,HOT,ULTRA HOT,2026-12-22,0.8,Agro/Food,Agro/Food,Standard,D365,INC rating hits ULTRA HOT on 2026-12-22 — prime Q1 2027 renewal target,Your Term Loan at BRICKWORK goes critical in Dec 2026. Start ACER process in Sep 2026 — before the Q1 rush.,August 2026 (before Dec ULTRA HOT threshold),Currently HOT — escalates to ULTRA HOT Dec 2026. NOT in October pool. Call August-September.
Mangalam Rice Mill Pvt. Ltd.,CARE,Term Loan,B-,2025-12-22,HOT,ULTRA HOT,2026-12-22,0.79,Agro/Food,Agro/Food,Standard,D365,INC rating hits ULTRA HOT on 2026-12-22 — prime Q1 2027 renewal target,Your Term Loan at CARE goes critical in Dec 2026. Start ACER process in Sep 2026 — before the Q1 rush.,August 2026 (before Dec ULTRA HOT threshold),Currently HOT — escalates to ULTRA HOT Dec 2026. NOT in October pool. Call August-September.
Shyamjoti Rice Mill Pvt. Ltd.,CRISIL,Bank Guarantee,A 4,2025-12-22,HOT,ULTRA HOT,2026-12-22,0.7,Agro/Food,Agro/Food,Standard,D365,INC rating hits ULTRA HOT on 2026-12-22 — prime Q1 2027 renewal target,Your Bank Guarantee at CRISIL goes critical in Dec 2026. Start ACER process in Sep 2026 — before the Q1 rush.,August 2026 (before Dec ULTRA HOT threshold),Currently HOT — escalates to ULTRA HOT Dec 2026. NOT in October pool. Call August-September.
Pragati Ingots & Power Pvt. Ltd.,CRISIL,Term Loan,B+,2025-12-22,HOT,ULTRA HOT,2026-12-22,0.6,Energy,Energy,Standard,D365,INC rating hits ULTRA HOT on 2026-12-22 — prime Q1 2027 renewal target,Your Term Loan at CRISIL goes critical in Dec 2026. Start ACER process in Sep 2026 — before the Q1 rush.,August 2026 (before Dec ULTRA HOT threshold),Currently HOT — escalates to ULTRA HOT Dec 2026. NOT in October pool. Call August-September.
Mangalam Rice Mill Pvt. Ltd.,CARE,Bank Guarantee,A 4,2025-12-22,HOT,ULTRA HOT,2026-12-22,0.48,Agro/Food,Agro/Food,Standard,D365,INC rating hits ULTRA HOT on 2026-12-22 — prime Q1 2027 renewal target,Your Bank Guarantee at CARE goes critical in Dec 2026. Start ACER process in Sep 2026 — before the Q1 rush.,August 2026 (before Dec ULTRA HOT threshold),Currently HOT — escalates to ULTRA HOT Dec 2026. NOT in October pool. Call August-September.
Sri Nav Durga Textile Processors Pvt. Ltd.,CRISIL,Bank Guarantee,A 4,2025-12-22,HOT,ULTRA HOT,2026-12-22,0.4,Textiles,Textiles,Standard,D365,INC rating hits ULTRA HOT on 2026-12-22 — prime Q1 2027 renewal target,Your Bank Guarantee at CRISIL goes critical in Dec 2026. Start ACER process in Sep 2026 — before the Q1 rush.,August 2026 (before Dec ULTRA HOT threshold),Currently HOT — escalates to ULTRA HOT Dec 2026. NOT in October pool. Call August-September.
Sukata Tractor Parts Pvt. Ltd.,CRISIL,Term Loan,B+,2025-12-22,HOT,ULTRA HOT,2026-12-22,0.35,Other,Automobiles,Standard,D365,INC rating hits ULTRA HOT on 2026-12-22 — prime Q1 2027 renewal target,Your Term Loan at CRISIL goes critical in Dec 2026. Start ACER process in Sep 2026 — before the Q1 rush.,August 2026 (before Dec ULTRA HOT threshold),Currently HOT — escalates to ULTRA HOT Dec 2026. NOT in October pool. Call August-September.
Osaw Agro Inds. Pvt. Ltd.,CRISIL,Term Loan,B+,2025-12-22,HOT,ULTRA HOT,2026-12-22,0.25,Agro/Food,Agro/Food,Standard,D365,INC rating hits ULTRA HOT on 2026-12-22 — prime Q1 2027 renewal target,Your Term Loan at CRISIL goes critical in Dec 2026. Start ACER process in Sep 2026 — before the Q1 rush.,August 2026 (before Dec ULTRA HOT threshold),Currently HOT — escalates to ULTRA HOT Dec 2026. NOT in October pool. Call August-September.
Rasika Motors Pvt. Ltd.,CRISIL,Bank Guarantee,A 4,2025-12-22,HOT,ULTRA HOT,2026-12-22,0.25,Other,Automobiles,Standard,D365,INC rating hits ULTRA HOT on 2026-12-22 — prime Q1 2027 renewal target,Your Bank Guarantee at CRISIL goes critical in Dec 2026. Start ACER process in Sep 2026 — before the Q1 rush.,August 2026 (before Dec ULTRA HOT threshold),Currently HOT — escalates to ULTRA HOT Dec 2026. NOT in October pool. Call August-September.
Sri Nav Durga Textile Processors Pvt. Ltd.,CRISIL,Term Loan,B,2025-12-22,HOT,ULTRA HOT,2026-12-22,0.24,Textiles,Textiles,Standard,D365,INC rating hits ULTRA HOT on 2026-12-22 — prime Q1 2027 renewal target,Your Term Loan at CRISIL goes critical in Dec 2026. Start ACER process in Sep 2026 — before the Q1 rush.,August 2026 (before Dec ULTRA HOT threshold),Currently HOT — escalates to ULTRA HOT Dec 2026. NOT in October pool. Call August-September.
Sai Shreeja Cars Pvt. Ltd.,CRISIL,Bank Guarantee,A 4,2025-12-22,HOT,ULTRA HOT,2026-12-22,0.2,Other,Other,Standard,D365,INC rating hits ULTRA HOT on 2026-12-22 — prime Q1 2027 renewal target,Your Bank Guarantee at CRISIL goes critical in Dec 2026. Start ACER process in Sep 2026 — before the Q1 rush.,August 2026 (before Dec ULTRA HOT threshold),Currently HOT — escalates to ULTRA HOT Dec 2026. NOT in October pool. Call August-September.
Jai Raj Ispat Ltd.,BRICKWORK,Non-Fund-Based,A 4,2025-12-22,HOT,ULTRA HOT,2026-12-22,0.17,Other,Other,Standard,D365,INC rating hits ULTRA HOT on 2026-12-22 — prime Q1 2027 renewal target,Your Non-Fund-Based at BRICKWORK goes critical in Dec 2026. Start ACER process in Sep 2026 — before the Q1 rush.,August 2026 (before Dec ULTRA HOT threshold),Currently HOT — escalates to ULTRA HOT Dec 2026. NOT in October pool. Call August-September.
Rasika Motors Pvt. Ltd.,CRISIL,Term Loan,B,2025-12-22,HOT,ULTRA HOT,2026-12-22,0.1,Other,Automobiles,Standard,D365,INC rating hits ULTRA HOT on 2026-12-22 — prime Q1 2027 renewal target,Your Term Loan at CRISIL goes critical in Dec 2026. Start ACER process in Sep 2026 — before the Q1 rush.,August 2026 (before Dec ULTRA HOT threshold),Currently HOT — escalates to ULTRA HOT Dec 2026. NOT in October pool. Call August-September.
Shyamjoti Rice Mill Pvt. Ltd.,CRISIL,Term Loan,B,2025-12-22,HOT,ULTRA HOT,2026-12-22,0.01,Agro/Food,Agro/Food,Standard,D365,INC rating hits ULTRA HOT on 2026-12-22 — prime Q1 2027 renewal target,Your Term Loan at CRISIL goes critical in Dec 2026. Start ACER process in Sep 2026 — before the Q1 rush.,August 2026 (before Dec ULTRA HOT threshold),Currently HOT — escalates to ULTRA HOT Dec 2026. NOT in October pool. Call August-September.
Mehta Brothers Gems Pvt. Ltd.,ICRA,Term Loan,B+,2025-12-22,HOT,ULTRA HOT,2026-12-22,0.0,Jewellery,Jewellery,Standard,D365,INC rating hits ULTRA HOT on 2026-12-22 — prime Q1 2027 renewal target,Your Term Loan at ICRA goes critical in Dec 2026. Start ACER process in Sep 2026 — before the Q1 rush.,August 2026 (before Dec ULTRA HOT threshold),Currently HOT — escalates to ULTRA HOT Dec 2026. NOT in October pool. Call August-September.
J G Hosiery Pvt. Ltd.,ICRA,NCD/Bond,A/A2+,2025-12-23,HOT,ULTRA HOT,2026-12-23,230.0,Other,Other,NCD — SEBI License Required,D365,INC rating hits ULTRA HOT on 2026-12-23 — prime Q1 2027 renewal target,Your NCD/Bond at ICRA goes critical in Dec 2026. Start ACER process in Sep 2026 — before the Q1 rush.,August 2026 (before Dec ULTRA HOT threshold),Currently HOT — escalates to ULTRA HOT Dec 2026. NOT in October pool. Call August-September.
Dodhia Synthetics Limited,Infomerics,Long Term Bank Facilities,IVR BB- (INC)(Withdrawn),2025-12-23,HOT,ULTRA HOT,2026-12-23,203.3,Other,Other,Standard,Infomerics,INC rating hits ULTRA HOT on 2026-12-23 — exclusive Q1 2027 whitespace lead,Your Infomerics INC rating goes critical in Dec 2026. ACER is your best alternative — no competitor has approached you.,August 2026 (before Dec ULTRA HOT threshold),Currently HOT — escalates to ULTRA HOT Dec 2026. NOT in October pool. Call August-September.
Dodhia Synthetics Limited,Infomerics,Long Term Bank Facilities,IVR BB- (INC)(Withdrawn),2025-12-23,HOT,ULTRA HOT,2026-12-23,203.3,Other,Other,Standard,Infomerics,INC rating hits ULTRA HOT on 2026-12-23 — exclusive Q1 2027 whitespace lead,Your Infomerics INC rating goes critical in Dec 2026. ACER is your best alternative — no competitor has approached you.,August 2026 (before Dec ULTRA HOT threshold),Currently HOT — escalates to ULTRA HOT Dec 2026. NOT in October pool. Call August-September.
Dodhia Synthetics Limited,Infomerics,Short Term Bank Facilities,IVR A4 (INC)(Withdrawn),2025-12-23,HOT,ULTRA HOT,2026-12-23,91.15,Other,Other,Standard,Infomerics,INC rating hits ULTRA HOT on 2026-12-23 — exclusive Q1 2027 whitespace lead,Your Infomerics INC rating goes critical in Dec 2026. ACER is your best alternative — no competitor has approached you.,August 2026 (before Dec ULTRA HOT threshold),Currently HOT — escalates to ULTRA HOT Dec 2026. NOT in October pool. Call August-September.
Dodhia Synthetics Limited,Infomerics,Short Term Bank Facilities,IVR A4 (INC)(Withdrawn),2025-12-23,HOT,ULTRA HOT,2026-12-23,91.15,Other,Other,Standard,Infomerics,INC rating hits ULTRA HOT on 2026-12-23 — exclusive Q1 2027 whitespace lead,Your Infomerics INC rating goes critical in Dec 2026. ACER is your best alternative — no competitor has approached you.,August 2026 (before Dec ULTRA HOT threshold),Currently HOT — escalates to ULTRA HOT Dec 2026. NOT in October pool. Call August-September.
Arisudana Industries Ltd.,CRISIL,Term Loan,A-,2025-12-23,HOT,ULTRA HOT,2026-12-23,84.66,Other,Manufacturing,Standard,D365,INC rating hits ULTRA HOT on 2026-12-23 — prime Q1 2027 renewal target,Your Term Loan at CRISIL goes critical in Dec 2026. Start ACER process in Sep 2026 — before the Q1 rush.,August 2026 (before Dec ULTRA HOT threshold),Currently HOT — escalates to ULTRA HOT Dec 2026. NOT in October pool. Call August-September.
J G Hosiery Pvt. Ltd.,ICRA,Fund-Based,A,2025-12-23,HOT,ULTRA HOT,2026-12-23,75.0,Other,Other,Standard,D365,INC rating hits ULTRA HOT on 2026-12-23 — prime Q1 2027 renewal target,Your Fund-Based at ICRA goes critical in Dec 2026. Start ACER process in Sep 2026 — before the Q1 rush.,August 2026 (before Dec ULTRA HOT threshold),Currently HOT — escalates to ULTRA HOT Dec 2026. NOT in October pool. Call August-September.
O C S Services (India) Pvt. Ltd.,BRICKWORK,Bank Guarantee,B+,2025-12-23,HOT,ULTRA HOT,2026-12-23,72.0,Other,Other,Standard,D365,INC rating hits ULTRA HOT on 2026-12-23 — prime Q1 2027 renewal target,Your Bank Guarantee at BRICKWORK goes critical in Dec 2026. Start ACER process in Sep 2026 — before the Q1 rush.,August 2026 (before Dec ULTRA HOT threshold),Currently HOT — escalates to ULTRA HOT Dec 2026. NOT in October pool. Call August-September.
A C D C Saideep Buildcon Pvt. Ltd.,CRISIL,Bank Guarantee,A 4+,2025-12-23,HOT,ULTRA HOT,2026-12-23,58.0,Construction,Construction,Standard,D365,INC rating hits ULTRA HOT on 2026-12-23 — prime Q1 2027 renewal target,Your Bank Guarantee at CRISIL goes critical in Dec 2026. Start ACER process in Sep 2026 — before the Q1 rush.,August 2026 (before Dec ULTRA HOT threshold),Currently HOT — escalates to ULTRA HOT Dec 2026. NOT in October pool. Call August-September.
Vasupujya Filaments,Infomerics,Long Term Bank Facilities,IVR BB- (INC)(Withdrawn),2025-12-23,HOT,ULTRA HOT,2026-12-23,52.91,Other,Other,Standard,Infomerics,INC rating hits ULTRA HOT on 2026-12-23 — exclusive Q1 2027 whitespace lead,Your Infomerics INC rating goes critical in Dec 2026. ACER is your best alternative — no competitor has approached you.,August 2026 (before Dec ULTRA HOT threshold),Currently HOT — escalates to ULTRA HOT Dec 2026. NOT in October pool. Call August-September.
Vasupujya Filaments,Infomerics,Long Term Bank Facilities,IVR BB- (INC)(Withdrawn),2025-12-23,HOT,ULTRA HOT,2026-12-23,52.91,Other,Other,Standard,Infomerics,INC rating hits ULTRA HOT on 2026-12-23 — exclusive Q1 2027 whitespace lead,Your Infomerics INC rating goes critical in Dec 2026. ACER is your best alternative — no competitor has approached you.,August 2026 (before Dec ULTRA HOT threshold),Currently HOT — escalates to ULTRA HOT Dec 2026. NOT in October pool. Call August-September.
Osia Gems Pvt. Ltd.,BRICKWORK,Non-Fund-Based,A 4,2025-12-23,HOT,ULTRA HOT,2026-12-23,38.94,Jewellery,Jewellery,Standard,D365,INC rating hits ULTRA HOT on 2026-12-23 — prime Q1 2027 renewal target,Your Non-Fund-Based at BRICKWORK goes critical in Dec 2026. Start ACER process in Sep 2026 — before the Q1 rush.,August 2026 (before Dec ULTRA HOT threshold),Currently HOT — escalates to ULTRA HOT Dec 2026. NOT in October pool. Call August-September.
Kothari Metsol Private Limited,Infomerics,Long Term Bank Facilities,IVR BB+ (INC)(Downgraded),2025-12-23,HOT,ULTRA HOT,2026-12-23,38.32,Other,Other,Standard,Infomerics,INC rating hits ULTRA HOT on 2026-12-23 — exclusive Q1 2027 whitespace lead,Your Infomerics INC rating goes critical in Dec 2026. ACER is your best alternative — no competitor has approached you.,August 2026 (before Dec ULTRA HOT threshold),Currently HOT — escalates to ULTRA HOT Dec 2026. NOT in October pool. Call August-September.
J G Hosiery Pvt. Ltd.,ICRA,Term Loan,A,2025-12-23,HOT,ULTRA HOT,2026-12-23,36.73,Other,Other,Standard,D365,INC rating hits ULTRA HOT on 2026-12-23 — prime Q1 2027 renewal target,Your Term Loan at ICRA goes critical in Dec 2026. Start ACER process in Sep 2026 — before the Q1 rush.,August 2026 (before Dec ULTRA HOT threshold),Currently HOT — escalates to ULTRA HOT Dec 2026. NOT in October pool. Call August-September.
Radhe Sham Ravi Prakash Timbers Pvt. Ltd.,CRISIL,Letter of Credit,A 4,2025-12-23,HOT,ULTRA HOT,2026-12-23,36.0,Other,Other,Standard,D365,INC rating hits ULTRA HOT on 2026-12-23 — prime Q1 2027 renewal target,Your Letter of Credit at CRISIL goes critical in Dec 2026. Start ACER process in Sep 2026 — before the Q1 rush.,August 2026 (before Dec ULTRA HOT threshold),Currently HOT — escalates to ULTRA HOT Dec 2026. NOT in October pool. Call August-September.
Space Age Associates Power-Infra Pvt. Ltd.,CRISIL,Bank Guarantee,A 4,2025-12-23,HOT,ULTRA HOT,2026-12-23,28.0,Construction,Construction,Standard,D365,INC rating hits ULTRA HOT on 2026-12-23 — prime Q1 2027 renewal target,Your Bank Guarantee at CRISIL goes critical in Dec 2026. Start ACER process in Sep 2026 — before the Q1 rush.,August 2026 (before Dec ULTRA HOT threshold),Currently HOT — escalates to ULTRA HOT Dec 2026. NOT in October pool. Call August-September.
A C D C Saideep Buildcon Pvt. Ltd.,CRISIL,Letter of Credit,A 4+,2025-12-23,HOT,ULTRA HOT,2026-12-23,24.0,Construction,Construction,Standard,D365,INC rating hits ULTRA HOT on 2026-12-23 — prime Q1 2027 renewal target,Your Letter of Credit at CRISIL goes critical in Dec 2026. Start ACER process in Sep 2026 — before the Q1 rush.,August 2026 (before Dec ULTRA HOT threshold),Currently HOT — escalates to ULTRA HOT Dec 2026. NOT in October pool. Call August-September.
Skyway R M C Plants Pvt. Ltd.,ACUITE,Letter of Credit,A 4+,2025-12-23,HOT,ULTRA HOT,2026-12-23,22.5,Other,Other,Standard,D365,INC rating hits ULTRA HOT on 2026-12-23 — prime Q1 2027 renewal target,Your Letter of Credit at ACUITE goes critical in Dec 2026. Start ACER process in Sep 2026 — before the Q1 rush.,August 2026 (before Dec ULTRA HOT threshold),Currently HOT — escalates to ULTRA HOT Dec 2026. NOT in October pool. Call August-September.
Umang Boards Ltd.,CARE,Term Loan,B,2025-12-23,HOT,ULTRA HOT,2026-12-23,21.47,Paper/Packaging,Paper/Packaging,Standard,D365,INC rating hits ULTRA HOT on 2026-12-23 — prime Q1 2027 renewal target,Your Term Loan at CARE goes critical in Dec 2026. Start ACER process in Sep 2026 — before the Q1 rush.,August 2026 (before Dec ULTRA HOT threshold),Currently HOT — escalates to ULTRA HOT Dec 2026. NOT in October pool. Call August-September.
Dodhia Chem-Tex Private Limited,Infomerics,Long Term Bank Facilities,IVR BB- (INC)(Withdrawn),2025-12-23,HOT,ULTRA HOT,2026-12-23,19.86,Chemicals/Pharma,Chemicals/Pharma,Standard,Infomerics,INC rating hits ULTRA HOT on 2026-12-23 — exclusive Q1 2027 whitespace lead,Your Infomerics INC rating goes critical in Dec 2026. ACER is your best alternative — no competitor has approached you.,August 2026 (before Dec ULTRA HOT threshold),Currently HOT — escalates to ULTRA HOT Dec 2026. NOT in October pool. Call August-September.
Dodhia Chem-Tex Private Limited,Infomerics,Long Term Bank Facilities,IVR BB- (INC)(Withdrawn),2025-12-23,HOT,ULTRA HOT,2026-12-23,19.86,Chemicals/Pharma,Chemicals/Pharma,Standard,Infomerics,INC rating hits ULTRA HOT on 2026-12-23 — exclusive Q1 2027 whitespace lead,Your Infomerics INC rating goes critical in Dec 2026. ACER is your best alternative — no competitor has approached you.,August 2026 (before Dec ULTRA HOT threshold),Currently HOT — escalates to ULTRA HOT Dec 2026. NOT in October pool. Call August-September.
Yash Exports (India) Pvt. Ltd.,ICRA,Term Loan,B+,2025-12-23,HOT,ULTRA HOT,2026-12-23,19.37,Other,Trading/Exports,Standard,D365,INC rating hits ULTRA HOT on 2026-12-23 — prime Q1 2027 renewal target,Your Term Loan at ICRA goes critical in Dec 2026. Start ACER process in Sep 2026 — before the Q1 rush.,August 2026 (before Dec ULTRA HOT threshold),Currently HOT — escalates to ULTRA HOT Dec 2026. NOT in October pool. Call August-September.
Jai Hind Feeds,Infomerics,Long Term Bank Facilities â€“ Cash Credit,IVR BB- (INC)(Downgraded),2025-12-23,HOT,ULTRA HOT,2026-12-23,18.0,Other,Other,Standard,Infomerics,INC rating hits ULTRA HOT on 2026-12-23 — exclusive Q1 2027 whitespace lead,Your Infomerics INC rating goes critical in Dec 2026. ACER is your best alternative — no competitor has approached you.,August 2026 (before Dec ULTRA HOT threshold),Currently HOT — escalates to ULTRA HOT Dec 2026. NOT in October pool. Call August-September.
Umang Boards Ltd.,CARE,Letter of Credit,A 4,2025-12-23,HOT,ULTRA HOT,2026-12-23,15.0,Paper/Packaging,Paper/Packaging,Standard,D365,INC rating hits ULTRA HOT on 2026-12-23 — prime Q1 2027 renewal target,Your Letter of Credit at CARE goes critical in Dec 2026. Start ACER process in Sep 2026 — before the Q1 rush.,August 2026 (before Dec ULTRA HOT threshold),Currently HOT — escalates to ULTRA HOT Dec 2026. NOT in October pool. Call August-September.
C A I Inds. Pvt. Ltd.,BRICKWORK,Fund-Based,C,2025-12-23,HOT,ULTRA HOT,2026-12-23,14.5,Other,Other,Standard,D365,INC rating hits ULTRA HOT on 2026-12-23 — prime Q1 2027 renewal target,Your Fund-Based at BRICKWORK goes critical in Dec 2026. Start ACER process in Sep 2026 — before the Q1 rush.,August 2026 (before Dec ULTRA HOT threshold),Currently HOT — escalates to ULTRA HOT Dec 2026. NOT in October pool. Call August-September.
Thiru Rani Logistic Pvt. Ltd.,CRISIL,Term Loan,B,2025-12-23,HOT,ULTRA HOT,2026-12-23,13.5,Logistics,Logistics,Standard,D365,INC rating hits ULTRA HOT on 2026-12-23 — prime Q1 2027 renewal target,Your Term Loan at CRISIL goes critical in Dec 2026. Start ACER process in Sep 2026 — before the Q1 rush.,August 2026 (before Dec ULTRA HOT threshold),Currently HOT — escalates to ULTRA HOT Dec 2026. NOT in October pool. Call August-September.
Radhe Sham Ravi Prakash Timbers Pvt. Ltd.,CRISIL,Letter of Credit,A 4,2025-12-23,HOT,ULTRA HOT,2026-12-23,13.0,Other,Other,Standard,D365,INC rating hits ULTRA HOT on 2026-12-23 — prime Q1 2027 renewal target,Your Letter of Credit at CRISIL goes critical in Dec 2026. Start ACER process in Sep 2026 — before the Q1 rush.,August 2026 (before Dec ULTRA HOT threshold),Currently HOT — escalates to ULTRA HOT Dec 2026. NOT in October pool. Call August-September.
Shreegopal Gobind Agro Tech Pvt. Ltd.,ICRA,Term Loan,B+,2025-12-23,HOT,ULTRA HOT,2026-12-23,12.5,Agro/Food,Agro/Food,Standard,D365,INC rating hits ULTRA HOT on 2026-12-23 — prime Q1 2027 renewal target,Your Term Loan at ICRA goes critical in Dec 2026. Start ACER process in Sep 2026 — before the Q1 rush.,August 2026 (before Dec ULTRA HOT threshold),Currently HOT — escalates to ULTRA HOT Dec 2026. NOT in October pool. Call August-September.
Deva Drill Tech (India) Ltd.,CRISIL,Letter of Credit,A 4+,2025-12-23,HOT,ULTRA HOT,2026-12-23,12.0,IT/Technology,IT/Technology,Standard,D365,INC rating hits ULTRA HOT on 2026-12-23 — prime Q1 2027 renewal target,Your Letter of Credit at CRISIL goes critical in Dec 2026. Start ACER process in Sep 2026 — before the Q1 rush.,August 2026 (before Dec ULTRA HOT threshold),Currently HOT — escalates to ULTRA HOT Dec 2026. NOT in October pool. Call August-September.
K G R Enterprises Pvt. Ltd.,ACUITE,Letter of Credit,A 4,2025-12-23,HOT,ULTRA HOT,2026-12-23,12.0,Other,Other,Standard,D365,INC rating hits ULTRA HOT on 2026-12-23 — prime Q1 2027 renewal target,Your Letter of Credit at ACUITE goes critical in Dec 2026. Start ACER process in Sep 2026 — before the Q1 rush.,August 2026 (before Dec ULTRA HOT threshold),Currently HOT — escalates to ULTRA HOT Dec 2026. NOT in October pool. Call August-September.
Godhan Masala Foods Ltd.,CARE,Term Loan,BB-,2025-12-23,HOT,ULTRA HOT,2026-12-23,11.7,Agro/Food,Agro/Food,Standard,D365,INC rating hits ULTRA HOT on 2026-12-23 — prime Q1 2027 renewal target,Your Term Loan at CARE goes critical in Dec 2026. Start ACER process in Sep 2026 — before the Q1 rush.,August 2026 (before Dec ULTRA HOT threshold),Currently HOT — escalates to ULTRA HOT Dec 2026. NOT in October pool. Call August-September.
E D A C Engineering Ltd.,CRISIL,Bank Guarantee,A 4+,2025-12-23,HOT,ULTRA HOT,2026-12-23,11.3,Manufacturing,Manufacturing,Standard,D365,INC rating hits ULTRA HOT on 2026-12-23 — prime Q1 2027 renewal target,Your Bank Guarantee at CRISIL goes critical in Dec 2026. Start ACER process in Sep 2026 — before the Q1 rush.,August 2026 (before Dec ULTRA HOT threshold),Currently HOT — escalates to ULTRA HOT Dec 2026. NOT in October pool. Call August-September.
Tiger 4 India Ltd.,CRISIL,Term Loan,B+,2025-12-23,HOT,ULTRA HOT,2026-12-23,9.24,Other,Other,Standard,D365,INC rating hits ULTRA HOT on 2026-12-23 — prime Q1 2027 renewal target,Your Term Loan at CRISIL goes critical in Dec 2026. Start ACER process in Sep 2026 — before the Q1 rush.,August 2026 (before Dec ULTRA HOT threshold),Currently HOT — escalates to ULTRA HOT Dec 2026. NOT in October pool. Call August-September.
Rhino Lux Pvt. Ltd.,CARE,NCD/Bond,B-/A4,2025-12-23,HOT,ULTRA HOT,2026-12-23,9.0,Other,Other,NCD — SEBI License Required,D365,INC rating hits ULTRA HOT on 2026-12-23 — prime Q1 2027 renewal target,Your NCD/Bond at CARE goes critical in Dec 2026. Start ACER process in Sep 2026 — before the Q1 rush.,August 2026 (before Dec ULTRA HOT threshold),Currently HOT — escalates to ULTRA HOT Dec 2026. NOT in October pool. Call August-September.
Swastika Steel & Allied Products Pvt. Ltd.,CRISIL,Term Loan,B,2025-12-23,HOT,ULTRA HOT,2026-12-23,8.9,Steel & Metals,Steel & Metals,Standard,D365,INC rating hits ULTRA HOT on 2026-12-23 — prime Q1 2027 renewal target,Your Term Loan at CRISIL goes critical in Dec 2026. Start ACER process in Sep 2026 — before the Q1 rush.,August 2026 (before Dec ULTRA HOT threshold),Currently HOT — escalates to ULTRA HOT Dec 2026. NOT in October pool. Call August-September.
Kent Intelligent Transportation Systems (India) Pvt. Ltd.,CRISIL,Bank Guarantee,A 4+,2025-12-23,HOT,ULTRA HOT,2026-12-23,8.3,Logistics,Logistics,Standard,D365,INC rating hits ULTRA HOT on 2026-12-23 — prime Q1 2027 renewal target,Your Bank Guarantee at CRISIL goes critical in Dec 2026. Start ACER process in Sep 2026 — before the Q1 rush.,August 2026 (before Dec ULTRA HOT threshold),Currently HOT — escalates to ULTRA HOT Dec 2026. NOT in October pool. Call August-September.
A C D C Saideep Buildcon Pvt. Ltd.,CRISIL,Term Loan,BB,2025-12-23,HOT,ULTRA HOT,2026-12-23,8.03,Construction,Construction,Standard,D365,INC rating hits ULTRA HOT on 2026-12-23 — prime Q1 2027 renewal target,Your Term Loan at CRISIL goes critical in Dec 2026. Start ACER process in Sep 2026 — before the Q1 rush.,August 2026 (before Dec ULTRA HOT threshold),Currently HOT — escalates to ULTRA HOT Dec 2026. NOT in October pool. Call August-September.
K G R Enterprises Pvt. Ltd.,ACUITE,Bank Guarantee,A 4,2025-12-23,HOT,ULTRA HOT,2026-12-23,8.0,Other,Other,Standard,D365,INC rating hits ULTRA HOT on 2026-12-23 — prime Q1 2027 renewal target,Your Bank Guarantee at ACUITE goes critical in Dec 2026. Start ACER process in Sep 2026 — before the Q1 rush.,August 2026 (before Dec ULTRA HOT threshold),Currently HOT — escalates to ULTRA HOT Dec 2026. NOT in October pool. Call August-September.
M M P Industries Ltd.,CRISIL,Letter of Credit,A 2,2025-12-23,HOT,ULTRA HOT,2026-12-23,8.0,Other,Manufacturing,Standard,D365,INC rating hits ULTRA HOT on 2026-12-23 — prime Q1 2027 renewal target,Your Letter of Credit at CRISIL goes critical in Dec 2026. Start ACER process in Sep 2026 — before the Q1 rush.,August 2026 (before Dec ULTRA HOT threshold),Currently HOT — escalates to ULTRA HOT Dec 2026. NOT in October pool. Call August-September.
T N R Industries Pvt. Ltd.,CRISIL,Term Loan,C,2025-12-23,HOT,ULTRA HOT,2026-12-23,8.0,Other,Manufacturing,Standard,D365,INC rating hits ULTRA HOT on 2026-12-23 — prime Q1 2027 renewal target,Your Term Loan at CRISIL goes critical in Dec 2026. Start ACER process in Sep 2026 — before the Q1 rush.,August 2026 (before Dec ULTRA HOT threshold),Currently HOT — escalates to ULTRA HOT Dec 2026. NOT in October pool. Call August-September.
Jai Hind Feeds,Infomerics,Long Term Bank Facilities - Term Loan,IVR BB- (INC)(Downgraded),2025-12-23,HOT,ULTRA HOT,2026-12-23,7.13,Other,Other,Standard,Infomerics,INC rating hits ULTRA HOT on 2026-12-23 — exclusive Q1 2027 whitespace lead,Your Infomerics INC rating goes critical in Dec 2026. ACER is your best alternative — no competitor has approached you.,August 2026 (before Dec ULTRA HOT threshold),Currently HOT — escalates to ULTRA HOT Dec 2026. NOT in October pool. Call August-September.
Rhino Lux Pvt. Ltd.,CARE,Letter of Credit,A 4,2025-12-23,HOT,ULTRA HOT,2026-12-23,7.0,Other,Other,Standard,D365,INC rating hits ULTRA HOT on 2026-12-23 — prime Q1 2027 renewal target,Your Letter of Credit at CARE goes critical in Dec 2026. Start ACER process in Sep 2026 — before the Q1 rush.,August 2026 (before Dec ULTRA HOT threshold),Currently HOT — escalates to ULTRA HOT Dec 2026. NOT in October pool. Call August-September.
Dodhia Synthetics Limited,Infomerics,Long Term/Short Term (Proposed) bank facilities,IVR BB-/IVR A4; (INC)(Withdrawn),2025-12-23,HOT,ULTRA HOT,2026-12-23,6.71,Other,Other,Standard,Infomerics,INC rating hits ULTRA HOT on 2026-12-23 — exclusive Q1 2027 whitespace lead,Your Infomerics INC rating goes critical in Dec 2026. ACER is your best alternative — no competitor has approached you.,August 2026 (before Dec ULTRA HOT threshold),Currently HOT — escalates to ULTRA HOT Dec 2026. NOT in October pool. Call August-September.
Dodhia Synthetics Limited,Infomerics,Long Term/Short Term (Proposed) bank facilities,IVR BB-/IVR A4; (INC)(Withdrawn),2025-12-23,HOT,ULTRA HOT,2026-12-23,6.71,Other,Other,Standard,Infomerics,INC rating hits ULTRA HOT on 2026-12-23 — exclusive Q1 2027 whitespace lead,Your Infomerics INC rating goes critical in Dec 2026. ACER is your best alternative — no competitor has approached you.,August 2026 (before Dec ULTRA HOT threshold),Currently HOT — escalates to ULTRA HOT Dec 2026. NOT in October pool. Call August-September.
Deva Drill Tech (India) Ltd.,CRISIL,Bank Guarantee,A 4+,2025-12-23,HOT,ULTRA HOT,2026-12-23,6.0,IT/Technology,IT/Technology,Standard,D365,INC rating hits ULTRA HOT on 2026-12-23 — prime Q1 2027 renewal target,Your Bank Guarantee at CRISIL goes critical in Dec 2026. Start ACER process in Sep 2026 — before the Q1 rush.,August 2026 (before Dec ULTRA HOT threshold),Currently HOT — escalates to ULTRA HOT Dec 2026. NOT in October pool. Call August-September.
O C S Services (India) Pvt. Ltd.,BRICKWORK,Bank Guarantee,A 4,2025-12-23,HOT,ULTRA HOT,2026-12-23,5.5,Other,Other,Standard,D365,INC rating hits ULTRA HOT on 2026-12-23 — prime Q1 2027 renewal target,Your Bank Guarantee at BRICKWORK goes critical in Dec 2026. Start ACER process in Sep 2026 — before the Q1 rush.,August 2026 (before Dec ULTRA HOT threshold),Currently HOT — escalates to ULTRA HOT Dec 2026. NOT in October pool. Call August-September.
Bapuna Alcobrew Pvt. Ltd.,CRISIL,Bank Guarantee,A 3+,2025-12-23,HOT,ULTRA HOT,2026-12-23,5.0,Other,Other,Standard,D365,INC rating hits ULTRA HOT on 2026-12-23 — prime Q1 2027 renewal target,Your Bank Guarantee at CRISIL goes critical in Dec 2026. Start ACER process in Sep 2026 — before the Q1 rush.,August 2026 (before Dec ULTRA HOT threshold),Currently HOT — escalates to ULTRA HOT Dec 2026. NOT in October pool. Call August-September.
Space Age Associates Power-Infra Pvt. Ltd.,CRISIL,Letter of Credit,A 4,2025-12-23,HOT,ULTRA HOT,2026-12-23,5.0,Construction,Construction,Standard,D365,INC rating hits ULTRA HOT on 2026-12-23 — prime Q1 2027 renewal target,Your Letter of Credit at CRISIL goes critical in Dec 2026. Start ACER process in Sep 2026 — before the Q1 rush.,August 2026 (before Dec ULTRA HOT threshold),Currently HOT — escalates to ULTRA HOT Dec 2026. NOT in October pool. Call August-September.
Veejay Syntex Pvt. Ltd.,CRISIL,Fund-Based,BB,2025-12-23,HOT,ULTRA HOT,2026-12-23,4.5,Other,Other,Standard,D365,INC rating hits ULTRA HOT on 2026-12-23 — prime Q1 2027 renewal target,Your Fund-Based at CRISIL goes critical in Dec 2026. Start ACER process in Sep 2026 — before the Q1 rush.,August 2026 (before Dec ULTRA HOT threshold),Currently HOT — escalates to ULTRA HOT Dec 2026. NOT in October pool. Call August-September.
Yash Exports (India) Pvt. Ltd.,ICRA,Term Loan,B+,2025-12-23,HOT,ULTRA HOT,2026-12-23,4.07,Other,Trading/Exports,Standard,D365,INC rating hits ULTRA HOT on 2026-12-23 — prime Q1 2027 renewal target,Your Term Loan at ICRA goes critical in Dec 2026. Start ACER process in Sep 2026 — before the Q1 rush.,August 2026 (before Dec ULTRA HOT threshold),Currently HOT — escalates to ULTRA HOT Dec 2026. NOT in October pool. Call August-September.
Deva Drill Tech (India) Ltd.,CRISIL,Fund-Based,BB+,2025-12-23,HOT,ULTRA HOT,2026-12-23,4.0,IT/Technology,IT/Technology,Standard,D365,INC rating hits ULTRA HOT on 2026-12-23 — prime Q1 2027 renewal target,Your Fund-Based at CRISIL goes critical in Dec 2026. Start ACER process in Sep 2026 — before the Q1 rush.,August 2026 (before Dec ULTRA HOT threshold),Currently HOT — escalates to ULTRA HOT Dec 2026. NOT in October pool. Call August-September.
Vrion Global Pvt. Ltd.,CARE,Letter of Credit,A 4,2025-12-23,HOT,ULTRA HOT,2026-12-23,4.0,Other,Other,Standard,D365,INC rating hits ULTRA HOT on 2026-12-23 — prime Q1 2027 renewal target,Your Letter of Credit at CARE goes critical in Dec 2026. Start ACER process in Sep 2026 — before the Q1 rush.,August 2026 (before Dec ULTRA HOT threshold),Currently HOT — escalates to ULTRA HOT Dec 2026. NOT in October pool. Call August-September.
Suryodaya Edibles (India) Pvt. Ltd.,CRISIL,Term Loan,B+,2025-12-23,HOT,ULTRA HOT,2026-12-23,3.46,Agro/Food,Agro/Food,Standard,D365,INC rating hits ULTRA HOT on 2026-12-23 — prime Q1 2027 renewal target,Your Term Loan at CRISIL goes critical in Dec 2026. Start ACER process in Sep 2026 — before the Q1 rush.,August 2026 (before Dec ULTRA HOT threshold),Currently HOT — escalates to ULTRA HOT Dec 2026. NOT in October pool. Call August-September.
O C S Services (India) Pvt. Ltd.,BRICKWORK,Fund-Based,B+,2025-12-23,HOT,ULTRA HOT,2026-12-23,3.2,Other,Other,Standard,D365,INC rating hits ULTRA HOT on 2026-12-23 — prime Q1 2027 renewal target,Your Fund-Based at BRICKWORK goes critical in Dec 2026. Start ACER process in Sep 2026 — before the Q1 rush.,August 2026 (before Dec ULTRA HOT threshold),Currently HOT — escalates to ULTRA HOT Dec 2026. NOT in October pool. Call August-September.
Deva Drill Tech (India) Ltd.,CRISIL,Term Loan,BB+,2025-12-23,HOT,ULTRA HOT,2026-12-23,3.0,IT/Technology,IT/Technology,Standard,D365,INC rating hits ULTRA HOT on 2026-12-23 — prime Q1 2027 renewal target,Your Term Loan at CRISIL goes critical in Dec 2026. Start ACER process in Sep 2026 — before the Q1 rush.,August 2026 (before Dec ULTRA HOT threshold),Currently HOT — escalates to ULTRA HOT Dec 2026. NOT in October pool. Call August-September.
I T L Industries Ltd.,CRISIL,Bank Guarantee,A 3+,2025-12-23,HOT,ULTRA HOT,2026-12-23,3.0,Other,Manufacturing,Standard,D365,INC rating hits ULTRA HOT on 2026-12-23 — prime Q1 2027 renewal target,Your Bank Guarantee at CRISIL goes critical in Dec 2026. Start ACER process in Sep 2026 — before the Q1 rush.,August 2026 (before Dec ULTRA HOT threshold),Currently HOT — escalates to ULTRA HOT Dec 2026. NOT in October pool. Call August-September.
I T L Industries Ltd.,CRISIL,Letter of Credit,A 3+,2025-12-23,HOT,ULTRA HOT,2026-12-23,3.0,Other,Manufacturing,Standard,D365,INC rating hits ULTRA HOT on 2026-12-23 — prime Q1 2027 renewal target,Your Letter of Credit at CRISIL goes critical in Dec 2026. Start ACER process in Sep 2026 — before the Q1 rush.,August 2026 (before Dec ULTRA HOT threshold),Currently HOT — escalates to ULTRA HOT Dec 2026. NOT in October pool. Call August-September.
Suraj Logistix Pvt. Ltd.,CRISIL,Letter of Credit,A 4,2025-12-23,HOT,ULTRA HOT,2026-12-23,3.0,Other,Other,Standard,D365,INC rating hits ULTRA HOT on 2026-12-23 — prime Q1 2027 renewal target,Your Letter of Credit at CRISIL goes critical in Dec 2026. Start ACER process in Sep 2026 — before the Q1 rush.,August 2026 (before Dec ULTRA HOT threshold),Currently HOT — escalates to ULTRA HOT Dec 2026. NOT in October pool. Call August-September.
Veejay Syntex Pvt. Ltd.,CRISIL,Letter of Credit,A 4+,2025-12-23,HOT,ULTRA HOT,2026-12-23,3.0,Other,Other,Standard,D365,INC rating hits ULTRA HOT on 2026-12-23 — prime Q1 2027 renewal target,Your Letter of Credit at CRISIL goes critical in Dec 2026. Start ACER process in Sep 2026 — before the Q1 rush.,August 2026 (before Dec ULTRA HOT threshold),Currently HOT — escalates to ULTRA HOT Dec 2026. NOT in October pool. Call August-September.
Dodhia Chem-Tex Private Limited,Infomerics,Short Term Bank Facilities,IVR A4 (INC)(Withdrawn),2025-12-23,HOT,ULTRA HOT,2026-12-23,3.0,Chemicals/Pharma,Chemicals/Pharma,Standard,Infomerics,INC rating hits ULTRA HOT on 2026-12-23 — exclusive Q1 2027 whitespace lead,Your Infomerics INC rating goes critical in Dec 2026. ACER is your best alternative — no competitor has approached you.,August 2026 (before Dec ULTRA HOT threshold),Currently HOT — escalates to ULTRA HOT Dec 2026. NOT in October pool. Call August-September.
Dodhia Chem-Tex Private Limited,Infomerics,Short Term Bank Facilities,IVR A4 (INC)(Withdrawn),2025-12-23,HOT,ULTRA HOT,2026-12-23,3.0,Chemicals/Pharma,Chemicals/Pharma,Standard,Infomerics,INC rating hits ULTRA HOT on 2026-12-23 — exclusive Q1 2027 whitespace lead,Your Infomerics INC rating goes critical in Dec 2026. ACER is your best alternative — no competitor has approached you.,August 2026 (before Dec ULTRA HOT threshold),Currently HOT — escalates to ULTRA HOT Dec 2026. NOT in October pool. Call August-September.
A A Energy Pvt. Ltd.,ACUITE,Term Loan,C,2025-12-23,HOT,ULTRA HOT,2026-12-23,2.68,Energy,Energy,Standard,D365,INC rating hits ULTRA HOT on 2026-12-23 — prime Q1 2027 renewal target,Your Term Loan at ACUITE goes critical in Dec 2026. Start ACER process in Sep 2026 — before the Q1 rush.,August 2026 (before Dec ULTRA HOT threshold),Currently HOT — escalates to ULTRA HOT Dec 2026. NOT in October pool. Call August-September.
Vasupujya Filaments,Infomerics,Short Term Bank Facilities,IVR A4 (INC)(Withdrawn),2025-12-23,HOT,ULTRA HOT,2026-12-23,2.6,Other,Other,Standard,Infomerics,INC rating hits ULTRA HOT on 2026-12-23 — exclusive Q1 2027 whitespace lead,Your Infomerics INC rating goes critical in Dec 2026. ACER is your best alternative — no competitor has approached you.,August 2026 (before Dec ULTRA HOT threshold),Currently HOT — escalates to ULTRA HOT Dec 2026. NOT in October pool. Call August-September.
Vasupujya Filaments,Infomerics,Short Term Bank Facilities,IVR A4 (INC)(Withdrawn),2025-12-23,HOT,ULTRA HOT,2026-12-23,2.6,Other,Other,Standard,Infomerics,INC rating hits ULTRA HOT on 2026-12-23 — exclusive Q1 2027 whitespace lead,Your Infomerics INC rating goes critical in Dec 2026. ACER is your best alternative — no competitor has approached you.,August 2026 (before Dec ULTRA HOT threshold),Currently HOT — escalates to ULTRA HOT Dec 2026. NOT in October pool. Call August-September.
Yash Exports (India) Pvt. Ltd.,ICRA,NCD/Bond,B+/A4,2025-12-23,HOT,ULTRA HOT,2026-12-23,2.42,Other,Trading/Exports,NCD — SEBI License Required,D365,INC rating hits ULTRA HOT on 2026-12-23 — prime Q1 2027 renewal target,Your NCD/Bond at ICRA goes critical in Dec 2026. Start ACER process in Sep 2026 — before the Q1 rush.,August 2026 (before Dec ULTRA HOT threshold),Currently HOT — escalates to ULTRA HOT Dec 2026. NOT in October pool. Call August-September.
Maa Bhagawati Re-Rolling Mills Pvt. Ltd.,CARE,Term Loan,B-,2025-12-23,HOT,ULTRA HOT,2026-12-23,2.28,Steel & Metals,Steel & Metals,Standard,D365,INC rating hits ULTRA HOT on 2026-12-23 — prime Q1 2027 renewal target,Your Term Loan at CARE goes critical in Dec 2026. Start ACER process in Sep 2026 — before the Q1 rush.,August 2026 (before Dec ULTRA HOT threshold),Currently HOT — escalates to ULTRA HOT Dec 2026. NOT in October pool. Call August-September.
C A I Inds. Pvt. Ltd.,BRICKWORK,Bank Guarantee,A 4,2025-12-23,HOT,ULTRA HOT,2026-12-23,2.05,Other,Other,Standard,D365,INC rating hits ULTRA HOT on 2026-12-23 — prime Q1 2027 renewal target,Your Bank Guarantee at BRICKWORK goes critical in Dec 2026. Start ACER process in Sep 2026 — before the Q1 rush.,August 2026 (before Dec ULTRA HOT threshold),Currently HOT — escalates to ULTRA HOT Dec 2026. NOT in October pool. Call August-September.
Perfect Mettcast Pvt. Ltd.,ACUITE,Letter of Credit,A 4,2025-12-23,HOT,ULTRA HOT,2026-12-23,2.0,Other,Other,Standard,D365,INC rating hits ULTRA HOT on 2026-12-23 — prime Q1 2027 renewal target,Your Letter of Credit at ACUITE goes critical in Dec 2026. Start ACER process in Sep 2026 — before the Q1 rush.,August 2026 (before Dec ULTRA HOT threshold),Currently HOT — escalates to ULTRA HOT Dec 2026. NOT in October pool. Call August-September.
Rhino Lux Pvt. Ltd.,CARE,Bank Guarantee,A 4,2025-12-23,HOT,ULTRA HOT,2026-12-23,2.0,Other,Other,Standard,D365,INC rating hits ULTRA HOT on 2026-12-23 — prime Q1 2027 renewal target,Your Bank Guarantee at CARE goes critical in Dec 2026. Start ACER process in Sep 2026 — before the Q1 rush.,August 2026 (before Dec ULTRA HOT threshold),Currently HOT — escalates to ULTRA HOT Dec 2026. NOT in October pool. Call August-September.
Rhino Lux Pvt. Ltd.,CARE,Short-Term Loan,B-,2025-12-23,HOT,ULTRA HOT,2026-12-23,2.0,Other,Other,Standard,D365,INC rating hits ULTRA HOT on 2026-12-23 — prime Q1 2027 renewal target,Your Short-Term Loan at CARE goes critical in Dec 2026. Start ACER process in Sep 2026 — before the Q1 rush.,August 2026 (before Dec ULTRA HOT threshold),Currently HOT — escalates to ULTRA HOT Dec 2026. NOT in October pool. Call August-September.
S S Medical Systems ( India) Pvt. Ltd.,CRISIL,Bank Guarantee,A 4,2025-12-23,HOT,ULTRA HOT,2026-12-23,2.0,Healthcare,Healthcare,Standard,D365,INC rating hits ULTRA HOT on 2026-12-23 — prime Q1 2027 renewal target,Your Bank Guarantee at CRISIL goes critical in Dec 2026. Start ACER process in Sep 2026 — before the Q1 rush.,August 2026 (before Dec ULTRA HOT threshold),Currently HOT — escalates to ULTRA HOT Dec 2026. NOT in October pool. Call August-September.
Osia Gems Pvt. Ltd.,BRICKWORK,Fund-Based,B+,2025-12-23,HOT,ULTRA HOT,2026-12-23,1.48,Jewellery,Jewellery,Standard,D365,INC rating hits ULTRA HOT on 2026-12-23 — prime Q1 2027 renewal target,Your Fund-Based at BRICKWORK goes critical in Dec 2026. Start ACER process in Sep 2026 — before the Q1 rush.,August 2026 (before Dec ULTRA HOT threshold),Currently HOT — escalates to ULTRA HOT Dec 2026. NOT in October pool. Call August-September.
Sainath Autolinks Pvt. Ltd.,ACUITE,Term Loan,B-,2025-12-23,HOT,ULTRA HOT,2026-12-23,1.4,Manufacturing,Manufacturing,Standard,D365,INC rating hits ULTRA HOT on 2026-12-23 — prime Q1 2027 renewal target,Your Term Loan at ACUITE goes critical in Dec 2026. Start ACER process in Sep 2026 — before the Q1 rush.,August 2026 (before Dec ULTRA HOT threshold),Currently HOT — escalates to ULTRA HOT Dec 2026. NOT in October pool. Call August-September.
Santosh Automotors Pvt. Ltd.,CRISIL,Term Loan,B+,2025-12-23,HOT,ULTRA HOT,2026-12-23,1.25,Manufacturing,Manufacturing,Standard,D365,INC rating hits ULTRA HOT on 2026-12-23 — prime Q1 2027 renewal target,Your Term Loan at CRISIL goes critical in Dec 2026. Start ACER process in Sep 2026 — before the Q1 rush.,August 2026 (before Dec ULTRA HOT threshold),Currently HOT — escalates to ULTRA HOT Dec 2026. NOT in October pool. Call August-September.
Vrion Global Pvt. Ltd.,CARE,Non-Fund-Based,A 4,2025-12-23,HOT,ULTRA HOT,2026-12-23,1.06,Other,Other,Standard,D365,INC rating hits ULTRA HOT on 2026-12-23 — prime Q1 2027 renewal target,Your Non-Fund-Based at CARE goes critical in Dec 2026. Start ACER process in Sep 2026 — before the Q1 rush.,August 2026 (before Dec ULTRA HOT threshold),Currently HOT — escalates to ULTRA HOT Dec 2026. NOT in October pool. Call August-September.
Shrawasthi Agrotech Pvt. Ltd.,CRISIL,Letter of Credit,A 4,2025-12-23,HOT,ULTRA HOT,2026-12-23,1.0,Agro/Food,Agro/Food,Standard,D365,INC rating hits ULTRA HOT on 2026-12-23 — prime Q1 2027 renewal target,Your Letter of Credit at CRISIL goes critical in Dec 2026. Start ACER process in Sep 2026 — before the Q1 rush.,August 2026 (before Dec ULTRA HOT threshold),Currently HOT — escalates to ULTRA HOT Dec 2026. NOT in October pool. Call August-September.
Umang Boards Ltd.,CARE,Term Loan,B,2025-12-23,HOT,ULTRA HOT,2026-12-23,0.83,Paper/Packaging,Paper/Packaging,Standard,D365,INC rating hits ULTRA HOT on 2026-12-23 — prime Q1 2027 renewal target,Your Term Loan at CARE goes critical in Dec 2026. Start ACER process in Sep 2026 — before the Q1 rush.,August 2026 (before Dec ULTRA HOT threshold),Currently HOT — escalates to ULTRA HOT Dec 2026. NOT in October pool. Call August-September.
Swastika Steel & Allied Products Pvt. Ltd.,CRISIL,Bank Guarantee,A 4,2025-12-23,HOT,ULTRA HOT,2026-12-23,0.8,Steel & Metals,Steel & Metals,Standard,D365,INC rating hits ULTRA HOT on 2026-12-23 — prime Q1 2027 renewal target,Your Bank Guarantee at CRISIL goes critical in Dec 2026. Start ACER process in Sep 2026 — before the Q1 rush.,August 2026 (before Dec ULTRA HOT threshold),Currently HOT — escalates to ULTRA HOT Dec 2026. NOT in October pool. Call August-September.
Kothari Metsol Private Limited,Infomerics,Short Term Bank Facilities,IVR A4+ (INC)(Downgraded),2025-12-23,HOT,ULTRA HOT,2026-12-23,0.74,Other,Other,Standard,Infomerics,INC rating hits ULTRA HOT on 2026-12-23 — exclusive Q1 2027 whitespace lead,Your Infomerics INC rating goes critical in Dec 2026. ACER is your best alternative — no competitor has approached you.,August 2026 (before Dec ULTRA HOT threshold),Currently HOT — escalates to ULTRA HOT Dec 2026. NOT in October pool. Call August-September.
Shrawasthi Agrotech Pvt. Ltd.,CRISIL,Term Loan,B+,2025-12-23,HOT,ULTRA HOT,2026-12-23,0.69,Agro/Food,Agro/Food,Standard,D365,INC rating hits ULTRA HOT on 2026-12-23 — prime Q1 2027 renewal target,Your Term Loan at CRISIL goes critical in Dec 2026. Start ACER process in Sep 2026 — before the Q1 rush.,August 2026 (before Dec ULTRA HOT threshold),Currently HOT — escalates to ULTRA HOT Dec 2026. NOT in October pool. Call August-September.
Suryodaya Edibles (India) Pvt. Ltd.,CRISIL,Term Loan,B+,2025-12-23,HOT,ULTRA HOT,2026-12-23,0.54,Agro/Food,Agro/Food,Standard,D365,INC rating hits ULTRA HOT on 2026-12-23 — prime Q1 2027 renewal target,Your Term Loan at CRISIL goes critical in Dec 2026. Start ACER process in Sep 2026 — before the Q1 rush.,August 2026 (before Dec ULTRA HOT threshold),Currently HOT — escalates to ULTRA HOT Dec 2026. NOT in October pool. Call August-September.
Dodhia Chem-Tex Private Limited,Infomerics,Long Term/Short Term (Proposed) bank facilities,IVR BB-/IVR A4; (INC)(Withdrawn),2025-12-23,HOT,ULTRA HOT,2026-12-23,0.51,Chemicals/Pharma,Chemicals/Pharma,Standard,Infomerics,INC rating hits ULTRA HOT on 2026-12-23 — exclusive Q1 2027 whitespace lead,Your Infomerics INC rating goes critical in Dec 2026. ACER is your best alternative — no competitor has approached you.,August 2026 (before Dec ULTRA HOT threshold),Currently HOT — escalates to ULTRA HOT Dec 2026. NOT in October pool. Call August-September.
Dodhia Chem-Tex Private Limited,Infomerics,Long Term/Short Term (Proposed) bank facilities,IVR BB-/IVR A4; (INC)(Withdrawn),2025-12-23,HOT,ULTRA HOT,2026-12-23,0.51,Chemicals/Pharma,Chemicals/Pharma,Standard,Infomerics,INC rating hits ULTRA HOT on 2026-12-23 — exclusive Q1 2027 whitespace lead,Your Infomerics INC rating goes critical in Dec 2026. ACER is your best alternative — no competitor has approached you.,August 2026 (before Dec ULTRA HOT threshold),Currently HOT — escalates to ULTRA HOT Dec 2026. NOT in October pool. Call August-September.
Space Age Associates Power-Infra Pvt. Ltd.,CRISIL,Fund-Based,A 4,2025-12-23,HOT,ULTRA HOT,2026-12-23,0.5,Construction,Construction,Standard,D365,INC rating hits ULTRA HOT on 2026-12-23 — prime Q1 2027 renewal target,Your Fund-Based at CRISIL goes critical in Dec 2026. Start ACER process in Sep 2026 — before the Q1 rush.,August 2026 (before Dec ULTRA HOT threshold),Currently HOT — escalates to ULTRA HOT Dec 2026. NOT in October pool. Call August-September.
Vrion Global Pvt. Ltd.,CARE,Non-Fund-Based,A 4,2025-12-23,HOT,ULTRA HOT,2026-12-23,0.49,Other,Other,Standard,D365,INC rating hits ULTRA HOT on 2026-12-23 — prime Q1 2027 renewal target,Your Non-Fund-Based at CARE goes critical in Dec 2026. Start ACER process in Sep 2026 — before the Q1 rush.,August 2026 (before Dec ULTRA HOT threshold),Currently HOT — escalates to ULTRA HOT Dec 2026. NOT in October pool. Call August-September.
Shrawasthi Agrotech Pvt. Ltd.,CRISIL,Term Loan,B+,2025-12-23,HOT,ULTRA HOT,2026-12-23,0.31,Agro/Food,Agro/Food,Standard,D365,INC rating hits ULTRA HOT on 2026-12-23 — prime Q1 2027 renewal target,Your Term Loan at CRISIL goes critical in Dec 2026. Start ACER process in Sep 2026 — before the Q1 rush.,August 2026 (before Dec ULTRA HOT threshold),Currently HOT — escalates to ULTRA HOT Dec 2026. NOT in October pool. Call August-September.
Kent Intelligent Transportation Systems (India) Pvt. Ltd.,CRISIL,Fund-Based,BB,2025-12-23,HOT,ULTRA HOT,2026-12-23,0.3,Logistics,Logistics,Standard,D365,INC rating hits ULTRA HOT on 2026-12-23 — prime Q1 2027 renewal target,Your Fund-Based at CRISIL goes critical in Dec 2026. Start ACER process in Sep 2026 — before the Q1 rush.,August 2026 (before Dec ULTRA HOT threshold),Currently HOT — escalates to ULTRA HOT Dec 2026. NOT in October pool. Call August-September.
C A I Inds. Pvt. Ltd.,BRICKWORK,Term Loan,C,2025-12-23,HOT,ULTRA HOT,2026-12-23,0.29,Other,Other,Standard,D365,INC rating hits ULTRA HOT on 2026-12-23 — prime Q1 2027 renewal target,Your Term Loan at BRICKWORK goes critical in Dec 2026. Start ACER process in Sep 2026 — before the Q1 rush.,August 2026 (before Dec ULTRA HOT threshold),Currently HOT — escalates to ULTRA HOT Dec 2026. NOT in October pool. Call August-September.
Umang Boards Ltd.,CARE,Bank Guarantee,A 4,2025-12-23,HOT,ULTRA HOT,2026-12-23,0.2,Paper/Packaging,Paper/Packaging,Standard,D365,INC rating hits ULTRA HOT on 2026-12-23 — prime Q1 2027 renewal target,Your Bank Guarantee at CARE goes critical in Dec 2026. Start ACER process in Sep 2026 — before the Q1 rush.,August 2026 (before Dec ULTRA HOT threshold),Currently HOT — escalates to ULTRA HOT Dec 2026. NOT in October pool. Call August-September.
Vasupujya Filaments,Infomerics,Long Term/Short Term (Proposed) bank facilities,IVR BB-/IVR A4; (INC)(Withdrawn),2025-12-23,HOT,ULTRA HOT,2026-12-23,0.17,Other,Other,Standard,Infomerics,INC rating hits ULTRA HOT on 2026-12-23 — exclusive Q1 2027 whitespace lead,Your Infomerics INC rating goes critical in Dec 2026. ACER is your best alternative — no competitor has approached you.,August 2026 (before Dec ULTRA HOT threshold),Currently HOT — escalates to ULTRA HOT Dec 2026. NOT in October pool. Call August-September.
Vasupujya Filaments,Infomerics,Long Term/Short Term (Proposed) bank facilities,IVR BB-/IVR A4; (INC)(Withdrawn),2025-12-23,HOT,ULTRA HOT,2026-12-23,0.17,Other,Other,Standard,Infomerics,INC rating hits ULTRA HOT on 2026-12-23 — exclusive Q1 2027 whitespace lead,Your Infomerics INC rating goes critical in Dec 2026. ACER is your best alternative — no competitor has approached you.,August 2026 (before Dec ULTRA HOT threshold),Currently HOT — escalates to ULTRA HOT Dec 2026. NOT in October pool. Call August-September.
Jai Hind Feeds,Infomerics,Proposed Short Term Bank Facilities,IVR A4 (INC)(Reaffirmed),2025-12-23,HOT,ULTRA HOT,2026-12-23,0.17,Other,Other,Standard,Infomerics,INC rating hits ULTRA HOT on 2026-12-23 — exclusive Q1 2027 whitespace lead,Your Infomerics INC rating goes critical in Dec 2026. ACER is your best alternative — no competitor has approached you.,August 2026 (before Dec ULTRA HOT threshold),Currently HOT — escalates to ULTRA HOT Dec 2026. NOT in October pool. Call August-September.
Tiger 4 India Ltd.,CRISIL,Term Loan,B+,2025-12-23,HOT,ULTRA HOT,2026-12-23,0.01,Other,Other,Standard,D365,INC rating hits ULTRA HOT on 2026-12-23 — prime Q1 2027 renewal target,Your Term Loan at CRISIL goes critical in Dec 2026. Start ACER process in Sep 2026 — before the Q1 rush.,August 2026 (before Dec ULTRA HOT threshold),Currently HOT — escalates to ULTRA HOT Dec 2026. NOT in October pool. Call August-September.
O C S Services (India) Pvt. Ltd.,BRICKWORK,Letter of Credit,A 4,2025-12-23,HOT,ULTRA HOT,2026-12-23,0.0,Other,Other,Standard,D365,INC rating hits ULTRA HOT on 2026-12-23 — prime Q1 2027 renewal target,Your Letter of Credit at BRICKWORK goes critical in Dec 2026. Start ACER process in Sep 2026 — before the Q1 rush.,August 2026 (before Dec ULTRA HOT threshold),Currently HOT — escalates to ULTRA HOT Dec 2026. NOT in October pool. Call August-September.
O C S Services (India) Pvt. Ltd.,BRICKWORK,Letter of Credit,B+,2025-12-23,HOT,ULTRA HOT,2026-12-23,0.0,Other,Other,Standard,D365,INC rating hits ULTRA HOT on 2026-12-23 — prime Q1 2027 renewal target,Your Letter of Credit at BRICKWORK goes critical in Dec 2026. Start ACER process in Sep 2026 — before the Q1 rush.,August 2026 (before Dec ULTRA HOT threshold),Currently HOT — escalates to ULTRA HOT Dec 2026. NOT in October pool. Call August-September.
Osia Gems Pvt. Ltd.,BRICKWORK,Non-Fund-Based,A 4,2025-12-23,HOT,ULTRA HOT,2026-12-23,0.0,Jewellery,Jewellery,Standard,D365,INC rating hits ULTRA HOT on 2026-12-23 — prime Q1 2027 renewal target,Your Non-Fund-Based at BRICKWORK goes critical in Dec 2026. Start ACER process in Sep 2026 — before the Q1 rush.,August 2026 (before Dec ULTRA HOT threshold),Currently HOT — escalates to ULTRA HOT Dec 2026. NOT in October pool. Call August-September.
Krishna Constellation Pvt. Ltd.,CRISIL,Bank Guarantee,A 4+,2025-12-24,HOT,ULTRA HOT,2026-12-24,223.0,Other,Other,Standard,D365,INC rating hits ULTRA HOT on 2026-12-24 — prime Q1 2027 renewal target,Your Bank Guarantee at CRISIL goes critical in Dec 2026. Start ACER process in Sep 2026 — before the Q1 rush.,August 2026 (before Dec ULTRA HOT threshold),Currently HOT — escalates to ULTRA HOT Dec 2026. NOT in October pool. Call August-September.
Prince Corp Private Limited,Infomerics,Long Term Bank Facilities,IVR D (INC)(Reaffirmed),2025-12-24,HOT,ULTRA HOT,2026-12-24,131.46,Other,Other,Standard,Infomerics,INC rating hits ULTRA HOT on 2026-12-24 — exclusive Q1 2027 whitespace lead,Your Infomerics INC rating goes critical in Dec 2026. ACER is your best alternative — no competitor has approached you.,August 2026 (before Dec ULTRA HOT threshold),Currently HOT — escalates to ULTRA HOT Dec 2026. NOT in October pool. Call August-September.
Uttam Chand Rakesh Kumar,Infomerics,Long Term Bank Facilities,IVR BB (INC) (Downgraded),2025-12-24,HOT,ULTRA HOT,2026-12-24,81.63,Other,Other,Standard,Infomerics,INC rating hits ULTRA HOT on 2026-12-24 — exclusive Q1 2027 whitespace lead,Your Infomerics INC rating goes critical in Dec 2026. ACER is your best alternative — no competitor has approached you.,August 2026 (before Dec ULTRA HOT threshold),Currently HOT — escalates to ULTRA HOT Dec 2026. NOT in October pool. Call August-September.
Ktex Nonwovens Pvt. Ltd.,CARE,NCD/Bond,BB/A4,2025-12-24,HOT,ULTRA HOT,2026-12-24,65.0,Other,Other,NCD — SEBI License Required,D365,INC rating hits ULTRA HOT on 2026-12-24 — prime Q1 2027 renewal target,Your NCD/Bond at CARE goes critical in Dec 2026. Start ACER process in Sep 2026 — before the Q1 rush.,August 2026 (before Dec ULTRA HOT threshold),Currently HOT — escalates to ULTRA HOT Dec 2026. NOT in October pool. Call August-September.
M/s Niranjan Rai,Infomerics,Short Term Bank Facilities,IVR A3 (INC)(Downgraded),2025-12-24,HOT,ULTRA HOT,2026-12-24,65.0,Other,Other,Standard,Infomerics,INC rating hits ULTRA HOT on 2026-12-24 — exclusive Q1 2027 whitespace lead,Your Infomerics INC rating goes critical in Dec 2026. ACER is your best alternative — no competitor has approached you.,August 2026 (before Dec ULTRA HOT threshold),Currently HOT — escalates to ULTRA HOT Dec 2026. NOT in October pool. Call August-September.
Ktex Nonwovens Pvt. Ltd.,CARE,NCD/Bond,BB/A4,2025-12-24,HOT,ULTRA HOT,2026-12-24,62.48,Other,Other,NCD — SEBI License Required,D365,INC rating hits ULTRA HOT on 2026-12-24 — prime Q1 2027 renewal target,Your NCD/Bond at CARE goes critical in Dec 2026. Start ACER process in Sep 2026 — before the Q1 rush.,August 2026 (before Dec ULTRA HOT threshold),Currently HOT — escalates to ULTRA HOT Dec 2026. NOT in October pool. Call August-September.
Chemical Process Equipments Pvt. Ltd.,CARE,Bank Guarantee,A 4+,2025-12-24,HOT,ULTRA HOT,2026-12-24,51.6,Chemicals/Pharma,Chemicals/Pharma,Standard,D365,INC rating hits ULTRA HOT on 2026-12-24 — prime Q1 2027 renewal target,Your Bank Guarantee at CARE goes critical in Dec 2026. Start ACER process in Sep 2026 — before the Q1 rush.,August 2026 (before Dec ULTRA HOT threshold),Currently HOT — escalates to ULTRA HOT Dec 2026. NOT in October pool. Call August-September.
Prince Corp Private Limited,Infomerics,Short Term Bank Facilities,IVR D (INC)(Reaffirmed),2025-12-24,HOT,ULTRA HOT,2026-12-24,45.5,Other,Other,Standard,Infomerics,INC rating hits ULTRA HOT on 2026-12-24 — exclusive Q1 2027 whitespace lead,Your Infomerics INC rating goes critical in Dec 2026. ACER is your best alternative — no competitor has approached you.,August 2026 (before Dec ULTRA HOT threshold),Currently HOT — escalates to ULTRA HOT Dec 2026. NOT in October pool. Call August-September.
Shreegopal Auto Pvt. Ltd.,CRISIL,Fund-Based,BB+,2025-12-24,HOT,ULTRA HOT,2026-12-24,38.0,Manufacturing,Manufacturing,Standard,D365,INC rating hits ULTRA HOT on 2026-12-24 — prime Q1 2027 renewal target,Your Fund-Based at CRISIL goes critical in Dec 2026. Start ACER process in Sep 2026 — before the Q1 rush.,August 2026 (before Dec ULTRA HOT threshold),Currently HOT — escalates to ULTRA HOT Dec 2026. NOT in October pool. Call August-September.
M/s Niranjan Rai,Infomerics,Long Term Bank Facilities,IVR BBB- (INC)(Downgraded),2025-12-24,HOT,ULTRA HOT,2026-12-24,35.0,Other,Other,Standard,Infomerics,INC rating hits ULTRA HOT on 2026-12-24 — exclusive Q1 2027 whitespace lead,Your Infomerics INC rating goes critical in Dec 2026. ACER is your best alternative — no competitor has approached you.,August 2026 (before Dec ULTRA HOT threshold),Currently HOT — escalates to ULTRA HOT Dec 2026. NOT in October pool. Call August-September.
Anoj Kumar Agarwala,Infomerics,Short Term Bank Facilities,IVR A4 (INC)(Reaffirmed),2025-12-24,HOT,ULTRA HOT,2026-12-24,35.0,Other,Other,Standard,Infomerics,INC rating hits ULTRA HOT on 2026-12-24 — exclusive Q1 2027 whitespace lead,Your Infomerics INC rating goes critical in Dec 2026. ACER is your best alternative — no competitor has approached you.,August 2026 (before Dec ULTRA HOT threshold),Currently HOT — escalates to ULTRA HOT Dec 2026. NOT in October pool. Call August-September.
Metco Roof Pvt. Ltd.,ICRA,Term Loan,B+,2025-12-24,HOT,ULTRA HOT,2026-12-24,30.0,Other,Other,Standard,D365,INC rating hits ULTRA HOT on 2026-12-24 — prime Q1 2027 renewal target,Your Term Loan at ICRA goes critical in Dec 2026. Start ACER process in Sep 2026 — before the Q1 rush.,August 2026 (before Dec ULTRA HOT threshold),Currently HOT — escalates to ULTRA HOT Dec 2026. NOT in October pool. Call August-September.
Quality Exports,Infomerics,Long / Short Term Bank Facilities,IVR B+/IVR A4; (INC)(Downgraded),2025-12-24,HOT,ULTRA HOT,2026-12-24,30.0,Other,Trading/Exports,Standard,Infomerics,INC rating hits ULTRA HOT on 2026-12-24 — exclusive Q1 2027 whitespace lead,Your Infomerics INC rating goes critical in Dec 2026. ACER is your best alternative — no competitor has approached you.,August 2026 (before Dec ULTRA HOT threshold),Currently HOT — escalates to ULTRA HOT Dec 2026. NOT in October pool. Call August-September.
Deep (India) Enterprises Pvt. Ltd.,BRICKWORK,Term Loan,C,2025-12-24,HOT,ULTRA HOT,2026-12-24,29.5,Other,Other,Standard,D365,INC rating hits ULTRA HOT on 2026-12-24 — prime Q1 2027 renewal target,Your Term Loan at BRICKWORK goes critical in Dec 2026. Start ACER process in Sep 2026 — before the Q1 rush.,August 2026 (before Dec ULTRA HOT threshold),Currently HOT — escalates to ULTRA HOT Dec 2026. NOT in October pool. Call August-September.
Metco Roof Pvt. Ltd.,ICRA,Non-Fund-Based,A 4,2025-12-24,HOT,ULTRA HOT,2026-12-24,26.0,Other,Other,Standard,D365,INC rating hits ULTRA HOT on 2026-12-24 — prime Q1 2027 renewal target,Your Non-Fund-Based at ICRA goes critical in Dec 2026. Start ACER process in Sep 2026 — before the Q1 rush.,August 2026 (before Dec ULTRA HOT threshold),Currently HOT — escalates to ULTRA HOT Dec 2026. NOT in October pool. Call August-September.
Jaipur Jewels Global Ltd.,ACUITE,Bank Guarantee,A 4,2025-12-24,HOT,ULTRA HOT,2026-12-24,25.0,Jewellery,Jewellery,Standard,D365,INC rating hits ULTRA HOT on 2026-12-24 — prime Q1 2027 renewal target,Your Bank Guarantee at ACUITE goes critical in Dec 2026. Start ACER process in Sep 2026 — before the Q1 rush.,August 2026 (before Dec ULTRA HOT threshold),Currently HOT — escalates to ULTRA HOT Dec 2026. NOT in October pool. Call August-September.
Sood Associates Pvt. Ltd.,BRICKWORK,Bank Guarantee,BB,2025-12-24,HOT,ULTRA HOT,2026-12-24,23.31,Other,Other,Standard,D365,INC rating hits ULTRA HOT on 2026-12-24 — prime Q1 2027 renewal target,Your Bank Guarantee at BRICKWORK goes critical in Dec 2026. Start ACER process in Sep 2026 — before the Q1 rush.,August 2026 (before Dec ULTRA HOT threshold),Currently HOT — escalates to ULTRA HOT Dec 2026. NOT in October pool. Call August-September.
Pro Flexi Packaging Private Limited,Infomerics,Long Term Bank Facilities,IVR B+ (INC) (Downgraded),2025-12-24,HOT,ULTRA HOT,2026-12-24,22.55,Paper/Packaging,Paper/Packaging,Standard,Infomerics,INC rating hits ULTRA HOT on 2026-12-24 — exclusive Q1 2027 whitespace lead,Your Infomerics INC rating goes critical in Dec 2026. ACER is your best alternative — no competitor has approached you.,August 2026 (before Dec ULTRA HOT threshold),Currently HOT — escalates to ULTRA HOT Dec 2026. NOT in October pool. Call August-September.
Vinayak Oil & Fats Pvt. Ltd.,CARE,Letter of Credit,A 4,2025-12-24,HOT,ULTRA HOT,2026-12-24,22.5,Energy,Energy,Standard,D365,INC rating hits ULTRA HOT on 2026-12-24 — prime Q1 2027 renewal target,Your Letter of Credit at CARE goes critical in Dec 2026. Start ACER process in Sep 2026 — before the Q1 rush.,August 2026 (before Dec ULTRA HOT threshold),Currently HOT — escalates to ULTRA HOT Dec 2026. NOT in October pool. Call August-September.
Chemical Process Equipments Pvt. Ltd.,CARE,Letter of Credit,A 4+,2025-12-24,HOT,ULTRA HOT,2026-12-24,21.0,Chemicals/Pharma,Chemicals/Pharma,Standard,D365,INC rating hits ULTRA HOT on 2026-12-24 — prime Q1 2027 renewal target,Your Letter of Credit at CARE goes critical in Dec 2026. Start ACER process in Sep 2026 — before the Q1 rush.,August 2026 (before Dec ULTRA HOT threshold),Currently HOT — escalates to ULTRA HOT Dec 2026. NOT in October pool. Call August-September.
H R Ispat Pvt. Ltd.,CARE,Term Loan,B-,2025-12-24,HOT,ULTRA HOT,2026-12-24,20.75,Other,Other,Standard,D365,INC rating hits ULTRA HOT on 2026-12-24 — prime Q1 2027 renewal target,Your Term Loan at CARE goes critical in Dec 2026. Start ACER process in Sep 2026 — before the Q1 rush.,August 2026 (before Dec ULTRA HOT threshold),Currently HOT — escalates to ULTRA HOT Dec 2026. NOT in October pool. Call August-September.
C D R Projects Pvt. Ltd.,ICRA,Non-Fund-Based,A 4,2025-12-24,HOT,ULTRA HOT,2026-12-24,18.75,Other,Construction,Standard,D365,INC rating hits ULTRA HOT on 2026-12-24 — prime Q1 2027 renewal target,Your Non-Fund-Based at ICRA goes critical in Dec 2026. Start ACER process in Sep 2026 — before the Q1 rush.,August 2026 (before Dec ULTRA HOT threshold),Currently HOT — escalates to ULTRA HOT Dec 2026. NOT in October pool. Call August-September.
Danalakshmi Paper Mills Pvt. Ltd.,ACUITE,Term Loan,B-,2025-12-24,HOT,ULTRA HOT,2026-12-24,15.0,Agro/Food,Agro/Food,Standard,D365,INC rating hits ULTRA HOT on 2026-12-24 — prime Q1 2027 renewal target,Your Term Loan at ACUITE goes critical in Dec 2026. Start ACER process in Sep 2026 — before the Q1 rush.,August 2026 (before Dec ULTRA HOT threshold),Currently HOT — escalates to ULTRA HOT Dec 2026. NOT in October pool. Call August-September.
Weener Empire Plastics Pvt. Ltd.,ICRA,NCD/Bond,B+/A4,2025-12-24,HOT,ULTRA HOT,2026-12-24,15.0,Chemicals/Pharma,Chemicals/Pharma,NCD — SEBI License Required,D365,INC rating hits ULTRA HOT on 2026-12-24 — prime Q1 2027 renewal target,Your NCD/Bond at ICRA goes critical in Dec 2026. Start ACER process in Sep 2026 — before the Q1 rush.,August 2026 (before Dec ULTRA HOT threshold),Currently HOT — escalates to ULTRA HOT Dec 2026. NOT in October pool. Call August-September.
Navkar Urbanstructure Ltd.,CARE,Bank Guarantee,A 4,2025-12-24,HOT,ULTRA HOT,2026-12-24,14.0,Other,Other,Standard,D365,INC rating hits ULTRA HOT on 2026-12-24 — prime Q1 2027 renewal target,Your Bank Guarantee at CARE goes critical in Dec 2026. Start ACER process in Sep 2026 — before the Q1 rush.,August 2026 (before Dec ULTRA HOT threshold),Currently HOT — escalates to ULTRA HOT Dec 2026. NOT in October pool. Call August-September.
Veera Techno Trec Pvt. Ltd.,CRISIL,Bank Guarantee,A 4,2025-12-24,HOT,ULTRA HOT,2026-12-24,13.5,IT/Technology,IT/Technology,Standard,D365,INC rating hits ULTRA HOT on 2026-12-24 — prime Q1 2027 renewal target,Your Bank Guarantee at CRISIL goes critical in Dec 2026. Start ACER process in Sep 2026 — before the Q1 rush.,August 2026 (before Dec ULTRA HOT threshold),Currently HOT — escalates to ULTRA HOT Dec 2026. NOT in October pool. Call August-September.
Deep (India) Enterprises Pvt. Ltd.,BRICKWORK,Fund-Based,C,2025-12-24,HOT,ULTRA HOT,2026-12-24,12.0,Other,Other,Standard,D365,INC rating hits ULTRA HOT on 2026-12-24 — prime Q1 2027 renewal target,Your Fund-Based at BRICKWORK goes critical in Dec 2026. Start ACER process in Sep 2026 — before the Q1 rush.,August 2026 (before Dec ULTRA HOT threshold),Currently HOT — escalates to ULTRA HOT Dec 2026. NOT in October pool. Call August-September.
Sharu Industries Pvt. Ltd.,CARE,Letter of Credit,A 4,2025-12-24,HOT,ULTRA HOT,2026-12-24,12.0,Other,Manufacturing,Standard,D365,INC rating hits ULTRA HOT on 2026-12-24 — prime Q1 2027 renewal target,Your Letter of Credit at CARE goes critical in Dec 2026. Start ACER process in Sep 2026 — before the Q1 rush.,August 2026 (before Dec ULTRA HOT threshold),Currently HOT — escalates to ULTRA HOT Dec 2026. NOT in October pool. Call August-September.
Anoj Kumar Agarwala,Infomerics,Long Term Bank Facilities,IVR B+ (INC)(Downgraded),2025-12-24,HOT,ULTRA HOT,2026-12-24,10.0,Other,Other,Standard,Infomerics,INC rating hits ULTRA HOT on 2026-12-24 — exclusive Q1 2027 whitespace lead,Your Infomerics INC rating goes critical in Dec 2026. ACER is your best alternative — no competitor has approached you.,August 2026 (before Dec ULTRA HOT threshold),Currently HOT — escalates to ULTRA HOT Dec 2026. NOT in October pool. Call August-September.
Danalakshmi Paper Mills Pvt. Ltd.,ACUITE,Letter of Credit,A 4,2025-12-24,HOT,ULTRA HOT,2026-12-24,9.0,Agro/Food,Agro/Food,Standard,D365,INC rating hits ULTRA HOT on 2026-12-24 — prime Q1 2027 renewal target,Your Letter of Credit at ACUITE goes critical in Dec 2026. Start ACER process in Sep 2026 — before the Q1 rush.,August 2026 (before Dec ULTRA HOT threshold),Currently HOT — escalates to ULTRA HOT Dec 2026. NOT in October pool. Call August-September.
Shreegopal Auto Pvt. Ltd.,CRISIL,Term Loan,BB+,2025-12-24,HOT,ULTRA HOT,2026-12-24,9.0,Manufacturing,Manufacturing,Standard,D365,INC rating hits ULTRA HOT on 2026-12-24 — prime Q1 2027 renewal target,Your Term Loan at CRISIL goes critical in Dec 2026. Start ACER process in Sep 2026 — before the Q1 rush.,August 2026 (before Dec ULTRA HOT threshold),Currently HOT — escalates to ULTRA HOT Dec 2026. NOT in October pool. Call August-September.
Varad Agri-Tech Ltd.,CRISIL,Term Loan,B+,2025-12-24,HOT,ULTRA HOT,2026-12-24,9.0,IT/Technology,IT/Technology,Standard,D365,INC rating hits ULTRA HOT on 2026-12-24 — prime Q1 2027 renewal target,Your Term Loan at CRISIL goes critical in Dec 2026. Start ACER process in Sep 2026 — before the Q1 rush.,August 2026 (before Dec ULTRA HOT threshold),Currently HOT — escalates to ULTRA HOT Dec 2026. NOT in October pool. Call August-September.
Chemical Process Equipments Pvt. Ltd.,CARE,Term Loan,BB+,2025-12-24,HOT,ULTRA HOT,2026-12-24,7.94,Chemicals/Pharma,Chemicals/Pharma,Standard,D365,INC rating hits ULTRA HOT on 2026-12-24 — prime Q1 2027 renewal target,Your Term Loan at CARE goes critical in Dec 2026. Start ACER process in Sep 2026 — before the Q1 rush.,August 2026 (before Dec ULTRA HOT threshold),Currently HOT — escalates to ULTRA HOT Dec 2026. NOT in October pool. Call August-September.
Metco Roof Pvt. Ltd.,ICRA,NCD/Bond,B+/A4,2025-12-24,HOT,ULTRA HOT,2026-12-24,7.72,Other,Other,NCD — SEBI License Required,D365,INC rating hits ULTRA HOT on 2026-12-24 — prime Q1 2027 renewal target,Your NCD/Bond at ICRA goes critical in Dec 2026. Start ACER process in Sep 2026 — before the Q1 rush.,August 2026 (before Dec ULTRA HOT threshold),Currently HOT — escalates to ULTRA HOT Dec 2026. NOT in October pool. Call August-September.
Jayachandran Industries Pvt. Ltd.,ACUITE,Letter of Credit,A 4,2025-12-24,HOT,ULTRA HOT,2026-12-24,7.0,Other,Manufacturing,Standard,D365,INC rating hits ULTRA HOT on 2026-12-24 — prime Q1 2027 renewal target,Your Letter of Credit at ACUITE goes critical in Dec 2026. Start ACER process in Sep 2026 — before the Q1 rush.,August 2026 (before Dec ULTRA HOT threshold),Currently HOT — escalates to ULTRA HOT Dec 2026. NOT in October pool. Call August-September.
Ktex Nonwovens Pvt. Ltd.,CARE,Bank Guarantee,A 4,2025-12-24,HOT,ULTRA HOT,2026-12-24,6.0,Other,Other,Standard,D365,INC rating hits ULTRA HOT on 2026-12-24 — prime Q1 2027 renewal target,Your Bank Guarantee at CARE goes critical in Dec 2026. Start ACER process in Sep 2026 — before the Q1 rush.,August 2026 (before Dec ULTRA HOT threshold),Currently HOT — escalates to ULTRA HOT Dec 2026. NOT in October pool. Call August-September.
C D R Projects Pvt. Ltd.,ICRA,NCD/Bond,B+/A4,2025-12-24,HOT,ULTRA HOT,2026-12-24,5.04,Other,Construction,NCD — SEBI License Required,D365,INC rating hits ULTRA HOT on 2026-12-24 — prime Q1 2027 renewal target,Your NCD/Bond at ICRA goes critical in Dec 2026. Start ACER process in Sep 2026 — before the Q1 rush.,August 2026 (before Dec ULTRA HOT threshold),Currently HOT — escalates to ULTRA HOT Dec 2026. NOT in October pool. Call August-September.
Relcom Technology Pvt. Ltd.,ICRA,Term Loan,B,2025-12-24,HOT,ULTRA HOT,2026-12-24,5.0,IT/Technology,IT/Technology,Standard,D365,INC rating hits ULTRA HOT on 2026-12-24 — prime Q1 2027 renewal target,Your Term Loan at ICRA goes critical in Dec 2026. Start ACER process in Sep 2026 — before the Q1 rush.,August 2026 (before Dec ULTRA HOT threshold),Currently HOT — escalates to ULTRA HOT Dec 2026. NOT in October pool. Call August-September.
S K S India Pvt. Ltd.,BRICKWORK,Bank Guarantee,A 4,2025-12-24,HOT,ULTRA HOT,2026-12-24,4.5,Other,Other,Standard,D365,INC rating hits ULTRA HOT on 2026-12-24 — prime Q1 2027 renewal target,Your Bank Guarantee at BRICKWORK goes critical in Dec 2026. Start ACER process in Sep 2026 — before the Q1 rush.,August 2026 (before Dec ULTRA HOT threshold),Currently HOT — escalates to ULTRA HOT Dec 2026. NOT in October pool. Call August-September.
Vishwa Glass & Ceramics Pvt. Ltd.,CRISIL,Letter of Credit,A 4,2025-12-24,HOT,ULTRA HOT,2026-12-24,4.0,Other,Manufacturing,Standard,D365,INC rating hits ULTRA HOT on 2026-12-24 — prime Q1 2027 renewal target,Your Letter of Credit at CRISIL goes critical in Dec 2026. Start ACER process in Sep 2026 — before the Q1 rush.,August 2026 (before Dec ULTRA HOT threshold),Currently HOT — escalates to ULTRA HOT Dec 2026. NOT in October pool. Call August-September.
H R Ispat Pvt. Ltd.,CARE,Letter of Credit,A 4,2025-12-24,HOT,ULTRA HOT,2026-12-24,3.75,Other,Other,Standard,D365,INC rating hits ULTRA HOT on 2026-12-24 — prime Q1 2027 renewal target,Your Letter of Credit at CARE goes critical in Dec 2026. Start ACER process in Sep 2026 — before the Q1 rush.,August 2026 (before Dec ULTRA HOT threshold),Currently HOT — escalates to ULTRA HOT Dec 2026. NOT in October pool. Call August-September.
S K S India Pvt. Ltd.,BRICKWORK,Term Loan,C,2025-12-24,HOT,ULTRA HOT,2026-12-24,3.71,Other,Other,Standard,D365,INC rating hits ULTRA HOT on 2026-12-24 — prime Q1 2027 renewal target,Your Term Loan at BRICKWORK goes critical in Dec 2026. Start ACER process in Sep 2026 — before the Q1 rush.,August 2026 (before Dec ULTRA HOT threshold),Currently HOT — escalates to ULTRA HOT Dec 2026. NOT in October pool. Call August-September.
Shreegopal Auto Pvt. Ltd.,CRISIL,Term Loan,BB+,2025-12-24,HOT,ULTRA HOT,2026-12-24,3.0,Manufacturing,Manufacturing,Standard,D365,INC rating hits ULTRA HOT on 2026-12-24 — prime Q1 2027 renewal target,Your Term Loan at CRISIL goes critical in Dec 2026. Start ACER process in Sep 2026 — before the Q1 rush.,August 2026 (before Dec ULTRA HOT threshold),Currently HOT — escalates to ULTRA HOT Dec 2026. NOT in October pool. Call August-September.
Winner Nippon Leatherette Pvt. Ltd.,ICRA,NCD/Bond,B+/A4,2025-12-24,HOT,ULTRA HOT,2026-12-24,2.05,Other,Other,NCD — SEBI License Required,D365,INC rating hits ULTRA HOT on 2026-12-24 — prime Q1 2027 renewal target,Your NCD/Bond at ICRA goes critical in Dec 2026. Start ACER process in Sep 2026 — before the Q1 rush.,August 2026 (before Dec ULTRA HOT threshold),Currently HOT — escalates to ULTRA HOT Dec 2026. NOT in October pool. Call August-September.
Varad Agri-Tech Ltd.,CRISIL,Bank Guarantee,A 4,2025-12-24,HOT,ULTRA HOT,2026-12-24,2.0,IT/Technology,IT/Technology,Standard,D365,INC rating hits ULTRA HOT on 2026-12-24 — prime Q1 2027 renewal target,Your Bank Guarantee at CRISIL goes critical in Dec 2026. Start ACER process in Sep 2026 — before the Q1 rush.,August 2026 (before Dec ULTRA HOT threshold),Currently HOT — escalates to ULTRA HOT Dec 2026. NOT in October pool. Call August-September.
Winner Nippon Leatherette Pvt. Ltd.,ICRA,Non-Fund-Based,A 4,2025-12-24,HOT,ULTRA HOT,2026-12-24,1.75,Other,Other,Standard,D365,INC rating hits ULTRA HOT on 2026-12-24 — prime Q1 2027 renewal target,Your Non-Fund-Based at ICRA goes critical in Dec 2026. Start ACER process in Sep 2026 — before the Q1 rush.,August 2026 (before Dec ULTRA HOT threshold),Currently HOT — escalates to ULTRA HOT Dec 2026. NOT in October pool. Call August-September.
Sun Rolling Mills Pvt. Ltd.,CARE,Bank Guarantee,A 4,2025-12-24,HOT,ULTRA HOT,2026-12-24,1.5,Steel & Metals,Steel & Metals,Standard,D365,INC rating hits ULTRA HOT on 2026-12-24 — prime Q1 2027 renewal target,Your Bank Guarantee at CARE goes critical in Dec 2026. Start ACER process in Sep 2026 — before the Q1 rush.,August 2026 (before Dec ULTRA HOT threshold),Currently HOT — escalates to ULTRA HOT Dec 2026. NOT in October pool. Call August-September.
Winner Nippon Leatherette Pvt. Ltd.,ICRA,Term Loan,B+,2025-12-24,HOT,ULTRA HOT,2026-12-24,1.45,Other,Other,Standard,D365,INC rating hits ULTRA HOT on 2026-12-24 — prime Q1 2027 renewal target,Your Term Loan at ICRA goes critical in Dec 2026. Start ACER process in Sep 2026 — before the Q1 rush.,August 2026 (before Dec ULTRA HOT threshold),Currently HOT — escalates to ULTRA HOT Dec 2026. NOT in October pool. Call August-September.
C D R Projects Pvt. Ltd.,ICRA,Term Loan,B+,2025-12-24,HOT,ULTRA HOT,2026-12-24,1.21,Other,Construction,Standard,D365,INC rating hits ULTRA HOT on 2026-12-24 — prime Q1 2027 renewal target,Your Term Loan at ICRA goes critical in Dec 2026. Start ACER process in Sep 2026 — before the Q1 rush.,August 2026 (before Dec ULTRA HOT threshold),Currently HOT — escalates to ULTRA HOT Dec 2026. NOT in October pool. Call August-September.
S K S India Pvt. Ltd.,BRICKWORK,Term Loan,C,2025-12-24,HOT,ULTRA HOT,2026-12-24,1.04,Other,Other,Standard,D365,INC rating hits ULTRA HOT on 2026-12-24 — prime Q1 2027 renewal target,Your Term Loan at BRICKWORK goes critical in Dec 2026. Start ACER process in Sep 2026 — before the Q1 rush.,August 2026 (before Dec ULTRA HOT threshold),Currently HOT — escalates to ULTRA HOT Dec 2026. NOT in October pool. Call August-September.
Relcom Technology Pvt. Ltd.,ICRA,Non-Fund-Based,B,2025-12-24,HOT,ULTRA HOT,2026-12-24,1.0,IT/Technology,IT/Technology,Standard,D365,INC rating hits ULTRA HOT on 2026-12-24 — prime Q1 2027 renewal target,Your Non-Fund-Based at ICRA goes critical in Dec 2026. Start ACER process in Sep 2026 — before the Q1 rush.,August 2026 (before Dec ULTRA HOT threshold),Currently HOT — escalates to ULTRA HOT Dec 2026. NOT in October pool. Call August-September.
Vinayak Oil & Fats Pvt. Ltd.,CARE,Bank Guarantee,BB-,2025-12-24,HOT,ULTRA HOT,2026-12-24,1.0,Energy,Energy,Standard,D365,INC rating hits ULTRA HOT on 2026-12-24 — prime Q1 2027 renewal target,Your Bank Guarantee at CARE goes critical in Dec 2026. Start ACER process in Sep 2026 — before the Q1 rush.,August 2026 (before Dec ULTRA HOT threshold),Currently HOT — escalates to ULTRA HOT Dec 2026. NOT in October pool. Call August-September.
Shriram Power & Steel Pvt. Ltd.,BRICKWORK,Bank Guarantee,A 4,2025-12-24,HOT,ULTRA HOT,2026-12-24,0.6,Steel & Metals,Steel & Metals,Standard,D365,INC rating hits ULTRA HOT on 2026-12-24 — prime Q1 2027 renewal target,Your Bank Guarantee at BRICKWORK goes critical in Dec 2026. Start ACER process in Sep 2026 — before the Q1 rush.,August 2026 (before Dec ULTRA HOT threshold),Currently HOT — escalates to ULTRA HOT Dec 2026. NOT in October pool. Call August-September.
Vishwa Glass & Ceramics Pvt. Ltd.,CRISIL,Term Loan,B+,2025-12-24,HOT,ULTRA HOT,2026-12-24,0.5,Other,Manufacturing,Standard,D365,INC rating hits ULTRA HOT on 2026-12-24 — prime Q1 2027 renewal target,Your Term Loan at CRISIL goes critical in Dec 2026. Start ACER process in Sep 2026 — before the Q1 rush.,August 2026 (before Dec ULTRA HOT threshold),Currently HOT — escalates to ULTRA HOT Dec 2026. NOT in October pool. Call August-September.
Shree Naman Hotels Pvt. Ltd.,BRICKWORK,Term Loan,BBB+,2025-12-26,HOT,ULTRA HOT,2026-12-26,395.0,Hotels/Tourism,Hotels/Tourism,Standard,D365,INC rating hits ULTRA HOT on 2026-12-26 — prime Q1 2027 renewal target,Your Term Loan at BRICKWORK goes critical in Dec 2026. Start ACER process in Sep 2026 — before the Q1 rush.,August 2026 (before Dec ULTRA HOT threshold),Currently HOT — escalates to ULTRA HOT Dec 2026. NOT in October pool. Call August-September.
W F B Baird & Co. India Pvt. Ltd.,CARE,Letter of Credit,A 3,2025-12-26,HOT,ULTRA HOT,2026-12-26,333.0,Other,Other,Standard,D365,INC rating hits ULTRA HOT on 2026-12-26 — prime Q1 2027 renewal target,Your Letter of Credit at CARE goes critical in Dec 2026. Start ACER process in Sep 2026 — before the Q1 rush.,August 2026 (before Dec ULTRA HOT threshold),Currently HOT — escalates to ULTRA HOT Dec 2026. NOT in October pool. Call August-September.
P C Snehal Construction Pvt. Ltd.,BRICKWORK,Bank Guarantee,A 4,2025-12-26,HOT,ULTRA HOT,2026-12-26,135.5,Construction,Construction,Standard,D365,INC rating hits ULTRA HOT on 2026-12-26 — prime Q1 2027 renewal target,Your Bank Guarantee at BRICKWORK goes critical in Dec 2026. Start ACER process in Sep 2026 — before the Q1 rush.,August 2026 (before Dec ULTRA HOT threshold),Currently HOT — escalates to ULTRA HOT Dec 2026. NOT in October pool. Call August-September.
Shree Shiddhanath Cotex Private Limited,Infomerics,Long Term Facilities,IVR D (INC) (Reaffirmed),2025-12-26,HOT,ULTRA HOT,2026-12-26,97.59,Other,Other,Standard,Infomerics,INC rating hits ULTRA HOT on 2026-12-26 — exclusive Q1 2027 whitespace lead,Your Infomerics INC rating goes critical in Dec 2026. ACER is your best alternative — no competitor has approached you.,August 2026 (before Dec ULTRA HOT threshold),Currently HOT — escalates to ULTRA HOT Dec 2026. NOT in October pool. Call August-September.
I G W India Technologies Pvt. Ltd.,CARE,Term Loan,BBB+,2025-12-26,HOT,ULTRA HOT,2026-12-26,92.21,IT/Technology,IT/Technology,Standard,D365,INC rating hits ULTRA HOT on 2026-12-26 — prime Q1 2027 renewal target,Your Term Loan at CARE goes critical in Dec 2026. Start ACER process in Sep 2026 — before the Q1 rush.,August 2026 (before Dec ULTRA HOT threshold),Currently HOT — escalates to ULTRA HOT Dec 2026. NOT in October pool. Call August-September.
W F B Baird & Co. India Pvt. Ltd.,CARE,NCD/Bond,BBB-/A3,2025-12-26,HOT,ULTRA HOT,2026-12-26,90.0,Other,Other,NCD — SEBI License Required,D365,INC rating hits ULTRA HOT on 2026-12-26 — prime Q1 2027 renewal target,Your NCD/Bond at CARE goes critical in Dec 2026. Start ACER process in Sep 2026 — before the Q1 rush.,August 2026 (before Dec ULTRA HOT threshold),Currently HOT — escalates to ULTRA HOT Dec 2026. NOT in October pool. Call August-September.
Borana Weaves Ltd.,CARE,Term Loan,BB+,2025-12-26,HOT,ULTRA HOT,2026-12-26,50.5,Other,Other,Standard,D365,INC rating hits ULTRA HOT on 2026-12-26 — prime Q1 2027 renewal target,Your Term Loan at CARE goes critical in Dec 2026. Start ACER process in Sep 2026 — before the Q1 rush.,August 2026 (before Dec ULTRA HOT threshold),Currently HOT — escalates to ULTRA HOT Dec 2026. NOT in October pool. Call August-September.
I G W India Technologies Pvt. Ltd.,CARE,NCD/Bond,BBB+/A2,2025-12-26,HOT,ULTRA HOT,2026-12-26,50.0,IT/Technology,IT/Technology,NCD — SEBI License Required,D365,INC rating hits ULTRA HOT on 2026-12-26 — prime Q1 2027 renewal target,Your NCD/Bond at CARE goes critical in Dec 2026. Start ACER process in Sep 2026 — before the Q1 rush.,August 2026 (before Dec ULTRA HOT threshold),Currently HOT — escalates to ULTRA HOT Dec 2026. NOT in October pool. Call August-September.
Tirupati Oil Cake Industries Private Limited,Infomerics,Long Term Bank Facilities,IVR C- (INC)(Downgraded),2025-12-26,HOT,ULTRA HOT,2026-12-26,44.0,Energy,Energy,Standard,Infomerics,INC rating hits ULTRA HOT on 2026-12-26 — exclusive Q1 2027 whitespace lead,Your Infomerics INC rating goes critical in Dec 2026. ACER is your best alternative — no competitor has approached you.,August 2026 (before Dec ULTRA HOT threshold),Currently HOT — escalates to ULTRA HOT Dec 2026. NOT in October pool. Call August-September.
M/s Kakda Stone Crusher,Infomerics,Long Term Facilities,IVR B+ (INC)(Downgraded),2025-12-26,HOT,ULTRA HOT,2026-12-26,25.21,Other,Mining,Standard,Infomerics,INC rating hits ULTRA HOT on 2026-12-26 — exclusive Q1 2027 whitespace lead,Your Infomerics INC rating goes critical in Dec 2026. ACER is your best alternative — no competitor has approached you.,August 2026 (before Dec ULTRA HOT threshold),Currently HOT — escalates to ULTRA HOT Dec 2026. NOT in October pool. Call August-September.
Brahmani Developers Pvt. Ltd.,ACUITE,Bank Guarantee,A 4,2025-12-26,HOT,ULTRA HOT,2026-12-26,21.3,Other,Construction,Standard,D365,INC rating hits ULTRA HOT on 2026-12-26 — prime Q1 2027 renewal target,Your Bank Guarantee at ACUITE goes critical in Dec 2026. Start ACER process in Sep 2026 — before the Q1 rush.,August 2026 (before Dec ULTRA HOT threshold),Currently HOT — escalates to ULTRA HOT Dec 2026. NOT in October pool. Call August-September.
Virtus Exports & Imports Pvt. Ltd.,BRICKWORK,Bank Guarantee,A 4,2025-12-26,HOT,ULTRA HOT,2026-12-26,20.0,Other,Trading/Exports,Standard,D365,INC rating hits ULTRA HOT on 2026-12-26 — prime Q1 2027 renewal target,Your Bank Guarantee at BRICKWORK goes critical in Dec 2026. Start ACER process in Sep 2026 — before the Q1 rush.,August 2026 (before Dec ULTRA HOT threshold),Currently HOT — escalates to ULTRA HOT Dec 2026. NOT in October pool. Call August-September.
Sahastraa Exports Pvt. Ltd.,ICRA,Non-Fund-Based,A 4,2025-12-26,HOT,ULTRA HOT,2026-12-26,15.0,Other,Trading/Exports,Standard,D365,INC rating hits ULTRA HOT on 2026-12-26 — prime Q1 2027 renewal target,Your Non-Fund-Based at ICRA goes critical in Dec 2026. Start ACER process in Sep 2026 — before the Q1 rush.,August 2026 (before Dec ULTRA HOT threshold),Currently HOT — escalates to ULTRA HOT Dec 2026. NOT in October pool. Call August-September.
Safa Systems & Technologies Ltd.,CARE,Bank Guarantee,A 4,2025-12-26,HOT,ULTRA HOT,2026-12-26,12.5,IT/Technology,IT/Technology,Standard,D365,INC rating hits ULTRA HOT on 2026-12-26 — prime Q1 2027 renewal target,Your Bank Guarantee at CARE goes critical in Dec 2026. Start ACER process in Sep 2026 — before the Q1 rush.,August 2026 (before Dec ULTRA HOT threshold),Currently HOT — escalates to ULTRA HOT Dec 2026. NOT in October pool. Call August-September.
I G W India Technologies Pvt. Ltd.,CARE,NCD/Bond,BBB+/A2,2025-12-26,HOT,ULTRA HOT,2026-12-26,12.0,IT/Technology,IT/Technology,NCD — SEBI License Required,D365,INC rating hits ULTRA HOT on 2026-12-26 — prime Q1 2027 renewal target,Your NCD/Bond at CARE goes critical in Dec 2026. Start ACER process in Sep 2026 — before the Q1 rush.,August 2026 (before Dec ULTRA HOT threshold),Currently HOT — escalates to ULTRA HOT Dec 2026. NOT in October pool. Call August-September.
Brahmani Developers Pvt. Ltd.,ACUITE,Bank Guarantee,A 4,2025-12-26,HOT,ULTRA HOT,2026-12-26,8.74,Other,Construction,Standard,D365,INC rating hits ULTRA HOT on 2026-12-26 — prime Q1 2027 renewal target,Your Bank Guarantee at ACUITE goes critical in Dec 2026. Start ACER process in Sep 2026 — before the Q1 rush.,August 2026 (before Dec ULTRA HOT threshold),Currently HOT — escalates to ULTRA HOT Dec 2026. NOT in October pool. Call August-September.
W F B Baird & Co. India Pvt. Ltd.,CARE,Term Loan,BBB-,2025-12-26,HOT,ULTRA HOT,2026-12-26,8.67,Other,Other,Standard,D365,INC rating hits ULTRA HOT on 2026-12-26 — prime Q1 2027 renewal target,Your Term Loan at CARE goes critical in Dec 2026. Start ACER process in Sep 2026 — before the Q1 rush.,August 2026 (before Dec ULTRA HOT threshold),Currently HOT — escalates to ULTRA HOT Dec 2026. NOT in October pool. Call August-September.
Shrishaila Electricals (India) Pvt. Ltd.,ACUITE,Bank Guarantee,A 4,2025-12-26,HOT,ULTRA HOT,2026-12-26,8.0,Energy,Energy,Standard,D365,INC rating hits ULTRA HOT on 2026-12-26 — prime Q1 2027 renewal target,Your Bank Guarantee at ACUITE goes critical in Dec 2026. Start ACER process in Sep 2026 — before the Q1 rush.,August 2026 (before Dec ULTRA HOT threshold),Currently HOT — escalates to ULTRA HOT Dec 2026. NOT in October pool. Call August-September.
Goombira Tea Co. Ltd.,ACUITE,Term Loan,B-,2025-12-26,HOT,ULTRA HOT,2026-12-26,7.92,Other,Other,Standard,D365,INC rating hits ULTRA HOT on 2026-12-26 — prime Q1 2027 renewal target,Your Term Loan at ACUITE goes critical in Dec 2026. Start ACER process in Sep 2026 — before the Q1 rush.,August 2026 (before Dec ULTRA HOT threshold),Currently HOT — escalates to ULTRA HOT Dec 2026. NOT in October pool. Call August-September.
Borana Weaves Ltd.,CARE,NCD/Bond,BB+/A4+,2025-12-26,HOT,ULTRA HOT,2026-12-26,7.0,Other,Other,NCD — SEBI License Required,D365,INC rating hits ULTRA HOT on 2026-12-26 — prime Q1 2027 renewal target,Your NCD/Bond at CARE goes critical in Dec 2026. Start ACER process in Sep 2026 — before the Q1 rush.,August 2026 (before Dec ULTRA HOT threshold),Currently HOT — escalates to ULTRA HOT Dec 2026. NOT in October pool. Call August-September.
Shrishaila Electricals (India) Pvt. Ltd.,ACUITE,Short-Term Loan,A 4,2025-12-26,HOT,ULTRA HOT,2026-12-26,6.93,Energy,Energy,Standard,D365,INC rating hits ULTRA HOT on 2026-12-26 — prime Q1 2027 renewal target,Your Short-Term Loan at ACUITE goes critical in Dec 2026. Start ACER process in Sep 2026 — before the Q1 rush.,August 2026 (before Dec ULTRA HOT threshold),Currently HOT — escalates to ULTRA HOT Dec 2026. NOT in October pool. Call August-September.
Sharpline Automation Pvt. Ltd.,ICRA,Non-Fund-Based,A 4,2025-12-26,HOT,ULTRA HOT,2026-12-26,6.0,Manufacturing,Manufacturing,Standard,D365,INC rating hits ULTRA HOT on 2026-12-26 — prime Q1 2027 renewal target,Your Non-Fund-Based at ICRA goes critical in Dec 2026. Start ACER process in Sep 2026 — before the Q1 rush.,August 2026 (before Dec ULTRA HOT threshold),Currently HOT — escalates to ULTRA HOT Dec 2026. NOT in October pool. Call August-September.
Asterix Reinforced Ltd.,CARE,Fund-Based,B-,2025-12-26,HOT,ULTRA HOT,2026-12-26,5.37,Other,Other,Standard,D365,INC rating hits ULTRA HOT on 2026-12-26 — prime Q1 2027 renewal target,Your Fund-Based at CARE goes critical in Dec 2026. Start ACER process in Sep 2026 — before the Q1 rush.,August 2026 (before Dec ULTRA HOT threshold),Currently HOT — escalates to ULTRA HOT Dec 2026. NOT in October pool. Call August-September.
Asterix Reinforced Ltd.,CARE,Fund-Based,B-,2025-12-26,HOT,ULTRA HOT,2026-12-26,5.0,Other,Other,Standard,D365,INC rating hits ULTRA HOT on 2026-12-26 — prime Q1 2027 renewal target,Your Fund-Based at CARE goes critical in Dec 2026. Start ACER process in Sep 2026 — before the Q1 rush.,August 2026 (before Dec ULTRA HOT threshold),Currently HOT — escalates to ULTRA HOT Dec 2026. NOT in October pool. Call August-September.
S M L P G Cylinders Pvt. Ltd.,ICRA,Non-Fund-Based,A 4,2025-12-26,HOT,ULTRA HOT,2026-12-26,5.0,Other,Other,Standard,D365,INC rating hits ULTRA HOT on 2026-12-26 — prime Q1 2027 renewal target,Your Non-Fund-Based at ICRA goes critical in Dec 2026. Start ACER process in Sep 2026 — before the Q1 rush.,August 2026 (before Dec ULTRA HOT threshold),Currently HOT — escalates to ULTRA HOT Dec 2026. NOT in October pool. Call August-September.
Supreme Road Transport Pvt. Ltd.,CARE,Bank Guarantee,A 4,2025-12-26,HOT,ULTRA HOT,2026-12-26,5.0,Construction,Construction,Standard,D365,INC rating hits ULTRA HOT on 2026-12-26 — prime Q1 2027 renewal target,Your Bank Guarantee at CARE goes critical in Dec 2026. Start ACER process in Sep 2026 — before the Q1 rush.,August 2026 (before Dec ULTRA HOT threshold),Currently HOT — escalates to ULTRA HOT Dec 2026. NOT in October pool. Call August-September.
Tirupati Oil Cake Industries,Infomerics,Long Term Bank Facilities,IVR C- (INC)(Downgraded),2025-12-26,HOT,ULTRA HOT,2026-12-26,5.0,Energy,Energy,Standard,Infomerics,INC rating hits ULTRA HOT on 2026-12-26 — exclusive Q1 2027 whitespace lead,Your Infomerics INC rating goes critical in Dec 2026. ACER is your best alternative — no competitor has approached you.,August 2026 (before Dec ULTRA HOT threshold),Currently HOT — escalates to ULTRA HOT Dec 2026. NOT in October pool. Call August-September.
Safa Systems & Technologies Ltd.,CARE,Term Loan,BB-,2025-12-26,HOT,ULTRA HOT,2026-12-26,4.18,IT/Technology,IT/Technology,Standard,D365,INC rating hits ULTRA HOT on 2026-12-26 — prime Q1 2027 renewal target,Your Term Loan at CARE goes critical in Dec 2026. Start ACER process in Sep 2026 — before the Q1 rush.,August 2026 (before Dec ULTRA HOT threshold),Currently HOT — escalates to ULTRA HOT Dec 2026. NOT in October pool. Call August-September.
King Refineries Pvt. Ltd.,CARE,Letter of Credit,A 4,2025-12-26,HOT,ULTRA HOT,2026-12-26,4.0,Other,Other,Standard,D365,INC rating hits ULTRA HOT on 2026-12-26 — prime Q1 2027 renewal target,Your Letter of Credit at CARE goes critical in Dec 2026. Start ACER process in Sep 2026 — before the Q1 rush.,August 2026 (before Dec ULTRA HOT threshold),Currently HOT — escalates to ULTRA HOT Dec 2026. NOT in October pool. Call August-September.
Asterix Reinforced Ltd.,CARE,Non-Fund-Based,A 4,2025-12-26,HOT,ULTRA HOT,2026-12-26,2.5,Other,Other,Standard,D365,INC rating hits ULTRA HOT on 2026-12-26 — prime Q1 2027 renewal target,Your Non-Fund-Based at CARE goes critical in Dec 2026. Start ACER process in Sep 2026 — before the Q1 rush.,August 2026 (before Dec ULTRA HOT threshold),Currently HOT — escalates to ULTRA HOT Dec 2026. NOT in October pool. Call August-September.
Shree Shiddhanath Cotex Private Limited,Infomerics,Short Term Facilities,IVR D (INC) (Reaffirmed),2025-12-26,HOT,ULTRA HOT,2026-12-26,2.41,Other,Other,Standard,Infomerics,INC rating hits ULTRA HOT on 2026-12-26 — exclusive Q1 2027 whitespace lead,Your Infomerics INC rating goes critical in Dec 2026. ACER is your best alternative — no competitor has approached you.,August 2026 (before Dec ULTRA HOT threshold),Currently HOT — escalates to ULTRA HOT Dec 2026. NOT in October pool. Call August-September.
N M Foodimpex Pvt. Ltd.,BRICKWORK,NCD/Bond,C,2025-12-26,HOT,ULTRA HOT,2026-12-26,2.0,Agro/Food,Agro/Food,NCD — SEBI License Required,D365,INC rating hits ULTRA HOT on 2026-12-26 — prime Q1 2027 renewal target,Your NCD/Bond at BRICKWORK goes critical in Dec 2026. Start ACER process in Sep 2026 — before the Q1 rush.,August 2026 (before Dec ULTRA HOT threshold),Currently HOT — escalates to ULTRA HOT Dec 2026. NOT in October pool. Call August-September.
W F B Baird & Co. India Pvt. Ltd.,CARE,Non-Fund-Based,A 3,2025-12-26,HOT,ULTRA HOT,2026-12-26,2.0,Other,Other,Standard,D365,INC rating hits ULTRA HOT on 2026-12-26 — prime Q1 2027 renewal target,Your Non-Fund-Based at CARE goes critical in Dec 2026. Start ACER process in Sep 2026 — before the Q1 rush.,August 2026 (before Dec ULTRA HOT threshold),Currently HOT — escalates to ULTRA HOT Dec 2026. NOT in October pool. Call August-September.
Gajlaxmi Steel Pvt. Ltd.,BRICKWORK,Bank Guarantee,A 4,2025-12-26,HOT,ULTRA HOT,2026-12-26,1.75,Steel & Metals,Steel & Metals,Standard,D365,INC rating hits ULTRA HOT on 2026-12-26 — prime Q1 2027 renewal target,Your Bank Guarantee at BRICKWORK goes critical in Dec 2026. Start ACER process in Sep 2026 — before the Q1 rush.,August 2026 (before Dec ULTRA HOT threshold),Currently HOT — escalates to ULTRA HOT Dec 2026. NOT in October pool. Call August-September.
Asterix Reinforced Ltd.,CARE,Term Loan,B-,2025-12-26,HOT,ULTRA HOT,2026-12-26,1.63,Other,Other,Standard,D365,INC rating hits ULTRA HOT on 2026-12-26 — prime Q1 2027 renewal target,Your Term Loan at CARE goes critical in Dec 2026. Start ACER process in Sep 2026 — before the Q1 rush.,August 2026 (before Dec ULTRA HOT threshold),Currently HOT — escalates to ULTRA HOT Dec 2026. NOT in October pool. Call August-September.
Sharpline Automation Pvt. Ltd.,ICRA,Term Loan,B-,2025-12-26,HOT,ULTRA HOT,2026-12-26,1.29,Manufacturing,Manufacturing,Standard,D365,INC rating hits ULTRA HOT on 2026-12-26 — prime Q1 2027 renewal target,Your Term Loan at ICRA goes critical in Dec 2026. Start ACER process in Sep 2026 — before the Q1 rush.,August 2026 (before Dec ULTRA HOT threshold),Currently HOT — escalates to ULTRA HOT Dec 2026. NOT in October pool. Call August-September.
Brahmani Developers Pvt. Ltd.,ACUITE,Letter of Credit,A 4,2025-12-26,HOT,ULTRA HOT,2026-12-26,1.0,Other,Construction,Standard,D365,INC rating hits ULTRA HOT on 2026-12-26 — prime Q1 2027 renewal target,Your Letter of Credit at ACUITE goes critical in Dec 2026. Start ACER process in Sep 2026 — before the Q1 rush.,August 2026 (before Dec ULTRA HOT threshold),Currently HOT — escalates to ULTRA HOT Dec 2026. NOT in October pool. Call August-September.
Sharpline Automation Pvt. Ltd.,ICRA,Fund-Based,A 4,2025-12-26,HOT,ULTRA HOT,2026-12-26,1.0,Manufacturing,Manufacturing,Standard,D365,INC rating hits ULTRA HOT on 2026-12-26 — prime Q1 2027 renewal target,Your Fund-Based at ICRA goes critical in Dec 2026. Start ACER process in Sep 2026 — before the Q1 rush.,August 2026 (before Dec ULTRA HOT threshold),Currently HOT — escalates to ULTRA HOT Dec 2026. NOT in October pool. Call August-September.
Asterix Reinforced Ltd.,CARE,Letter of Credit,A 4,2025-12-26,HOT,ULTRA HOT,2026-12-26,0.5,Other,Other,Standard,D365,INC rating hits ULTRA HOT on 2026-12-26 — prime Q1 2027 renewal target,Your Letter of Credit at CARE goes critical in Dec 2026. Start ACER process in Sep 2026 — before the Q1 rush.,August 2026 (before Dec ULTRA HOT threshold),Currently HOT — escalates to ULTRA HOT Dec 2026. NOT in October pool. Call August-September.
N M Foodimpex Pvt. Ltd.,BRICKWORK,Term Loan,C,2025-12-26,HOT,ULTRA HOT,2026-12-26,0.12,Agro/Food,Agro/Food,Standard,D365,INC rating hits ULTRA HOT on 2026-12-26 — prime Q1 2027 renewal target,Your Term Loan at BRICKWORK goes critical in Dec 2026. Start ACER process in Sep 2026 — before the Q1 rush.,August 2026 (before Dec ULTRA HOT threshold),Currently HOT — escalates to ULTRA HOT Dec 2026. NOT in October pool. Call August-September.
Shrishaila Electricals (India) Pvt. Ltd.,ACUITE,Term Loan,B,2025-12-26,HOT,ULTRA HOT,2026-12-26,0.07,Energy,Energy,Standard,D365,INC rating hits ULTRA HOT on 2026-12-26 — prime Q1 2027 renewal target,Your Term Loan at ACUITE goes critical in Dec 2026. Start ACER process in Sep 2026 — before the Q1 rush.,August 2026 (before Dec ULTRA HOT threshold),Currently HOT — escalates to ULTRA HOT Dec 2026. NOT in October pool. Call August-September.
Sahastraa Exports Pvt. Ltd.,ICRA,Short-Term Loan,A 4,2025-12-26,HOT,ULTRA HOT,2026-12-26,0.0,Other,Trading/Exports,Standard,D365,INC rating hits ULTRA HOT on 2026-12-26 — prime Q1 2027 renewal target,Your Short-Term Loan at ICRA goes critical in Dec 2026. Start ACER process in Sep 2026 — before the Q1 rush.,August 2026 (before Dec ULTRA HOT threshold),Currently HOT — escalates to ULTRA HOT Dec 2026. NOT in October pool. Call August-September.
Shree Naman Hotels Pvt. Ltd.,BRICKWORK,Bank Guarantee,A 2,2025-12-26,HOT,ULTRA HOT,2026-12-26,0.0,Hotels/Tourism,Hotels/Tourism,Standard,D365,INC rating hits ULTRA HOT on 2026-12-26 — prime Q1 2027 renewal target,Your Bank Guarantee at BRICKWORK goes critical in Dec 2026. Start ACER process in Sep 2026 — before the Q1 rush.,August 2026 (before Dec ULTRA HOT threshold),Currently HOT — escalates to ULTRA HOT Dec 2026. NOT in October pool. Call August-September.
Aristo Securities Private Limited,Infomerics,Fund Based Bank Facilities â€“ Term Loan,IVR BB+ (INC) (Downgraded),2025-12-29,HOT,ULTRA HOT,2026-12-29,356.1,Other,Other,Standard,Infomerics,INC rating hits ULTRA HOT on 2026-12-29 — exclusive Q1 2027 whitespace lead,Your Infomerics INC rating goes critical in Dec 2026. ACER is your best alternative — no competitor has approached you.,August 2026 (before Dec ULTRA HOT threshold),Currently HOT — escalates to ULTRA HOT Dec 2026. NOT in October pool. Call August-September.
Sri Bhagirath Textiles Ltd.,ACUITE,Term Loan,BB,2025-12-29,HOT,ULTRA HOT,2026-12-29,191.89,Textiles,Textiles,Standard,D365,INC rating hits ULTRA HOT on 2026-12-29 — prime Q1 2027 renewal target,Your Term Loan at ACUITE goes critical in Dec 2026. Start ACER process in Sep 2026 — before the Q1 rush.,August 2026 (before Dec ULTRA HOT threshold),Currently HOT — escalates to ULTRA HOT Dec 2026. NOT in October pool. Call August-September.
Xrbia Mirth Properties LLP,Infomerics,Long Term Bank Facilities,IVR B- (INC) (Downgraded),2025-12-29,HOT,ULTRA HOT,2026-12-29,54.96,Other,Other,Standard,Infomerics,INC rating hits ULTRA HOT on 2026-12-29 — exclusive Q1 2027 whitespace lead,Your Infomerics INC rating goes critical in Dec 2026. ACER is your best alternative — no competitor has approached you.,August 2026 (before Dec ULTRA HOT threshold),Currently HOT — escalates to ULTRA HOT Dec 2026. NOT in October pool. Call August-September.
Tirumalla Groundnuts Industries India Private Limited,Infomerics,Long Term Fund Based Facility â€“ Term Loans,IVR D (INC),2025-12-29,HOT,ULTRA HOT,2026-12-29,51.71,Other,Manufacturing,Standard,Infomerics,INC rating hits ULTRA HOT on 2026-12-29 — exclusive Q1 2027 whitespace lead,Your Infomerics INC rating goes critical in Dec 2026. ACER is your best alternative — no competitor has approached you.,August 2026 (before Dec ULTRA HOT threshold),Currently HOT — escalates to ULTRA HOT Dec 2026. NOT in October pool. Call August-September.
Aristo Securities Private Limited,Infomerics,Proposed Non-Convertible Debentures (NCDs),IVR BB+ (INC) (Downgraded),2025-12-29,HOT,ULTRA HOT,2026-12-29,50.0,Other,Other,NCD — SEBI License Required,Infomerics,INC rating hits ULTRA HOT on 2026-12-29 — exclusive Q1 2027 whitespace lead,Your Infomerics INC rating goes critical in Dec 2026. ACER is your best alternative — no competitor has approached you.,August 2026 (before Dec ULTRA HOT threshold),Currently HOT — escalates to ULTRA HOT Dec 2026. NOT in October pool. Call August-September.
Aristo Securities Private Limited,Infomerics,External Commercial Borrowings (ECBs),IVR BB+ (INC) (Downgraded),2025-12-29,HOT,ULTRA HOT,2026-12-29,49.26,Other,Other,Standard,Infomerics,INC rating hits ULTRA HOT on 2026-12-29 — exclusive Q1 2027 whitespace lead,Your Infomerics INC rating goes critical in Dec 2026. ACER is your best alternative — no competitor has approached you.,August 2026 (before Dec ULTRA HOT threshold),Currently HOT — escalates to ULTRA HOT Dec 2026. NOT in October pool. Call August-September.
Altra Agro Chem Private Limited,Infomerics,Long Term Bank Facilities,IVR B+ (INC) (Downgraded),2025-12-29,HOT,ULTRA HOT,2026-12-29,44.59,Agro/Food,Agro/Food,Standard,Infomerics,INC rating hits ULTRA HOT on 2026-12-29 — exclusive Q1 2027 whitespace lead,Your Infomerics INC rating goes critical in Dec 2026. ACER is your best alternative — no competitor has approached you.,August 2026 (before Dec ULTRA HOT threshold),Currently HOT — escalates to ULTRA HOT Dec 2026. NOT in October pool. Call August-September.
Aristo Securities Private Limited,Infomerics,Non-Convertible Debentures (NCDs),IVR BB+ (INC) (Downgraded),2025-12-29,HOT,ULTRA HOT,2026-12-29,41.25,Other,Other,NCD — SEBI License Required,Infomerics,INC rating hits ULTRA HOT on 2026-12-29 — exclusive Q1 2027 whitespace lead,Your Infomerics INC rating goes critical in Dec 2026. ACER is your best alternative — no competitor has approached you.,August 2026 (before Dec ULTRA HOT threshold),Currently HOT — escalates to ULTRA HOT Dec 2026. NOT in October pool. Call August-September.
Aristo Securities Private Limited,Infomerics,Non-Convertible Debentures (NCDs),IVR BB+ (INC) (Downgraded),2025-12-29,HOT,ULTRA HOT,2026-12-29,40.86,Other,Other,NCD — SEBI License Required,Infomerics,INC rating hits ULTRA HOT on 2026-12-29 — exclusive Q1 2027 whitespace lead,Your Infomerics INC rating goes critical in Dec 2026. ACER is your best alternative — no competitor has approached you.,August 2026 (before Dec ULTRA HOT threshold),Currently HOT — escalates to ULTRA HOT Dec 2026. NOT in October pool. Call August-September.
Kilavikulam Rajalakshmi Solar Power Developer Pvt. Ltd.,IND-RA,Term Loan,BB,2025-12-29,HOT,ULTRA HOT,2026-12-29,38.5,Energy,Energy,Standard,D365,INC rating hits ULTRA HOT on 2026-12-29 — prime Q1 2027 renewal target,Your Term Loan at IND-RA goes critical in Dec 2026. Start ACER process in Sep 2026 — before the Q1 rush.,August 2026 (before Dec ULTRA HOT threshold),Currently HOT — escalates to ULTRA HOT Dec 2026. NOT in October pool. Call August-September.
Shriniwas Spintex Industries Private Limited,Infomerics,Long Term Fund Based Bank Facilities,IVR BB (INC)(Downgraded),2025-12-29,HOT,ULTRA HOT,2026-12-29,33.03,Other,Manufacturing,Standard,Infomerics,INC rating hits ULTRA HOT on 2026-12-29 — exclusive Q1 2027 whitespace lead,Your Infomerics INC rating goes critical in Dec 2026. ACER is your best alternative — no competitor has approached you.,August 2026 (before Dec ULTRA HOT threshold),Currently HOT — escalates to ULTRA HOT Dec 2026. NOT in October pool. Call August-September.
M-Tech Innovations Ltd.,CRISIL,Bank Guarantee,A 4+,2025-12-29,HOT,ULTRA HOT,2026-12-29,21.4,IT/Technology,IT/Technology,Standard,D365,INC rating hits ULTRA HOT on 2026-12-29 — prime Q1 2027 renewal target,Your Bank Guarantee at CRISIL goes critical in Dec 2026. Start ACER process in Sep 2026 — before the Q1 rush.,August 2026 (before Dec ULTRA HOT threshold),Currently HOT — escalates to ULTRA HOT Dec 2026. NOT in October pool. Call August-September.
M-Tech Innovations Ltd.,CRISIL,Term Loan,BB,2025-12-29,HOT,ULTRA HOT,2026-12-29,18.38,IT/Technology,IT/Technology,Standard,D365,INC rating hits ULTRA HOT on 2026-12-29 — prime Q1 2027 renewal target,Your Term Loan at CRISIL goes critical in Dec 2026. Start ACER process in Sep 2026 — before the Q1 rush.,August 2026 (before Dec ULTRA HOT threshold),Currently HOT — escalates to ULTRA HOT Dec 2026. NOT in October pool. Call August-September.
Sri Bhagirath Textiles Ltd.,ACUITE,Bank Guarantee,A 4+,2025-12-29,HOT,ULTRA HOT,2026-12-29,17.0,Textiles,Textiles,Standard,D365,INC rating hits ULTRA HOT on 2026-12-29 — prime Q1 2027 renewal target,Your Bank Guarantee at ACUITE goes critical in Dec 2026. Start ACER process in Sep 2026 — before the Q1 rush.,August 2026 (before Dec ULTRA HOT threshold),Currently HOT — escalates to ULTRA HOT Dec 2026. NOT in October pool. Call August-September.
Kilavikulam Rajalakshmi Solar Power Developer Pvt. Ltd.,IND-RA,Term Loan,BB,2025-12-29,HOT,ULTRA HOT,2026-12-29,12.71,Energy,Energy,Standard,D365,INC rating hits ULTRA HOT on 2026-12-29 — prime Q1 2027 renewal target,Your Term Loan at IND-RA goes critical in Dec 2026. Start ACER process in Sep 2026 — before the Q1 rush.,August 2026 (before Dec ULTRA HOT threshold),Currently HOT — escalates to ULTRA HOT Dec 2026. NOT in October pool. Call August-September.
Tirumalla Groundnuts Industries India Private Limited,Infomerics,Long Term Fund Based Facility â€“ Cash Credit,IVR D (INC),2025-12-29,HOT,ULTRA HOT,2026-12-29,11.0,Other,Manufacturing,Standard,Infomerics,INC rating hits ULTRA HOT on 2026-12-29 — exclusive Q1 2027 whitespace lead,Your Infomerics INC rating goes critical in Dec 2026. ACER is your best alternative — no competitor has approached you.,August 2026 (before Dec ULTRA HOT threshold),Currently HOT — escalates to ULTRA HOT Dec 2026. NOT in October pool. Call August-September.
Sarna Chemicals Private Limited,Infomerics,Short Term  Non-Fund  Based  Facility â€“ Letter of  Credit,IVR A4+ (INC)(Downgraded),2025-12-29,HOT,ULTRA HOT,2026-12-29,10.0,Chemicals/Pharma,Chemicals/Pharma,Standard,Infomerics,INC rating hits ULTRA HOT on 2026-12-29 — exclusive Q1 2027 whitespace lead,Your Infomerics INC rating goes critical in Dec 2026. ACER is your best alternative — no competitor has approached you.,August 2026 (before Dec ULTRA HOT threshold),Currently HOT — escalates to ULTRA HOT Dec 2026. NOT in October pool. Call August-September.
Sarna Chemicals Private Limited,Infomerics,Short Term  Non-Fund  Based  Facility â€“ Letter of  Credit,IVR A4+ (INC)(Downgraded),2025-12-29,HOT,ULTRA HOT,2026-12-29,10.0,Chemicals/Pharma,Chemicals/Pharma,Standard,Infomerics,INC rating hits ULTRA HOT on 2026-12-29 — exclusive Q1 2027 whitespace lead,Your Infomerics INC rating goes critical in Dec 2026. ACER is your best alternative — no competitor has approached you.,August 2026 (before Dec ULTRA HOT threshold),Currently HOT — escalates to ULTRA HOT Dec 2026. NOT in October pool. Call August-September.
Altra Agro Chem Private Limited,Infomerics,Proposed Long Term/ Short Term Bank Facilities,IVR B+/IVR A4; (INC); Downgraded/Reaffirmed,2025-12-29,HOT,ULTRA HOT,2026-12-29,10.0,Agro/Food,Agro/Food,Standard,Infomerics,INC rating hits ULTRA HOT on 2026-12-29 — exclusive Q1 2027 whitespace lead,Your Infomerics INC rating goes critical in Dec 2026. ACER is your best alternative — no competitor has approached you.,August 2026 (before Dec ULTRA HOT threshold),Currently HOT — escalates to ULTRA HOT Dec 2026. NOT in October pool. Call August-September.
Aristo Securities Private Limited,Infomerics,Proposed Commercial Paper,IVR A4+ (INC) (Downgraded),2025-12-29,HOT,ULTRA HOT,2026-12-29,10.0,Other,Other,Standard,Infomerics,INC rating hits ULTRA HOT on 2026-12-29 — exclusive Q1 2027 whitespace lead,Your Infomerics INC rating goes critical in Dec 2026. ACER is your best alternative — no competitor has approached you.,August 2026 (before Dec ULTRA HOT threshold),Currently HOT — escalates to ULTRA HOT Dec 2026. NOT in October pool. Call August-September.
Sarna Chemicals Private Limited,Infomerics,Short term  Fund Based  Facility â€“ EPC/PCFC,IVR A4+ (INC)(Downgraded),2025-12-29,HOT,ULTRA HOT,2026-12-29,9.0,Chemicals/Pharma,Chemicals/Pharma,Standard,Infomerics,INC rating hits ULTRA HOT on 2026-12-29 — exclusive Q1 2027 whitespace lead,Your Infomerics INC rating goes critical in Dec 2026. ACER is your best alternative — no competitor has approached you.,August 2026 (before Dec ULTRA HOT threshold),Currently HOT — escalates to ULTRA HOT Dec 2026. NOT in October pool. Call August-September.
Sarna Chemicals Private Limited,Infomerics,Short term  Fund Based  Facility â€“ EPC/PCFC,IVR A4+ (INC)(Downgraded),2025-12-29,HOT,ULTRA HOT,2026-12-29,9.0,Chemicals/Pharma,Chemicals/Pharma,Standard,Infomerics,INC rating hits ULTRA HOT on 2026-12-29 — exclusive Q1 2027 whitespace lead,Your Infomerics INC rating goes critical in Dec 2026. ACER is your best alternative — no competitor has approached you.,August 2026 (before Dec ULTRA HOT threshold),Currently HOT — escalates to ULTRA HOT Dec 2026. NOT in October pool. Call August-September.
Jet Granito Pvt. Ltd.,BRICKWORK,Bank Guarantee,A 4,2025-12-29,HOT,ULTRA HOT,2026-12-29,6.5,Other,Other,Standard,D365,INC rating hits ULTRA HOT on 2026-12-29 — prime Q1 2027 renewal target,Your Bank Guarantee at BRICKWORK goes critical in Dec 2026. Start ACER process in Sep 2026 — before the Q1 rush.,August 2026 (before Dec ULTRA HOT threshold),Currently HOT — escalates to ULTRA HOT Dec 2026. NOT in October pool. Call August-September.
Sri Bhagirath Textiles Ltd.,ACUITE,Term Loan,BB,2025-12-29,HOT,ULTRA HOT,2026-12-29,6.11,Textiles,Textiles,Standard,D365,INC rating hits ULTRA HOT on 2026-12-29 — prime Q1 2027 renewal target,Your Term Loan at ACUITE goes critical in Dec 2026. Start ACER process in Sep 2026 — before the Q1 rush.,August 2026 (before Dec ULTRA HOT threshold),Currently HOT — escalates to ULTRA HOT Dec 2026. NOT in October pool. Call August-September.
M-Tech Innovations Ltd.,CRISIL,Bank Guarantee,A 4+,2025-12-29,HOT,ULTRA HOT,2026-12-29,5.5,IT/Technology,IT/Technology,Standard,D365,INC rating hits ULTRA HOT on 2026-12-29 — prime Q1 2027 renewal target,Your Bank Guarantee at CRISIL goes critical in Dec 2026. Start ACER process in Sep 2026 — before the Q1 rush.,August 2026 (before Dec ULTRA HOT threshold),Currently HOT — escalates to ULTRA HOT Dec 2026. NOT in October pool. Call August-September.
Jet Granito Pvt. Ltd.,BRICKWORK,Term Loan,C,2025-12-29,HOT,ULTRA HOT,2026-12-29,5.38,Other,Other,Standard,D365,INC rating hits ULTRA HOT on 2026-12-29 — prime Q1 2027 renewal target,Your Term Loan at BRICKWORK goes critical in Dec 2026. Start ACER process in Sep 2026 — before the Q1 rush.,August 2026 (before Dec ULTRA HOT threshold),Currently HOT — escalates to ULTRA HOT Dec 2026. NOT in October pool. Call August-September.
IRP Infra Tech Private Limited,Infomerics,Long Term Bank Facilities,IVR BB- (INC)(Downgraded),2025-12-29,HOT,ULTRA HOT,2026-12-29,4.98,Construction,Construction,Standard,Infomerics,INC rating hits ULTRA HOT on 2026-12-29 — exclusive Q1 2027 whitespace lead,Your Infomerics INC rating goes critical in Dec 2026. ACER is your best alternative — no competitor has approached you.,August 2026 (before Dec ULTRA HOT threshold),Currently HOT — escalates to ULTRA HOT Dec 2026. NOT in October pool. Call August-September.
M-Tech Innovations Ltd.,CRISIL,Fund-Based,BB,2025-12-29,HOT,ULTRA HOT,2026-12-29,4.42,IT/Technology,IT/Technology,Standard,D365,INC rating hits ULTRA HOT on 2026-12-29 — prime Q1 2027 renewal target,Your Fund-Based at CRISIL goes critical in Dec 2026. Start ACER process in Sep 2026 — before the Q1 rush.,August 2026 (before Dec ULTRA HOT threshold),Currently HOT — escalates to ULTRA HOT Dec 2026. NOT in October pool. Call August-September.
M-Tech Innovations Ltd.,CRISIL,Short-Term Loan,A 4+,2025-12-29,HOT,ULTRA HOT,2026-12-29,4.35,IT/Technology,IT/Technology,Standard,D365,INC rating hits ULTRA HOT on 2026-12-29 — prime Q1 2027 renewal target,Your Short-Term Loan at CRISIL goes critical in Dec 2026. Start ACER process in Sep 2026 — before the Q1 rush.,August 2026 (before Dec ULTRA HOT threshold),Currently HOT — escalates to ULTRA HOT Dec 2026. NOT in October pool. Call August-September.
M-Tech Innovations Ltd.,CRISIL,Letter of Credit,A 4+,2025-12-29,HOT,ULTRA HOT,2026-12-29,3.0,IT/Technology,IT/Technology,Standard,D365,INC rating hits ULTRA HOT on 2026-12-29 — prime Q1 2027 renewal target,Your Letter of Credit at CRISIL goes critical in Dec 2026. Start ACER process in Sep 2026 — before the Q1 rush.,August 2026 (before Dec ULTRA HOT threshold),Currently HOT — escalates to ULTRA HOT Dec 2026. NOT in October pool. Call August-September.
Renuka Plasti Crafts Pvt. Ltd.,ACUITE,Term Loan,BB+,2025-12-29,HOT,ULTRA HOT,2026-12-29,2.97,Other,Other,Standard,D365,INC rating hits ULTRA HOT on 2026-12-29 — prime Q1 2027 renewal target,Your Term Loan at ACUITE goes critical in Dec 2026. Start ACER process in Sep 2026 — before the Q1 rush.,August 2026 (before Dec ULTRA HOT threshold),Currently HOT — escalates to ULTRA HOT Dec 2026. NOT in October pool. Call August-September.
Jet Granito Pvt. Ltd.,BRICKWORK,Letter of Credit,A 4,2025-12-29,HOT,ULTRA HOT,2026-12-29,1.5,Other,Other,Standard,D365,INC rating hits ULTRA HOT on 2026-12-29 — prime Q1 2027 renewal target,Your Letter of Credit at BRICKWORK goes critical in Dec 2026. Start ACER process in Sep 2026 — before the Q1 rush.,August 2026 (before Dec ULTRA HOT threshold),Currently HOT — escalates to ULTRA HOT Dec 2026. NOT in October pool. Call August-September.
Sarna Chemicals Private Limited,Infomerics,Long Term  Fund Based  Facility â€“ Cash Credit,IVR BB+ (INC)(Downgraded),2025-12-29,HOT,ULTRA HOT,2026-12-29,1.0,Chemicals/Pharma,Chemicals/Pharma,Standard,Infomerics,INC rating hits ULTRA HOT on 2026-12-29 — exclusive Q1 2027 whitespace lead,Your Infomerics INC rating goes critical in Dec 2026. ACER is your best alternative — no competitor has approached you.,August 2026 (before Dec ULTRA HOT threshold),Currently HOT — escalates to ULTRA HOT Dec 2026. NOT in October pool. Call August-September.
Sarna Chemicals Private Limited,Infomerics,Long Term  Fund Based  Facility â€“ Cash Credit,IVR BB+ (INC)(Downgraded),2025-12-29,HOT,ULTRA HOT,2026-12-29,1.0,Chemicals/Pharma,Chemicals/Pharma,Standard,Infomerics,INC rating hits ULTRA HOT on 2026-12-29 — exclusive Q1 2027 whitespace lead,Your Infomerics INC rating goes critical in Dec 2026. ACER is your best alternative — no competitor has approached you.,August 2026 (before Dec ULTRA HOT threshold),Currently HOT — escalates to ULTRA HOT Dec 2026. NOT in October pool. Call August-September.
Sri Varadaraja Textiles Pvt. Ltd.,CARE,Term Loan,B-,2025-12-29,HOT,ULTRA HOT,2026-12-29,0.99,Textiles,Textiles,Standard,D365,INC rating hits ULTRA HOT on 2026-12-29 — prime Q1 2027 renewal target,Your Term Loan at CARE goes critical in Dec 2026. Start ACER process in Sep 2026 — before the Q1 rush.,August 2026 (before Dec ULTRA HOT threshold),Currently HOT — escalates to ULTRA HOT Dec 2026. NOT in October pool. Call August-September.
Satma Industries Pvt. Ltd.,BRICKWORK,Term Loan,C,2025-12-29,HOT,ULTRA HOT,2026-12-29,0.85,Other,Manufacturing,Standard,D365,INC rating hits ULTRA HOT on 2026-12-29 — prime Q1 2027 renewal target,Your Term Loan at BRICKWORK goes critical in Dec 2026. Start ACER process in Sep 2026 — before the Q1 rush.,August 2026 (before Dec ULTRA HOT threshold),Currently HOT — escalates to ULTRA HOT Dec 2026. NOT in October pool. Call August-September.
