Company Name,Agency,Instrument,Rating,Rating Date,Days_INC,Current Urgency,MEDIUM_Date,HOT_Date,ULTRA_HOT_Date,Q2_Escalation_Month,Amount_Cr,Sector,NCD_Flag,Why Target,ACER Pitch Angle,Source
Ashok Bricks Inds. Pvt. Ltd.,IND-RA,Non-government debt,D,2026-04-02,87,LOW (<90 days),Oct 2026,Jan 2027,Apr 2027,Apr 2027,44.0,Other,NCD — SEBI License Required,"INC since Apr 2026 (87 days). MEDIUM by Oct 2026, HOT by Jan 2027, ULTRA HOT by Apr 2027.",Your Non-government debt at IND-RA hits ULTRA HOT in Apr 2027. Start ACER process by Jan 2027 to be ahead of Q2 2027 renewal rush.,D365
Asian Hotels (West) Ltd.,IND-RA,Term loans,D,2026-04-02,87,LOW (<90 days),Oct 2026,Jan 2027,Apr 2027,Apr 2027,247.76,Hotels/Tourism,Standard,"INC since Apr 2026 (87 days). MEDIUM by Oct 2026, HOT by Jan 2027, ULTRA HOT by Apr 2027.",Your Term loans at IND-RA hits ULTRA HOT in Apr 2027. Start ACER process by Jan 2027 to be ahead of Q2 2027 renewal rush.,D365
Associated Appliances Ltd.,BRICKWORK,Bank Guarantee,D,2026-04-03,86,LOW (<90 days),Oct 2026,Jan 2027,Apr 2027,Apr 2027,3.0,Other,Standard,"INC since Apr 2026 (86 days). MEDIUM by Oct 2026, HOT by Jan 2027, ULTRA HOT by Apr 2027.",Your Bank Guarantee at BRICKWORK hits ULTRA HOT in Apr 2027. Start ACER process by Jan 2027 to be ahead of Q2 2027 renewal rush.,D365
Associated Appliances Ltd.,BRICKWORK,Letter Of credit,D,2026-04-03,86,LOW (<90 days),Oct 2026,Jan 2027,Apr 2027,Apr 2027,11.0,Other,Standard,"INC since Apr 2026 (86 days). MEDIUM by Oct 2026, HOT by Jan 2027, ULTRA HOT by Apr 2027.",Your Letter Of credit at BRICKWORK hits ULTRA HOT in Apr 2027. Start ACER process by Jan 2027 to be ahead of Q2 2027 renewal rush.,D365
Assorted Plastics Pvt. Ltd.,BRICKWORK,Term loans,C,2026-04-06,83,LOW (<90 days),Oct 2026,Jan 2027,Apr 2027,Apr 2027,2.76,Other,Standard,"INC since Apr 2026 (83 days). MEDIUM by Oct 2026, HOT by Jan 2027, ULTRA HOT by Apr 2027.",Your Term loans at BRICKWORK hits ULTRA HOT in Apr 2027. Start ACER process by Jan 2027 to be ahead of Q2 2027 renewal rush.,D365
Atul Generators Pvt. Ltd.,BRICKWORK,Bank Guarantee,C,2026-04-08,81,LOW (<90 days),Oct 2026,Jan 2027,Apr 2027,Apr 2027,0.95,Other,Standard,"INC since Apr 2026 (81 days). MEDIUM by Oct 2026, HOT by Jan 2027, ULTRA HOT by Apr 2027.",Your Bank Guarantee at BRICKWORK hits ULTRA HOT in Apr 2027. Start ACER process by Jan 2027 to be ahead of Q2 2027 renewal rush.,D365
Auro Industries Ltd.,ACUITE,Bank Guarantee,A 4,2026-04-02,87,LOW (<90 days),Oct 2026,Jan 2027,Apr 2027,Apr 2027,0.75,Other,Standard,"INC since Apr 2026 (87 days). MEDIUM by Oct 2026, HOT by Jan 2027, ULTRA HOT by Apr 2027.",Your Bank Guarantee at ACUITE hits ULTRA HOT in Apr 2027. Start ACER process by Jan 2027 to be ahead of Q2 2027 renewal rush.,D365
Auro Industries Ltd.,ACUITE,Letter Of credit,A 4,2026-04-02,87,LOW (<90 days),Oct 2026,Jan 2027,Apr 2027,Apr 2027,2.25,Other,Standard,"INC since Apr 2026 (87 days). MEDIUM by Oct 2026, HOT by Jan 2027, ULTRA HOT by Apr 2027.",Your Letter Of credit at ACUITE hits ULTRA HOT in Apr 2027. Start ACER process by Jan 2027 to be ahead of Q2 2027 renewal rush.,D365
Auro Industries Ltd.,ACUITE,Long term Loans,B-,2026-04-02,87,LOW (<90 days),Oct 2026,Jan 2027,Apr 2027,Apr 2027,0.43,Other,Standard,"INC since Apr 2026 (87 days). MEDIUM by Oct 2026, HOT by Jan 2027, ULTRA HOT by Apr 2027.",Your Long term Loans at ACUITE hits ULTRA HOT in Apr 2027. Start ACER process by Jan 2027 to be ahead of Q2 2027 renewal rush.,D365
Auto Hitech Pvt. Ltd.,ICRA,Term loans,B+,2026-04-17,72,LOW (<90 days),Oct 2026,Jan 2027,Apr 2027,Apr 2027,2.0,Automobiles,Standard,"INC since Apr 2026 (72 days). MEDIUM by Oct 2026, HOT by Jan 2027, ULTRA HOT by Apr 2027.",Your Term loans at ICRA hits ULTRA HOT in Apr 2027. Start ACER process by Jan 2027 to be ahead of Q2 2027 renewal rush.,D365
Avian Infrastructure & Energy Pvt. Ltd.,CRISIL,Bank Guarantee,A 4,2026-04-21,68,LOW (<90 days),Oct 2026,Jan 2027,Apr 2027,Apr 2027,55.0,Construction/Infra,Standard,"INC since Apr 2026 (68 days). MEDIUM by Oct 2026, HOT by Jan 2027, ULTRA HOT by Apr 2027.",Your Bank Guarantee at CRISIL hits ULTRA HOT in Apr 2027. Start ACER process by Jan 2027 to be ahead of Q2 2027 renewal rush.,D365
Azam Rubber Products Pvt. Ltd.,CARE,Non-fund-based financial facility/instrument,D,2026-04-15,74,LOW (<90 days),Oct 2026,Jan 2027,Apr 2027,Apr 2027,30.8,Other,Standard,"INC since Apr 2026 (74 days). MEDIUM by Oct 2026, HOT by Jan 2027, ULTRA HOT by Apr 2027.",Your Non-fund-based financial facility/instrument at CARE hits ULTRA HOT in Apr 2027. Start ACER process by Jan 2027 to be ahead of Q2 2027 renewal rush.,D365
Azam Rubber Products Pvt. Ltd.,CARE,Term loans,D,2026-04-15,74,LOW (<90 days),Oct 2026,Jan 2027,Apr 2027,Apr 2027,29.48,Other,Standard,"INC since Apr 2026 (74 days). MEDIUM by Oct 2026, HOT by Jan 2027, ULTRA HOT by Apr 2027.",Your Term loans at CARE hits ULTRA HOT in Apr 2027. Start ACER process by Jan 2027 to be ahead of Q2 2027 renewal rush.,D365
B A S S Minerals India Pvt. Ltd.,IND-RA,Non-government debt,B-/A4,2026-04-02,87,LOW (<90 days),Oct 2026,Jan 2027,Apr 2027,Apr 2027,5.0,Mining/Minerals,NCD — SEBI License Required,"INC since Apr 2026 (87 days). MEDIUM by Oct 2026, HOT by Jan 2027, ULTRA HOT by Apr 2027.",Your Non-government debt at IND-RA hits ULTRA HOT in Apr 2027. Start ACER process by Jan 2027 to be ahead of Q2 2027 renewal rush.,D365
B C L Secure Premises Pvt. Ltd.,CRISIL,Bank Guarantee,A 4,2026-04-22,67,LOW (<90 days),Oct 2026,Jan 2027,Apr 2027,Apr 2027,10.0,Other,Standard,"INC since Apr 2026 (67 days). MEDIUM by Oct 2026, HOT by Jan 2027, ULTRA HOT by Apr 2027.",Your Bank Guarantee at CRISIL hits ULTRA HOT in Apr 2027. Start ACER process by Jan 2027 to be ahead of Q2 2027 renewal rush.,D365
B C L Secure Premises Pvt. Ltd.,CRISIL,Long term Loans,B,2026-04-22,67,LOW (<90 days),Oct 2026,Jan 2027,Apr 2027,Apr 2027,1.0,Other,Standard,"INC since Apr 2026 (67 days). MEDIUM by Oct 2026, HOT by Jan 2027, ULTRA HOT by Apr 2027.",Your Long term Loans at CRISIL hits ULTRA HOT in Apr 2027. Start ACER process by Jan 2027 to be ahead of Q2 2027 renewal rush.,D365
B D Steels Pvt. Ltd.,ICRA,Non-fund-based financial facility/instrument,A 4,2026-04-17,72,LOW (<90 days),Oct 2026,Jan 2027,Apr 2027,Apr 2027,3.0,Steel & Metals,Standard,"INC since Apr 2026 (72 days). MEDIUM by Oct 2026, HOT by Jan 2027, ULTRA HOT by Apr 2027.",Your Non-fund-based financial facility/instrument at ICRA hits ULTRA HOT in Apr 2027. Start ACER process by Jan 2027 to be ahead of Q2 2027 renewal rush.,D365
B K Sons Infrastructure Pvt. Ltd.,CARE,Bank Guarantee,D,2026-04-21,68,LOW (<90 days),Oct 2026,Jan 2027,Apr 2027,Apr 2027,50.0,Construction/Infra,Standard,"INC since Apr 2026 (68 days). MEDIUM by Oct 2026, HOT by Jan 2027, ULTRA HOT by Apr 2027.",Your Bank Guarantee at CARE hits ULTRA HOT in Apr 2027. Start ACER process by Jan 2027 to be ahead of Q2 2027 renewal rush.,D365
B N S R Inds. Ltd.,IND-RA,Non-government debt,B-/A4,2026-04-02,87,LOW (<90 days),Oct 2026,Jan 2027,Apr 2027,Apr 2027,4.9,Other,NCD — SEBI License Required,"INC since Apr 2026 (87 days). MEDIUM by Oct 2026, HOT by Jan 2027, ULTRA HOT by Apr 2027.",Your Non-government debt at IND-RA hits ULTRA HOT in Apr 2027. Start ACER process by Jan 2027 to be ahead of Q2 2027 renewal rush.,D365
B N T Connections Impex Ltd.,IND-RA,Non-government debt,B-/A4,2026-04-02,87,LOW (<90 days),Oct 2026,Jan 2027,Apr 2027,Apr 2027,30.55,Other,NCD — SEBI License Required,"INC since Apr 2026 (87 days). MEDIUM by Oct 2026, HOT by Jan 2027, ULTRA HOT by Apr 2027.",Your Non-government debt at IND-RA hits ULTRA HOT in Apr 2027. Start ACER process by Jan 2027 to be ahead of Q2 2027 renewal rush.,D365
B S Shakti Steel Pvt. Ltd.,CARE,Fund based financial facility/instrument,B-,2026-04-13,76,LOW (<90 days),Oct 2026,Jan 2027,Apr 2027,Apr 2027,17.5,Steel & Metals,Standard,"INC since Apr 2026 (76 days). MEDIUM by Oct 2026, HOT by Jan 2027, ULTRA HOT by Apr 2027.",Your Fund based financial facility/instrument at CARE hits ULTRA HOT in Apr 2027. Start ACER process by Jan 2027 to be ahead of Q2 2027 renewal rush.,D365
B S Shakti Steel Pvt. Ltd.,CARE,Letter Of credit,A 4,2026-04-13,76,LOW (<90 days),Oct 2026,Jan 2027,Apr 2027,Apr 2027,3.0,Steel & Metals,Standard,"INC since Apr 2026 (76 days). MEDIUM by Oct 2026, HOT by Jan 2027, ULTRA HOT by Apr 2027.",Your Letter Of credit at CARE hits ULTRA HOT in Apr 2027. Start ACER process by Jan 2027 to be ahead of Q2 2027 renewal rush.,D365
B S Shakti Steel Pvt. Ltd.,CARE,Term loans,B-,2026-04-13,76,LOW (<90 days),Oct 2026,Jan 2027,Apr 2027,Apr 2027,3.0,Steel & Metals,Standard,"INC since Apr 2026 (76 days). MEDIUM by Oct 2026, HOT by Jan 2027, ULTRA HOT by Apr 2027.",Your Term loans at CARE hits ULTRA HOT in Apr 2027. Start ACER process by Jan 2027 to be ahead of Q2 2027 renewal rush.,D365
B S T Textile Mills Pvt. Ltd.,CARE,Bank Guarantee,D,2026-04-02,87,LOW (<90 days),Oct 2026,Jan 2027,Apr 2027,Apr 2027,1.0,Textiles,Standard,"INC since Apr 2026 (87 days). MEDIUM by Oct 2026, HOT by Jan 2027, ULTRA HOT by Apr 2027.",Your Bank Guarantee at CARE hits ULTRA HOT in Apr 2027. Start ACER process by Jan 2027 to be ahead of Q2 2027 renewal rush.,D365
B S T Textile Mills Pvt. Ltd.,CARE,Term loans,D,2026-04-02,87,LOW (<90 days),Oct 2026,Jan 2027,Apr 2027,Apr 2027,18.44,Textiles,Standard,"INC since Apr 2026 (87 days). MEDIUM by Oct 2026, HOT by Jan 2027, ULTRA HOT by Apr 2027.",Your Term loans at CARE hits ULTRA HOT in Apr 2027. Start ACER process by Jan 2027 to be ahead of Q2 2027 renewal rush.,D365
B V S Distilleries Pvt. Ltd.,IND-RA,Term loans,D,2026-04-02,87,LOW (<90 days),Oct 2026,Jan 2027,Apr 2027,Apr 2027,29.0,Other,Standard,"INC since Apr 2026 (87 days). MEDIUM by Oct 2026, HOT by Jan 2027, ULTRA HOT by Apr 2027.",Your Term loans at IND-RA hits ULTRA HOT in Apr 2027. Start ACER process by Jan 2027 to be ahead of Q2 2027 renewal rush.,D365
Baba Malleshwar Rice Mill Pvt. Ltd.,CARE,Bank Guarantee,A 4,2026-04-15,74,LOW (<90 days),Oct 2026,Jan 2027,Apr 2027,Apr 2027,0.21,Agro/Food,Standard,"INC since Apr 2026 (74 days). MEDIUM by Oct 2026, HOT by Jan 2027, ULTRA HOT by Apr 2027.",Your Bank Guarantee at CARE hits ULTRA HOT in Apr 2027. Start ACER process by Jan 2027 to be ahead of Q2 2027 renewal rush.,D365
Baba Malleshwar Rice Mill Pvt. Ltd.,CARE,Term loans,B-,2026-04-15,74,LOW (<90 days),Oct 2026,Jan 2027,Apr 2027,Apr 2027,4.42,Agro/Food,Standard,"INC since Apr 2026 (74 days). MEDIUM by Oct 2026, HOT by Jan 2027, ULTRA HOT by Apr 2027.",Your Term loans at CARE hits ULTRA HOT in Apr 2027. Start ACER process by Jan 2027 to be ahead of Q2 2027 renewal rush.,D365
Baba Structural Pvt. Ltd.,CARE,Bank Guarantee,A 4,2026-04-13,76,LOW (<90 days),Oct 2026,Jan 2027,Apr 2027,Apr 2027,2.7,Other,Standard,"INC since Apr 2026 (76 days). MEDIUM by Oct 2026, HOT by Jan 2027, ULTRA HOT by Apr 2027.",Your Bank Guarantee at CARE hits ULTRA HOT in Apr 2027. Start ACER process by Jan 2027 to be ahead of Q2 2027 renewal rush.,D365
Baba Structural Pvt. Ltd.,CARE,Term loans,B+,2026-04-13,76,LOW (<90 days),Oct 2026,Jan 2027,Apr 2027,Apr 2027,6.96,Other,Standard,"INC since Apr 2026 (76 days). MEDIUM by Oct 2026, HOT by Jan 2027, ULTRA HOT by Apr 2027.",Your Term loans at CARE hits ULTRA HOT in Apr 2027. Start ACER process by Jan 2027 to be ahead of Q2 2027 renewal rush.,D365
Bagga Link Motors Ltd.,ICRA,Fund based financial facility/instrument,A 4,2026-04-24,65,LOW (<90 days),Oct 2026,Jan 2027,Apr 2027,Apr 2027,29.1,Automobiles,Standard,"INC since Apr 2026 (65 days). MEDIUM by Oct 2026, HOT by Jan 2027, ULTRA HOT by Apr 2027.",Your Fund based financial facility/instrument at ICRA hits ULTRA HOT in Apr 2027. Start ACER process by Jan 2027 to be ahead of Q2 2027 renewal rush.,D365
Bagga Link Motors Ltd.,ICRA,Letter Of credit,A 4,2026-04-24,65,LOW (<90 days),Oct 2026,Jan 2027,Apr 2027,Apr 2027,2.0,Automobiles,Standard,"INC since Apr 2026 (65 days). MEDIUM by Oct 2026, HOT by Jan 2027, ULTRA HOT by Apr 2027.",Your Letter Of credit at ICRA hits ULTRA HOT in Apr 2027. Start ACER process by Jan 2027 to be ahead of Q2 2027 renewal rush.,D365
Bagga Link Motors Ltd.,ICRA,Term loans,B+,2026-04-24,65,LOW (<90 days),Oct 2026,Jan 2027,Apr 2027,Apr 2027,4.26,Automobiles,Standard,"INC since Apr 2026 (65 days). MEDIUM by Oct 2026, HOT by Jan 2027, ULTRA HOT by Apr 2027.",Your Term loans at ICRA hits ULTRA HOT in Apr 2027. Start ACER process by Jan 2027 to be ahead of Q2 2027 renewal rush.,D365
Bagh Bahar Appliances Pvt. Ltd.,ACUITE,Short-term loan,D,2026-04-07,82,LOW (<90 days),Oct 2026,Jan 2027,Apr 2027,Apr 2027,5.0,Other,Standard,"INC since Apr 2026 (82 days). MEDIUM by Oct 2026, HOT by Jan 2027, ULTRA HOT by Apr 2027.",Your Short-term loan at ACUITE hits ULTRA HOT in Apr 2027. Start ACER process by Jan 2027 to be ahead of Q2 2027 renewal rush.,D365
Bagpoly International Pvt. Ltd.,CARE,Bank Guarantee,B-,2026-04-13,76,LOW (<90 days),Oct 2026,Jan 2027,Apr 2027,Apr 2027,8.4,Other,Standard,"INC since Apr 2026 (76 days). MEDIUM by Oct 2026, HOT by Jan 2027, ULTRA HOT by Apr 2027.",Your Bank Guarantee at CARE hits ULTRA HOT in Apr 2027. Start ACER process by Jan 2027 to be ahead of Q2 2027 renewal rush.,D365
Bagpoly International Pvt. Ltd.,CARE,Non-government debt,B-/A4,2026-04-13,76,LOW (<90 days),Oct 2026,Jan 2027,Apr 2027,Apr 2027,0.15,Other,NCD — SEBI License Required,"INC since Apr 2026 (76 days). MEDIUM by Oct 2026, HOT by Jan 2027, ULTRA HOT by Apr 2027.",Your Non-government debt at CARE hits ULTRA HOT in Apr 2027. Start ACER process by Jan 2027 to be ahead of Q2 2027 renewal rush.,D365
Bagpoly International Pvt. Ltd.,CARE,Non-government debt,B-/A4,2026-04-13,76,LOW (<90 days),Oct 2026,Jan 2027,Apr 2027,Apr 2027,7.8,Other,NCD — SEBI License Required,"INC since Apr 2026 (76 days). MEDIUM by Oct 2026, HOT by Jan 2027, ULTRA HOT by Apr 2027.",Your Non-government debt at CARE hits ULTRA HOT in Apr 2027. Start ACER process by Jan 2027 to be ahead of Q2 2027 renewal rush.,D365
Bahl Builders Pvt. Ltd.,CARE,Non-government debt,BB-/A4,2026-04-30,59,LOW (<90 days),Oct 2026,Jan 2027,Apr 2027,Apr 2027,5.0,Construction/Infra,NCD — SEBI License Required,"INC since Apr 2026 (59 days). MEDIUM by Oct 2026, HOT by Jan 2027, ULTRA HOT by Apr 2027.",Your Non-government debt at CARE hits ULTRA HOT in Apr 2027. Start ACER process by Jan 2027 to be ahead of Q2 2027 renewal rush.,D365
Bahl Builders Pvt. Ltd.,CARE,Non-government debt,BB-/A4,2026-04-30,59,LOW (<90 days),Oct 2026,Jan 2027,Apr 2027,Apr 2027,30.0,Construction/Infra,NCD — SEBI License Required,"INC since Apr 2026 (59 days). MEDIUM by Oct 2026, HOT by Jan 2027, ULTRA HOT by Apr 2027.",Your Non-government debt at CARE hits ULTRA HOT in Apr 2027. Start ACER process by Jan 2027 to be ahead of Q2 2027 renewal rush.,D365
Balaji Agro Pvt. Ltd.,ACUITE,Letter Of credit,A 4,2026-04-17,72,LOW (<90 days),Oct 2026,Jan 2027,Apr 2027,Apr 2027,2.0,Agro/Food,Standard,"INC since Apr 2026 (72 days). MEDIUM by Oct 2026, HOT by Jan 2027, ULTRA HOT by Apr 2027.",Your Letter Of credit at ACUITE hits ULTRA HOT in Apr 2027. Start ACER process by Jan 2027 to be ahead of Q2 2027 renewal rush.,D365
Balaji Agro Pvt. Ltd.,ACUITE,Long term Loans,B+,2026-04-17,72,LOW (<90 days),Oct 2026,Jan 2027,Apr 2027,Apr 2027,0.2,Agro/Food,Standard,"INC since Apr 2026 (72 days). MEDIUM by Oct 2026, HOT by Jan 2027, ULTRA HOT by Apr 2027.",Your Long term Loans at ACUITE hits ULTRA HOT in Apr 2027. Start ACER process by Jan 2027 to be ahead of Q2 2027 renewal rush.,D365
Balaji Agro Pvt. Ltd.,ACUITE,Short-term loan,A 4,2026-04-17,72,LOW (<90 days),Oct 2026,Jan 2027,Apr 2027,Apr 2027,0.5,Agro/Food,Standard,"INC since Apr 2026 (72 days). MEDIUM by Oct 2026, HOT by Jan 2027, ULTRA HOT by Apr 2027.",Your Short-term loan at ACUITE hits ULTRA HOT in Apr 2027. Start ACER process by Jan 2027 to be ahead of Q2 2027 renewal rush.,D365
Balaji Agro Pvt. Ltd.,CRISIL,Letter Of credit,A 4,2026-04-21,68,LOW (<90 days),Oct 2026,Jan 2027,Apr 2027,Apr 2027,2.0,Agro/Food,Standard,"INC since Apr 2026 (68 days). MEDIUM by Oct 2026, HOT by Jan 2027, ULTRA HOT by Apr 2027.",Your Letter Of credit at CRISIL hits ULTRA HOT in Apr 2027. Start ACER process by Jan 2027 to be ahead of Q2 2027 renewal rush.,D365
Balaji Agro Pvt. Ltd.,CRISIL,Letter Of credit,A 4,2026-04-21,68,LOW (<90 days),Oct 2026,Jan 2027,Apr 2027,Apr 2027,1.5,Agro/Food,Standard,"INC since Apr 2026 (68 days). MEDIUM by Oct 2026, HOT by Jan 2027, ULTRA HOT by Apr 2027.",Your Letter Of credit at CRISIL hits ULTRA HOT in Apr 2027. Start ACER process by Jan 2027 to be ahead of Q2 2027 renewal rush.,D365
Balaji Dayalpura Infra Pvt. Ltd.,CRISIL,Bank Guarantee,A 4,2026-04-30,59,LOW (<90 days),Oct 2026,Jan 2027,Apr 2027,Apr 2027,85.5,Construction/Infra,Standard,"INC since Apr 2026 (59 days). MEDIUM by Oct 2026, HOT by Jan 2027, ULTRA HOT by Apr 2027.",Your Bank Guarantee at CRISIL hits ULTRA HOT in Apr 2027. Start ACER process by Jan 2027 to be ahead of Q2 2027 renewal rush.,D365
Balaji Dayalpura Infra Pvt. Ltd.,CRISIL,Term loans,B,2026-04-30,59,LOW (<90 days),Oct 2026,Jan 2027,Apr 2027,Apr 2027,3.4,Construction/Infra,Standard,"INC since Apr 2026 (59 days). MEDIUM by Oct 2026, HOT by Jan 2027, ULTRA HOT by Apr 2027.",Your Term loans at CRISIL hits ULTRA HOT in Apr 2027. Start ACER process by Jan 2027 to be ahead of Q2 2027 renewal rush.,D365
Balaji Fiber Reinforce Pvt. Ltd.,IND-RA,Non-government debt,D,2026-04-02,87,LOW (<90 days),Oct 2026,Jan 2027,Apr 2027,Apr 2027,30.0,Other,NCD — SEBI License Required,"INC since Apr 2026 (87 days). MEDIUM by Oct 2026, HOT by Jan 2027, ULTRA HOT by Apr 2027.",Your Non-government debt at IND-RA hits ULTRA HOT in Apr 2027. Start ACER process by Jan 2027 to be ahead of Q2 2027 renewal rush.,D365
Balarka Fabricon Pvt. Ltd.,CARE,Bank Guarantee,A 4,2026-04-28,61,LOW (<90 days),Oct 2026,Jan 2027,Apr 2027,Apr 2027,1.0,Textiles,Standard,"INC since Apr 2026 (61 days). MEDIUM by Oct 2026, HOT by Jan 2027, ULTRA HOT by Apr 2027.",Your Bank Guarantee at CARE hits ULTRA HOT in Apr 2027. Start ACER process by Jan 2027 to be ahead of Q2 2027 renewal rush.,D365
Balarka Fabricon Pvt. Ltd.,CARE,Term loans,B-,2026-04-28,61,LOW (<90 days),Oct 2026,Jan 2027,Apr 2027,Apr 2027,1.01,Textiles,Standard,"INC since Apr 2026 (61 days). MEDIUM by Oct 2026, HOT by Jan 2027, ULTRA HOT by Apr 2027.",Your Term loans at CARE hits ULTRA HOT in Apr 2027. Start ACER process by Jan 2027 to be ahead of Q2 2027 renewal rush.,D365
Bangalore Metallurgicals Pvt. Ltd.,ICRA,Term loans,B+,2026-04-29,60,LOW (<90 days),Oct 2026,Jan 2027,Apr 2027,Apr 2027,1.5,Steel & Metals,Standard,"INC since Apr 2026 (60 days). MEDIUM by Oct 2026, HOT by Jan 2027, ULTRA HOT by Apr 2027.",Your Term loans at ICRA hits ULTRA HOT in Apr 2027. Start ACER process by Jan 2027 to be ahead of Q2 2027 renewal rush.,D365
Bansal Associates Pvt. Ltd.,CRISIL,Letter Of credit,A 4,2026-04-21,68,LOW (<90 days),Oct 2026,Jan 2027,Apr 2027,Apr 2027,6.0,Other,Standard,"INC since Apr 2026 (68 days). MEDIUM by Oct 2026, HOT by Jan 2027, ULTRA HOT by Apr 2027.",Your Letter Of credit at CRISIL hits ULTRA HOT in Apr 2027. Start ACER process by Jan 2027 to be ahead of Q2 2027 renewal rush.,D365
Bardhaman Edible Pvt. Ltd.,CARE,Bank Guarantee,A 4,2026-04-14,75,LOW (<90 days),Oct 2026,Jan 2027,Apr 2027,Apr 2027,0.17,Other,Standard,"INC since Apr 2026 (75 days). MEDIUM by Oct 2026, HOT by Jan 2027, ULTRA HOT by Apr 2027.",Your Bank Guarantee at CARE hits ULTRA HOT in Apr 2027. Start ACER process by Jan 2027 to be ahead of Q2 2027 renewal rush.,D365
Bardhaman Edible Pvt. Ltd.,CARE,Term loans,B-,2026-04-14,75,LOW (<90 days),Oct 2026,Jan 2027,Apr 2027,Apr 2027,1.03,Other,Standard,"INC since Apr 2026 (75 days). MEDIUM by Oct 2026, HOT by Jan 2027, ULTRA HOT by Apr 2027.",Your Term loans at CARE hits ULTRA HOT in Apr 2027. Start ACER process by Jan 2027 to be ahead of Q2 2027 renewal rush.,D365
Baril Marketing Pvt. Ltd.,BRICKWORK,Fund based financial facility/instrument,C,2026-04-06,83,LOW (<90 days),Oct 2026,Jan 2027,Apr 2027,Apr 2027,19.0,Other,Standard,"INC since Apr 2026 (83 days). MEDIUM by Oct 2026, HOT by Jan 2027, ULTRA HOT by Apr 2027.",Your Fund based financial facility/instrument at BRICKWORK hits ULTRA HOT in Apr 2027. Start ACER process by Jan 2027 to be ahead of Q2 2027 renewal rush.,D365
Belgachi Tea Co. Ltd.,CARE,Bank Guarantee,A 4,2026-04-15,74,LOW (<90 days),Oct 2026,Jan 2027,Apr 2027,Apr 2027,0.58,Other,Standard,"INC since Apr 2026 (74 days). MEDIUM by Oct 2026, HOT by Jan 2027, ULTRA HOT by Apr 2027.",Your Bank Guarantee at CARE hits ULTRA HOT in Apr 2027. Start ACER process by Jan 2027 to be ahead of Q2 2027 renewal rush.,D365
Belgachi Tea Co. Ltd.,CARE,Term loans,B-,2026-04-15,74,LOW (<90 days),Oct 2026,Jan 2027,Apr 2027,Apr 2027,7.4,Other,Standard,"INC since Apr 2026 (74 days). MEDIUM by Oct 2026, HOT by Jan 2027, ULTRA HOT by Apr 2027.",Your Term loans at CARE hits ULTRA HOT in Apr 2027. Start ACER process by Jan 2027 to be ahead of Q2 2027 renewal rush.,D365
Bell Finvest (India) Ltd.,CARE,Term loans,D,2026-04-01,88,LOW (<90 days),Oct 2026,Jan 2027,Apr 2027,Apr 2027,150.0,BFSI/NBFC,Standard,"INC since Apr 2026 (88 days). MEDIUM by Oct 2026, HOT by Jan 2027, ULTRA HOT by Apr 2027.",Your Term loans at CARE hits ULTRA HOT in Apr 2027. Start ACER process by Jan 2027 to be ahead of Q2 2027 renewal rush.,D365
Bell-O-Seal Valves Pvt. Ltd.,CARE,Bank Guarantee,A 4+,2026-04-06,83,LOW (<90 days),Oct 2026,Jan 2027,Apr 2027,Apr 2027,13.0,Other,Standard,"INC since Apr 2026 (83 days). MEDIUM by Oct 2026, HOT by Jan 2027, ULTRA HOT by Apr 2027.",Your Bank Guarantee at CARE hits ULTRA HOT in Apr 2027. Start ACER process by Jan 2027 to be ahead of Q2 2027 renewal rush.,D365
Bell-O-Seal Valves Pvt. Ltd.,CARE,Term loans,BB+,2026-04-06,83,LOW (<90 days),Oct 2026,Jan 2027,Apr 2027,Apr 2027,3.22,Other,Standard,"INC since Apr 2026 (83 days). MEDIUM by Oct 2026, HOT by Jan 2027, ULTRA HOT by Apr 2027.",Your Term loans at CARE hits ULTRA HOT in Apr 2027. Start ACER process by Jan 2027 to be ahead of Q2 2027 renewal rush.,D365
Bhagwati Industrial Group Ltd.,CRISIL,Fund based financial facility/instrument,B,2026-04-17,72,LOW (<90 days),Oct 2026,Jan 2027,Apr 2027,Apr 2027,6.26,Other,Standard,"INC since Apr 2026 (72 days). MEDIUM by Oct 2026, HOT by Jan 2027, ULTRA HOT by Apr 2027.",Your Fund based financial facility/instrument at CRISIL hits ULTRA HOT in Apr 2027. Start ACER process by Jan 2027 to be ahead of Q2 2027 renewal rush.,D365
Bhagwati Industrial Group Ltd.,CRISIL,Letter Of credit,A 4,2026-04-17,72,LOW (<90 days),Oct 2026,Jan 2027,Apr 2027,Apr 2027,44.0,Other,Standard,"INC since Apr 2026 (72 days). MEDIUM by Oct 2026, HOT by Jan 2027, ULTRA HOT by Apr 2027.",Your Letter Of credit at CRISIL hits ULTRA HOT in Apr 2027. Start ACER process by Jan 2027 to be ahead of Q2 2027 renewal rush.,D365
Bhagwati Industrial Group Ltd.,CRISIL,Term loans,B,2026-04-17,72,LOW (<90 days),Oct 2026,Jan 2027,Apr 2027,Apr 2027,38.64,Other,Standard,"INC since Apr 2026 (72 days). MEDIUM by Oct 2026, HOT by Jan 2027, ULTRA HOT by Apr 2027.",Your Term loans at CRISIL hits ULTRA HOT in Apr 2027. Start ACER process by Jan 2027 to be ahead of Q2 2027 renewal rush.,D365
Bhagwati Vintrade Pvt. Ltd.,CARE,Term loans,B-,2026-04-20,69,LOW (<90 days),Oct 2026,Jan 2027,Apr 2027,Apr 2027,8.27,Other,Standard,"INC since Apr 2026 (69 days). MEDIUM by Oct 2026, HOT by Jan 2027, ULTRA HOT by Apr 2027.",Your Term loans at CARE hits ULTRA HOT in Apr 2027. Start ACER process by Jan 2027 to be ahead of Q2 2027 renewal rush.,D365
Bhagya Laxmi Gems & Jewellers Pvt. Ltd.,ACUITE,Bank Guarantee,D,2026-04-23,66,LOW (<90 days),Oct 2026,Jan 2027,Apr 2027,Apr 2027,15.0,Other,Standard,"INC since Apr 2026 (66 days). MEDIUM by Oct 2026, HOT by Jan 2027, ULTRA HOT by Apr 2027.",Your Bank Guarantee at ACUITE hits ULTRA HOT in Apr 2027. Start ACER process by Jan 2027 to be ahead of Q2 2027 renewal rush.,D365
Bhagyodaya Trokhos Pvt. Ltd.,CRISIL,Fund based financial facility/instrument,D,2026-04-21,68,LOW (<90 days),Oct 2026,Jan 2027,Apr 2027,Apr 2027,13.0,Other,Standard,"INC since Apr 2026 (68 days). MEDIUM by Oct 2026, HOT by Jan 2027, ULTRA HOT by Apr 2027.",Your Fund based financial facility/instrument at CRISIL hits ULTRA HOT in Apr 2027. Start ACER process by Jan 2027 to be ahead of Q2 2027 renewal rush.,D365
Bhagyodaya Trokhos Pvt. Ltd.,CRISIL,Long term Loans,D,2026-04-21,68,LOW (<90 days),Oct 2026,Jan 2027,Apr 2027,Apr 2027,2.25,Other,Standard,"INC since Apr 2026 (68 days). MEDIUM by Oct 2026, HOT by Jan 2027, ULTRA HOT by Apr 2027.",Your Long term Loans at CRISIL hits ULTRA HOT in Apr 2027. Start ACER process by Jan 2027 to be ahead of Q2 2027 renewal rush.,D365
Bharat Engineering Construction Co. Pvt. Ltd.,ACUITE,Bank Guarantee,A 4,2026-04-01,88,LOW (<90 days),Oct 2026,Jan 2027,Apr 2027,Apr 2027,0.25,Construction/Infra,Standard,"INC since Apr 2026 (88 days). MEDIUM by Oct 2026, HOT by Jan 2027, ULTRA HOT by Apr 2027.",Your Bank Guarantee at ACUITE hits ULTRA HOT in Apr 2027. Start ACER process by Jan 2027 to be ahead of Q2 2027 renewal rush.,D365
Bharat Engineering Construction Co. Pvt. Ltd.,ACUITE,Long term Loans,B-,2026-04-01,88,LOW (<90 days),Oct 2026,Jan 2027,Apr 2027,Apr 2027,5.0,Construction/Infra,Standard,"INC since Apr 2026 (88 days). MEDIUM by Oct 2026, HOT by Jan 2027, ULTRA HOT by Apr 2027.",Your Long term Loans at ACUITE hits ULTRA HOT in Apr 2027. Start ACER process by Jan 2027 to be ahead of Q2 2027 renewal rush.,D365
Bhardwaj Construction Co. Pvt. Ltd.,IND-RA,Non-fund-based financial facility/instrument,A 4,2026-04-02,87,LOW (<90 days),Oct 2026,Jan 2027,Apr 2027,Apr 2027,9.84,Construction/Infra,Standard,"INC since Apr 2026 (87 days). MEDIUM by Oct 2026, HOT by Jan 2027, ULTRA HOT by Apr 2027.",Your Non-fund-based financial facility/instrument at IND-RA hits ULTRA HOT in Apr 2027. Start ACER process by Jan 2027 to be ahead of Q2 2027 renewal rush.,D365
Bhargavi Automobiles Pvt. Ltd.,CARE,Term loans,BB,2026-04-07,82,LOW (<90 days),Oct 2026,Jan 2027,Apr 2027,Apr 2027,5.0,Automobiles,Standard,"INC since Apr 2026 (82 days). MEDIUM by Oct 2026, HOT by Jan 2027, ULTRA HOT by Apr 2027.",Your Term loans at CARE hits ULTRA HOT in Apr 2027. Start ACER process by Jan 2027 to be ahead of Q2 2027 renewal rush.,D365
Bhartia Yarns Pvt. Ltd.,IND-RA,Non-government debt,B/A4,2026-04-02,87,LOW (<90 days),Oct 2026,Jan 2027,Apr 2027,Apr 2027,10.0,Textiles,NCD — SEBI License Required,"INC since Apr 2026 (87 days). MEDIUM by Oct 2026, HOT by Jan 2027, ULTRA HOT by Apr 2027.",Your Non-government debt at IND-RA hits ULTRA HOT in Apr 2027. Start ACER process by Jan 2027 to be ahead of Q2 2027 renewal rush.,D365
Bhopal Tractors Pvt. Ltd.,IND-RA,Non-government debt,B/A4,2026-04-02,87,LOW (<90 days),Oct 2026,Jan 2027,Apr 2027,Apr 2027,10.0,Automobiles,NCD — SEBI License Required,"INC since Apr 2026 (87 days). MEDIUM by Oct 2026, HOT by Jan 2027, ULTRA HOT by Apr 2027.",Your Non-government debt at IND-RA hits ULTRA HOT in Apr 2027. Start ACER process by Jan 2027 to be ahead of Q2 2027 renewal rush.,D365
Bhoruka Power Corpn. Ltd.,IND-RA,Term loans,BB-,2026-04-02,87,LOW (<90 days),Oct 2026,Jan 2027,Apr 2027,Apr 2027,1012.82,Energy/Power,Standard,"INC since Apr 2026 (87 days). MEDIUM by Oct 2026, HOT by Jan 2027, ULTRA HOT by Apr 2027.",Your Term loans at IND-RA hits ULTRA HOT in Apr 2027. Start ACER process by Jan 2027 to be ahead of Q2 2027 renewal rush.,D365
Bihani Binayake Cotex Pvt. Ltd.,CARE,Term loans,B-,2026-04-23,66,LOW (<90 days),Oct 2026,Jan 2027,Apr 2027,Apr 2027,0.69,Other,Standard,"INC since Apr 2026 (66 days). MEDIUM by Oct 2026, HOT by Jan 2027, ULTRA HOT by Apr 2027.",Your Term loans at CARE hits ULTRA HOT in Apr 2027. Start ACER process by Jan 2027 to be ahead of Q2 2027 renewal rush.,D365
Biomedix Optotechnik & Devices Pvt. Ltd.,IND-RA,Non-government debt,B-/A4,2026-04-02,87,LOW (<90 days),Oct 2026,Jan 2027,Apr 2027,Apr 2027,8.91,IT/Technology,NCD — SEBI License Required,"INC since Apr 2026 (87 days). MEDIUM by Oct 2026, HOT by Jan 2027, ULTRA HOT by Apr 2027.",Your Non-government debt at IND-RA hits ULTRA HOT in Apr 2027. Start ACER process by Jan 2027 to be ahead of Q2 2027 renewal rush.,D365
Biop Steels & Power Pvt. Ltd.,BRICKWORK,Bank Guarantee,A 4,2026-04-07,82,LOW (<90 days),Oct 2026,Jan 2027,Apr 2027,Apr 2027,1.0,Steel & Metals,Standard,"INC since Apr 2026 (82 days). MEDIUM by Oct 2026, HOT by Jan 2027, ULTRA HOT by Apr 2027.",Your Bank Guarantee at BRICKWORK hits ULTRA HOT in Apr 2027. Start ACER process by Jan 2027 to be ahead of Q2 2027 renewal rush.,D365
Biop Steels & Power Pvt. Ltd.,BRICKWORK,Letter Of credit,A 4,2026-04-07,82,LOW (<90 days),Oct 2026,Jan 2027,Apr 2027,Apr 2027,3.0,Steel & Metals,Standard,"INC since Apr 2026 (82 days). MEDIUM by Oct 2026, HOT by Jan 2027, ULTRA HOT by Apr 2027.",Your Letter Of credit at BRICKWORK hits ULTRA HOT in Apr 2027. Start ACER process by Jan 2027 to be ahead of Q2 2027 renewal rush.,D365
Birli Spinning Mill Pvt. Ltd.,ACUITE,Bank Guarantee,A 4,2026-04-21,68,LOW (<90 days),Oct 2026,Jan 2027,Apr 2027,Apr 2027,7.0,Textiles,Standard,"INC since Apr 2026 (68 days). MEDIUM by Oct 2026, HOT by Jan 2027, ULTRA HOT by Apr 2027.",Your Bank Guarantee at ACUITE hits ULTRA HOT in Apr 2027. Start ACER process by Jan 2027 to be ahead of Q2 2027 renewal rush.,D365
Birli Spinning Mill Pvt. Ltd.,ACUITE,Letter Of credit,A 4,2026-04-21,68,LOW (<90 days),Oct 2026,Jan 2027,Apr 2027,Apr 2027,3.0,Textiles,Standard,"INC since Apr 2026 (68 days). MEDIUM by Oct 2026, HOT by Jan 2027, ULTRA HOT by Apr 2027.",Your Letter Of credit at ACUITE hits ULTRA HOT in Apr 2027. Start ACER process by Jan 2027 to be ahead of Q2 2027 renewal rush.,D365
Birli Spinning Mill Pvt. Ltd.,ACUITE,Term loans,B-,2026-04-21,68,LOW (<90 days),Oct 2026,Jan 2027,Apr 2027,Apr 2027,42.0,Textiles,Standard,"INC since Apr 2026 (68 days). MEDIUM by Oct 2026, HOT by Jan 2027, ULTRA HOT by Apr 2027.",Your Term loans at ACUITE hits ULTRA HOT in Apr 2027. Start ACER process by Jan 2027 to be ahead of Q2 2027 renewal rush.,D365
Blue Duck Textiles Pvt. Ltd.,IND-RA,Non-government debt,D,2026-04-02,87,LOW (<90 days),Oct 2026,Jan 2027,Apr 2027,Apr 2027,7.83,Textiles,NCD — SEBI License Required,"INC since Apr 2026 (87 days). MEDIUM by Oct 2026, HOT by Jan 2027, ULTRA HOT by Apr 2027.",Your Non-government debt at IND-RA hits ULTRA HOT in Apr 2027. Start ACER process by Jan 2027 to be ahead of Q2 2027 renewal rush.,D365
Bluemax Imppex (India) Pvt. Ltd.,BRICKWORK,Letter Of credit,D,2026-04-03,86,LOW (<90 days),Oct 2026,Jan 2027,Apr 2027,Apr 2027,3.0,Other,Standard,"INC since Apr 2026 (86 days). MEDIUM by Oct 2026, HOT by Jan 2027, ULTRA HOT by Apr 2027.",Your Letter Of credit at BRICKWORK hits ULTRA HOT in Apr 2027. Start ACER process by Jan 2027 to be ahead of Q2 2027 renewal rush.,D365
Borkar Packaging Pvt. Ltd.,CRISIL,Letter Of credit,A 4,2026-04-21,68,LOW (<90 days),Oct 2026,Jan 2027,Apr 2027,Apr 2027,30.8,Paper/Packaging,Standard,"INC since Apr 2026 (68 days). MEDIUM by Oct 2026, HOT by Jan 2027, ULTRA HOT by Apr 2027.",Your Letter Of credit at CRISIL hits ULTRA HOT in Apr 2027. Start ACER process by Jan 2027 to be ahead of Q2 2027 renewal rush.,D365
Borkar Packaging Pvt. Ltd.,CRISIL,Long term Loans,B,2026-04-21,68,LOW (<90 days),Oct 2026,Jan 2027,Apr 2027,Apr 2027,25.2,Paper/Packaging,Standard,"INC since Apr 2026 (68 days). MEDIUM by Oct 2026, HOT by Jan 2027, ULTRA HOT by Apr 2027.",Your Long term Loans at CRISIL hits ULTRA HOT in Apr 2027. Start ACER process by Jan 2027 to be ahead of Q2 2027 renewal rush.,D365
Boxcoworld Pvt. Ltd.,CRISIL,Bank Guarantee,D,2026-04-15,74,LOW (<90 days),Oct 2026,Jan 2027,Apr 2027,Apr 2027,1.0,Other,Standard,"INC since Apr 2026 (74 days). MEDIUM by Oct 2026, HOT by Jan 2027, ULTRA HOT by Apr 2027.",Your Bank Guarantee at CRISIL hits ULTRA HOT in Apr 2027. Start ACER process by Jan 2027 to be ahead of Q2 2027 renewal rush.,D365
Boxcoworld Pvt. Ltd.,CRISIL,Non-fund-based financial facility/instrument,D,2026-04-15,74,LOW (<90 days),Oct 2026,Jan 2027,Apr 2027,Apr 2027,2.5,Other,Standard,"INC since Apr 2026 (74 days). MEDIUM by Oct 2026, HOT by Jan 2027, ULTRA HOT by Apr 2027.",Your Non-fund-based financial facility/instrument at CRISIL hits ULTRA HOT in Apr 2027. Start ACER process by Jan 2027 to be ahead of Q2 2027 renewal rush.,D365
Bravo Agencies Pvt. Ltd.,CARE,Letter Of credit,D,2026-04-06,83,LOW (<90 days),Oct 2026,Jan 2027,Apr 2027,Apr 2027,7.5,Other,Standard,"INC since Apr 2026 (83 days). MEDIUM by Oct 2026, HOT by Jan 2027, ULTRA HOT by Apr 2027.",Your Letter Of credit at CARE hits ULTRA HOT in Apr 2027. Start ACER process by Jan 2027 to be ahead of Q2 2027 renewal rush.,D365
Brindha Cotton Mills Pvt. Ltd.,IND-RA,Non-government debt,D,2026-04-02,87,LOW (<90 days),Oct 2026,Jan 2027,Apr 2027,Apr 2027,10.57,Agro/Food,NCD — SEBI License Required,"INC since Apr 2026 (87 days). MEDIUM by Oct 2026, HOT by Jan 2027, ULTRA HOT by Apr 2027.",Your Non-government debt at IND-RA hits ULTRA HOT in Apr 2027. Start ACER process by Jan 2027 to be ahead of Q2 2027 renewal rush.,D365
Brs Enterprises & Trading Ltd.,ACUITE,Letter Of credit,D,2026-04-17,72,LOW (<90 days),Oct 2026,Jan 2027,Apr 2027,Apr 2027,30.0,Other,Standard,"INC since Apr 2026 (72 days). MEDIUM by Oct 2026, HOT by Jan 2027, ULTRA HOT by Apr 2027.",Your Letter Of credit at ACUITE hits ULTRA HOT in Apr 2027. Start ACER process by Jan 2027 to be ahead of Q2 2027 renewal rush.,D365
Buildmate Projects Pvt. Ltd.,CARE,Bank Guarantee,A 4,2026-04-15,74,LOW (<90 days),Oct 2026,Jan 2027,Apr 2027,Apr 2027,3.0,Construction/Infra,Standard,"INC since Apr 2026 (74 days). MEDIUM by Oct 2026, HOT by Jan 2027, ULTRA HOT by Apr 2027.",Your Bank Guarantee at CARE hits ULTRA HOT in Apr 2027. Start ACER process by Jan 2027 to be ahead of Q2 2027 renewal rush.,D365
Buildmate Projects Pvt. Ltd.,CARE,Letter Of credit,A 4,2026-04-15,74,LOW (<90 days),Oct 2026,Jan 2027,Apr 2027,Apr 2027,6.0,Construction/Infra,Standard,"INC since Apr 2026 (74 days). MEDIUM by Oct 2026, HOT by Jan 2027, ULTRA HOT by Apr 2027.",Your Letter Of credit at CARE hits ULTRA HOT in Apr 2027. Start ACER process by Jan 2027 to be ahead of Q2 2027 renewal rush.,D365
Buildmate Projects Pvt. Ltd.,CARE,Term loans,C,2026-04-15,74,LOW (<90 days),Oct 2026,Jan 2027,Apr 2027,Apr 2027,0.74,Construction/Infra,Standard,"INC since Apr 2026 (74 days). MEDIUM by Oct 2026, HOT by Jan 2027, ULTRA HOT by Apr 2027.",Your Term loans at CARE hits ULTRA HOT in Apr 2027. Start ACER process by Jan 2027 to be ahead of Q2 2027 renewal rush.,D365
Bulland Buildtech Pvt. Ltd.,CARE,Fund based financial facility/instrument,D,2026-04-28,61,LOW (<90 days),Oct 2026,Jan 2027,Apr 2027,Apr 2027,45.0,Construction/Infra,Standard,"INC since Apr 2026 (61 days). MEDIUM by Oct 2026, HOT by Jan 2027, ULTRA HOT by Apr 2027.",Your Fund based financial facility/instrument at CARE hits ULTRA HOT in Apr 2027. Start ACER process by Jan 2027 to be ahead of Q2 2027 renewal rush.,D365
C B C Fashions (Asia) Pvt. Ltd.,BRICKWORK,Term loans,D,2026-04-07,82,LOW (<90 days),Oct 2026,Jan 2027,Apr 2027,Apr 2027,8.81,Other,Standard,"INC since Apr 2026 (82 days). MEDIUM by Oct 2026, HOT by Jan 2027, ULTRA HOT by Apr 2027.",Your Term loans at BRICKWORK hits ULTRA HOT in Apr 2027. Start ACER process by Jan 2027 to be ahead of Q2 2027 renewal rush.,D365
C Gems & Jewels Pvt. Ltd.,BRICKWORK,Term loans,D,2026-04-09,80,LOW (<90 days),Oct 2026,Jan 2027,Apr 2027,Apr 2027,7.5,Other,Standard,"INC since Apr 2026 (80 days). MEDIUM by Oct 2026, HOT by Jan 2027, ULTRA HOT by Apr 2027.",Your Term loans at BRICKWORK hits ULTRA HOT in Apr 2027. Start ACER process by Jan 2027 to be ahead of Q2 2027 renewal rush.,D365
C M Auto Sales Pvt. Ltd.,CARE,Fund based financial facility/instrument,B+,2026-04-23,66,LOW (<90 days),Oct 2026,Jan 2027,Apr 2027,Apr 2027,16.1,Automobiles,Standard,"INC since Apr 2026 (66 days). MEDIUM by Oct 2026, HOT by Jan 2027, ULTRA HOT by Apr 2027.",Your Fund based financial facility/instrument at CARE hits ULTRA HOT in Apr 2027. Start ACER process by Jan 2027 to be ahead of Q2 2027 renewal rush.,D365
C M Auto Sales Pvt. Ltd.,CARE,Non-government debt,B+/A4,2026-04-23,66,LOW (<90 days),Oct 2026,Jan 2027,Apr 2027,Apr 2027,4.5,Automobiles,NCD — SEBI License Required,"INC since Apr 2026 (66 days). MEDIUM by Oct 2026, HOT by Jan 2027, ULTRA HOT by Apr 2027.",Your Non-government debt at CARE hits ULTRA HOT in Apr 2027. Start ACER process by Jan 2027 to be ahead of Q2 2027 renewal rush.,D365
C P Re-Rollers Ltd.,BRICKWORK,Bank Guarantee,A 4,2026-04-10,79,LOW (<90 days),Oct 2026,Jan 2027,Apr 2027,Apr 2027,9.38,Other,Standard,"INC since Apr 2026 (79 days). MEDIUM by Oct 2026, HOT by Jan 2027, ULTRA HOT by Apr 2027.",Your Bank Guarantee at BRICKWORK hits ULTRA HOT in Apr 2027. Start ACER process by Jan 2027 to be ahead of Q2 2027 renewal rush.,D365
C P Re-Rollers Ltd.,BRICKWORK,Fund based financial facility/instrument,BB-,2026-04-10,79,LOW (<90 days),Oct 2026,Jan 2027,Apr 2027,Apr 2027,5.6,Other,Standard,"INC since Apr 2026 (79 days). MEDIUM by Oct 2026, HOT by Jan 2027, ULTRA HOT by Apr 2027.",Your Fund based financial facility/instrument at BRICKWORK hits ULTRA HOT in Apr 2027. Start ACER process by Jan 2027 to be ahead of Q2 2027 renewal rush.,D365
C S H Power Himoinsa Pvt. Ltd.,CARE,Non-government debt,A 4,2026-04-10,79,LOW (<90 days),Oct 2026,Jan 2027,Apr 2027,Apr 2027,5.0,Energy/Power,NCD — SEBI License Required,"INC since Apr 2026 (79 days). MEDIUM by Oct 2026, HOT by Jan 2027, ULTRA HOT by Apr 2027.",Your Non-government debt at CARE hits ULTRA HOT in Apr 2027. Start ACER process by Jan 2027 to be ahead of Q2 2027 renewal rush.,D365
Cabbana Infrastructures Pvt. Ltd.,IND-RA,Term loans,D,2026-04-02,87,LOW (<90 days),Oct 2026,Jan 2027,Apr 2027,Apr 2027,363.72,Construction/Infra,Standard,"INC since Apr 2026 (87 days). MEDIUM by Oct 2026, HOT by Jan 2027, ULTRA HOT by Apr 2027.",Your Term loans at IND-RA hits ULTRA HOT in Apr 2027. Start ACER process by Jan 2027 to be ahead of Q2 2027 renewal rush.,D365
Cadillac Granito Pvt. Ltd.,CRISIL,Bank Guarantee,A 4,2026-04-21,68,LOW (<90 days),Oct 2026,Jan 2027,Apr 2027,Apr 2027,1.75,Other,Standard,"INC since Apr 2026 (68 days). MEDIUM by Oct 2026, HOT by Jan 2027, ULTRA HOT by Apr 2027.",Your Bank Guarantee at CRISIL hits ULTRA HOT in Apr 2027. Start ACER process by Jan 2027 to be ahead of Q2 2027 renewal rush.,D365
Cadillac Granito Pvt. Ltd.,CRISIL,Term loans,B,2026-04-21,68,LOW (<90 days),Oct 2026,Jan 2027,Apr 2027,Apr 2027,15.0,Other,Standard,"INC since Apr 2026 (68 days). MEDIUM by Oct 2026, HOT by Jan 2027, ULTRA HOT by Apr 2027.",Your Term loans at CRISIL hits ULTRA HOT in Apr 2027. Start ACER process by Jan 2027 to be ahead of Q2 2027 renewal rush.,D365
Capital Electech Pvt. Ltd.,BRICKWORK,Bank Guarantee,B+,2026-04-03,86,LOW (<90 days),Oct 2026,Jan 2027,Apr 2027,Apr 2027,123.5,BFSI/NBFC,Standard,"INC since Apr 2026 (86 days). MEDIUM by Oct 2026, HOT by Jan 2027, ULTRA HOT by Apr 2027.",Your Bank Guarantee at BRICKWORK hits ULTRA HOT in Apr 2027. Start ACER process by Jan 2027 to be ahead of Q2 2027 renewal rush.,D365
Capital Electricals Pvt. Ltd.,CRISIL,Bank Guarantee,A 4,2026-04-24,65,LOW (<90 days),Oct 2026,Jan 2027,Apr 2027,Apr 2027,7.0,Energy/Power,Standard,"INC since Apr 2026 (65 days). MEDIUM by Oct 2026, HOT by Jan 2027, ULTRA HOT by Apr 2027.",Your Bank Guarantee at CRISIL hits ULTRA HOT in Apr 2027. Start ACER process by Jan 2027 to be ahead of Q2 2027 renewal rush.,D365
Capital Electricals Pvt. Ltd.,CRISIL,Letter Of credit,A 4,2026-04-24,65,LOW (<90 days),Oct 2026,Jan 2027,Apr 2027,Apr 2027,3.0,Energy/Power,Standard,"INC since Apr 2026 (65 days). MEDIUM by Oct 2026, HOT by Jan 2027, ULTRA HOT by Apr 2027.",Your Letter Of credit at CRISIL hits ULTRA HOT in Apr 2027. Start ACER process by Jan 2027 to be ahead of Q2 2027 renewal rush.,D365
Capital Electricals Pvt. Ltd.,CRISIL,Short-term loan,A 4,2026-04-24,65,LOW (<90 days),Oct 2026,Jan 2027,Apr 2027,Apr 2027,10.0,Energy/Power,Standard,"INC since Apr 2026 (65 days). MEDIUM by Oct 2026, HOT by Jan 2027, ULTRA HOT by Apr 2027.",Your Short-term loan at CRISIL hits ULTRA HOT in Apr 2027. Start ACER process by Jan 2027 to be ahead of Q2 2027 renewal rush.,D365
Capital Record Centre Pvt. Ltd.,CRISIL,Bank Guarantee,A 4,2026-04-09,80,LOW (<90 days),Oct 2026,Jan 2027,Apr 2027,Apr 2027,2.61,BFSI/NBFC,Standard,"INC since Apr 2026 (80 days). MEDIUM by Oct 2026, HOT by Jan 2027, ULTRA HOT by Apr 2027.",Your Bank Guarantee at CRISIL hits ULTRA HOT in Apr 2027. Start ACER process by Jan 2027 to be ahead of Q2 2027 renewal rush.,D365
Capital Record Centre Pvt. Ltd.,CRISIL,Term loans,B,2026-04-09,80,LOW (<90 days),Oct 2026,Jan 2027,Apr 2027,Apr 2027,3.09,BFSI/NBFC,Standard,"INC since Apr 2026 (80 days). MEDIUM by Oct 2026, HOT by Jan 2027, ULTRA HOT by Apr 2027.",Your Term loans at CRISIL hits ULTRA HOT in Apr 2027. Start ACER process by Jan 2027 to be ahead of Q2 2027 renewal rush.,D365
Carboline (India) Pvt. Ltd.,BRICKWORK,Bank Guarantee,A 4,2026-04-07,82,LOW (<90 days),Oct 2026,Jan 2027,Apr 2027,Apr 2027,4.5,Other,Standard,"INC since Apr 2026 (82 days). MEDIUM by Oct 2026, HOT by Jan 2027, ULTRA HOT by Apr 2027.",Your Bank Guarantee at BRICKWORK hits ULTRA HOT in Apr 2027. Start ACER process by Jan 2027 to be ahead of Q2 2027 renewal rush.,D365
Carboline (India) Pvt. Ltd.,BRICKWORK,Letter Of credit,A 4,2026-04-07,82,LOW (<90 days),Oct 2026,Jan 2027,Apr 2027,Apr 2027,1.5,Other,Standard,"INC since Apr 2026 (82 days). MEDIUM by Oct 2026, HOT by Jan 2027, ULTRA HOT by Apr 2027.",Your Letter Of credit at BRICKWORK hits ULTRA HOT in Apr 2027. Start ACER process by Jan 2027 to be ahead of Q2 2027 renewal rush.,D365
Cee Dee Vacuum Equipment Pvt. Ltd.,ACUITE,Bank Guarantee,A 4,2026-04-13,76,LOW (<90 days),Oct 2026,Jan 2027,Apr 2027,Apr 2027,15.0,Other,Standard,"INC since Apr 2026 (76 days). MEDIUM by Oct 2026, HOT by Jan 2027, ULTRA HOT by Apr 2027.",Your Bank Guarantee at ACUITE hits ULTRA HOT in Apr 2027. Start ACER process by Jan 2027 to be ahead of Q2 2027 renewal rush.,D365
Cee Dee Vacuum Equipment Pvt. Ltd.,ACUITE,Letter Of credit,A 4,2026-04-13,76,LOW (<90 days),Oct 2026,Jan 2027,Apr 2027,Apr 2027,5.0,Other,Standard,"INC since Apr 2026 (76 days). MEDIUM by Oct 2026, HOT by Jan 2027, ULTRA HOT by Apr 2027.",Your Letter Of credit at ACUITE hits ULTRA HOT in Apr 2027. Start ACER process by Jan 2027 to be ahead of Q2 2027 renewal rush.,D365
Cee Dee Vacuum Equipment Pvt. Ltd.,ACUITE,Term loans,B,2026-04-13,76,LOW (<90 days),Oct 2026,Jan 2027,Apr 2027,Apr 2027,5.5,Other,Standard,"INC since Apr 2026 (76 days). MEDIUM by Oct 2026, HOT by Jan 2027, ULTRA HOT by Apr 2027.",Your Term loans at ACUITE hits ULTRA HOT in Apr 2027. Start ACER process by Jan 2027 to be ahead of Q2 2027 renewal rush.,D365
Centurion Remedies Pvt. Ltd.,CRISIL,Bank Guarantee,D,2026-04-23,66,LOW (<90 days),Oct 2026,Jan 2027,Apr 2027,Apr 2027,1.93,Other,Standard,"INC since Apr 2026 (66 days). MEDIUM by Oct 2026, HOT by Jan 2027, ULTRA HOT by Apr 2027.",Your Bank Guarantee at CRISIL hits ULTRA HOT in Apr 2027. Start ACER process by Jan 2027 to be ahead of Q2 2027 renewal rush.,D365
Centurion Remedies Pvt. Ltd.,CRISIL,Fund based financial facility/instrument,D,2026-04-23,66,LOW (<90 days),Oct 2026,Jan 2027,Apr 2027,Apr 2027,20.14,Other,Standard,"INC since Apr 2026 (66 days). MEDIUM by Oct 2026, HOT by Jan 2027, ULTRA HOT by Apr 2027.",Your Fund based financial facility/instrument at CRISIL hits ULTRA HOT in Apr 2027. Start ACER process by Jan 2027 to be ahead of Q2 2027 renewal rush.,D365
Centurion Remedies Pvt. Ltd.,CRISIL,Letter Of credit,D,2026-04-23,66,LOW (<90 days),Oct 2026,Jan 2027,Apr 2027,Apr 2027,2.0,Other,Standard,"INC since Apr 2026 (66 days). MEDIUM by Oct 2026, HOT by Jan 2027, ULTRA HOT by Apr 2027.",Your Letter Of credit at CRISIL hits ULTRA HOT in Apr 2027. Start ACER process by Jan 2027 to be ahead of Q2 2027 renewal rush.,D365
Centurion Remedies Pvt. Ltd.,CRISIL,Term loans,D,2026-04-23,66,LOW (<90 days),Oct 2026,Jan 2027,Apr 2027,Apr 2027,2.34,Other,Standard,"INC since Apr 2026 (66 days). MEDIUM by Oct 2026, HOT by Jan 2027, ULTRA HOT by Apr 2027.",Your Term loans at CRISIL hits ULTRA HOT in Apr 2027. Start ACER process by Jan 2027 to be ahead of Q2 2027 renewal rush.,D365
Century Aluminium Mfg. Co. Ltd.,BRICKWORK,Bank Guarantee,D,2026-04-02,87,LOW (<90 days),Oct 2026,Jan 2027,Apr 2027,Apr 2027,15.0,Other,Standard,"INC since Apr 2026 (87 days). MEDIUM by Oct 2026, HOT by Jan 2027, ULTRA HOT by Apr 2027.",Your Bank Guarantee at BRICKWORK hits ULTRA HOT in Apr 2027. Start ACER process by Jan 2027 to be ahead of Q2 2027 renewal rush.,D365
Century Aluminium Mfg. Co. Ltd.,BRICKWORK,Letter Of credit,D,2026-04-02,87,LOW (<90 days),Oct 2026,Jan 2027,Apr 2027,Apr 2027,57.5,Other,Standard,"INC since Apr 2026 (87 days). MEDIUM by Oct 2026, HOT by Jan 2027, ULTRA HOT by Apr 2027.",Your Letter Of credit at BRICKWORK hits ULTRA HOT in Apr 2027. Start ACER process by Jan 2027 to be ahead of Q2 2027 renewal rush.,D365
Chakrapani Vyapar Pvt. Ltd.,CARE,Term loans,BB-,2026-04-23,66,LOW (<90 days),Oct 2026,Jan 2027,Apr 2027,Apr 2027,18.0,Other,Standard,"INC since Apr 2026 (66 days). MEDIUM by Oct 2026, HOT by Jan 2027, ULTRA HOT by Apr 2027.",Your Term loans at CARE hits ULTRA HOT in Apr 2027. Start ACER process by Jan 2027 to be ahead of Q2 2027 renewal rush.,D365
Chandra Fabrics Pvt. Ltd.,CARE,Term loans,B,2026-04-10,79,LOW (<90 days),Oct 2026,Jan 2027,Apr 2027,Apr 2027,0.11,Textiles,Standard,"INC since Apr 2026 (79 days). MEDIUM by Oct 2026, HOT by Jan 2027, ULTRA HOT by Apr 2027.",Your Term loans at CARE hits ULTRA HOT in Apr 2027. Start ACER process by Jan 2027 to be ahead of Q2 2027 renewal rush.,D365
Chandrakona Cold Storage Pvt. Ltd.,IND-RA,Term loans,D,2026-04-02,87,LOW (<90 days),Oct 2026,Jan 2027,Apr 2027,Apr 2027,7.25,Other,Standard,"INC since Apr 2026 (87 days). MEDIUM by Oct 2026, HOT by Jan 2027, ULTRA HOT by Apr 2027.",Your Term loans at IND-RA hits ULTRA HOT in Apr 2027. Start ACER process by Jan 2027 to be ahead of Q2 2027 renewal rush.,D365
Chavan Motors Division India Pvt. Ltd.,CRISIL,Bank Guarantee,A 4,2026-04-27,62,LOW (<90 days),Oct 2026,Jan 2027,Apr 2027,Apr 2027,2.0,Automobiles,Standard,"INC since Apr 2026 (62 days). MEDIUM by Oct 2026, HOT by Jan 2027, ULTRA HOT by Apr 2027.",Your Bank Guarantee at CRISIL hits ULTRA HOT in Apr 2027. Start ACER process by Jan 2027 to be ahead of Q2 2027 renewal rush.,D365
Chavan Motors Division India Pvt. Ltd.,CRISIL,Term loans,B,2026-04-27,62,LOW (<90 days),Oct 2026,Jan 2027,Apr 2027,Apr 2027,2.0,Automobiles,Standard,"INC since Apr 2026 (62 days). MEDIUM by Oct 2026, HOT by Jan 2027, ULTRA HOT by Apr 2027.",Your Term loans at CRISIL hits ULTRA HOT in Apr 2027. Start ACER process by Jan 2027 to be ahead of Q2 2027 renewal rush.,D365
Chelsea Textiles Pvt. Ltd.,CRISIL,Long term Loans,B-,2026-04-20,69,LOW (<90 days),Oct 2026,Jan 2027,Apr 2027,Apr 2027,8.55,Textiles,Standard,"INC since Apr 2026 (69 days). MEDIUM by Oct 2026, HOT by Jan 2027, ULTRA HOT by Apr 2027.",Your Long term Loans at CRISIL hits ULTRA HOT in Apr 2027. Start ACER process by Jan 2027 to be ahead of Q2 2027 renewal rush.,D365
Chenduran Cotspin (India) Pvt. Ltd.,ACUITE,Letter Of credit,A 4+,2026-04-07,82,LOW (<90 days),Oct 2026,Jan 2027,Apr 2027,Apr 2027,4.0,Other,Standard,"INC since Apr 2026 (82 days). MEDIUM by Oct 2026, HOT by Jan 2027, ULTRA HOT by Apr 2027.",Your Letter Of credit at ACUITE hits ULTRA HOT in Apr 2027. Start ACER process by Jan 2027 to be ahead of Q2 2027 renewal rush.,D365
Chenduran Cotspin (India) Pvt. Ltd.,ACUITE,Short-term loan,A 4+,2026-04-07,82,LOW (<90 days),Oct 2026,Jan 2027,Apr 2027,Apr 2027,9.72,Other,Standard,"INC since Apr 2026 (82 days). MEDIUM by Oct 2026, HOT by Jan 2027, ULTRA HOT by Apr 2027.",Your Short-term loan at ACUITE hits ULTRA HOT in Apr 2027. Start ACER process by Jan 2027 to be ahead of Q2 2027 renewal rush.,D365
Chenduran Cotspin (India) Pvt. Ltd.,ACUITE,Term loans,BB-,2026-04-07,82,LOW (<90 days),Oct 2026,Jan 2027,Apr 2027,Apr 2027,2.46,Other,Standard,"INC since Apr 2026 (82 days). MEDIUM by Oct 2026, HOT by Jan 2027, ULTRA HOT by Apr 2027.",Your Term loans at ACUITE hits ULTRA HOT in Apr 2027. Start ACER process by Jan 2027 to be ahead of Q2 2027 renewal rush.,D365
Chetan Overseas Pvt. Ltd.,IND-RA,Non-government debt,B-/A4,2026-04-02,87,LOW (<90 days),Oct 2026,Jan 2027,Apr 2027,Apr 2027,13.5,Other,NCD — SEBI License Required,"INC since Apr 2026 (87 days). MEDIUM by Oct 2026, HOT by Jan 2027, ULTRA HOT by Apr 2027.",Your Non-government debt at IND-RA hits ULTRA HOT in Apr 2027. Start ACER process by Jan 2027 to be ahead of Q2 2027 renewal rush.,D365
Chhabeela Energy Foods Pvt. Ltd.,CRISIL,Fund based financial facility/instrument,B,2026-04-23,66,LOW (<90 days),Oct 2026,Jan 2027,Apr 2027,Apr 2027,25.0,Energy/Power,Standard,"INC since Apr 2026 (66 days). MEDIUM by Oct 2026, HOT by Jan 2027, ULTRA HOT by Apr 2027.",Your Fund based financial facility/instrument at CRISIL hits ULTRA HOT in Apr 2027. Start ACER process by Jan 2027 to be ahead of Q2 2027 renewal rush.,D365
Chhabeela Energy Foods Pvt. Ltd.,CRISIL,Long term Loans,B,2026-04-23,66,LOW (<90 days),Oct 2026,Jan 2027,Apr 2027,Apr 2027,36.0,Energy/Power,Standard,"INC since Apr 2026 (66 days). MEDIUM by Oct 2026, HOT by Jan 2027, ULTRA HOT by Apr 2027.",Your Long term Loans at CRISIL hits ULTRA HOT in Apr 2027. Start ACER process by Jan 2027 to be ahead of Q2 2027 renewal rush.,D365
Chhabeela Energy Foods Pvt. Ltd.,CRISIL,Long term Loans,B,2026-04-23,66,LOW (<90 days),Oct 2026,Jan 2027,Apr 2027,Apr 2027,4.0,Energy/Power,Standard,"INC since Apr 2026 (66 days). MEDIUM by Oct 2026, HOT by Jan 2027, ULTRA HOT by Apr 2027.",Your Long term Loans at CRISIL hits ULTRA HOT in Apr 2027. Start ACER process by Jan 2027 to be ahead of Q2 2027 renewal rush.,D365
Chhapra-Hajipur Expressways Ltd.,ICRA,Term loans,D,2026-04-30,59,LOW (<90 days),Oct 2026,Jan 2027,Apr 2027,Apr 2027,857.0,Other,Standard,"INC since Apr 2026 (59 days). MEDIUM by Oct 2026, HOT by Jan 2027, ULTRA HOT by Apr 2027.",Your Term loans at ICRA hits ULTRA HOT in Apr 2027. Start ACER process by Jan 2027 to be ahead of Q2 2027 renewal rush.,D365
Chidambaram Shipcare Pvt. Ltd.,ICRA,Non-fund-based financial facility/instrument,A 4,2026-04-29,60,LOW (<90 days),Oct 2026,Jan 2027,Apr 2027,Apr 2027,2.85,Other,Standard,"INC since Apr 2026 (60 days). MEDIUM by Oct 2026, HOT by Jan 2027, ULTRA HOT by Apr 2027.",Your Non-fund-based financial facility/instrument at ICRA hits ULTRA HOT in Apr 2027. Start ACER process by Jan 2027 to be ahead of Q2 2027 renewal rush.,D365
Chopra Lam Products Pvt. Ltd.,ACUITE,Letter Of credit,A 4,2026-04-13,76,LOW (<90 days),Oct 2026,Jan 2027,Apr 2027,Apr 2027,5.0,Other,Standard,"INC since Apr 2026 (76 days). MEDIUM by Oct 2026, HOT by Jan 2027, ULTRA HOT by Apr 2027.",Your Letter Of credit at ACUITE hits ULTRA HOT in Apr 2027. Start ACER process by Jan 2027 to be ahead of Q2 2027 renewal rush.,D365
Chopra Lam Products Pvt. Ltd.,ACUITE,Long term Loans,B-,2026-04-13,76,LOW (<90 days),Oct 2026,Jan 2027,Apr 2027,Apr 2027,0.62,Other,Standard,"INC since Apr 2026 (76 days). MEDIUM by Oct 2026, HOT by Jan 2027, ULTRA HOT by Apr 2027.",Your Long term Loans at ACUITE hits ULTRA HOT in Apr 2027. Start ACER process by Jan 2027 to be ahead of Q2 2027 renewal rush.,D365
City Motors Pvt. Ltd.,CRISIL,Fund based financial facility/instrument,B,2026-04-21,68,LOW (<90 days),Oct 2026,Jan 2027,Apr 2027,Apr 2027,19.75,Automobiles,Standard,"INC since Apr 2026 (68 days). MEDIUM by Oct 2026, HOT by Jan 2027, ULTRA HOT by Apr 2027.",Your Fund based financial facility/instrument at CRISIL hits ULTRA HOT in Apr 2027. Start ACER process by Jan 2027 to be ahead of Q2 2027 renewal rush.,D365
City Motors Pvt. Ltd.,CRISIL,Long term Loans,B,2026-04-21,68,LOW (<90 days),Oct 2026,Jan 2027,Apr 2027,Apr 2027,0.56,Automobiles,Standard,"INC since Apr 2026 (68 days). MEDIUM by Oct 2026, HOT by Jan 2027, ULTRA HOT by Apr 2027.",Your Long term Loans at CRISIL hits ULTRA HOT in Apr 2027. Start ACER process by Jan 2027 to be ahead of Q2 2027 renewal rush.,D365
City Motors Pvt. Ltd.,CRISIL,Term loans,B,2026-04-21,68,LOW (<90 days),Oct 2026,Jan 2027,Apr 2027,Apr 2027,1.69,Automobiles,Standard,"INC since Apr 2026 (68 days). MEDIUM by Oct 2026, HOT by Jan 2027, ULTRA HOT by Apr 2027.",Your Term loans at CRISIL hits ULTRA HOT in Apr 2027. Start ACER process by Jan 2027 to be ahead of Q2 2027 renewal rush.,D365
Claris Ltd.,ACUITE,Term loans,D,2026-04-08,81,LOW (<90 days),Oct 2026,Jan 2027,Apr 2027,Apr 2027,26.29,Other,Standard,"INC since Apr 2026 (81 days). MEDIUM by Oct 2026, HOT by Jan 2027, ULTRA HOT by Apr 2027.",Your Term loans at ACUITE hits ULTRA HOT in Apr 2027. Start ACER process by Jan 2027 to be ahead of Q2 2027 renewal rush.,D365
Claris Ltd.,ACUITE,Bank Guarantee,A 4,2026-04-08,81,LOW (<90 days),Oct 2026,Jan 2027,Apr 2027,Apr 2027,1.0,Other,Standard,"INC since Apr 2026 (81 days). MEDIUM by Oct 2026, HOT by Jan 2027, ULTRA HOT by Apr 2027.",Your Bank Guarantee at ACUITE hits ULTRA HOT in Apr 2027. Start ACER process by Jan 2027 to be ahead of Q2 2027 renewal rush.,D365
Claris Ltd.,ACUITE,Long term Loans,C,2026-04-08,81,LOW (<90 days),Oct 2026,Jan 2027,Apr 2027,Apr 2027,3.15,Other,Standard,"INC since Apr 2026 (81 days). MEDIUM by Oct 2026, HOT by Jan 2027, ULTRA HOT by Apr 2027.",Your Long term Loans at ACUITE hits ULTRA HOT in Apr 2027. Start ACER process by Jan 2027 to be ahead of Q2 2027 renewal rush.,D365
Claris Ltd.,ACUITE,Term loans,C,2026-04-08,81,LOW (<90 days),Oct 2026,Jan 2027,Apr 2027,Apr 2027,5.56,Other,Standard,"INC since Apr 2026 (81 days). MEDIUM by Oct 2026, HOT by Jan 2027, ULTRA HOT by Apr 2027.",Your Term loans at ACUITE hits ULTRA HOT in Apr 2027. Start ACER process by Jan 2027 to be ahead of Q2 2027 renewal rush.,D365
Claystone Granito Pvt. Ltd.,CRISIL,Bank Guarantee,A 4,2026-04-23,66,LOW (<90 days),Oct 2026,Jan 2027,Apr 2027,Apr 2027,4.9,Other,Standard,"INC since Apr 2026 (66 days). MEDIUM by Oct 2026, HOT by Jan 2027, ULTRA HOT by Apr 2027.",Your Bank Guarantee at CRISIL hits ULTRA HOT in Apr 2027. Start ACER process by Jan 2027 to be ahead of Q2 2027 renewal rush.,D365
Claystone Granito Pvt. Ltd.,CRISIL,Term loans,B,2026-04-23,66,LOW (<90 days),Oct 2026,Jan 2027,Apr 2027,Apr 2027,21.1,Other,Standard,"INC since Apr 2026 (66 days). MEDIUM by Oct 2026, HOT by Jan 2027, ULTRA HOT by Apr 2027.",Your Term loans at CRISIL hits ULTRA HOT in Apr 2027. Start ACER process by Jan 2027 to be ahead of Q2 2027 renewal rush.,D365
Clean Coal Enterprises Pvt. Ltd.,ACUITE,Bank Guarantee,A 4+,2026-04-23,66,LOW (<90 days),Oct 2026,Jan 2027,Apr 2027,Apr 2027,5.0,Mining/Minerals,Standard,"INC since Apr 2026 (66 days). MEDIUM by Oct 2026, HOT by Jan 2027, ULTRA HOT by Apr 2027.",Your Bank Guarantee at ACUITE hits ULTRA HOT in Apr 2027. Start ACER process by Jan 2027 to be ahead of Q2 2027 renewal rush.,D365
Clean Coal Enterprises Pvt. Ltd.,ACUITE,Fund based financial facility/instrument,BB,2026-04-23,66,LOW (<90 days),Oct 2026,Jan 2027,Apr 2027,Apr 2027,2.12,Mining/Minerals,Standard,"INC since Apr 2026 (66 days). MEDIUM by Oct 2026, HOT by Jan 2027, ULTRA HOT by Apr 2027.",Your Fund based financial facility/instrument at ACUITE hits ULTRA HOT in Apr 2027. Start ACER process by Jan 2027 to be ahead of Q2 2027 renewal rush.,D365
Clean Coal Enterprises Pvt. Ltd.,ACUITE,Long term Loans,BB,2026-04-23,66,LOW (<90 days),Oct 2026,Jan 2027,Apr 2027,Apr 2027,2.88,Mining/Minerals,Standard,"INC since Apr 2026 (66 days). MEDIUM by Oct 2026, HOT by Jan 2027, ULTRA HOT by Apr 2027.",Your Long term Loans at ACUITE hits ULTRA HOT in Apr 2027. Start ACER process by Jan 2027 to be ahead of Q2 2027 renewal rush.,D365
Cleantec Infra Pvt. Ltd.,IND-RA,Non-government debt,B/A4,2026-04-02,87,LOW (<90 days),Oct 2026,Jan 2027,Apr 2027,Apr 2027,6.0,Construction/Infra,NCD — SEBI License Required,"INC since Apr 2026 (87 days). MEDIUM by Oct 2026, HOT by Jan 2027, ULTRA HOT by Apr 2027.",Your Non-government debt at IND-RA hits ULTRA HOT in Apr 2027. Start ACER process by Jan 2027 to be ahead of Q2 2027 renewal rush.,D365
Clrk Industries Pvt. Ltd.,CARE,Non-fund-based financial facility/instrument,A 4,2026-04-22,67,LOW (<90 days),Oct 2026,Jan 2027,Apr 2027,Apr 2027,3.5,Other,Standard,"INC since Apr 2026 (67 days). MEDIUM by Oct 2026, HOT by Jan 2027, ULTRA HOT by Apr 2027.",Your Non-fund-based financial facility/instrument at CARE hits ULTRA HOT in Apr 2027. Start ACER process by Jan 2027 to be ahead of Q2 2027 renewal rush.,D365
Clrk Industries Pvt. Ltd.,CARE,Fund based financial facility/instrument,BB-,2026-04-22,67,LOW (<90 days),Oct 2026,Jan 2027,Apr 2027,Apr 2027,44.0,Other,Standard,"INC since Apr 2026 (67 days). MEDIUM by Oct 2026, HOT by Jan 2027, ULTRA HOT by Apr 2027.",Your Fund based financial facility/instrument at CARE hits ULTRA HOT in Apr 2027. Start ACER process by Jan 2027 to be ahead of Q2 2027 renewal rush.,D365
Clrk Industries Pvt. Ltd.,CARE,Non-government debt,BB-/A4,2026-04-22,67,LOW (<90 days),Oct 2026,Jan 2027,Apr 2027,Apr 2027,0.5,Other,NCD — SEBI License Required,"INC since Apr 2026 (67 days). MEDIUM by Oct 2026, HOT by Jan 2027, ULTRA HOT by Apr 2027.",Your Non-government debt at CARE hits ULTRA HOT in Apr 2027. Start ACER process by Jan 2027 to be ahead of Q2 2027 renewal rush.,D365
Coirfoam (India) Pvt. Ltd.,IND-RA,Non-government debt,B-/A4,2026-04-02,87,LOW (<90 days),Oct 2026,Jan 2027,Apr 2027,Apr 2027,8.0,Other,NCD — SEBI License Required,"INC since Apr 2026 (87 days). MEDIUM by Oct 2026, HOT by Jan 2027, ULTRA HOT by Apr 2027.",Your Non-government debt at IND-RA hits ULTRA HOT in Apr 2027. Start ACER process by Jan 2027 to be ahead of Q2 2027 renewal rush.,D365
Corodex Infrastructure Pvt. Ltd.,CARE,Non-government debt,D,2026-04-24,65,LOW (<90 days),Oct 2026,Jan 2027,Apr 2027,Apr 2027,14.0,Construction/Infra,NCD — SEBI License Required,"INC since Apr 2026 (65 days). MEDIUM by Oct 2026, HOT by Jan 2027, ULTRA HOT by Apr 2027.",Your Non-government debt at CARE hits ULTRA HOT in Apr 2027. Start ACER process by Jan 2027 to be ahead of Q2 2027 renewal rush.,D365
Cranex Ltd.,CRISIL,Bank Guarantee,A 4,2026-04-23,66,LOW (<90 days),Oct 2026,Jan 2027,Apr 2027,Apr 2027,15.0,Other,Standard,"INC since Apr 2026 (66 days). MEDIUM by Oct 2026, HOT by Jan 2027, ULTRA HOT by Apr 2027.",Your Bank Guarantee at CRISIL hits ULTRA HOT in Apr 2027. Start ACER process by Jan 2027 to be ahead of Q2 2027 renewal rush.,D365
Cranex Ltd.,CRISIL,Letter Of credit,A 4,2026-04-23,66,LOW (<90 days),Oct 2026,Jan 2027,Apr 2027,Apr 2027,2.5,Other,Standard,"INC since Apr 2026 (66 days). MEDIUM by Oct 2026, HOT by Jan 2027, ULTRA HOT by Apr 2027.",Your Letter Of credit at CRISIL hits ULTRA HOT in Apr 2027. Start ACER process by Jan 2027 to be ahead of Q2 2027 renewal rush.,D365
Crescent Tanners Pvt. Ltd.,CARE,Bank Guarantee,B-,2026-04-10,79,LOW (<90 days),Oct 2026,Jan 2027,Apr 2027,Apr 2027,0.5,Other,Standard,"INC since Apr 2026 (79 days). MEDIUM by Oct 2026, HOT by Jan 2027, ULTRA HOT by Apr 2027.",Your Bank Guarantee at CARE hits ULTRA HOT in Apr 2027. Start ACER process by Jan 2027 to be ahead of Q2 2027 renewal rush.,D365
Crestia Polytech Pvt. Ltd. [Merged],CRISIL,Term loans,B,2026-04-15,74,LOW (<90 days),Oct 2026,Jan 2027,Apr 2027,Apr 2027,15.81,IT/Technology,Standard,"INC since Apr 2026 (74 days). MEDIUM by Oct 2026, HOT by Jan 2027, ULTRA HOT by Apr 2027.",Your Term loans at CRISIL hits ULTRA HOT in Apr 2027. Start ACER process by Jan 2027 to be ahead of Q2 2027 renewal rush.,D365
Criyagen Agri & Biotech Pvt. Ltd.,CRISIL,Term loans,B,2026-04-21,68,LOW (<90 days),Oct 2026,Jan 2027,Apr 2027,Apr 2027,13.0,Chemicals/Pharma,Standard,"INC since Apr 2026 (68 days). MEDIUM by Oct 2026, HOT by Jan 2027, ULTRA HOT by Apr 2027.",Your Term loans at CRISIL hits ULTRA HOT in Apr 2027. Start ACER process by Jan 2027 to be ahead of Q2 2027 renewal rush.,D365
Cyber Automobiles Pvt. Ltd.,BRICKWORK,Bank Guarantee,D,2026-04-03,86,LOW (<90 days),Oct 2026,Jan 2027,Apr 2027,Apr 2027,0.5,Automobiles,Standard,"INC since Apr 2026 (86 days). MEDIUM by Oct 2026, HOT by Jan 2027, ULTRA HOT by Apr 2027.",Your Bank Guarantee at BRICKWORK hits ULTRA HOT in Apr 2027. Start ACER process by Jan 2027 to be ahead of Q2 2027 renewal rush.,D365
Cyber Automobiles Pvt. Ltd.,BRICKWORK,Term loans,D,2026-04-03,86,LOW (<90 days),Oct 2026,Jan 2027,Apr 2027,Apr 2027,0.34,Automobiles,Standard,"INC since Apr 2026 (86 days). MEDIUM by Oct 2026, HOT by Jan 2027, ULTRA HOT by Apr 2027.",Your Term loans at BRICKWORK hits ULTRA HOT in Apr 2027. Start ACER process by Jan 2027 to be ahead of Q2 2027 renewal rush.,D365
Cybercity Builders & Developers Pvt. Ltd.,IND-RA,Term loans,B,2026-04-02,87,LOW (<90 days),Oct 2026,Jan 2027,Apr 2027,Apr 2027,175.0,Construction/Infra,Standard,"INC since Apr 2026 (87 days). MEDIUM by Oct 2026, HOT by Jan 2027, ULTRA HOT by Apr 2027.",Your Term loans at IND-RA hits ULTRA HOT in Apr 2027. Start ACER process by Jan 2027 to be ahead of Q2 2027 renewal rush.,D365
D B S Automobiles Pvt. Ltd.,CRISIL,Term loans,B,2026-04-23,66,LOW (<90 days),Oct 2026,Jan 2027,Apr 2027,Apr 2027,2.0,Automobiles,Standard,"INC since Apr 2026 (66 days). MEDIUM by Oct 2026, HOT by Jan 2027, ULTRA HOT by Apr 2027.",Your Term loans at CRISIL hits ULTRA HOT in Apr 2027. Start ACER process by Jan 2027 to be ahead of Q2 2027 renewal rush.,D365
D C S Techno Services Pvt. Ltd.,IND-RA,Non-government debt,B-/A4,2026-04-02,87,LOW (<90 days),Oct 2026,Jan 2027,Apr 2027,Apr 2027,12.0,IT/Technology,NCD — SEBI License Required,"INC since Apr 2026 (87 days). MEDIUM by Oct 2026, HOT by Jan 2027, ULTRA HOT by Apr 2027.",Your Non-government debt at IND-RA hits ULTRA HOT in Apr 2027. Start ACER process by Jan 2027 to be ahead of Q2 2027 renewal rush.,D365
D H I Mobility Pvt. Ltd.,IND-RA,Term loans,B-,2026-04-02,87,LOW (<90 days),Oct 2026,Jan 2027,Apr 2027,Apr 2027,15.0,Other,Standard,"INC since Apr 2026 (87 days). MEDIUM by Oct 2026, HOT by Jan 2027, ULTRA HOT by Apr 2027.",Your Term loans at IND-RA hits ULTRA HOT in Apr 2027. Start ACER process by Jan 2027 to be ahead of Q2 2027 renewal rush.,D365
D J S Printers Pvt. Ltd.,CARE,Term loans,B+,2026-04-21,68,LOW (<90 days),Oct 2026,Jan 2027,Apr 2027,Apr 2027,8.5,Paper/Packaging,Standard,"INC since Apr 2026 (68 days). MEDIUM by Oct 2026, HOT by Jan 2027, ULTRA HOT by Apr 2027.",Your Term loans at CARE hits ULTRA HOT in Apr 2027. Start ACER process by Jan 2027 to be ahead of Q2 2027 renewal rush.,D365
D M L Exim Pvt. Ltd.,IND-RA,Non-government debt,B/A4,2026-04-02,87,LOW (<90 days),Oct 2026,Jan 2027,Apr 2027,Apr 2027,130.0,Other,NCD — SEBI License Required,"INC since Apr 2026 (87 days). MEDIUM by Oct 2026, HOT by Jan 2027, ULTRA HOT by Apr 2027.",Your Non-government debt at IND-RA hits ULTRA HOT in Apr 2027. Start ACER process by Jan 2027 to be ahead of Q2 2027 renewal rush.,D365
D M L World Trade Pvt. Ltd.,IND-RA,Non-government debt,B/A4,2026-04-02,87,LOW (<90 days),Oct 2026,Jan 2027,Apr 2027,Apr 2027,20.0,Other,NCD — SEBI License Required,"INC since Apr 2026 (87 days). MEDIUM by Oct 2026, HOT by Jan 2027, ULTRA HOT by Apr 2027.",Your Non-government debt at IND-RA hits ULTRA HOT in Apr 2027. Start ACER process by Jan 2027 to be ahead of Q2 2027 renewal rush.,D365
D P J Bidar Chincholi (Annuity) Road Project Pvt. Ltd.,CARE,Non-fund-based financial facility/instrument,A 4+,2026-05-04,55,LOW (<90 days),Nov 2026,Feb 2027,May 2027,May 2027,3.6,Construction/Infra,Standard,"INC since May 2026 (55 days). MEDIUM by Nov 2026, HOT by Feb 2027, ULTRA HOT by May 2027.",Your Non-fund-based financial facility/instrument at CARE hits ULTRA HOT in May 2027. Start ACER process by Feb 2027 to be ahead of Q2 2027 renewal rush.,D365
D P J Bidar Chincholi (Annuity) Road Project Pvt. Ltd.,CARE,Term loans,BB+,2026-05-04,55,LOW (<90 days),Nov 2026,Feb 2027,May 2027,May 2027,69.26,Construction/Infra,Standard,"INC since May 2026 (55 days). MEDIUM by Nov 2026, HOT by Feb 2027, ULTRA HOT by May 2027.",Your Term loans at CARE hits ULTRA HOT in May 2027. Start ACER process by Feb 2027 to be ahead of Q2 2027 renewal rush.,D365
D P Jain Dariapur-Jasondhi (Annuity) Road Projects Pvt. Ltd.,CARE,Term loans,BB+,2026-04-15,74,LOW (<90 days),Oct 2026,Jan 2027,Apr 2027,Apr 2027,32.52,Construction/Infra,Standard,"INC since Apr 2026 (74 days). MEDIUM by Oct 2026, HOT by Jan 2027, ULTRA HOT by Apr 2027.",Your Term loans at CARE hits ULTRA HOT in Apr 2027. Start ACER process by Jan 2027 to be ahead of Q2 2027 renewal rush.,D365
D T L Ancillaries Ltd.,CRISIL,Bank Guarantee,A 4,2026-04-28,61,LOW (<90 days),Oct 2026,Jan 2027,Apr 2027,Apr 2027,26.3,Other,Standard,"INC since Apr 2026 (61 days). MEDIUM by Oct 2026, HOT by Jan 2027, ULTRA HOT by Apr 2027.",Your Bank Guarantee at CRISIL hits ULTRA HOT in Apr 2027. Start ACER process by Jan 2027 to be ahead of Q2 2027 renewal rush.,D365
D T L Ancillaries Ltd.,CRISIL,Letter Of credit,A 4,2026-04-28,61,LOW (<90 days),Oct 2026,Jan 2027,Apr 2027,Apr 2027,29.0,Other,Standard,"INC since Apr 2026 (61 days). MEDIUM by Oct 2026, HOT by Jan 2027, ULTRA HOT by Apr 2027.",Your Letter Of credit at CRISIL hits ULTRA HOT in Apr 2027. Start ACER process by Jan 2027 to be ahead of Q2 2027 renewal rush.,D365
D T L India Holdings Ltd.,CRISIL,Bank Guarantee,A 4,2026-04-23,66,LOW (<90 days),Oct 2026,Jan 2027,Apr 2027,Apr 2027,5.0,Other,Standard,"INC since Apr 2026 (66 days). MEDIUM by Oct 2026, HOT by Jan 2027, ULTRA HOT by Apr 2027.",Your Bank Guarantee at CRISIL hits ULTRA HOT in Apr 2027. Start ACER process by Jan 2027 to be ahead of Q2 2027 renewal rush.,D365
Darshan Overseas Pvt. Ltd.,IND-RA,Non-government debt,B/A4,2026-04-02,87,LOW (<90 days),Oct 2026,Jan 2027,Apr 2027,Apr 2027,50.0,Other,NCD — SEBI License Required,"INC since Apr 2026 (87 days). MEDIUM by Oct 2026, HOT by Jan 2027, ULTRA HOT by Apr 2027.",Your Non-government debt at IND-RA hits ULTRA HOT in Apr 2027. Start ACER process by Jan 2027 to be ahead of Q2 2027 renewal rush.,D365
Datacipher Ltd.,ICRA,Non-fund-based financial facility/instrument,D,2026-04-15,74,LOW (<90 days),Oct 2026,Jan 2027,Apr 2027,Apr 2027,35.75,IT/Technology,Standard,"INC since Apr 2026 (74 days). MEDIUM by Oct 2026, HOT by Jan 2027, ULTRA HOT by Apr 2027.",Your Non-fund-based financial facility/instrument at ICRA hits ULTRA HOT in Apr 2027. Start ACER process by Jan 2027 to be ahead of Q2 2027 renewal rush.,D365
Datacipher Ltd.,ICRA,Term loans,D,2026-04-15,74,LOW (<90 days),Oct 2026,Jan 2027,Apr 2027,Apr 2027,2.3,IT/Technology,Standard,"INC since Apr 2026 (74 days). MEDIUM by Oct 2026, HOT by Jan 2027, ULTRA HOT by Apr 2027.",Your Term loans at ICRA hits ULTRA HOT in Apr 2027. Start ACER process by Jan 2027 to be ahead of Q2 2027 renewal rush.,D365
Deep (India) Enterprises Pvt. Ltd.,CARE,Fund based financial facility/instrument,B-,2026-05-04,55,LOW (<90 days),Nov 2026,Feb 2027,May 2027,May 2027,12.0,Other,Standard,"INC since May 2026 (55 days). MEDIUM by Nov 2026, HOT by Feb 2027, ULTRA HOT by May 2027.",Your Fund based financial facility/instrument at CARE hits ULTRA HOT in May 2027. Start ACER process by Feb 2027 to be ahead of Q2 2027 renewal rush.,D365
Deep (India) Enterprises Pvt. Ltd.,CARE,Term loans,B-,2026-05-04,55,LOW (<90 days),Nov 2026,Feb 2027,May 2027,May 2027,63.27,Other,Standard,"INC since May 2026 (55 days). MEDIUM by Nov 2026, HOT by Feb 2027, ULTRA HOT by May 2027.",Your Term loans at CARE hits ULTRA HOT in May 2027. Start ACER process by Feb 2027 to be ahead of Q2 2027 renewal rush.,D365
Deepak International Ltd.,CRISIL,Bank Guarantee,A 4,2026-04-30,59,LOW (<90 days),Oct 2026,Jan 2027,Apr 2027,Apr 2027,4.0,Other,Standard,"INC since Apr 2026 (59 days). MEDIUM by Oct 2026, HOT by Jan 2027, ULTRA HOT by Apr 2027.",Your Bank Guarantee at CRISIL hits ULTRA HOT in Apr 2027. Start ACER process by Jan 2027 to be ahead of Q2 2027 renewal rush.,D365
Deepak International Ltd.,CRISIL,Letter Of credit,A 4,2026-04-30,59,LOW (<90 days),Oct 2026,Jan 2027,Apr 2027,Apr 2027,1.0,Other,Standard,"INC since Apr 2026 (59 days). MEDIUM by Oct 2026, HOT by Jan 2027, ULTRA HOT by Apr 2027.",Your Letter Of credit at CRISIL hits ULTRA HOT in Apr 2027. Start ACER process by Jan 2027 to be ahead of Q2 2027 renewal rush.,D365
Deepak International Ltd.,CRISIL,Long term Loans,B,2026-04-30,59,LOW (<90 days),Oct 2026,Jan 2027,Apr 2027,Apr 2027,1.65,Other,Standard,"INC since Apr 2026 (59 days). MEDIUM by Oct 2026, HOT by Jan 2027, ULTRA HOT by Apr 2027.",Your Long term Loans at CRISIL hits ULTRA HOT in Apr 2027. Start ACER process by Jan 2027 to be ahead of Q2 2027 renewal rush.,D365
Deepak International Ltd.,CRISIL,Term loans,B,2026-04-30,59,LOW (<90 days),Oct 2026,Jan 2027,Apr 2027,Apr 2027,3.35,Other,Standard,"INC since Apr 2026 (59 days). MEDIUM by Oct 2026, HOT by Jan 2027, ULTRA HOT by Apr 2027.",Your Term loans at CRISIL hits ULTRA HOT in Apr 2027. Start ACER process by Jan 2027 to be ahead of Q2 2027 renewal rush.,D365
Design & Manufacturing Vista Electronics Pvt. Ltd.,CARE,Non-government debt,BBB/A3,2026-04-06,83,LOW (<90 days),Oct 2026,Jan 2027,Apr 2027,Apr 2027,20.0,Other,NCD — SEBI License Required,"INC since Apr 2026 (83 days). MEDIUM by Oct 2026, HOT by Jan 2027, ULTRA HOT by Apr 2027.",Your Non-government debt at CARE hits ULTRA HOT in Apr 2027. Start ACER process by Jan 2027 to be ahead of Q2 2027 renewal rush.,D365
Devi Iron & Power Pvt. Ltd.,ICRA,Non-fund-based financial facility/instrument,A 4,2026-04-21,68,LOW (<90 days),Oct 2026,Jan 2027,Apr 2027,Apr 2027,17.5,Steel & Metals,Standard,"INC since Apr 2026 (68 days). MEDIUM by Oct 2026, HOT by Jan 2027, ULTRA HOT by Apr 2027.",Your Non-fund-based financial facility/instrument at ICRA hits ULTRA HOT in Apr 2027. Start ACER process by Jan 2027 to be ahead of Q2 2027 renewal rush.,D365
Devi Iron & Power Pvt. Ltd.,ICRA,Term loans,B+,2026-04-21,68,LOW (<90 days),Oct 2026,Jan 2027,Apr 2027,Apr 2027,15.0,Steel & Metals,Standard,"INC since Apr 2026 (68 days). MEDIUM by Oct 2026, HOT by Jan 2027, ULTRA HOT by Apr 2027.",Your Term loans at ICRA hits ULTRA HOT in Apr 2027. Start ACER process by Jan 2027 to be ahead of Q2 2027 renewal rush.,D365
Devika Fibres Pvt. Ltd.,ACUITE,Bank Guarantee,A 4+,2026-04-10,79,LOW (<90 days),Oct 2026,Jan 2027,Apr 2027,Apr 2027,2.0,Other,Standard,"INC since Apr 2026 (79 days). MEDIUM by Oct 2026, HOT by Jan 2027, ULTRA HOT by Apr 2027.",Your Bank Guarantee at ACUITE hits ULTRA HOT in Apr 2027. Start ACER process by Jan 2027 to be ahead of Q2 2027 renewal rush.,D365
Devika Fibres Pvt. Ltd.,ACUITE,Long term Loans,BB,2026-04-10,79,LOW (<90 days),Oct 2026,Jan 2027,Apr 2027,Apr 2027,4.47,Other,Standard,"INC since Apr 2026 (79 days). MEDIUM by Oct 2026, HOT by Jan 2027, ULTRA HOT by Apr 2027.",Your Long term Loans at ACUITE hits ULTRA HOT in Apr 2027. Start ACER process by Jan 2027 to be ahead of Q2 2027 renewal rush.,D365
Devika Fibres Pvt. Ltd.,ACUITE,Term loans,BB,2026-04-10,79,LOW (<90 days),Oct 2026,Jan 2027,Apr 2027,Apr 2027,42.22,Other,Standard,"INC since Apr 2026 (79 days). MEDIUM by Oct 2026, HOT by Jan 2027, ULTRA HOT by Apr 2027.",Your Term loans at ACUITE hits ULTRA HOT in Apr 2027. Start ACER process by Jan 2027 to be ahead of Q2 2027 renewal rush.,D365
Dhanbad Rock Wool Insulation Ltd.,CRISIL,Bank Guarantee,A 4,2026-04-20,69,LOW (<90 days),Oct 2026,Jan 2027,Apr 2027,Apr 2027,1.5,Other,Standard,"INC since Apr 2026 (69 days). MEDIUM by Oct 2026, HOT by Jan 2027, ULTRA HOT by Apr 2027.",Your Bank Guarantee at CRISIL hits ULTRA HOT in Apr 2027. Start ACER process by Jan 2027 to be ahead of Q2 2027 renewal rush.,D365
Dhanbad Rock Wool Insulation Ltd.,CRISIL,Term loans,B,2026-04-20,69,LOW (<90 days),Oct 2026,Jan 2027,Apr 2027,Apr 2027,1.25,Other,Standard,"INC since Apr 2026 (69 days). MEDIUM by Oct 2026, HOT by Jan 2027, ULTRA HOT by Apr 2027.",Your Term loans at CRISIL hits ULTRA HOT in Apr 2027. Start ACER process by Jan 2027 to be ahead of Q2 2027 renewal rush.,D365
Dhanlaxmi Electricals Pvt. Ltd.,IND-RA,Non-government debt,D,2026-04-02,87,LOW (<90 days),Oct 2026,Jan 2027,Apr 2027,Apr 2027,23.0,Energy/Power,NCD — SEBI License Required,"INC since Apr 2026 (87 days). MEDIUM by Oct 2026, HOT by Jan 2027, ULTRA HOT by Apr 2027.",Your Non-government debt at IND-RA hits ULTRA HOT in Apr 2027. Start ACER process by Jan 2027 to be ahead of Q2 2027 renewal rush.,D365
Dharneesh Gold Pvt. Ltd.,ACUITE,Bank Guarantee,D,2026-04-23,66,LOW (<90 days),Oct 2026,Jan 2027,Apr 2027,Apr 2027,10.0,Other,Standard,"INC since Apr 2026 (66 days). MEDIUM by Oct 2026, HOT by Jan 2027, ULTRA HOT by Apr 2027.",Your Bank Guarantee at ACUITE hits ULTRA HOT in Apr 2027. Start ACER process by Jan 2027 to be ahead of Q2 2027 renewal rush.,D365
Dharneesh Gold Pvt. Ltd.,ACUITE,Long term Loans,D,2026-04-23,66,LOW (<90 days),Oct 2026,Jan 2027,Apr 2027,Apr 2027,3.95,Other,Standard,"INC since Apr 2026 (66 days). MEDIUM by Oct 2026, HOT by Jan 2027, ULTRA HOT by Apr 2027.",Your Long term Loans at ACUITE hits ULTRA HOT in Apr 2027. Start ACER process by Jan 2027 to be ahead of Q2 2027 renewal rush.,D365
Dharneesh Gold Pvt. Ltd.,ACUITE,Short-term loan,D,2026-04-23,66,LOW (<90 days),Oct 2026,Jan 2027,Apr 2027,Apr 2027,5.05,Other,Standard,"INC since Apr 2026 (66 days). MEDIUM by Oct 2026, HOT by Jan 2027, ULTRA HOT by Apr 2027.",Your Short-term loan at ACUITE hits ULTRA HOT in Apr 2027. Start ACER process by Jan 2027 to be ahead of Q2 2027 renewal rush.,D365
Dhruv Cotfab Pvt. Ltd.,ACUITE,Term loans,D,2026-04-02,87,LOW (<90 days),Oct 2026,Jan 2027,Apr 2027,Apr 2027,1.5,Other,Standard,"INC since Apr 2026 (87 days). MEDIUM by Oct 2026, HOT by Jan 2027, ULTRA HOT by Apr 2027.",Your Term loans at ACUITE hits ULTRA HOT in Apr 2027. Start ACER process by Jan 2027 to be ahead of Q2 2027 renewal rush.,D365
Diamond Beverages Pvt. Ltd.,CARE,Bank Guarantee,A 4,2026-04-15,74,LOW (<90 days),Oct 2026,Jan 2027,Apr 2027,Apr 2027,2.0,Agro/Food,Standard,"INC since Apr 2026 (74 days). MEDIUM by Oct 2026, HOT by Jan 2027, ULTRA HOT by Apr 2027.",Your Bank Guarantee at CARE hits ULTRA HOT in Apr 2027. Start ACER process by Jan 2027 to be ahead of Q2 2027 renewal rush.,D365
Diamond Beverages Pvt. Ltd.,CARE,Term loans,B+,2026-04-15,74,LOW (<90 days),Oct 2026,Jan 2027,Apr 2027,Apr 2027,92.15,Agro/Food,Standard,"INC since Apr 2026 (74 days). MEDIUM by Oct 2026, HOT by Jan 2027, ULTRA HOT by Apr 2027.",Your Term loans at CARE hits ULTRA HOT in Apr 2027. Start ACER process by Jan 2027 to be ahead of Q2 2027 renewal rush.,D365
Dighvijay Plastics & Allied Products Pvt. Ltd.,CRISIL,Bank Guarantee,A 4,2026-04-30,59,LOW (<90 days),Oct 2026,Jan 2027,Apr 2027,Apr 2027,1.0,Other,Standard,"INC since Apr 2026 (59 days). MEDIUM by Oct 2026, HOT by Jan 2027, ULTRA HOT by Apr 2027.",Your Bank Guarantee at CRISIL hits ULTRA HOT in Apr 2027. Start ACER process by Jan 2027 to be ahead of Q2 2027 renewal rush.,D365
Dighvijay Plastics & Allied Products Pvt. Ltd.,CRISIL,Fund based financial facility/instrument,B,2026-04-30,59,LOW (<90 days),Oct 2026,Jan 2027,Apr 2027,Apr 2027,6.0,Other,Standard,"INC since Apr 2026 (59 days). MEDIUM by Oct 2026, HOT by Jan 2027, ULTRA HOT by Apr 2027.",Your Fund based financial facility/instrument at CRISIL hits ULTRA HOT in Apr 2027. Start ACER process by Jan 2027 to be ahead of Q2 2027 renewal rush.,D365
Dilip Impex Pvt. Ltd.,CRISIL,Bank Guarantee,A 4,2026-04-20,69,LOW (<90 days),Oct 2026,Jan 2027,Apr 2027,Apr 2027,5.0,Other,Standard,"INC since Apr 2026 (69 days). MEDIUM by Oct 2026, HOT by Jan 2027, ULTRA HOT by Apr 2027.",Your Bank Guarantee at CRISIL hits ULTRA HOT in Apr 2027. Start ACER process by Jan 2027 to be ahead of Q2 2027 renewal rush.,D365
Dimple Creations Pvt. Ltd.,CRISIL,Term loans,B,2026-04-23,66,LOW (<90 days),Oct 2026,Jan 2027,Apr 2027,Apr 2027,6.0,Other,Standard,"INC since Apr 2026 (66 days). MEDIUM by Oct 2026, HOT by Jan 2027, ULTRA HOT by Apr 2027.",Your Term loans at CRISIL hits ULTRA HOT in Apr 2027. Start ACER process by Jan 2027 to be ahead of Q2 2027 renewal rush.,D365
Dinesh Brothers Pvt. Ltd.,CRISIL,Fund based financial facility/instrument,B,2026-04-30,59,LOW (<90 days),Oct 2026,Jan 2027,Apr 2027,Apr 2027,4.2,Other,Standard,"INC since Apr 2026 (59 days). MEDIUM by Oct 2026, HOT by Jan 2027, ULTRA HOT by Apr 2027.",Your Fund based financial facility/instrument at CRISIL hits ULTRA HOT in Apr 2027. Start ACER process by Jan 2027 to be ahead of Q2 2027 renewal rush.,D365
Dinesh Brothers Pvt. Ltd.,CRISIL,Letter Of credit,A 4,2026-04-30,59,LOW (<90 days),Oct 2026,Jan 2027,Apr 2027,Apr 2027,4.0,Other,Standard,"INC since Apr 2026 (59 days). MEDIUM by Oct 2026, HOT by Jan 2027, ULTRA HOT by Apr 2027.",Your Letter Of credit at CRISIL hits ULTRA HOT in Apr 2027. Start ACER process by Jan 2027 to be ahead of Q2 2027 renewal rush.,D365
Divya Jyoti Inds. Ltd.,CRISIL,Bank Guarantee,D,2026-04-10,79,LOW (<90 days),Oct 2026,Jan 2027,Apr 2027,Apr 2027,0.65,Other,Standard,"INC since Apr 2026 (79 days). MEDIUM by Oct 2026, HOT by Jan 2027, ULTRA HOT by Apr 2027.",Your Bank Guarantee at CRISIL hits ULTRA HOT in Apr 2027. Start ACER process by Jan 2027 to be ahead of Q2 2027 renewal rush.,D365
Divya Jyoti Inds. Ltd.,CRISIL,Letter Of credit,D,2026-04-10,79,LOW (<90 days),Oct 2026,Jan 2027,Apr 2027,Apr 2027,6.5,Other,Standard,"INC since Apr 2026 (79 days). MEDIUM by Oct 2026, HOT by Jan 2027, ULTRA HOT by Apr 2027.",Your Letter Of credit at CRISIL hits ULTRA HOT in Apr 2027. Start ACER process by Jan 2027 to be ahead of Q2 2027 renewal rush.,D365
Divya Jyoti Inds. Ltd.,CRISIL,Long term Loans,D,2026-04-10,79,LOW (<90 days),Oct 2026,Jan 2027,Apr 2027,Apr 2027,0.65,Other,Standard,"INC since Apr 2026 (79 days). MEDIUM by Oct 2026, HOT by Jan 2027, ULTRA HOT by Apr 2027.",Your Long term Loans at CRISIL hits ULTRA HOT in Apr 2027. Start ACER process by Jan 2027 to be ahead of Q2 2027 renewal rush.,D365
Dmson'S Metal Pvt. Ltd.,CRISIL,Letter Of credit,A 4,2026-04-20,69,LOW (<90 days),Oct 2026,Jan 2027,Apr 2027,Apr 2027,58.0,Steel & Metals,Standard,"INC since Apr 2026 (69 days). MEDIUM by Oct 2026, HOT by Jan 2027, ULTRA HOT by Apr 2027.",Your Letter Of credit at CRISIL hits ULTRA HOT in Apr 2027. Start ACER process by Jan 2027 to be ahead of Q2 2027 renewal rush.,D365
Dnyanyogi Shri Shivkumar Swamiji Sugars Ltd.,ACUITE,Bank Guarantee,A 4,2026-04-09,80,LOW (<90 days),Oct 2026,Jan 2027,Apr 2027,Apr 2027,6.4,Agro/Food,Standard,"INC since Apr 2026 (80 days). MEDIUM by Oct 2026, HOT by Jan 2027, ULTRA HOT by Apr 2027.",Your Bank Guarantee at ACUITE hits ULTRA HOT in Apr 2027. Start ACER process by Jan 2027 to be ahead of Q2 2027 renewal rush.,D365
Dnyanyogi Shri Shivkumar Swamiji Sugars Ltd.,ACUITE,Term loans,B-,2026-04-09,80,LOW (<90 days),Oct 2026,Jan 2027,Apr 2027,Apr 2027,49.6,Agro/Food,Standard,"INC since Apr 2026 (80 days). MEDIUM by Oct 2026, HOT by Jan 2027, ULTRA HOT by Apr 2027.",Your Term loans at ACUITE hits ULTRA HOT in Apr 2027. Start ACER process by Jan 2027 to be ahead of Q2 2027 renewal rush.,D365
Dubas Engineering Pvt. Ltd.,BRICKWORK,Bank Guarantee,A 4,2026-04-10,79,LOW (<90 days),Oct 2026,Jan 2027,Apr 2027,Apr 2027,5.0,Other,Standard,"INC since Apr 2026 (79 days). MEDIUM by Oct 2026, HOT by Jan 2027, ULTRA HOT by Apr 2027.",Your Bank Guarantee at BRICKWORK hits ULTRA HOT in Apr 2027. Start ACER process by Jan 2027 to be ahead of Q2 2027 renewal rush.,D365
Durairaj Mills Ltd.,ACUITE,Letter Of credit,D,2026-04-10,79,LOW (<90 days),Oct 2026,Jan 2027,Apr 2027,Apr 2027,5.0,Other,Standard,"INC since Apr 2026 (79 days). MEDIUM by Oct 2026, HOT by Jan 2027, ULTRA HOT by Apr 2027.",Your Letter Of credit at ACUITE hits ULTRA HOT in Apr 2027. Start ACER process by Jan 2027 to be ahead of Q2 2027 renewal rush.,D365
Durairaj Mills Ltd.,ACUITE,Term loans,D,2026-04-10,79,LOW (<90 days),Oct 2026,Jan 2027,Apr 2027,Apr 2027,41.44,Other,Standard,"INC since Apr 2026 (79 days). MEDIUM by Oct 2026, HOT by Jan 2027, ULTRA HOT by Apr 2027.",Your Term loans at ACUITE hits ULTRA HOT in Apr 2027. Start ACER process by Jan 2027 to be ahead of Q2 2027 renewal rush.,D365
Duratex Silk Mills Pvt. Ltd.,ICRA,Non-government debt,B/A4,2026-04-22,67,LOW (<90 days),Oct 2026,Jan 2027,Apr 2027,Apr 2027,5.81,Other,NCD — SEBI License Required,"INC since Apr 2026 (67 days). MEDIUM by Oct 2026, HOT by Jan 2027, ULTRA HOT by Apr 2027.",Your Non-government debt at ICRA hits ULTRA HOT in Apr 2027. Start ACER process by Jan 2027 to be ahead of Q2 2027 renewal rush.,D365
Duratex Silk Mills Pvt. Ltd.,ICRA,Term loans,B,2026-04-22,67,LOW (<90 days),Oct 2026,Jan 2027,Apr 2027,Apr 2027,17.09,Other,Standard,"INC since Apr 2026 (67 days). MEDIUM by Oct 2026, HOT by Jan 2027, ULTRA HOT by Apr 2027.",Your Term loans at ICRA hits ULTRA HOT in Apr 2027. Start ACER process by Jan 2027 to be ahead of Q2 2027 renewal rush.,D365
Durga Automotives Pvt. Ltd.,CARE,Term loans,D,2026-04-08,81,LOW (<90 days),Oct 2026,Jan 2027,Apr 2027,Apr 2027,3.4,Automobiles,Standard,"INC since Apr 2026 (81 days). MEDIUM by Oct 2026, HOT by Jan 2027, ULTRA HOT by Apr 2027.",Your Term loans at CARE hits ULTRA HOT in Apr 2027. Start ACER process by Jan 2027 to be ahead of Q2 2027 renewal rush.,D365
E C Blades & Tools Pvt. Ltd.,CRISIL,Bank Guarantee,A 4,2026-04-28,61,LOW (<90 days),Oct 2026,Jan 2027,Apr 2027,Apr 2027,25.0,Other,Standard,"INC since Apr 2026 (61 days). MEDIUM by Oct 2026, HOT by Jan 2027, ULTRA HOT by Apr 2027.",Your Bank Guarantee at CRISIL hits ULTRA HOT in Apr 2027. Start ACER process by Jan 2027 to be ahead of Q2 2027 renewal rush.,D365
Earth Minerals Co. Ltd.,ACUITE,Bank Guarantee,A 4+,2026-04-23,66,LOW (<90 days),Oct 2026,Jan 2027,Apr 2027,Apr 2027,30.0,Mining/Minerals,Standard,"INC since Apr 2026 (66 days). MEDIUM by Oct 2026, HOT by Jan 2027, ULTRA HOT by Apr 2027.",Your Bank Guarantee at ACUITE hits ULTRA HOT in Apr 2027. Start ACER process by Jan 2027 to be ahead of Q2 2027 renewal rush.,D365
Earth Minerals Co. Ltd.,ACUITE,Bank Guarantee,A 4+,2026-04-23,66,LOW (<90 days),Oct 2026,Jan 2027,Apr 2027,Apr 2027,10.0,Mining/Minerals,Standard,"INC since Apr 2026 (66 days). MEDIUM by Oct 2026, HOT by Jan 2027, ULTRA HOT by Apr 2027.",Your Bank Guarantee at ACUITE hits ULTRA HOT in Apr 2027. Start ACER process by Jan 2027 to be ahead of Q2 2027 renewal rush.,D365
Eco Polyfibres Pvt. Ltd.,CARE,Letter Of credit,D,2026-04-28,61,LOW (<90 days),Oct 2026,Jan 2027,Apr 2027,Apr 2027,7.5,Other,Standard,"INC since Apr 2026 (61 days). MEDIUM by Oct 2026, HOT by Jan 2027, ULTRA HOT by Apr 2027.",Your Letter Of credit at CARE hits ULTRA HOT in Apr 2027. Start ACER process by Jan 2027 to be ahead of Q2 2027 renewal rush.,D365
Ecomotel Hotel Ltd.,CARE,Term loans,D,2026-04-06,83,LOW (<90 days),Oct 2026,Jan 2027,Apr 2027,Apr 2027,11.65,Hotels/Tourism,Standard,"INC since Apr 2026 (83 days). MEDIUM by Oct 2026, HOT by Jan 2027, ULTRA HOT by Apr 2027.",Your Term loans at CARE hits ULTRA HOT in Apr 2027. Start ACER process by Jan 2027 to be ahead of Q2 2027 renewal rush.,D365
Elkaypee Spinners Pvt. Ltd.,ACUITE,Letter Of credit,A 4+,2026-04-07,82,LOW (<90 days),Oct 2026,Jan 2027,Apr 2027,Apr 2027,3.5,Other,Standard,"INC since Apr 2026 (82 days). MEDIUM by Oct 2026, HOT by Jan 2027, ULTRA HOT by Apr 2027.",Your Letter Of credit at ACUITE hits ULTRA HOT in Apr 2027. Start ACER process by Jan 2027 to be ahead of Q2 2027 renewal rush.,D365
Elkaypee Spinners Pvt. Ltd.,ACUITE,Short-term loan,A 4+,2026-04-07,82,LOW (<90 days),Oct 2026,Jan 2027,Apr 2027,Apr 2027,0.28,Other,Standard,"INC since Apr 2026 (82 days). MEDIUM by Oct 2026, HOT by Jan 2027, ULTRA HOT by Apr 2027.",Your Short-term loan at ACUITE hits ULTRA HOT in Apr 2027. Start ACER process by Jan 2027 to be ahead of Q2 2027 renewal rush.,D365
Elkaypee Spinners Pvt. Ltd.,ACUITE,Long term Loans,BB-,2026-04-07,82,LOW (<90 days),Oct 2026,Jan 2027,Apr 2027,Apr 2027,4.97,Other,Standard,"INC since Apr 2026 (82 days). MEDIUM by Oct 2026, HOT by Jan 2027, ULTRA HOT by Apr 2027.",Your Long term Loans at ACUITE hits ULTRA HOT in Apr 2027. Start ACER process by Jan 2027 to be ahead of Q2 2027 renewal rush.,D365
Elkaypee Spinners Pvt. Ltd.,ACUITE,Term loans,BB-,2026-04-07,82,LOW (<90 days),Oct 2026,Jan 2027,Apr 2027,Apr 2027,4.11,Other,Standard,"INC since Apr 2026 (82 days). MEDIUM by Oct 2026, HOT by Jan 2027, ULTRA HOT by Apr 2027.",Your Term loans at ACUITE hits ULTRA HOT in Apr 2027. Start ACER process by Jan 2027 to be ahead of Q2 2027 renewal rush.,D365
Elysium Pharmaceuticals Ltd.,IND-RA,Non-government debt,BB-/A4+,2026-04-02,87,LOW (<90 days),Oct 2026,Jan 2027,Apr 2027,Apr 2027,82.65,Chemicals/Pharma,NCD — SEBI License Required,"INC since Apr 2026 (87 days). MEDIUM by Oct 2026, HOT by Jan 2027, ULTRA HOT by Apr 2027.",Your Non-government debt at IND-RA hits ULTRA HOT in Apr 2027. Start ACER process by Jan 2027 to be ahead of Q2 2027 renewal rush.,D365
Eminent Dealers Pvt. Ltd.,BRICKWORK,Bank Guarantee,A 4,2026-04-01,88,LOW (<90 days),Oct 2026,Jan 2027,Apr 2027,Apr 2027,0.41,Other,Standard,"INC since Apr 2026 (88 days). MEDIUM by Oct 2026, HOT by Jan 2027, ULTRA HOT by Apr 2027.",Your Bank Guarantee at BRICKWORK hits ULTRA HOT in Apr 2027. Start ACER process by Jan 2027 to be ahead of Q2 2027 renewal rush.,D365
Eminent Dealers Pvt. Ltd.,BRICKWORK,Term loans,C,2026-04-01,88,LOW (<90 days),Oct 2026,Jan 2027,Apr 2027,Apr 2027,12.83,Other,Standard,"INC since Apr 2026 (88 days). MEDIUM by Oct 2026, HOT by Jan 2027, ULTRA HOT by Apr 2027.",Your Term loans at BRICKWORK hits ULTRA HOT in Apr 2027. Start ACER process by Jan 2027 to be ahead of Q2 2027 renewal rush.,D365
Empire Alcobrev Pvt. Ltd.,CARE,Non-government debt,B+/A4,2026-04-23,66,LOW (<90 days),Oct 2026,Jan 2027,Apr 2027,Apr 2027,5.0,Other,NCD — SEBI License Required,"INC since Apr 2026 (66 days). MEDIUM by Oct 2026, HOT by Jan 2027, ULTRA HOT by Apr 2027.",Your Non-government debt at CARE hits ULTRA HOT in Apr 2027. Start ACER process by Jan 2027 to be ahead of Q2 2027 renewal rush.,D365
Enam Castings Pvt. Ltd.,CRISIL,Term loans,B,2026-04-28,61,LOW (<90 days),Oct 2026,Jan 2027,Apr 2027,Apr 2027,1.0,Other,Standard,"INC since Apr 2026 (61 days). MEDIUM by Oct 2026, HOT by Jan 2027, ULTRA HOT by Apr 2027.",Your Term loans at CRISIL hits ULTRA HOT in Apr 2027. Start ACER process by Jan 2027 to be ahead of Q2 2027 renewal rush.,D365
Encore Projects Pvt. Ltd.,CARE,Bank Guarantee,A 4,2026-04-08,81,LOW (<90 days),Oct 2026,Jan 2027,Apr 2027,Apr 2027,1.4,Mining/Minerals,Standard,"INC since Apr 2026 (81 days). MEDIUM by Oct 2026, HOT by Jan 2027, ULTRA HOT by Apr 2027.",Your Bank Guarantee at CARE hits ULTRA HOT in Apr 2027. Start ACER process by Jan 2027 to be ahead of Q2 2027 renewal rush.,D365
Encore Projects Pvt. Ltd.,CARE,Non-government debt,B-/A4,2026-04-08,81,LOW (<90 days),Oct 2026,Jan 2027,Apr 2027,Apr 2027,1.35,Mining/Minerals,NCD — SEBI License Required,"INC since Apr 2026 (81 days). MEDIUM by Oct 2026, HOT by Jan 2027, ULTRA HOT by Apr 2027.",Your Non-government debt at CARE hits ULTRA HOT in Apr 2027. Start ACER process by Jan 2027 to be ahead of Q2 2027 renewal rush.,D365
Enem Nostrum Remedies Pvt. Ltd.,IND-RA,Term loans,D,2026-04-02,87,LOW (<90 days),Oct 2026,Jan 2027,Apr 2027,Apr 2027,33.06,Other,Standard,"INC since Apr 2026 (87 days). MEDIUM by Oct 2026, HOT by Jan 2027, ULTRA HOT by Apr 2027.",Your Term loans at IND-RA hits ULTRA HOT in Apr 2027. Start ACER process by Jan 2027 to be ahead of Q2 2027 renewal rush.,D365
Energo Engineering Projects Ltd.,ICRA,Non-fund-based financial facility/instrument,D,2026-04-10,79,LOW (<90 days),Oct 2026,Jan 2027,Apr 2027,Apr 2027,1150.0,Other,Standard,"INC since Apr 2026 (79 days). MEDIUM by Oct 2026, HOT by Jan 2027, ULTRA HOT by Apr 2027.",Your Non-fund-based financial facility/instrument at ICRA hits ULTRA HOT in Apr 2027. Start ACER process by Jan 2027 to be ahead of Q2 2027 renewal rush.,D365
Energo Engineering Projects Ltd.,ICRA,Term loans,D,2026-04-10,79,LOW (<90 days),Oct 2026,Jan 2027,Apr 2027,Apr 2027,22.75,Other,Standard,"INC since Apr 2026 (79 days). MEDIUM by Oct 2026, HOT by Jan 2027, ULTRA HOT by Apr 2027.",Your Term loans at ICRA hits ULTRA HOT in Apr 2027. Start ACER process by Jan 2027 to be ahead of Q2 2027 renewal rush.,D365
Energy Development Co. Ltd.,CARE,Bank Guarantee,A 4,2026-04-17,72,LOW (<90 days),Oct 2026,Jan 2027,Apr 2027,Apr 2027,7.0,Energy/Power,Standard,"INC since Apr 2026 (72 days). MEDIUM by Oct 2026, HOT by Jan 2027, ULTRA HOT by Apr 2027.",Your Bank Guarantee at CARE hits ULTRA HOT in Apr 2027. Start ACER process by Jan 2027 to be ahead of Q2 2027 renewal rush.,D365
Entertainment City Ltd.,BRICKWORK,Term loans,D,2026-04-03,86,LOW (<90 days),Oct 2026,Jan 2027,Apr 2027,Apr 2027,673.42,Other,Standard,"INC since Apr 2026 (86 days). MEDIUM by Oct 2026, HOT by Jan 2027, ULTRA HOT by Apr 2027.",Your Term loans at BRICKWORK hits ULTRA HOT in Apr 2027. Start ACER process by Jan 2027 to be ahead of Q2 2027 renewal rush.,D365
Envirad Projects Pvt. Ltd.,CARE,Non-government debt,B+/A4,2026-04-23,66,LOW (<90 days),Oct 2026,Jan 2027,Apr 2027,Apr 2027,4.9,Other,NCD — SEBI License Required,"INC since Apr 2026 (66 days). MEDIUM by Oct 2026, HOT by Jan 2027, ULTRA HOT by Apr 2027.",Your Non-government debt at CARE hits ULTRA HOT in Apr 2027. Start ACER process by Jan 2027 to be ahead of Q2 2027 renewal rush.,D365
Envirad Projects Pvt. Ltd.,CARE,Non-government debt,B+/A4,2026-04-23,66,LOW (<90 days),Oct 2026,Jan 2027,Apr 2027,Apr 2027,30.1,Other,NCD — SEBI License Required,"INC since Apr 2026 (66 days). MEDIUM by Oct 2026, HOT by Jan 2027, ULTRA HOT by Apr 2027.",Your Non-government debt at CARE hits ULTRA HOT in Apr 2027. Start ACER process by Jan 2027 to be ahead of Q2 2027 renewal rush.,D365
Epicu Agro Products Pvt. Ltd.,ICRA,Non-government debt,BB+/A4+,2026-04-28,61,LOW (<90 days),Oct 2026,Jan 2027,Apr 2027,Apr 2027,60.86,Agro/Food,NCD — SEBI License Required,"INC since Apr 2026 (61 days). MEDIUM by Oct 2026, HOT by Jan 2027, ULTRA HOT by Apr 2027.",Your Non-government debt at ICRA hits ULTRA HOT in Apr 2027. Start ACER process by Jan 2027 to be ahead of Q2 2027 renewal rush.,D365
Epicu Agro Products Pvt. Ltd.,ICRA,Term loans,BB+,2026-04-28,61,LOW (<90 days),Oct 2026,Jan 2027,Apr 2027,Apr 2027,16.44,Agro/Food,Standard,"INC since Apr 2026 (61 days). MEDIUM by Oct 2026, HOT by Jan 2027, ULTRA HOT by Apr 2027.",Your Term loans at ICRA hits ULTRA HOT in Apr 2027. Start ACER process by Jan 2027 to be ahead of Q2 2027 renewal rush.,D365
Eppeltone Engineers Ltd.,CRISIL,Bank Guarantee,A 4,2026-04-28,61,LOW (<90 days),Oct 2026,Jan 2027,Apr 2027,Apr 2027,8.5,Other,Standard,"INC since Apr 2026 (61 days). MEDIUM by Oct 2026, HOT by Jan 2027, ULTRA HOT by Apr 2027.",Your Bank Guarantee at CRISIL hits ULTRA HOT in Apr 2027. Start ACER process by Jan 2027 to be ahead of Q2 2027 renewal rush.,D365
Esmario Export Enterprises Pvt. Ltd.,CRISIL,Bank Guarantee,A 4,2026-04-28,61,LOW (<90 days),Oct 2026,Jan 2027,Apr 2027,Apr 2027,4.0,Other,Standard,"INC since Apr 2026 (61 days). MEDIUM by Oct 2026, HOT by Jan 2027, ULTRA HOT by Apr 2027.",Your Bank Guarantee at CRISIL hits ULTRA HOT in Apr 2027. Start ACER process by Jan 2027 to be ahead of Q2 2027 renewal rush.,D365
Esmario Export Enterprises Pvt. Ltd.,CRISIL,Letter Of credit,A 4,2026-04-28,61,LOW (<90 days),Oct 2026,Jan 2027,Apr 2027,Apr 2027,8.5,Other,Standard,"INC since Apr 2026 (61 days). MEDIUM by Oct 2026, HOT by Jan 2027, ULTRA HOT by Apr 2027.",Your Letter Of credit at CRISIL hits ULTRA HOT in Apr 2027. Start ACER process by Jan 2027 to be ahead of Q2 2027 renewal rush.,D365
Esmario Export Enterprises Pvt. Ltd.,CRISIL,Long term Loans,B,2026-04-28,61,LOW (<90 days),Oct 2026,Jan 2027,Apr 2027,Apr 2027,1.0,Other,Standard,"INC since Apr 2026 (61 days). MEDIUM by Oct 2026, HOT by Jan 2027, ULTRA HOT by Apr 2027.",Your Long term Loans at CRISIL hits ULTRA HOT in Apr 2027. Start ACER process by Jan 2027 to be ahead of Q2 2027 renewal rush.,D365
Essal Infrastructure Pvt. Ltd.,ACUITE,Bank Guarantee,A 4,2026-04-09,80,LOW (<90 days),Oct 2026,Jan 2027,Apr 2027,Apr 2027,17.5,Construction/Infra,Standard,"INC since Apr 2026 (80 days). MEDIUM by Oct 2026, HOT by Jan 2027, ULTRA HOT by Apr 2027.",Your Bank Guarantee at ACUITE hits ULTRA HOT in Apr 2027. Start ACER process by Jan 2027 to be ahead of Q2 2027 renewal rush.,D365
Essal Infrastructure Pvt. Ltd.,ACUITE,Long term Loans,C,2026-04-09,80,LOW (<90 days),Oct 2026,Jan 2027,Apr 2027,Apr 2027,0.05,Construction/Infra,Standard,"INC since Apr 2026 (80 days). MEDIUM by Oct 2026, HOT by Jan 2027, ULTRA HOT by Apr 2027.",Your Long term Loans at ACUITE hits ULTRA HOT in Apr 2027. Start ACER process by Jan 2027 to be ahead of Q2 2027 renewal rush.,D365
Essem Auto Electricals Pvt. Ltd.,CARE,Bank Guarantee,A 4,2026-04-08,81,LOW (<90 days),Oct 2026,Jan 2027,Apr 2027,Apr 2027,0.0,Energy/Power,Standard,"INC since Apr 2026 (81 days). MEDIUM by Oct 2026, HOT by Jan 2027, ULTRA HOT by Apr 2027.",Your Bank Guarantee at CARE hits ULTRA HOT in Apr 2027. Start ACER process by Jan 2027 to be ahead of Q2 2027 renewal rush.,D365
Essem Auto Electricals Pvt. Ltd.,CARE,Non-government debt,BB+/A4,2026-04-08,81,LOW (<90 days),Oct 2026,Jan 2027,Apr 2027,Apr 2027,0.0,Energy/Power,NCD — SEBI License Required,"INC since Apr 2026 (81 days). MEDIUM by Oct 2026, HOT by Jan 2027, ULTRA HOT by Apr 2027.",Your Non-government debt at CARE hits ULTRA HOT in Apr 2027. Start ACER process by Jan 2027 to be ahead of Q2 2027 renewal rush.,D365
Essem Auto Electricals Pvt. Ltd.,CARE,Term loans,BB+,2026-04-08,81,LOW (<90 days),Oct 2026,Jan 2027,Apr 2027,Apr 2027,0.0,Energy/Power,Standard,"INC since Apr 2026 (81 days). MEDIUM by Oct 2026, HOT by Jan 2027, ULTRA HOT by Apr 2027.",Your Term loans at CARE hits ULTRA HOT in Apr 2027. Start ACER process by Jan 2027 to be ahead of Q2 2027 renewal rush.,D365
Etco Denim Pvt. Ltd.,CARE,Bank Guarantee,D,2026-04-09,80,LOW (<90 days),Oct 2026,Jan 2027,Apr 2027,Apr 2027,29.0,Textiles,Standard,"INC since Apr 2026 (80 days). MEDIUM by Oct 2026, HOT by Jan 2027, ULTRA HOT by Apr 2027.",Your Bank Guarantee at CARE hits ULTRA HOT in Apr 2027. Start ACER process by Jan 2027 to be ahead of Q2 2027 renewal rush.,D365
Etco Denim Pvt. Ltd.,CARE,Non-government debt,D,2026-04-09,80,LOW (<90 days),Oct 2026,Jan 2027,Apr 2027,Apr 2027,112.99,Textiles,NCD — SEBI License Required,"INC since Apr 2026 (80 days). MEDIUM by Oct 2026, HOT by Jan 2027, ULTRA HOT by Apr 2027.",Your Non-government debt at CARE hits ULTRA HOT in Apr 2027. Start ACER process by Jan 2027 to be ahead of Q2 2027 renewal rush.,D365
Etco Denim Pvt. Ltd.,CARE,Term loans,D,2026-04-09,80,LOW (<90 days),Oct 2026,Jan 2027,Apr 2027,Apr 2027,246.45,Textiles,Standard,"INC since Apr 2026 (80 days). MEDIUM by Oct 2026, HOT by Jan 2027, ULTRA HOT by Apr 2027.",Your Term loans at CARE hits ULTRA HOT in Apr 2027. Start ACER process by Jan 2027 to be ahead of Q2 2027 renewal rush.,D365
Everest Sea Foods Exports Pvt. Ltd.,CARE,Bank Guarantee,A 4,2026-04-10,79,LOW (<90 days),Oct 2026,Jan 2027,Apr 2027,Apr 2027,0.15,Agro/Food,Standard,"INC since Apr 2026 (79 days). MEDIUM by Oct 2026, HOT by Jan 2027, ULTRA HOT by Apr 2027.",Your Bank Guarantee at CARE hits ULTRA HOT in Apr 2027. Start ACER process by Jan 2027 to be ahead of Q2 2027 renewal rush.,D365
Everest Sea Foods Exports Pvt. Ltd.,CARE,Term loans,B-,2026-04-10,79,LOW (<90 days),Oct 2026,Jan 2027,Apr 2027,Apr 2027,1.33,Agro/Food,Standard,"INC since Apr 2026 (79 days). MEDIUM by Oct 2026, HOT by Jan 2027, ULTRA HOT by Apr 2027.",Your Term loans at CARE hits ULTRA HOT in Apr 2027. Start ACER process by Jan 2027 to be ahead of Q2 2027 renewal rush.,D365
Evergreen International Ltd.,CARE,Term loans,B-,2026-04-16,73,LOW (<90 days),Oct 2026,Jan 2027,Apr 2027,Apr 2027,1.3,Other,Standard,"INC since Apr 2026 (73 days). MEDIUM by Oct 2026, HOT by Jan 2027, ULTRA HOT by Apr 2027.",Your Term loans at CARE hits ULTRA HOT in Apr 2027. Start ACER process by Jan 2027 to be ahead of Q2 2027 renewal rush.,D365
Everon Castings Pvt. Ltd.,IND-RA,Non-government debt,C/A4,2026-04-02,87,LOW (<90 days),Oct 2026,Jan 2027,Apr 2027,Apr 2027,43.67,Other,NCD — SEBI License Required,"INC since Apr 2026 (87 days). MEDIUM by Oct 2026, HOT by Jan 2027, ULTRA HOT by Apr 2027.",Your Non-government debt at IND-RA hits ULTRA HOT in Apr 2027. Start ACER process by Jan 2027 to be ahead of Q2 2027 renewal rush.,D365
Everrenew Energy Pvt. Ltd.,IND-RA,Non-fund based working capital limit,A 4+,2026-04-13,76,LOW (<90 days),Oct 2026,Jan 2027,Apr 2027,Apr 2027,103.0,Energy/Power,Standard,"INC since Apr 2026 (76 days). MEDIUM by Oct 2026, HOT by Jan 2027, ULTRA HOT by Apr 2027.",Your Non-fund based working capital limit at IND-RA hits ULTRA HOT in Apr 2027. Start ACER process by Jan 2027 to be ahead of Q2 2027 renewal rush.,D365
Everrenew Energy Pvt. Ltd.,IND-RA,Non-government debt,BB/A4+,2026-04-13,76,LOW (<90 days),Oct 2026,Jan 2027,Apr 2027,Apr 2027,25.0,Energy/Power,NCD — SEBI License Required,"INC since Apr 2026 (76 days). MEDIUM by Oct 2026, HOT by Jan 2027, ULTRA HOT by Apr 2027.",Your Non-government debt at IND-RA hits ULTRA HOT in Apr 2027. Start ACER process by Jan 2027 to be ahead of Q2 2027 renewal rush.,D365
Everrenew Energy Pvt. Ltd.,IND-RA,Non-government debt,BB/A4+,2026-04-13,76,LOW (<90 days),Oct 2026,Jan 2027,Apr 2027,Apr 2027,141.0,Energy/Power,NCD — SEBI License Required,"INC since Apr 2026 (76 days). MEDIUM by Oct 2026, HOT by Jan 2027, ULTRA HOT by Apr 2027.",Your Non-government debt at IND-RA hits ULTRA HOT in Apr 2027. Start ACER process by Jan 2027 to be ahead of Q2 2027 renewal rush.,D365
Excellous Commodities Pvt. Ltd.,ACUITE,Bank Guarantee,D,2026-04-02,87,LOW (<90 days),Oct 2026,Jan 2027,Apr 2027,Apr 2027,5.0,Other,Standard,"INC since Apr 2026 (87 days). MEDIUM by Oct 2026, HOT by Jan 2027, ULTRA HOT by Apr 2027.",Your Bank Guarantee at ACUITE hits ULTRA HOT in Apr 2027. Start ACER process by Jan 2027 to be ahead of Q2 2027 renewal rush.,D365
Excellous Commodities Pvt. Ltd.,ACUITE,Bank Guarantee,D,2026-04-02,87,LOW (<90 days),Oct 2026,Jan 2027,Apr 2027,Apr 2027,6.0,Other,Standard,"INC since Apr 2026 (87 days). MEDIUM by Oct 2026, HOT by Jan 2027, ULTRA HOT by Apr 2027.",Your Bank Guarantee at ACUITE hits ULTRA HOT in Apr 2027. Start ACER process by Jan 2027 to be ahead of Q2 2027 renewal rush.,D365
Excellous Commodities Pvt. Ltd.,ACUITE,Letter Of credit,D,2026-04-02,87,LOW (<90 days),Oct 2026,Jan 2027,Apr 2027,Apr 2027,5.0,Other,Standard,"INC since Apr 2026 (87 days). MEDIUM by Oct 2026, HOT by Jan 2027, ULTRA HOT by Apr 2027.",Your Letter Of credit at ACUITE hits ULTRA HOT in Apr 2027. Start ACER process by Jan 2027 to be ahead of Q2 2027 renewal rush.,D365
Excellous Commodities Pvt. Ltd.,ACUITE,Letter Of credit,D,2026-04-02,87,LOW (<90 days),Oct 2026,Jan 2027,Apr 2027,Apr 2027,6.0,Other,Standard,"INC since Apr 2026 (87 days). MEDIUM by Oct 2026, HOT by Jan 2027, ULTRA HOT by Apr 2027.",Your Letter Of credit at ACUITE hits ULTRA HOT in Apr 2027. Start ACER process by Jan 2027 to be ahead of Q2 2027 renewal rush.,D365
Ezone Security Solutions (India) Pvt. Ltd.,CRISIL,Bank Guarantee,A 4,2026-04-28,61,LOW (<90 days),Oct 2026,Jan 2027,Apr 2027,Apr 2027,1.0,Other,Standard,"INC since Apr 2026 (61 days). MEDIUM by Oct 2026, HOT by Jan 2027, ULTRA HOT by Apr 2027.",Your Bank Guarantee at CRISIL hits ULTRA HOT in Apr 2027. Start ACER process by Jan 2027 to be ahead of Q2 2027 renewal rush.,D365
Ezone Security Solutions (India) Pvt. Ltd.,CRISIL,Letter Of credit,A 4,2026-04-28,61,LOW (<90 days),Oct 2026,Jan 2027,Apr 2027,Apr 2027,1.0,Other,Standard,"INC since Apr 2026 (61 days). MEDIUM by Oct 2026, HOT by Jan 2027, ULTRA HOT by Apr 2027.",Your Letter Of credit at CRISIL hits ULTRA HOT in Apr 2027. Start ACER process by Jan 2027 to be ahead of Q2 2027 renewal rush.,D365
Fenasia Ltd.,ACUITE,Letter Of credit,A 4,2026-04-17,72,LOW (<90 days),Oct 2026,Jan 2027,Apr 2027,Apr 2027,1.0,Other,Standard,"INC since Apr 2026 (72 days). MEDIUM by Oct 2026, HOT by Jan 2027, ULTRA HOT by Apr 2027.",Your Letter Of credit at ACUITE hits ULTRA HOT in Apr 2027. Start ACER process by Jan 2027 to be ahead of Q2 2027 renewal rush.,D365
Fenasia Ltd.,ACUITE,Term loans,B-,2026-04-17,72,LOW (<90 days),Oct 2026,Jan 2027,Apr 2027,Apr 2027,2.5,Other,Standard,"INC since Apr 2026 (72 days). MEDIUM by Oct 2026, HOT by Jan 2027, ULTRA HOT by Apr 2027.",Your Term loans at ACUITE hits ULTRA HOT in Apr 2027. Start ACER process by Jan 2027 to be ahead of Q2 2027 renewal rush.,D365
Ferromet Steels Pvt. Ltd.,ACUITE,Term loans,D,2026-04-13,76,LOW (<90 days),Oct 2026,Jan 2027,Apr 2027,Apr 2027,8.3,Steel & Metals,Standard,"INC since Apr 2026 (76 days). MEDIUM by Oct 2026, HOT by Jan 2027, ULTRA HOT by Apr 2027.",Your Term loans at ACUITE hits ULTRA HOT in Apr 2027. Start ACER process by Jan 2027 to be ahead of Q2 2027 renewal rush.,D365
Fibro Plastichem (India) Pvt. Ltd.,CRISIL,Bank Guarantee,A 4,2026-04-10,79,LOW (<90 days),Oct 2026,Jan 2027,Apr 2027,Apr 2027,0.5,Chemicals/Pharma,Standard,"INC since Apr 2026 (79 days). MEDIUM by Oct 2026, HOT by Jan 2027, ULTRA HOT by Apr 2027.",Your Bank Guarantee at CRISIL hits ULTRA HOT in Apr 2027. Start ACER process by Jan 2027 to be ahead of Q2 2027 renewal rush.,D365
Fibro Plastichem (India) Pvt. Ltd.,CRISIL,Letter Of credit,A 4,2026-04-10,79,LOW (<90 days),Oct 2026,Jan 2027,Apr 2027,Apr 2027,1.6,Chemicals/Pharma,Standard,"INC since Apr 2026 (79 days). MEDIUM by Oct 2026, HOT by Jan 2027, ULTRA HOT by Apr 2027.",Your Letter Of credit at CRISIL hits ULTRA HOT in Apr 2027. Start ACER process by Jan 2027 to be ahead of Q2 2027 renewal rush.,D365
Fibro Plastichem (India) Pvt. Ltd.,CRISIL,Long term Loans,B,2026-04-10,79,LOW (<90 days),Oct 2026,Jan 2027,Apr 2027,Apr 2027,1.87,Chemicals/Pharma,Standard,"INC since Apr 2026 (79 days). MEDIUM by Oct 2026, HOT by Jan 2027, ULTRA HOT by Apr 2027.",Your Long term Loans at CRISIL hits ULTRA HOT in Apr 2027. Start ACER process by Jan 2027 to be ahead of Q2 2027 renewal rush.,D365
Fibro Plastichem (India) Pvt. Ltd.,CRISIL,Term loans,B,2026-04-10,79,LOW (<90 days),Oct 2026,Jan 2027,Apr 2027,Apr 2027,0.78,Chemicals/Pharma,Standard,"INC since Apr 2026 (79 days). MEDIUM by Oct 2026, HOT by Jan 2027, ULTRA HOT by Apr 2027.",Your Term loans at CRISIL hits ULTRA HOT in Apr 2027. Start ACER process by Jan 2027 to be ahead of Q2 2027 renewal rush.,D365
Filteration Engineers (India) Pvt. Ltd.,ACUITE,Bank Guarantee,A 4,2026-04-14,75,LOW (<90 days),Oct 2026,Jan 2027,Apr 2027,Apr 2027,5.25,Other,Standard,"INC since Apr 2026 (75 days). MEDIUM by Oct 2026, HOT by Jan 2027, ULTRA HOT by Apr 2027.",Your Bank Guarantee at ACUITE hits ULTRA HOT in Apr 2027. Start ACER process by Jan 2027 to be ahead of Q2 2027 renewal rush.,D365
Finecrete Eco Blocks Pvt. Ltd. [Merged],CRISIL,Term loans,D,2026-04-10,79,LOW (<90 days),Oct 2026,Jan 2027,Apr 2027,Apr 2027,36.0,Other,Standard,"INC since Apr 2026 (79 days). MEDIUM by Oct 2026, HOT by Jan 2027, ULTRA HOT by Apr 2027.",Your Term loans at CRISIL hits ULTRA HOT in Apr 2027. Start ACER process by Jan 2027 to be ahead of Q2 2027 renewal rush.,D365
Fiorenza Granito Pvt. Ltd.,CRISIL,Bank Guarantee,A 4,2026-04-23,66,LOW (<90 days),Oct 2026,Jan 2027,Apr 2027,Apr 2027,6.0,Mining/Minerals,Standard,"INC since Apr 2026 (66 days). MEDIUM by Oct 2026, HOT by Jan 2027, ULTRA HOT by Apr 2027.",Your Bank Guarantee at CRISIL hits ULTRA HOT in Apr 2027. Start ACER process by Jan 2027 to be ahead of Q2 2027 renewal rush.,D365
Fiorenza Granito Pvt. Ltd.,CRISIL,Letter Of credit,A 4,2026-04-23,66,LOW (<90 days),Oct 2026,Jan 2027,Apr 2027,Apr 2027,1.0,Mining/Minerals,Standard,"INC since Apr 2026 (66 days). MEDIUM by Oct 2026, HOT by Jan 2027, ULTRA HOT by Apr 2027.",Your Letter Of credit at CRISIL hits ULTRA HOT in Apr 2027. Start ACER process by Jan 2027 to be ahead of Q2 2027 renewal rush.,D365
Fiorenza Granito Pvt. Ltd.,CRISIL,Term loans,B,2026-04-23,66,LOW (<90 days),Oct 2026,Jan 2027,Apr 2027,Apr 2027,22.43,Mining/Minerals,Standard,"INC since Apr 2026 (66 days). MEDIUM by Oct 2026, HOT by Jan 2027, ULTRA HOT by Apr 2027.",Your Term loans at CRISIL hits ULTRA HOT in Apr 2027. Start ACER process by Jan 2027 to be ahead of Q2 2027 renewal rush.,D365
Fittech Industries Pvt. Ltd.,CRISIL,Bank Guarantee,A 4,2026-04-22,67,LOW (<90 days),Oct 2026,Jan 2027,Apr 2027,Apr 2027,7.5,IT/Technology,Standard,"INC since Apr 2026 (67 days). MEDIUM by Oct 2026, HOT by Jan 2027, ULTRA HOT by Apr 2027.",Your Bank Guarantee at CRISIL hits ULTRA HOT in Apr 2027. Start ACER process by Jan 2027 to be ahead of Q2 2027 renewal rush.,D365
Fittech Industries Pvt. Ltd.,CRISIL,Long term Loans,B,2026-04-22,67,LOW (<90 days),Oct 2026,Jan 2027,Apr 2027,Apr 2027,0.5,IT/Technology,Standard,"INC since Apr 2026 (67 days). MEDIUM by Oct 2026, HOT by Jan 2027, ULTRA HOT by Apr 2027.",Your Long term Loans at CRISIL hits ULTRA HOT in Apr 2027. Start ACER process by Jan 2027 to be ahead of Q2 2027 renewal rush.,D365
Fittech Industries Pvt. Ltd.,CRISIL,Term loans,B,2026-04-22,67,LOW (<90 days),Oct 2026,Jan 2027,Apr 2027,Apr 2027,7.0,IT/Technology,Standard,"INC since Apr 2026 (67 days). MEDIUM by Oct 2026, HOT by Jan 2027, ULTRA HOT by Apr 2027.",Your Term loans at CRISIL hits ULTRA HOT in Apr 2027. Start ACER process by Jan 2027 to be ahead of Q2 2027 renewal rush.,D365
Flexituff Ventures Intl. Ltd.,CARE,Non-fund based working capital limit,D,2026-04-17,72,LOW (<90 days),Oct 2026,Jan 2027,Apr 2027,Apr 2027,199.02,Other,Standard,"INC since Apr 2026 (72 days). MEDIUM by Oct 2026, HOT by Jan 2027, ULTRA HOT by Apr 2027.",Your Non-fund based working capital limit at CARE hits ULTRA HOT in Apr 2027. Start ACER process by Jan 2027 to be ahead of Q2 2027 renewal rush.,D365
Flexituff Ventures Intl. Ltd.,CARE,Non-government debt,D,2026-04-17,72,LOW (<90 days),Oct 2026,Jan 2027,Apr 2027,Apr 2027,251.17,Other,NCD — SEBI License Required,"INC since Apr 2026 (72 days). MEDIUM by Oct 2026, HOT by Jan 2027, ULTRA HOT by Apr 2027.",Your Non-government debt at CARE hits ULTRA HOT in Apr 2027. Start ACER process by Jan 2027 to be ahead of Q2 2027 renewal rush.,D365
Flexituff Ventures Intl. Ltd.,CARE,Term loans,D,2026-04-17,72,LOW (<90 days),Oct 2026,Jan 2027,Apr 2027,Apr 2027,13.31,Other,Standard,"INC since Apr 2026 (72 days). MEDIUM by Oct 2026, HOT by Jan 2027, ULTRA HOT by Apr 2027.",Your Term loans at CARE hits ULTRA HOT in Apr 2027. Start ACER process by Jan 2027 to be ahead of Q2 2027 renewal rush.,D365
Florind Shoes Pvt. Ltd.,ACUITE,Letter Of credit,D,2026-04-09,80,LOW (<90 days),Oct 2026,Jan 2027,Apr 2027,Apr 2027,9.0,Other,Standard,"INC since Apr 2026 (80 days). MEDIUM by Oct 2026, HOT by Jan 2027, ULTRA HOT by Apr 2027.",Your Letter Of credit at ACUITE hits ULTRA HOT in Apr 2027. Start ACER process by Jan 2027 to be ahead of Q2 2027 renewal rush.,D365
Fores Elastomech India Pvt. Ltd.,CRISIL,Bank Guarantee,A 4,2026-04-16,73,LOW (<90 days),Oct 2026,Jan 2027,Apr 2027,Apr 2027,1.0,Mining/Minerals,Standard,"INC since Apr 2026 (73 days). MEDIUM by Oct 2026, HOT by Jan 2027, ULTRA HOT by Apr 2027.",Your Bank Guarantee at CRISIL hits ULTRA HOT in Apr 2027. Start ACER process by Jan 2027 to be ahead of Q2 2027 renewal rush.,D365
Fores Elastomech India Pvt. Ltd.,CRISIL,Letter Of credit,A 4,2026-04-16,73,LOW (<90 days),Oct 2026,Jan 2027,Apr 2027,Apr 2027,3.0,Mining/Minerals,Standard,"INC since Apr 2026 (73 days). MEDIUM by Oct 2026, HOT by Jan 2027, ULTRA HOT by Apr 2027.",Your Letter Of credit at CRISIL hits ULTRA HOT in Apr 2027. Start ACER process by Jan 2027 to be ahead of Q2 2027 renewal rush.,D365
Fores Elastomech India Pvt. Ltd.,CRISIL,Term loans,B,2026-04-16,73,LOW (<90 days),Oct 2026,Jan 2027,Apr 2027,Apr 2027,31.5,Mining/Minerals,Standard,"INC since Apr 2026 (73 days). MEDIUM by Oct 2026, HOT by Jan 2027, ULTRA HOT by Apr 2027.",Your Term loans at CRISIL hits ULTRA HOT in Apr 2027. Start ACER process by Jan 2027 to be ahead of Q2 2027 renewal rush.,D365
Formulated Polymers Pvt. Ltd.,ACUITE,Letter Of credit,A 4,2026-04-22,67,LOW (<90 days),Oct 2026,Jan 2027,Apr 2027,Apr 2027,8.43,Other,Standard,"INC since Apr 2026 (67 days). MEDIUM by Oct 2026, HOT by Jan 2027, ULTRA HOT by Apr 2027.",Your Letter Of credit at ACUITE hits ULTRA HOT in Apr 2027. Start ACER process by Jan 2027 to be ahead of Q2 2027 renewal rush.,D365
Friends Agrichem Pvt. Ltd.,CRISIL,Long term Loans,B,2026-04-10,79,LOW (<90 days),Oct 2026,Jan 2027,Apr 2027,Apr 2027,2.2,Chemicals/Pharma,Standard,"INC since Apr 2026 (79 days). MEDIUM by Oct 2026, HOT by Jan 2027, ULTRA HOT by Apr 2027.",Your Long term Loans at CRISIL hits ULTRA HOT in Apr 2027. Start ACER process by Jan 2027 to be ahead of Q2 2027 renewal rush.,D365
Friends Agrichem Pvt. Ltd.,CRISIL,Long term Loans,B,2026-04-10,79,LOW (<90 days),Oct 2026,Jan 2027,Apr 2027,Apr 2027,7.8,Chemicals/Pharma,Standard,"INC since Apr 2026 (79 days). MEDIUM by Oct 2026, HOT by Jan 2027, ULTRA HOT by Apr 2027.",Your Long term Loans at CRISIL hits ULTRA HOT in Apr 2027. Start ACER process by Jan 2027 to be ahead of Q2 2027 renewal rush.,D365
Fusion Voice Solutions Pvt. Ltd.,CRISIL,Long term Loans,B,2026-04-10,79,LOW (<90 days),Oct 2026,Jan 2027,Apr 2027,Apr 2027,3.5,Other,Standard,"INC since Apr 2026 (79 days). MEDIUM by Oct 2026, HOT by Jan 2027, ULTRA HOT by Apr 2027.",Your Long term Loans at CRISIL hits ULTRA HOT in Apr 2027. Start ACER process by Jan 2027 to be ahead of Q2 2027 renewal rush.,D365
Future Enterprises Ltd.,CARE,Bank Guarantee,D,2026-04-23,66,LOW (<90 days),Oct 2026,Jan 2027,Apr 2027,Apr 2027,602.0,Other,Standard,"INC since Apr 2026 (66 days). MEDIUM by Oct 2026, HOT by Jan 2027, ULTRA HOT by Apr 2027.",Your Bank Guarantee at CARE hits ULTRA HOT in Apr 2027. Start ACER process by Jan 2027 to be ahead of Q2 2027 renewal rush.,D365
Future Enterprises Ltd.,CARE,Term loans,D,2026-04-23,66,LOW (<90 days),Oct 2026,Jan 2027,Apr 2027,Apr 2027,550.0,Other,Standard,"INC since Apr 2026 (66 days). MEDIUM by Oct 2026, HOT by Jan 2027, ULTRA HOT by Apr 2027.",Your Term loans at CARE hits ULTRA HOT in Apr 2027. Start ACER process by Jan 2027 to be ahead of Q2 2027 renewal rush.,D365
G M A Pinnacle Automotives Pvt. Ltd.,IND-RA,Non-government debt,B-/A4,2026-04-02,87,LOW (<90 days),Oct 2026,Jan 2027,Apr 2027,Apr 2027,15.0,Automobiles,NCD — SEBI License Required,"INC since Apr 2026 (87 days). MEDIUM by Oct 2026, HOT by Jan 2027, ULTRA HOT by Apr 2027.",Your Non-government debt at IND-RA hits ULTRA HOT in Apr 2027. Start ACER process by Jan 2027 to be ahead of Q2 2027 renewal rush.,D365
G M Iron & Steel Co. Ltd.,CRISIL,Bank Guarantee,A 4,2026-04-23,66,LOW (<90 days),Oct 2026,Jan 2027,Apr 2027,Apr 2027,15.0,Steel & Metals,Standard,"INC since Apr 2026 (66 days). MEDIUM by Oct 2026, HOT by Jan 2027, ULTRA HOT by Apr 2027.",Your Bank Guarantee at CRISIL hits ULTRA HOT in Apr 2027. Start ACER process by Jan 2027 to be ahead of Q2 2027 renewal rush.,D365
G M R Rajahmundry Energy Ltd.,CARE,Bank Guarantee,D,2026-04-08,81,LOW (<90 days),Oct 2026,Jan 2027,Apr 2027,Apr 2027,138.02,Energy/Power,Standard,"INC since Apr 2026 (81 days). MEDIUM by Oct 2026, HOT by Jan 2027, ULTRA HOT by Apr 2027.",Your Bank Guarantee at CARE hits ULTRA HOT in Apr 2027. Start ACER process by Jan 2027 to be ahead of Q2 2027 renewal rush.,D365
G M R Rajahmundry Energy Ltd.,CARE,Term loans,D,2026-04-08,81,LOW (<90 days),Oct 2026,Jan 2027,Apr 2027,Apr 2027,2352.39,Energy/Power,Standard,"INC since Apr 2026 (81 days). MEDIUM by Oct 2026, HOT by Jan 2027, ULTRA HOT by Apr 2027.",Your Term loans at CARE hits ULTRA HOT in Apr 2027. Start ACER process by Jan 2027 to be ahead of Q2 2027 renewal rush.,D365
G M W Pvt. Ltd.,IND-RA,Non-government debt,B-/A4,2026-04-02,87,LOW (<90 days),Oct 2026,Jan 2027,Apr 2027,Apr 2027,66.26,Other,NCD — SEBI License Required,"INC since Apr 2026 (87 days). MEDIUM by Oct 2026, HOT by Jan 2027, ULTRA HOT by Apr 2027.",Your Non-government debt at IND-RA hits ULTRA HOT in Apr 2027. Start ACER process by Jan 2027 to be ahead of Q2 2027 renewal rush.,D365
G Net Tradelinks Pvt. Ltd.,ACUITE,Letter Of credit,A 4,2026-04-17,72,LOW (<90 days),Oct 2026,Jan 2027,Apr 2027,Apr 2027,10.0,Other,Standard,"INC since Apr 2026 (72 days). MEDIUM by Oct 2026, HOT by Jan 2027, ULTRA HOT by Apr 2027.",Your Letter Of credit at ACUITE hits ULTRA HOT in Apr 2027. Start ACER process by Jan 2027 to be ahead of Q2 2027 renewal rush.,D365
G P C Infrastructure Ltd.,CRISIL,Bank Guarantee,A 4,2026-04-09,80,LOW (<90 days),Oct 2026,Jan 2027,Apr 2027,Apr 2027,75.5,Construction/Infra,Standard,"INC since Apr 2026 (80 days). MEDIUM by Oct 2026, HOT by Jan 2027, ULTRA HOT by Apr 2027.",Your Bank Guarantee at CRISIL hits ULTRA HOT in Apr 2027. Start ACER process by Jan 2027 to be ahead of Q2 2027 renewal rush.,D365
G P C Infrastructure Ltd.,CRISIL,Fund based financial facility/instrument,B,2026-04-09,80,LOW (<90 days),Oct 2026,Jan 2027,Apr 2027,Apr 2027,21.3,Construction/Infra,Standard,"INC since Apr 2026 (80 days). MEDIUM by Oct 2026, HOT by Jan 2027, ULTRA HOT by Apr 2027.",Your Fund based financial facility/instrument at CRISIL hits ULTRA HOT in Apr 2027. Start ACER process by Jan 2027 to be ahead of Q2 2027 renewal rush.,D365
G R Engineering Pvt. Ltd.,IND-RA,Non-government debt,B/A4,2026-04-02,87,LOW (<90 days),Oct 2026,Jan 2027,Apr 2027,Apr 2027,322.62,Other,NCD — SEBI License Required,"INC since Apr 2026 (87 days). MEDIUM by Oct 2026, HOT by Jan 2027, ULTRA HOT by Apr 2027.",Your Non-government debt at IND-RA hits ULTRA HOT in Apr 2027. Start ACER process by Jan 2027 to be ahead of Q2 2027 renewal rush.,D365
G S C O Infrastructure Pvt. Ltd.,IND-RA,Non-government debt,D,2026-04-02,87,LOW (<90 days),Oct 2026,Jan 2027,Apr 2027,Apr 2027,46.4,Construction/Infra,NCD — SEBI License Required,"INC since Apr 2026 (87 days). MEDIUM by Oct 2026, HOT by Jan 2027, ULTRA HOT by Apr 2027.",Your Non-government debt at IND-RA hits ULTRA HOT in Apr 2027. Start ACER process by Jan 2027 to be ahead of Q2 2027 renewal rush.,D365
Gajanan Oil Pvt. Ltd.,CRISIL,Letter Of credit,D,2026-04-10,79,LOW (<90 days),Oct 2026,Jan 2027,Apr 2027,Apr 2027,65.0,Other,Standard,"INC since Apr 2026 (79 days). MEDIUM by Oct 2026, HOT by Jan 2027, ULTRA HOT by Apr 2027.",Your Letter Of credit at CRISIL hits ULTRA HOT in Apr 2027. Start ACER process by Jan 2027 to be ahead of Q2 2027 renewal rush.,D365
Gajanan Oil Pvt. Ltd.,CRISIL,Term loans,D,2026-04-10,79,LOW (<90 days),Oct 2026,Jan 2027,Apr 2027,Apr 2027,60.0,Other,Standard,"INC since Apr 2026 (79 days). MEDIUM by Oct 2026, HOT by Jan 2027, ULTRA HOT by Apr 2027.",Your Term loans at CRISIL hits ULTRA HOT in Apr 2027. Start ACER process by Jan 2027 to be ahead of Q2 2027 renewal rush.,D365
Galaxy Life Care Services Pvt. Ltd.,CRISIL,Term loans,B,2026-04-10,79,LOW (<90 days),Oct 2026,Jan 2027,Apr 2027,Apr 2027,10.0,Other,Standard,"INC since Apr 2026 (79 days). MEDIUM by Oct 2026, HOT by Jan 2027, ULTRA HOT by Apr 2027.",Your Term loans at CRISIL hits ULTRA HOT in Apr 2027. Start ACER process by Jan 2027 to be ahead of Q2 2027 renewal rush.,D365
Galco Extrusions Pvt. Ltd.,CRISIL,Long term Loans,B,2026-04-28,61,LOW (<90 days),Oct 2026,Jan 2027,Apr 2027,Apr 2027,2.34,Other,Standard,"INC since Apr 2026 (61 days). MEDIUM by Oct 2026, HOT by Jan 2027, ULTRA HOT by Apr 2027.",Your Long term Loans at CRISIL hits ULTRA HOT in Apr 2027. Start ACER process by Jan 2027 to be ahead of Q2 2027 renewal rush.,D365
Galco Extrusions Pvt. Ltd.,CRISIL,Term loans,B,2026-04-28,61,LOW (<90 days),Oct 2026,Jan 2027,Apr 2027,Apr 2027,5.15,Other,Standard,"INC since Apr 2026 (61 days). MEDIUM by Oct 2026, HOT by Jan 2027, ULTRA HOT by Apr 2027.",Your Term loans at CRISIL hits ULTRA HOT in Apr 2027. Start ACER process by Jan 2027 to be ahead of Q2 2027 renewal rush.,D365
Gama Infraprop Pvt. Ltd.,CRISIL,Bank Guarantee,A 4,2026-04-23,66,LOW (<90 days),Oct 2026,Jan 2027,Apr 2027,Apr 2027,22.58,Construction/Infra,Standard,"INC since Apr 2026 (66 days). MEDIUM by Oct 2026, HOT by Jan 2027, ULTRA HOT by Apr 2027.",Your Bank Guarantee at CRISIL hits ULTRA HOT in Apr 2027. Start ACER process by Jan 2027 to be ahead of Q2 2027 renewal rush.,D365
Gama Infraprop Pvt. Ltd.,CRISIL,Letter Of credit,A 4,2026-04-23,66,LOW (<90 days),Oct 2026,Jan 2027,Apr 2027,Apr 2027,35.0,Construction/Infra,Standard,"INC since Apr 2026 (66 days). MEDIUM by Oct 2026, HOT by Jan 2027, ULTRA HOT by Apr 2027.",Your Letter Of credit at CRISIL hits ULTRA HOT in Apr 2027. Start ACER process by Jan 2027 to be ahead of Q2 2027 renewal rush.,D365
Gama Infraprop Pvt. Ltd.,CRISIL,Long term Loans,B,2026-04-23,66,LOW (<90 days),Oct 2026,Jan 2027,Apr 2027,Apr 2027,274.43,Construction/Infra,Standard,"INC since Apr 2026 (66 days). MEDIUM by Oct 2026, HOT by Jan 2027, ULTRA HOT by Apr 2027.",Your Long term Loans at CRISIL hits ULTRA HOT in Apr 2027. Start ACER process by Jan 2027 to be ahead of Q2 2027 renewal rush.,D365
Gama Infraprop Pvt. Ltd.,CRISIL,Term loans,B,2026-04-23,66,LOW (<90 days),Oct 2026,Jan 2027,Apr 2027,Apr 2027,282.99,Construction/Infra,Standard,"INC since Apr 2026 (66 days). MEDIUM by Oct 2026, HOT by Jan 2027, ULTRA HOT by Apr 2027.",Your Term loans at CRISIL hits ULTRA HOT in Apr 2027. Start ACER process by Jan 2027 to be ahead of Q2 2027 renewal rush.,D365
Gandhi Spices Pvt. Ltd.,CRISIL,Long term Loans,B,2026-04-10,79,LOW (<90 days),Oct 2026,Jan 2027,Apr 2027,Apr 2027,7.0,Other,Standard,"INC since Apr 2026 (79 days). MEDIUM by Oct 2026, HOT by Jan 2027, ULTRA HOT by Apr 2027.",Your Long term Loans at CRISIL hits ULTRA HOT in Apr 2027. Start ACER process by Jan 2027 to be ahead of Q2 2027 renewal rush.,D365
Ganges Gardens Realtors Pvt. Ltd.,IND-RA,Non-government debt,B-/A4,2026-04-02,87,LOW (<90 days),Oct 2026,Jan 2027,Apr 2027,Apr 2027,12.5,Other,NCD — SEBI License Required,"INC since Apr 2026 (87 days). MEDIUM by Oct 2026, HOT by Jan 2027, ULTRA HOT by Apr 2027.",Your Non-government debt at IND-RA hits ULTRA HOT in Apr 2027. Start ACER process by Jan 2027 to be ahead of Q2 2027 renewal rush.,D365
Garnet Construction Ltd.,CRISIL,Fund based financial facility/instrument,B,2026-04-23,66,LOW (<90 days),Oct 2026,Jan 2027,Apr 2027,Apr 2027,5.0,Construction/Infra,Standard,"INC since Apr 2026 (66 days). MEDIUM by Oct 2026, HOT by Jan 2027, ULTRA HOT by Apr 2027.",Your Fund based financial facility/instrument at CRISIL hits ULTRA HOT in Apr 2027. Start ACER process by Jan 2027 to be ahead of Q2 2027 renewal rush.,D365
Gayatri Bioorganics Ltd.,CARE,Letter Of credit,D,2026-05-04,55,LOW (<90 days),Nov 2026,Feb 2027,May 2027,May 2027,10.0,Other,Standard,"INC since May 2026 (55 days). MEDIUM by Nov 2026, HOT by Feb 2027, ULTRA HOT by May 2027.",Your Letter Of credit at CARE hits ULTRA HOT in May 2027. Start ACER process by Feb 2027 to be ahead of Q2 2027 renewal rush.,D365
Gayatri Bioorganics Ltd.,CARE,Term loans,D,2026-05-04,55,LOW (<90 days),Nov 2026,Feb 2027,May 2027,May 2027,1.66,Other,Standard,"INC since May 2026 (55 days). MEDIUM by Nov 2026, HOT by Feb 2027, ULTRA HOT by May 2027.",Your Term loans at CARE hits ULTRA HOT in May 2027. Start ACER process by Feb 2027 to be ahead of Q2 2027 renewal rush.,D365
Geetha Krishna Spg. Mills Pvt. Ltd.,IND-RA,Non-government debt,B-/A4,2026-04-02,87,LOW (<90 days),Oct 2026,Jan 2027,Apr 2027,Apr 2027,23.0,Other,NCD — SEBI License Required,"INC since Apr 2026 (87 days). MEDIUM by Oct 2026, HOT by Jan 2027, ULTRA HOT by Apr 2027.",Your Non-government debt at IND-RA hits ULTRA HOT in Apr 2027. Start ACER process by Jan 2027 to be ahead of Q2 2027 renewal rush.,D365
Gem Motors (India) Pvt. Ltd.,IND-RA,Non-government debt,B-/A4,2026-04-02,87,LOW (<90 days),Oct 2026,Jan 2027,Apr 2027,Apr 2027,20.0,Automobiles,NCD — SEBI License Required,"INC since Apr 2026 (87 days). MEDIUM by Oct 2026, HOT by Jan 2027, ULTRA HOT by Apr 2027.",Your Non-government debt at IND-RA hits ULTRA HOT in Apr 2027. Start ACER process by Jan 2027 to be ahead of Q2 2027 renewal rush.,D365
Gemus Engineering Ltd.,IND-RA,Non-government debt,D,2026-04-02,87,LOW (<90 days),Oct 2026,Jan 2027,Apr 2027,Apr 2027,19.3,Other,NCD — SEBI License Required,"INC since Apr 2026 (87 days). MEDIUM by Oct 2026, HOT by Jan 2027, ULTRA HOT by Apr 2027.",Your Non-government debt at IND-RA hits ULTRA HOT in Apr 2027. Start ACER process by Jan 2027 to be ahead of Q2 2027 renewal rush.,D365
Gen Next Motors Ltd.,IND-RA,Term loans,D,2026-04-02,87,LOW (<90 days),Oct 2026,Jan 2027,Apr 2027,Apr 2027,20.34,Automobiles,Standard,"INC since Apr 2026 (87 days). MEDIUM by Oct 2026, HOT by Jan 2027, ULTRA HOT by Apr 2027.",Your Term loans at IND-RA hits ULTRA HOT in Apr 2027. Start ACER process by Jan 2027 to be ahead of Q2 2027 renewal rush.,D365
Gensol Engineering Ltd.,ICRA,Bank Guarantee,D,2026-04-23,66,LOW (<90 days),Oct 2026,Jan 2027,Apr 2027,Apr 2027,406.5,Other,Standard,"INC since Apr 2026 (66 days). MEDIUM by Oct 2026, HOT by Jan 2027, ULTRA HOT by Apr 2027.",Your Bank Guarantee at ICRA hits ULTRA HOT in Apr 2027. Start ACER process by Jan 2027 to be ahead of Q2 2027 renewal rush.,D365
Gensol Engineering Ltd.,ICRA,Non-government debt,D,2026-04-23,66,LOW (<90 days),Oct 2026,Jan 2027,Apr 2027,Apr 2027,718.5,Other,NCD — SEBI License Required,"INC since Apr 2026 (66 days). MEDIUM by Oct 2026, HOT by Jan 2027, ULTRA HOT by Apr 2027.",Your Non-government debt at ICRA hits ULTRA HOT in Apr 2027. Start ACER process by Jan 2027 to be ahead of Q2 2027 renewal rush.,D365
Gensol Engineering Ltd.,ICRA,Term loans,D,2026-04-23,66,LOW (<90 days),Oct 2026,Jan 2027,Apr 2027,Apr 2027,925.0,Other,Standard,"INC since Apr 2026 (66 days). MEDIUM by Oct 2026, HOT by Jan 2027, ULTRA HOT by Apr 2027.",Your Term loans at ICRA hits ULTRA HOT in Apr 2027. Start ACER process by Jan 2027 to be ahead of Q2 2027 renewal rush.,D365
Ghai Construction Pvt. Ltd.,ICRA,Non-fund-based financial facility/instrument,A 4,2026-04-15,74,LOW (<90 days),Oct 2026,Jan 2027,Apr 2027,Apr 2027,25.0,Construction/Infra,Standard,"INC since Apr 2026 (74 days). MEDIUM by Oct 2026, HOT by Jan 2027, ULTRA HOT by Apr 2027.",Your Non-fund-based financial facility/instrument at ICRA hits ULTRA HOT in Apr 2027. Start ACER process by Jan 2027 to be ahead of Q2 2027 renewal rush.,D365
Ghai Construction Pvt. Ltd.,ICRA,Non-government debt,B+,2026-04-15,74,LOW (<90 days),Oct 2026,Jan 2027,Apr 2027,Apr 2027,27.0,Construction/Infra,NCD — SEBI License Required,"INC since Apr 2026 (74 days). MEDIUM by Oct 2026, HOT by Jan 2027, ULTRA HOT by Apr 2027.",Your Non-government debt at ICRA hits ULTRA HOT in Apr 2027. Start ACER process by Jan 2027 to be ahead of Q2 2027 renewal rush.,D365
Ginni Gold Pvt. Ltd.,ICRA,Non-government debt,D,2026-04-10,79,LOW (<90 days),Oct 2026,Jan 2027,Apr 2027,Apr 2027,15.0,Other,NCD — SEBI License Required,"INC since Apr 2026 (79 days). MEDIUM by Oct 2026, HOT by Jan 2027, ULTRA HOT by Apr 2027.",Your Non-government debt at ICRA hits ULTRA HOT in Apr 2027. Start ACER process by Jan 2027 to be ahead of Q2 2027 renewal rush.,D365
Globe Precision Inds. Pvt. Ltd.,ACUITE,Letter Of credit,A 4,2026-04-20,69,LOW (<90 days),Oct 2026,Jan 2027,Apr 2027,Apr 2027,1.0,Other,Standard,"INC since Apr 2026 (69 days). MEDIUM by Oct 2026, HOT by Jan 2027, ULTRA HOT by Apr 2027.",Your Letter Of credit at ACUITE hits ULTRA HOT in Apr 2027. Start ACER process by Jan 2027 to be ahead of Q2 2027 renewal rush.,D365
Globe Precision Inds. Pvt. Ltd.,ACUITE,Term loans,B-,2026-04-20,69,LOW (<90 days),Oct 2026,Jan 2027,Apr 2027,Apr 2027,14.0,Other,Standard,"INC since Apr 2026 (69 days). MEDIUM by Oct 2026, HOT by Jan 2027, ULTRA HOT by Apr 2027.",Your Term loans at ACUITE hits ULTRA HOT in Apr 2027. Start ACER process by Jan 2027 to be ahead of Q2 2027 renewal rush.,D365
Goa Ispat Pvt. Ltd.,ICRA,Non-fund-based financial facility/instrument,A 4,2026-04-17,72,LOW (<90 days),Oct 2026,Jan 2027,Apr 2027,Apr 2027,20.0,Other,Standard,"INC since Apr 2026 (72 days). MEDIUM by Oct 2026, HOT by Jan 2027, ULTRA HOT by Apr 2027.",Your Non-fund-based financial facility/instrument at ICRA hits ULTRA HOT in Apr 2027. Start ACER process by Jan 2027 to be ahead of Q2 2027 renewal rush.,D365
Goa Ispat Pvt. Ltd.,ICRA,Term loans,B+,2026-04-17,72,LOW (<90 days),Oct 2026,Jan 2027,Apr 2027,Apr 2027,1.62,Other,Standard,"INC since Apr 2026 (72 days). MEDIUM by Oct 2026, HOT by Jan 2027, ULTRA HOT by Apr 2027.",Your Term loans at ICRA hits ULTRA HOT in Apr 2027. Start ACER process by Jan 2027 to be ahead of Q2 2027 renewal rush.,D365
Goel Ganga India Pvt. Ltd.,ACUITE,Long term Loans,C,2026-04-09,80,LOW (<90 days),Oct 2026,Jan 2027,Apr 2027,Apr 2027,44.31,Other,Standard,"INC since Apr 2026 (80 days). MEDIUM by Oct 2026, HOT by Jan 2027, ULTRA HOT by Apr 2027.",Your Long term Loans at ACUITE hits ULTRA HOT in Apr 2027. Start ACER process by Jan 2027 to be ahead of Q2 2027 renewal rush.,D365
Goel Ganga India Pvt. Ltd.,ACUITE,Term loans,C,2026-04-09,80,LOW (<90 days),Oct 2026,Jan 2027,Apr 2027,Apr 2027,417.65,Other,Standard,"INC since Apr 2026 (80 days). MEDIUM by Oct 2026, HOT by Jan 2027, ULTRA HOT by Apr 2027.",Your Term loans at ACUITE hits ULTRA HOT in Apr 2027. Start ACER process by Jan 2027 to be ahead of Q2 2027 renewal rush.,D365
Goel Scientific Glass Works Ltd.,CARE,Bank Guarantee,A 4,2026-04-13,76,LOW (<90 days),Oct 2026,Jan 2027,Apr 2027,Apr 2027,1.5,Other,Standard,"INC since Apr 2026 (76 days). MEDIUM by Oct 2026, HOT by Jan 2027, ULTRA HOT by Apr 2027.",Your Bank Guarantee at CARE hits ULTRA HOT in Apr 2027. Start ACER process by Jan 2027 to be ahead of Q2 2027 renewal rush.,D365
Goel Scientific Glass Works Ltd.,CARE,Term loans,B-,2026-04-13,76,LOW (<90 days),Oct 2026,Jan 2027,Apr 2027,Apr 2027,0.99,Other,Standard,"INC since Apr 2026 (76 days). MEDIUM by Oct 2026, HOT by Jan 2027, ULTRA HOT by Apr 2027.",Your Term loans at CARE hits ULTRA HOT in Apr 2027. Start ACER process by Jan 2027 to be ahead of Q2 2027 renewal rush.,D365
Gokul Finance & Invst. Co. Pvt. Ltd.,ACUITE,Long term Loans,B-,2026-04-29,60,LOW (<90 days),Oct 2026,Jan 2027,Apr 2027,Apr 2027,10.0,BFSI/NBFC,Standard,"INC since Apr 2026 (60 days). MEDIUM by Oct 2026, HOT by Jan 2027, ULTRA HOT by Apr 2027.",Your Long term Loans at ACUITE hits ULTRA HOT in Apr 2027. Start ACER process by Jan 2027 to be ahead of Q2 2027 renewal rush.,D365
Golden Mandhir Retail Pvt. Ltd.,CARE,Fund based financial facility/instrument,B-,2026-04-28,61,LOW (<90 days),Oct 2026,Jan 2027,Apr 2027,Apr 2027,17.7,Other,Standard,"INC since Apr 2026 (61 days). MEDIUM by Oct 2026, HOT by Jan 2027, ULTRA HOT by Apr 2027.",Your Fund based financial facility/instrument at CARE hits ULTRA HOT in Apr 2027. Start ACER process by Jan 2027 to be ahead of Q2 2027 renewal rush.,D365
Golden Mandhir Retail Pvt. Ltd.,CARE,Fund based financial facility/instrument,B-,2026-04-28,61,LOW (<90 days),Oct 2026,Jan 2027,Apr 2027,Apr 2027,1.4,Other,Standard,"INC since Apr 2026 (61 days). MEDIUM by Oct 2026, HOT by Jan 2027, ULTRA HOT by Apr 2027.",Your Fund based financial facility/instrument at CARE hits ULTRA HOT in Apr 2027. Start ACER process by Jan 2027 to be ahead of Q2 2027 renewal rush.,D365
Golden Mandhir Retail Pvt. Ltd.,CARE,Term loans,B-,2026-04-28,61,LOW (<90 days),Oct 2026,Jan 2027,Apr 2027,Apr 2027,9.13,Other,Standard,"INC since Apr 2026 (61 days). MEDIUM by Oct 2026, HOT by Jan 2027, ULTRA HOT by Apr 2027.",Your Term loans at CARE hits ULTRA HOT in Apr 2027. Start ACER process by Jan 2027 to be ahead of Q2 2027 renewal rush.,D365
Goldenglobe Hotels Pvt. Ltd.,ACUITE,Long term Loans,BB,2026-04-23,66,LOW (<90 days),Oct 2026,Jan 2027,Apr 2027,Apr 2027,125.0,Hotels/Tourism,Standard,"INC since Apr 2026 (66 days). MEDIUM by Oct 2026, HOT by Jan 2027, ULTRA HOT by Apr 2027.",Your Long term Loans at ACUITE hits ULTRA HOT in Apr 2027. Start ACER process by Jan 2027 to be ahead of Q2 2027 renewal rush.,D365
Goodluck Carbon Pvt. Ltd.,ICRA,Non-fund-based financial facility/instrument,D,2026-04-28,61,LOW (<90 days),Oct 2026,Jan 2027,Apr 2027,Apr 2027,4.0,Other,Standard,"INC since Apr 2026 (61 days). MEDIUM by Oct 2026, HOT by Jan 2027, ULTRA HOT by Apr 2027.",Your Non-fund-based financial facility/instrument at ICRA hits ULTRA HOT in Apr 2027. Start ACER process by Jan 2027 to be ahead of Q2 2027 renewal rush.,D365
Goodluck Carbon Pvt. Ltd.,ICRA,Term loans,D,2026-04-28,61,LOW (<90 days),Oct 2026,Jan 2027,Apr 2027,Apr 2027,72.74,Other,Standard,"INC since Apr 2026 (61 days). MEDIUM by Oct 2026, HOT by Jan 2027, ULTRA HOT by Apr 2027.",Your Term loans at ICRA hits ULTRA HOT in Apr 2027. Start ACER process by Jan 2027 to be ahead of Q2 2027 renewal rush.,D365
Govind Steel Co. Ltd.,CRISIL,Fund based financial facility/instrument,B,2026-04-20,69,LOW (<90 days),Oct 2026,Jan 2027,Apr 2027,Apr 2027,7.0,Steel & Metals,Standard,"INC since Apr 2026 (69 days). MEDIUM by Oct 2026, HOT by Jan 2027, ULTRA HOT by Apr 2027.",Your Fund based financial facility/instrument at CRISIL hits ULTRA HOT in Apr 2027. Start ACER process by Jan 2027 to be ahead of Q2 2027 renewal rush.,D365
Govind Steel Co. Ltd.,CRISIL,Letter Of credit,A 4,2026-04-20,69,LOW (<90 days),Oct 2026,Jan 2027,Apr 2027,Apr 2027,3.0,Steel & Metals,Standard,"INC since Apr 2026 (69 days). MEDIUM by Oct 2026, HOT by Jan 2027, ULTRA HOT by Apr 2027.",Your Letter Of credit at CRISIL hits ULTRA HOT in Apr 2027. Start ACER process by Jan 2027 to be ahead of Q2 2027 renewal rush.,D365
Gowthami Solvent Oils Pvt. Ltd.,CARE,Non-government debt,BB/A4,2026-04-09,80,LOW (<90 days),Oct 2026,Jan 2027,Apr 2027,Apr 2027,3.0,Agro/Food,NCD — SEBI License Required,"INC since Apr 2026 (80 days). MEDIUM by Oct 2026, HOT by Jan 2027, ULTRA HOT by Apr 2027.",Your Non-government debt at CARE hits ULTRA HOT in Apr 2027. Start ACER process by Jan 2027 to be ahead of Q2 2027 renewal rush.,D365
Gowthami Solvent Oils Pvt. Ltd.,CARE,Term loans,BB,2026-04-09,80,LOW (<90 days),Oct 2026,Jan 2027,Apr 2027,Apr 2027,37.56,Agro/Food,Standard,"INC since Apr 2026 (80 days). MEDIUM by Oct 2026, HOT by Jan 2027, ULTRA HOT by Apr 2027.",Your Term loans at CARE hits ULTRA HOT in Apr 2027. Start ACER process by Jan 2027 to be ahead of Q2 2027 renewal rush.,D365
Grameen Shakti Microfinance Services Pvt. Ltd.,ACUITE,Long term Loans,BB-,2026-04-09,80,LOW (<90 days),Oct 2026,Jan 2027,Apr 2027,Apr 2027,33.75,BFSI/NBFC,Standard,"INC since Apr 2026 (80 days). MEDIUM by Oct 2026, HOT by Jan 2027, ULTRA HOT by Apr 2027.",Your Long term Loans at ACUITE hits ULTRA HOT in Apr 2027. Start ACER process by Jan 2027 to be ahead of Q2 2027 renewal rush.,D365
Grameen Shakti Microfinance Services Pvt. Ltd.,ACUITE,Term loans,BB-,2026-04-09,80,LOW (<90 days),Oct 2026,Jan 2027,Apr 2027,Apr 2027,26.25,BFSI/NBFC,Standard,"INC since Apr 2026 (80 days). MEDIUM by Oct 2026, HOT by Jan 2027, ULTRA HOT by Apr 2027.",Your Term loans at ACUITE hits ULTRA HOT in Apr 2027. Start ACER process by Jan 2027 to be ahead of Q2 2027 renewal rush.,D365
Great Value Fuels Pvt. Ltd.,ICRA,Fund based financial facility/instrument,B+,2026-04-24,65,LOW (<90 days),Oct 2026,Jan 2027,Apr 2027,Apr 2027,113.1,Energy/Power,Standard,"INC since Apr 2026 (65 days). MEDIUM by Oct 2026, HOT by Jan 2027, ULTRA HOT by Apr 2027.",Your Fund based financial facility/instrument at ICRA hits ULTRA HOT in Apr 2027. Start ACER process by Jan 2027 to be ahead of Q2 2027 renewal rush.,D365
Great Value Fuels Pvt. Ltd.,ICRA,Non-fund-based financial facility/instrument,B+,2026-04-24,65,LOW (<90 days),Oct 2026,Jan 2027,Apr 2027,Apr 2027,10.0,Energy/Power,Standard,"INC since Apr 2026 (65 days). MEDIUM by Oct 2026, HOT by Jan 2027, ULTRA HOT by Apr 2027.",Your Non-fund-based financial facility/instrument at ICRA hits ULTRA HOT in Apr 2027. Start ACER process by Jan 2027 to be ahead of Q2 2027 renewal rush.,D365
Greenland Paper Mills Ltd.,CARE,Bank Guarantee,A 4,2026-04-22,67,LOW (<90 days),Oct 2026,Jan 2027,Apr 2027,Apr 2027,0.16,Paper/Packaging,Standard,"INC since Apr 2026 (67 days). MEDIUM by Oct 2026, HOT by Jan 2027, ULTRA HOT by Apr 2027.",Your Bank Guarantee at CARE hits ULTRA HOT in Apr 2027. Start ACER process by Jan 2027 to be ahead of Q2 2027 renewal rush.,D365
Greenland Paper Mills Ltd.,CARE,Bank Guarantee,A 4,2026-04-22,67,LOW (<90 days),Oct 2026,Jan 2027,Apr 2027,Apr 2027,0.04,Paper/Packaging,Standard,"INC since Apr 2026 (67 days). MEDIUM by Oct 2026, HOT by Jan 2027, ULTRA HOT by Apr 2027.",Your Bank Guarantee at CARE hits ULTRA HOT in Apr 2027. Start ACER process by Jan 2027 to be ahead of Q2 2027 renewal rush.,D365
Greenland Paper Mills Ltd.,CARE,Letter Of credit,A 4,2026-04-22,67,LOW (<90 days),Oct 2026,Jan 2027,Apr 2027,Apr 2027,0.9,Paper/Packaging,Standard,"INC since Apr 2026 (67 days). MEDIUM by Oct 2026, HOT by Jan 2027, ULTRA HOT by Apr 2027.",Your Letter Of credit at CARE hits ULTRA HOT in Apr 2027. Start ACER process by Jan 2027 to be ahead of Q2 2027 renewal rush.,D365
Greenland Paper Mills Ltd.,CARE,Term loans,B,2026-04-22,67,LOW (<90 days),Oct 2026,Jan 2027,Apr 2027,Apr 2027,0.31,Paper/Packaging,Standard,"INC since Apr 2026 (67 days). MEDIUM by Oct 2026, HOT by Jan 2027, ULTRA HOT by Apr 2027.",Your Term loans at CARE hits ULTRA HOT in Apr 2027. Start ACER process by Jan 2027 to be ahead of Q2 2027 renewal rush.,D365
Greta Steels Pvt. Ltd.,ACUITE,Letter Of credit,D,2026-04-17,72,LOW (<90 days),Oct 2026,Jan 2027,Apr 2027,Apr 2027,15.0,Steel & Metals,Standard,"INC since Apr 2026 (72 days). MEDIUM by Oct 2026, HOT by Jan 2027, ULTRA HOT by Apr 2027.",Your Letter Of credit at ACUITE hits ULTRA HOT in Apr 2027. Start ACER process by Jan 2027 to be ahead of Q2 2027 renewal rush.,D365
Guru Laxmi Cottex Pvt. Ltd.,CARE,Bank Guarantee,A 4,2026-04-29,60,LOW (<90 days),Oct 2026,Jan 2027,Apr 2027,Apr 2027,0.5,Other,Standard,"INC since Apr 2026 (60 days). MEDIUM by Oct 2026, HOT by Jan 2027, ULTRA HOT by Apr 2027.",Your Bank Guarantee at CARE hits ULTRA HOT in Apr 2027. Start ACER process by Jan 2027 to be ahead of Q2 2027 renewal rush.,D365
Guru Laxmi Cottex Pvt. Ltd.,CARE,Term loans,B+,2026-04-29,60,LOW (<90 days),Oct 2026,Jan 2027,Apr 2027,Apr 2027,17.65,Other,Standard,"INC since Apr 2026 (60 days). MEDIUM by Oct 2026, HOT by Jan 2027, ULTRA HOT by Apr 2027.",Your Term loans at CARE hits ULTRA HOT in Apr 2027. Start ACER process by Jan 2027 to be ahead of Q2 2027 renewal rush.,D365
Gurudev Overseas Ltd.,BRICKWORK,Letter Of credit,A 4,2026-04-03,86,LOW (<90 days),Oct 2026,Jan 2027,Apr 2027,Apr 2027,6.75,Other,Standard,"INC since Apr 2026 (86 days). MEDIUM by Oct 2026, HOT by Jan 2027, ULTRA HOT by Apr 2027.",Your Letter Of credit at BRICKWORK hits ULTRA HOT in Apr 2027. Start ACER process by Jan 2027 to be ahead of Q2 2027 renewal rush.,D365
Gypsum Structural India Pvt. Ltd.,IND-RA,Non-government debt,B/A4,2026-04-10,79,LOW (<90 days),Oct 2026,Jan 2027,Apr 2027,Apr 2027,6.0,Other,NCD — SEBI License Required,"INC since Apr 2026 (79 days). MEDIUM by Oct 2026, HOT by Jan 2027, ULTRA HOT by Apr 2027.",Your Non-government debt at IND-RA hits ULTRA HOT in Apr 2027. Start ACER process by Jan 2027 to be ahead of Q2 2027 renewal rush.,D365
H N Agri Serve Pvt. Ltd.,CRISIL,Long term Loans,B,2026-04-17,72,LOW (<90 days),Oct 2026,Jan 2027,Apr 2027,Apr 2027,1.0,Other,Standard,"INC since Apr 2026 (72 days). MEDIUM by Oct 2026, HOT by Jan 2027, ULTRA HOT by Apr 2027.",Your Long term Loans at CRISIL hits ULTRA HOT in Apr 2027. Start ACER process by Jan 2027 to be ahead of Q2 2027 renewal rush.,D365
H N Agri Serve Pvt. Ltd.,CRISIL,Term loans,B,2026-04-17,72,LOW (<90 days),Oct 2026,Jan 2027,Apr 2027,Apr 2027,10.0,Other,Standard,"INC since Apr 2026 (72 days). MEDIUM by Oct 2026, HOT by Jan 2027, ULTRA HOT by Apr 2027.",Your Term loans at CRISIL hits ULTRA HOT in Apr 2027. Start ACER process by Jan 2027 to be ahead of Q2 2027 renewal rush.,D365
H S India Ltd.,CRISIL,Term loans,B,2026-04-23,66,LOW (<90 days),Oct 2026,Jan 2027,Apr 2027,Apr 2027,16.53,Other,Standard,"INC since Apr 2026 (66 days). MEDIUM by Oct 2026, HOT by Jan 2027, ULTRA HOT by Apr 2027.",Your Term loans at CRISIL hits ULTRA HOT in Apr 2027. Start ACER process by Jan 2027 to be ahead of Q2 2027 renewal rush.,D365
Habra Shree Lakshmi Narayan Rollar Flour & Dall Mill Pvt. Ltd.,CARE,Bank Guarantee,A 4,2026-04-21,68,LOW (<90 days),Oct 2026,Jan 2027,Apr 2027,Apr 2027,3.0,Agro/Food,Standard,"INC since Apr 2026 (68 days). MEDIUM by Oct 2026, HOT by Jan 2027, ULTRA HOT by Apr 2027.",Your Bank Guarantee at CARE hits ULTRA HOT in Apr 2027. Start ACER process by Jan 2027 to be ahead of Q2 2027 renewal rush.,D365
Hajra Medical Agency Pvt. Ltd.,CARE,Bank Guarantee,A 4,2026-04-20,69,LOW (<90 days),Oct 2026,Jan 2027,Apr 2027,Apr 2027,0.75,Chemicals/Pharma,Standard,"INC since Apr 2026 (69 days). MEDIUM by Oct 2026, HOT by Jan 2027, ULTRA HOT by Apr 2027.",Your Bank Guarantee at CARE hits ULTRA HOT in Apr 2027. Start ACER process by Jan 2027 to be ahead of Q2 2027 renewal rush.,D365
Haldia Nirman Projects Pvt. Ltd.,IND-RA,Non-government debt,D,2026-04-02,87,LOW (<90 days),Oct 2026,Jan 2027,Apr 2027,Apr 2027,7.65,Other,NCD — SEBI License Required,"INC since Apr 2026 (87 days). MEDIUM by Oct 2026, HOT by Jan 2027, ULTRA HOT by Apr 2027.",Your Non-government debt at IND-RA hits ULTRA HOT in Apr 2027. Start ACER process by Jan 2027 to be ahead of Q2 2027 renewal rush.,D365
Hansco Iron & Steels Pvt. Ltd.,CRISIL,Letter Of credit,A 4,2026-04-20,69,LOW (<90 days),Oct 2026,Jan 2027,Apr 2027,Apr 2027,3.0,Steel & Metals,Standard,"INC since Apr 2026 (69 days). MEDIUM by Oct 2026, HOT by Jan 2027, ULTRA HOT by Apr 2027.",Your Letter Of credit at CRISIL hits ULTRA HOT in Apr 2027. Start ACER process by Jan 2027 to be ahead of Q2 2027 renewal rush.,D365
Hansco Iron & Steels Pvt. Ltd.,CRISIL,Long term Loans,B,2026-04-20,69,LOW (<90 days),Oct 2026,Jan 2027,Apr 2027,Apr 2027,4.0,Steel & Metals,Standard,"INC since Apr 2026 (69 days). MEDIUM by Oct 2026, HOT by Jan 2027, ULTRA HOT by Apr 2027.",Your Long term Loans at CRISIL hits ULTRA HOT in Apr 2027. Start ACER process by Jan 2027 to be ahead of Q2 2027 renewal rush.,D365
Harbir Automobile Pvt. Ltd.,CARE,Term loans,B+,2026-04-20,69,LOW (<90 days),Oct 2026,Jan 2027,Apr 2027,Apr 2027,3.58,Automobiles,Standard,"INC since Apr 2026 (69 days). MEDIUM by Oct 2026, HOT by Jan 2027, ULTRA HOT by Apr 2027.",Your Term loans at CARE hits ULTRA HOT in Apr 2027. Start ACER process by Jan 2027 to be ahead of Q2 2027 renewal rush.,D365
Hari Om Retail Pvt. Ltd.,CARE,Fund based financial facility/instrument,B-,2026-04-28,61,LOW (<90 days),Oct 2026,Jan 2027,Apr 2027,Apr 2027,4.0,Other,Standard,"INC since Apr 2026 (61 days). MEDIUM by Oct 2026, HOT by Jan 2027, ULTRA HOT by Apr 2027.",Your Fund based financial facility/instrument at CARE hits ULTRA HOT in Apr 2027. Start ACER process by Jan 2027 to be ahead of Q2 2027 renewal rush.,D365
Harihara Metalloys Pvt. Ltd.,IND-RA,Non-government debt,B/A4,2026-04-02,87,LOW (<90 days),Oct 2026,Jan 2027,Apr 2027,Apr 2027,20.0,Steel & Metals,NCD — SEBI License Required,"INC since Apr 2026 (87 days). MEDIUM by Oct 2026, HOT by Jan 2027, ULTRA HOT by Apr 2027.",Your Non-government debt at IND-RA hits ULTRA HOT in Apr 2027. Start ACER process by Jan 2027 to be ahead of Q2 2027 renewal rush.,D365
Harji Engineering Works Pvt. Ltd.,ACUITE,Bank Guarantee,D,2026-04-10,79,LOW (<90 days),Oct 2026,Jan 2027,Apr 2027,Apr 2027,55.0,Other,Standard,"INC since Apr 2026 (79 days). MEDIUM by Oct 2026, HOT by Jan 2027, ULTRA HOT by Apr 2027.",Your Bank Guarantee at ACUITE hits ULTRA HOT in Apr 2027. Start ACER process by Jan 2027 to be ahead of Q2 2027 renewal rush.,D365
Harji Engineering Works Pvt. Ltd.,ACUITE,Letter Of credit,D,2026-04-10,79,LOW (<90 days),Oct 2026,Jan 2027,Apr 2027,Apr 2027,5.0,Other,Standard,"INC since Apr 2026 (79 days). MEDIUM by Oct 2026, HOT by Jan 2027, ULTRA HOT by Apr 2027.",Your Letter Of credit at ACUITE hits ULTRA HOT in Apr 2027. Start ACER process by Jan 2027 to be ahead of Q2 2027 renewal rush.,D365
Hayat Hospital Pvt. Ltd.,BRICKWORK,Term loans,C,2026-04-01,88,LOW (<90 days),Oct 2026,Jan 2027,Apr 2027,Apr 2027,24.32,Healthcare,Standard,"INC since Apr 2026 (88 days). MEDIUM by Oct 2026, HOT by Jan 2027, ULTRA HOT by Apr 2027.",Your Term loans at BRICKWORK hits ULTRA HOT in Apr 2027. Start ACER process by Jan 2027 to be ahead of Q2 2027 renewal rush.,D365
Heavy Metals & Tubes Ltd.,CARE,Non-fund based working capital limit,D,2026-04-10,79,LOW (<90 days),Oct 2026,Jan 2027,Apr 2027,Apr 2027,11.5,Steel & Metals,Standard,"INC since Apr 2026 (79 days). MEDIUM by Oct 2026, HOT by Jan 2027, ULTRA HOT by Apr 2027.",Your Non-fund based working capital limit at CARE hits ULTRA HOT in Apr 2027. Start ACER process by Jan 2027 to be ahead of Q2 2027 renewal rush.,D365
Heavy Metals & Tubes Ltd.,CARE,Term loans,D,2026-04-10,79,LOW (<90 days),Oct 2026,Jan 2027,Apr 2027,Apr 2027,146.57,Steel & Metals,Standard,"INC since Apr 2026 (79 days). MEDIUM by Oct 2026, HOT by Jan 2027, ULTRA HOT by Apr 2027.",Your Term loans at CARE hits ULTRA HOT in Apr 2027. Start ACER process by Jan 2027 to be ahead of Q2 2027 renewal rush.,D365
Heidelco Medicore Pvt. Ltd.,CRISIL,Bank Guarantee,A 4,2026-04-09,80,LOW (<90 days),Oct 2026,Jan 2027,Apr 2027,Apr 2027,2.0,Chemicals/Pharma,Standard,"INC since Apr 2026 (80 days). MEDIUM by Oct 2026, HOT by Jan 2027, ULTRA HOT by Apr 2027.",Your Bank Guarantee at CRISIL hits ULTRA HOT in Apr 2027. Start ACER process by Jan 2027 to be ahead of Q2 2027 renewal rush.,D365
Heidelco Medicore Pvt. Ltd.,CRISIL,Fund based financial facility/instrument,B,2026-04-09,80,LOW (<90 days),Oct 2026,Jan 2027,Apr 2027,Apr 2027,8.0,Chemicals/Pharma,Standard,"INC since Apr 2026 (80 days). MEDIUM by Oct 2026, HOT by Jan 2027, ULTRA HOT by Apr 2027.",Your Fund based financial facility/instrument at CRISIL hits ULTRA HOT in Apr 2027. Start ACER process by Jan 2027 to be ahead of Q2 2027 renewal rush.,D365
Helios Photo Voltaic Ltd.,CARE,Bank Guarantee,D,2026-04-22,67,LOW (<90 days),Oct 2026,Jan 2027,Apr 2027,Apr 2027,2.15,Other,Standard,"INC since Apr 2026 (67 days). MEDIUM by Oct 2026, HOT by Jan 2027, ULTRA HOT by Apr 2027.",Your Bank Guarantee at CARE hits ULTRA HOT in Apr 2027. Start ACER process by Jan 2027 to be ahead of Q2 2027 renewal rush.,D365
Helios Photo Voltaic Ltd.,CARE,Term loans,D,2026-04-22,67,LOW (<90 days),Oct 2026,Jan 2027,Apr 2027,Apr 2027,824.71,Other,Standard,"INC since Apr 2026 (67 days). MEDIUM by Oct 2026, HOT by Jan 2027, ULTRA HOT by Apr 2027.",Your Term loans at CARE hits ULTRA HOT in Apr 2027. Start ACER process by Jan 2027 to be ahead of Q2 2027 renewal rush.,D365
Hema Automotive Pvt. Ltd.,ACUITE,Long term Loans,B,2026-04-08,81,LOW (<90 days),Oct 2026,Jan 2027,Apr 2027,Apr 2027,7.0,Automobiles,Standard,"INC since Apr 2026 (81 days). MEDIUM by Oct 2026, HOT by Jan 2027, ULTRA HOT by Apr 2027.",Your Long term Loans at ACUITE hits ULTRA HOT in Apr 2027. Start ACER process by Jan 2027 to be ahead of Q2 2027 renewal rush.,D365
Hema Automotive Pvt. Ltd.,ACUITE,Term loans,B,2026-04-08,81,LOW (<90 days),Oct 2026,Jan 2027,Apr 2027,Apr 2027,38.0,Automobiles,Standard,"INC since Apr 2026 (81 days). MEDIUM by Oct 2026, HOT by Jan 2027, ULTRA HOT by Apr 2027.",Your Term loans at ACUITE hits ULTRA HOT in Apr 2027. Start ACER process by Jan 2027 to be ahead of Q2 2027 renewal rush.,D365
Hemant Surgical Inds. Ltd.,IND-RA,Non-government debt,B-/A4,2026-04-02,87,LOW (<90 days),Oct 2026,Jan 2027,Apr 2027,Apr 2027,18.35,Other,NCD — SEBI License Required,"INC since Apr 2026 (87 days). MEDIUM by Oct 2026, HOT by Jan 2027, ULTRA HOT by Apr 2027.",Your Non-government debt at IND-RA hits ULTRA HOT in Apr 2027. Start ACER process by Jan 2027 to be ahead of Q2 2027 renewal rush.,D365
Hemodiaz Life Sciences Pvt. Ltd.,CARE,Letter Of credit,A 4,2026-04-17,72,LOW (<90 days),Oct 2026,Jan 2027,Apr 2027,Apr 2027,3.4,Other,Standard,"INC since Apr 2026 (72 days). MEDIUM by Oct 2026, HOT by Jan 2027, ULTRA HOT by Apr 2027.",Your Letter Of credit at CARE hits ULTRA HOT in Apr 2027. Start ACER process by Jan 2027 to be ahead of Q2 2027 renewal rush.,D365
Hercules Hospitalities Pvt. Ltd.,IND-RA,Non-government debt,B-/A4,2026-04-02,87,LOW (<90 days),Oct 2026,Jan 2027,Apr 2027,Apr 2027,12.02,Healthcare,NCD — SEBI License Required,"INC since Apr 2026 (87 days). MEDIUM by Oct 2026, HOT by Jan 2027, ULTRA HOT by Apr 2027.",Your Non-government debt at IND-RA hits ULTRA HOT in Apr 2027. Start ACER process by Jan 2027 to be ahead of Q2 2027 renewal rush.,D365
Hetro Spinners Pvt. Ltd.,IND-RA,Non-government debt,D,2026-04-02,87,LOW (<90 days),Oct 2026,Jan 2027,Apr 2027,Apr 2027,34.27,Other,NCD — SEBI License Required,"INC since Apr 2026 (87 days). MEDIUM by Oct 2026, HOT by Jan 2027, ULTRA HOT by Apr 2027.",Your Non-government debt at IND-RA hits ULTRA HOT in Apr 2027. Start ACER process by Jan 2027 to be ahead of Q2 2027 renewal rush.,D365
Hi-Tech Pharmaceuticals Pvt. Ltd.,ACUITE,Long term Loans,B+,2026-04-24,65,LOW (<90 days),Oct 2026,Jan 2027,Apr 2027,Apr 2027,2.21,Chemicals/Pharma,Standard,"INC since Apr 2026 (65 days). MEDIUM by Oct 2026, HOT by Jan 2027, ULTRA HOT by Apr 2027.",Your Long term Loans at ACUITE hits ULTRA HOT in Apr 2027. Start ACER process by Jan 2027 to be ahead of Q2 2027 renewal rush.,D365
Hi-Tech Pharmaceuticals Pvt. Ltd.,ACUITE,Term loans,B+,2026-04-24,65,LOW (<90 days),Oct 2026,Jan 2027,Apr 2027,Apr 2027,12.79,Chemicals/Pharma,Standard,"INC since Apr 2026 (65 days). MEDIUM by Oct 2026, HOT by Jan 2027, ULTRA HOT by Apr 2027.",Your Term loans at ACUITE hits ULTRA HOT in Apr 2027. Start ACER process by Jan 2027 to be ahead of Q2 2027 renewal rush.,D365
Him Cylinders Ltd.,CARE,Bank Guarantee,D,2026-04-29,60,LOW (<90 days),Oct 2026,Jan 2027,Apr 2027,Apr 2027,1.0,Other,Standard,"INC since Apr 2026 (60 days). MEDIUM by Oct 2026, HOT by Jan 2027, ULTRA HOT by Apr 2027.",Your Bank Guarantee at CARE hits ULTRA HOT in Apr 2027. Start ACER process by Jan 2027 to be ahead of Q2 2027 renewal rush.,D365
Himalayan Flour Mill Pvt. Ltd.,CARE,Bank Guarantee,A 4,2026-04-21,68,LOW (<90 days),Oct 2026,Jan 2027,Apr 2027,Apr 2027,8.0,Agro/Food,Standard,"INC since Apr 2026 (68 days). MEDIUM by Oct 2026, HOT by Jan 2027, ULTRA HOT by Apr 2027.",Your Bank Guarantee at CARE hits ULTRA HOT in Apr 2027. Start ACER process by Jan 2027 to be ahead of Q2 2027 renewal rush.,D365
Himalayan Road Construction Pvt. Ltd.,IND-RA,Non-government debt,B-/A4,2026-04-02,87,LOW (<90 days),Oct 2026,Jan 2027,Apr 2027,Apr 2027,23.0,Construction/Infra,NCD — SEBI License Required,"INC since Apr 2026 (87 days). MEDIUM by Oct 2026, HOT by Jan 2027, ULTRA HOT by Apr 2027.",Your Non-government debt at IND-RA hits ULTRA HOT in Apr 2027. Start ACER process by Jan 2027 to be ahead of Q2 2027 renewal rush.,D365
Himalayan Rolling Steel Inds. Pvt. Ltd.,BRICKWORK,Term loans,D,2026-04-06,83,LOW (<90 days),Oct 2026,Jan 2027,Apr 2027,Apr 2027,82.62,Steel & Metals,Standard,"INC since Apr 2026 (83 days). MEDIUM by Oct 2026, HOT by Jan 2027, ULTRA HOT by Apr 2027.",Your Term loans at BRICKWORK hits ULTRA HOT in Apr 2027. Start ACER process by Jan 2027 to be ahead of Q2 2027 renewal rush.,D365
Hind Energy & Coal Benefication (India) Ltd.,ACUITE,Bank Guarantee,A 4+,2026-04-23,66,LOW (<90 days),Oct 2026,Jan 2027,Apr 2027,Apr 2027,82.0,Energy/Power,Standard,"INC since Apr 2026 (66 days). MEDIUM by Oct 2026, HOT by Jan 2027, ULTRA HOT by Apr 2027.",Your Bank Guarantee at ACUITE hits ULTRA HOT in Apr 2027. Start ACER process by Jan 2027 to be ahead of Q2 2027 renewal rush.,D365
Hind Energy & Coal Benefication (India) Ltd.,ACUITE,Bank Guarantee,A 4+,2026-04-23,66,LOW (<90 days),Oct 2026,Jan 2027,Apr 2027,Apr 2027,17.0,Energy/Power,Standard,"INC since Apr 2026 (66 days). MEDIUM by Oct 2026, HOT by Jan 2027, ULTRA HOT by Apr 2027.",Your Bank Guarantee at ACUITE hits ULTRA HOT in Apr 2027. Start ACER process by Jan 2027 to be ahead of Q2 2027 renewal rush.,D365
Hind Energy & Coal Benefication (India) Ltd.,ACUITE,Letter Of credit,A 4+,2026-04-23,66,LOW (<90 days),Oct 2026,Jan 2027,Apr 2027,Apr 2027,20.0,Energy/Power,Standard,"INC since Apr 2026 (66 days). MEDIUM by Oct 2026, HOT by Jan 2027, ULTRA HOT by Apr 2027.",Your Letter Of credit at ACUITE hits ULTRA HOT in Apr 2027. Start ACER process by Jan 2027 to be ahead of Q2 2027 renewal rush.,D365
Hind Offshore Pvt. Ltd.,CRISIL,Term loans,B,2026-04-09,80,LOW (<90 days),Oct 2026,Jan 2027,Apr 2027,Apr 2027,150.0,Mining/Minerals,Standard,"INC since Apr 2026 (80 days). MEDIUM by Oct 2026, HOT by Jan 2027, ULTRA HOT by Apr 2027.",Your Term loans at CRISIL hits ULTRA HOT in Apr 2027. Start ACER process by Jan 2027 to be ahead of Q2 2027 renewal rush.,D365
Hindustan Adhesives Ltd.,IND-RA,Non-government debt,B-/A4,2026-04-02,87,LOW (<90 days),Oct 2026,Jan 2027,Apr 2027,Apr 2027,47.94,Other,NCD — SEBI License Required,"INC since Apr 2026 (87 days). MEDIUM by Oct 2026, HOT by Jan 2027, ULTRA HOT by Apr 2027.",Your Non-government debt at IND-RA hits ULTRA HOT in Apr 2027. Start ACER process by Jan 2027 to be ahead of Q2 2027 renewal rush.,D365
Hindustan Spirits Ltd.,CARE,Bank Guarantee,A 4,2026-04-14,75,LOW (<90 days),Oct 2026,Jan 2027,Apr 2027,Apr 2027,2.0,Other,Standard,"INC since Apr 2026 (75 days). MEDIUM by Oct 2026, HOT by Jan 2027, ULTRA HOT by Apr 2027.",Your Bank Guarantee at CARE hits ULTRA HOT in Apr 2027. Start ACER process by Jan 2027 to be ahead of Q2 2027 renewal rush.,D365
Hindustan Spirits Ltd.,CARE,Term loans,B-,2026-04-14,75,LOW (<90 days),Oct 2026,Jan 2027,Apr 2027,Apr 2027,3.23,Other,Standard,"INC since Apr 2026 (75 days). MEDIUM by Oct 2026, HOT by Jan 2027, ULTRA HOT by Apr 2027.",Your Term loans at CARE hits ULTRA HOT in Apr 2027. Start ACER process by Jan 2027 to be ahead of Q2 2027 renewal rush.,D365
Hotcrete Infrastructure Pvt. Ltd.,ICRA,Non-fund-based financial facility/instrument,A 4,2026-04-27,62,LOW (<90 days),Oct 2026,Jan 2027,Apr 2027,Apr 2027,7.5,Construction/Infra,Standard,"INC since Apr 2026 (62 days). MEDIUM by Oct 2026, HOT by Jan 2027, ULTRA HOT by Apr 2027.",Your Non-fund-based financial facility/instrument at ICRA hits ULTRA HOT in Apr 2027. Start ACER process by Jan 2027 to be ahead of Q2 2027 renewal rush.,D365
Hotcrete Infrastructure Pvt. Ltd.,ICRA,Non-fund-based financial facility/instrument,C,2026-04-27,62,LOW (<90 days),Oct 2026,Jan 2027,Apr 2027,Apr 2027,23.45,Construction/Infra,Standard,"INC since Apr 2026 (62 days). MEDIUM by Oct 2026, HOT by Jan 2027, ULTRA HOT by Apr 2027.",Your Non-fund-based financial facility/instrument at ICRA hits ULTRA HOT in Apr 2027. Start ACER process by Jan 2027 to be ahead of Q2 2027 renewal rush.,D365
Hotcrete Infrastructure Pvt. Ltd.,ICRA,Non-government debt,C/A4,2026-04-27,62,LOW (<90 days),Oct 2026,Jan 2027,Apr 2027,Apr 2027,28.24,Construction/Infra,NCD — SEBI License Required,"INC since Apr 2026 (62 days). MEDIUM by Oct 2026, HOT by Jan 2027, ULTRA HOT by Apr 2027.",Your Non-government debt at ICRA hits ULTRA HOT in Apr 2027. Start ACER process by Jan 2027 to be ahead of Q2 2027 renewal rush.,D365
Hotline Capital Services Pvt. Ltd.,CARE,Non-government debt,C/A4,2026-04-01,88,LOW (<90 days),Oct 2026,Jan 2027,Apr 2027,Apr 2027,100.0,BFSI/NBFC,NCD — SEBI License Required,"INC since Apr 2026 (88 days). MEDIUM by Oct 2026, HOT by Jan 2027, ULTRA HOT by Apr 2027.",Your Non-government debt at CARE hits ULTRA HOT in Apr 2027. Start ACER process by Jan 2027 to be ahead of Q2 2027 renewal rush.,D365
Hubli Electricity Supply Co. Ltd.,CRISIL,Long term Loans,D,2026-04-28,61,LOW (<90 days),Oct 2026,Jan 2027,Apr 2027,Apr 2027,902.53,Energy/Power,Standard,"INC since Apr 2026 (61 days). MEDIUM by Oct 2026, HOT by Jan 2027, ULTRA HOT by Apr 2027.",Your Long term Loans at CRISIL hits ULTRA HOT in Apr 2027. Start ACER process by Jan 2027 to be ahead of Q2 2027 renewal rush.,D365
Hubli Electricity Supply Co. Ltd.,CRISIL,Short-term loan,D,2026-04-28,61,LOW (<90 days),Oct 2026,Jan 2027,Apr 2027,Apr 2027,106.25,Energy/Power,Standard,"INC since Apr 2026 (61 days). MEDIUM by Oct 2026, HOT by Jan 2027, ULTRA HOT by Apr 2027.",Your Short-term loan at CRISIL hits ULTRA HOT in Apr 2027. Start ACER process by Jan 2027 to be ahead of Q2 2027 renewal rush.,D365
Hubli Electricity Supply Co. Ltd.,CRISIL,Letter Of credit,A 4,2026-04-28,61,LOW (<90 days),Oct 2026,Jan 2027,Apr 2027,Apr 2027,100.0,Energy/Power,Standard,"INC since Apr 2026 (61 days). MEDIUM by Oct 2026, HOT by Jan 2027, ULTRA HOT by Apr 2027.",Your Letter Of credit at CRISIL hits ULTRA HOT in Apr 2027. Start ACER process by Jan 2027 to be ahead of Q2 2027 renewal rush.,D365
Huldibari Industries & Plantation Co. Ltd.,CRISIL,Bank Guarantee,A 4,2026-04-10,79,LOW (<90 days),Oct 2026,Jan 2027,Apr 2027,Apr 2027,0.75,Other,Standard,"INC since Apr 2026 (79 days). MEDIUM by Oct 2026, HOT by Jan 2027, ULTRA HOT by Apr 2027.",Your Bank Guarantee at CRISIL hits ULTRA HOT in Apr 2027. Start ACER process by Jan 2027 to be ahead of Q2 2027 renewal rush.,D365
Huldibari Industries & Plantation Co. Ltd.,CRISIL,Term loans,B,2026-04-10,79,LOW (<90 days),Oct 2026,Jan 2027,Apr 2027,Apr 2027,2.15,Other,Standard,"INC since Apr 2026 (79 days). MEDIUM by Oct 2026, HOT by Jan 2027, ULTRA HOT by Apr 2027.",Your Term loans at CRISIL hits ULTRA HOT in Apr 2027. Start ACER process by Jan 2027 to be ahead of Q2 2027 renewal rush.,D365
Huldibari Industries & Plantation Co. Ltd.,CRISIL,Term loans,B,2026-04-10,79,LOW (<90 days),Oct 2026,Jan 2027,Apr 2027,Apr 2027,0.29,Other,Standard,"INC since Apr 2026 (79 days). MEDIUM by Oct 2026, HOT by Jan 2027, ULTRA HOT by Apr 2027.",Your Term loans at CRISIL hits ULTRA HOT in Apr 2027. Start ACER process by Jan 2027 to be ahead of Q2 2027 renewal rush.,D365
Hyderabad Power Installations Pvt. Ltd.,ACUITE,Bank Guarantee,A 4,2026-04-14,75,LOW (<90 days),Oct 2026,Jan 2027,Apr 2027,Apr 2027,12.0,Energy/Power,Standard,"INC since Apr 2026 (75 days). MEDIUM by Oct 2026, HOT by Jan 2027, ULTRA HOT by Apr 2027.",Your Bank Guarantee at ACUITE hits ULTRA HOT in Apr 2027. Start ACER process by Jan 2027 to be ahead of Q2 2027 renewal rush.,D365
I C A Edu Skills Pvt. Ltd.,ACUITE,Bank Guarantee,A 4,2026-04-16,73,LOW (<90 days),Oct 2026,Jan 2027,Apr 2027,Apr 2027,21.5,Other,Standard,"INC since Apr 2026 (73 days). MEDIUM by Oct 2026, HOT by Jan 2027, ULTRA HOT by Apr 2027.",Your Bank Guarantee at ACUITE hits ULTRA HOT in Apr 2027. Start ACER process by Jan 2027 to be ahead of Q2 2027 renewal rush.,D365
I C A Edu Skills Pvt. Ltd.,ACUITE,Long term Loans,B-,2026-04-16,73,LOW (<90 days),Oct 2026,Jan 2027,Apr 2027,Apr 2027,50.5,Other,Standard,"INC since Apr 2026 (73 days). MEDIUM by Oct 2026, HOT by Jan 2027, ULTRA HOT by Apr 2027.",Your Long term Loans at ACUITE hits ULTRA HOT in Apr 2027. Start ACER process by Jan 2027 to be ahead of Q2 2027 renewal rush.,D365
I C E D Desserts & Food Parlours (India) Pvt. Ltd.,CARE,Term loans,C,2026-04-23,66,LOW (<90 days),Oct 2026,Jan 2027,Apr 2027,Apr 2027,15.0,Agro/Food,Standard,"INC since Apr 2026 (66 days). MEDIUM by Oct 2026, HOT by Jan 2027, ULTRA HOT by Apr 2027.",Your Term loans at CARE hits ULTRA HOT in Apr 2027. Start ACER process by Jan 2027 to be ahead of Q2 2027 renewal rush.,D365
I F P Petro Products Pvt. Ltd.,CARE,Fund based financial facility/instrument,B-,2026-04-17,72,LOW (<90 days),Oct 2026,Jan 2027,Apr 2027,Apr 2027,5.5,Other,Standard,"INC since Apr 2026 (72 days). MEDIUM by Oct 2026, HOT by Jan 2027, ULTRA HOT by Apr 2027.",Your Fund based financial facility/instrument at CARE hits ULTRA HOT in Apr 2027. Start ACER process by Jan 2027 to be ahead of Q2 2027 renewal rush.,D365
I F P Petro Products Pvt. Ltd.,CARE,Term loans,B-,2026-04-17,72,LOW (<90 days),Oct 2026,Jan 2027,Apr 2027,Apr 2027,1.5,Other,Standard,"INC since Apr 2026 (72 days). MEDIUM by Oct 2026, HOT by Jan 2027, ULTRA HOT by Apr 2027.",Your Term loans at CARE hits ULTRA HOT in Apr 2027. Start ACER process by Jan 2027 to be ahead of Q2 2027 renewal rush.,D365
I L & F S Energy Development Co. Ltd.,CARE,Bank Guarantee,D,2026-04-14,75,LOW (<90 days),Oct 2026,Jan 2027,Apr 2027,Apr 2027,50.0,Energy/Power,Standard,"INC since Apr 2026 (75 days). MEDIUM by Oct 2026, HOT by Jan 2027, ULTRA HOT by Apr 2027.",Your Bank Guarantee at CARE hits ULTRA HOT in Apr 2027. Start ACER process by Jan 2027 to be ahead of Q2 2027 renewal rush.,D365
I L & F S Energy Development Co. Ltd.,CARE,Term loans,D,2026-04-14,75,LOW (<90 days),Oct 2026,Jan 2027,Apr 2027,Apr 2027,1037.85,Energy/Power,Standard,"INC since Apr 2026 (75 days). MEDIUM by Oct 2026, HOT by Jan 2027, ULTRA HOT by Apr 2027.",Your Term loans at CARE hits ULTRA HOT in Apr 2027. Start ACER process by Jan 2027 to be ahead of Q2 2027 renewal rush.,D365
I L & F S Engg. & Construction Co. Ltd.,CARE,Non-fund based working capital limit,D,2026-04-16,73,LOW (<90 days),Oct 2026,Jan 2027,Apr 2027,Apr 2027,2188.52,Construction/Infra,Standard,"INC since Apr 2026 (73 days). MEDIUM by Oct 2026, HOT by Jan 2027, ULTRA HOT by Apr 2027.",Your Non-fund based working capital limit at CARE hits ULTRA HOT in Apr 2027. Start ACER process by Jan 2027 to be ahead of Q2 2027 renewal rush.,D365
I L & F S Engg. & Construction Co. Ltd.,CARE,Term loans,D,2026-04-16,73,LOW (<90 days),Oct 2026,Jan 2027,Apr 2027,Apr 2027,352.81,Construction/Infra,Standard,"INC since Apr 2026 (73 days). MEDIUM by Oct 2026, HOT by Jan 2027, ULTRA HOT by Apr 2027.",Your Term loans at CARE hits ULTRA HOT in Apr 2027. Start ACER process by Jan 2027 to be ahead of Q2 2027 renewal rush.,D365
I S K O Strip Pvt. Ltd.,BRICKWORK,Term loans,C,2026-04-07,82,LOW (<90 days),Oct 2026,Jan 2027,Apr 2027,Apr 2027,3.1,Other,Standard,"INC since Apr 2026 (82 days). MEDIUM by Oct 2026, HOT by Jan 2027, ULTRA HOT by Apr 2027.",Your Term loans at BRICKWORK hits ULTRA HOT in Apr 2027. Start ACER process by Jan 2027 to be ahead of Q2 2027 renewal rush.,D365
I T A Lake Ceramic Pvt. Ltd.,CRISIL,Bank Guarantee,A 4,2026-04-20,69,LOW (<90 days),Oct 2026,Jan 2027,Apr 2027,Apr 2027,4.03,Other,Standard,"INC since Apr 2026 (69 days). MEDIUM by Oct 2026, HOT by Jan 2027, ULTRA HOT by Apr 2027.",Your Bank Guarantee at CRISIL hits ULTRA HOT in Apr 2027. Start ACER process by Jan 2027 to be ahead of Q2 2027 renewal rush.,D365
I T A Lake Ceramic Pvt. Ltd.,CRISIL,Term loans,B,2026-04-20,69,LOW (<90 days),Oct 2026,Jan 2027,Apr 2027,Apr 2027,15.47,Other,Standard,"INC since Apr 2026 (69 days). MEDIUM by Oct 2026, HOT by Jan 2027, ULTRA HOT by Apr 2027.",Your Term loans at CRISIL hits ULTRA HOT in Apr 2027. Start ACER process by Jan 2027 to be ahead of Q2 2027 renewal rush.,D365
Idcol Ferro Chrome & Alloys Ltd. [Merged],CARE,Bank Guarantee,A 4,2026-04-17,72,LOW (<90 days),Oct 2026,Jan 2027,Apr 2027,Apr 2027,1.5,Steel & Metals,Standard,"INC since Apr 2026 (72 days). MEDIUM by Oct 2026, HOT by Jan 2027, ULTRA HOT by Apr 2027.",Your Bank Guarantee at CARE hits ULTRA HOT in Apr 2027. Start ACER process by Jan 2027 to be ahead of Q2 2027 renewal rush.,D365
Idea Sales Agencies Pvt. Ltd.,CARE,Term loans,B-,2026-04-16,73,LOW (<90 days),Oct 2026,Jan 2027,Apr 2027,Apr 2027,3.93,Other,Standard,"INC since Apr 2026 (73 days). MEDIUM by Oct 2026, HOT by Jan 2027, ULTRA HOT by Apr 2027.",Your Term loans at CARE hits ULTRA HOT in Apr 2027. Start ACER process by Jan 2027 to be ahead of Q2 2027 renewal rush.,D365
Immense Industries Pvt. Ltd.,CRISIL,Letter Of credit,D,2026-04-20,69,LOW (<90 days),Oct 2026,Jan 2027,Apr 2027,Apr 2027,35.0,Other,Standard,"INC since Apr 2026 (69 days). MEDIUM by Oct 2026, HOT by Jan 2027, ULTRA HOT by Apr 2027.",Your Letter Of credit at CRISIL hits ULTRA HOT in Apr 2027. Start ACER process by Jan 2027 to be ahead of Q2 2027 renewal rush.,D365
Imperial Tubes Pvt. Ltd.,ICRA,Non-fund-based financial facility/instrument,D,2026-04-16,73,LOW (<90 days),Oct 2026,Jan 2027,Apr 2027,Apr 2027,10.0,Other,Standard,"INC since Apr 2026 (73 days). MEDIUM by Oct 2026, HOT by Jan 2027, ULTRA HOT by Apr 2027.",Your Non-fund-based financial facility/instrument at ICRA hits ULTRA HOT in Apr 2027. Start ACER process by Jan 2027 to be ahead of Q2 2027 renewal rush.,D365
Inarco Pvt. Ltd.,CRISIL,Bank Guarantee,A 4,2026-04-10,79,LOW (<90 days),Oct 2026,Jan 2027,Apr 2027,Apr 2027,0.25,Other,Standard,"INC since Apr 2026 (79 days). MEDIUM by Oct 2026, HOT by Jan 2027, ULTRA HOT by Apr 2027.",Your Bank Guarantee at CRISIL hits ULTRA HOT in Apr 2027. Start ACER process by Jan 2027 to be ahead of Q2 2027 renewal rush.,D365
Inarco Pvt. Ltd.,CRISIL,Letter Of credit,A 4,2026-04-10,79,LOW (<90 days),Oct 2026,Jan 2027,Apr 2027,Apr 2027,5.5,Other,Standard,"INC since Apr 2026 (79 days). MEDIUM by Oct 2026, HOT by Jan 2027, ULTRA HOT by Apr 2027.",Your Letter Of credit at CRISIL hits ULTRA HOT in Apr 2027. Start ACER process by Jan 2027 to be ahead of Q2 2027 renewal rush.,D365
Inarco Pvt. Ltd.,CRISIL,Long term Loans,B,2026-04-10,79,LOW (<90 days),Oct 2026,Jan 2027,Apr 2027,Apr 2027,0.25,Other,Standard,"INC since Apr 2026 (79 days). MEDIUM by Oct 2026, HOT by Jan 2027, ULTRA HOT by Apr 2027.",Your Long term Loans at CRISIL hits ULTRA HOT in Apr 2027. Start ACER process by Jan 2027 to be ahead of Q2 2027 renewal rush.,D365
Independent Resources India Pvt. Ltd.,CRISIL,Term loans,B,2026-04-20,69,LOW (<90 days),Oct 2026,Jan 2027,Apr 2027,Apr 2027,0.4,Other,Standard,"INC since Apr 2026 (69 days). MEDIUM by Oct 2026, HOT by Jan 2027, ULTRA HOT by Apr 2027.",Your Term loans at CRISIL hits ULTRA HOT in Apr 2027. Start ACER process by Jan 2027 to be ahead of Q2 2027 renewal rush.,D365
Inderjeet Bros Projects Pvt. Ltd.,CRISIL,Long term Loans,B,2026-04-20,69,LOW (<90 days),Oct 2026,Jan 2027,Apr 2027,Apr 2027,7.6,Other,Standard,"INC since Apr 2026 (69 days). MEDIUM by Oct 2026, HOT by Jan 2027, ULTRA HOT by Apr 2027.",Your Long term Loans at CRISIL hits ULTRA HOT in Apr 2027. Start ACER process by Jan 2027 to be ahead of Q2 2027 renewal rush.,D365
Indian Pulp & Paper Pvt. Ltd.,IND-RA,Non-government debt,D,2026-04-02,87,LOW (<90 days),Oct 2026,Jan 2027,Apr 2027,Apr 2027,70.02,Paper/Packaging,NCD — SEBI License Required,"INC since Apr 2026 (87 days). MEDIUM by Oct 2026, HOT by Jan 2027, ULTRA HOT by Apr 2027.",Your Non-government debt at IND-RA hits ULTRA HOT in Apr 2027. Start ACER process by Jan 2027 to be ahead of Q2 2027 renewal rush.,D365
Indiana Hospital & Heart Institute Ltd.,ICRA,Non-fund-based financial facility/instrument,A 4,2026-04-29,60,LOW (<90 days),Oct 2026,Jan 2027,Apr 2027,Apr 2027,0.5,Healthcare,Standard,"INC since Apr 2026 (60 days). MEDIUM by Oct 2026, HOT by Jan 2027, ULTRA HOT by Apr 2027.",Your Non-fund-based financial facility/instrument at ICRA hits ULTRA HOT in Apr 2027. Start ACER process by Jan 2027 to be ahead of Q2 2027 renewal rush.,D365
Indiana Hospital & Heart Institute Ltd.,ICRA,Term loans,B,2026-04-29,60,LOW (<90 days),Oct 2026,Jan 2027,Apr 2027,Apr 2027,23.5,Healthcare,Standard,"INC since Apr 2026 (60 days). MEDIUM by Oct 2026, HOT by Jan 2027, ULTRA HOT by Apr 2027.",Your Term loans at ICRA hits ULTRA HOT in Apr 2027. Start ACER process by Jan 2027 to be ahead of Q2 2027 renewal rush.,D365
Indrajit Properties Pvt. Ltd. (2011),BRICKWORK,Term loans,B-,2026-04-01,88,LOW (<90 days),Oct 2026,Jan 2027,Apr 2027,Apr 2027,20.0,IT/Technology,Standard,"INC since Apr 2026 (88 days). MEDIUM by Oct 2026, HOT by Jan 2027, ULTRA HOT by Apr 2027.",Your Term loans at BRICKWORK hits ULTRA HOT in Apr 2027. Start ACER process by Jan 2027 to be ahead of Q2 2027 renewal rush.,D365
Indus Integrated Information Mgmt. Ltd.,ACUITE,Bank Guarantee,A 4,2026-04-09,80,LOW (<90 days),Oct 2026,Jan 2027,Apr 2027,Apr 2027,0.4,Other,Standard,"INC since Apr 2026 (80 days). MEDIUM by Oct 2026, HOT by Jan 2027, ULTRA HOT by Apr 2027.",Your Bank Guarantee at ACUITE hits ULTRA HOT in Apr 2027. Start ACER process by Jan 2027 to be ahead of Q2 2027 renewal rush.,D365
Indus Integrated Information Mgmt. Ltd.,ACUITE,Bank Guarantee,A 4,2026-04-09,80,LOW (<90 days),Oct 2026,Jan 2027,Apr 2027,Apr 2027,0.6,Other,Standard,"INC since Apr 2026 (80 days). MEDIUM by Oct 2026, HOT by Jan 2027, ULTRA HOT by Apr 2027.",Your Bank Guarantee at ACUITE hits ULTRA HOT in Apr 2027. Start ACER process by Jan 2027 to be ahead of Q2 2027 renewal rush.,D365
Indus Integrated Information Mgmt. Ltd.,ACUITE,Term loans,C,2026-04-09,80,LOW (<90 days),Oct 2026,Jan 2027,Apr 2027,Apr 2027,2.5,Other,Standard,"INC since Apr 2026 (80 days). MEDIUM by Oct 2026, HOT by Jan 2027, ULTRA HOT by Apr 2027.",Your Term loans at ACUITE hits ULTRA HOT in Apr 2027. Start ACER process by Jan 2027 to be ahead of Q2 2027 renewal rush.,D365
Infab Infrastructure Pvt. Ltd.,CRISIL,Bank Guarantee,A 4,2026-04-20,69,LOW (<90 days),Oct 2026,Jan 2027,Apr 2027,Apr 2027,7.25,Construction/Infra,Standard,"INC since Apr 2026 (69 days). MEDIUM by Oct 2026, HOT by Jan 2027, ULTRA HOT by Apr 2027.",Your Bank Guarantee at CRISIL hits ULTRA HOT in Apr 2027. Start ACER process by Jan 2027 to be ahead of Q2 2027 renewal rush.,D365
Infab Infrastructure Pvt. Ltd.,CRISIL,Letter Of credit,A 4,2026-04-20,69,LOW (<90 days),Oct 2026,Jan 2027,Apr 2027,Apr 2027,3.5,Construction/Infra,Standard,"INC since Apr 2026 (69 days). MEDIUM by Oct 2026, HOT by Jan 2027, ULTRA HOT by Apr 2027.",Your Letter Of credit at CRISIL hits ULTRA HOT in Apr 2027. Start ACER process by Jan 2027 to be ahead of Q2 2027 renewal rush.,D365
Infres Methodex Pvt. Ltd.,IND-RA,Non-government debt,B/A4,2026-04-02,87,LOW (<90 days),Oct 2026,Jan 2027,Apr 2027,Apr 2027,37.8,Other,NCD — SEBI License Required,"INC since Apr 2026 (87 days). MEDIUM by Oct 2026, HOT by Jan 2027, ULTRA HOT by Apr 2027.",Your Non-government debt at IND-RA hits ULTRA HOT in Apr 2027. Start ACER process by Jan 2027 to be ahead of Q2 2027 renewal rush.,D365
Inmac Computers Ltd.,ACUITE,Bank Guarantee,A 4,2026-04-01,88,LOW (<90 days),Oct 2026,Jan 2027,Apr 2027,Apr 2027,1.8,Other,Standard,"INC since Apr 2026 (88 days). MEDIUM by Oct 2026, HOT by Jan 2027, ULTRA HOT by Apr 2027.",Your Bank Guarantee at ACUITE hits ULTRA HOT in Apr 2027. Start ACER process by Jan 2027 to be ahead of Q2 2027 renewal rush.,D365
Innovative Technomics Pvt. Ltd.,CRISIL,Bank Guarantee,D,2026-04-20,69,LOW (<90 days),Oct 2026,Jan 2027,Apr 2027,Apr 2027,6.0,IT/Technology,Standard,"INC since Apr 2026 (69 days). MEDIUM by Oct 2026, HOT by Jan 2027, ULTRA HOT by Apr 2027.",Your Bank Guarantee at CRISIL hits ULTRA HOT in Apr 2027. Start ACER process by Jan 2027 to be ahead of Q2 2027 renewal rush.,D365
Innovative Technomics Pvt. Ltd.,CRISIL,Letter Of credit,D,2026-04-20,69,LOW (<90 days),Oct 2026,Jan 2027,Apr 2027,Apr 2027,2.0,IT/Technology,Standard,"INC since Apr 2026 (69 days). MEDIUM by Oct 2026, HOT by Jan 2027, ULTRA HOT by Apr 2027.",Your Letter Of credit at CRISIL hits ULTRA HOT in Apr 2027. Start ACER process by Jan 2027 to be ahead of Q2 2027 renewal rush.,D365
Integrated Thermoplastics Ltd.,CARE,Letter Of credit,D,2026-04-10,79,LOW (<90 days),Oct 2026,Jan 2027,Apr 2027,Apr 2027,6.5,Other,Standard,"INC since Apr 2026 (79 days). MEDIUM by Oct 2026, HOT by Jan 2027, ULTRA HOT by Apr 2027.",Your Letter Of credit at CARE hits ULTRA HOT in Apr 2027. Start ACER process by Jan 2027 to be ahead of Q2 2027 renewal rush.,D365
Integrated Thermoplastics Ltd.,CARE,Term loans,D,2026-04-10,79,LOW (<90 days),Oct 2026,Jan 2027,Apr 2027,Apr 2027,7.0,Other,Standard,"INC since Apr 2026 (79 days). MEDIUM by Oct 2026, HOT by Jan 2027, ULTRA HOT by Apr 2027.",Your Term loans at CARE hits ULTRA HOT in Apr 2027. Start ACER process by Jan 2027 to be ahead of Q2 2027 renewal rush.,D365
Intercraft Trading Pvt. Ltd.,CRISIL,Long term Loans,B,2026-04-20,69,LOW (<90 days),Oct 2026,Jan 2027,Apr 2027,Apr 2027,2.1,Other,Standard,"INC since Apr 2026 (69 days). MEDIUM by Oct 2026, HOT by Jan 2027, ULTRA HOT by Apr 2027.",Your Long term Loans at CRISIL hits ULTRA HOT in Apr 2027. Start ACER process by Jan 2027 to be ahead of Q2 2027 renewal rush.,D365
International Coil Ltd.,IND-RA,Non-government debt,B-/A4,2026-04-02,87,LOW (<90 days),Oct 2026,Jan 2027,Apr 2027,Apr 2027,88.0,Other,NCD — SEBI License Required,"INC since Apr 2026 (87 days). MEDIUM by Oct 2026, HOT by Jan 2027, ULTRA HOT by Apr 2027.",Your Non-government debt at IND-RA hits ULTRA HOT in Apr 2027. Start ACER process by Jan 2027 to be ahead of Q2 2027 renewal rush.,D365
International Steel Exchange Pvt. Ltd.,CRISIL,Bank Guarantee,A 4,2026-04-20,69,LOW (<90 days),Oct 2026,Jan 2027,Apr 2027,Apr 2027,2.0,Steel & Metals,Standard,"INC since Apr 2026 (69 days). MEDIUM by Oct 2026, HOT by Jan 2027, ULTRA HOT by Apr 2027.",Your Bank Guarantee at CRISIL hits ULTRA HOT in Apr 2027. Start ACER process by Jan 2027 to be ahead of Q2 2027 renewal rush.,D365
Intouch Mobicare Pvt. Ltd.,CRISIL,Bank Guarantee,A 4,2026-04-20,69,LOW (<90 days),Oct 2026,Jan 2027,Apr 2027,Apr 2027,1.5,Other,Standard,"INC since Apr 2026 (69 days). MEDIUM by Oct 2026, HOT by Jan 2027, ULTRA HOT by Apr 2027.",Your Bank Guarantee at CRISIL hits ULTRA HOT in Apr 2027. Start ACER process by Jan 2027 to be ahead of Q2 2027 renewal rush.,D365
Ishaan Bio Pvt. Ltd.,ACUITE,Long term Loans,BB-,2026-04-08,81,LOW (<90 days),Oct 2026,Jan 2027,Apr 2027,Apr 2027,0.88,Chemicals/Pharma,Standard,"INC since Apr 2026 (81 days). MEDIUM by Oct 2026, HOT by Jan 2027, ULTRA HOT by Apr 2027.",Your Long term Loans at ACUITE hits ULTRA HOT in Apr 2027. Start ACER process by Jan 2027 to be ahead of Q2 2027 renewal rush.,D365
Ishaan Bio Pvt. Ltd.,ACUITE,Term loans,BB-,2026-04-08,81,LOW (<90 days),Oct 2026,Jan 2027,Apr 2027,Apr 2027,0.37,Chemicals/Pharma,Standard,"INC since Apr 2026 (81 days). MEDIUM by Oct 2026, HOT by Jan 2027, ULTRA HOT by Apr 2027.",Your Term loans at ACUITE hits ULTRA HOT in Apr 2027. Start ACER process by Jan 2027 to be ahead of Q2 2027 renewal rush.,D365
Ishwar Ispat Inds. Pvt. Ltd.,CARE,Term loans,B,2026-04-17,72,LOW (<90 days),Oct 2026,Jan 2027,Apr 2027,Apr 2027,25.0,Other,Standard,"INC since Apr 2026 (72 days). MEDIUM by Oct 2026, HOT by Jan 2027, ULTRA HOT by Apr 2027.",Your Term loans at CARE hits ULTRA HOT in Apr 2027. Start ACER process by Jan 2027 to be ahead of Q2 2027 renewal rush.,D365
Ivax Paper Chemicals Pvt. Ltd.,ICRA,Non-fund-based financial facility/instrument,A 4,2026-04-22,67,LOW (<90 days),Oct 2026,Jan 2027,Apr 2027,Apr 2027,19.5,Chemicals/Pharma,Standard,"INC since Apr 2026 (67 days). MEDIUM by Oct 2026, HOT by Jan 2027, ULTRA HOT by Apr 2027.",Your Non-fund-based financial facility/instrument at ICRA hits ULTRA HOT in Apr 2027. Start ACER process by Jan 2027 to be ahead of Q2 2027 renewal rush.,D365
Ivax Paper Chemicals Pvt. Ltd.,ICRA,Short-term loan,A 4,2026-04-22,67,LOW (<90 days),Oct 2026,Jan 2027,Apr 2027,Apr 2027,0.0,Chemicals/Pharma,Standard,"INC since Apr 2026 (67 days). MEDIUM by Oct 2026, HOT by Jan 2027, ULTRA HOT by Apr 2027.",Your Short-term loan at ICRA hits ULTRA HOT in Apr 2027. Start ACER process by Jan 2027 to be ahead of Q2 2027 renewal rush.,D365
Ivax Paper Chemicals Pvt. Ltd.,ICRA,Term loans,B+,2026-04-22,67,LOW (<90 days),Oct 2026,Jan 2027,Apr 2027,Apr 2027,10.0,Chemicals/Pharma,Standard,"INC since Apr 2026 (67 days). MEDIUM by Oct 2026, HOT by Jan 2027, ULTRA HOT by Apr 2027.",Your Term loans at ICRA hits ULTRA HOT in Apr 2027. Start ACER process by Jan 2027 to be ahead of Q2 2027 renewal rush.,D365
J B Daruka Papers Ltd.,CRISIL,Term loans,B,2026-04-16,73,LOW (<90 days),Oct 2026,Jan 2027,Apr 2027,Apr 2027,8.0,Paper/Packaging,Standard,"INC since Apr 2026 (73 days). MEDIUM by Oct 2026, HOT by Jan 2027, ULTRA HOT by Apr 2027.",Your Term loans at CRISIL hits ULTRA HOT in Apr 2027. Start ACER process by Jan 2027 to be ahead of Q2 2027 renewal rush.,D365
J C Construction Pvt. Ltd.,BRICKWORK,Bank Guarantee,A 4,2026-04-02,87,LOW (<90 days),Oct 2026,Jan 2027,Apr 2027,Apr 2027,11.0,Construction/Infra,Standard,"INC since Apr 2026 (87 days). MEDIUM by Oct 2026, HOT by Jan 2027, ULTRA HOT by Apr 2027.",Your Bank Guarantee at BRICKWORK hits ULTRA HOT in Apr 2027. Start ACER process by Jan 2027 to be ahead of Q2 2027 renewal rush.,D365
J C Construction Pvt. Ltd.,BRICKWORK,Term loans,C,2026-04-02,87,LOW (<90 days),Oct 2026,Jan 2027,Apr 2027,Apr 2027,0.9,Construction/Infra,Standard,"INC since Apr 2026 (87 days). MEDIUM by Oct 2026, HOT by Jan 2027, ULTRA HOT by Apr 2027.",Your Term loans at BRICKWORK hits ULTRA HOT in Apr 2027. Start ACER process by Jan 2027 to be ahead of Q2 2027 renewal rush.,D365
J C T Ltd.,CARE,Bank Guarantee,D,2026-04-09,80,LOW (<90 days),Oct 2026,Jan 2027,Apr 2027,Apr 2027,74.28,Other,Standard,"INC since Apr 2026 (80 days). MEDIUM by Oct 2026, HOT by Jan 2027, ULTRA HOT by Apr 2027.",Your Bank Guarantee at CARE hits ULTRA HOT in Apr 2027. Start ACER process by Jan 2027 to be ahead of Q2 2027 renewal rush.,D365
J C T Ltd.,CARE,Term loans,D,2026-04-09,80,LOW (<90 days),Oct 2026,Jan 2027,Apr 2027,Apr 2027,24.68,Other,Standard,"INC since Apr 2026 (80 days). MEDIUM by Oct 2026, HOT by Jan 2027, ULTRA HOT by Apr 2027.",Your Term loans at CARE hits ULTRA HOT in Apr 2027. Start ACER process by Jan 2027 to be ahead of Q2 2027 renewal rush.,D365
J J Glastronics Pvt. Ltd.,CARE,Term loans,BB+,2026-04-09,80,LOW (<90 days),Oct 2026,Jan 2027,Apr 2027,Apr 2027,40.73,Other,Standard,"INC since Apr 2026 (80 days). MEDIUM by Oct 2026, HOT by Jan 2027, ULTRA HOT by Apr 2027.",Your Term loans at CARE hits ULTRA HOT in Apr 2027. Start ACER process by Jan 2027 to be ahead of Q2 2027 renewal rush.,D365
J M Ferro Alloys Pvt. Ltd.,CARE,Letter Of credit,D,2026-04-10,79,LOW (<90 days),Oct 2026,Jan 2027,Apr 2027,Apr 2027,12.0,Steel & Metals,Standard,"INC since Apr 2026 (79 days). MEDIUM by Oct 2026, HOT by Jan 2027, ULTRA HOT by Apr 2027.",Your Letter Of credit at CARE hits ULTRA HOT in Apr 2027. Start ACER process by Jan 2027 to be ahead of Q2 2027 renewal rush.,D365
J P Infra Realty Pvt. Ltd.,IND-RA,Term loans,B-,2026-04-02,87,LOW (<90 days),Oct 2026,Jan 2027,Apr 2027,Apr 2027,350.0,Construction/Infra,Standard,"INC since Apr 2026 (87 days). MEDIUM by Oct 2026, HOT by Jan 2027, ULTRA HOT by Apr 2027.",Your Term loans at IND-RA hits ULTRA HOT in Apr 2027. Start ACER process by Jan 2027 to be ahead of Q2 2027 renewal rush.,D365
J P L Industries Ltd.,CARE,Fund based financial facility/instrument,B+,2026-04-14,75,LOW (<90 days),Oct 2026,Jan 2027,Apr 2027,Apr 2027,6.0,Other,Standard,"INC since Apr 2026 (75 days). MEDIUM by Oct 2026, HOT by Jan 2027, ULTRA HOT by Apr 2027.",Your Fund based financial facility/instrument at CARE hits ULTRA HOT in Apr 2027. Start ACER process by Jan 2027 to be ahead of Q2 2027 renewal rush.,D365
J P L Industries Ltd.,CARE,Non-fund-based financial facility/instrument,A 4,2026-04-14,75,LOW (<90 days),Oct 2026,Jan 2027,Apr 2027,Apr 2027,0.2,Other,Standard,"INC since Apr 2026 (75 days). MEDIUM by Oct 2026, HOT by Jan 2027, ULTRA HOT by Apr 2027.",Your Non-fund-based financial facility/instrument at CARE hits ULTRA HOT in Apr 2027. Start ACER process by Jan 2027 to be ahead of Q2 2027 renewal rush.,D365
J P L Industries Ltd.,CARE,Term loans,B+,2026-04-14,75,LOW (<90 days),Oct 2026,Jan 2027,Apr 2027,Apr 2027,2.61,Other,Standard,"INC since Apr 2026 (75 days). MEDIUM by Oct 2026, HOT by Jan 2027, ULTRA HOT by Apr 2027.",Your Term loans at CARE hits ULTRA HOT in Apr 2027. Start ACER process by Jan 2027 to be ahead of Q2 2027 renewal rush.,D365
J P Motor Pvt. Ltd.,IND-RA,Term loans,B-,2026-04-02,87,LOW (<90 days),Oct 2026,Jan 2027,Apr 2027,Apr 2027,12.0,Automobiles,Standard,"INC since Apr 2026 (87 days). MEDIUM by Oct 2026, HOT by Jan 2027, ULTRA HOT by Apr 2027.",Your Term loans at IND-RA hits ULTRA HOT in Apr 2027. Start ACER process by Jan 2027 to be ahead of Q2 2027 renewal rush.,D365
J S K Corporation Pvt. Ltd.,IND-RA,Term loans,B-,2026-04-02,87,LOW (<90 days),Oct 2026,Jan 2027,Apr 2027,Apr 2027,9.7,Other,Standard,"INC since Apr 2026 (87 days). MEDIUM by Oct 2026, HOT by Jan 2027, ULTRA HOT by Apr 2027.",Your Term loans at IND-RA hits ULTRA HOT in Apr 2027. Start ACER process by Jan 2027 to be ahead of Q2 2027 renewal rush.,D365
Jai Buildcon Pvt. Ltd.,CRISIL,Bank Guarantee,A 4,2026-04-20,69,LOW (<90 days),Oct 2026,Jan 2027,Apr 2027,Apr 2027,8.2,Construction/Infra,Standard,"INC since Apr 2026 (69 days). MEDIUM by Oct 2026, HOT by Jan 2027, ULTRA HOT by Apr 2027.",Your Bank Guarantee at CRISIL hits ULTRA HOT in Apr 2027. Start ACER process by Jan 2027 to be ahead of Q2 2027 renewal rush.,D365
Jai Gears Pvt. Ltd.,CRISIL,Fund based financial facility/instrument,B,2026-04-20,69,LOW (<90 days),Oct 2026,Jan 2027,Apr 2027,Apr 2027,2.0,Other,Standard,"INC since Apr 2026 (69 days). MEDIUM by Oct 2026, HOT by Jan 2027, ULTRA HOT by Apr 2027.",Your Fund based financial facility/instrument at CRISIL hits ULTRA HOT in Apr 2027. Start ACER process by Jan 2027 to be ahead of Q2 2027 renewal rush.,D365
Jai Gears Pvt. Ltd.,CRISIL,Letter Of credit,A 4,2026-04-20,69,LOW (<90 days),Oct 2026,Jan 2027,Apr 2027,Apr 2027,3.0,Other,Standard,"INC since Apr 2026 (69 days). MEDIUM by Oct 2026, HOT by Jan 2027, ULTRA HOT by Apr 2027.",Your Letter Of credit at CRISIL hits ULTRA HOT in Apr 2027. Start ACER process by Jan 2027 to be ahead of Q2 2027 renewal rush.,D365
Jai Kar Techno Pvt. Ltd.,ACUITE,Bank Guarantee,A 4,2026-04-02,87,LOW (<90 days),Oct 2026,Jan 2027,Apr 2027,Apr 2027,2.95,IT/Technology,Standard,"INC since Apr 2026 (87 days). MEDIUM by Oct 2026, HOT by Jan 2027, ULTRA HOT by Apr 2027.",Your Bank Guarantee at ACUITE hits ULTRA HOT in Apr 2027. Start ACER process by Jan 2027 to be ahead of Q2 2027 renewal rush.,D365
Jai Kar Techno Pvt. Ltd.,ACUITE,Fund based financial facility/instrument,A 4,2026-04-02,87,LOW (<90 days),Oct 2026,Jan 2027,Apr 2027,Apr 2027,6.0,IT/Technology,Standard,"INC since Apr 2026 (87 days). MEDIUM by Oct 2026, HOT by Jan 2027, ULTRA HOT by Apr 2027.",Your Fund based financial facility/instrument at ACUITE hits ULTRA HOT in Apr 2027. Start ACER process by Jan 2027 to be ahead of Q2 2027 renewal rush.,D365
Jai Mata Bala Sundari Steels Pvt. Ltd.,CRISIL,Fund based financial facility/instrument,B,2026-04-20,69,LOW (<90 days),Oct 2026,Jan 2027,Apr 2027,Apr 2027,2.0,Steel & Metals,Standard,"INC since Apr 2026 (69 days). MEDIUM by Oct 2026, HOT by Jan 2027, ULTRA HOT by Apr 2027.",Your Fund based financial facility/instrument at CRISIL hits ULTRA HOT in Apr 2027. Start ACER process by Jan 2027 to be ahead of Q2 2027 renewal rush.,D365
Jaipur Jewels Global Ltd.,ACUITE,Bank Guarantee,A 4,2026-04-01,88,LOW (<90 days),Oct 2026,Jan 2027,Apr 2027,Apr 2027,25.0,Other,Standard,"INC since Apr 2026 (88 days). MEDIUM by Oct 2026, HOT by Jan 2027, ULTRA HOT by Apr 2027.",Your Bank Guarantee at ACUITE hits ULTRA HOT in Apr 2027. Start ACER process by Jan 2027 to be ahead of Q2 2027 renewal rush.,D365
Jaipur Rugs Co. Ltd.,ICRA,Non-government debt,A 4,2026-04-22,67,LOW (<90 days),Oct 2026,Jan 2027,Apr 2027,Apr 2027,60.0,Other,NCD — SEBI License Required,"INC since Apr 2026 (67 days). MEDIUM by Oct 2026, HOT by Jan 2027, ULTRA HOT by Apr 2027.",Your Non-government debt at ICRA hits ULTRA HOT in Apr 2027. Start ACER process by Jan 2027 to be ahead of Q2 2027 renewal rush.,D365
Jajoo Surgicals Pvt. Ltd.,IND-RA,Non-government debt,B-/A4,2026-04-02,87,LOW (<90 days),Oct 2026,Jan 2027,Apr 2027,Apr 2027,7.96,Other,NCD — SEBI License Required,"INC since Apr 2026 (87 days). MEDIUM by Oct 2026, HOT by Jan 2027, ULTRA HOT by Apr 2027.",Your Non-government debt at IND-RA hits ULTRA HOT in Apr 2027. Start ACER process by Jan 2027 to be ahead of Q2 2027 renewal rush.,D365
Jalan Transolutions (India) Ltd.,CARE,Term loans,D,2026-04-15,74,LOW (<90 days),Oct 2026,Jan 2027,Apr 2027,Apr 2027,13.5,Other,Standard,"INC since Apr 2026 (74 days). MEDIUM by Oct 2026, HOT by Jan 2027, ULTRA HOT by Apr 2027.",Your Term loans at CARE hits ULTRA HOT in Apr 2027. Start ACER process by Jan 2027 to be ahead of Q2 2027 renewal rush.,D365
Jalnidhi Bitumen Specialities Pvt. Ltd.,BRICKWORK,Bank Guarantee,A 4,2026-04-06,83,LOW (<90 days),Oct 2026,Jan 2027,Apr 2027,Apr 2027,0.0,BFSI/NBFC,Standard,"INC since Apr 2026 (83 days). MEDIUM by Oct 2026, HOT by Jan 2027, ULTRA HOT by Apr 2027.",Your Bank Guarantee at BRICKWORK hits ULTRA HOT in Apr 2027. Start ACER process by Jan 2027 to be ahead of Q2 2027 renewal rush.,D365
Jalnidhi Bitumen Specialities Pvt. Ltd.,BRICKWORK,Bank Guarantee,A 4,2026-04-06,83,LOW (<90 days),Oct 2026,Jan 2027,Apr 2027,Apr 2027,1.35,BFSI/NBFC,Standard,"INC since Apr 2026 (83 days). MEDIUM by Oct 2026, HOT by Jan 2027, ULTRA HOT by Apr 2027.",Your Bank Guarantee at BRICKWORK hits ULTRA HOT in Apr 2027. Start ACER process by Jan 2027 to be ahead of Q2 2027 renewal rush.,D365
Jalnidhi Bitumen Specialities Pvt. Ltd.,BRICKWORK,Fund based financial facility/instrument,B+,2026-04-06,83,LOW (<90 days),Oct 2026,Jan 2027,Apr 2027,Apr 2027,0.0,BFSI/NBFC,Standard,"INC since Apr 2026 (83 days). MEDIUM by Oct 2026, HOT by Jan 2027, ULTRA HOT by Apr 2027.",Your Fund based financial facility/instrument at BRICKWORK hits ULTRA HOT in Apr 2027. Start ACER process by Jan 2027 to be ahead of Q2 2027 renewal rush.,D365
Jalnidhi Bitumen Specialities Pvt. Ltd.,BRICKWORK,Letter Of credit,A 4,2026-04-06,83,LOW (<90 days),Oct 2026,Jan 2027,Apr 2027,Apr 2027,5.55,BFSI/NBFC,Standard,"INC since Apr 2026 (83 days). MEDIUM by Oct 2026, HOT by Jan 2027, ULTRA HOT by Apr 2027.",Your Letter Of credit at BRICKWORK hits ULTRA HOT in Apr 2027. Start ACER process by Jan 2027 to be ahead of Q2 2027 renewal rush.,D365
Jalnidhi Bitumen Specialities Pvt. Ltd.,BRICKWORK,Letter Of credit,A 4,2026-04-06,83,LOW (<90 days),Oct 2026,Jan 2027,Apr 2027,Apr 2027,0.0,BFSI/NBFC,Standard,"INC since Apr 2026 (83 days). MEDIUM by Oct 2026, HOT by Jan 2027, ULTRA HOT by Apr 2027.",Your Letter Of credit at BRICKWORK hits ULTRA HOT in Apr 2027. Start ACER process by Jan 2027 to be ahead of Q2 2027 renewal rush.,D365
James Retail Pvt. Ltd.,IND-RA,Non-government debt,B-/A4,2026-04-02,87,LOW (<90 days),Oct 2026,Jan 2027,Apr 2027,Apr 2027,13.0,Other,NCD — SEBI License Required,"INC since Apr 2026 (87 days). MEDIUM by Oct 2026, HOT by Jan 2027, ULTRA HOT by Apr 2027.",Your Non-government debt at IND-RA hits ULTRA HOT in Apr 2027. Start ACER process by Jan 2027 to be ahead of Q2 2027 renewal rush.,D365
Jayachandran Alloys Pvt. Ltd.,CRISIL,Bank Guarantee,A 4,2026-04-23,66,LOW (<90 days),Oct 2026,Jan 2027,Apr 2027,Apr 2027,2.0,Steel & Metals,Standard,"INC since Apr 2026 (66 days). MEDIUM by Oct 2026, HOT by Jan 2027, ULTRA HOT by Apr 2027.",Your Bank Guarantee at CRISIL hits ULTRA HOT in Apr 2027. Start ACER process by Jan 2027 to be ahead of Q2 2027 renewal rush.,D365
Jayachandran Industries Pvt. Ltd.,CRISIL,Long term Loans,B,2026-04-09,80,LOW (<90 days),Oct 2026,Jan 2027,Apr 2027,Apr 2027,5.35,Other,Standard,"INC since Apr 2026 (80 days). MEDIUM by Oct 2026, HOT by Jan 2027, ULTRA HOT by Apr 2027.",Your Long term Loans at CRISIL hits ULTRA HOT in Apr 2027. Start ACER process by Jan 2027 to be ahead of Q2 2027 renewal rush.,D365
Jayachandran Industries Pvt. Ltd.,CRISIL,Term loans,B,2026-04-09,80,LOW (<90 days),Oct 2026,Jan 2027,Apr 2027,Apr 2027,1.25,Other,Standard,"INC since Apr 2026 (80 days). MEDIUM by Oct 2026, HOT by Jan 2027, ULTRA HOT by Apr 2027.",Your Term loans at CRISIL hits ULTRA HOT in Apr 2027. Start ACER process by Jan 2027 to be ahead of Q2 2027 renewal rush.,D365
Jenam Enterprises Pvt. Ltd.,CRISIL,Letter Of credit,D,2026-04-20,69,LOW (<90 days),Oct 2026,Jan 2027,Apr 2027,Apr 2027,7.75,Other,Standard,"INC since Apr 2026 (69 days). MEDIUM by Oct 2026, HOT by Jan 2027, ULTRA HOT by Apr 2027.",Your Letter Of credit at CRISIL hits ULTRA HOT in Apr 2027. Start ACER process by Jan 2027 to be ahead of Q2 2027 renewal rush.,D365
Jenam Enterprises Pvt. Ltd.,CRISIL,Long term Loans,D,2026-04-20,69,LOW (<90 days),Oct 2026,Jan 2027,Apr 2027,Apr 2027,2.25,Other,Standard,"INC since Apr 2026 (69 days). MEDIUM by Oct 2026, HOT by Jan 2027, ULTRA HOT by Apr 2027.",Your Long term Loans at CRISIL hits ULTRA HOT in Apr 2027. Start ACER process by Jan 2027 to be ahead of Q2 2027 renewal rush.,D365
Jindal Wood Products Pvt. Ltd.,IND-RA,Non-government debt,D,2026-04-02,87,LOW (<90 days),Oct 2026,Jan 2027,Apr 2027,Apr 2027,15.97,Other,NCD — SEBI License Required,"INC since Apr 2026 (87 days). MEDIUM by Oct 2026, HOT by Jan 2027, ULTRA HOT by Apr 2027.",Your Non-government debt at IND-RA hits ULTRA HOT in Apr 2027. Start ACER process by Jan 2027 to be ahead of Q2 2027 renewal rush.,D365
Jiya Agro Pvt. Ltd.,CRISIL,Long term Loans,D,2026-04-20,69,LOW (<90 days),Oct 2026,Jan 2027,Apr 2027,Apr 2027,31.75,Agro/Food,Standard,"INC since Apr 2026 (69 days). MEDIUM by Oct 2026, HOT by Jan 2027, ULTRA HOT by Apr 2027.",Your Long term Loans at CRISIL hits ULTRA HOT in Apr 2027. Start ACER process by Jan 2027 to be ahead of Q2 2027 renewal rush.,D365
Joshi Automobiles Pvt. Ltd.,BRICKWORK,Bank Guarantee,A 4,2026-04-03,86,LOW (<90 days),Oct 2026,Jan 2027,Apr 2027,Apr 2027,0.1,Automobiles,Standard,"INC since Apr 2026 (86 days). MEDIUM by Oct 2026, HOT by Jan 2027, ULTRA HOT by Apr 2027.",Your Bank Guarantee at BRICKWORK hits ULTRA HOT in Apr 2027. Start ACER process by Jan 2027 to be ahead of Q2 2027 renewal rush.,D365
Joyguru Cold Storage Pvt. Ltd.,CARE,Bank Guarantee,A 4,2026-04-15,74,LOW (<90 days),Oct 2026,Jan 2027,Apr 2027,Apr 2027,0.07,Other,Standard,"INC since Apr 2026 (74 days). MEDIUM by Oct 2026, HOT by Jan 2027, ULTRA HOT by Apr 2027.",Your Bank Guarantee at CARE hits ULTRA HOT in Apr 2027. Start ACER process by Jan 2027 to be ahead of Q2 2027 renewal rush.,D365
Junna Solar Systems Ltd.,CRISIL,Letter Of credit,A 4,2026-04-17,72,LOW (<90 days),Oct 2026,Jan 2027,Apr 2027,Apr 2027,31.0,Energy/Power,Standard,"INC since Apr 2026 (72 days). MEDIUM by Oct 2026, HOT by Jan 2027, ULTRA HOT by Apr 2027.",Your Letter Of credit at CRISIL hits ULTRA HOT in Apr 2027. Start ACER process by Jan 2027 to be ahead of Q2 2027 renewal rush.,D365
Junna Solar Systems Ltd.,CRISIL,Term loans,B,2026-04-17,72,LOW (<90 days),Oct 2026,Jan 2027,Apr 2027,Apr 2027,45.44,Energy/Power,Standard,"INC since Apr 2026 (72 days). MEDIUM by Oct 2026, HOT by Jan 2027, ULTRA HOT by Apr 2027.",Your Term loans at CRISIL hits ULTRA HOT in Apr 2027. Start ACER process by Jan 2027 to be ahead of Q2 2027 renewal rush.,D365
Just Textiles Ltd.,CRISIL,Fund based financial facility/instrument,B,2026-04-10,79,LOW (<90 days),Oct 2026,Jan 2027,Apr 2027,Apr 2027,0.5,Textiles,Standard,"INC since Apr 2026 (79 days). MEDIUM by Oct 2026, HOT by Jan 2027, ULTRA HOT by Apr 2027.",Your Fund based financial facility/instrument at CRISIL hits ULTRA HOT in Apr 2027. Start ACER process by Jan 2027 to be ahead of Q2 2027 renewal rush.,D365
Just Textiles Ltd.,CRISIL,Letter Of credit,A 4,2026-04-10,79,LOW (<90 days),Oct 2026,Jan 2027,Apr 2027,Apr 2027,1.0,Textiles,Standard,"INC since Apr 2026 (79 days). MEDIUM by Oct 2026, HOT by Jan 2027, ULTRA HOT by Apr 2027.",Your Letter Of credit at CRISIL hits ULTRA HOT in Apr 2027. Start ACER process by Jan 2027 to be ahead of Q2 2027 renewal rush.,D365
Just Textiles Ltd.,CRISIL,Term loans,B,2026-04-10,79,LOW (<90 days),Oct 2026,Jan 2027,Apr 2027,Apr 2027,6.0,Textiles,Standard,"INC since Apr 2026 (79 days). MEDIUM by Oct 2026, HOT by Jan 2027, ULTRA HOT by Apr 2027.",Your Term loans at CRISIL hits ULTRA HOT in Apr 2027. Start ACER process by Jan 2027 to be ahead of Q2 2027 renewal rush.,D365
K B K Biotech Pvt. Ltd.,CARE,Non-government debt,BB/A4,2026-04-02,87,LOW (<90 days),Oct 2026,Jan 2027,Apr 2027,Apr 2027,76.78,Chemicals/Pharma,NCD — SEBI License Required,"INC since Apr 2026 (87 days). MEDIUM by Oct 2026, HOT by Jan 2027, ULTRA HOT by Apr 2027.",Your Non-government debt at CARE hits ULTRA HOT in Apr 2027. Start ACER process by Jan 2027 to be ahead of Q2 2027 renewal rush.,D365
K B K Biotech Pvt. Ltd.,CARE,Non-government debt,BB/A4,2026-04-02,87,LOW (<90 days),Oct 2026,Jan 2027,Apr 2027,Apr 2027,1.0,Chemicals/Pharma,NCD — SEBI License Required,"INC since Apr 2026 (87 days). MEDIUM by Oct 2026, HOT by Jan 2027, ULTRA HOT by Apr 2027.",Your Non-government debt at CARE hits ULTRA HOT in Apr 2027. Start ACER process by Jan 2027 to be ahead of Q2 2027 renewal rush.,D365
K B K Biotech Pvt. Ltd.,CARE,Term loans,BB,2026-04-02,87,LOW (<90 days),Oct 2026,Jan 2027,Apr 2027,Apr 2027,138.22,Chemicals/Pharma,Standard,"INC since Apr 2026 (87 days). MEDIUM by Oct 2026, HOT by Jan 2027, ULTRA HOT by Apr 2027.",Your Term loans at CARE hits ULTRA HOT in Apr 2027. Start ACER process by Jan 2027 to be ahead of Q2 2027 renewal rush.,D365
K B K Biotech Pvt. Ltd.,ICRA,Bank Guarantee,A 4,2026-04-29,60,LOW (<90 days),Oct 2026,Jan 2027,Apr 2027,Apr 2027,1.0,Chemicals/Pharma,Standard,"INC since Apr 2026 (60 days). MEDIUM by Oct 2026, HOT by Jan 2027, ULTRA HOT by Apr 2027.",Your Bank Guarantee at ICRA hits ULTRA HOT in Apr 2027. Start ACER process by Jan 2027 to be ahead of Q2 2027 renewal rush.,D365
K B K Biotech Pvt. Ltd.,ICRA,Term loans,B+,2026-04-29,60,LOW (<90 days),Oct 2026,Jan 2027,Apr 2027,Apr 2027,60.0,Chemicals/Pharma,Standard,"INC since Apr 2026 (60 days). MEDIUM by Oct 2026, HOT by Jan 2027, ULTRA HOT by Apr 2027.",Your Term loans at ICRA hits ULTRA HOT in Apr 2027. Start ACER process by Jan 2027 to be ahead of Q2 2027 renewal rush.,D365
K B S C Auto Pvt. Ltd.,CARE,Fund based financial facility/instrument,A 4,2026-04-28,61,LOW (<90 days),Oct 2026,Jan 2027,Apr 2027,Apr 2027,50.0,Automobiles,Standard,"INC since Apr 2026 (61 days). MEDIUM by Oct 2026, HOT by Jan 2027, ULTRA HOT by Apr 2027.",Your Fund based financial facility/instrument at CARE hits ULTRA HOT in Apr 2027. Start ACER process by Jan 2027 to be ahead of Q2 2027 renewal rush.,D365
K B S C Auto Pvt. Ltd.,CARE,Non-government debt,B+/A4,2026-04-28,61,LOW (<90 days),Oct 2026,Jan 2027,Apr 2027,Apr 2027,0.5,Automobiles,NCD — SEBI License Required,"INC since Apr 2026 (61 days). MEDIUM by Oct 2026, HOT by Jan 2027, ULTRA HOT by Apr 2027.",Your Non-government debt at CARE hits ULTRA HOT in Apr 2027. Start ACER process by Jan 2027 to be ahead of Q2 2027 renewal rush.,D365
K D Supply Chain Solutions Pvt. Ltd.,CRISIL,Bank Guarantee,A 4,2026-04-23,66,LOW (<90 days),Oct 2026,Jan 2027,Apr 2027,Apr 2027,1.5,Other,Standard,"INC since Apr 2026 (66 days). MEDIUM by Oct 2026, HOT by Jan 2027, ULTRA HOT by Apr 2027.",Your Bank Guarantee at CRISIL hits ULTRA HOT in Apr 2027. Start ACER process by Jan 2027 to be ahead of Q2 2027 renewal rush.,D365
K D Supply Chain Solutions Pvt. Ltd.,CRISIL,Long term Loans,B,2026-04-23,66,LOW (<90 days),Oct 2026,Jan 2027,Apr 2027,Apr 2027,0.5,Other,Standard,"INC since Apr 2026 (66 days). MEDIUM by Oct 2026, HOT by Jan 2027, ULTRA HOT by Apr 2027.",Your Long term Loans at CRISIL hits ULTRA HOT in Apr 2027. Start ACER process by Jan 2027 to be ahead of Q2 2027 renewal rush.,D365
K D Supply Chain Solutions Pvt. Ltd.,CRISIL,Term loans,B,2026-04-23,66,LOW (<90 days),Oct 2026,Jan 2027,Apr 2027,Apr 2027,10.0,Other,Standard,"INC since Apr 2026 (66 days). MEDIUM by Oct 2026, HOT by Jan 2027, ULTRA HOT by Apr 2027.",Your Term loans at CRISIL hits ULTRA HOT in Apr 2027. Start ACER process by Jan 2027 to be ahead of Q2 2027 renewal rush.,D365
K G Flexx Pvt. Ltd.,CRISIL,Bank Guarantee,A 4,2026-04-30,59,LOW (<90 days),Oct 2026,Jan 2027,Apr 2027,Apr 2027,14.0,Other,Standard,"INC since Apr 2026 (59 days). MEDIUM by Oct 2026, HOT by Jan 2027, ULTRA HOT by Apr 2027.",Your Bank Guarantee at CRISIL hits ULTRA HOT in Apr 2027. Start ACER process by Jan 2027 to be ahead of Q2 2027 renewal rush.,D365
K G Flexx Pvt. Ltd.,CRISIL,Long term Loans,B,2026-04-30,59,LOW (<90 days),Oct 2026,Jan 2027,Apr 2027,Apr 2027,0.5,Other,Standard,"INC since Apr 2026 (59 days). MEDIUM by Oct 2026, HOT by Jan 2027, ULTRA HOT by Apr 2027.",Your Long term Loans at CRISIL hits ULTRA HOT in Apr 2027. Start ACER process by Jan 2027 to be ahead of Q2 2027 renewal rush.,D365
K G Flexx Pvt. Ltd.,CRISIL,Term loans,B,2026-04-30,59,LOW (<90 days),Oct 2026,Jan 2027,Apr 2027,Apr 2027,318.0,Other,Standard,"INC since Apr 2026 (59 days). MEDIUM by Oct 2026, HOT by Jan 2027, ULTRA HOT by Apr 2027.",Your Term loans at CRISIL hits ULTRA HOT in Apr 2027. Start ACER process by Jan 2027 to be ahead of Q2 2027 renewal rush.,D365
K G N Motors Pvt. Ltd.,CARE,Term loans,D,2026-04-08,81,LOW (<90 days),Oct 2026,Jan 2027,Apr 2027,Apr 2027,4.89,Automobiles,Standard,"INC since Apr 2026 (81 days). MEDIUM by Oct 2026, HOT by Jan 2027, ULTRA HOT by Apr 2027.",Your Term loans at CARE hits ULTRA HOT in Apr 2027. Start ACER process by Jan 2027 to be ahead of Q2 2027 renewal rush.,D365
K G S Sugar & Infra Corpn. Ltd.,ICRA,Non-government debt,D,2026-04-16,73,LOW (<90 days),Oct 2026,Jan 2027,Apr 2027,Apr 2027,69.86,Construction/Infra,NCD — SEBI License Required,"INC since Apr 2026 (73 days). MEDIUM by Oct 2026, HOT by Jan 2027, ULTRA HOT by Apr 2027.",Your Non-government debt at ICRA hits ULTRA HOT in Apr 2027. Start ACER process by Jan 2027 to be ahead of Q2 2027 renewal rush.,D365
K G S Sugar & Infra Corpn. Ltd.,ICRA,Term loans,D,2026-04-16,73,LOW (<90 days),Oct 2026,Jan 2027,Apr 2027,Apr 2027,210.81,Construction/Infra,Standard,"INC since Apr 2026 (73 days). MEDIUM by Oct 2026, HOT by Jan 2027, ULTRA HOT by Apr 2027.",Your Term loans at ICRA hits ULTRA HOT in Apr 2027. Start ACER process by Jan 2027 to be ahead of Q2 2027 renewal rush.,D365
K I Z Foods Pvt. Ltd.,BRICKWORK,Term loans,C,2026-04-08,81,LOW (<90 days),Oct 2026,Jan 2027,Apr 2027,Apr 2027,0.63,Agro/Food,Standard,"INC since Apr 2026 (81 days). MEDIUM by Oct 2026, HOT by Jan 2027, ULTRA HOT by Apr 2027.",Your Term loans at BRICKWORK hits ULTRA HOT in Apr 2027. Start ACER process by Jan 2027 to be ahead of Q2 2027 renewal rush.,D365
K K V Agro Powers Ltd.,ICRA,Term loans,BB+,2026-04-29,60,LOW (<90 days),Oct 2026,Jan 2027,Apr 2027,Apr 2027,1.39,Energy/Power,Standard,"INC since Apr 2026 (60 days). MEDIUM by Oct 2026, HOT by Jan 2027, ULTRA HOT by Apr 2027.",Your Term loans at ICRA hits ULTRA HOT in Apr 2027. Start ACER process by Jan 2027 to be ahead of Q2 2027 renewal rush.,D365
K M Toll Road Pvt. Ltd.,BRICKWORK,Fund based financial facility/instrument,D,2026-04-02,87,LOW (<90 days),Oct 2026,Jan 2027,Apr 2027,Apr 2027,0.0,Construction/Infra,Standard,"INC since Apr 2026 (87 days). MEDIUM by Oct 2026, HOT by Jan 2027, ULTRA HOT by Apr 2027.",Your Fund based financial facility/instrument at BRICKWORK hits ULTRA HOT in Apr 2027. Start ACER process by Jan 2027 to be ahead of Q2 2027 renewal rush.,D365
K M Toll Road Pvt. Ltd.,BRICKWORK,Term loans,D,2026-04-02,87,LOW (<90 days),Oct 2026,Jan 2027,Apr 2027,Apr 2027,481.03,Construction/Infra,Standard,"INC since Apr 2026 (87 days). MEDIUM by Oct 2026, HOT by Jan 2027, ULTRA HOT by Apr 2027.",Your Term loans at BRICKWORK hits ULTRA HOT in Apr 2027. Start ACER process by Jan 2027 to be ahead of Q2 2027 renewal rush.,D365
K Mohan & Co. (Exports) Pvt. Ltd.,ICRA,Non-government debt,D,2026-04-17,72,LOW (<90 days),Oct 2026,Jan 2027,Apr 2027,Apr 2027,3.5,Other,NCD — SEBI License Required,"INC since Apr 2026 (72 days). MEDIUM by Oct 2026, HOT by Jan 2027, ULTRA HOT by Apr 2027.",Your Non-government debt at ICRA hits ULTRA HOT in Apr 2027. Start ACER process by Jan 2027 to be ahead of Q2 2027 renewal rush.,D365
K N K Construction Pvt. Ltd.,ICRA,Non-fund-based financial facility/instrument,D,2026-04-17,72,LOW (<90 days),Oct 2026,Jan 2027,Apr 2027,Apr 2027,40.0,Construction/Infra,Standard,"INC since Apr 2026 (72 days). MEDIUM by Oct 2026, HOT by Jan 2027, ULTRA HOT by Apr 2027.",Your Non-fund-based financial facility/instrument at ICRA hits ULTRA HOT in Apr 2027. Start ACER process by Jan 2027 to be ahead of Q2 2027 renewal rush.,D365
K N K Construction Pvt. Ltd.,ICRA,Non-government debt,D,2026-04-17,72,LOW (<90 days),Oct 2026,Jan 2027,Apr 2027,Apr 2027,5.0,Construction/Infra,NCD — SEBI License Required,"INC since Apr 2026 (72 days). MEDIUM by Oct 2026, HOT by Jan 2027, ULTRA HOT by Apr 2027.",Your Non-government debt at ICRA hits ULTRA HOT in Apr 2027. Start ACER process by Jan 2027 to be ahead of Q2 2027 renewal rush.,D365
K N Singh Infratech Pvt. Ltd.,CARE,Bank Guarantee,A 4,2026-04-16,73,LOW (<90 days),Oct 2026,Jan 2027,Apr 2027,Apr 2027,3.25,Construction/Infra,Standard,"INC since Apr 2026 (73 days). MEDIUM by Oct 2026, HOT by Jan 2027, ULTRA HOT by Apr 2027.",Your Bank Guarantee at CARE hits ULTRA HOT in Apr 2027. Start ACER process by Jan 2027 to be ahead of Q2 2027 renewal rush.,D365
K N Singh Infratech Pvt. Ltd.,CARE,Term loans,B-,2026-04-16,73,LOW (<90 days),Oct 2026,Jan 2027,Apr 2027,Apr 2027,0.19,Construction/Infra,Standard,"INC since Apr 2026 (73 days). MEDIUM by Oct 2026, HOT by Jan 2027, ULTRA HOT by Apr 2027.",Your Term loans at CARE hits ULTRA HOT in Apr 2027. Start ACER process by Jan 2027 to be ahead of Q2 2027 renewal rush.,D365
K O S C Industries Pvt. Ltd.,ACUITE,Letter Of credit,D,2026-04-14,75,LOW (<90 days),Oct 2026,Jan 2027,Apr 2027,Apr 2027,1.0,Other,Standard,"INC since Apr 2026 (75 days). MEDIUM by Oct 2026, HOT by Jan 2027, ULTRA HOT by Apr 2027.",Your Letter Of credit at ACUITE hits ULTRA HOT in Apr 2027. Start ACER process by Jan 2027 to be ahead of Q2 2027 renewal rush.,D365
K O S C Industries Pvt. Ltd.,ACUITE,Term loans,D,2026-04-14,75,LOW (<90 days),Oct 2026,Jan 2027,Apr 2027,Apr 2027,0.9,Other,Standard,"INC since Apr 2026 (75 days). MEDIUM by Oct 2026, HOT by Jan 2027, ULTRA HOT by Apr 2027.",Your Term loans at ACUITE hits ULTRA HOT in Apr 2027. Start ACER process by Jan 2027 to be ahead of Q2 2027 renewal rush.,D365
K P Polyolefin Sacks Pvt. Ltd.,IND-RA,Non-government debt,B/A4,2026-04-02,87,LOW (<90 days),Oct 2026,Jan 2027,Apr 2027,Apr 2027,11.48,Other,NCD — SEBI License Required,"INC since Apr 2026 (87 days). MEDIUM by Oct 2026, HOT by Jan 2027, ULTRA HOT by Apr 2027.",Your Non-government debt at IND-RA hits ULTRA HOT in Apr 2027. Start ACER process by Jan 2027 to be ahead of Q2 2027 renewal rush.,D365
K P Solvex Pvt. Ltd.,CARE,Bank Guarantee,A 4,2026-04-20,69,LOW (<90 days),Oct 2026,Jan 2027,Apr 2027,Apr 2027,1.0,Other,Standard,"INC since Apr 2026 (69 days). MEDIUM by Oct 2026, HOT by Jan 2027, ULTRA HOT by Apr 2027.",Your Bank Guarantee at CARE hits ULTRA HOT in Apr 2027. Start ACER process by Jan 2027 to be ahead of Q2 2027 renewal rush.,D365
K P Solvex Pvt. Ltd.,CARE,Fund based financial facility/instrument,B,2026-04-20,69,LOW (<90 days),Oct 2026,Jan 2027,Apr 2027,Apr 2027,0.78,Other,Standard,"INC since Apr 2026 (69 days). MEDIUM by Oct 2026, HOT by Jan 2027, ULTRA HOT by Apr 2027.",Your Fund based financial facility/instrument at CARE hits ULTRA HOT in Apr 2027. Start ACER process by Jan 2027 to be ahead of Q2 2027 renewal rush.,D365
K P Solvex Pvt. Ltd.,CARE,Term loans,B,2026-04-20,69,LOW (<90 days),Oct 2026,Jan 2027,Apr 2027,Apr 2027,8.11,Other,Standard,"INC since Apr 2026 (69 days). MEDIUM by Oct 2026, HOT by Jan 2027, ULTRA HOT by Apr 2027.",Your Term loans at CARE hits ULTRA HOT in Apr 2027. Start ACER process by Jan 2027 to be ahead of Q2 2027 renewal rush.,D365
K V R Industries Pvt. Ltd.,CRISIL,Long term Loans,D,2026-04-10,79,LOW (<90 days),Oct 2026,Jan 2027,Apr 2027,Apr 2027,16.0,Other,Standard,"INC since Apr 2026 (79 days). MEDIUM by Oct 2026, HOT by Jan 2027, ULTRA HOT by Apr 2027.",Your Long term Loans at CRISIL hits ULTRA HOT in Apr 2027. Start ACER process by Jan 2027 to be ahead of Q2 2027 renewal rush.,D365
K V R Industries Pvt. Ltd.,CRISIL,Term loans,D,2026-04-10,79,LOW (<90 days),Oct 2026,Jan 2027,Apr 2027,Apr 2027,1.92,Other,Standard,"INC since Apr 2026 (79 days). MEDIUM by Oct 2026, HOT by Jan 2027, ULTRA HOT by Apr 2027.",Your Term loans at CRISIL hits ULTRA HOT in Apr 2027. Start ACER process by Jan 2027 to be ahead of Q2 2027 renewal rush.,D365
K2 Metals Pvt. Ltd.,ACUITE,Letter Of credit,D,2026-04-17,72,LOW (<90 days),Oct 2026,Jan 2027,Apr 2027,Apr 2027,10.0,Steel & Metals,Standard,"INC since Apr 2026 (72 days). MEDIUM by Oct 2026, HOT by Jan 2027, ULTRA HOT by Apr 2027.",Your Letter Of credit at ACUITE hits ULTRA HOT in Apr 2027. Start ACER process by Jan 2027 to be ahead of Q2 2027 renewal rush.,D365
K2 Metals Pvt. Ltd.,ACUITE,Long term Loans,D,2026-04-17,72,LOW (<90 days),Oct 2026,Jan 2027,Apr 2027,Apr 2027,5.42,Steel & Metals,Standard,"INC since Apr 2026 (72 days). MEDIUM by Oct 2026, HOT by Jan 2027, ULTRA HOT by Apr 2027.",Your Long term Loans at ACUITE hits ULTRA HOT in Apr 2027. Start ACER process by Jan 2027 to be ahead of Q2 2027 renewal rush.,D365
K2 Metals Pvt. Ltd.,ACUITE,Term loans,D,2026-04-17,72,LOW (<90 days),Oct 2026,Jan 2027,Apr 2027,Apr 2027,9.08,Steel & Metals,Standard,"INC since Apr 2026 (72 days). MEDIUM by Oct 2026, HOT by Jan 2027, ULTRA HOT by Apr 2027.",Your Term loans at ACUITE hits ULTRA HOT in Apr 2027. Start ACER process by Jan 2027 to be ahead of Q2 2027 renewal rush.,D365
Kaadambary Ricetech Pvt. Ltd.,CARE,Term loans,D,2026-04-23,66,LOW (<90 days),Oct 2026,Jan 2027,Apr 2027,Apr 2027,5.5,Agro/Food,Standard,"INC since Apr 2026 (66 days). MEDIUM by Oct 2026, HOT by Jan 2027, ULTRA HOT by Apr 2027.",Your Term loans at CARE hits ULTRA HOT in Apr 2027. Start ACER process by Jan 2027 to be ahead of Q2 2027 renewal rush.,D365
Kaila Devi Health Care Services Pvt. Ltd.,CARE,Fund based financial facility/instrument,B-,2026-04-15,74,LOW (<90 days),Oct 2026,Jan 2027,Apr 2027,Apr 2027,4.08,Healthcare,Standard,"INC since Apr 2026 (74 days). MEDIUM by Oct 2026, HOT by Jan 2027, ULTRA HOT by Apr 2027.",Your Fund based financial facility/instrument at CARE hits ULTRA HOT in Apr 2027. Start ACER process by Jan 2027 to be ahead of Q2 2027 renewal rush.,D365
Kaila Devi Health Care Services Pvt. Ltd.,CARE,Term loans,B-,2026-04-15,74,LOW (<90 days),Oct 2026,Jan 2027,Apr 2027,Apr 2027,7.72,Healthcare,Standard,"INC since Apr 2026 (74 days). MEDIUM by Oct 2026, HOT by Jan 2027, ULTRA HOT by Apr 2027.",Your Term loans at CARE hits ULTRA HOT in Apr 2027. Start ACER process by Jan 2027 to be ahead of Q2 2027 renewal rush.,D365
Kakan Rice Mill Pvt. Ltd.,ACUITE,Bank Guarantee,D,2026-04-01,88,LOW (<90 days),Oct 2026,Jan 2027,Apr 2027,Apr 2027,1.0,Agro/Food,Standard,"INC since Apr 2026 (88 days). MEDIUM by Oct 2026, HOT by Jan 2027, ULTRA HOT by Apr 2027.",Your Bank Guarantee at ACUITE hits ULTRA HOT in Apr 2027. Start ACER process by Jan 2027 to be ahead of Q2 2027 renewal rush.,D365
Kakan Rice Mill Pvt. Ltd.,ACUITE,Term loans,D,2026-04-01,88,LOW (<90 days),Oct 2026,Jan 2027,Apr 2027,Apr 2027,6.85,Agro/Food,Standard,"INC since Apr 2026 (88 days). MEDIUM by Oct 2026, HOT by Jan 2027, ULTRA HOT by Apr 2027.",Your Term loans at ACUITE hits ULTRA HOT in Apr 2027. Start ACER process by Jan 2027 to be ahead of Q2 2027 renewal rush.,D365
Kallam Agro Products & Oils Pvt. Ltd.,ICRA,Term loans,B+,2026-04-16,73,LOW (<90 days),Oct 2026,Jan 2027,Apr 2027,Apr 2027,6.5,Agro/Food,Standard,"INC since Apr 2026 (73 days). MEDIUM by Oct 2026, HOT by Jan 2027, ULTRA HOT by Apr 2027.",Your Term loans at ICRA hits ULTRA HOT in Apr 2027. Start ACER process by Jan 2027 to be ahead of Q2 2027 renewal rush.,D365
Kalra Overseas & Precision Engg. Ltd.,ICRA,Non-fund-based financial facility/instrument,D,2026-04-10,79,LOW (<90 days),Oct 2026,Jan 2027,Apr 2027,Apr 2027,0.3,Other,Standard,"INC since Apr 2026 (79 days). MEDIUM by Oct 2026, HOT by Jan 2027, ULTRA HOT by Apr 2027.",Your Non-fund-based financial facility/instrument at ICRA hits ULTRA HOT in Apr 2027. Start ACER process by Jan 2027 to be ahead of Q2 2027 renewal rush.,D365
Kalra Overseas & Precision Engg. Ltd.,ICRA,Term loans,D,2026-04-10,79,LOW (<90 days),Oct 2026,Jan 2027,Apr 2027,Apr 2027,14.22,Other,Standard,"INC since Apr 2026 (79 days). MEDIUM by Oct 2026, HOT by Jan 2027, ULTRA HOT by Apr 2027.",Your Term loans at ICRA hits ULTRA HOT in Apr 2027. Start ACER process by Jan 2027 to be ahead of Q2 2027 renewal rush.,D365
Kamal Cotspin Pvt. Ltd.,CARE,Non-fund-based financial facility/instrument,A 4,2026-04-29,60,LOW (<90 days),Oct 2026,Jan 2027,Apr 2027,Apr 2027,1.1,Other,Standard,"INC since Apr 2026 (60 days). MEDIUM by Oct 2026, HOT by Jan 2027, ULTRA HOT by Apr 2027.",Your Non-fund-based financial facility/instrument at CARE hits ULTRA HOT in Apr 2027. Start ACER process by Jan 2027 to be ahead of Q2 2027 renewal rush.,D365
Kamal Cotspin Pvt. Ltd.,CARE,Fund based financial facility/instrument,BB-,2026-04-29,60,LOW (<90 days),Oct 2026,Jan 2027,Apr 2027,Apr 2027,3.95,Other,Standard,"INC since Apr 2026 (60 days). MEDIUM by Oct 2026, HOT by Jan 2027, ULTRA HOT by Apr 2027.",Your Fund based financial facility/instrument at CARE hits ULTRA HOT in Apr 2027. Start ACER process by Jan 2027 to be ahead of Q2 2027 renewal rush.,D365
Kamtanath Food Product Pvt. Ltd.,CRISIL,Long term Loans,B,2026-04-24,65,LOW (<90 days),Oct 2026,Jan 2027,Apr 2027,Apr 2027,8.0,Agro/Food,Standard,"INC since Apr 2026 (65 days). MEDIUM by Oct 2026, HOT by Jan 2027, ULTRA HOT by Apr 2027.",Your Long term Loans at CRISIL hits ULTRA HOT in Apr 2027. Start ACER process by Jan 2027 to be ahead of Q2 2027 renewal rush.,D365
Kanaiya Exports Pvt. Ltd.,CRISIL,Term loans,B,2026-04-09,80,LOW (<90 days),Oct 2026,Jan 2027,Apr 2027,Apr 2027,9.62,Other,Standard,"INC since Apr 2026 (80 days). MEDIUM by Oct 2026, HOT by Jan 2027, ULTRA HOT by Apr 2027.",Your Term loans at CRISIL hits ULTRA HOT in Apr 2027. Start ACER process by Jan 2027 to be ahead of Q2 2027 renewal rush.,D365
Kandarp Constructions (India) Pvt. Ltd.,IND-RA,Term loans,D,2026-04-02,87,LOW (<90 days),Oct 2026,Jan 2027,Apr 2027,Apr 2027,16.0,Construction/Infra,Standard,"INC since Apr 2026 (87 days). MEDIUM by Oct 2026, HOT by Jan 2027, ULTRA HOT by Apr 2027.",Your Term loans at IND-RA hits ULTRA HOT in Apr 2027. Start ACER process by Jan 2027 to be ahead of Q2 2027 renewal rush.,D365
Kapston Services Ltd.,ACUITE,Bank Guarantee,A 4,2026-04-14,75,LOW (<90 days),Oct 2026,Jan 2027,Apr 2027,Apr 2027,5.0,Other,Standard,"INC since Apr 2026 (75 days). MEDIUM by Oct 2026, HOT by Jan 2027, ULTRA HOT by Apr 2027.",Your Bank Guarantee at ACUITE hits ULTRA HOT in Apr 2027. Start ACER process by Jan 2027 to be ahead of Q2 2027 renewal rush.,D365
Karvy Digikonnect Ltd.,CRISIL,Term loans,D,2026-04-02,87,LOW (<90 days),Oct 2026,Jan 2027,Apr 2027,Apr 2027,5.0,Other,Standard,"INC since Apr 2026 (87 days). MEDIUM by Oct 2026, HOT by Jan 2027, ULTRA HOT by Apr 2027.",Your Term loans at CRISIL hits ULTRA HOT in Apr 2027. Start ACER process by Jan 2027 to be ahead of Q2 2027 renewal rush.,D365
Kashi Kanchan Pvt. Ltd.,IND-RA,Non-government debt,B-/A4,2026-04-02,87,LOW (<90 days),Oct 2026,Jan 2027,Apr 2027,Apr 2027,19.0,Other,NCD — SEBI License Required,"INC since Apr 2026 (87 days). MEDIUM by Oct 2026, HOT by Jan 2027, ULTRA HOT by Apr 2027.",Your Non-government debt at IND-RA hits ULTRA HOT in Apr 2027. Start ACER process by Jan 2027 to be ahead of Q2 2027 renewal rush.,D365
Kaveri Ginning Industries Pvt. Ltd.,CRISIL,Term loans,B,2026-04-20,69,LOW (<90 days),Oct 2026,Jan 2027,Apr 2027,Apr 2027,2.0,Other,Standard,"INC since Apr 2026 (69 days). MEDIUM by Oct 2026, HOT by Jan 2027, ULTRA HOT by Apr 2027.",Your Term loans at CRISIL hits ULTRA HOT in Apr 2027. Start ACER process by Jan 2027 to be ahead of Q2 2027 renewal rush.,D365
Kavya Build-Con Pvt. Ltd.,CRISIL,Term loans,B,2026-04-23,66,LOW (<90 days),Oct 2026,Jan 2027,Apr 2027,Apr 2027,35.0,Construction/Infra,Standard,"INC since Apr 2026 (66 days). MEDIUM by Oct 2026, HOT by Jan 2027, ULTRA HOT by Apr 2027.",Your Term loans at CRISIL hits ULTRA HOT in Apr 2027. Start ACER process by Jan 2027 to be ahead of Q2 2027 renewal rush.,D365
Kelvin Jute Ltd.,IND-RA,Non-fund based working capital limit,A 3+,2026-04-14,75,LOW (<90 days),Oct 2026,Jan 2027,Apr 2027,Apr 2027,10.0,Other,Standard,"INC since Apr 2026 (75 days). MEDIUM by Oct 2026, HOT by Jan 2027, ULTRA HOT by Apr 2027.",Your Non-fund based working capital limit at IND-RA hits ULTRA HOT in Apr 2027. Start ACER process by Jan 2027 to be ahead of Q2 2027 renewal rush.,D365
Kelvin Jute Ltd.,IND-RA,Term loans,BBB,2026-04-14,75,LOW (<90 days),Oct 2026,Jan 2027,Apr 2027,Apr 2027,7.73,Other,Standard,"INC since Apr 2026 (75 days). MEDIUM by Oct 2026, HOT by Jan 2027, ULTRA HOT by Apr 2027.",Your Term loans at IND-RA hits ULTRA HOT in Apr 2027. Start ACER process by Jan 2027 to be ahead of Q2 2027 renewal rush.,D365
Kerala State Electronics Devp. Corpn. Ltd.,IND-RA,Term loans,D,2026-04-02,87,LOW (<90 days),Oct 2026,Jan 2027,Apr 2027,Apr 2027,10.0,Other,Standard,"INC since Apr 2026 (87 days). MEDIUM by Oct 2026, HOT by Jan 2027, ULTRA HOT by Apr 2027.",Your Term loans at IND-RA hits ULTRA HOT in Apr 2027. Start ACER process by Jan 2027 to be ahead of Q2 2027 renewal rush.,D365
Kesar Alloy & Metal Pvt. Ltd.,CRISIL,Fund based financial facility/instrument,B,2026-04-23,66,LOW (<90 days),Oct 2026,Jan 2027,Apr 2027,Apr 2027,7.2,Steel & Metals,Standard,"INC since Apr 2026 (66 days). MEDIUM by Oct 2026, HOT by Jan 2027, ULTRA HOT by Apr 2027.",Your Fund based financial facility/instrument at CRISIL hits ULTRA HOT in Apr 2027. Start ACER process by Jan 2027 to be ahead of Q2 2027 renewal rush.,D365
Kesar Alloy & Metal Pvt. Ltd.,CRISIL,Term loans,B,2026-04-23,66,LOW (<90 days),Oct 2026,Jan 2027,Apr 2027,Apr 2027,0.75,Steel & Metals,Standard,"INC since Apr 2026 (66 days). MEDIUM by Oct 2026, HOT by Jan 2027, ULTRA HOT by Apr 2027.",Your Term loans at CRISIL hits ULTRA HOT in Apr 2027. Start ACER process by Jan 2027 to be ahead of Q2 2027 renewal rush.,D365
Keshav Industries Pvt. Ltd.,CRISIL,Long term Loans,B,2026-04-23,66,LOW (<90 days),Oct 2026,Jan 2027,Apr 2027,Apr 2027,1.9,Other,Standard,"INC since Apr 2026 (66 days). MEDIUM by Oct 2026, HOT by Jan 2027, ULTRA HOT by Apr 2027.",Your Long term Loans at CRISIL hits ULTRA HOT in Apr 2027. Start ACER process by Jan 2027 to be ahead of Q2 2027 renewal rush.,D365
Keya Foods Intl. Pvt. Ltd.,CARE,Bank Guarantee,BB-,2026-04-13,76,LOW (<90 days),Oct 2026,Jan 2027,Apr 2027,Apr 2027,0.04,Agro/Food,Standard,"INC since Apr 2026 (76 days). MEDIUM by Oct 2026, HOT by Jan 2027, ULTRA HOT by Apr 2027.",Your Bank Guarantee at CARE hits ULTRA HOT in Apr 2027. Start ACER process by Jan 2027 to be ahead of Q2 2027 renewal rush.,D365
Keya Foods Intl. Pvt. Ltd.,CARE,Long term Loans,BB-,2026-04-13,76,LOW (<90 days),Oct 2026,Jan 2027,Apr 2027,Apr 2027,1.97,Agro/Food,Standard,"INC since Apr 2026 (76 days). MEDIUM by Oct 2026, HOT by Jan 2027, ULTRA HOT by Apr 2027.",Your Long term Loans at CARE hits ULTRA HOT in Apr 2027. Start ACER process by Jan 2027 to be ahead of Q2 2027 renewal rush.,D365
Keya Foods Intl. Pvt. Ltd.,CARE,Non-government debt,BB-/A4,2026-04-13,76,LOW (<90 days),Oct 2026,Jan 2027,Apr 2027,Apr 2027,10.0,Agro/Food,NCD — SEBI License Required,"INC since Apr 2026 (76 days). MEDIUM by Oct 2026, HOT by Jan 2027, ULTRA HOT by Apr 2027.",Your Non-government debt at CARE hits ULTRA HOT in Apr 2027. Start ACER process by Jan 2027 to be ahead of Q2 2027 renewal rush.,D365
Khandwa Industries Pvt. Ltd.,CARE,Term loans,D,2026-04-10,79,LOW (<90 days),Oct 2026,Jan 2027,Apr 2027,Apr 2027,0.5,Other,Standard,"INC since Apr 2026 (79 days). MEDIUM by Oct 2026, HOT by Jan 2027, ULTRA HOT by Apr 2027.",Your Term loans at CARE hits ULTRA HOT in Apr 2027. Start ACER process by Jan 2027 to be ahead of Q2 2027 renewal rush.,D365
Khandwa Industries Pvt. Ltd.,CARE,Term loans,D,2026-04-10,79,LOW (<90 days),Oct 2026,Jan 2027,Apr 2027,Apr 2027,0.65,Other,Standard,"INC since Apr 2026 (79 days). MEDIUM by Oct 2026, HOT by Jan 2027, ULTRA HOT by Apr 2027.",Your Term loans at CARE hits ULTRA HOT in Apr 2027. Start ACER process by Jan 2027 to be ahead of Q2 2027 renewal rush.,D365
Khokhar Infrastructure Pvt. Ltd.,IND-RA,Non-fund based working capital limit,D,2026-04-02,87,LOW (<90 days),Oct 2026,Jan 2027,Apr 2027,Apr 2027,30.0,Construction/Infra,Standard,"INC since Apr 2026 (87 days). MEDIUM by Oct 2026, HOT by Jan 2027, ULTRA HOT by Apr 2027.",Your Non-fund based working capital limit at IND-RA hits ULTRA HOT in Apr 2027. Start ACER process by Jan 2027 to be ahead of Q2 2027 renewal rush.,D365
Khush Housing Finance Pvt. Ltd.,ACUITE,Term loans,BB,2026-04-21,68,LOW (<90 days),Oct 2026,Jan 2027,Apr 2027,Apr 2027,57.6,Construction/Infra,Standard,"INC since Apr 2026 (68 days). MEDIUM by Oct 2026, HOT by Jan 2027, ULTRA HOT by Apr 2027.",Your Term loans at ACUITE hits ULTRA HOT in Apr 2027. Start ACER process by Jan 2027 to be ahead of Q2 2027 renewal rush.,D365
Khush Housing Finance Pvt. Ltd.,ACUITE,Term loans,BB,2026-04-21,68,LOW (<90 days),Oct 2026,Jan 2027,Apr 2027,Apr 2027,51.46,Construction/Infra,Standard,"INC since Apr 2026 (68 days). MEDIUM by Oct 2026, HOT by Jan 2027, ULTRA HOT by Apr 2027.",Your Term loans at ACUITE hits ULTRA HOT in Apr 2027. Start ACER process by Jan 2027 to be ahead of Q2 2027 renewal rush.,D365
Khushbu Dye-Chem Pvt. Ltd.,CRISIL,Letter Of credit,BB+,2026-04-08,81,LOW (<90 days),Oct 2026,Jan 2027,Apr 2027,Apr 2027,7.0,Chemicals/Pharma,Standard,"INC since Apr 2026 (81 days). MEDIUM by Oct 2026, HOT by Jan 2027, ULTRA HOT by Apr 2027.",Your Letter Of credit at CRISIL hits ULTRA HOT in Apr 2027. Start ACER process by Jan 2027 to be ahead of Q2 2027 renewal rush.,D365
Khushi Cotspin Pvt. Ltd.,CRISIL,Term loans,B,2026-04-23,66,LOW (<90 days),Oct 2026,Jan 2027,Apr 2027,Apr 2027,1.3,Other,Standard,"INC since Apr 2026 (66 days). MEDIUM by Oct 2026, HOT by Jan 2027, ULTRA HOT by Apr 2027.",Your Term loans at CRISIL hits ULTRA HOT in Apr 2027. Start ACER process by Jan 2027 to be ahead of Q2 2027 renewal rush.,D365
Kiara Jewellery Pvt. Ltd.,ICRA,Non-government debt,B/A4,2026-04-22,67,LOW (<90 days),Oct 2026,Jan 2027,Apr 2027,Apr 2027,14.0,Other,NCD — SEBI License Required,"INC since Apr 2026 (67 days). MEDIUM by Oct 2026, HOT by Jan 2027, ULTRA HOT by Apr 2027.",Your Non-government debt at ICRA hits ULTRA HOT in Apr 2027. Start ACER process by Jan 2027 to be ahead of Q2 2027 renewal rush.,D365
Kimiya Engineers Pvt. Ltd.,CRISIL,Bank Guarantee,D,2026-04-23,66,LOW (<90 days),Oct 2026,Jan 2027,Apr 2027,Apr 2027,25.0,Other,Standard,"INC since Apr 2026 (66 days). MEDIUM by Oct 2026, HOT by Jan 2027, ULTRA HOT by Apr 2027.",Your Bank Guarantee at CRISIL hits ULTRA HOT in Apr 2027. Start ACER process by Jan 2027 to be ahead of Q2 2027 renewal rush.,D365
Kims Super Speciality Hospital Pvt. Ltd.,CARE,Term loans,B-,2026-04-09,80,LOW (<90 days),Oct 2026,Jan 2027,Apr 2027,Apr 2027,18.86,Healthcare,Standard,"INC since Apr 2026 (80 days). MEDIUM by Oct 2026, HOT by Jan 2027, ULTRA HOT by Apr 2027.",Your Term loans at CARE hits ULTRA HOT in Apr 2027. Start ACER process by Jan 2027 to be ahead of Q2 2027 renewal rush.,D365
Kineta Global Ltd.,IND-RA,Non-government debt,B-/A4,2026-04-02,87,LOW (<90 days),Oct 2026,Jan 2027,Apr 2027,Apr 2027,38.0,Other,NCD — SEBI License Required,"INC since Apr 2026 (87 days). MEDIUM by Oct 2026, HOT by Jan 2027, ULTRA HOT by Apr 2027.",Your Non-government debt at IND-RA hits ULTRA HOT in Apr 2027. Start ACER process by Jan 2027 to be ahead of Q2 2027 renewal rush.,D365
Kiranshree Hotels Pvt. Ltd.,BRICKWORK,Term loans,C,2026-04-06,83,LOW (<90 days),Oct 2026,Jan 2027,Apr 2027,Apr 2027,23.0,Hotels/Tourism,Standard,"INC since Apr 2026 (83 days). MEDIUM by Oct 2026, HOT by Jan 2027, ULTRA HOT by Apr 2027.",Your Term loans at BRICKWORK hits ULTRA HOT in Apr 2027. Start ACER process by Jan 2027 to be ahead of Q2 2027 renewal rush.,D365
Kiri Oilfield Services Pvt. Ltd.,CRISIL,Bank Guarantee,A 3,2026-04-15,74,LOW (<90 days),Oct 2026,Jan 2027,Apr 2027,Apr 2027,15.35,Other,Standard,"INC since Apr 2026 (74 days). MEDIUM by Oct 2026, HOT by Jan 2027, ULTRA HOT by Apr 2027.",Your Bank Guarantee at CRISIL hits ULTRA HOT in Apr 2027. Start ACER process by Jan 2027 to be ahead of Q2 2027 renewal rush.,D365
Kiri Oilfield Services Pvt. Ltd.,CRISIL,Fund based financial facility/instrument,BBB-,2026-04-15,74,LOW (<90 days),Oct 2026,Jan 2027,Apr 2027,Apr 2027,0.88,Other,Standard,"INC since Apr 2026 (74 days). MEDIUM by Oct 2026, HOT by Jan 2027, ULTRA HOT by Apr 2027.",Your Fund based financial facility/instrument at CRISIL hits ULTRA HOT in Apr 2027. Start ACER process by Jan 2027 to be ahead of Q2 2027 renewal rush.,D365
Kiri Oilfield Services Pvt. Ltd.,CRISIL,Term loans,BBB-,2026-04-15,74,LOW (<90 days),Oct 2026,Jan 2027,Apr 2027,Apr 2027,65.28,Other,Standard,"INC since Apr 2026 (74 days). MEDIUM by Oct 2026, HOT by Jan 2027, ULTRA HOT by Apr 2027.",Your Term loans at CRISIL hits ULTRA HOT in Apr 2027. Start ACER process by Jan 2027 to be ahead of Q2 2027 renewal rush.,D365
Kirti Stampings Pvt. Ltd.,BRICKWORK,Letter Of credit,A 4,2026-04-10,79,LOW (<90 days),Oct 2026,Jan 2027,Apr 2027,Apr 2027,2.0,Other,Standard,"INC since Apr 2026 (79 days). MEDIUM by Oct 2026, HOT by Jan 2027, ULTRA HOT by Apr 2027.",Your Letter Of credit at BRICKWORK hits ULTRA HOT in Apr 2027. Start ACER process by Jan 2027 to be ahead of Q2 2027 renewal rush.,D365
Kirti Stampings Pvt. Ltd.,BRICKWORK,Term loans,C,2026-04-10,79,LOW (<90 days),Oct 2026,Jan 2027,Apr 2027,Apr 2027,5.23,Other,Standard,"INC since Apr 2026 (79 days). MEDIUM by Oct 2026, HOT by Jan 2027, ULTRA HOT by Apr 2027.",Your Term loans at BRICKWORK hits ULTRA HOT in Apr 2027. Start ACER process by Jan 2027 to be ahead of Q2 2027 renewal rush.,D365
Kisan Oleochem & Derivatives Pvt. Ltd.,BRICKWORK,Fund based financial facility/instrument,B+,2026-04-09,80,LOW (<90 days),Oct 2026,Jan 2027,Apr 2027,Apr 2027,6.0,Chemicals/Pharma,Standard,"INC since Apr 2026 (80 days). MEDIUM by Oct 2026, HOT by Jan 2027, ULTRA HOT by Apr 2027.",Your Fund based financial facility/instrument at BRICKWORK hits ULTRA HOT in Apr 2027. Start ACER process by Jan 2027 to be ahead of Q2 2027 renewal rush.,D365
Kisan Oleochem & Derivatives Pvt. Ltd.,BRICKWORK,Term loans,B+,2026-04-09,80,LOW (<90 days),Oct 2026,Jan 2027,Apr 2027,Apr 2027,5.22,Chemicals/Pharma,Standard,"INC since Apr 2026 (80 days). MEDIUM by Oct 2026, HOT by Jan 2027, ULTRA HOT by Apr 2027.",Your Term loans at BRICKWORK hits ULTRA HOT in Apr 2027. Start ACER process by Jan 2027 to be ahead of Q2 2027 renewal rush.,D365
Kish Exports Pvt. Ltd.,ICRA,Non-fund-based financial facility/instrument,D,2026-04-09,80,LOW (<90 days),Oct 2026,Jan 2027,Apr 2027,Apr 2027,1.0,Other,Standard,"INC since Apr 2026 (80 days). MEDIUM by Oct 2026, HOT by Jan 2027, ULTRA HOT by Apr 2027.",Your Non-fund-based financial facility/instrument at ICRA hits ULTRA HOT in Apr 2027. Start ACER process by Jan 2027 to be ahead of Q2 2027 renewal rush.,D365
Kisha Telelinks Pvt. Ltd.,ACUITE,Bank Guarantee,A 4,2026-04-27,62,LOW (<90 days),Oct 2026,Jan 2027,Apr 2027,Apr 2027,2.5,Other,Standard,"INC since Apr 2026 (62 days). MEDIUM by Oct 2026, HOT by Jan 2027, ULTRA HOT by Apr 2027.",Your Bank Guarantee at ACUITE hits ULTRA HOT in Apr 2027. Start ACER process by Jan 2027 to be ahead of Q2 2027 renewal rush.,D365
Kissan Riceland Pvt. Ltd.,CRISIL,Long term Loans,D,2026-04-24,65,LOW (<90 days),Oct 2026,Jan 2027,Apr 2027,Apr 2027,2.0,Agro/Food,Standard,"INC since Apr 2026 (65 days). MEDIUM by Oct 2026, HOT by Jan 2027, ULTRA HOT by Apr 2027.",Your Long term Loans at CRISIL hits ULTRA HOT in Apr 2027. Start ACER process by Jan 2027 to be ahead of Q2 2027 renewal rush.,D365
Kissan Riceland Pvt. Ltd.,CRISIL,Non-fund-based financial facility/instrument,D,2026-04-24,65,LOW (<90 days),Oct 2026,Jan 2027,Apr 2027,Apr 2027,1.77,Agro/Food,Standard,"INC since Apr 2026 (65 days). MEDIUM by Oct 2026, HOT by Jan 2027, ULTRA HOT by Apr 2027.",Your Non-fund-based financial facility/instrument at CRISIL hits ULTRA HOT in Apr 2027. Start ACER process by Jan 2027 to be ahead of Q2 2027 renewal rush.,D365
Kissan Riceland Pvt. Ltd.,CRISIL,Term loans,D,2026-04-24,65,LOW (<90 days),Oct 2026,Jan 2027,Apr 2027,Apr 2027,1.23,Agro/Food,Standard,"INC since Apr 2026 (65 days). MEDIUM by Oct 2026, HOT by Jan 2027, ULTRA HOT by Apr 2027.",Your Term loans at CRISIL hits ULTRA HOT in Apr 2027. Start ACER process by Jan 2027 to be ahead of Q2 2027 renewal rush.,D365
Klassik Lamitex Pvt. Ltd.,IND-RA,Non-government debt,B/A4,2026-04-02,87,LOW (<90 days),Oct 2026,Jan 2027,Apr 2027,Apr 2027,27.76,Other,NCD — SEBI License Required,"INC since Apr 2026 (87 days). MEDIUM by Oct 2026, HOT by Jan 2027, ULTRA HOT by Apr 2027.",Your Non-government debt at IND-RA hits ULTRA HOT in Apr 2027. Start ACER process by Jan 2027 to be ahead of Q2 2027 renewal rush.,D365
Kniss Laboratories Pvt. Ltd.,CARE,Non-government debt,D,2026-04-15,74,LOW (<90 days),Oct 2026,Jan 2027,Apr 2027,Apr 2027,3.5,Other,NCD — SEBI License Required,"INC since Apr 2026 (74 days). MEDIUM by Oct 2026, HOT by Jan 2027, ULTRA HOT by Apr 2027.",Your Non-government debt at CARE hits ULTRA HOT in Apr 2027. Start ACER process by Jan 2027 to be ahead of Q2 2027 renewal rush.,D365
Kniss Laboratories Pvt. Ltd.,CARE,Term loans,D,2026-04-15,74,LOW (<90 days),Oct 2026,Jan 2027,Apr 2027,Apr 2027,1.5,Other,Standard,"INC since Apr 2026 (74 days). MEDIUM by Oct 2026, HOT by Jan 2027, ULTRA HOT by Apr 2027.",Your Term loans at CARE hits ULTRA HOT in Apr 2027. Start ACER process by Jan 2027 to be ahead of Q2 2027 renewal rush.,D365
Kochar Sung Up Acrylic Ltd.,CRISIL,Letter Of credit,A 4,2026-04-20,69,LOW (<90 days),Oct 2026,Jan 2027,Apr 2027,Apr 2027,3.0,Other,Standard,"INC since Apr 2026 (69 days). MEDIUM by Oct 2026, HOT by Jan 2027, ULTRA HOT by Apr 2027.",Your Letter Of credit at CRISIL hits ULTRA HOT in Apr 2027. Start ACER process by Jan 2027 to be ahead of Q2 2027 renewal rush.,D365
Kochar Sung Up Acrylic Ltd.,CRISIL,Term loans,B,2026-04-20,69,LOW (<90 days),Oct 2026,Jan 2027,Apr 2027,Apr 2027,18.0,Other,Standard,"INC since Apr 2026 (69 days). MEDIUM by Oct 2026, HOT by Jan 2027, ULTRA HOT by Apr 2027.",Your Term loans at CRISIL hits ULTRA HOT in Apr 2027. Start ACER process by Jan 2027 to be ahead of Q2 2027 renewal rush.,D365
Kohinoor Feeds & Fats Pvt. Ltd.,IND-RA,Non-government debt,B-/A4,2026-04-02,87,LOW (<90 days),Oct 2026,Jan 2027,Apr 2027,Apr 2027,50.0,Other,NCD — SEBI License Required,"INC since Apr 2026 (87 days). MEDIUM by Oct 2026, HOT by Jan 2027, ULTRA HOT by Apr 2027.",Your Non-government debt at IND-RA hits ULTRA HOT in Apr 2027. Start ACER process by Jan 2027 to be ahead of Q2 2027 renewal rush.,D365
Konark Structural Engineers Pvt. Ltd.,BRICKWORK,Bank Guarantee,A 4,2026-04-02,87,LOW (<90 days),Oct 2026,Jan 2027,Apr 2027,Apr 2027,60.0,Other,Standard,"INC since Apr 2026 (87 days). MEDIUM by Oct 2026, HOT by Jan 2027, ULTRA HOT by Apr 2027.",Your Bank Guarantee at BRICKWORK hits ULTRA HOT in Apr 2027. Start ACER process by Jan 2027 to be ahead of Q2 2027 renewal rush.,D365
Krisha Distribution Pvt. Ltd.,BRICKWORK,Bank Guarantee,A 4,2026-04-01,88,LOW (<90 days),Oct 2026,Jan 2027,Apr 2027,Apr 2027,4.5,Other,Standard,"INC since Apr 2026 (88 days). MEDIUM by Oct 2026, HOT by Jan 2027, ULTRA HOT by Apr 2027.",Your Bank Guarantee at BRICKWORK hits ULTRA HOT in Apr 2027. Start ACER process by Jan 2027 to be ahead of Q2 2027 renewal rush.,D365
Krisha Distribution Pvt. Ltd.,CRISIL,Bank Guarantee,A 4,2026-04-17,72,LOW (<90 days),Oct 2026,Jan 2027,Apr 2027,Apr 2027,7.0,Other,Standard,"INC since Apr 2026 (72 days). MEDIUM by Oct 2026, HOT by Jan 2027, ULTRA HOT by Apr 2027.",Your Bank Guarantee at CRISIL hits ULTRA HOT in Apr 2027. Start ACER process by Jan 2027 to be ahead of Q2 2027 renewal rush.,D365
Krishna Lamicoat Pvt. Ltd.,CRISIL,Letter Of credit,A 4,2026-04-23,66,LOW (<90 days),Oct 2026,Jan 2027,Apr 2027,Apr 2027,2.0,Other,Standard,"INC since Apr 2026 (66 days). MEDIUM by Oct 2026, HOT by Jan 2027, ULTRA HOT by Apr 2027.",Your Letter Of credit at CRISIL hits ULTRA HOT in Apr 2027. Start ACER process by Jan 2027 to be ahead of Q2 2027 renewal rush.,D365
Krishna Lamicoat Pvt. Ltd.,CRISIL,Term loans,B,2026-04-23,66,LOW (<90 days),Oct 2026,Jan 2027,Apr 2027,Apr 2027,3.38,Other,Standard,"INC since Apr 2026 (66 days). MEDIUM by Oct 2026, HOT by Jan 2027, ULTRA HOT by Apr 2027.",Your Term loans at CRISIL hits ULTRA HOT in Apr 2027. Start ACER process by Jan 2027 to be ahead of Q2 2027 renewal rush.,D365
Krishna Valley Power Pvt. Ltd.,IND-RA,Term loans,D,2026-04-02,87,LOW (<90 days),Oct 2026,Jan 2027,Apr 2027,Apr 2027,14.68,Energy/Power,Standard,"INC since Apr 2026 (87 days). MEDIUM by Oct 2026, HOT by Jan 2027, ULTRA HOT by Apr 2027.",Your Term loans at IND-RA hits ULTRA HOT in Apr 2027. Start ACER process by Jan 2027 to be ahead of Q2 2027 renewal rush.,D365
Krishnaveni Carbon Products Pvt. Ltd.,CRISIL,Fund based financial facility/instrument,B,2026-04-23,66,LOW (<90 days),Oct 2026,Jan 2027,Apr 2027,Apr 2027,1.75,Other,Standard,"INC since Apr 2026 (66 days). MEDIUM by Oct 2026, HOT by Jan 2027, ULTRA HOT by Apr 2027.",Your Fund based financial facility/instrument at CRISIL hits ULTRA HOT in Apr 2027. Start ACER process by Jan 2027 to be ahead of Q2 2027 renewal rush.,D365
Krishnaveni Carbon Products Pvt. Ltd.,CRISIL,Term loans,B,2026-04-23,66,LOW (<90 days),Oct 2026,Jan 2027,Apr 2027,Apr 2027,23.25,Other,Standard,"INC since Apr 2026 (66 days). MEDIUM by Oct 2026, HOT by Jan 2027, ULTRA HOT by Apr 2027.",Your Term loans at CRISIL hits ULTRA HOT in Apr 2027. Start ACER process by Jan 2027 to be ahead of Q2 2027 renewal rush.,D365
Kropex Auto Pvt. Ltd.,CRISIL,Fund based financial facility/instrument,A 4,2026-04-09,80,LOW (<90 days),Oct 2026,Jan 2027,Apr 2027,Apr 2027,27.5,Automobiles,Standard,"INC since Apr 2026 (80 days). MEDIUM by Oct 2026, HOT by Jan 2027, ULTRA HOT by Apr 2027.",Your Fund based financial facility/instrument at CRISIL hits ULTRA HOT in Apr 2027. Start ACER process by Jan 2027 to be ahead of Q2 2027 renewal rush.,D365
Kropex Auto Pvt. Ltd.,CRISIL,Fund based financial facility/instrument,A 4,2026-04-09,80,LOW (<90 days),Oct 2026,Jan 2027,Apr 2027,Apr 2027,29.0,Automobiles,Standard,"INC since Apr 2026 (80 days). MEDIUM by Oct 2026, HOT by Jan 2027, ULTRA HOT by Apr 2027.",Your Fund based financial facility/instrument at CRISIL hits ULTRA HOT in Apr 2027. Start ACER process by Jan 2027 to be ahead of Q2 2027 renewal rush.,D365
Kropex Auto Pvt. Ltd.,CRISIL,Fund based financial facility/instrument,A 4,2026-04-09,80,LOW (<90 days),Oct 2026,Jan 2027,Apr 2027,Apr 2027,16.0,Automobiles,Standard,"INC since Apr 2026 (80 days). MEDIUM by Oct 2026, HOT by Jan 2027, ULTRA HOT by Apr 2027.",Your Fund based financial facility/instrument at CRISIL hits ULTRA HOT in Apr 2027. Start ACER process by Jan 2027 to be ahead of Q2 2027 renewal rush.,D365
Kropex Auto Pvt. Ltd.,CRISIL,Term loans,B,2026-04-09,80,LOW (<90 days),Oct 2026,Jan 2027,Apr 2027,Apr 2027,7.5,Automobiles,Standard,"INC since Apr 2026 (80 days). MEDIUM by Oct 2026, HOT by Jan 2027, ULTRA HOT by Apr 2027.",Your Term loans at CRISIL hits ULTRA HOT in Apr 2027. Start ACER process by Jan 2027 to be ahead of Q2 2027 renewal rush.,D365
Krupalu Rice Inds. Pvt. Ltd.,CARE,Bank Guarantee,A 4,2026-04-28,61,LOW (<90 days),Oct 2026,Jan 2027,Apr 2027,Apr 2027,0.7,Agro/Food,Standard,"INC since Apr 2026 (61 days). MEDIUM by Oct 2026, HOT by Jan 2027, ULTRA HOT by Apr 2027.",Your Bank Guarantee at CARE hits ULTRA HOT in Apr 2027. Start ACER process by Jan 2027 to be ahead of Q2 2027 renewal rush.,D365
Krupalu Rice Inds. Pvt. Ltd.,CARE,Letter Of credit,A 4,2026-04-28,61,LOW (<90 days),Oct 2026,Jan 2027,Apr 2027,Apr 2027,0.3,Agro/Food,Standard,"INC since Apr 2026 (61 days). MEDIUM by Oct 2026, HOT by Jan 2027, ULTRA HOT by Apr 2027.",Your Letter Of credit at CARE hits ULTRA HOT in Apr 2027. Start ACER process by Jan 2027 to be ahead of Q2 2027 renewal rush.,D365
Krupalu Rice Inds. Pvt. Ltd.,CARE,Term loans,B-,2026-04-28,61,LOW (<90 days),Oct 2026,Jan 2027,Apr 2027,Apr 2027,0.72,Agro/Food,Standard,"INC since Apr 2026 (61 days). MEDIUM by Oct 2026, HOT by Jan 2027, ULTRA HOT by Apr 2027.",Your Term loans at CARE hits ULTRA HOT in Apr 2027. Start ACER process by Jan 2027 to be ahead of Q2 2027 renewal rush.,D365
Krushi Infras India Pvt. Ltd.,ACUITE,Bank Guarantee,A 4,2026-04-15,74,LOW (<90 days),Oct 2026,Jan 2027,Apr 2027,Apr 2027,33.0,Construction/Infra,Standard,"INC since Apr 2026 (74 days). MEDIUM by Oct 2026, HOT by Jan 2027, ULTRA HOT by Apr 2027.",Your Bank Guarantee at ACUITE hits ULTRA HOT in Apr 2027. Start ACER process by Jan 2027 to be ahead of Q2 2027 renewal rush.,D365
Krushi Infras India Pvt. Ltd.,ACUITE,Short-term loan,A 4,2026-04-15,74,LOW (<90 days),Oct 2026,Jan 2027,Apr 2027,Apr 2027,31.0,Construction/Infra,Standard,"INC since Apr 2026 (74 days). MEDIUM by Oct 2026, HOT by Jan 2027, ULTRA HOT by Apr 2027.",Your Short-term loan at ACUITE hits ULTRA HOT in Apr 2027. Start ACER process by Jan 2027 to be ahead of Q2 2027 renewal rush.,D365
Krushi Infras India Pvt. Ltd.,ACUITE,Long term Loans,C,2026-04-15,74,LOW (<90 days),Oct 2026,Jan 2027,Apr 2027,Apr 2027,5.0,Construction/Infra,Standard,"INC since Apr 2026 (74 days). MEDIUM by Oct 2026, HOT by Jan 2027, ULTRA HOT by Apr 2027.",Your Long term Loans at ACUITE hits ULTRA HOT in Apr 2027. Start ACER process by Jan 2027 to be ahead of Q2 2027 renewal rush.,D365
Kshema Power & Infrastructure Co. Pvt. Ltd.,BRICKWORK,Bank Guarantee,A 4,2026-04-06,83,LOW (<90 days),Oct 2026,Jan 2027,Apr 2027,Apr 2027,15.0,Construction/Infra,Standard,"INC since Apr 2026 (83 days). MEDIUM by Oct 2026, HOT by Jan 2027, ULTRA HOT by Apr 2027.",Your Bank Guarantee at BRICKWORK hits ULTRA HOT in Apr 2027. Start ACER process by Jan 2027 to be ahead of Q2 2027 renewal rush.,D365
Kshema Power & Infrastructure Co. Pvt. Ltd.,BRICKWORK,Letter Of credit,A 4,2026-04-06,83,LOW (<90 days),Oct 2026,Jan 2027,Apr 2027,Apr 2027,35.0,Construction/Infra,Standard,"INC since Apr 2026 (83 days). MEDIUM by Oct 2026, HOT by Jan 2027, ULTRA HOT by Apr 2027.",Your Letter Of credit at BRICKWORK hits ULTRA HOT in Apr 2027. Start ACER process by Jan 2027 to be ahead of Q2 2027 renewal rush.,D365
Kshema Power & Infrastructure Co. Pvt. Ltd.,BRICKWORK,Term loans,BB,2026-04-06,83,LOW (<90 days),Oct 2026,Jan 2027,Apr 2027,Apr 2027,6.08,Construction/Infra,Standard,"INC since Apr 2026 (83 days). MEDIUM by Oct 2026, HOT by Jan 2027, ULTRA HOT by Apr 2027.",Your Term loans at BRICKWORK hits ULTRA HOT in Apr 2027. Start ACER process by Jan 2027 to be ahead of Q2 2027 renewal rush.,D365
Kumaran Systems Pvt. Ltd.,ACUITE,Term loans,B-,2026-04-16,73,LOW (<90 days),Oct 2026,Jan 2027,Apr 2027,Apr 2027,2.5,IT/Technology,Standard,"INC since Apr 2026 (73 days). MEDIUM by Oct 2026, HOT by Jan 2027, ULTRA HOT by Apr 2027.",Your Term loans at ACUITE hits ULTRA HOT in Apr 2027. Start ACER process by Jan 2027 to be ahead of Q2 2027 renewal rush.,D365
Kundana Techno Tex Pvt. Ltd.,CARE,Non-government debt,BBB-/A3,2026-04-07,82,LOW (<90 days),Oct 2026,Jan 2027,Apr 2027,Apr 2027,2.0,IT/Technology,NCD — SEBI License Required,"INC since Apr 2026 (82 days). MEDIUM by Oct 2026, HOT by Jan 2027, ULTRA HOT by Apr 2027.",Your Non-government debt at CARE hits ULTRA HOT in Apr 2027. Start ACER process by Jan 2027 to be ahead of Q2 2027 renewal rush.,D365
Kundli Manesar Expressway Ltd.,IND-RA,Term loans,D,2026-04-02,87,LOW (<90 days),Oct 2026,Jan 2027,Apr 2027,Apr 2027,1114.16,Other,Standard,"INC since Apr 2026 (87 days). MEDIUM by Oct 2026, HOT by Jan 2027, ULTRA HOT by Apr 2027.",Your Term loans at IND-RA hits ULTRA HOT in Apr 2027. Start ACER process by Jan 2027 to be ahead of Q2 2027 renewal rush.,D365
Kurseong Computer Sales Pvt. Ltd.,CARE,Bank Guarantee,A 4,2026-04-09,80,LOW (<90 days),Oct 2026,Jan 2027,Apr 2027,Apr 2027,1.0,Other,Standard,"INC since Apr 2026 (80 days). MEDIUM by Oct 2026, HOT by Jan 2027, ULTRA HOT by Apr 2027.",Your Bank Guarantee at CARE hits ULTRA HOT in Apr 2027. Start ACER process by Jan 2027 to be ahead of Q2 2027 renewal rush.,D365
Kushal Timber Pvt. Ltd.,BRICKWORK,Letter Of credit,A 4,2026-04-08,81,LOW (<90 days),Oct 2026,Jan 2027,Apr 2027,Apr 2027,33.0,Other,Standard,"INC since Apr 2026 (81 days). MEDIUM by Oct 2026, HOT by Jan 2027, ULTRA HOT by Apr 2027.",Your Letter Of credit at BRICKWORK hits ULTRA HOT in Apr 2027. Start ACER process by Jan 2027 to be ahead of Q2 2027 renewal rush.,D365
Kwality Overseas Pvt. Ltd.,BRICKWORK,Non-government debt,D,2026-04-06,83,LOW (<90 days),Oct 2026,Jan 2027,Apr 2027,Apr 2027,15.0,Other,NCD — SEBI License Required,"INC since Apr 2026 (83 days). MEDIUM by Oct 2026, HOT by Jan 2027, ULTRA HOT by Apr 2027.",Your Non-government debt at BRICKWORK hits ULTRA HOT in Apr 2027. Start ACER process by Jan 2027 to be ahead of Q2 2027 renewal rush.,D365
L G F Vitrified Pvt. Ltd.,CRISIL,Bank Guarantee,A 4,2026-04-28,61,LOW (<90 days),Oct 2026,Jan 2027,Apr 2027,Apr 2027,4.1,Other,Standard,"INC since Apr 2026 (61 days). MEDIUM by Oct 2026, HOT by Jan 2027, ULTRA HOT by Apr 2027.",Your Bank Guarantee at CRISIL hits ULTRA HOT in Apr 2027. Start ACER process by Jan 2027 to be ahead of Q2 2027 renewal rush.,D365
L G F Vitrified Pvt. Ltd.,CRISIL,Term loans,B,2026-04-28,61,LOW (<90 days),Oct 2026,Jan 2027,Apr 2027,Apr 2027,19.0,Other,Standard,"INC since Apr 2026 (61 days). MEDIUM by Oct 2026, HOT by Jan 2027, ULTRA HOT by Apr 2027.",Your Term loans at CRISIL hits ULTRA HOT in Apr 2027. Start ACER process by Jan 2027 to be ahead of Q2 2027 renewal rush.,D365
L Madanlal (Aluminium) Ltd.,ACUITE,Letter Of credit,A 4,2026-04-15,74,LOW (<90 days),Oct 2026,Jan 2027,Apr 2027,Apr 2027,2.0,Other,Standard,"INC since Apr 2026 (74 days). MEDIUM by Oct 2026, HOT by Jan 2027, ULTRA HOT by Apr 2027.",Your Letter Of credit at ACUITE hits ULTRA HOT in Apr 2027. Start ACER process by Jan 2027 to be ahead of Q2 2027 renewal rush.,D365
L S Rice Exports Pvt. Ltd.,IND-RA,Non-government debt,B-/A4,2026-04-02,87,LOW (<90 days),Oct 2026,Jan 2027,Apr 2027,Apr 2027,5.31,Agro/Food,NCD — SEBI License Required,"INC since Apr 2026 (87 days). MEDIUM by Oct 2026, HOT by Jan 2027, ULTRA HOT by Apr 2027.",Your Non-government debt at IND-RA hits ULTRA HOT in Apr 2027. Start ACER process by Jan 2027 to be ahead of Q2 2027 renewal rush.,D365
Lagan Engineering Co. Ltd.,ACUITE,Bank Guarantee,A 4,2026-04-21,68,LOW (<90 days),Oct 2026,Jan 2027,Apr 2027,Apr 2027,1.0,Other,Standard,"INC since Apr 2026 (68 days). MEDIUM by Oct 2026, HOT by Jan 2027, ULTRA HOT by Apr 2027.",Your Bank Guarantee at ACUITE hits ULTRA HOT in Apr 2027. Start ACER process by Jan 2027 to be ahead of Q2 2027 renewal rush.,D365
Lagan Engineering Co. Ltd.,ACUITE,Letter Of credit,A 4,2026-04-21,68,LOW (<90 days),Oct 2026,Jan 2027,Apr 2027,Apr 2027,0.5,Other,Standard,"INC since Apr 2026 (68 days). MEDIUM by Oct 2026, HOT by Jan 2027, ULTRA HOT by Apr 2027.",Your Letter Of credit at ACUITE hits ULTRA HOT in Apr 2027. Start ACER process by Jan 2027 to be ahead of Q2 2027 renewal rush.,D365
Lagan Engineering Co. Ltd.,ACUITE,Term loans,B-,2026-04-21,68,LOW (<90 days),Oct 2026,Jan 2027,Apr 2027,Apr 2027,1.14,Other,Standard,"INC since Apr 2026 (68 days). MEDIUM by Oct 2026, HOT by Jan 2027, ULTRA HOT by Apr 2027.",Your Term loans at ACUITE hits ULTRA HOT in Apr 2027. Start ACER process by Jan 2027 to be ahead of Q2 2027 renewal rush.,D365
Lagan Engineering Co. Ltd.,ACUITE,Term loans,B-,2026-04-21,68,LOW (<90 days),Oct 2026,Jan 2027,Apr 2027,Apr 2027,3.86,Other,Standard,"INC since Apr 2026 (68 days). MEDIUM by Oct 2026, HOT by Jan 2027, ULTRA HOT by Apr 2027.",Your Term loans at ACUITE hits ULTRA HOT in Apr 2027. Start ACER process by Jan 2027 to be ahead of Q2 2027 renewal rush.,D365
Lakshmi Precision Screws Ltd.,CARE,Bank Guarantee,D,2026-04-09,80,LOW (<90 days),Oct 2026,Jan 2027,Apr 2027,Apr 2027,77.0,Other,Standard,"INC since Apr 2026 (80 days). MEDIUM by Oct 2026, HOT by Jan 2027, ULTRA HOT by Apr 2027.",Your Bank Guarantee at CARE hits ULTRA HOT in Apr 2027. Start ACER process by Jan 2027 to be ahead of Q2 2027 renewal rush.,D365
Lalitha Chem Inds. Pvt. Ltd.,CRISIL,Fund based financial facility/instrument,B,2026-04-28,61,LOW (<90 days),Oct 2026,Jan 2027,Apr 2027,Apr 2027,5.0,Chemicals/Pharma,Standard,"INC since Apr 2026 (61 days). MEDIUM by Oct 2026, HOT by Jan 2027, ULTRA HOT by Apr 2027.",Your Fund based financial facility/instrument at CRISIL hits ULTRA HOT in Apr 2027. Start ACER process by Jan 2027 to be ahead of Q2 2027 renewal rush.,D365
Lalitha Chem Inds. Pvt. Ltd.,CRISIL,Letter Of credit,A 4,2026-04-28,61,LOW (<90 days),Oct 2026,Jan 2027,Apr 2027,Apr 2027,50.0,Chemicals/Pharma,Standard,"INC since Apr 2026 (61 days). MEDIUM by Oct 2026, HOT by Jan 2027, ULTRA HOT by Apr 2027.",Your Letter Of credit at CRISIL hits ULTRA HOT in Apr 2027. Start ACER process by Jan 2027 to be ahead of Q2 2027 renewal rush.,D365
Lalitha Chem Inds. Pvt. Ltd.,CRISIL,Non-fund-based financial facility/instrument,A 4,2026-04-28,61,LOW (<90 days),Oct 2026,Jan 2027,Apr 2027,Apr 2027,26.0,Chemicals/Pharma,Standard,"INC since Apr 2026 (61 days). MEDIUM by Oct 2026, HOT by Jan 2027, ULTRA HOT by Apr 2027.",Your Non-fund-based financial facility/instrument at CRISIL hits ULTRA HOT in Apr 2027. Start ACER process by Jan 2027 to be ahead of Q2 2027 renewal rush.,D365
Lall Minerals Pvt. Ltd.,IND-RA,Term loans,B-,2026-04-02,87,LOW (<90 days),Oct 2026,Jan 2027,Apr 2027,Apr 2027,6.5,Mining/Minerals,Standard,"INC since Apr 2026 (87 days). MEDIUM by Oct 2026, HOT by Jan 2027, ULTRA HOT by Apr 2027.",Your Term loans at IND-RA hits ULTRA HOT in Apr 2027. Start ACER process by Jan 2027 to be ahead of Q2 2027 renewal rush.,D365
Lemon Electronics Ltd.,CARE,Letter Of credit,D,2026-04-20,69,LOW (<90 days),Oct 2026,Jan 2027,Apr 2027,Apr 2027,65.0,Other,Standard,"INC since Apr 2026 (69 days). MEDIUM by Oct 2026, HOT by Jan 2027, ULTRA HOT by Apr 2027.",Your Letter Of credit at CARE hits ULTRA HOT in Apr 2027. Start ACER process by Jan 2027 to be ahead of Q2 2027 renewal rush.,D365
Lenz Ceramic Pvt. Ltd.,IND-RA,Non-government debt,B-/A4,2026-04-02,87,LOW (<90 days),Oct 2026,Jan 2027,Apr 2027,Apr 2027,10.5,Other,NCD — SEBI License Required,"INC since Apr 2026 (87 days). MEDIUM by Oct 2026, HOT by Jan 2027, ULTRA HOT by Apr 2027.",Your Non-government debt at IND-RA hits ULTRA HOT in Apr 2027. Start ACER process by Jan 2027 to be ahead of Q2 2027 renewal rush.,D365
Libra International Ltd.,CARE,Non-government debt,B/A4,2026-05-04,55,LOW (<90 days),Nov 2026,Feb 2027,May 2027,May 2027,2.55,Other,NCD — SEBI License Required,"INC since May 2026 (55 days). MEDIUM by Nov 2026, HOT by Feb 2027, ULTRA HOT by May 2027.",Your Non-government debt at CARE hits ULTRA HOT in May 2027. Start ACER process by Feb 2027 to be ahead of Q2 2027 renewal rush.,D365
Libra International Ltd.,CARE,Term loans,B,2026-05-04,55,LOW (<90 days),Nov 2026,Feb 2027,May 2027,May 2027,17.45,Other,Standard,"INC since May 2026 (55 days). MEDIUM by Nov 2026, HOT by Feb 2027, ULTRA HOT by May 2027.",Your Term loans at CARE hits ULTRA HOT in May 2027. Start ACER process by Feb 2027 to be ahead of Q2 2027 renewal rush.,D365
Lido Commercial Co. Ltd.,ACUITE,Bank Guarantee,A 4+,2026-04-01,88,LOW (<90 days),Oct 2026,Jan 2027,Apr 2027,Apr 2027,15.5,Other,Standard,"INC since Apr 2026 (88 days). MEDIUM by Oct 2026, HOT by Jan 2027, ULTRA HOT by Apr 2027.",Your Bank Guarantee at ACUITE hits ULTRA HOT in Apr 2027. Start ACER process by Jan 2027 to be ahead of Q2 2027 renewal rush.,D365
Lido Commercial Co. Ltd.,ACUITE,Fund based financial facility/instrument,A 4+,2026-04-01,88,LOW (<90 days),Oct 2026,Jan 2027,Apr 2027,Apr 2027,8.75,Other,Standard,"INC since Apr 2026 (88 days). MEDIUM by Oct 2026, HOT by Jan 2027, ULTRA HOT by Apr 2027.",Your Fund based financial facility/instrument at ACUITE hits ULTRA HOT in Apr 2027. Start ACER process by Jan 2027 to be ahead of Q2 2027 renewal rush.,D365
Lido Commercial Co. Ltd.,ACUITE,Term loans,BB-,2026-04-01,88,LOW (<90 days),Oct 2026,Jan 2027,Apr 2027,Apr 2027,0.2,Other,Standard,"INC since Apr 2026 (88 days). MEDIUM by Oct 2026, HOT by Jan 2027, ULTRA HOT by Apr 2027.",Your Term loans at ACUITE hits ULTRA HOT in Apr 2027. Start ACER process by Jan 2027 to be ahead of Q2 2027 renewal rush.,D365
Lords Travel Pvt. Ltd.,CARE,Bank Guarantee,B-,2026-05-04,55,LOW (<90 days),Nov 2026,Feb 2027,May 2027,May 2027,3.5,Hotels/Tourism,Standard,"INC since May 2026 (55 days). MEDIUM by Nov 2026, HOT by Feb 2027, ULTRA HOT by May 2027.",Your Bank Guarantee at CARE hits ULTRA HOT in May 2027. Start ACER process by Feb 2027 to be ahead of Q2 2027 renewal rush.,D365
Luxra Enterprises Pvt. Ltd.,CARE,Bank Guarantee,A 4,2026-04-23,66,LOW (<90 days),Oct 2026,Jan 2027,Apr 2027,Apr 2027,6.0,Other,Standard,"INC since Apr 2026 (66 days). MEDIUM by Oct 2026, HOT by Jan 2027, ULTRA HOT by Apr 2027.",Your Bank Guarantee at CARE hits ULTRA HOT in Apr 2027. Start ACER process by Jan 2027 to be ahead of Q2 2027 renewal rush.,D365
Lyka B D R Intl. Ltd.,IND-RA,Non-government debt,B-/A4,2026-04-02,87,LOW (<90 days),Oct 2026,Jan 2027,Apr 2027,Apr 2027,13.4,Other,NCD — SEBI License Required,"INC since Apr 2026 (87 days). MEDIUM by Oct 2026, HOT by Jan 2027, ULTRA HOT by Apr 2027.",Your Non-government debt at IND-RA hits ULTRA HOT in Apr 2027. Start ACER process by Jan 2027 to be ahead of Q2 2027 renewal rush.,D365
M B R Flexibles Ltd.,ICRA,Non-fund-based financial facility/instrument,A 4,2026-04-17,72,LOW (<90 days),Oct 2026,Jan 2027,Apr 2027,Apr 2027,3.0,Other,Standard,"INC since Apr 2026 (72 days). MEDIUM by Oct 2026, HOT by Jan 2027, ULTRA HOT by Apr 2027.",Your Non-fund-based financial facility/instrument at ICRA hits ULTRA HOT in Apr 2027. Start ACER process by Jan 2027 to be ahead of Q2 2027 renewal rush.,D365
M B R Flexibles Ltd.,ICRA,Non-government debt,B+/A4,2026-04-17,72,LOW (<90 days),Oct 2026,Jan 2027,Apr 2027,Apr 2027,0.89,Other,NCD — SEBI License Required,"INC since Apr 2026 (72 days). MEDIUM by Oct 2026, HOT by Jan 2027, ULTRA HOT by Apr 2027.",Your Non-government debt at ICRA hits ULTRA HOT in Apr 2027. Start ACER process by Jan 2027 to be ahead of Q2 2027 renewal rush.,D365
M B R Flexibles Ltd.,ICRA,Term loans,B+,2026-04-17,72,LOW (<90 days),Oct 2026,Jan 2027,Apr 2027,Apr 2027,3.09,Other,Standard,"INC since Apr 2026 (72 days). MEDIUM by Oct 2026, HOT by Jan 2027, ULTRA HOT by Apr 2027.",Your Term loans at ICRA hits ULTRA HOT in Apr 2027. Start ACER process by Jan 2027 to be ahead of Q2 2027 renewal rush.,D365
M D A Mineral Dhatu (A P) Pvt. Ltd.,IND-RA,Non-government debt,B-/A4,2026-04-02,87,LOW (<90 days),Oct 2026,Jan 2027,Apr 2027,Apr 2027,5.0,Mining/Minerals,NCD — SEBI License Required,"INC since Apr 2026 (87 days). MEDIUM by Oct 2026, HOT by Jan 2027, ULTRA HOT by Apr 2027.",Your Non-government debt at IND-RA hits ULTRA HOT in Apr 2027. Start ACER process by Jan 2027 to be ahead of Q2 2027 renewal rush.,D365
M G Autosales Pvt. Ltd.,CARE,Bank Guarantee,A 4,2026-04-17,72,LOW (<90 days),Oct 2026,Jan 2027,Apr 2027,Apr 2027,0.25,Automobiles,Standard,"INC since Apr 2026 (72 days). MEDIUM by Oct 2026, HOT by Jan 2027, ULTRA HOT by Apr 2027.",Your Bank Guarantee at CARE hits ULTRA HOT in Apr 2027. Start ACER process by Jan 2027 to be ahead of Q2 2027 renewal rush.,D365
M G Autosales Pvt. Ltd.,CARE,Fund based financial facility/instrument,B-,2026-04-17,72,LOW (<90 days),Oct 2026,Jan 2027,Apr 2027,Apr 2027,14.75,Automobiles,Standard,"INC since Apr 2026 (72 days). MEDIUM by Oct 2026, HOT by Jan 2027, ULTRA HOT by Apr 2027.",Your Fund based financial facility/instrument at CARE hits ULTRA HOT in Apr 2027. Start ACER process by Jan 2027 to be ahead of Q2 2027 renewal rush.,D365
M G Housing Pvt. Ltd.,BRICKWORK,Fund based financial facility/instrument,C,2026-04-03,86,LOW (<90 days),Oct 2026,Jan 2027,Apr 2027,Apr 2027,19.85,Construction/Infra,Standard,"INC since Apr 2026 (86 days). MEDIUM by Oct 2026, HOT by Jan 2027, ULTRA HOT by Apr 2027.",Your Fund based financial facility/instrument at BRICKWORK hits ULTRA HOT in Apr 2027. Start ACER process by Jan 2027 to be ahead of Q2 2027 renewal rush.,D365
M G Housing Pvt. Ltd.,BRICKWORK,Term loans,C,2026-04-03,86,LOW (<90 days),Oct 2026,Jan 2027,Apr 2027,Apr 2027,92.36,Construction/Infra,Standard,"INC since Apr 2026 (86 days). MEDIUM by Oct 2026, HOT by Jan 2027, ULTRA HOT by Apr 2027.",Your Term loans at BRICKWORK hits ULTRA HOT in Apr 2027. Start ACER process by Jan 2027 to be ahead of Q2 2027 renewal rush.,D365
M G M Infra Devp. Solutions Pvt. Ltd.,CARE,Term loans,D,2026-04-22,67,LOW (<90 days),Oct 2026,Jan 2027,Apr 2027,Apr 2027,4.94,Construction/Infra,Standard,"INC since Apr 2026 (67 days). MEDIUM by Oct 2026, HOT by Jan 2027, ULTRA HOT by Apr 2027.",Your Term loans at CARE hits ULTRA HOT in Apr 2027. Start ACER process by Jan 2027 to be ahead of Q2 2027 renewal rush.,D365
M G T Motors Pvt. Ltd.,ACUITE,Fund based financial facility/instrument,A 4,2026-04-16,73,LOW (<90 days),Oct 2026,Jan 2027,Apr 2027,Apr 2027,3.5,Automobiles,Standard,"INC since Apr 2026 (73 days). MEDIUM by Oct 2026, HOT by Jan 2027, ULTRA HOT by Apr 2027.",Your Fund based financial facility/instrument at ACUITE hits ULTRA HOT in Apr 2027. Start ACER process by Jan 2027 to be ahead of Q2 2027 renewal rush.,D365
M G T Motors Pvt. Ltd.,ACUITE,Fund based financial facility/instrument,A 4,2026-04-16,73,LOW (<90 days),Oct 2026,Jan 2027,Apr 2027,Apr 2027,101.5,Automobiles,Standard,"INC since Apr 2026 (73 days). MEDIUM by Oct 2026, HOT by Jan 2027, ULTRA HOT by Apr 2027.",Your Fund based financial facility/instrument at ACUITE hits ULTRA HOT in Apr 2027. Start ACER process by Jan 2027 to be ahead of Q2 2027 renewal rush.,D365
M J Gold Pvt. Ltd.,BRICKWORK,Non-government debt,B-,2026-04-07,82,LOW (<90 days),Oct 2026,Jan 2027,Apr 2027,Apr 2027,12.0,Other,NCD — SEBI License Required,"INC since Apr 2026 (82 days). MEDIUM by Oct 2026, HOT by Jan 2027, ULTRA HOT by Apr 2027.",Your Non-government debt at BRICKWORK hits ULTRA HOT in Apr 2027. Start ACER process by Jan 2027 to be ahead of Q2 2027 renewal rush.,D365
M J Grain Products Pvt. Ltd.,BRICKWORK,Bank Guarantee,A 4,2026-04-06,83,LOW (<90 days),Oct 2026,Jan 2027,Apr 2027,Apr 2027,0.5,Agro/Food,Standard,"INC since Apr 2026 (83 days). MEDIUM by Oct 2026, HOT by Jan 2027, ULTRA HOT by Apr 2027.",Your Bank Guarantee at BRICKWORK hits ULTRA HOT in Apr 2027. Start ACER process by Jan 2027 to be ahead of Q2 2027 renewal rush.,D365
M J Grain Products Pvt. Ltd.,BRICKWORK,Term loans,C,2026-04-06,83,LOW (<90 days),Oct 2026,Jan 2027,Apr 2027,Apr 2027,1.3,Agro/Food,Standard,"INC since Apr 2026 (83 days). MEDIUM by Oct 2026, HOT by Jan 2027, ULTRA HOT by Apr 2027.",Your Term loans at BRICKWORK hits ULTRA HOT in Apr 2027. Start ACER process by Jan 2027 to be ahead of Q2 2027 renewal rush.,D365
M K Roy & Bros. Projects Ltd.,IND-RA,Non-government debt,B-/A4,2026-04-02,87,LOW (<90 days),Oct 2026,Jan 2027,Apr 2027,Apr 2027,15.65,Other,NCD — SEBI License Required,"INC since Apr 2026 (87 days). MEDIUM by Oct 2026, HOT by Jan 2027, ULTRA HOT by Apr 2027.",Your Non-government debt at IND-RA hits ULTRA HOT in Apr 2027. Start ACER process by Jan 2027 to be ahead of Q2 2027 renewal rush.,D365
M R K R Constructions & Inds. Pvt. Ltd.,CRISIL,Bank Guarantee,A 4,2026-04-10,79,LOW (<90 days),Oct 2026,Jan 2027,Apr 2027,Apr 2027,175.0,Construction/Infra,Standard,"INC since Apr 2026 (79 days). MEDIUM by Oct 2026, HOT by Jan 2027, ULTRA HOT by Apr 2027.",Your Bank Guarantee at CRISIL hits ULTRA HOT in Apr 2027. Start ACER process by Jan 2027 to be ahead of Q2 2027 renewal rush.,D365
M R K R Constructions & Inds. Pvt. Ltd.,CRISIL,Long term Loans,B,2026-04-10,79,LOW (<90 days),Oct 2026,Jan 2027,Apr 2027,Apr 2027,55.0,Construction/Infra,Standard,"INC since Apr 2026 (79 days). MEDIUM by Oct 2026, HOT by Jan 2027, ULTRA HOT by Apr 2027.",Your Long term Loans at CRISIL hits ULTRA HOT in Apr 2027. Start ACER process by Jan 2027 to be ahead of Q2 2027 renewal rush.,D365
M S R India Ltd.,CRISIL,Long term Loans,D,2026-04-23,66,LOW (<90 days),Oct 2026,Jan 2027,Apr 2027,Apr 2027,0.4,Other,Standard,"INC since Apr 2026 (66 days). MEDIUM by Oct 2026, HOT by Jan 2027, ULTRA HOT by Apr 2027.",Your Long term Loans at CRISIL hits ULTRA HOT in Apr 2027. Start ACER process by Jan 2027 to be ahead of Q2 2027 renewal rush.,D365
M S Support Services Ltd.,CARE,Bank Guarantee,A 4,2026-04-24,65,LOW (<90 days),Oct 2026,Jan 2027,Apr 2027,Apr 2027,1.5,Other,Standard,"INC since Apr 2026 (65 days). MEDIUM by Oct 2026, HOT by Jan 2027, ULTRA HOT by Apr 2027.",Your Bank Guarantee at CARE hits ULTRA HOT in Apr 2027. Start ACER process by Jan 2027 to be ahead of Q2 2027 renewal rush.,D365
M S Support Services Ltd.,CARE,Non-government debt,B-/A4,2026-04-24,65,LOW (<90 days),Oct 2026,Jan 2027,Apr 2027,Apr 2027,3.75,Other,NCD — SEBI License Required,"INC since Apr 2026 (65 days). MEDIUM by Oct 2026, HOT by Jan 2027, ULTRA HOT by Apr 2027.",Your Non-government debt at CARE hits ULTRA HOT in Apr 2027. Start ACER process by Jan 2027 to be ahead of Q2 2027 renewal rush.,D365
Ma Sarada Cold Storage Pvt. Ltd.,ICRA,Term loans,D,2026-04-09,80,LOW (<90 days),Oct 2026,Jan 2027,Apr 2027,Apr 2027,4.01,Other,Standard,"INC since Apr 2026 (80 days). MEDIUM by Oct 2026, HOT by Jan 2027, ULTRA HOT by Apr 2027.",Your Term loans at ICRA hits ULTRA HOT in Apr 2027. Start ACER process by Jan 2027 to be ahead of Q2 2027 renewal rush.,D365
Maa Annapurna Jute & Carpets Inds. Pvt. Ltd.,CRISIL,Term loans,B,2026-04-28,61,LOW (<90 days),Oct 2026,Jan 2027,Apr 2027,Apr 2027,10.0,Other,Standard,"INC since Apr 2026 (61 days). MEDIUM by Oct 2026, HOT by Jan 2027, ULTRA HOT by Apr 2027.",Your Term loans at CRISIL hits ULTRA HOT in Apr 2027. Start ACER process by Jan 2027 to be ahead of Q2 2027 renewal rush.,D365
Machine Tools (India) Ltd.,CARE,Non-government debt,B-/A4,2026-04-08,81,LOW (<90 days),Oct 2026,Jan 2027,Apr 2027,Apr 2027,8.5,Other,NCD — SEBI License Required,"INC since Apr 2026 (81 days). MEDIUM by Oct 2026, HOT by Jan 2027, ULTRA HOT by Apr 2027.",Your Non-government debt at CARE hits ULTRA HOT in Apr 2027. Start ACER process by Jan 2027 to be ahead of Q2 2027 renewal rush.,D365
Madras Race Club,CRISIL,Long term Loans,B,2026-04-09,80,LOW (<90 days),Oct 2026,Jan 2027,Apr 2027,Apr 2027,10.0,Other,Standard,"INC since Apr 2026 (80 days). MEDIUM by Oct 2026, HOT by Jan 2027, ULTRA HOT by Apr 2027.",Your Long term Loans at CRISIL hits ULTRA HOT in Apr 2027. Start ACER process by Jan 2027 to be ahead of Q2 2027 renewal rush.,D365
Magcore Lamination (India) Pvt. Ltd.,CRISIL,Fund based financial facility/instrument,B,2026-04-23,66,LOW (<90 days),Oct 2026,Jan 2027,Apr 2027,Apr 2027,5.0,Mining/Minerals,Standard,"INC since Apr 2026 (66 days). MEDIUM by Oct 2026, HOT by Jan 2027, ULTRA HOT by Apr 2027.",Your Fund based financial facility/instrument at CRISIL hits ULTRA HOT in Apr 2027. Start ACER process by Jan 2027 to be ahead of Q2 2027 renewal rush.,D365
Magcore Lamination (India) Pvt. Ltd.,CRISIL,Letter Of credit,B,2026-04-23,66,LOW (<90 days),Oct 2026,Jan 2027,Apr 2027,Apr 2027,4.0,Mining/Minerals,Standard,"INC since Apr 2026 (66 days). MEDIUM by Oct 2026, HOT by Jan 2027, ULTRA HOT by Apr 2027.",Your Letter Of credit at CRISIL hits ULTRA HOT in Apr 2027. Start ACER process by Jan 2027 to be ahead of Q2 2027 renewal rush.,D365
Magcore Lamination (India) Pvt. Ltd.,CRISIL,Long term Loans,B,2026-04-23,66,LOW (<90 days),Oct 2026,Jan 2027,Apr 2027,Apr 2027,83.87,Mining/Minerals,Standard,"INC since Apr 2026 (66 days). MEDIUM by Oct 2026, HOT by Jan 2027, ULTRA HOT by Apr 2027.",Your Long term Loans at CRISIL hits ULTRA HOT in Apr 2027. Start ACER process by Jan 2027 to be ahead of Q2 2027 renewal rush.,D365
Magcore Lamination (India) Pvt. Ltd.,CRISIL,Long term Loans,B,2026-04-23,66,LOW (<90 days),Oct 2026,Jan 2027,Apr 2027,Apr 2027,0.63,Mining/Minerals,Standard,"INC since Apr 2026 (66 days). MEDIUM by Oct 2026, HOT by Jan 2027, ULTRA HOT by Apr 2027.",Your Long term Loans at CRISIL hits ULTRA HOT in Apr 2027. Start ACER process by Jan 2027 to be ahead of Q2 2027 renewal rush.,D365
Magnum Lubricants (India) Pvt. Ltd.,CRISIL,Letter Of credit,B,2026-04-24,65,LOW (<90 days),Oct 2026,Jan 2027,Apr 2027,Apr 2027,6.5,Other,Standard,"INC since Apr 2026 (65 days). MEDIUM by Oct 2026, HOT by Jan 2027, ULTRA HOT by Apr 2027.",Your Letter Of credit at CRISIL hits ULTRA HOT in Apr 2027. Start ACER process by Jan 2027 to be ahead of Q2 2027 renewal rush.,D365
Mahajan Overseas Pvt. Ltd.,BRICKWORK,Bank Guarantee,A 4,2026-04-10,79,LOW (<90 days),Oct 2026,Jan 2027,Apr 2027,Apr 2027,0.25,Other,Standard,"INC since Apr 2026 (79 days). MEDIUM by Oct 2026, HOT by Jan 2027, ULTRA HOT by Apr 2027.",Your Bank Guarantee at BRICKWORK hits ULTRA HOT in Apr 2027. Start ACER process by Jan 2027 to be ahead of Q2 2027 renewal rush.,D365
Mahajan Overseas Pvt. Ltd.,BRICKWORK,Letter Of credit,A 4,2026-04-10,79,LOW (<90 days),Oct 2026,Jan 2027,Apr 2027,Apr 2027,3.0,Other,Standard,"INC since Apr 2026 (79 days). MEDIUM by Oct 2026, HOT by Jan 2027, ULTRA HOT by Apr 2027.",Your Letter Of credit at BRICKWORK hits ULTRA HOT in Apr 2027. Start ACER process by Jan 2027 to be ahead of Q2 2027 renewal rush.,D365
Mahajan Overseas Pvt. Ltd.,BRICKWORK,Term loans,C,2026-04-10,79,LOW (<90 days),Oct 2026,Jan 2027,Apr 2027,Apr 2027,1.47,Other,Standard,"INC since Apr 2026 (79 days). MEDIUM by Oct 2026, HOT by Jan 2027, ULTRA HOT by Apr 2027.",Your Term loans at BRICKWORK hits ULTRA HOT in Apr 2027. Start ACER process by Jan 2027 to be ahead of Q2 2027 renewal rush.,D365
Mahakaleshwar Tollways Pvt. Ltd.,CARE,Term loans,D,2026-04-16,73,LOW (<90 days),Oct 2026,Jan 2027,Apr 2027,Apr 2027,164.84,Construction/Infra,Standard,"INC since Apr 2026 (73 days). MEDIUM by Oct 2026, HOT by Jan 2027, ULTRA HOT by Apr 2027.",Your Term loans at CARE hits ULTRA HOT in Apr 2027. Start ACER process by Jan 2027 to be ahead of Q2 2027 renewal rush.,D365
Mahalaxmi Automotives Wheels Pvt. Ltd.,IND-RA,Non-government debt,B-/A4,2026-04-02,87,LOW (<90 days),Oct 2026,Jan 2027,Apr 2027,Apr 2027,2.3,Automobiles,NCD — SEBI License Required,"INC since Apr 2026 (87 days). MEDIUM by Oct 2026, HOT by Jan 2027, ULTRA HOT by Apr 2027.",Your Non-government debt at IND-RA hits ULTRA HOT in Apr 2027. Start ACER process by Jan 2027 to be ahead of Q2 2027 renewal rush.,D365
Mahalaxmi Bus Transport Pvt. Ltd.,IND-RA,Term loans,B-,2026-04-02,87,LOW (<90 days),Oct 2026,Jan 2027,Apr 2027,Apr 2027,13.28,Logistics,Standard,"INC since Apr 2026 (87 days). MEDIUM by Oct 2026, HOT by Jan 2027, ULTRA HOT by Apr 2027.",Your Term loans at IND-RA hits ULTRA HOT in Apr 2027. Start ACER process by Jan 2027 to be ahead of Q2 2027 renewal rush.,D365
Mahalaxmi Technocast Pvt. Ltd.,ICRA,Short-term loan,A 4,2026-04-09,80,LOW (<90 days),Oct 2026,Jan 2027,Apr 2027,Apr 2027,0.0,IT/Technology,Standard,"INC since Apr 2026 (80 days). MEDIUM by Oct 2026, HOT by Jan 2027, ULTRA HOT by Apr 2027.",Your Short-term loan at ICRA hits ULTRA HOT in Apr 2027. Start ACER process by Jan 2027 to be ahead of Q2 2027 renewal rush.,D365
Maharaja Agrofoods Pvt. Ltd.,CRISIL,Term loans,D,2026-04-23,66,LOW (<90 days),Oct 2026,Jan 2027,Apr 2027,Apr 2027,23.0,Agro/Food,Standard,"INC since Apr 2026 (66 days). MEDIUM by Oct 2026, HOT by Jan 2027, ULTRA HOT by Apr 2027.",Your Term loans at CRISIL hits ULTRA HOT in Apr 2027. Start ACER process by Jan 2027 to be ahead of Q2 2027 renewal rush.,D365
Mahesh Industries Pvt. Ltd.,CRISIL,Letter Of credit,D,2026-04-24,65,LOW (<90 days),Oct 2026,Jan 2027,Apr 2027,Apr 2027,60.0,Other,Standard,"INC since Apr 2026 (65 days). MEDIUM by Oct 2026, HOT by Jan 2027, ULTRA HOT by Apr 2027.",Your Letter Of credit at CRISIL hits ULTRA HOT in Apr 2027. Start ACER process by Jan 2027 to be ahead of Q2 2027 renewal rush.,D365
Mahesh Timber Pvt. Ltd.,CRISIL,Letter Of credit,D,2026-04-24,65,LOW (<90 days),Oct 2026,Jan 2027,Apr 2027,Apr 2027,20.0,Other,Standard,"INC since Apr 2026 (65 days). MEDIUM by Oct 2026, HOT by Jan 2027, ULTRA HOT by Apr 2027.",Your Letter Of credit at CRISIL hits ULTRA HOT in Apr 2027. Start ACER process by Jan 2027 to be ahead of Q2 2027 renewal rush.,D365
Maheshwari Fabtex Pvt. Ltd.,CRISIL,Long term Loans,D,2026-04-24,65,LOW (<90 days),Oct 2026,Jan 2027,Apr 2027,Apr 2027,1.5,Other,Standard,"INC since Apr 2026 (65 days). MEDIUM by Oct 2026, HOT by Jan 2027, ULTRA HOT by Apr 2027.",Your Long term Loans at CRISIL hits ULTRA HOT in Apr 2027. Start ACER process by Jan 2027 to be ahead of Q2 2027 renewal rush.,D365
Maheshwari Fabtex Pvt. Ltd.,CRISIL,Long term Loans,D,2026-04-24,65,LOW (<90 days),Oct 2026,Jan 2027,Apr 2027,Apr 2027,0.5,Other,Standard,"INC since Apr 2026 (65 days). MEDIUM by Oct 2026, HOT by Jan 2027, ULTRA HOT by Apr 2027.",Your Long term Loans at CRISIL hits ULTRA HOT in Apr 2027. Start ACER process by Jan 2027 to be ahead of Q2 2027 renewal rush.,D365
Maini Construction Equipments Pvt. Ltd.,IND-RA,Non-government debt,D,2026-04-02,87,LOW (<90 days),Oct 2026,Jan 2027,Apr 2027,Apr 2027,10.9,Construction/Infra,NCD — SEBI License Required,"INC since Apr 2026 (87 days). MEDIUM by Oct 2026, HOT by Jan 2027, ULTRA HOT by Apr 2027.",Your Non-government debt at IND-RA hits ULTRA HOT in Apr 2027. Start ACER process by Jan 2027 to be ahead of Q2 2027 renewal rush.,D365
Makharia Machineries Pvt. Ltd.,CRISIL,Fund based financial facility/instrument,B,2026-04-24,65,LOW (<90 days),Oct 2026,Jan 2027,Apr 2027,Apr 2027,2.0,Other,Standard,"INC since Apr 2026 (65 days). MEDIUM by Oct 2026, HOT by Jan 2027, ULTRA HOT by Apr 2027.",Your Fund based financial facility/instrument at CRISIL hits ULTRA HOT in Apr 2027. Start ACER process by Jan 2027 to be ahead of Q2 2027 renewal rush.,D365
Man Cott Pvt. Ltd.,IND-RA,Term loans,B-,2026-04-02,87,LOW (<90 days),Oct 2026,Jan 2027,Apr 2027,Apr 2027,25.0,Other,Standard,"INC since Apr 2026 (87 days). MEDIUM by Oct 2026, HOT by Jan 2027, ULTRA HOT by Apr 2027.",Your Term loans at IND-RA hits ULTRA HOT in Apr 2027. Start ACER process by Jan 2027 to be ahead of Q2 2027 renewal rush.,D365
Maneesh Pipes Pvt. Ltd.,CARE,Bank Guarantee,B-,2026-04-13,76,LOW (<90 days),Oct 2026,Jan 2027,Apr 2027,Apr 2027,3.5,Other,Standard,"INC since Apr 2026 (76 days). MEDIUM by Oct 2026, HOT by Jan 2027, ULTRA HOT by Apr 2027.",Your Bank Guarantee at CARE hits ULTRA HOT in Apr 2027. Start ACER process by Jan 2027 to be ahead of Q2 2027 renewal rush.,D365
Maneesh Pipes Pvt. Ltd.,CARE,Term loans,B-,2026-04-13,76,LOW (<90 days),Oct 2026,Jan 2027,Apr 2027,Apr 2027,0.65,Other,Standard,"INC since Apr 2026 (76 days). MEDIUM by Oct 2026, HOT by Jan 2027, ULTRA HOT by Apr 2027.",Your Term loans at CARE hits ULTRA HOT in Apr 2027. Start ACER process by Jan 2027 to be ahead of Q2 2027 renewal rush.,D365
Manglam Paper Pvt. Ltd.,IND-RA,Term loans,D,2026-04-02,87,LOW (<90 days),Oct 2026,Jan 2027,Apr 2027,Apr 2027,29.5,Paper/Packaging,Standard,"INC since Apr 2026 (87 days). MEDIUM by Oct 2026, HOT by Jan 2027, ULTRA HOT by Apr 2027.",Your Term loans at IND-RA hits ULTRA HOT in Apr 2027. Start ACER process by Jan 2027 to be ahead of Q2 2027 renewal rush.,D365
Mangrul Mills Pvt. Ltd.,CRISIL,Bank Guarantee,A 4,2026-04-23,66,LOW (<90 days),Oct 2026,Jan 2027,Apr 2027,Apr 2027,0.4,Other,Standard,"INC since Apr 2026 (66 days). MEDIUM by Oct 2026, HOT by Jan 2027, ULTRA HOT by Apr 2027.",Your Bank Guarantee at CRISIL hits ULTRA HOT in Apr 2027. Start ACER process by Jan 2027 to be ahead of Q2 2027 renewal rush.,D365
Mani Square Ltd.,CARE,Bank Guarantee,D,2026-04-15,74,LOW (<90 days),Oct 2026,Jan 2027,Apr 2027,Apr 2027,5.5,Other,Standard,"INC since Apr 2026 (74 days). MEDIUM by Oct 2026, HOT by Jan 2027, ULTRA HOT by Apr 2027.",Your Bank Guarantee at CARE hits ULTRA HOT in Apr 2027. Start ACER process by Jan 2027 to be ahead of Q2 2027 renewal rush.,D365
Mani Square Ltd.,CARE,Letter Of credit,D,2026-04-15,74,LOW (<90 days),Oct 2026,Jan 2027,Apr 2027,Apr 2027,20.0,Other,Standard,"INC since Apr 2026 (74 days). MEDIUM by Oct 2026, HOT by Jan 2027, ULTRA HOT by Apr 2027.",Your Letter Of credit at CARE hits ULTRA HOT in Apr 2027. Start ACER process by Jan 2027 to be ahead of Q2 2027 renewal rush.,D365
Mani Square Ltd.,CARE,Term loans,D,2026-04-15,74,LOW (<90 days),Oct 2026,Jan 2027,Apr 2027,Apr 2027,68.0,Other,Standard,"INC since Apr 2026 (74 days). MEDIUM by Oct 2026, HOT by Jan 2027, ULTRA HOT by Apr 2027.",Your Term loans at CARE hits ULTRA HOT in Apr 2027. Start ACER process by Jan 2027 to be ahead of Q2 2027 renewal rush.,D365
Mani Square Ltd.,CARE,Term loans,D,2026-04-15,74,LOW (<90 days),Oct 2026,Jan 2027,Apr 2027,Apr 2027,170.0,Other,Standard,"INC since Apr 2026 (74 days). MEDIUM by Oct 2026, HOT by Jan 2027, ULTRA HOT by Apr 2027.",Your Term loans at CARE hits ULTRA HOT in Apr 2027. Start ACER process by Jan 2027 to be ahead of Q2 2027 renewal rush.,D365
Manjeera Constructions Ltd.,IND-RA,Non-government debt,D,2026-04-02,87,LOW (<90 days),Oct 2026,Jan 2027,Apr 2027,Apr 2027,15.0,Construction/Infra,NCD — SEBI License Required,"INC since Apr 2026 (87 days). MEDIUM by Oct 2026, HOT by Jan 2027, ULTRA HOT by Apr 2027.",Your Non-government debt at IND-RA hits ULTRA HOT in Apr 2027. Start ACER process by Jan 2027 to be ahead of Q2 2027 renewal rush.,D365
Manjeet Fibers Pvt. Ltd.,IND-RA,Non-government debt,B/A4,2026-04-02,87,LOW (<90 days),Oct 2026,Jan 2027,Apr 2027,Apr 2027,46.11,Other,NCD — SEBI License Required,"INC since Apr 2026 (87 days). MEDIUM by Oct 2026, HOT by Jan 2027, ULTRA HOT by Apr 2027.",Your Non-government debt at IND-RA hits ULTRA HOT in Apr 2027. Start ACER process by Jan 2027 to be ahead of Q2 2027 renewal rush.,D365
Manorama Ropes India Pvt. Ltd.,CRISIL,Bank Guarantee,A 4,2026-04-23,66,LOW (<90 days),Oct 2026,Jan 2027,Apr 2027,Apr 2027,0.9,Other,Standard,"INC since Apr 2026 (66 days). MEDIUM by Oct 2026, HOT by Jan 2027, ULTRA HOT by Apr 2027.",Your Bank Guarantee at CRISIL hits ULTRA HOT in Apr 2027. Start ACER process by Jan 2027 to be ahead of Q2 2027 renewal rush.,D365
Manorama Ropes India Pvt. Ltd.,CRISIL,Term loans,B,2026-04-23,66,LOW (<90 days),Oct 2026,Jan 2027,Apr 2027,Apr 2027,6.3,Other,Standard,"INC since Apr 2026 (66 days). MEDIUM by Oct 2026, HOT by Jan 2027, ULTRA HOT by Apr 2027.",Your Term loans at CRISIL hits ULTRA HOT in Apr 2027. Start ACER process by Jan 2027 to be ahead of Q2 2027 renewal rush.,D365
Mantri Developers Pvt. Ltd.,CARE,Fund based financial facility/instrument,D,2026-04-02,87,LOW (<90 days),Oct 2026,Jan 2027,Apr 2027,Apr 2027,230.0,Other,Standard,"INC since Apr 2026 (87 days). MEDIUM by Oct 2026, HOT by Jan 2027, ULTRA HOT by Apr 2027.",Your Fund based financial facility/instrument at CARE hits ULTRA HOT in Apr 2027. Start ACER process by Jan 2027 to be ahead of Q2 2027 renewal rush.,D365
Maple Computer & Communication Pvt. Ltd.,BRICKWORK,Bank Guarantee,A 4,2026-04-08,81,LOW (<90 days),Oct 2026,Jan 2027,Apr 2027,Apr 2027,2.0,Other,Standard,"INC since Apr 2026 (81 days). MEDIUM by Oct 2026, HOT by Jan 2027, ULTRA HOT by Apr 2027.",Your Bank Guarantee at BRICKWORK hits ULTRA HOT in Apr 2027. Start ACER process by Jan 2027 to be ahead of Q2 2027 renewal rush.,D365
Marbaniang Projects Pvt. Ltd.,BRICKWORK,Term loans,C,2026-04-08,81,LOW (<90 days),Oct 2026,Jan 2027,Apr 2027,Apr 2027,29.21,Other,Standard,"INC since Apr 2026 (81 days). MEDIUM by Oct 2026, HOT by Jan 2027, ULTRA HOT by Apr 2027.",Your Term loans at BRICKWORK hits ULTRA HOT in Apr 2027. Start ACER process by Jan 2027 to be ahead of Q2 2027 renewal rush.,D365
Marino Food Products Pvt. Ltd.,ACUITE,Long term Loans,D,2026-04-10,79,LOW (<90 days),Oct 2026,Jan 2027,Apr 2027,Apr 2027,26.0,Agro/Food,Standard,"INC since Apr 2026 (79 days). MEDIUM by Oct 2026, HOT by Jan 2027, ULTRA HOT by Apr 2027.",Your Long term Loans at ACUITE hits ULTRA HOT in Apr 2027. Start ACER process by Jan 2027 to be ahead of Q2 2027 renewal rush.,D365
Marshall Corporation Ltd.,ACUITE,Bank Guarantee,A 4,2026-04-21,68,LOW (<90 days),Oct 2026,Jan 2027,Apr 2027,Apr 2027,2.01,Other,Standard,"INC since Apr 2026 (68 days). MEDIUM by Oct 2026, HOT by Jan 2027, ULTRA HOT by Apr 2027.",Your Bank Guarantee at ACUITE hits ULTRA HOT in Apr 2027. Start ACER process by Jan 2027 to be ahead of Q2 2027 renewal rush.,D365
Marut Nandan Textiles Ltd.,CRISIL,Term loans,B,2026-04-24,65,LOW (<90 days),Oct 2026,Jan 2027,Apr 2027,Apr 2027,0.63,Textiles,Standard,"INC since Apr 2026 (65 days). MEDIUM by Oct 2026, HOT by Jan 2027, ULTRA HOT by Apr 2027.",Your Term loans at CRISIL hits ULTRA HOT in Apr 2027. Start ACER process by Jan 2027 to be ahead of Q2 2027 renewal rush.,D365
Marvellous Intra Pvt. Ltd.,ACUITE,Long term Loans,B-,2026-04-22,67,LOW (<90 days),Oct 2026,Jan 2027,Apr 2027,Apr 2027,5.25,Other,Standard,"INC since Apr 2026 (67 days). MEDIUM by Oct 2026, HOT by Jan 2027, ULTRA HOT by Apr 2027.",Your Long term Loans at ACUITE hits ULTRA HOT in Apr 2027. Start ACER process by Jan 2027 to be ahead of Q2 2027 renewal rush.,D365
Masina Alloys Pvt. Ltd.,CRISIL,Bank Guarantee,A 4,2026-04-23,66,LOW (<90 days),Oct 2026,Jan 2027,Apr 2027,Apr 2027,1.5,Steel & Metals,Standard,"INC since Apr 2026 (66 days). MEDIUM by Oct 2026, HOT by Jan 2027, ULTRA HOT by Apr 2027.",Your Bank Guarantee at CRISIL hits ULTRA HOT in Apr 2027. Start ACER process by Jan 2027 to be ahead of Q2 2027 renewal rush.,D365
Mayasheel Retail India Ltd.,CRISIL,Fund based financial facility/instrument,B,2026-04-24,65,LOW (<90 days),Oct 2026,Jan 2027,Apr 2027,Apr 2027,31.95,Other,Standard,"INC since Apr 2026 (65 days). MEDIUM by Oct 2026, HOT by Jan 2027, ULTRA HOT by Apr 2027.",Your Fund based financial facility/instrument at CRISIL hits ULTRA HOT in Apr 2027. Start ACER process by Jan 2027 to be ahead of Q2 2027 renewal rush.,D365
Mayasheel Retail India Ltd.,CRISIL,Term loans,B,2026-04-24,65,LOW (<90 days),Oct 2026,Jan 2027,Apr 2027,Apr 2027,63.05,Other,Standard,"INC since Apr 2026 (65 days). MEDIUM by Oct 2026, HOT by Jan 2027, ULTRA HOT by Apr 2027.",Your Term loans at CRISIL hits ULTRA HOT in Apr 2027. Start ACER process by Jan 2027 to be ahead of Q2 2027 renewal rush.,D365
Mcon Rasayan India Ltd.,ICRA,Term loans,B+,2026-04-03,86,LOW (<90 days),Oct 2026,Jan 2027,Apr 2027,Apr 2027,5.91,Other,Standard,"INC since Apr 2026 (86 days). MEDIUM by Oct 2026, HOT by Jan 2027, ULTRA HOT by Apr 2027.",Your Term loans at ICRA hits ULTRA HOT in Apr 2027. Start ACER process by Jan 2027 to be ahead of Q2 2027 renewal rush.,D365
Med Freshe Pvt. Ltd.,CARE,Letter Of credit,A 4,2026-04-21,68,LOW (<90 days),Oct 2026,Jan 2027,Apr 2027,Apr 2027,82.0,Other,Standard,"INC since Apr 2026 (68 days). MEDIUM by Oct 2026, HOT by Jan 2027, ULTRA HOT by Apr 2027.",Your Letter Of credit at CARE hits ULTRA HOT in Apr 2027. Start ACER process by Jan 2027 to be ahead of Q2 2027 renewal rush.,D365
Med Freshe Pvt. Ltd.,CARE,Term loans,B+,2026-04-21,68,LOW (<90 days),Oct 2026,Jan 2027,Apr 2027,Apr 2027,1.0,Other,Standard,"INC since Apr 2026 (68 days). MEDIUM by Oct 2026, HOT by Jan 2027, ULTRA HOT by Apr 2027.",Your Term loans at CARE hits ULTRA HOT in Apr 2027. Start ACER process by Jan 2027 to be ahead of Q2 2027 renewal rush.,D365
Medsmart Logistics Pvt. Ltd. [Merged],IND-RA,Non-government debt,B+/A4,2026-04-02,87,LOW (<90 days),Oct 2026,Jan 2027,Apr 2027,Apr 2027,50.0,Logistics,NCD — SEBI License Required,"INC since Apr 2026 (87 days). MEDIUM by Oct 2026, HOT by Jan 2027, ULTRA HOT by Apr 2027.",Your Non-government debt at IND-RA hits ULTRA HOT in Apr 2027. Start ACER process by Jan 2027 to be ahead of Q2 2027 renewal rush.,D365
Megamiles Bearing Cups Pvt. Ltd.,CRISIL,Letter Of credit,A 4,2026-04-24,65,LOW (<90 days),Oct 2026,Jan 2027,Apr 2027,Apr 2027,1.5,Other,Standard,"INC since Apr 2026 (65 days). MEDIUM by Oct 2026, HOT by Jan 2027, ULTRA HOT by Apr 2027.",Your Letter Of credit at CRISIL hits ULTRA HOT in Apr 2027. Start ACER process by Jan 2027 to be ahead of Q2 2027 renewal rush.,D365
Mehadia Sales Trade Corpn. Pvt. Ltd.,IND-RA,Non-government debt,D,2026-04-02,87,LOW (<90 days),Oct 2026,Jan 2027,Apr 2027,Apr 2027,35.0,Other,NCD — SEBI License Required,"INC since Apr 2026 (87 days). MEDIUM by Oct 2026, HOT by Jan 2027, ULTRA HOT by Apr 2027.",Your Non-government debt at IND-RA hits ULTRA HOT in Apr 2027. Start ACER process by Jan 2027 to be ahead of Q2 2027 renewal rush.,D365
Mel Systems & Services Ltd.,ACUITE,Bank Guarantee,A 4,2026-04-09,80,LOW (<90 days),Oct 2026,Jan 2027,Apr 2027,Apr 2027,5.0,IT/Technology,Standard,"INC since Apr 2026 (80 days). MEDIUM by Oct 2026, HOT by Jan 2027, ULTRA HOT by Apr 2027.",Your Bank Guarantee at ACUITE hits ULTRA HOT in Apr 2027. Start ACER process by Jan 2027 to be ahead of Q2 2027 renewal rush.,D365
Mel Systems & Services Ltd.,ACUITE,Bank Guarantee,A 4,2026-04-09,80,LOW (<90 days),Oct 2026,Jan 2027,Apr 2027,Apr 2027,2.62,IT/Technology,Standard,"INC since Apr 2026 (80 days). MEDIUM by Oct 2026, HOT by Jan 2027, ULTRA HOT by Apr 2027.",Your Bank Guarantee at ACUITE hits ULTRA HOT in Apr 2027. Start ACER process by Jan 2027 to be ahead of Q2 2027 renewal rush.,D365
Mel Systems & Services Ltd.,ACUITE,Letter Of credit,A 4,2026-04-09,80,LOW (<90 days),Oct 2026,Jan 2027,Apr 2027,Apr 2027,4.5,IT/Technology,Standard,"INC since Apr 2026 (80 days). MEDIUM by Oct 2026, HOT by Jan 2027, ULTRA HOT by Apr 2027.",Your Letter Of credit at ACUITE hits ULTRA HOT in Apr 2027. Start ACER process by Jan 2027 to be ahead of Q2 2027 renewal rush.,D365
Mel Systems & Services Ltd.,ACUITE,Term loans,B-,2026-04-09,80,LOW (<90 days),Oct 2026,Jan 2027,Apr 2027,Apr 2027,1.25,IT/Technology,Standard,"INC since Apr 2026 (80 days). MEDIUM by Oct 2026, HOT by Jan 2027, ULTRA HOT by Apr 2027.",Your Term loans at ACUITE hits ULTRA HOT in Apr 2027. Start ACER process by Jan 2027 to be ahead of Q2 2027 renewal rush.,D365
Metal Care Alloys Pvt. Ltd.,BRICKWORK,Letter Of credit,A 4,2026-04-01,88,LOW (<90 days),Oct 2026,Jan 2027,Apr 2027,Apr 2027,0.0,Steel & Metals,Standard,"INC since Apr 2026 (88 days). MEDIUM by Oct 2026, HOT by Jan 2027, ULTRA HOT by Apr 2027.",Your Letter Of credit at BRICKWORK hits ULTRA HOT in Apr 2027. Start ACER process by Jan 2027 to be ahead of Q2 2027 renewal rush.,D365
Metal Care Alloys Pvt. Ltd.,BRICKWORK,Bank Guarantee,BB,2026-04-01,88,LOW (<90 days),Oct 2026,Jan 2027,Apr 2027,Apr 2027,0.0,Steel & Metals,Standard,"INC since Apr 2026 (88 days). MEDIUM by Oct 2026, HOT by Jan 2027, ULTRA HOT by Apr 2027.",Your Bank Guarantee at BRICKWORK hits ULTRA HOT in Apr 2027. Start ACER process by Jan 2027 to be ahead of Q2 2027 renewal rush.,D365
Metal Care Alloys Pvt. Ltd.,BRICKWORK,Term loans,BB,2026-04-01,88,LOW (<90 days),Oct 2026,Jan 2027,Apr 2027,Apr 2027,0.56,Steel & Metals,Standard,"INC since Apr 2026 (88 days). MEDIUM by Oct 2026, HOT by Jan 2027, ULTRA HOT by Apr 2027.",Your Term loans at BRICKWORK hits ULTRA HOT in Apr 2027. Start ACER process by Jan 2027 to be ahead of Q2 2027 renewal rush.,D365
Metal Crafts Constructors Pvt. Ltd.,CRISIL,Bank Guarantee,A 4,2026-04-27,62,LOW (<90 days),Oct 2026,Jan 2027,Apr 2027,Apr 2027,26.0,Steel & Metals,Standard,"INC since Apr 2026 (62 days). MEDIUM by Oct 2026, HOT by Jan 2027, ULTRA HOT by Apr 2027.",Your Bank Guarantee at CRISIL hits ULTRA HOT in Apr 2027. Start ACER process by Jan 2027 to be ahead of Q2 2027 renewal rush.,D365
Metal Crafts Constructors Pvt. Ltd.,CRISIL,Term loans,B,2026-04-27,62,LOW (<90 days),Oct 2026,Jan 2027,Apr 2027,Apr 2027,5.7,Steel & Metals,Standard,"INC since Apr 2026 (62 days). MEDIUM by Oct 2026, HOT by Jan 2027, ULTRA HOT by Apr 2027.",Your Term loans at CRISIL hits ULTRA HOT in Apr 2027. Start ACER process by Jan 2027 to be ahead of Q2 2027 renewal rush.,D365
Metal Crafts Constructors Pvt. Ltd.,CRISIL,Term loans,B,2026-04-27,62,LOW (<90 days),Oct 2026,Jan 2027,Apr 2027,Apr 2027,18.3,Steel & Metals,Standard,"INC since Apr 2026 (62 days). MEDIUM by Oct 2026, HOT by Jan 2027, ULTRA HOT by Apr 2027.",Your Term loans at CRISIL hits ULTRA HOT in Apr 2027. Start ACER process by Jan 2027 to be ahead of Q2 2027 renewal rush.,D365
Mevada Oil Mill Pvt. Ltd.,CARE,Term loans,D,2026-04-13,76,LOW (<90 days),Oct 2026,Jan 2027,Apr 2027,Apr 2027,0.6,Other,Standard,"INC since Apr 2026 (76 days). MEDIUM by Oct 2026, HOT by Jan 2027, ULTRA HOT by Apr 2027.",Your Term loans at CARE hits ULTRA HOT in Apr 2027. Start ACER process by Jan 2027 to be ahead of Q2 2027 renewal rush.,D365
Mhetre Foods Pvt. Ltd.,CRISIL,Long term Loans,D,2026-04-24,65,LOW (<90 days),Oct 2026,Jan 2027,Apr 2027,Apr 2027,7.5,Agro/Food,Standard,"INC since Apr 2026 (65 days). MEDIUM by Oct 2026, HOT by Jan 2027, ULTRA HOT by Apr 2027.",Your Long term Loans at CRISIL hits ULTRA HOT in Apr 2027. Start ACER process by Jan 2027 to be ahead of Q2 2027 renewal rush.,D365
Mighty Auto Wheels Pvt. Ltd.,CARE,Term loans,B-,2026-04-27,62,LOW (<90 days),Oct 2026,Jan 2027,Apr 2027,Apr 2027,3.0,Automobiles,Standard,"INC since Apr 2026 (62 days). MEDIUM by Oct 2026, HOT by Jan 2027, ULTRA HOT by Apr 2027.",Your Term loans at CARE hits ULTRA HOT in Apr 2027. Start ACER process by Jan 2027 to be ahead of Q2 2027 renewal rush.,D365
Millenium Marbles Pvt. Ltd.,IND-RA,Non-government debt,B-/A4,2026-04-02,87,LOW (<90 days),Oct 2026,Jan 2027,Apr 2027,Apr 2027,10.0,Other,NCD — SEBI License Required,"INC since Apr 2026 (87 days). MEDIUM by Oct 2026, HOT by Jan 2027, ULTRA HOT by Apr 2027.",Your Non-government debt at IND-RA hits ULTRA HOT in Apr 2027. Start ACER process by Jan 2027 to be ahead of Q2 2027 renewal rush.,D365
Mini Diamonds (India) Ltd.,CRISIL,Long term Loans,D,2026-04-23,66,LOW (<90 days),Oct 2026,Jan 2027,Apr 2027,Apr 2027,1.0,Other,Standard,"INC since Apr 2026 (66 days). MEDIUM by Oct 2026, HOT by Jan 2027, ULTRA HOT by Apr 2027.",Your Long term Loans at CRISIL hits ULTRA HOT in Apr 2027. Start ACER process by Jan 2027 to be ahead of Q2 2027 renewal rush.,D365
Mittal Filaments Pvt. Ltd.,CARE,Bank Guarantee,A 4,2026-04-16,73,LOW (<90 days),Oct 2026,Jan 2027,Apr 2027,Apr 2027,0.25,Other,Standard,"INC since Apr 2026 (73 days). MEDIUM by Oct 2026, HOT by Jan 2027, ULTRA HOT by Apr 2027.",Your Bank Guarantee at CARE hits ULTRA HOT in Apr 2027. Start ACER process by Jan 2027 to be ahead of Q2 2027 renewal rush.,D365
Mittal Filaments Pvt. Ltd.,CARE,Term loans,B-,2026-04-16,73,LOW (<90 days),Oct 2026,Jan 2027,Apr 2027,Apr 2027,8.15,Other,Standard,"INC since Apr 2026 (73 days). MEDIUM by Oct 2026, HOT by Jan 2027, ULTRA HOT by Apr 2027.",Your Term loans at CARE hits ULTRA HOT in Apr 2027. Start ACER process by Jan 2027 to be ahead of Q2 2027 renewal rush.,D365
Mittal Udyog Indore Pvt. Ltd.,ICRA,Short-term loan,A 4,2026-04-15,74,LOW (<90 days),Oct 2026,Jan 2027,Apr 2027,Apr 2027,0.0,Mining/Minerals,Standard,"INC since Apr 2026 (74 days). MEDIUM by Oct 2026, HOT by Jan 2027, ULTRA HOT by Apr 2027.",Your Short-term loan at ICRA hits ULTRA HOT in Apr 2027. Start ACER process by Jan 2027 to be ahead of Q2 2027 renewal rush.,D365
Mittapally Agro Products Pvt. Ltd.,CARE,Non-government debt,D,2026-04-14,75,LOW (<90 days),Oct 2026,Jan 2027,Apr 2027,Apr 2027,32.5,Agro/Food,NCD — SEBI License Required,"INC since Apr 2026 (75 days). MEDIUM by Oct 2026, HOT by Jan 2027, ULTRA HOT by Apr 2027.",Your Non-government debt at CARE hits ULTRA HOT in Apr 2027. Start ACER process by Jan 2027 to be ahead of Q2 2027 renewal rush.,D365
Mittapally Agro Products Pvt. Ltd.,CRISIL,Bank Guarantee,D,2026-04-24,65,LOW (<90 days),Oct 2026,Jan 2027,Apr 2027,Apr 2027,0.5,Agro/Food,Standard,"INC since Apr 2026 (65 days). MEDIUM by Oct 2026, HOT by Jan 2027, ULTRA HOT by Apr 2027.",Your Bank Guarantee at CRISIL hits ULTRA HOT in Apr 2027. Start ACER process by Jan 2027 to be ahead of Q2 2027 renewal rush.,D365
Mohib Shoes Pvt. Ltd.,CARE,Letter Of credit,D,2026-04-30,59,LOW (<90 days),Oct 2026,Jan 2027,Apr 2027,Apr 2027,1.5,Other,Standard,"INC since Apr 2026 (59 days). MEDIUM by Oct 2026, HOT by Jan 2027, ULTRA HOT by Apr 2027.",Your Letter Of credit at CARE hits ULTRA HOT in Apr 2027. Start ACER process by Jan 2027 to be ahead of Q2 2027 renewal rush.,D365
Mohini Health & Hygiene Ltd.,CARE,Term loans,B,2026-04-27,62,LOW (<90 days),Oct 2026,Jan 2027,Apr 2027,Apr 2027,20.0,Healthcare,Standard,"INC since Apr 2026 (62 days). MEDIUM by Oct 2026, HOT by Jan 2027, ULTRA HOT by Apr 2027.",Your Term loans at CARE hits ULTRA HOT in Apr 2027. Start ACER process by Jan 2027 to be ahead of Q2 2027 renewal rush.,D365
Montage Promoters Pvt. Ltd.,CRISIL,Long term Loans,D,2026-04-23,66,LOW (<90 days),Oct 2026,Jan 2027,Apr 2027,Apr 2027,8.55,Other,Standard,"INC since Apr 2026 (66 days). MEDIUM by Oct 2026, HOT by Jan 2027, ULTRA HOT by Apr 2027.",Your Long term Loans at CRISIL hits ULTRA HOT in Apr 2027. Start ACER process by Jan 2027 to be ahead of Q2 2027 renewal rush.,D365
Montage Promoters Pvt. Ltd.,CRISIL,Term loans,D,2026-04-23,66,LOW (<90 days),Oct 2026,Jan 2027,Apr 2027,Apr 2027,0.95,Other,Standard,"INC since Apr 2026 (66 days). MEDIUM by Oct 2026, HOT by Jan 2027, ULTRA HOT by Apr 2027.",Your Term loans at CRISIL hits ULTRA HOT in Apr 2027. Start ACER process by Jan 2027 to be ahead of Q2 2027 renewal rush.,D365
Mudrakshi Hytech India Pvt. Ltd.,ICRA,Non-fund-based financial facility/instrument,A 4,2026-04-24,65,LOW (<90 days),Oct 2026,Jan 2027,Apr 2027,Apr 2027,12.0,IT/Technology,Standard,"INC since Apr 2026 (65 days). MEDIUM by Oct 2026, HOT by Jan 2027, ULTRA HOT by Apr 2027.",Your Non-fund-based financial facility/instrument at ICRA hits ULTRA HOT in Apr 2027. Start ACER process by Jan 2027 to be ahead of Q2 2027 renewal rush.,D365
Mudrakshi Hytech India Pvt. Ltd.,ICRA,Term loans,B+,2026-04-24,65,LOW (<90 days),Oct 2026,Jan 2027,Apr 2027,Apr 2027,10.75,IT/Technology,Standard,"INC since Apr 2026 (65 days). MEDIUM by Oct 2026, HOT by Jan 2027, ULTRA HOT by Apr 2027.",Your Term loans at ICRA hits ULTRA HOT in Apr 2027. Start ACER process by Jan 2027 to be ahead of Q2 2027 renewal rush.,D365
Mulpuri Foods & Feeds Pvt. Ltd.,CRISIL,Long term Loans,B,2026-04-24,65,LOW (<90 days),Oct 2026,Jan 2027,Apr 2027,Apr 2027,15.08,Agro/Food,Standard,"INC since Apr 2026 (65 days). MEDIUM by Oct 2026, HOT by Jan 2027, ULTRA HOT by Apr 2027.",Your Long term Loans at CRISIL hits ULTRA HOT in Apr 2027. Start ACER process by Jan 2027 to be ahead of Q2 2027 renewal rush.,D365
Multicolor Steels (India) Pvt. Ltd.,CRISIL,Letter Of credit,A 4+,2026-04-30,59,LOW (<90 days),Oct 2026,Jan 2027,Apr 2027,Apr 2027,23.0,Steel & Metals,Standard,"INC since Apr 2026 (59 days). MEDIUM by Oct 2026, HOT by Jan 2027, ULTRA HOT by Apr 2027.",Your Letter Of credit at CRISIL hits ULTRA HOT in Apr 2027. Start ACER process by Jan 2027 to be ahead of Q2 2027 renewal rush.,D365
Multicolor Steels (India) Pvt. Ltd.,CRISIL,Fund based financial facility/instrument,BB-,2026-04-30,59,LOW (<90 days),Oct 2026,Jan 2027,Apr 2027,Apr 2027,0.3,Steel & Metals,Standard,"INC since Apr 2026 (59 days). MEDIUM by Oct 2026, HOT by Jan 2027, ULTRA HOT by Apr 2027.",Your Fund based financial facility/instrument at CRISIL hits ULTRA HOT in Apr 2027. Start ACER process by Jan 2027 to be ahead of Q2 2027 renewal rush.,D365
Multicolor Steels (India) Pvt. Ltd.,CRISIL,Term loans,BB-,2026-04-30,59,LOW (<90 days),Oct 2026,Jan 2027,Apr 2027,Apr 2027,4.2,Steel & Metals,Standard,"INC since Apr 2026 (59 days). MEDIUM by Oct 2026, HOT by Jan 2027, ULTRA HOT by Apr 2027.",Your Term loans at CRISIL hits ULTRA HOT in Apr 2027. Start ACER process by Jan 2027 to be ahead of Q2 2027 renewal rush.,D365
Multiple Special Steel Pvt. Ltd.,CRISIL,Letter Of credit,A 4,2026-04-24,65,LOW (<90 days),Oct 2026,Jan 2027,Apr 2027,Apr 2027,2.0,Steel & Metals,Standard,"INC since Apr 2026 (65 days). MEDIUM by Oct 2026, HOT by Jan 2027, ULTRA HOT by Apr 2027.",Your Letter Of credit at CRISIL hits ULTRA HOT in Apr 2027. Start ACER process by Jan 2027 to be ahead of Q2 2027 renewal rush.,D365
Multiple Special Steel Pvt. Ltd.,CRISIL,Long term Loans,B,2026-04-24,65,LOW (<90 days),Oct 2026,Jan 2027,Apr 2027,Apr 2027,0.81,Steel & Metals,Standard,"INC since Apr 2026 (65 days). MEDIUM by Oct 2026, HOT by Jan 2027, ULTRA HOT by Apr 2027.",Your Long term Loans at CRISIL hits ULTRA HOT in Apr 2027. Start ACER process by Jan 2027 to be ahead of Q2 2027 renewal rush.,D365
Multiple Special Steel Pvt. Ltd.,CRISIL,Term loans,B,2026-04-24,65,LOW (<90 days),Oct 2026,Jan 2027,Apr 2027,Apr 2027,2.69,Steel & Metals,Standard,"INC since Apr 2026 (65 days). MEDIUM by Oct 2026, HOT by Jan 2027, ULTRA HOT by Apr 2027.",Your Term loans at CRISIL hits ULTRA HOT in Apr 2027. Start ACER process by Jan 2027 to be ahead of Q2 2027 renewal rush.,D365
Mutha Engineering Pvt. Ltd.,CARE,Term loans,BB-,2026-04-16,73,LOW (<90 days),Oct 2026,Jan 2027,Apr 2027,Apr 2027,41.59,Other,Standard,"INC since Apr 2026 (73 days). MEDIUM by Oct 2026, HOT by Jan 2027, ULTRA HOT by Apr 2027.",Your Term loans at CARE hits ULTRA HOT in Apr 2027. Start ACER process by Jan 2027 to be ahead of Q2 2027 renewal rush.,D365
My Car (Bhopal) Pvt. Ltd.,CRISIL,Fund based financial facility/instrument,D,2026-04-24,65,LOW (<90 days),Oct 2026,Jan 2027,Apr 2027,Apr 2027,25.0,Other,Standard,"INC since Apr 2026 (65 days). MEDIUM by Oct 2026, HOT by Jan 2027, ULTRA HOT by Apr 2027.",Your Fund based financial facility/instrument at CRISIL hits ULTRA HOT in Apr 2027. Start ACER process by Jan 2027 to be ahead of Q2 2027 renewal rush.,D365
My Car (Bhopal) Pvt. Ltd.,CRISIL,Long term Loans,D,2026-04-24,65,LOW (<90 days),Oct 2026,Jan 2027,Apr 2027,Apr 2027,10.0,Other,Standard,"INC since Apr 2026 (65 days). MEDIUM by Oct 2026, HOT by Jan 2027, ULTRA HOT by Apr 2027.",Your Long term Loans at CRISIL hits ULTRA HOT in Apr 2027. Start ACER process by Jan 2027 to be ahead of Q2 2027 renewal rush.,D365
My Car (Indore) Pvt. Ltd.,CRISIL,Bank Guarantee,D,2026-04-24,65,LOW (<90 days),Oct 2026,Jan 2027,Apr 2027,Apr 2027,3.0,Mining/Minerals,Standard,"INC since Apr 2026 (65 days). MEDIUM by Oct 2026, HOT by Jan 2027, ULTRA HOT by Apr 2027.",Your Bank Guarantee at CRISIL hits ULTRA HOT in Apr 2027. Start ACER process by Jan 2027 to be ahead of Q2 2027 renewal rush.,D365
My Car (Indore) Pvt. Ltd.,CRISIL,Term loans,D,2026-04-24,65,LOW (<90 days),Oct 2026,Jan 2027,Apr 2027,Apr 2027,0.98,Mining/Minerals,Standard,"INC since Apr 2026 (65 days). MEDIUM by Oct 2026, HOT by Jan 2027, ULTRA HOT by Apr 2027.",Your Term loans at CRISIL hits ULTRA HOT in Apr 2027. Start ACER process by Jan 2027 to be ahead of Q2 2027 renewal rush.,D365
My Equipments Pvt. Ltd.,CRISIL,Fund based financial facility/instrument,D,2026-04-24,65,LOW (<90 days),Oct 2026,Jan 2027,Apr 2027,Apr 2027,13.0,Other,Standard,"INC since Apr 2026 (65 days). MEDIUM by Oct 2026, HOT by Jan 2027, ULTRA HOT by Apr 2027.",Your Fund based financial facility/instrument at CRISIL hits ULTRA HOT in Apr 2027. Start ACER process by Jan 2027 to be ahead of Q2 2027 renewal rush.,D365
My Equipments Pvt. Ltd.,CRISIL,Term loans,D,2026-04-24,65,LOW (<90 days),Oct 2026,Jan 2027,Apr 2027,Apr 2027,1.0,Other,Standard,"INC since Apr 2026 (65 days). MEDIUM by Oct 2026, HOT by Jan 2027, ULTRA HOT by Apr 2027.",Your Term loans at CRISIL hits ULTRA HOT in Apr 2027. Start ACER process by Jan 2027 to be ahead of Q2 2027 renewal rush.,D365
My Store Pvt. Ltd.,CRISIL,Bank Guarantee,D,2026-04-24,65,LOW (<90 days),Oct 2026,Jan 2027,Apr 2027,Apr 2027,1.0,Mining/Minerals,Standard,"INC since Apr 2026 (65 days). MEDIUM by Oct 2026, HOT by Jan 2027, ULTRA HOT by Apr 2027.",Your Bank Guarantee at CRISIL hits ULTRA HOT in Apr 2027. Start ACER process by Jan 2027 to be ahead of Q2 2027 renewal rush.,D365
My Store Pvt. Ltd.,CRISIL,Term loans,D,2026-04-24,65,LOW (<90 days),Oct 2026,Jan 2027,Apr 2027,Apr 2027,5.0,Mining/Minerals,Standard,"INC since Apr 2026 (65 days). MEDIUM by Oct 2026, HOT by Jan 2027, ULTRA HOT by Apr 2027.",Your Term loans at CRISIL hits ULTRA HOT in Apr 2027. Start ACER process by Jan 2027 to be ahead of Q2 2027 renewal rush.,D365
N B M Iron & Steel Trdg. Pvt. Ltd.,BRICKWORK,Letter Of credit,A 4,2026-04-10,79,LOW (<90 days),Oct 2026,Jan 2027,Apr 2027,Apr 2027,118.0,Steel & Metals,Standard,"INC since Apr 2026 (79 days). MEDIUM by Oct 2026, HOT by Jan 2027, ULTRA HOT by Apr 2027.",Your Letter Of credit at BRICKWORK hits ULTRA HOT in Apr 2027. Start ACER process by Jan 2027 to be ahead of Q2 2027 renewal rush.,D365
N B M Iron & Steel Trdg. Pvt. Ltd.,BRICKWORK,Letter Of credit,A 4,2026-04-10,79,LOW (<90 days),Oct 2026,Jan 2027,Apr 2027,Apr 2027,0.0,Steel & Metals,Standard,"INC since Apr 2026 (79 days). MEDIUM by Oct 2026, HOT by Jan 2027, ULTRA HOT by Apr 2027.",Your Letter Of credit at BRICKWORK hits ULTRA HOT in Apr 2027. Start ACER process by Jan 2027 to be ahead of Q2 2027 renewal rush.,D365
N B M Iron & Steel Trdg. Pvt. Ltd.,BRICKWORK,Non-fund-based financial facility/instrument,A 4,2026-04-10,79,LOW (<90 days),Oct 2026,Jan 2027,Apr 2027,Apr 2027,2.36,Steel & Metals,Standard,"INC since Apr 2026 (79 days). MEDIUM by Oct 2026, HOT by Jan 2027, ULTRA HOT by Apr 2027.",Your Non-fund-based financial facility/instrument at BRICKWORK hits ULTRA HOT in Apr 2027. Start ACER process by Jan 2027 to be ahead of Q2 2027 renewal rush.,D365
N C C Infraspace Pvt. Ltd.,CRISIL,Bank Guarantee,A 4,2026-04-30,59,LOW (<90 days),Oct 2026,Jan 2027,Apr 2027,Apr 2027,90.0,Construction/Infra,Standard,"INC since Apr 2026 (59 days). MEDIUM by Oct 2026, HOT by Jan 2027, ULTRA HOT by Apr 2027.",Your Bank Guarantee at CRISIL hits ULTRA HOT in Apr 2027. Start ACER process by Jan 2027 to be ahead of Q2 2027 renewal rush.,D365
N C C Infraspace Pvt. Ltd.,CRISIL,Fund based financial facility/instrument,B,2026-04-30,59,LOW (<90 days),Oct 2026,Jan 2027,Apr 2027,Apr 2027,5.76,Construction/Infra,Standard,"INC since Apr 2026 (59 days). MEDIUM by Oct 2026, HOT by Jan 2027, ULTRA HOT by Apr 2027.",Your Fund based financial facility/instrument at CRISIL hits ULTRA HOT in Apr 2027. Start ACER process by Jan 2027 to be ahead of Q2 2027 renewal rush.,D365
N C C Infraspace Pvt. Ltd.,CRISIL,Term loans,B,2026-04-30,59,LOW (<90 days),Oct 2026,Jan 2027,Apr 2027,Apr 2027,4.95,Construction/Infra,Standard,"INC since Apr 2026 (59 days). MEDIUM by Oct 2026, HOT by Jan 2027, ULTRA HOT by Apr 2027.",Your Term loans at CRISIL hits ULTRA HOT in Apr 2027. Start ACER process by Jan 2027 to be ahead of Q2 2027 renewal rush.,D365
N K Agro Exports (India) Pvt. Ltd.,CARE,Bank Guarantee,A 4,2026-04-02,87,LOW (<90 days),Oct 2026,Jan 2027,Apr 2027,Apr 2027,0.3,Agro/Food,Standard,"INC since Apr 2026 (87 days). MEDIUM by Oct 2026, HOT by Jan 2027, ULTRA HOT by Apr 2027.",Your Bank Guarantee at CARE hits ULTRA HOT in Apr 2027. Start ACER process by Jan 2027 to be ahead of Q2 2027 renewal rush.,D365
N K Agro Exports (India) Pvt. Ltd.,CARE,Non-fund-based financial facility/instrument,A 4,2026-04-02,87,LOW (<90 days),Oct 2026,Jan 2027,Apr 2027,Apr 2027,5.0,Agro/Food,Standard,"INC since Apr 2026 (87 days). MEDIUM by Oct 2026, HOT by Jan 2027, ULTRA HOT by Apr 2027.",Your Non-fund-based financial facility/instrument at CARE hits ULTRA HOT in Apr 2027. Start ACER process by Jan 2027 to be ahead of Q2 2027 renewal rush.,D365
N K Agro Exports (India) Pvt. Ltd.,CARE,Non-government debt,BB-/A4,2026-04-02,87,LOW (<90 days),Oct 2026,Jan 2027,Apr 2027,Apr 2027,90.0,Agro/Food,NCD — SEBI License Required,"INC since Apr 2026 (87 days). MEDIUM by Oct 2026, HOT by Jan 2027, ULTRA HOT by Apr 2027.",Your Non-government debt at CARE hits ULTRA HOT in Apr 2027. Start ACER process by Jan 2027 to be ahead of Q2 2027 renewal rush.,D365
N K Agro Exports (India) Pvt. Ltd.,CARE,Term loans,BB-,2026-04-02,87,LOW (<90 days),Oct 2026,Jan 2027,Apr 2027,Apr 2027,42.83,Agro/Food,Standard,"INC since Apr 2026 (87 days). MEDIUM by Oct 2026, HOT by Jan 2027, ULTRA HOT by Apr 2027.",Your Term loans at CARE hits ULTRA HOT in Apr 2027. Start ACER process by Jan 2027 to be ahead of Q2 2027 renewal rush.,D365
N T F (India) Pvt. Ltd.,BRICKWORK,Non-fund-based financial facility/instrument,A 4,2026-04-08,81,LOW (<90 days),Oct 2026,Jan 2027,Apr 2027,Apr 2027,34.0,Other,Standard,"INC since Apr 2026 (81 days). MEDIUM by Oct 2026, HOT by Jan 2027, ULTRA HOT by Apr 2027.",Your Non-fund-based financial facility/instrument at BRICKWORK hits ULTRA HOT in Apr 2027. Start ACER process by Jan 2027 to be ahead of Q2 2027 renewal rush.,D365
N T F (India) Pvt. Ltd.,BRICKWORK,Fund based financial facility/instrument,BB,2026-04-08,81,LOW (<90 days),Oct 2026,Jan 2027,Apr 2027,Apr 2027,179.06,Other,Standard,"INC since Apr 2026 (81 days). MEDIUM by Oct 2026, HOT by Jan 2027, ULTRA HOT by Apr 2027.",Your Fund based financial facility/instrument at BRICKWORK hits ULTRA HOT in Apr 2027. Start ACER process by Jan 2027 to be ahead of Q2 2027 renewal rush.,D365
N V Kharote Constructions Pvt. Ltd.,CARE,Bank Guarantee,D,2026-04-10,79,LOW (<90 days),Oct 2026,Jan 2027,Apr 2027,Apr 2027,7.83,Construction/Infra,Standard,"INC since Apr 2026 (79 days). MEDIUM by Oct 2026, HOT by Jan 2027, ULTRA HOT by Apr 2027.",Your Bank Guarantee at CARE hits ULTRA HOT in Apr 2027. Start ACER process by Jan 2027 to be ahead of Q2 2027 renewal rush.,D365
Nac Jewellers Pvt. Ltd.,CRISIL,Long term Loans,B,2026-04-23,66,LOW (<90 days),Oct 2026,Jan 2027,Apr 2027,Apr 2027,6.85,Other,Standard,"INC since Apr 2026 (66 days). MEDIUM by Oct 2026, HOT by Jan 2027, ULTRA HOT by Apr 2027.",Your Long term Loans at CRISIL hits ULTRA HOT in Apr 2027. Start ACER process by Jan 2027 to be ahead of Q2 2027 renewal rush.,D365
Nachiketa Papers Ltd.,CRISIL,Term loans,B,2026-04-28,61,LOW (<90 days),Oct 2026,Jan 2027,Apr 2027,Apr 2027,6.0,Paper/Packaging,Standard,"INC since Apr 2026 (61 days). MEDIUM by Oct 2026, HOT by Jan 2027, ULTRA HOT by Apr 2027.",Your Term loans at CRISIL hits ULTRA HOT in Apr 2027. Start ACER process by Jan 2027 to be ahead of Q2 2027 renewal rush.,D365
Nachiketa Papers Ltd.,CRISIL,Term loans,B,2026-04-28,61,LOW (<90 days),Oct 2026,Jan 2027,Apr 2027,Apr 2027,35.0,Paper/Packaging,Standard,"INC since Apr 2026 (61 days). MEDIUM by Oct 2026, HOT by Jan 2027, ULTRA HOT by Apr 2027.",Your Term loans at CRISIL hits ULTRA HOT in Apr 2027. Start ACER process by Jan 2027 to be ahead of Q2 2027 renewal rush.,D365
Nainital Motors Pvt. Ltd.,IND-RA,Non-government debt,B-/A4,2026-04-02,87,LOW (<90 days),Oct 2026,Jan 2027,Apr 2027,Apr 2027,18.25,Automobiles,NCD — SEBI License Required,"INC since Apr 2026 (87 days). MEDIUM by Oct 2026, HOT by Jan 2027, ULTRA HOT by Apr 2027.",Your Non-government debt at IND-RA hits ULTRA HOT in Apr 2027. Start ACER process by Jan 2027 to be ahead of Q2 2027 renewal rush.,D365
Nalanda Engicon Pvt. Ltd.,CARE,Bank Guarantee,A 4,2026-04-16,73,LOW (<90 days),Oct 2026,Jan 2027,Apr 2027,Apr 2027,7.0,Other,Standard,"INC since Apr 2026 (73 days). MEDIUM by Oct 2026, HOT by Jan 2027, ULTRA HOT by Apr 2027.",Your Bank Guarantee at CARE hits ULTRA HOT in Apr 2027. Start ACER process by Jan 2027 to be ahead of Q2 2027 renewal rush.,D365
Nani Agrofoods Pvt. Ltd.,IND-RA,Non-government debt,B/A4,2026-04-02,87,LOW (<90 days),Oct 2026,Jan 2027,Apr 2027,Apr 2027,60.0,Agro/Food,NCD — SEBI License Required,"INC since Apr 2026 (87 days). MEDIUM by Oct 2026, HOT by Jan 2027, ULTRA HOT by Apr 2027.",Your Non-government debt at IND-RA hits ULTRA HOT in Apr 2027. Start ACER process by Jan 2027 to be ahead of Q2 2027 renewal rush.,D365
Narayanadri Hospitals & Research Institute Pvt. Ltd.,IND-RA,Non-government debt,B-/A4,2026-04-02,87,LOW (<90 days),Oct 2026,Jan 2027,Apr 2027,Apr 2027,12.36,Healthcare,NCD — SEBI License Required,"INC since Apr 2026 (87 days). MEDIUM by Oct 2026, HOT by Jan 2027, ULTRA HOT by Apr 2027.",Your Non-government debt at IND-RA hits ULTRA HOT in Apr 2027. Start ACER process by Jan 2027 to be ahead of Q2 2027 renewal rush.,D365
Narendra Tea Co. Pvt. Ltd.,ICRA,Term loans,B+,2026-04-29,60,LOW (<90 days),Oct 2026,Jan 2027,Apr 2027,Apr 2027,5.0,Other,Standard,"INC since Apr 2026 (60 days). MEDIUM by Oct 2026, HOT by Jan 2027, ULTRA HOT by Apr 2027.",Your Term loans at ICRA hits ULTRA HOT in Apr 2027. Start ACER process by Jan 2027 to be ahead of Q2 2027 renewal rush.,D365
Narmada Agrobase Ltd.,IND-RA,Non-government debt,B-/A4,2026-04-02,87,LOW (<90 days),Oct 2026,Jan 2027,Apr 2027,Apr 2027,6.23,Agro/Food,NCD — SEBI License Required,"INC since Apr 2026 (87 days). MEDIUM by Oct 2026, HOT by Jan 2027, ULTRA HOT by Apr 2027.",Your Non-government debt at IND-RA hits ULTRA HOT in Apr 2027. Start ACER process by Jan 2027 to be ahead of Q2 2027 renewal rush.,D365
Narmada Spinning Pvt. Ltd.,CRISIL,Bank Guarantee,A 4,2026-04-24,65,LOW (<90 days),Oct 2026,Jan 2027,Apr 2027,Apr 2027,1.65,Textiles,Standard,"INC since Apr 2026 (65 days). MEDIUM by Oct 2026, HOT by Jan 2027, ULTRA HOT by Apr 2027.",Your Bank Guarantee at CRISIL hits ULTRA HOT in Apr 2027. Start ACER process by Jan 2027 to be ahead of Q2 2027 renewal rush.,D365
Narmada Spinning Pvt. Ltd.,CRISIL,Long term Loans,B,2026-04-24,65,LOW (<90 days),Oct 2026,Jan 2027,Apr 2027,Apr 2027,0.35,Textiles,Standard,"INC since Apr 2026 (65 days). MEDIUM by Oct 2026, HOT by Jan 2027, ULTRA HOT by Apr 2027.",Your Long term Loans at CRISIL hits ULTRA HOT in Apr 2027. Start ACER process by Jan 2027 to be ahead of Q2 2027 renewal rush.,D365
Narmada Spinning Pvt. Ltd.,CRISIL,Term loans,B,2026-04-24,65,LOW (<90 days),Oct 2026,Jan 2027,Apr 2027,Apr 2027,20.0,Textiles,Standard,"INC since Apr 2026 (65 days). MEDIUM by Oct 2026, HOT by Jan 2027, ULTRA HOT by Apr 2027.",Your Term loans at CRISIL hits ULTRA HOT in Apr 2027. Start ACER process by Jan 2027 to be ahead of Q2 2027 renewal rush.,D365
Nasim Ahsan Construction Pvt. Ltd.,CARE,Bank Guarantee,B-,2026-04-13,76,LOW (<90 days),Oct 2026,Jan 2027,Apr 2027,Apr 2027,25.0,Construction/Infra,Standard,"INC since Apr 2026 (76 days). MEDIUM by Oct 2026, HOT by Jan 2027, ULTRA HOT by Apr 2027.",Your Bank Guarantee at CARE hits ULTRA HOT in Apr 2027. Start ACER process by Jan 2027 to be ahead of Q2 2027 renewal rush.,D365
Natraj Electro Casting Pvt. Ltd.,CARE,Bank Guarantee,A 4,2026-04-14,75,LOW (<90 days),Oct 2026,Jan 2027,Apr 2027,Apr 2027,1.54,Other,Standard,"INC since Apr 2026 (75 days). MEDIUM by Oct 2026, HOT by Jan 2027, ULTRA HOT by Apr 2027.",Your Bank Guarantee at CARE hits ULTRA HOT in Apr 2027. Start ACER process by Jan 2027 to be ahead of Q2 2027 renewal rush.,D365
Natraj Electro Casting Pvt. Ltd.,CARE,Non-government debt,B-/A4,2026-04-14,75,LOW (<90 days),Oct 2026,Jan 2027,Apr 2027,Apr 2027,2.9,Other,NCD — SEBI License Required,"INC since Apr 2026 (75 days). MEDIUM by Oct 2026, HOT by Jan 2027, ULTRA HOT by Apr 2027.",Your Non-government debt at CARE hits ULTRA HOT in Apr 2027. Start ACER process by Jan 2027 to be ahead of Q2 2027 renewal rush.,D365
Natraj Electro Casting Pvt. Ltd.,CARE,Term loans,B-,2026-04-14,75,LOW (<90 days),Oct 2026,Jan 2027,Apr 2027,Apr 2027,13.5,Other,Standard,"INC since Apr 2026 (75 days). MEDIUM by Oct 2026, HOT by Jan 2027, ULTRA HOT by Apr 2027.",Your Term loans at CARE hits ULTRA HOT in Apr 2027. Start ACER process by Jan 2027 to be ahead of Q2 2027 renewal rush.,D365
Natraj Electro Casting Pvt. Ltd.,CRISIL,Bank Guarantee,A 4,2026-04-24,65,LOW (<90 days),Oct 2026,Jan 2027,Apr 2027,Apr 2027,1.53,Other,Standard,"INC since Apr 2026 (65 days). MEDIUM by Oct 2026, HOT by Jan 2027, ULTRA HOT by Apr 2027.",Your Bank Guarantee at CRISIL hits ULTRA HOT in Apr 2027. Start ACER process by Jan 2027 to be ahead of Q2 2027 renewal rush.,D365
Natraj Electro Casting Pvt. Ltd.,CRISIL,Term loans,B,2026-04-24,65,LOW (<90 days),Oct 2026,Jan 2027,Apr 2027,Apr 2027,20.0,Other,Standard,"INC since Apr 2026 (65 days). MEDIUM by Oct 2026, HOT by Jan 2027, ULTRA HOT by Apr 2027.",Your Term loans at CRISIL hits ULTRA HOT in Apr 2027. Start ACER process by Jan 2027 to be ahead of Q2 2027 renewal rush.,D365
Natvar Cotex Pvt. Ltd.,CRISIL,Long term Loans,B,2026-04-23,66,LOW (<90 days),Oct 2026,Jan 2027,Apr 2027,Apr 2027,1.54,Other,Standard,"INC since Apr 2026 (66 days). MEDIUM by Oct 2026, HOT by Jan 2027, ULTRA HOT by Apr 2027.",Your Long term Loans at CRISIL hits ULTRA HOT in Apr 2027. Start ACER process by Jan 2027 to be ahead of Q2 2027 renewal rush.,D365
Nav Jyoti Agro Foods Pvt. Ltd.,CRISIL,Fund based financial facility/instrument,D,2026-04-10,79,LOW (<90 days),Oct 2026,Jan 2027,Apr 2027,Apr 2027,30.0,Agro/Food,Standard,"INC since Apr 2026 (79 days). MEDIUM by Oct 2026, HOT by Jan 2027, ULTRA HOT by Apr 2027.",Your Fund based financial facility/instrument at CRISIL hits ULTRA HOT in Apr 2027. Start ACER process by Jan 2027 to be ahead of Q2 2027 renewal rush.,D365
Nav Jyoti Agro Foods Pvt. Ltd.,CRISIL,Term loans,D,2026-04-10,79,LOW (<90 days),Oct 2026,Jan 2027,Apr 2027,Apr 2027,2.4,Agro/Food,Standard,"INC since Apr 2026 (79 days). MEDIUM by Oct 2026, HOT by Jan 2027, ULTRA HOT by Apr 2027.",Your Term loans at CRISIL hits ULTRA HOT in Apr 2027. Start ACER process by Jan 2027 to be ahead of Q2 2027 renewal rush.,D365
Navitas Green Solutions Pvt. Ltd.,CRISIL,Bank Guarantee,A 4,2026-04-24,65,LOW (<90 days),Oct 2026,Jan 2027,Apr 2027,Apr 2027,1.25,Other,Standard,"INC since Apr 2026 (65 days). MEDIUM by Oct 2026, HOT by Jan 2027, ULTRA HOT by Apr 2027.",Your Bank Guarantee at CRISIL hits ULTRA HOT in Apr 2027. Start ACER process by Jan 2027 to be ahead of Q2 2027 renewal rush.,D365
Navitas Green Solutions Pvt. Ltd.,CRISIL,Letter Of credit,A 4,2026-04-24,65,LOW (<90 days),Oct 2026,Jan 2027,Apr 2027,Apr 2027,6.0,Other,Standard,"INC since Apr 2026 (65 days). MEDIUM by Oct 2026, HOT by Jan 2027, ULTRA HOT by Apr 2027.",Your Letter Of credit at CRISIL hits ULTRA HOT in Apr 2027. Start ACER process by Jan 2027 to be ahead of Q2 2027 renewal rush.,D365
Navitas Green Solutions Pvt. Ltd.,CRISIL,Term loans,B,2026-04-24,65,LOW (<90 days),Oct 2026,Jan 2027,Apr 2027,Apr 2027,14.05,Other,Standard,"INC since Apr 2026 (65 days). MEDIUM by Oct 2026, HOT by Jan 2027, ULTRA HOT by Apr 2027.",Your Term loans at CRISIL hits ULTRA HOT in Apr 2027. Start ACER process by Jan 2027 to be ahead of Q2 2027 renewal rush.,D365
Neco Heavy Engg. & Castings Pvt. Ltd.,ICRA,Non-fund-based financial facility/instrument,A 4,2026-04-28,61,LOW (<90 days),Oct 2026,Jan 2027,Apr 2027,Apr 2027,5.0,Other,Standard,"INC since Apr 2026 (61 days). MEDIUM by Oct 2026, HOT by Jan 2027, ULTRA HOT by Apr 2027.",Your Non-fund-based financial facility/instrument at ICRA hits ULTRA HOT in Apr 2027. Start ACER process by Jan 2027 to be ahead of Q2 2027 renewal rush.,D365
Nemcare Hospitals Pvt. Ltd.,IND-RA,Term loans,D,2026-04-02,87,LOW (<90 days),Oct 2026,Jan 2027,Apr 2027,Apr 2027,49.0,Healthcare,Standard,"INC since Apr 2026 (87 days). MEDIUM by Oct 2026, HOT by Jan 2027, ULTRA HOT by Apr 2027.",Your Term loans at IND-RA hits ULTRA HOT in Apr 2027. Start ACER process by Jan 2027 to be ahead of Q2 2027 renewal rush.,D365
Nevco Engineers Pvt. Ltd.,CARE,Bank Guarantee,A 4,2026-04-17,72,LOW (<90 days),Oct 2026,Jan 2027,Apr 2027,Apr 2027,5.0,Other,Standard,"INC since Apr 2026 (72 days). MEDIUM by Oct 2026, HOT by Jan 2027, ULTRA HOT by Apr 2027.",Your Bank Guarantee at CARE hits ULTRA HOT in Apr 2027. Start ACER process by Jan 2027 to be ahead of Q2 2027 renewal rush.,D365
Nevco Engineers Pvt. Ltd.,CARE,Fund based financial facility/instrument,B-,2026-04-17,72,LOW (<90 days),Oct 2026,Jan 2027,Apr 2027,Apr 2027,2.5,Other,Standard,"INC since Apr 2026 (72 days). MEDIUM by Oct 2026, HOT by Jan 2027, ULTRA HOT by Apr 2027.",Your Fund based financial facility/instrument at CARE hits ULTRA HOT in Apr 2027. Start ACER process by Jan 2027 to be ahead of Q2 2027 renewal rush.,D365
New Modern Technomech Pvt. Ltd.,ACUITE,Bank Guarantee,A 4,2026-04-16,73,LOW (<90 days),Oct 2026,Jan 2027,Apr 2027,Apr 2027,50.0,IT/Technology,Standard,"INC since Apr 2026 (73 days). MEDIUM by Oct 2026, HOT by Jan 2027, ULTRA HOT by Apr 2027.",Your Bank Guarantee at ACUITE hits ULTRA HOT in Apr 2027. Start ACER process by Jan 2027 to be ahead of Q2 2027 renewal rush.,D365
New Modern Technomech Pvt. Ltd.,CARE,Letter Of credit,A 4,2026-04-21,68,LOW (<90 days),Oct 2026,Jan 2027,Apr 2027,Apr 2027,2.8,IT/Technology,Standard,"INC since Apr 2026 (68 days). MEDIUM by Oct 2026, HOT by Jan 2027, ULTRA HOT by Apr 2027.",Your Letter Of credit at CARE hits ULTRA HOT in Apr 2027. Start ACER process by Jan 2027 to be ahead of Q2 2027 renewal rush.,D365
New Modern Technomech Pvt. Ltd.,CARE,Letter Of credit,A 4,2026-04-21,68,LOW (<90 days),Oct 2026,Jan 2027,Apr 2027,Apr 2027,5.0,IT/Technology,Standard,"INC since Apr 2026 (68 days). MEDIUM by Oct 2026, HOT by Jan 2027, ULTRA HOT by Apr 2027.",Your Letter Of credit at CARE hits ULTRA HOT in Apr 2027. Start ACER process by Jan 2027 to be ahead of Q2 2027 renewal rush.,D365
New Modern Technomech Pvt. Ltd.,CARE,Non-government debt,C/A4,2026-04-21,68,LOW (<90 days),Oct 2026,Jan 2027,Apr 2027,Apr 2027,45.0,IT/Technology,NCD — SEBI License Required,"INC since Apr 2026 (68 days). MEDIUM by Oct 2026, HOT by Jan 2027, ULTRA HOT by Apr 2027.",Your Non-government debt at CARE hits ULTRA HOT in Apr 2027. Start ACER process by Jan 2027 to be ahead of Q2 2027 renewal rush.,D365
New Modern Technomech Pvt. Ltd.,CARE,Term loans,C,2026-04-21,68,LOW (<90 days),Oct 2026,Jan 2027,Apr 2027,Apr 2027,1.03,IT/Technology,Standard,"INC since Apr 2026 (68 days). MEDIUM by Oct 2026, HOT by Jan 2027, ULTRA HOT by Apr 2027.",Your Term loans at CARE hits ULTRA HOT in Apr 2027. Start ACER process by Jan 2027 to be ahead of Q2 2027 renewal rush.,D365
Nidan Laboratories & Healthcare Ltd.,CRISIL,Term loans,B,2026-04-23,66,LOW (<90 days),Oct 2026,Jan 2027,Apr 2027,Apr 2027,4.82,Healthcare,Standard,"INC since Apr 2026 (66 days). MEDIUM by Oct 2026, HOT by Jan 2027, ULTRA HOT by Apr 2027.",Your Term loans at CRISIL hits ULTRA HOT in Apr 2027. Start ACER process by Jan 2027 to be ahead of Q2 2027 renewal rush.,D365
Nikhil Footwears Pvt. Ltd.,CRISIL,Letter Of credit,D,2026-04-10,79,LOW (<90 days),Oct 2026,Jan 2027,Apr 2027,Apr 2027,23.0,Other,Standard,"INC since Apr 2026 (79 days). MEDIUM by Oct 2026, HOT by Jan 2027, ULTRA HOT by Apr 2027.",Your Letter Of credit at CRISIL hits ULTRA HOT in Apr 2027. Start ACER process by Jan 2027 to be ahead of Q2 2027 renewal rush.,D365
Nikhil Footwears Pvt. Ltd.,CRISIL,Term loans,D,2026-04-10,79,LOW (<90 days),Oct 2026,Jan 2027,Apr 2027,Apr 2027,7.64,Other,Standard,"INC since Apr 2026 (79 days). MEDIUM by Oct 2026, HOT by Jan 2027, ULTRA HOT by Apr 2027.",Your Term loans at CRISIL hits ULTRA HOT in Apr 2027. Start ACER process by Jan 2027 to be ahead of Q2 2027 renewal rush.,D365
Niladree Build-Tech Pvt. Ltd.,IND-RA,Term loans,B-,2026-04-02,87,LOW (<90 days),Oct 2026,Jan 2027,Apr 2027,Apr 2027,11.36,Construction/Infra,Standard,"INC since Apr 2026 (87 days). MEDIUM by Oct 2026, HOT by Jan 2027, ULTRA HOT by Apr 2027.",Your Term loans at IND-RA hits ULTRA HOT in Apr 2027. Start ACER process by Jan 2027 to be ahead of Q2 2027 renewal rush.,D365
Nimbus Motors Pvt. Ltd.,CRISIL,Fund based financial facility/instrument,BB,2026-04-22,67,LOW (<90 days),Oct 2026,Jan 2027,Apr 2027,Apr 2027,26.0,Automobiles,Standard,"INC since Apr 2026 (67 days). MEDIUM by Oct 2026, HOT by Jan 2027, ULTRA HOT by Apr 2027.",Your Fund based financial facility/instrument at CRISIL hits ULTRA HOT in Apr 2027. Start ACER process by Jan 2027 to be ahead of Q2 2027 renewal rush.,D365
Nimbus Motors Pvt. Ltd.,CRISIL,Term loans,BB,2026-04-22,67,LOW (<90 days),Oct 2026,Jan 2027,Apr 2027,Apr 2027,11.0,Automobiles,Standard,"INC since Apr 2026 (67 days). MEDIUM by Oct 2026, HOT by Jan 2027, ULTRA HOT by Apr 2027.",Your Term loans at CRISIL hits ULTRA HOT in Apr 2027. Start ACER process by Jan 2027 to be ahead of Q2 2027 renewal rush.,D365
Nimbus Motors Pvt. Ltd.,CARE,Fund based financial facility/instrument,C,2026-04-23,66,LOW (<90 days),Oct 2026,Jan 2027,Apr 2027,Apr 2027,27.5,Automobiles,Standard,"INC since Apr 2026 (66 days). MEDIUM by Oct 2026, HOT by Jan 2027, ULTRA HOT by Apr 2027.",Your Fund based financial facility/instrument at CARE hits ULTRA HOT in Apr 2027. Start ACER process by Jan 2027 to be ahead of Q2 2027 renewal rush.,D365
North East Ferro Alloys Co. Pvt. Ltd.,CARE,Term loans,B-,2026-04-20,69,LOW (<90 days),Oct 2026,Jan 2027,Apr 2027,Apr 2027,0.95,Steel & Metals,Standard,"INC since Apr 2026 (69 days). MEDIUM by Oct 2026, HOT by Jan 2027, ULTRA HOT by Apr 2027.",Your Term loans at CARE hits ULTRA HOT in Apr 2027. Start ACER process by Jan 2027 to be ahead of Q2 2027 renewal rush.,D365
Northway Infra-Tech Pvt. Ltd.,IND-RA,Term loans,B-,2026-04-02,87,LOW (<90 days),Oct 2026,Jan 2027,Apr 2027,Apr 2027,6.77,Construction/Infra,Standard,"INC since Apr 2026 (87 days). MEDIUM by Oct 2026, HOT by Jan 2027, ULTRA HOT by Apr 2027.",Your Term loans at IND-RA hits ULTRA HOT in Apr 2027. Start ACER process by Jan 2027 to be ahead of Q2 2027 renewal rush.,D365
Novagen Healthcare Pvt. Ltd.,CRISIL,Term loans,B,2026-04-23,66,LOW (<90 days),Oct 2026,Jan 2027,Apr 2027,Apr 2027,27.7,Healthcare,Standard,"INC since Apr 2026 (66 days). MEDIUM by Oct 2026, HOT by Jan 2027, ULTRA HOT by Apr 2027.",Your Term loans at CRISIL hits ULTRA HOT in Apr 2027. Start ACER process by Jan 2027 to be ahead of Q2 2027 renewal rush.,D365
Nucleus Satellite Communications (Madras) Pvt. Ltd.,CRISIL,Bank Guarantee,A 4,2026-04-24,65,LOW (<90 days),Oct 2026,Jan 2027,Apr 2027,Apr 2027,0.35,Other,Standard,"INC since Apr 2026 (65 days). MEDIUM by Oct 2026, HOT by Jan 2027, ULTRA HOT by Apr 2027.",Your Bank Guarantee at CRISIL hits ULTRA HOT in Apr 2027. Start ACER process by Jan 2027 to be ahead of Q2 2027 renewal rush.,D365
Nucleus Satellite Communications (Madras) Pvt. Ltd.,CRISIL,Long term Loans,C,2026-04-24,65,LOW (<90 days),Oct 2026,Jan 2027,Apr 2027,Apr 2027,3.0,Other,Standard,"INC since Apr 2026 (65 days). MEDIUM by Oct 2026, HOT by Jan 2027, ULTRA HOT by Apr 2027.",Your Long term Loans at CRISIL hits ULTRA HOT in Apr 2027. Start ACER process by Jan 2027 to be ahead of Q2 2027 renewal rush.,D365
Nuevo Polymers Pvt. Ltd.,ICRA,Non-government debt,B+/A4,2026-04-29,60,LOW (<90 days),Oct 2026,Jan 2027,Apr 2027,Apr 2027,35.0,Other,NCD — SEBI License Required,"INC since Apr 2026 (60 days). MEDIUM by Oct 2026, HOT by Jan 2027, ULTRA HOT by Apr 2027.",Your Non-government debt at ICRA hits ULTRA HOT in Apr 2027. Start ACER process by Jan 2027 to be ahead of Q2 2027 renewal rush.,D365
Nutri Feeds & Farms Pvt. Ltd.,CRISIL,Term loans,B,2026-04-23,66,LOW (<90 days),Oct 2026,Jan 2027,Apr 2027,Apr 2027,6.72,Agro/Food,Standard,"INC since Apr 2026 (66 days). MEDIUM by Oct 2026, HOT by Jan 2027, ULTRA HOT by Apr 2027.",Your Term loans at CRISIL hits ULTRA HOT in Apr 2027. Start ACER process by Jan 2027 to be ahead of Q2 2027 renewal rush.,D365
Ocean Constructions (India) Pvt. Ltd.,ICRA,Non-fund-based financial facility/instrument,D,2026-04-09,80,LOW (<90 days),Oct 2026,Jan 2027,Apr 2027,Apr 2027,16.5,Construction/Infra,Standard,"INC since Apr 2026 (80 days). MEDIUM by Oct 2026, HOT by Jan 2027, ULTRA HOT by Apr 2027.",Your Non-fund-based financial facility/instrument at ICRA hits ULTRA HOT in Apr 2027. Start ACER process by Jan 2027 to be ahead of Q2 2027 renewal rush.,D365
Ocean Constructions (India) Pvt. Ltd.,ICRA,Term loans,D,2026-04-09,80,LOW (<90 days),Oct 2026,Jan 2027,Apr 2027,Apr 2027,6.5,Construction/Infra,Standard,"INC since Apr 2026 (80 days). MEDIUM by Oct 2026, HOT by Jan 2027, ULTRA HOT by Apr 2027.",Your Term loans at ICRA hits ULTRA HOT in Apr 2027. Start ACER process by Jan 2027 to be ahead of Q2 2027 renewal rush.,D365
Olive Bar & Kitchen Pvt. Ltd.,IND-RA,Term loans,BB-,2026-04-02,87,LOW (<90 days),Oct 2026,Jan 2027,Apr 2027,Apr 2027,28.42,Other,Standard,"INC since Apr 2026 (87 days). MEDIUM by Oct 2026, HOT by Jan 2027, ULTRA HOT by Apr 2027.",Your Term loans at IND-RA hits ULTRA HOT in Apr 2027. Start ACER process by Jan 2027 to be ahead of Q2 2027 renewal rush.,D365
Omnitech Engineering Ltd.,CARE,Non-fund-based financial facility/instrument,A 3,2026-04-07,82,LOW (<90 days),Oct 2026,Jan 2027,Apr 2027,Apr 2027,0.0,IT/Technology,Standard,"INC since Apr 2026 (82 days). MEDIUM by Oct 2026, HOT by Jan 2027, ULTRA HOT by Apr 2027.",Your Non-fund-based financial facility/instrument at CARE hits ULTRA HOT in Apr 2027. Start ACER process by Jan 2027 to be ahead of Q2 2027 renewal rush.,D365
Omnitech Engineering Ltd.,CARE,Non-government debt,BBB-/A3,2026-04-07,82,LOW (<90 days),Oct 2026,Jan 2027,Apr 2027,Apr 2027,0.0,IT/Technology,NCD — SEBI License Required,"INC since Apr 2026 (82 days). MEDIUM by Oct 2026, HOT by Jan 2027, ULTRA HOT by Apr 2027.",Your Non-government debt at CARE hits ULTRA HOT in Apr 2027. Start ACER process by Jan 2027 to be ahead of Q2 2027 renewal rush.,D365
Omnitech Engineering Ltd.,CARE,Term loans,BBB-,2026-04-07,82,LOW (<90 days),Oct 2026,Jan 2027,Apr 2027,Apr 2027,0.0,IT/Technology,Standard,"INC since Apr 2026 (82 days). MEDIUM by Oct 2026, HOT by Jan 2027, ULTRA HOT by Apr 2027.",Your Term loans at CARE hits ULTRA HOT in Apr 2027. Start ACER process by Jan 2027 to be ahead of Q2 2027 renewal rush.,D365
One Capitall Ltd.,ICRA,Term loans,D,2026-04-29,60,LOW (<90 days),Oct 2026,Jan 2027,Apr 2027,Apr 2027,52.0,BFSI/NBFC,Standard,"INC since Apr 2026 (60 days). MEDIUM by Oct 2026, HOT by Jan 2027, ULTRA HOT by Apr 2027.",Your Term loans at ICRA hits ULTRA HOT in Apr 2027. Start ACER process by Jan 2027 to be ahead of Q2 2027 renewal rush.,D365
Optics & Allied Engg. Pvt. Ltd.,ICRA,Term loans,B+,2026-04-16,73,LOW (<90 days),Oct 2026,Jan 2027,Apr 2027,Apr 2027,4.0,Other,Standard,"INC since Apr 2026 (73 days). MEDIUM by Oct 2026, HOT by Jan 2027, ULTRA HOT by Apr 2027.",Your Term loans at ICRA hits ULTRA HOT in Apr 2027. Start ACER process by Jan 2027 to be ahead of Q2 2027 renewal rush.,D365
Oracle Polymer Inds. Pvt. Ltd.,CARE,Bank Guarantee,A 4,2026-04-10,79,LOW (<90 days),Oct 2026,Jan 2027,Apr 2027,Apr 2027,0.1,Other,Standard,"INC since Apr 2026 (79 days). MEDIUM by Oct 2026, HOT by Jan 2027, ULTRA HOT by Apr 2027.",Your Bank Guarantee at CARE hits ULTRA HOT in Apr 2027. Start ACER process by Jan 2027 to be ahead of Q2 2027 renewal rush.,D365
Oracle Polymer Inds. Pvt. Ltd.,CARE,Term loans,B-,2026-04-10,79,LOW (<90 days),Oct 2026,Jan 2027,Apr 2027,Apr 2027,3.04,Other,Standard,"INC since Apr 2026 (79 days). MEDIUM by Oct 2026, HOT by Jan 2027, ULTRA HOT by Apr 2027.",Your Term loans at CARE hits ULTRA HOT in Apr 2027. Start ACER process by Jan 2027 to be ahead of Q2 2027 renewal rush.,D365
Orion Edutech Pvt. Ltd.,CRISIL,Bank Guarantee,A 4,2026-04-09,80,LOW (<90 days),Oct 2026,Jan 2027,Apr 2027,Apr 2027,7.0,IT/Technology,Standard,"INC since Apr 2026 (80 days). MEDIUM by Oct 2026, HOT by Jan 2027, ULTRA HOT by Apr 2027.",Your Bank Guarantee at CRISIL hits ULTRA HOT in Apr 2027. Start ACER process by Jan 2027 to be ahead of Q2 2027 renewal rush.,D365
Orion Edutech Pvt. Ltd.,CRISIL,Term loans,B,2026-04-09,80,LOW (<90 days),Oct 2026,Jan 2027,Apr 2027,Apr 2027,2.0,IT/Technology,Standard,"INC since Apr 2026 (80 days). MEDIUM by Oct 2026, HOT by Jan 2027, ULTRA HOT by Apr 2027.",Your Term loans at CRISIL hits ULTRA HOT in Apr 2027. Start ACER process by Jan 2027 to be ahead of Q2 2027 renewal rush.,D365
Oswal Lumbers Pvt. Ltd.,CARE,Non-government debt,B/A4,2026-04-10,79,LOW (<90 days),Oct 2026,Jan 2027,Apr 2027,Apr 2027,27.0,Other,NCD — SEBI License Required,"INC since Apr 2026 (79 days). MEDIUM by Oct 2026, HOT by Jan 2027, ULTRA HOT by Apr 2027.",Your Non-government debt at CARE hits ULTRA HOT in Apr 2027. Start ACER process by Jan 2027 to be ahead of Q2 2027 renewal rush.,D365
P & Y Enterprises Pvt. Ltd.,IND-RA,Term loans,B-,2026-04-02,87,LOW (<90 days),Oct 2026,Jan 2027,Apr 2027,Apr 2027,374.78,Other,Standard,"INC since Apr 2026 (87 days). MEDIUM by Oct 2026, HOT by Jan 2027, ULTRA HOT by Apr 2027.",Your Term loans at IND-RA hits ULTRA HOT in Apr 2027. Start ACER process by Jan 2027 to be ahead of Q2 2027 renewal rush.,D365
P Dass Forging Pvt. Ltd.,ACUITE,Term loans,B,2026-04-24,65,LOW (<90 days),Oct 2026,Jan 2027,Apr 2027,Apr 2027,2.5,Other,Standard,"INC since Apr 2026 (65 days). MEDIUM by Oct 2026, HOT by Jan 2027, ULTRA HOT by Apr 2027.",Your Term loans at ACUITE hits ULTRA HOT in Apr 2027. Start ACER process by Jan 2027 to be ahead of Q2 2027 renewal rush.,D365
P Dass Forging Pvt. Ltd.,ACUITE,Term loans,B,2026-04-24,65,LOW (<90 days),Oct 2026,Jan 2027,Apr 2027,Apr 2027,3.79,Other,Standard,"INC since Apr 2026 (65 days). MEDIUM by Oct 2026, HOT by Jan 2027, ULTRA HOT by Apr 2027.",Your Term loans at ACUITE hits ULTRA HOT in Apr 2027. Start ACER process by Jan 2027 to be ahead of Q2 2027 renewal rush.,D365
P E Erectors Pvt. Ltd.,IND-RA,Non-government debt,BB-/A4+,2026-04-02,87,LOW (<90 days),Oct 2026,Jan 2027,Apr 2027,Apr 2027,30.0,Other,NCD — SEBI License Required,"INC since Apr 2026 (87 days). MEDIUM by Oct 2026, HOT by Jan 2027, ULTRA HOT by Apr 2027.",Your Non-government debt at IND-RA hits ULTRA HOT in Apr 2027. Start ACER process by Jan 2027 to be ahead of Q2 2027 renewal rush.,D365
P K Cereals Pvt. Ltd. [Merged],ACUITE,Long term Loans,BB-,2026-04-06,83,LOW (<90 days),Oct 2026,Jan 2027,Apr 2027,Apr 2027,2.0,Other,Standard,"INC since Apr 2026 (83 days). MEDIUM by Oct 2026, HOT by Jan 2027, ULTRA HOT by Apr 2027.",Your Long term Loans at ACUITE hits ULTRA HOT in Apr 2027. Start ACER process by Jan 2027 to be ahead of Q2 2027 renewal rush.,D365
P P Pandey Infrastructure Pvt. Ltd.,IND-RA,Non-government debt,D,2026-04-02,87,LOW (<90 days),Oct 2026,Jan 2027,Apr 2027,Apr 2027,22.6,Construction/Infra,NCD — SEBI License Required,"INC since Apr 2026 (87 days). MEDIUM by Oct 2026, HOT by Jan 2027, ULTRA HOT by Apr 2027.",Your Non-government debt at IND-RA hits ULTRA HOT in Apr 2027. Start ACER process by Jan 2027 to be ahead of Q2 2027 renewal rush.,D365
P R G Buildcon India Pvt. Ltd.,IND-RA,Non-government debt,B-/A4,2026-04-02,87,LOW (<90 days),Oct 2026,Jan 2027,Apr 2027,Apr 2027,43.0,Construction/Infra,NCD — SEBI License Required,"INC since Apr 2026 (87 days). MEDIUM by Oct 2026, HOT by Jan 2027, ULTRA HOT by Apr 2027.",Your Non-government debt at IND-RA hits ULTRA HOT in Apr 2027. Start ACER process by Jan 2027 to be ahead of Q2 2027 renewal rush.,D365
P S K Textiles India Pvt. Ltd.,IND-RA,Non-government debt,B-/A4,2026-04-02,87,LOW (<90 days),Oct 2026,Jan 2027,Apr 2027,Apr 2027,28.46,Textiles,NCD — SEBI License Required,"INC since Apr 2026 (87 days). MEDIUM by Oct 2026, HOT by Jan 2027, ULTRA HOT by Apr 2027.",Your Non-government debt at IND-RA hits ULTRA HOT in Apr 2027. Start ACER process by Jan 2027 to be ahead of Q2 2027 renewal rush.,D365
P S T S Heavy Lift & Shift Ltd.,BRICKWORK,Bank Guarantee,D,2026-04-01,88,LOW (<90 days),Oct 2026,Jan 2027,Apr 2027,Apr 2027,0.5,Other,Standard,"INC since Apr 2026 (88 days). MEDIUM by Oct 2026, HOT by Jan 2027, ULTRA HOT by Apr 2027.",Your Bank Guarantee at BRICKWORK hits ULTRA HOT in Apr 2027. Start ACER process by Jan 2027 to be ahead of Q2 2027 renewal rush.,D365
P S V Precast Pvt. Ltd.,CARE,Term loans,B-,2026-04-23,66,LOW (<90 days),Oct 2026,Jan 2027,Apr 2027,Apr 2027,6.65,Other,Standard,"INC since Apr 2026 (66 days). MEDIUM by Oct 2026, HOT by Jan 2027, ULTRA HOT by Apr 2027.",Your Term loans at CARE hits ULTRA HOT in Apr 2027. Start ACER process by Jan 2027 to be ahead of Q2 2027 renewal rush.,D365
P V M Enterprises Pvt. Ltd.,BRICKWORK,Bank Guarantee,A 4,2026-04-02,87,LOW (<90 days),Oct 2026,Jan 2027,Apr 2027,Apr 2027,0.45,Other,Standard,"INC since Apr 2026 (87 days). MEDIUM by Oct 2026, HOT by Jan 2027, ULTRA HOT by Apr 2027.",Your Bank Guarantee at BRICKWORK hits ULTRA HOT in Apr 2027. Start ACER process by Jan 2027 to be ahead of Q2 2027 renewal rush.,D365
P V M Enterprises Pvt. Ltd.,BRICKWORK,Term loans,C,2026-04-02,87,LOW (<90 days),Oct 2026,Jan 2027,Apr 2027,Apr 2027,4.38,Other,Standard,"INC since Apr 2026 (87 days). MEDIUM by Oct 2026, HOT by Jan 2027, ULTRA HOT by Apr 2027.",Your Term loans at BRICKWORK hits ULTRA HOT in Apr 2027. Start ACER process by Jan 2027 to be ahead of Q2 2027 renewal rush.,D365
Packtech Materials Pvt. Ltd.,ACUITE,Long term Loans,B-,2026-04-17,72,LOW (<90 days),Oct 2026,Jan 2027,Apr 2027,Apr 2027,3.0,IT/Technology,Standard,"INC since Apr 2026 (72 days). MEDIUM by Oct 2026, HOT by Jan 2027, ULTRA HOT by Apr 2027.",Your Long term Loans at ACUITE hits ULTRA HOT in Apr 2027. Start ACER process by Jan 2027 to be ahead of Q2 2027 renewal rush.,D365
Packtech Materials Pvt. Ltd.,ACUITE,Term loans,B-,2026-04-17,72,LOW (<90 days),Oct 2026,Jan 2027,Apr 2027,Apr 2027,4.0,IT/Technology,Standard,"INC since Apr 2026 (72 days). MEDIUM by Oct 2026, HOT by Jan 2027, ULTRA HOT by Apr 2027.",Your Term loans at ACUITE hits ULTRA HOT in Apr 2027. Start ACER process by Jan 2027 to be ahead of Q2 2027 renewal rush.,D365
Pallavapuram Tambaram M S W Pvt. Ltd.,BRICKWORK,Term loans,D,2026-04-01,88,LOW (<90 days),Oct 2026,Jan 2027,Apr 2027,Apr 2027,57.59,Other,Standard,"INC since Apr 2026 (88 days). MEDIUM by Oct 2026, HOT by Jan 2027, ULTRA HOT by Apr 2027.",Your Term loans at BRICKWORK hits ULTRA HOT in Apr 2027. Start ACER process by Jan 2027 to be ahead of Q2 2027 renewal rush.,D365
Pannageshwar Sugar Mills Ltd.,ICRA,Term loans,D,2026-04-10,79,LOW (<90 days),Oct 2026,Jan 2027,Apr 2027,Apr 2027,25.14,Agro/Food,Standard,"INC since Apr 2026 (79 days). MEDIUM by Oct 2026, HOT by Jan 2027, ULTRA HOT by Apr 2027.",Your Term loans at ICRA hits ULTRA HOT in Apr 2027. Start ACER process by Jan 2027 to be ahead of Q2 2027 renewal rush.,D365
Para Products Pvt. Ltd.,ICRA,Non-government debt,B+/A4,2026-04-28,61,LOW (<90 days),Oct 2026,Jan 2027,Apr 2027,Apr 2027,0.0,Other,NCD — SEBI License Required,"INC since Apr 2026 (61 days). MEDIUM by Oct 2026, HOT by Jan 2027, ULTRA HOT by Apr 2027.",Your Non-government debt at ICRA hits ULTRA HOT in Apr 2027. Start ACER process by Jan 2027 to be ahead of Q2 2027 renewal rush.,D365
Para Products Pvt. Ltd.,ICRA,Non-government debt,B+/A4,2026-04-28,61,LOW (<90 days),Oct 2026,Jan 2027,Apr 2027,Apr 2027,10.0,Other,NCD — SEBI License Required,"INC since Apr 2026 (61 days). MEDIUM by Oct 2026, HOT by Jan 2027, ULTRA HOT by Apr 2027.",Your Non-government debt at ICRA hits ULTRA HOT in Apr 2027. Start ACER process by Jan 2027 to be ahead of Q2 2027 renewal rush.,D365
Paradigm Tunneling Pvt. Ltd.,CRISIL,Bank Guarantee,D,2026-04-23,66,LOW (<90 days),Oct 2026,Jan 2027,Apr 2027,Apr 2027,8.0,Construction/Infra,Standard,"INC since Apr 2026 (66 days). MEDIUM by Oct 2026, HOT by Jan 2027, ULTRA HOT by Apr 2027.",Your Bank Guarantee at CRISIL hits ULTRA HOT in Apr 2027. Start ACER process by Jan 2027 to be ahead of Q2 2027 renewal rush.,D365
Paradigm Tunneling Pvt. Ltd.,CRISIL,Letter Of credit,D,2026-04-23,66,LOW (<90 days),Oct 2026,Jan 2027,Apr 2027,Apr 2027,3.0,Construction/Infra,Standard,"INC since Apr 2026 (66 days). MEDIUM by Oct 2026, HOT by Jan 2027, ULTRA HOT by Apr 2027.",Your Letter Of credit at CRISIL hits ULTRA HOT in Apr 2027. Start ACER process by Jan 2027 to be ahead of Q2 2027 renewal rush.,D365
Paragon Apparel Pvt. Ltd.,CRISIL,Letter Of credit,D,2026-04-13,76,LOW (<90 days),Oct 2026,Jan 2027,Apr 2027,Apr 2027,4.0,Textiles,Standard,"INC since Apr 2026 (76 days). MEDIUM by Oct 2026, HOT by Jan 2027, ULTRA HOT by Apr 2027.",Your Letter Of credit at CRISIL hits ULTRA HOT in Apr 2027. Start ACER process by Jan 2027 to be ahead of Q2 2027 renewal rush.,D365
Paragon Apparel Pvt. Ltd.,CRISIL,Term loans,D,2026-04-13,76,LOW (<90 days),Oct 2026,Jan 2027,Apr 2027,Apr 2027,5.0,Textiles,Standard,"INC since Apr 2026 (76 days). MEDIUM by Oct 2026, HOT by Jan 2027, ULTRA HOT by Apr 2027.",Your Term loans at CRISIL hits ULTRA HOT in Apr 2027. Start ACER process by Jan 2027 to be ahead of Q2 2027 renewal rush.,D365
Paramount Blankets Pvt. Ltd.,CARE,Fund based financial facility/instrument,D,2026-04-29,60,LOW (<90 days),Oct 2026,Jan 2027,Apr 2027,Apr 2027,6.11,Other,Standard,"INC since Apr 2026 (60 days). MEDIUM by Oct 2026, HOT by Jan 2027, ULTRA HOT by Apr 2027.",Your Fund based financial facility/instrument at CARE hits ULTRA HOT in Apr 2027. Start ACER process by Jan 2027 to be ahead of Q2 2027 renewal rush.,D365
Paramount Blankets Pvt. Ltd.,CARE,Non-government debt,D,2026-04-29,60,LOW (<90 days),Oct 2026,Jan 2027,Apr 2027,Apr 2027,1.0,Other,NCD — SEBI License Required,"INC since Apr 2026 (60 days). MEDIUM by Oct 2026, HOT by Jan 2027, ULTRA HOT by Apr 2027.",Your Non-government debt at CARE hits ULTRA HOT in Apr 2027. Start ACER process by Jan 2027 to be ahead of Q2 2027 renewal rush.,D365
Paramount Blankets Pvt. Ltd.,CARE,Term loans,D,2026-04-29,60,LOW (<90 days),Oct 2026,Jan 2027,Apr 2027,Apr 2027,6.14,Other,Standard,"INC since Apr 2026 (60 days). MEDIUM by Oct 2026, HOT by Jan 2027, ULTRA HOT by Apr 2027.",Your Term loans at CARE hits ULTRA HOT in Apr 2027. Start ACER process by Jan 2027 to be ahead of Q2 2027 renewal rush.,D365
Paramount Minerals & Chemicals Ltd.,CRISIL,Bank Guarantee,D,2026-04-10,79,LOW (<90 days),Oct 2026,Jan 2027,Apr 2027,Apr 2027,3.0,Chemicals/Pharma,Standard,"INC since Apr 2026 (79 days). MEDIUM by Oct 2026, HOT by Jan 2027, ULTRA HOT by Apr 2027.",Your Bank Guarantee at CRISIL hits ULTRA HOT in Apr 2027. Start ACER process by Jan 2027 to be ahead of Q2 2027 renewal rush.,D365
Paramount Minerals & Chemicals Ltd.,CRISIL,Letter Of credit,D,2026-04-10,79,LOW (<90 days),Oct 2026,Jan 2027,Apr 2027,Apr 2027,40.22,Chemicals/Pharma,Standard,"INC since Apr 2026 (79 days). MEDIUM by Oct 2026, HOT by Jan 2027, ULTRA HOT by Apr 2027.",Your Letter Of credit at CRISIL hits ULTRA HOT in Apr 2027. Start ACER process by Jan 2027 to be ahead of Q2 2027 renewal rush.,D365
Paras Cotspin Ltd.,CRISIL,Bank Guarantee,A 4,2026-04-10,79,LOW (<90 days),Oct 2026,Jan 2027,Apr 2027,Apr 2027,0.25,Other,Standard,"INC since Apr 2026 (79 days). MEDIUM by Oct 2026, HOT by Jan 2027, ULTRA HOT by Apr 2027.",Your Bank Guarantee at CRISIL hits ULTRA HOT in Apr 2027. Start ACER process by Jan 2027 to be ahead of Q2 2027 renewal rush.,D365
Paras Cotspin Ltd.,CRISIL,Long term Loans,B-,2026-04-10,79,LOW (<90 days),Oct 2026,Jan 2027,Apr 2027,Apr 2027,7.58,Other,Standard,"INC since Apr 2026 (79 days). MEDIUM by Oct 2026, HOT by Jan 2027, ULTRA HOT by Apr 2027.",Your Long term Loans at CRISIL hits ULTRA HOT in Apr 2027. Start ACER process by Jan 2027 to be ahead of Q2 2027 renewal rush.,D365
Paras Cotspin Ltd.,CRISIL,Term loans,B-,2026-04-10,79,LOW (<90 days),Oct 2026,Jan 2027,Apr 2027,Apr 2027,2.82,Other,Standard,"INC since Apr 2026 (79 days). MEDIUM by Oct 2026, HOT by Jan 2027, ULTRA HOT by Apr 2027.",Your Term loans at CRISIL hits ULTRA HOT in Apr 2027. Start ACER process by Jan 2027 to be ahead of Q2 2027 renewal rush.,D365
Parshvanath Printex Pvt. Ltd.,CARE,Term loans,B-,2026-04-22,67,LOW (<90 days),Oct 2026,Jan 2027,Apr 2027,Apr 2027,9.9,Paper/Packaging,Standard,"INC since Apr 2026 (67 days). MEDIUM by Oct 2026, HOT by Jan 2027, ULTRA HOT by Apr 2027.",Your Term loans at CARE hits ULTRA HOT in Apr 2027. Start ACER process by Jan 2027 to be ahead of Q2 2027 renewal rush.,D365
Partap Fabrics Pvt. Ltd.,BRICKWORK,Bank Guarantee,A 4,2026-04-06,83,LOW (<90 days),Oct 2026,Jan 2027,Apr 2027,Apr 2027,1.8,Textiles,Standard,"INC since Apr 2026 (83 days). MEDIUM by Oct 2026, HOT by Jan 2027, ULTRA HOT by Apr 2027.",Your Bank Guarantee at BRICKWORK hits ULTRA HOT in Apr 2027. Start ACER process by Jan 2027 to be ahead of Q2 2027 renewal rush.,D365
Partap Fabrics Pvt. Ltd.,BRICKWORK,Fund based financial facility/instrument,B,2026-04-06,83,LOW (<90 days),Oct 2026,Jan 2027,Apr 2027,Apr 2027,7.99,Textiles,Standard,"INC since Apr 2026 (83 days). MEDIUM by Oct 2026, HOT by Jan 2027, ULTRA HOT by Apr 2027.",Your Fund based financial facility/instrument at BRICKWORK hits ULTRA HOT in Apr 2027. Start ACER process by Jan 2027 to be ahead of Q2 2027 renewal rush.,D365
Partap Fabrics Pvt. Ltd.,BRICKWORK,Letter Of credit,A 4,2026-04-06,83,LOW (<90 days),Oct 2026,Jan 2027,Apr 2027,Apr 2027,2.5,Textiles,Standard,"INC since Apr 2026 (83 days). MEDIUM by Oct 2026, HOT by Jan 2027, ULTRA HOT by Apr 2027.",Your Letter Of credit at BRICKWORK hits ULTRA HOT in Apr 2027. Start ACER process by Jan 2027 to be ahead of Q2 2027 renewal rush.,D365
Partap Fabrics Pvt. Ltd.,BRICKWORK,Term loans,B,2026-04-06,83,LOW (<90 days),Oct 2026,Jan 2027,Apr 2027,Apr 2027,8.19,Textiles,Standard,"INC since Apr 2026 (83 days). MEDIUM by Oct 2026, HOT by Jan 2027, ULTRA HOT by Apr 2027.",Your Term loans at BRICKWORK hits ULTRA HOT in Apr 2027. Start ACER process by Jan 2027 to be ahead of Q2 2027 renewal rush.,D365
Parul Foods Specialities Pvt. Ltd.,CRISIL,Term loans,B,2026-04-28,61,LOW (<90 days),Oct 2026,Jan 2027,Apr 2027,Apr 2027,4.0,Agro/Food,Standard,"INC since Apr 2026 (61 days). MEDIUM by Oct 2026, HOT by Jan 2027, ULTRA HOT by Apr 2027.",Your Term loans at CRISIL hits ULTRA HOT in Apr 2027. Start ACER process by Jan 2027 to be ahead of Q2 2027 renewal rush.,D365
Pasari Multiprojects Pvt. Ltd.,BRICKWORK,Term loans,C,2026-04-08,81,LOW (<90 days),Oct 2026,Jan 2027,Apr 2027,Apr 2027,30.0,Other,Standard,"INC since Apr 2026 (81 days). MEDIUM by Oct 2026, HOT by Jan 2027, ULTRA HOT by Apr 2027.",Your Term loans at BRICKWORK hits ULTRA HOT in Apr 2027. Start ACER process by Jan 2027 to be ahead of Q2 2027 renewal rush.,D365
Passion Vitrified Pvt. Ltd.,CRISIL,Bank Guarantee,A 4,2026-04-23,66,LOW (<90 days),Oct 2026,Jan 2027,Apr 2027,Apr 2027,2.7,Other,Standard,"INC since Apr 2026 (66 days). MEDIUM by Oct 2026, HOT by Jan 2027, ULTRA HOT by Apr 2027.",Your Bank Guarantee at CRISIL hits ULTRA HOT in Apr 2027. Start ACER process by Jan 2027 to be ahead of Q2 2027 renewal rush.,D365
Passion Vitrified Pvt. Ltd.,CRISIL,Long term Loans,B,2026-04-23,66,LOW (<90 days),Oct 2026,Jan 2027,Apr 2027,Apr 2027,0.3,Other,Standard,"INC since Apr 2026 (66 days). MEDIUM by Oct 2026, HOT by Jan 2027, ULTRA HOT by Apr 2027.",Your Long term Loans at CRISIL hits ULTRA HOT in Apr 2027. Start ACER process by Jan 2027 to be ahead of Q2 2027 renewal rush.,D365
Passion Vitrified Pvt. Ltd.,CRISIL,Term loans,B,2026-04-23,66,LOW (<90 days),Oct 2026,Jan 2027,Apr 2027,Apr 2027,16.0,Other,Standard,"INC since Apr 2026 (66 days). MEDIUM by Oct 2026, HOT by Jan 2027, ULTRA HOT by Apr 2027.",Your Term loans at CRISIL hits ULTRA HOT in Apr 2027. Start ACER process by Jan 2027 to be ahead of Q2 2027 renewal rush.,D365
Patiala Cotspin Pvt. Ltd.,IND-RA,Non-government debt,B/A4,2026-04-02,87,LOW (<90 days),Oct 2026,Jan 2027,Apr 2027,Apr 2027,31.65,Other,NCD — SEBI License Required,"INC since Apr 2026 (87 days). MEDIUM by Oct 2026, HOT by Jan 2027, ULTRA HOT by Apr 2027.",Your Non-government debt at IND-RA hits ULTRA HOT in Apr 2027. Start ACER process by Jan 2027 to be ahead of Q2 2027 renewal rush.,D365
Patiala Distillers & Mfrs. Ltd.,CARE,Bank Guarantee,A 4,2026-04-09,80,LOW (<90 days),Oct 2026,Jan 2027,Apr 2027,Apr 2027,0.35,Other,Standard,"INC since Apr 2026 (80 days). MEDIUM by Oct 2026, HOT by Jan 2027, ULTRA HOT by Apr 2027.",Your Bank Guarantee at CARE hits ULTRA HOT in Apr 2027. Start ACER process by Jan 2027 to be ahead of Q2 2027 renewal rush.,D365
Patiala Distillers & Mfrs. Ltd.,CARE,Term loans,C,2026-04-09,80,LOW (<90 days),Oct 2026,Jan 2027,Apr 2027,Apr 2027,4.0,Other,Standard,"INC since Apr 2026 (80 days). MEDIUM by Oct 2026, HOT by Jan 2027, ULTRA HOT by Apr 2027.",Your Term loans at CARE hits ULTRA HOT in Apr 2027. Start ACER process by Jan 2027 to be ahead of Q2 2027 renewal rush.,D365
Pebco Motors Ltd.,CRISIL,Fund based financial facility/instrument,B,2026-04-10,79,LOW (<90 days),Oct 2026,Jan 2027,Apr 2027,Apr 2027,16.5,Automobiles,Standard,"INC since Apr 2026 (79 days). MEDIUM by Oct 2026, HOT by Jan 2027, ULTRA HOT by Apr 2027.",Your Fund based financial facility/instrument at CRISIL hits ULTRA HOT in Apr 2027. Start ACER process by Jan 2027 to be ahead of Q2 2027 renewal rush.,D365
Pebco Motors Ltd.,CRISIL,Long term Loans,B,2026-04-10,79,LOW (<90 days),Oct 2026,Jan 2027,Apr 2027,Apr 2027,9.7,Automobiles,Standard,"INC since Apr 2026 (79 days). MEDIUM by Oct 2026, HOT by Jan 2027, ULTRA HOT by Apr 2027.",Your Long term Loans at CRISIL hits ULTRA HOT in Apr 2027. Start ACER process by Jan 2027 to be ahead of Q2 2027 renewal rush.,D365
Peekay Agencies Pvt. Ltd.,CRISIL,Fund based financial facility/instrument,B,2026-04-30,59,LOW (<90 days),Oct 2026,Jan 2027,Apr 2027,Apr 2027,6.32,Other,Standard,"INC since Apr 2026 (59 days). MEDIUM by Oct 2026, HOT by Jan 2027, ULTRA HOT by Apr 2027.",Your Fund based financial facility/instrument at CRISIL hits ULTRA HOT in Apr 2027. Start ACER process by Jan 2027 to be ahead of Q2 2027 renewal rush.,D365
Peekay Agencies Pvt. Ltd.,CRISIL,Letter Of credit,A 4,2026-04-30,59,LOW (<90 days),Oct 2026,Jan 2027,Apr 2027,Apr 2027,23.18,Other,Standard,"INC since Apr 2026 (59 days). MEDIUM by Oct 2026, HOT by Jan 2027, ULTRA HOT by Apr 2027.",Your Letter Of credit at CRISIL hits ULTRA HOT in Apr 2027. Start ACER process by Jan 2027 to be ahead of Q2 2027 renewal rush.,D365
Peekay Petrochem Pvt. Ltd.,CRISIL,Letter Of credit,A 4,2026-04-30,59,LOW (<90 days),Oct 2026,Jan 2027,Apr 2027,Apr 2027,15.0,Chemicals/Pharma,Standard,"INC since Apr 2026 (59 days). MEDIUM by Oct 2026, HOT by Jan 2027, ULTRA HOT by Apr 2027.",Your Letter Of credit at CRISIL hits ULTRA HOT in Apr 2027. Start ACER process by Jan 2027 to be ahead of Q2 2027 renewal rush.,D365
Pegasus Farmaco India Pvt. Ltd.,BRICKWORK,Letter Of credit,A 4,2026-04-02,87,LOW (<90 days),Oct 2026,Jan 2027,Apr 2027,Apr 2027,0.5,Agro/Food,Standard,"INC since Apr 2026 (87 days). MEDIUM by Oct 2026, HOT by Jan 2027, ULTRA HOT by Apr 2027.",Your Letter Of credit at BRICKWORK hits ULTRA HOT in Apr 2027. Start ACER process by Jan 2027 to be ahead of Q2 2027 renewal rush.,D365
Pellet-Energy Systems Pvt. Ltd.,CARE,Term loans,D,2026-04-24,65,LOW (<90 days),Oct 2026,Jan 2027,Apr 2027,Apr 2027,22.5,Energy/Power,Standard,"INC since Apr 2026 (65 days). MEDIUM by Oct 2026, HOT by Jan 2027, ULTRA HOT by Apr 2027.",Your Term loans at CARE hits ULTRA HOT in Apr 2027. Start ACER process by Jan 2027 to be ahead of Q2 2027 renewal rush.,D365
Phenil Sugars Ltd.,CARE,Bank Guarantee,D,2026-04-23,66,LOW (<90 days),Oct 2026,Jan 2027,Apr 2027,Apr 2027,2.0,Agro/Food,Standard,"INC since Apr 2026 (66 days). MEDIUM by Oct 2026, HOT by Jan 2027, ULTRA HOT by Apr 2027.",Your Bank Guarantee at CARE hits ULTRA HOT in Apr 2027. Start ACER process by Jan 2027 to be ahead of Q2 2027 renewal rush.,D365
Phi Audiocom Systems Pvt. Ltd.,ACUITE,Bank Guarantee,A 4,2026-04-17,72,LOW (<90 days),Oct 2026,Jan 2027,Apr 2027,Apr 2027,6.0,IT/Technology,Standard,"INC since Apr 2026 (72 days). MEDIUM by Oct 2026, HOT by Jan 2027, ULTRA HOT by Apr 2027.",Your Bank Guarantee at ACUITE hits ULTRA HOT in Apr 2027. Start ACER process by Jan 2027 to be ahead of Q2 2027 renewal rush.,D365
Phoenix Structural & Engg. Pvt. Ltd.,ACUITE,Bank Guarantee,A 4,2026-04-20,69,LOW (<90 days),Oct 2026,Jan 2027,Apr 2027,Apr 2027,0.5,Other,Standard,"INC since Apr 2026 (69 days). MEDIUM by Oct 2026, HOT by Jan 2027, ULTRA HOT by Apr 2027.",Your Bank Guarantee at ACUITE hits ULTRA HOT in Apr 2027. Start ACER process by Jan 2027 to be ahead of Q2 2027 renewal rush.,D365
Phoenix Structural & Engg. Pvt. Ltd.,ACUITE,Long term Loans,B-,2026-04-20,69,LOW (<90 days),Oct 2026,Jan 2027,Apr 2027,Apr 2027,2.89,Other,Standard,"INC since Apr 2026 (69 days). MEDIUM by Oct 2026, HOT by Jan 2027, ULTRA HOT by Apr 2027.",Your Long term Loans at ACUITE hits ULTRA HOT in Apr 2027. Start ACER process by Jan 2027 to be ahead of Q2 2027 renewal rush.,D365
Phoenix Structural & Engg. Pvt. Ltd.,ACUITE,Term loans,B-,2026-04-20,69,LOW (<90 days),Oct 2026,Jan 2027,Apr 2027,Apr 2027,0.9,Other,Standard,"INC since Apr 2026 (69 days). MEDIUM by Oct 2026, HOT by Jan 2027, ULTRA HOT by Apr 2027.",Your Term loans at ACUITE hits ULTRA HOT in Apr 2027. Start ACER process by Jan 2027 to be ahead of Q2 2027 renewal rush.,D365
Piccadily Holiday Resorts Ltd.,ICRA,Term loans,B+,2026-04-29,60,LOW (<90 days),Oct 2026,Jan 2027,Apr 2027,Apr 2027,28.0,Hotels/Tourism,Standard,"INC since Apr 2026 (60 days). MEDIUM by Oct 2026, HOT by Jan 2027, ULTRA HOT by Apr 2027.",Your Term loans at ICRA hits ULTRA HOT in Apr 2027. Start ACER process by Jan 2027 to be ahead of Q2 2027 renewal rush.,D365
Pink City Expressway Pvt. Ltd.,CARE,Bank Guarantee,D,2026-04-08,81,LOW (<90 days),Oct 2026,Jan 2027,Apr 2027,Apr 2027,30.0,Other,Standard,"INC since Apr 2026 (81 days). MEDIUM by Oct 2026, HOT by Jan 2027, ULTRA HOT by Apr 2027.",Your Bank Guarantee at CARE hits ULTRA HOT in Apr 2027. Start ACER process by Jan 2027 to be ahead of Q2 2027 renewal rush.,D365
Pink City Expressway Pvt. Ltd.,CARE,Term loans,D,2026-04-08,81,LOW (<90 days),Oct 2026,Jan 2027,Apr 2027,Apr 2027,1760.55,Other,Standard,"INC since Apr 2026 (81 days). MEDIUM by Oct 2026, HOT by Jan 2027, ULTRA HOT by Apr 2027.",Your Term loans at CARE hits ULTRA HOT in Apr 2027. Start ACER process by Jan 2027 to be ahead of Q2 2027 renewal rush.,D365
Planet Agencies Pvt. Ltd.,CRISIL,Fund based financial facility/instrument,B,2026-04-23,66,LOW (<90 days),Oct 2026,Jan 2027,Apr 2027,Apr 2027,14.0,Other,Standard,"INC since Apr 2026 (66 days). MEDIUM by Oct 2026, HOT by Jan 2027, ULTRA HOT by Apr 2027.",Your Fund based financial facility/instrument at CRISIL hits ULTRA HOT in Apr 2027. Start ACER process by Jan 2027 to be ahead of Q2 2027 renewal rush.,D365
Plus Medicare Hospitals Pvt. Ltd.,BRICKWORK,Term loans,C,2026-04-06,83,LOW (<90 days),Oct 2026,Jan 2027,Apr 2027,Apr 2027,35.0,Chemicals/Pharma,Standard,"INC since Apr 2026 (83 days). MEDIUM by Oct 2026, HOT by Jan 2027, ULTRA HOT by Apr 2027.",Your Term loans at BRICKWORK hits ULTRA HOT in Apr 2027. Start ACER process by Jan 2027 to be ahead of Q2 2027 renewal rush.,D365
Polymechplast Machines Ltd.,CRISIL,Letter Of credit,A 4,2026-04-22,67,LOW (<90 days),Oct 2026,Jan 2027,Apr 2027,Apr 2027,1.0,Other,Standard,"INC since Apr 2026 (67 days). MEDIUM by Oct 2026, HOT by Jan 2027, ULTRA HOT by Apr 2027.",Your Letter Of credit at CRISIL hits ULTRA HOT in Apr 2027. Start ACER process by Jan 2027 to be ahead of Q2 2027 renewal rush.,D365
Pommys Garments (India) Pvt. Ltd.,ICRA,Term loans,D,2026-04-27,62,LOW (<90 days),Oct 2026,Jan 2027,Apr 2027,Apr 2027,3.38,Textiles,Standard,"INC since Apr 2026 (62 days). MEDIUM by Oct 2026, HOT by Jan 2027, ULTRA HOT by Apr 2027.",Your Term loans at ICRA hits ULTRA HOT in Apr 2027. Start ACER process by Jan 2027 to be ahead of Q2 2027 renewal rush.,D365
Popular Wheelers (India) Pvt. Ltd.,CRISIL,Fund based financial facility/instrument,B,2026-04-09,80,LOW (<90 days),Oct 2026,Jan 2027,Apr 2027,Apr 2027,5.0,Other,Standard,"INC since Apr 2026 (80 days). MEDIUM by Oct 2026, HOT by Jan 2027, ULTRA HOT by Apr 2027.",Your Fund based financial facility/instrument at CRISIL hits ULTRA HOT in Apr 2027. Start ACER process by Jan 2027 to be ahead of Q2 2027 renewal rush.,D365
Popular Wheelers (India) Pvt. Ltd.,CRISIL,Fund based financial facility/instrument,B,2026-04-09,80,LOW (<90 days),Oct 2026,Jan 2027,Apr 2027,Apr 2027,24.5,Other,Standard,"INC since Apr 2026 (80 days). MEDIUM by Oct 2026, HOT by Jan 2027, ULTRA HOT by Apr 2027.",Your Fund based financial facility/instrument at CRISIL hits ULTRA HOT in Apr 2027. Start ACER process by Jan 2027 to be ahead of Q2 2027 renewal rush.,D365
Popular Wheelers (India) Pvt. Ltd.,CRISIL,Fund based financial facility/instrument,B,2026-04-09,80,LOW (<90 days),Oct 2026,Jan 2027,Apr 2027,Apr 2027,15.0,Other,Standard,"INC since Apr 2026 (80 days). MEDIUM by Oct 2026, HOT by Jan 2027, ULTRA HOT by Apr 2027.",Your Fund based financial facility/instrument at CRISIL hits ULTRA HOT in Apr 2027. Start ACER process by Jan 2027 to be ahead of Q2 2027 renewal rush.,D365
Power Max (India) Pvt. Ltd.,IND-RA,Non-government debt,D,2026-04-02,87,LOW (<90 days),Oct 2026,Jan 2027,Apr 2027,Apr 2027,48.15,Energy/Power,NCD — SEBI License Required,"INC since Apr 2026 (87 days). MEDIUM by Oct 2026, HOT by Jan 2027, ULTRA HOT by Apr 2027.",Your Non-government debt at IND-RA hits ULTRA HOT in Apr 2027. Start ACER process by Jan 2027 to be ahead of Q2 2027 renewal rush.,D365
Prachi (India) Pvt. Ltd.,BRICKWORK,Fund based financial facility/instrument,C,2026-04-09,80,LOW (<90 days),Oct 2026,Jan 2027,Apr 2027,Apr 2027,2.75,Other,Standard,"INC since Apr 2026 (80 days). MEDIUM by Oct 2026, HOT by Jan 2027, ULTRA HOT by Apr 2027.",Your Fund based financial facility/instrument at BRICKWORK hits ULTRA HOT in Apr 2027. Start ACER process by Jan 2027 to be ahead of Q2 2027 renewal rush.,D365
Prachi (India) Pvt. Ltd.,BRICKWORK,Term loans,C,2026-04-09,80,LOW (<90 days),Oct 2026,Jan 2027,Apr 2027,Apr 2027,1.88,Other,Standard,"INC since Apr 2026 (80 days). MEDIUM by Oct 2026, HOT by Jan 2027, ULTRA HOT by Apr 2027.",Your Term loans at BRICKWORK hits ULTRA HOT in Apr 2027. Start ACER process by Jan 2027 to be ahead of Q2 2027 renewal rush.,D365
Pradeep Stainless India Pvt. Ltd.,CRISIL,Letter Of credit,A 4,2026-04-09,80,LOW (<90 days),Oct 2026,Jan 2027,Apr 2027,Apr 2027,7.0,Other,Standard,"INC since Apr 2026 (80 days). MEDIUM by Oct 2026, HOT by Jan 2027, ULTRA HOT by Apr 2027.",Your Letter Of credit at CRISIL hits ULTRA HOT in Apr 2027. Start ACER process by Jan 2027 to be ahead of Q2 2027 renewal rush.,D365
Pradeep Stainless India Pvt. Ltd.,CRISIL,Long term Loans,B,2026-04-09,80,LOW (<90 days),Oct 2026,Jan 2027,Apr 2027,Apr 2027,3.71,Other,Standard,"INC since Apr 2026 (80 days). MEDIUM by Oct 2026, HOT by Jan 2027, ULTRA HOT by Apr 2027.",Your Long term Loans at CRISIL hits ULTRA HOT in Apr 2027. Start ACER process by Jan 2027 to be ahead of Q2 2027 renewal rush.,D365
Pragati Glass & Inds. Pvt. Ltd.,ICRA,Non-fund-based financial facility/instrument,D,2026-04-22,67,LOW (<90 days),Oct 2026,Jan 2027,Apr 2027,Apr 2027,4.0,Other,Standard,"INC since Apr 2026 (67 days). MEDIUM by Oct 2026, HOT by Jan 2027, ULTRA HOT by Apr 2027.",Your Non-fund-based financial facility/instrument at ICRA hits ULTRA HOT in Apr 2027. Start ACER process by Jan 2027 to be ahead of Q2 2027 renewal rush.,D365
Pragati Glass & Inds. Pvt. Ltd.,ICRA,Term loans,D,2026-04-22,67,LOW (<90 days),Oct 2026,Jan 2027,Apr 2027,Apr 2027,4.0,Other,Standard,"INC since Apr 2026 (67 days). MEDIUM by Oct 2026, HOT by Jan 2027, ULTRA HOT by Apr 2027.",Your Term loans at ICRA hits ULTRA HOT in Apr 2027. Start ACER process by Jan 2027 to be ahead of Q2 2027 renewal rush.,D365
Pragati Marine Services Pvt. Ltd.,ICRA,Non-fund-based financial facility/instrument,D,2026-04-15,74,LOW (<90 days),Oct 2026,Jan 2027,Apr 2027,Apr 2027,2.65,Other,Standard,"INC since Apr 2026 (74 days). MEDIUM by Oct 2026, HOT by Jan 2027, ULTRA HOT by Apr 2027.",Your Non-fund-based financial facility/instrument at ICRA hits ULTRA HOT in Apr 2027. Start ACER process by Jan 2027 to be ahead of Q2 2027 renewal rush.,D365
Pragati Marine Services Pvt. Ltd.,ICRA,Non-government debt,D,2026-04-15,74,LOW (<90 days),Oct 2026,Jan 2027,Apr 2027,Apr 2027,21.05,Other,NCD — SEBI License Required,"INC since Apr 2026 (74 days). MEDIUM by Oct 2026, HOT by Jan 2027, ULTRA HOT by Apr 2027.",Your Non-government debt at ICRA hits ULTRA HOT in Apr 2027. Start ACER process by Jan 2027 to be ahead of Q2 2027 renewal rush.,D365
Pragati Marine Services Pvt. Ltd.,ICRA,Term loans,D,2026-04-15,74,LOW (<90 days),Oct 2026,Jan 2027,Apr 2027,Apr 2027,11.3,Other,Standard,"INC since Apr 2026 (74 days). MEDIUM by Oct 2026, HOT by Jan 2027, ULTRA HOT by Apr 2027.",Your Term loans at ICRA hits ULTRA HOT in Apr 2027. Start ACER process by Jan 2027 to be ahead of Q2 2027 renewal rush.,D365
Prasad International Pvt. Ltd.,CRISIL,Bank Guarantee,A 4,2026-04-29,60,LOW (<90 days),Oct 2026,Jan 2027,Apr 2027,Apr 2027,0.5,Other,Standard,"INC since Apr 2026 (60 days). MEDIUM by Oct 2026, HOT by Jan 2027, ULTRA HOT by Apr 2027.",Your Bank Guarantee at CRISIL hits ULTRA HOT in Apr 2027. Start ACER process by Jan 2027 to be ahead of Q2 2027 renewal rush.,D365
Prasad International Pvt. Ltd.,CRISIL,Letter Of credit,A 4,2026-04-29,60,LOW (<90 days),Oct 2026,Jan 2027,Apr 2027,Apr 2027,2.0,Other,Standard,"INC since Apr 2026 (60 days). MEDIUM by Oct 2026, HOT by Jan 2027, ULTRA HOT by Apr 2027.",Your Letter Of credit at CRISIL hits ULTRA HOT in Apr 2027. Start ACER process by Jan 2027 to be ahead of Q2 2027 renewal rush.,D365
Prasad International Pvt. Ltd.,CRISIL,Term loans,B,2026-04-29,60,LOW (<90 days),Oct 2026,Jan 2027,Apr 2027,Apr 2027,2.99,Other,Standard,"INC since Apr 2026 (60 days). MEDIUM by Oct 2026, HOT by Jan 2027, ULTRA HOT by Apr 2027.",Your Term loans at CRISIL hits ULTRA HOT in Apr 2027. Start ACER process by Jan 2027 to be ahead of Q2 2027 renewal rush.,D365
Pravara Renewable Energy Ltd.,CARE,Term loans,D,2026-04-15,74,LOW (<90 days),Oct 2026,Jan 2027,Apr 2027,Apr 2027,186.08,Energy/Power,Standard,"INC since Apr 2026 (74 days). MEDIUM by Oct 2026, HOT by Jan 2027, ULTRA HOT by Apr 2027.",Your Term loans at CARE hits ULTRA HOT in Apr 2027. Start ACER process by Jan 2027 to be ahead of Q2 2027 renewal rush.,D365
Prayan Ispat & Steel Pvt. Ltd.,CARE,Letter Of credit,D,2026-04-22,67,LOW (<90 days),Oct 2026,Jan 2027,Apr 2027,Apr 2027,1.5,Steel & Metals,Standard,"INC since Apr 2026 (67 days). MEDIUM by Oct 2026, HOT by Jan 2027, ULTRA HOT by Apr 2027.",Your Letter Of credit at CARE hits ULTRA HOT in Apr 2027. Start ACER process by Jan 2027 to be ahead of Q2 2027 renewal rush.,D365
Prayan Ispat & Steel Pvt. Ltd.,CARE,Term loans,D,2026-04-22,67,LOW (<90 days),Oct 2026,Jan 2027,Apr 2027,Apr 2027,0.09,Steel & Metals,Standard,"INC since Apr 2026 (67 days). MEDIUM by Oct 2026, HOT by Jan 2027, ULTRA HOT by Apr 2027.",Your Term loans at CARE hits ULTRA HOT in Apr 2027. Start ACER process by Jan 2027 to be ahead of Q2 2027 renewal rush.,D365
Precise Chemi Pharma Pvt. Ltd.,CRISIL,Letter Of credit,A 4,2026-04-29,60,LOW (<90 days),Oct 2026,Jan 2027,Apr 2027,Apr 2027,5.0,Chemicals/Pharma,Standard,"INC since Apr 2026 (60 days). MEDIUM by Oct 2026, HOT by Jan 2027, ULTRA HOT by Apr 2027.",Your Letter Of credit at CRISIL hits ULTRA HOT in Apr 2027. Start ACER process by Jan 2027 to be ahead of Q2 2027 renewal rush.,D365
Premier Plasmotec Pvt. Ltd.,BRICKWORK,Term loans,C,2026-04-09,80,LOW (<90 days),Oct 2026,Jan 2027,Apr 2027,Apr 2027,2.16,Other,Standard,"INC since Apr 2026 (80 days). MEDIUM by Oct 2026, HOT by Jan 2027, ULTRA HOT by Apr 2027.",Your Term loans at BRICKWORK hits ULTRA HOT in Apr 2027. Start ACER process by Jan 2027 to be ahead of Q2 2027 renewal rush.,D365
Premier Polyfilm Ltd.,ICRA,Letter Of credit,A 2,2026-04-30,59,LOW (<90 days),Oct 2026,Jan 2027,Apr 2027,Apr 2027,14.25,Other,Standard,"INC since Apr 2026 (59 days). MEDIUM by Oct 2026, HOT by Jan 2027, ULTRA HOT by Apr 2027.",Your Letter Of credit at ICRA hits ULTRA HOT in Apr 2027. Start ACER process by Jan 2027 to be ahead of Q2 2027 renewal rush.,D365
Premier Polyfilm Ltd.,ICRA,Letter Of credit,A 2,2026-04-30,59,LOW (<90 days),Oct 2026,Jan 2027,Apr 2027,Apr 2027,0.0,Other,Standard,"INC since Apr 2026 (59 days). MEDIUM by Oct 2026, HOT by Jan 2027, ULTRA HOT by Apr 2027.",Your Letter Of credit at ICRA hits ULTRA HOT in Apr 2027. Start ACER process by Jan 2027 to be ahead of Q2 2027 renewal rush.,D365
Premier Polyfilm Ltd.,ICRA,Non-government debt,BBB+/A2,2026-04-30,59,LOW (<90 days),Oct 2026,Jan 2027,Apr 2027,Apr 2027,25.5,Other,NCD — SEBI License Required,"INC since Apr 2026 (59 days). MEDIUM by Oct 2026, HOT by Jan 2027, ULTRA HOT by Apr 2027.",Your Non-government debt at ICRA hits ULTRA HOT in Apr 2027. Start ACER process by Jan 2027 to be ahead of Q2 2027 renewal rush.,D365
Premier Polyfilm Ltd.,ICRA,Non-government debt,BBB+/A2,2026-04-30,59,LOW (<90 days),Oct 2026,Jan 2027,Apr 2027,Apr 2027,6.04,Other,NCD — SEBI License Required,"INC since Apr 2026 (59 days). MEDIUM by Oct 2026, HOT by Jan 2027, ULTRA HOT by Apr 2027.",Your Non-government debt at ICRA hits ULTRA HOT in Apr 2027. Start ACER process by Jan 2027 to be ahead of Q2 2027 renewal rush.,D365
Premier Polyfilm Ltd.,ICRA,Term loans,BBB+,2026-04-30,59,LOW (<90 days),Oct 2026,Jan 2027,Apr 2027,Apr 2027,13.21,Other,Standard,"INC since Apr 2026 (59 days). MEDIUM by Oct 2026, HOT by Jan 2027, ULTRA HOT by Apr 2027.",Your Term loans at ICRA hits ULTRA HOT in Apr 2027. Start ACER process by Jan 2027 to be ahead of Q2 2027 renewal rush.,D365
Price & Buckland (India) Pvt. Ltd.,IND-RA,Non-government debt,B-/A4,2026-04-02,87,LOW (<90 days),Oct 2026,Jan 2027,Apr 2027,Apr 2027,6.3,Agro/Food,NCD — SEBI License Required,"INC since Apr 2026 (87 days). MEDIUM by Oct 2026, HOT by Jan 2027, ULTRA HOT by Apr 2027.",Your Non-government debt at IND-RA hits ULTRA HOT in Apr 2027. Start ACER process by Jan 2027 to be ahead of Q2 2027 renewal rush.,D365
Primatel Fibcom Ltd.,CARE,Bank Guarantee,A 4,2026-04-10,79,LOW (<90 days),Oct 2026,Jan 2027,Apr 2027,Apr 2027,17.5,Other,Standard,"INC since Apr 2026 (79 days). MEDIUM by Oct 2026, HOT by Jan 2027, ULTRA HOT by Apr 2027.",Your Bank Guarantee at CARE hits ULTRA HOT in Apr 2027. Start ACER process by Jan 2027 to be ahead of Q2 2027 renewal rush.,D365
Prime Mover Auto Associates Pvt. Ltd.,ACUITE,Bank Guarantee,D,2026-04-01,88,LOW (<90 days),Oct 2026,Jan 2027,Apr 2027,Apr 2027,6.3,Automobiles,Standard,"INC since Apr 2026 (88 days). MEDIUM by Oct 2026, HOT by Jan 2027, ULTRA HOT by Apr 2027.",Your Bank Guarantee at ACUITE hits ULTRA HOT in Apr 2027. Start ACER process by Jan 2027 to be ahead of Q2 2027 renewal rush.,D365
Prime Mover Auto Associates Pvt. Ltd.,ACUITE,Long term Loans,C,2026-04-01,88,LOW (<90 days),Oct 2026,Jan 2027,Apr 2027,Apr 2027,1.01,Automobiles,Standard,"INC since Apr 2026 (88 days). MEDIUM by Oct 2026, HOT by Jan 2027, ULTRA HOT by Apr 2027.",Your Long term Loans at ACUITE hits ULTRA HOT in Apr 2027. Start ACER process by Jan 2027 to be ahead of Q2 2027 renewal rush.,D365
Prime Retail India Ltd.,IND-RA,Non-government debt,D,2026-04-02,87,LOW (<90 days),Oct 2026,Jan 2027,Apr 2027,Apr 2027,31.75,Other,NCD — SEBI License Required,"INC since Apr 2026 (87 days). MEDIUM by Oct 2026, HOT by Jan 2027, ULTRA HOT by Apr 2027.",Your Non-government debt at IND-RA hits ULTRA HOT in Apr 2027. Start ACER process by Jan 2027 to be ahead of Q2 2027 renewal rush.,D365
Primitus Industries Pvt. Ltd.,IND-RA,Non-government debt,B-/A4,2026-04-02,87,LOW (<90 days),Oct 2026,Jan 2027,Apr 2027,Apr 2027,25.0,Other,NCD — SEBI License Required,"INC since Apr 2026 (87 days). MEDIUM by Oct 2026, HOT by Jan 2027, ULTRA HOT by Apr 2027.",Your Non-government debt at IND-RA hits ULTRA HOT in Apr 2027. Start ACER process by Jan 2027 to be ahead of Q2 2027 renewal rush.,D365
Profive Engineering Pvt. Ltd.,IND-RA,Non-government debt,B-/A4,2026-04-02,87,LOW (<90 days),Oct 2026,Jan 2027,Apr 2027,Apr 2027,8.57,Other,NCD — SEBI License Required,"INC since Apr 2026 (87 days). MEDIUM by Oct 2026, HOT by Jan 2027, ULTRA HOT by Apr 2027.",Your Non-government debt at IND-RA hits ULTRA HOT in Apr 2027. Start ACER process by Jan 2027 to be ahead of Q2 2027 renewal rush.,D365
Punjab Metal Works Pvt. Ltd.,IND-RA,Non-government debt,B-/A4,2026-04-02,87,LOW (<90 days),Oct 2026,Jan 2027,Apr 2027,Apr 2027,5.5,Steel & Metals,NCD — SEBI License Required,"INC since Apr 2026 (87 days). MEDIUM by Oct 2026, HOT by Jan 2027, ULTRA HOT by Apr 2027.",Your Non-government debt at IND-RA hits ULTRA HOT in Apr 2027. Start ACER process by Jan 2027 to be ahead of Q2 2027 renewal rush.,D365
Puri Construction Pvt. Ltd.,ICRA,Bank Guarantee,A 4+,2026-04-10,79,LOW (<90 days),Oct 2026,Jan 2027,Apr 2027,Apr 2027,125.0,Construction/Infra,Standard,"INC since Apr 2026 (79 days). MEDIUM by Oct 2026, HOT by Jan 2027, ULTRA HOT by Apr 2027.",Your Bank Guarantee at ICRA hits ULTRA HOT in Apr 2027. Start ACER process by Jan 2027 to be ahead of Q2 2027 renewal rush.,D365
Pushpit Steels Pvt. Ltd.,ACUITE,Short-term loan,A-,2026-04-17,72,LOW (<90 days),Oct 2026,Jan 2027,Apr 2027,Apr 2027,2.5,Steel & Metals,Standard,"INC since Apr 2026 (72 days). MEDIUM by Oct 2026, HOT by Jan 2027, ULTRA HOT by Apr 2027.",Your Short-term loan at ACUITE hits ULTRA HOT in Apr 2027. Start ACER process by Jan 2027 to be ahead of Q2 2027 renewal rush.,D365
Pushpit Steels Pvt. Ltd.,ACUITE,Letter Of credit,A 4+,2026-04-17,72,LOW (<90 days),Oct 2026,Jan 2027,Apr 2027,Apr 2027,225.0,Steel & Metals,Standard,"INC since Apr 2026 (72 days). MEDIUM by Oct 2026, HOT by Jan 2027, ULTRA HOT by Apr 2027.",Your Letter Of credit at ACUITE hits ULTRA HOT in Apr 2027. Start ACER process by Jan 2027 to be ahead of Q2 2027 renewal rush.,D365
Pushpit Steels Pvt. Ltd.,ACUITE,Letter Of credit,A 2+,2026-04-17,72,LOW (<90 days),Oct 2026,Jan 2027,Apr 2027,Apr 2027,25.0,Steel & Metals,Standard,"INC since Apr 2026 (72 days). MEDIUM by Oct 2026, HOT by Jan 2027, ULTRA HOT by Apr 2027.",Your Letter Of credit at ACUITE hits ULTRA HOT in Apr 2027. Start ACER process by Jan 2027 to be ahead of Q2 2027 renewal rush.,D365
Pushpit Steels Pvt. Ltd.,ACUITE,Term loans,BB+,2026-04-17,72,LOW (<90 days),Oct 2026,Jan 2027,Apr 2027,Apr 2027,464.13,Steel & Metals,Standard,"INC since Apr 2026 (72 days). MEDIUM by Oct 2026, HOT by Jan 2027, ULTRA HOT by Apr 2027.",Your Term loans at ACUITE hits ULTRA HOT in Apr 2027. Start ACER process by Jan 2027 to be ahead of Q2 2027 renewal rush.,D365
Q-Line Biotech Ltd.,CRISIL,Bank Guarantee,A 4,2026-04-09,80,LOW (<90 days),Oct 2026,Jan 2027,Apr 2027,Apr 2027,16.0,Chemicals/Pharma,Standard,"INC since Apr 2026 (80 days). MEDIUM by Oct 2026, HOT by Jan 2027, ULTRA HOT by Apr 2027.",Your Bank Guarantee at CRISIL hits ULTRA HOT in Apr 2027. Start ACER process by Jan 2027 to be ahead of Q2 2027 renewal rush.,D365
Q-Line Biotech Ltd.,CRISIL,Letter Of credit,A 4,2026-04-09,80,LOW (<90 days),Oct 2026,Jan 2027,Apr 2027,Apr 2027,6.0,Chemicals/Pharma,Standard,"INC since Apr 2026 (80 days). MEDIUM by Oct 2026, HOT by Jan 2027, ULTRA HOT by Apr 2027.",Your Letter Of credit at CRISIL hits ULTRA HOT in Apr 2027. Start ACER process by Jan 2027 to be ahead of Q2 2027 renewal rush.,D365
Q-Line Biotech Ltd.,CRISIL,Term loans,B,2026-04-09,80,LOW (<90 days),Oct 2026,Jan 2027,Apr 2027,Apr 2027,63.5,Chemicals/Pharma,Standard,"INC since Apr 2026 (80 days). MEDIUM by Oct 2026, HOT by Jan 2027, ULTRA HOT by Apr 2027.",Your Term loans at CRISIL hits ULTRA HOT in Apr 2027. Start ACER process by Jan 2027 to be ahead of Q2 2027 renewal rush.,D365
Quadragen Vethealth Pvt. Ltd.,CRISIL,Bank Guarantee,A 4,2026-04-28,61,LOW (<90 days),Oct 2026,Jan 2027,Apr 2027,Apr 2027,1.0,Healthcare,Standard,"INC since Apr 2026 (61 days). MEDIUM by Oct 2026, HOT by Jan 2027, ULTRA HOT by Apr 2027.",Your Bank Guarantee at CRISIL hits ULTRA HOT in Apr 2027. Start ACER process by Jan 2027 to be ahead of Q2 2027 renewal rush.,D365
Quadragen Vethealth Pvt. Ltd.,CRISIL,Letter Of credit,A 4,2026-04-28,61,LOW (<90 days),Oct 2026,Jan 2027,Apr 2027,Apr 2027,6.0,Healthcare,Standard,"INC since Apr 2026 (61 days). MEDIUM by Oct 2026, HOT by Jan 2027, ULTRA HOT by Apr 2027.",Your Letter Of credit at CRISIL hits ULTRA HOT in Apr 2027. Start ACER process by Jan 2027 to be ahead of Q2 2027 renewal rush.,D365
Quadragen Vethealth Pvt. Ltd.,CRISIL,Long term Loans,B,2026-04-28,61,LOW (<90 days),Oct 2026,Jan 2027,Apr 2027,Apr 2027,1.5,Healthcare,Standard,"INC since Apr 2026 (61 days). MEDIUM by Oct 2026, HOT by Jan 2027, ULTRA HOT by Apr 2027.",Your Long term Loans at CRISIL hits ULTRA HOT in Apr 2027. Start ACER process by Jan 2027 to be ahead of Q2 2027 renewal rush.,D365
Quarterfold Printabilities Pvt. Ltd.,ACUITE,Fund based financial facility/instrument,BB+,2026-04-02,87,LOW (<90 days),Oct 2026,Jan 2027,Apr 2027,Apr 2027,10.0,Paper/Packaging,Standard,"INC since Apr 2026 (87 days). MEDIUM by Oct 2026, HOT by Jan 2027, ULTRA HOT by Apr 2027.",Your Fund based financial facility/instrument at ACUITE hits ULTRA HOT in Apr 2027. Start ACER process by Jan 2027 to be ahead of Q2 2027 renewal rush.,D365
Quarterfold Printabilities Pvt. Ltd.,ACUITE,Term loans,BB+,2026-04-02,87,LOW (<90 days),Oct 2026,Jan 2027,Apr 2027,Apr 2027,5.5,Paper/Packaging,Standard,"INC since Apr 2026 (87 days). MEDIUM by Oct 2026, HOT by Jan 2027, ULTRA HOT by Apr 2027.",Your Term loans at ACUITE hits ULTRA HOT in Apr 2027. Start ACER process by Jan 2027 to be ahead of Q2 2027 renewal rush.,D365
R A C Papers Ltd.,BRICKWORK,Term loans,C,2026-04-10,79,LOW (<90 days),Oct 2026,Jan 2027,Apr 2027,Apr 2027,7.0,Paper/Packaging,Standard,"INC since Apr 2026 (79 days). MEDIUM by Oct 2026, HOT by Jan 2027, ULTRA HOT by Apr 2027.",Your Term loans at BRICKWORK hits ULTRA HOT in Apr 2027. Start ACER process by Jan 2027 to be ahead of Q2 2027 renewal rush.,D365
R A C Papers Ltd.,CARE,Letter Of credit,A 4,2026-04-22,67,LOW (<90 days),Oct 2026,Jan 2027,Apr 2027,Apr 2027,0.33,Paper/Packaging,Standard,"INC since Apr 2026 (67 days). MEDIUM by Oct 2026, HOT by Jan 2027, ULTRA HOT by Apr 2027.",Your Letter Of credit at CARE hits ULTRA HOT in Apr 2027. Start ACER process by Jan 2027 to be ahead of Q2 2027 renewal rush.,D365
R A C Papers Ltd.,CARE,Term loans,C,2026-04-22,67,LOW (<90 days),Oct 2026,Jan 2027,Apr 2027,Apr 2027,2.3,Paper/Packaging,Standard,"INC since Apr 2026 (67 days). MEDIUM by Oct 2026, HOT by Jan 2027, ULTRA HOT by Apr 2027.",Your Term loans at CARE hits ULTRA HOT in Apr 2027. Start ACER process by Jan 2027 to be ahead of Q2 2027 renewal rush.,D365
R A Kraft Paper Pvt. Ltd.,CRISIL,Letter Of credit,A 4,2026-04-28,61,LOW (<90 days),Oct 2026,Jan 2027,Apr 2027,Apr 2027,5.0,Paper/Packaging,Standard,"INC since Apr 2026 (61 days). MEDIUM by Oct 2026, HOT by Jan 2027, ULTRA HOT by Apr 2027.",Your Letter Of credit at CRISIL hits ULTRA HOT in Apr 2027. Start ACER process by Jan 2027 to be ahead of Q2 2027 renewal rush.,D365
R A Shaikh Paper Mills Pvt. Ltd.,CARE,Bank Guarantee,A 4,2026-04-08,81,LOW (<90 days),Oct 2026,Jan 2027,Apr 2027,Apr 2027,0.8,Paper/Packaging,Standard,"INC since Apr 2026 (81 days). MEDIUM by Oct 2026, HOT by Jan 2027, ULTRA HOT by Apr 2027.",Your Bank Guarantee at CARE hits ULTRA HOT in Apr 2027. Start ACER process by Jan 2027 to be ahead of Q2 2027 renewal rush.,D365
R D Samant Contractors Pvt. Ltd.,CRISIL,Bank Guarantee,A 4,2026-04-30,59,LOW (<90 days),Oct 2026,Jan 2027,Apr 2027,Apr 2027,7.0,Automobiles,Standard,"INC since Apr 2026 (59 days). MEDIUM by Oct 2026, HOT by Jan 2027, ULTRA HOT by Apr 2027.",Your Bank Guarantee at CRISIL hits ULTRA HOT in Apr 2027. Start ACER process by Jan 2027 to be ahead of Q2 2027 renewal rush.,D365
R D Samant Contractors Pvt. Ltd.,CRISIL,Long term Loans,B,2026-04-30,59,LOW (<90 days),Oct 2026,Jan 2027,Apr 2027,Apr 2027,3.0,Automobiles,Standard,"INC since Apr 2026 (59 days). MEDIUM by Oct 2026, HOT by Jan 2027, ULTRA HOT by Apr 2027.",Your Long term Loans at CRISIL hits ULTRA HOT in Apr 2027. Start ACER process by Jan 2027 to be ahead of Q2 2027 renewal rush.,D365
R E Rogers India Pvt. Ltd.,CRISIL,Bank Guarantee,A 4,2026-04-30,59,LOW (<90 days),Oct 2026,Jan 2027,Apr 2027,Apr 2027,12.0,Other,Standard,"INC since Apr 2026 (59 days). MEDIUM by Oct 2026, HOT by Jan 2027, ULTRA HOT by Apr 2027.",Your Bank Guarantee at CRISIL hits ULTRA HOT in Apr 2027. Start ACER process by Jan 2027 to be ahead of Q2 2027 renewal rush.,D365
R E Rogers India Pvt. Ltd.,CRISIL,Long term Loans,B,2026-04-30,59,LOW (<90 days),Oct 2026,Jan 2027,Apr 2027,Apr 2027,0.95,Other,Standard,"INC since Apr 2026 (59 days). MEDIUM by Oct 2026, HOT by Jan 2027, ULTRA HOT by Apr 2027.",Your Long term Loans at CRISIL hits ULTRA HOT in Apr 2027. Start ACER process by Jan 2027 to be ahead of Q2 2027 renewal rush.,D365
R G Spinning Mills Pvt. Ltd.,CARE,Term loans,BB-,2026-04-02,87,LOW (<90 days),Oct 2026,Jan 2027,Apr 2027,Apr 2027,14.15,Textiles,Standard,"INC since Apr 2026 (87 days). MEDIUM by Oct 2026, HOT by Jan 2027, ULTRA HOT by Apr 2027.",Your Term loans at CARE hits ULTRA HOT in Apr 2027. Start ACER process by Jan 2027 to be ahead of Q2 2027 renewal rush.,D365
R K City Developers Pvt. Ltd.,ICRA,Term loans,D,2026-04-15,74,LOW (<90 days),Oct 2026,Jan 2027,Apr 2027,Apr 2027,2.0,Other,Standard,"INC since Apr 2026 (74 days). MEDIUM by Oct 2026, HOT by Jan 2027, ULTRA HOT by Apr 2027.",Your Term loans at ICRA hits ULTRA HOT in Apr 2027. Start ACER process by Jan 2027 to be ahead of Q2 2027 renewal rush.,D365
R K G International Pvt. Ltd.,ICRA,Non-fund-based financial facility/instrument,A 4,2026-04-28,61,LOW (<90 days),Oct 2026,Jan 2027,Apr 2027,Apr 2027,8.0,Other,Standard,"INC since Apr 2026 (61 days). MEDIUM by Oct 2026, HOT by Jan 2027, ULTRA HOT by Apr 2027.",Your Non-fund-based financial facility/instrument at ICRA hits ULTRA HOT in Apr 2027. Start ACER process by Jan 2027 to be ahead of Q2 2027 renewal rush.,D365
R K Natural Fibre Pvt. Ltd.,IND-RA,Non-government debt,B-/A4,2026-04-02,87,LOW (<90 days),Oct 2026,Jan 2027,Apr 2027,Apr 2027,6.8,Other,NCD — SEBI License Required,"INC since Apr 2026 (87 days). MEDIUM by Oct 2026, HOT by Jan 2027, ULTRA HOT by Apr 2027.",Your Non-government debt at IND-RA hits ULTRA HOT in Apr 2027. Start ACER process by Jan 2027 to be ahead of Q2 2027 renewal rush.,D365
R K R Gold Pvt. Ltd.,IND-RA,Non-government debt,D,2026-04-02,87,LOW (<90 days),Oct 2026,Jan 2027,Apr 2027,Apr 2027,90.0,Other,NCD — SEBI License Required,"INC since Apr 2026 (87 days). MEDIUM by Oct 2026, HOT by Jan 2027, ULTRA HOT by Apr 2027.",Your Non-government debt at IND-RA hits ULTRA HOT in Apr 2027. Start ACER process by Jan 2027 to be ahead of Q2 2027 renewal rush.,D365
R L J Polyfab Ltd.,ICRA,Non-fund-based financial facility/instrument,A 4,2026-04-28,61,LOW (<90 days),Oct 2026,Jan 2027,Apr 2027,Apr 2027,1.25,Other,Standard,"INC since Apr 2026 (61 days). MEDIUM by Oct 2026, HOT by Jan 2027, ULTRA HOT by Apr 2027.",Your Non-fund-based financial facility/instrument at ICRA hits ULTRA HOT in Apr 2027. Start ACER process by Jan 2027 to be ahead of Q2 2027 renewal rush.,D365
R L J Polyfab Ltd.,ICRA,Term loans,B+,2026-04-28,61,LOW (<90 days),Oct 2026,Jan 2027,Apr 2027,Apr 2027,4.54,Other,Standard,"INC since Apr 2026 (61 days). MEDIUM by Oct 2026, HOT by Jan 2027, ULTRA HOT by Apr 2027.",Your Term loans at ICRA hits ULTRA HOT in Apr 2027. Start ACER process by Jan 2027 to be ahead of Q2 2027 renewal rush.,D365
R M Drip & Sprinklers Systems Ltd.,BRICKWORK,Bank Guarantee,A 4,2026-04-10,79,LOW (<90 days),Oct 2026,Jan 2027,Apr 2027,Apr 2027,0.5,IT/Technology,Standard,"INC since Apr 2026 (79 days). MEDIUM by Oct 2026, HOT by Jan 2027, ULTRA HOT by Apr 2027.",Your Bank Guarantee at BRICKWORK hits ULTRA HOT in Apr 2027. Start ACER process by Jan 2027 to be ahead of Q2 2027 renewal rush.,D365
R M Drip & Sprinklers Systems Ltd.,BRICKWORK,Letter Of credit,A 4,2026-04-10,79,LOW (<90 days),Oct 2026,Jan 2027,Apr 2027,Apr 2027,1.0,IT/Technology,Standard,"INC since Apr 2026 (79 days). MEDIUM by Oct 2026, HOT by Jan 2027, ULTRA HOT by Apr 2027.",Your Letter Of credit at BRICKWORK hits ULTRA HOT in Apr 2027. Start ACER process by Jan 2027 to be ahead of Q2 2027 renewal rush.,D365
R M Drip & Sprinklers Systems Ltd.,BRICKWORK,Term loans,B-,2026-04-10,79,LOW (<90 days),Oct 2026,Jan 2027,Apr 2027,Apr 2027,5.8,IT/Technology,Standard,"INC since Apr 2026 (79 days). MEDIUM by Oct 2026, HOT by Jan 2027, ULTRA HOT by Apr 2027.",Your Term loans at BRICKWORK hits ULTRA HOT in Apr 2027. Start ACER process by Jan 2027 to be ahead of Q2 2027 renewal rush.,D365
R M P Fab Sourcing Pvt. Ltd.,CRISIL,Long term Loans,B,2026-04-28,61,LOW (<90 days),Oct 2026,Jan 2027,Apr 2027,Apr 2027,5.0,Other,Standard,"INC since Apr 2026 (61 days). MEDIUM by Oct 2026, HOT by Jan 2027, ULTRA HOT by Apr 2027.",Your Long term Loans at CRISIL hits ULTRA HOT in Apr 2027. Start ACER process by Jan 2027 to be ahead of Q2 2027 renewal rush.,D365
R P A Unibakes Pvt. Ltd.,ICRA,Non-government debt,BB+/A4+,2026-04-29,60,LOW (<90 days),Oct 2026,Jan 2027,Apr 2027,Apr 2027,13.0,Other,NCD — SEBI License Required,"INC since Apr 2026 (60 days). MEDIUM by Oct 2026, HOT by Jan 2027, ULTRA HOT by Apr 2027.",Your Non-government debt at ICRA hits ULTRA HOT in Apr 2027. Start ACER process by Jan 2027 to be ahead of Q2 2027 renewal rush.,D365
R P A Unibakes Pvt. Ltd.,ICRA,Non-government debt,BB+/A4+,2026-04-29,60,LOW (<90 days),Oct 2026,Jan 2027,Apr 2027,Apr 2027,0.24,Other,NCD — SEBI License Required,"INC since Apr 2026 (60 days). MEDIUM by Oct 2026, HOT by Jan 2027, ULTRA HOT by Apr 2027.",Your Non-government debt at ICRA hits ULTRA HOT in Apr 2027. Start ACER process by Jan 2027 to be ahead of Q2 2027 renewal rush.,D365
R P A Unibakes Pvt. Ltd.,ICRA,Term loans,BB+,2026-04-29,60,LOW (<90 days),Oct 2026,Jan 2027,Apr 2027,Apr 2027,67.76,Other,Standard,"INC since Apr 2026 (60 days). MEDIUM by Oct 2026, HOT by Jan 2027, ULTRA HOT by Apr 2027.",Your Term loans at ICRA hits ULTRA HOT in Apr 2027. Start ACER process by Jan 2027 to be ahead of Q2 2027 renewal rush.,D365
R R & Company Pvt. Ltd.,CARE,Term loans,B-,2026-04-09,80,LOW (<90 days),Oct 2026,Jan 2027,Apr 2027,Apr 2027,0.85,Other,Standard,"INC since Apr 2026 (80 days). MEDIUM by Oct 2026, HOT by Jan 2027, ULTRA HOT by Apr 2027.",Your Term loans at CARE hits ULTRA HOT in Apr 2027. Start ACER process by Jan 2027 to be ahead of Q2 2027 renewal rush.,D365
R S A L Steel Pvt. Ltd.,ICRA,Non-fund-based financial facility/instrument,D,2026-04-29,60,LOW (<90 days),Oct 2026,Jan 2027,Apr 2027,Apr 2027,206.55,Steel & Metals,Standard,"INC since Apr 2026 (60 days). MEDIUM by Oct 2026, HOT by Jan 2027, ULTRA HOT by Apr 2027.",Your Non-fund-based financial facility/instrument at ICRA hits ULTRA HOT in Apr 2027. Start ACER process by Jan 2027 to be ahead of Q2 2027 renewal rush.,D365
R S A L Steel Pvt. Ltd.,ICRA,Term loans,D,2026-04-29,60,LOW (<90 days),Oct 2026,Jan 2027,Apr 2027,Apr 2027,35.59,Steel & Metals,Standard,"INC since Apr 2026 (60 days). MEDIUM by Oct 2026, HOT by Jan 2027, ULTRA HOT by Apr 2027.",Your Term loans at ICRA hits ULTRA HOT in Apr 2027. Start ACER process by Jan 2027 to be ahead of Q2 2027 renewal rush.,D365
R S H Agro Products Ltd.,ACUITE,Letter Of credit,D,2026-04-08,81,LOW (<90 days),Oct 2026,Jan 2027,Apr 2027,Apr 2027,0.3,Agro/Food,Standard,"INC since Apr 2026 (81 days). MEDIUM by Oct 2026, HOT by Jan 2027, ULTRA HOT by Apr 2027.",Your Letter Of credit at ACUITE hits ULTRA HOT in Apr 2027. Start ACER process by Jan 2027 to be ahead of Q2 2027 renewal rush.,D365
R S H Agro Products Ltd.,ACUITE,Term loans,D,2026-04-08,81,LOW (<90 days),Oct 2026,Jan 2027,Apr 2027,Apr 2027,2.0,Agro/Food,Standard,"INC since Apr 2026 (81 days). MEDIUM by Oct 2026, HOT by Jan 2027, ULTRA HOT by Apr 2027.",Your Term loans at ACUITE hits ULTRA HOT in Apr 2027. Start ACER process by Jan 2027 to be ahead of Q2 2027 renewal rush.,D365
R S R Infra Works (India) Pvt. Ltd.,CARE,Bank Guarantee,A 4,2026-04-02,87,LOW (<90 days),Oct 2026,Jan 2027,Apr 2027,Apr 2027,75.0,Construction/Infra,Standard,"INC since Apr 2026 (87 days). MEDIUM by Oct 2026, HOT by Jan 2027, ULTRA HOT by Apr 2027.",Your Bank Guarantee at CARE hits ULTRA HOT in Apr 2027. Start ACER process by Jan 2027 to be ahead of Q2 2027 renewal rush.,D365
R S V Constructions Pvt. Ltd.,CARE,Bank Guarantee,A 4,2026-04-06,83,LOW (<90 days),Oct 2026,Jan 2027,Apr 2027,Apr 2027,54.5,Construction/Infra,Standard,"INC since Apr 2026 (83 days). MEDIUM by Oct 2026, HOT by Jan 2027, ULTRA HOT by Apr 2027.",Your Bank Guarantee at CARE hits ULTRA HOT in Apr 2027. Start ACER process by Jan 2027 to be ahead of Q2 2027 renewal rush.,D365
Radha Industries Pvt. Ltd.,CRISIL,Bank Guarantee,A 4,2026-04-28,61,LOW (<90 days),Oct 2026,Jan 2027,Apr 2027,Apr 2027,1.0,Other,Standard,"INC since Apr 2026 (61 days). MEDIUM by Oct 2026, HOT by Jan 2027, ULTRA HOT by Apr 2027.",Your Bank Guarantee at CRISIL hits ULTRA HOT in Apr 2027. Start ACER process by Jan 2027 to be ahead of Q2 2027 renewal rush.,D365
Radius Sumer Developers Pvt. Ltd.,BRICKWORK,Term loans,D,2026-04-01,88,LOW (<90 days),Oct 2026,Jan 2027,Apr 2027,Apr 2027,600.0,Other,Standard,"INC since Apr 2026 (88 days). MEDIUM by Oct 2026, HOT by Jan 2027, ULTRA HOT by Apr 2027.",Your Term loans at BRICKWORK hits ULTRA HOT in Apr 2027. Start ACER process by Jan 2027 to be ahead of Q2 2027 renewal rush.,D365
Radius Water Ltd.,ICRA,Non-government debt,D,2026-04-27,62,LOW (<90 days),Oct 2026,Jan 2027,Apr 2027,Apr 2027,6.06,Other,NCD — SEBI License Required,"INC since Apr 2026 (62 days). MEDIUM by Oct 2026, HOT by Jan 2027, ULTRA HOT by Apr 2027.",Your Non-government debt at ICRA hits ULTRA HOT in Apr 2027. Start ACER process by Jan 2027 to be ahead of Q2 2027 renewal rush.,D365
Radius Water Ltd.,ICRA,Term loans,D,2026-04-27,62,LOW (<90 days),Oct 2026,Jan 2027,Apr 2027,Apr 2027,19.94,Other,Standard,"INC since Apr 2026 (62 days). MEDIUM by Oct 2026, HOT by Jan 2027, ULTRA HOT by Apr 2027.",Your Term loans at ICRA hits ULTRA HOT in Apr 2027. Start ACER process by Jan 2027 to be ahead of Q2 2027 renewal rush.,D365
Raghuveer Metal Inds. Ltd.,IND-RA,Non-government debt,C/A4,2026-04-02,87,LOW (<90 days),Oct 2026,Jan 2027,Apr 2027,Apr 2027,13.0,Steel & Metals,NCD — SEBI License Required,"INC since Apr 2026 (87 days). MEDIUM by Oct 2026, HOT by Jan 2027, ULTRA HOT by Apr 2027.",Your Non-government debt at IND-RA hits ULTRA HOT in Apr 2027. Start ACER process by Jan 2027 to be ahead of Q2 2027 renewal rush.,D365
Raichur Bio-Energies Pvt. Ltd.,IND-RA,Term loans,D,2026-04-02,87,LOW (<90 days),Oct 2026,Jan 2027,Apr 2027,Apr 2027,32.2,Other,Standard,"INC since Apr 2026 (87 days). MEDIUM by Oct 2026, HOT by Jan 2027, ULTRA HOT by Apr 2027.",Your Term loans at IND-RA hits ULTRA HOT in Apr 2027. Start ACER process by Jan 2027 to be ahead of Q2 2027 renewal rush.,D365
Rajaramsevak Multipurpose Cold Storage Pvt. Ltd.,IND-RA,Non-government debt,D,2026-04-02,87,LOW (<90 days),Oct 2026,Jan 2027,Apr 2027,Apr 2027,14.0,Other,NCD — SEBI License Required,"INC since Apr 2026 (87 days). MEDIUM by Oct 2026, HOT by Jan 2027, ULTRA HOT by Apr 2027.",Your Non-government debt at IND-RA hits ULTRA HOT in Apr 2027. Start ACER process by Jan 2027 to be ahead of Q2 2027 renewal rush.,D365
Rajasthan Powergen Transformer Pvt. Ltd.,CARE,Bank Guarantee,A 4,2026-04-14,75,LOW (<90 days),Oct 2026,Jan 2027,Apr 2027,Apr 2027,3.0,Energy/Power,Standard,"INC since Apr 2026 (75 days). MEDIUM by Oct 2026, HOT by Jan 2027, ULTRA HOT by Apr 2027.",Your Bank Guarantee at CARE hits ULTRA HOT in Apr 2027. Start ACER process by Jan 2027 to be ahead of Q2 2027 renewal rush.,D365
Rajasthan Powergen Transformer Pvt. Ltd.,CARE,Letter Of credit,A 4,2026-04-14,75,LOW (<90 days),Oct 2026,Jan 2027,Apr 2027,Apr 2027,1.0,Energy/Power,Standard,"INC since Apr 2026 (75 days). MEDIUM by Oct 2026, HOT by Jan 2027, ULTRA HOT by Apr 2027.",Your Letter Of credit at CARE hits ULTRA HOT in Apr 2027. Start ACER process by Jan 2027 to be ahead of Q2 2027 renewal rush.,D365
Rajasthan Powergen Transformer Pvt. Ltd.,CARE,Term loans,B-,2026-04-14,75,LOW (<90 days),Oct 2026,Jan 2027,Apr 2027,Apr 2027,2.68,Energy/Power,Standard,"INC since Apr 2026 (75 days). MEDIUM by Oct 2026, HOT by Jan 2027, ULTRA HOT by Apr 2027.",Your Term loans at CARE hits ULTRA HOT in Apr 2027. Start ACER process by Jan 2027 to be ahead of Q2 2027 renewal rush.,D365
Rajinder Infrastructure Pvt. Ltd.,ACUITE,Bank Guarantee,A 4,2026-04-13,76,LOW (<90 days),Oct 2026,Jan 2027,Apr 2027,Apr 2027,30.0,Construction/Infra,Standard,"INC since Apr 2026 (76 days). MEDIUM by Oct 2026, HOT by Jan 2027, ULTRA HOT by Apr 2027.",Your Bank Guarantee at ACUITE hits ULTRA HOT in Apr 2027. Start ACER process by Jan 2027 to be ahead of Q2 2027 renewal rush.,D365
Rajuri Steels & T M T Bars Pvt. Ltd.,ACUITE,Bank Guarantee,A 4+,2026-04-10,79,LOW (<90 days),Oct 2026,Jan 2027,Apr 2027,Apr 2027,45.0,Steel & Metals,Standard,"INC since Apr 2026 (79 days). MEDIUM by Oct 2026, HOT by Jan 2027, ULTRA HOT by Apr 2027.",Your Bank Guarantee at ACUITE hits ULTRA HOT in Apr 2027. Start ACER process by Jan 2027 to be ahead of Q2 2027 renewal rush.,D365
Rajuri Steels & T M T Bars Pvt. Ltd.,ACUITE,Long term Loans,BB+,2026-04-10,79,LOW (<90 days),Oct 2026,Jan 2027,Apr 2027,Apr 2027,0.1,Steel & Metals,Standard,"INC since Apr 2026 (79 days). MEDIUM by Oct 2026, HOT by Jan 2027, ULTRA HOT by Apr 2027.",Your Long term Loans at ACUITE hits ULTRA HOT in Apr 2027. Start ACER process by Jan 2027 to be ahead of Q2 2027 renewal rush.,D365
Rajuri Steels & T M T Bars Pvt. Ltd.,ACUITE,Term loans,BB,2026-04-10,79,LOW (<90 days),Oct 2026,Jan 2027,Apr 2027,Apr 2027,38.34,Steel & Metals,Standard,"INC since Apr 2026 (79 days). MEDIUM by Oct 2026, HOT by Jan 2027, ULTRA HOT by Apr 2027.",Your Term loans at ACUITE hits ULTRA HOT in Apr 2027. Start ACER process by Jan 2027 to be ahead of Q2 2027 renewal rush.,D365
Rajuri Steels & T M T Bars Pvt. Ltd.,ACUITE,Term loans,BB+,2026-04-10,79,LOW (<90 days),Oct 2026,Jan 2027,Apr 2027,Apr 2027,12.56,Steel & Metals,Standard,"INC since Apr 2026 (79 days). MEDIUM by Oct 2026, HOT by Jan 2027, ULTRA HOT by Apr 2027.",Your Term loans at ACUITE hits ULTRA HOT in Apr 2027. Start ACER process by Jan 2027 to be ahead of Q2 2027 renewal rush.,D365
Ram'S Assorted Cold Storage Ltd.,CRISIL,Long term Loans,D,2026-04-10,79,LOW (<90 days),Oct 2026,Jan 2027,Apr 2027,Apr 2027,9.0,Other,Standard,"INC since Apr 2026 (79 days). MEDIUM by Oct 2026, HOT by Jan 2027, ULTRA HOT by Apr 2027.",Your Long term Loans at CRISIL hits ULTRA HOT in Apr 2027. Start ACER process by Jan 2027 to be ahead of Q2 2027 renewal rush.,D365
Ramiya Constructions Pvt. Ltd.,CRISIL,Bank Guarantee,A 3,2026-04-13,76,LOW (<90 days),Oct 2026,Jan 2027,Apr 2027,Apr 2027,63.0,Construction/Infra,Standard,"INC since Apr 2026 (76 days). MEDIUM by Oct 2026, HOT by Jan 2027, ULTRA HOT by Apr 2027.",Your Bank Guarantee at CRISIL hits ULTRA HOT in Apr 2027. Start ACER process by Jan 2027 to be ahead of Q2 2027 renewal rush.,D365
Ramiya Constructions Pvt. Ltd.,CRISIL,Long term Loans,BBB-,2026-04-13,76,LOW (<90 days),Oct 2026,Jan 2027,Apr 2027,Apr 2027,14.0,Construction/Infra,Standard,"INC since Apr 2026 (76 days). MEDIUM by Oct 2026, HOT by Jan 2027, ULTRA HOT by Apr 2027.",Your Long term Loans at CRISIL hits ULTRA HOT in Apr 2027. Start ACER process by Jan 2027 to be ahead of Q2 2027 renewal rush.,D365
Ramji Acro Ltd.,CRISIL,Long term Loans,B,2026-04-28,61,LOW (<90 days),Oct 2026,Jan 2027,Apr 2027,Apr 2027,1.0,Other,Standard,"INC since Apr 2026 (61 days). MEDIUM by Oct 2026, HOT by Jan 2027, ULTRA HOT by Apr 2027.",Your Long term Loans at CRISIL hits ULTRA HOT in Apr 2027. Start ACER process by Jan 2027 to be ahead of Q2 2027 renewal rush.,D365
Ramji Acro Ltd.,CRISIL,Term loans,B,2026-04-28,61,LOW (<90 days),Oct 2026,Jan 2027,Apr 2027,Apr 2027,9.0,Other,Standard,"INC since Apr 2026 (61 days). MEDIUM by Oct 2026, HOT by Jan 2027, ULTRA HOT by Apr 2027.",Your Term loans at CRISIL hits ULTRA HOT in Apr 2027. Start ACER process by Jan 2027 to be ahead of Q2 2027 renewal rush.,D365
Rangotsav Lifestyle Pvt. Ltd.,IND-RA,Term loans,D,2026-04-02,87,LOW (<90 days),Oct 2026,Jan 2027,Apr 2027,Apr 2027,21.5,Other,Standard,"INC since Apr 2026 (87 days). MEDIUM by Oct 2026, HOT by Jan 2027, ULTRA HOT by Apr 2027.",Your Term loans at IND-RA hits ULTRA HOT in Apr 2027. Start ACER process by Jan 2027 to be ahead of Q2 2027 renewal rush.,D365
Rasha Ind. Pvt Ltd,ACUITE,Long term Loans,BB+,2026-04-17,72,LOW (<90 days),Oct 2026,Jan 2027,Apr 2027,Apr 2027,0.63,Other,Standard,"INC since Apr 2026 (72 days). MEDIUM by Oct 2026, HOT by Jan 2027, ULTRA HOT by Apr 2027.",Your Long term Loans at ACUITE hits ULTRA HOT in Apr 2027. Start ACER process by Jan 2027 to be ahead of Q2 2027 renewal rush.,D365
Rasha Ind. Pvt Ltd,ACUITE,Term loans,BB+,2026-04-17,72,LOW (<90 days),Oct 2026,Jan 2027,Apr 2027,Apr 2027,38.47,Other,Standard,"INC since Apr 2026 (72 days). MEDIUM by Oct 2026, HOT by Jan 2027, ULTRA HOT by Apr 2027.",Your Term loans at ACUITE hits ULTRA HOT in Apr 2027. Start ACER process by Jan 2027 to be ahead of Q2 2027 renewal rush.,D365
Ratan Aluminum Recycling Pvt. Ltd.,CRISIL,Fund based financial facility/instrument,B,2026-04-17,72,LOW (<90 days),Oct 2026,Jan 2027,Apr 2027,Apr 2027,13.0,Other,Standard,"INC since Apr 2026 (72 days). MEDIUM by Oct 2026, HOT by Jan 2027, ULTRA HOT by Apr 2027.",Your Fund based financial facility/instrument at CRISIL hits ULTRA HOT in Apr 2027. Start ACER process by Jan 2027 to be ahead of Q2 2027 renewal rush.,D365
Ratan Aluminum Recycling Pvt. Ltd.,CRISIL,Long term Loans,B,2026-04-17,72,LOW (<90 days),Oct 2026,Jan 2027,Apr 2027,Apr 2027,2.83,Other,Standard,"INC since Apr 2026 (72 days). MEDIUM by Oct 2026, HOT by Jan 2027, ULTRA HOT by Apr 2027.",Your Long term Loans at CRISIL hits ULTRA HOT in Apr 2027. Start ACER process by Jan 2027 to be ahead of Q2 2027 renewal rush.,D365
Ratan Aluminum Recycling Pvt. Ltd.,CRISIL,Term loans,B,2026-04-17,72,LOW (<90 days),Oct 2026,Jan 2027,Apr 2027,Apr 2027,0.93,Other,Standard,"INC since Apr 2026 (72 days). MEDIUM by Oct 2026, HOT by Jan 2027, ULTRA HOT by Apr 2027.",Your Term loans at CRISIL hits ULTRA HOT in Apr 2027. Start ACER process by Jan 2027 to be ahead of Q2 2027 renewal rush.,D365
Rathi Bars Ltd.,CARE,Term loans,B-,2026-04-14,75,LOW (<90 days),Oct 2026,Jan 2027,Apr 2027,Apr 2027,7.51,Other,Standard,"INC since Apr 2026 (75 days). MEDIUM by Oct 2026, HOT by Jan 2027, ULTRA HOT by Apr 2027.",Your Term loans at CARE hits ULTRA HOT in Apr 2027. Start ACER process by Jan 2027 to be ahead of Q2 2027 renewal rush.,D365
Ratnadeep Metal & Tubes Ltd.,IND-RA,Non-government debt,BB-/A4+,2026-04-28,61,LOW (<90 days),Oct 2026,Jan 2027,Apr 2027,Apr 2027,63.0,Steel & Metals,NCD — SEBI License Required,"INC since Apr 2026 (61 days). MEDIUM by Oct 2026, HOT by Jan 2027, ULTRA HOT by Apr 2027.",Your Non-government debt at IND-RA hits ULTRA HOT in Apr 2027. Start ACER process by Jan 2027 to be ahead of Q2 2027 renewal rush.,D365
Ravina Health Care Pvt. Ltd.,CRISIL,Long term Loans,D,2026-04-28,61,LOW (<90 days),Oct 2026,Jan 2027,Apr 2027,Apr 2027,6.5,Healthcare,Standard,"INC since Apr 2026 (61 days). MEDIUM by Oct 2026, HOT by Jan 2027, ULTRA HOT by Apr 2027.",Your Long term Loans at CRISIL hits ULTRA HOT in Apr 2027. Start ACER process by Jan 2027 to be ahead of Q2 2027 renewal rush.,D365
Ravina Health Care Pvt. Ltd.,CRISIL,Term loans,D,2026-04-28,61,LOW (<90 days),Oct 2026,Jan 2027,Apr 2027,Apr 2027,16.0,Healthcare,Standard,"INC since Apr 2026 (61 days). MEDIUM by Oct 2026, HOT by Jan 2027, ULTRA HOT by Apr 2027.",Your Term loans at CRISIL hits ULTRA HOT in Apr 2027. Start ACER process by Jan 2027 to be ahead of Q2 2027 renewal rush.,D365
Ravindra Heraeus Pvt. Ltd.,CARE,Bank Guarantee,A 4,2026-04-08,81,LOW (<90 days),Oct 2026,Jan 2027,Apr 2027,Apr 2027,150.0,Other,Standard,"INC since Apr 2026 (81 days). MEDIUM by Oct 2026, HOT by Jan 2027, ULTRA HOT by Apr 2027.",Your Bank Guarantee at CARE hits ULTRA HOT in Apr 2027. Start ACER process by Jan 2027 to be ahead of Q2 2027 renewal rush.,D365
Rawalwasia Textile Inds. Pvt. Ltd.,CARE,Non-government debt,B-/A4,2026-04-08,81,LOW (<90 days),Oct 2026,Jan 2027,Apr 2027,Apr 2027,13.0,Textiles,NCD — SEBI License Required,"INC since Apr 2026 (81 days). MEDIUM by Oct 2026, HOT by Jan 2027, ULTRA HOT by Apr 2027.",Your Non-government debt at CARE hits ULTRA HOT in Apr 2027. Start ACER process by Jan 2027 to be ahead of Q2 2027 renewal rush.,D365
Rawmet Resources Pvt. Ltd.,CARE,Letter Of credit,A 4,2026-04-27,62,LOW (<90 days),Oct 2026,Jan 2027,Apr 2027,Apr 2027,79.0,Other,Standard,"INC since Apr 2026 (62 days). MEDIUM by Oct 2026, HOT by Jan 2027, ULTRA HOT by Apr 2027.",Your Letter Of credit at CARE hits ULTRA HOT in Apr 2027. Start ACER process by Jan 2027 to be ahead of Q2 2027 renewal rush.,D365
Rawmet Resources Pvt. Ltd.,CARE,Non-government debt,BB-/A4,2026-04-27,62,LOW (<90 days),Oct 2026,Jan 2027,Apr 2027,Apr 2027,7.0,Other,NCD — SEBI License Required,"INC since Apr 2026 (62 days). MEDIUM by Oct 2026, HOT by Jan 2027, ULTRA HOT by Apr 2027.",Your Non-government debt at CARE hits ULTRA HOT in Apr 2027. Start ACER process by Jan 2027 to be ahead of Q2 2027 renewal rush.,D365
Raymix Concrete India Pvt. Ltd.,CARE,Term loans,D,2026-04-09,80,LOW (<90 days),Oct 2026,Jan 2027,Apr 2027,Apr 2027,4.98,Other,Standard,"INC since Apr 2026 (80 days). MEDIUM by Oct 2026, HOT by Jan 2027, ULTRA HOT by Apr 2027.",Your Term loans at CARE hits ULTRA HOT in Apr 2027. Start ACER process by Jan 2027 to be ahead of Q2 2027 renewal rush.,D365
Reeshav Automobiles Pvt. Ltd.,CRISIL,Fund based financial facility/instrument,B,2026-04-28,61,LOW (<90 days),Oct 2026,Jan 2027,Apr 2027,Apr 2027,3.75,Automobiles,Standard,"INC since Apr 2026 (61 days). MEDIUM by Oct 2026, HOT by Jan 2027, ULTRA HOT by Apr 2027.",Your Fund based financial facility/instrument at CRISIL hits ULTRA HOT in Apr 2027. Start ACER process by Jan 2027 to be ahead of Q2 2027 renewal rush.,D365
Reeshav Automobiles Pvt. Ltd.,CRISIL,Long term Loans,B,2026-04-28,61,LOW (<90 days),Oct 2026,Jan 2027,Apr 2027,Apr 2027,11.1,Automobiles,Standard,"INC since Apr 2026 (61 days). MEDIUM by Oct 2026, HOT by Jan 2027, ULTRA HOT by Apr 2027.",Your Long term Loans at CRISIL hits ULTRA HOT in Apr 2027. Start ACER process by Jan 2027 to be ahead of Q2 2027 renewal rush.,D365
Regent Granito India Ltd.,ICRA,Non-fund-based financial facility/instrument,D,2026-04-24,65,LOW (<90 days),Oct 2026,Jan 2027,Apr 2027,Apr 2027,15.03,Other,Standard,"INC since Apr 2026 (65 days). MEDIUM by Oct 2026, HOT by Jan 2027, ULTRA HOT by Apr 2027.",Your Non-fund-based financial facility/instrument at ICRA hits ULTRA HOT in Apr 2027. Start ACER process by Jan 2027 to be ahead of Q2 2027 renewal rush.,D365
Regent Granito India Ltd.,ICRA,Term loans,D,2026-04-24,65,LOW (<90 days),Oct 2026,Jan 2027,Apr 2027,Apr 2027,5.33,Other,Standard,"INC since Apr 2026 (65 days). MEDIUM by Oct 2026, HOT by Jan 2027, ULTRA HOT by Apr 2027.",Your Term loans at ICRA hits ULTRA HOT in Apr 2027. Start ACER process by Jan 2027 to be ahead of Q2 2027 renewal rush.,D365
Regrow Biosciences Pvt. Ltd.,IND-RA,Non-government debt,B-/A4,2026-04-02,87,LOW (<90 days),Oct 2026,Jan 2027,Apr 2027,Apr 2027,5.2,Other,NCD — SEBI License Required,"INC since Apr 2026 (87 days). MEDIUM by Oct 2026, HOT by Jan 2027, ULTRA HOT by Apr 2027.",Your Non-government debt at IND-RA hits ULTRA HOT in Apr 2027. Start ACER process by Jan 2027 to be ahead of Q2 2027 renewal rush.,D365
Relemac Technologies Pvt. Ltd.,CARE,Bank Guarantee,A 4,2026-04-10,79,LOW (<90 days),Oct 2026,Jan 2027,Apr 2027,Apr 2027,2.5,IT/Technology,Standard,"INC since Apr 2026 (79 days). MEDIUM by Oct 2026, HOT by Jan 2027, ULTRA HOT by Apr 2027.",Your Bank Guarantee at CARE hits ULTRA HOT in Apr 2027. Start ACER process by Jan 2027 to be ahead of Q2 2027 renewal rush.,D365
Relemac Technologies Pvt. Ltd.,CARE,Letter Of credit,A 4,2026-04-10,79,LOW (<90 days),Oct 2026,Jan 2027,Apr 2027,Apr 2027,2.5,IT/Technology,Standard,"INC since Apr 2026 (79 days). MEDIUM by Oct 2026, HOT by Jan 2027, ULTRA HOT by Apr 2027.",Your Letter Of credit at CARE hits ULTRA HOT in Apr 2027. Start ACER process by Jan 2027 to be ahead of Q2 2027 renewal rush.,D365
Relemac Technologies Pvt. Ltd.,CARE,Non-government debt,A 4,2026-04-10,79,LOW (<90 days),Oct 2026,Jan 2027,Apr 2027,Apr 2027,8.5,IT/Technology,NCD — SEBI License Required,"INC since Apr 2026 (79 days). MEDIUM by Oct 2026, HOT by Jan 2027, ULTRA HOT by Apr 2027.",Your Non-government debt at CARE hits ULTRA HOT in Apr 2027. Start ACER process by Jan 2027 to be ahead of Q2 2027 renewal rush.,D365
Relemac Technologies Pvt. Ltd.,CARE,Term loans,B-,2026-04-10,79,LOW (<90 days),Oct 2026,Jan 2027,Apr 2027,Apr 2027,0.06,IT/Technology,Standard,"INC since Apr 2026 (79 days). MEDIUM by Oct 2026, HOT by Jan 2027, ULTRA HOT by Apr 2027.",Your Term loans at CARE hits ULTRA HOT in Apr 2027. Start ACER process by Jan 2027 to be ahead of Q2 2027 renewal rush.,D365
Reliable Hitech Infrastructure Pvt. Ltd.,CRISIL,Bank Guarantee,A 4,2026-04-28,61,LOW (<90 days),Oct 2026,Jan 2027,Apr 2027,Apr 2027,13.0,Construction/Infra,Standard,"INC since Apr 2026 (61 days). MEDIUM by Oct 2026, HOT by Jan 2027, ULTRA HOT by Apr 2027.",Your Bank Guarantee at CRISIL hits ULTRA HOT in Apr 2027. Start ACER process by Jan 2027 to be ahead of Q2 2027 renewal rush.,D365
Renaatus Projects Pvt. Ltd.,CRISIL,Bank Guarantee,A 4,2026-04-23,66,LOW (<90 days),Oct 2026,Jan 2027,Apr 2027,Apr 2027,217.0,Other,Standard,"INC since Apr 2026 (66 days). MEDIUM by Oct 2026, HOT by Jan 2027, ULTRA HOT by Apr 2027.",Your Bank Guarantee at CRISIL hits ULTRA HOT in Apr 2027. Start ACER process by Jan 2027 to be ahead of Q2 2027 renewal rush.,D365
Renaatus Projects Pvt. Ltd.,CRISIL,Letter Of credit,A 4,2026-04-23,66,LOW (<90 days),Oct 2026,Jan 2027,Apr 2027,Apr 2027,20.0,Other,Standard,"INC since Apr 2026 (66 days). MEDIUM by Oct 2026, HOT by Jan 2027, ULTRA HOT by Apr 2027.",Your Letter Of credit at CRISIL hits ULTRA HOT in Apr 2027. Start ACER process by Jan 2027 to be ahead of Q2 2027 renewal rush.,D365
Richfield Fertilisers Ltd.,CRISIL,Letter Of credit,A 4,2026-04-30,59,LOW (<90 days),Oct 2026,Jan 2027,Apr 2027,Apr 2027,2.75,Other,Standard,"INC since Apr 2026 (59 days). MEDIUM by Oct 2026, HOT by Jan 2027, ULTRA HOT by Apr 2027.",Your Letter Of credit at CRISIL hits ULTRA HOT in Apr 2027. Start ACER process by Jan 2027 to be ahead of Q2 2027 renewal rush.,D365
Right Tight Fastners Pvt. Ltd.,CRISIL,Letter Of credit,A 4,2026-04-29,60,LOW (<90 days),Oct 2026,Jan 2027,Apr 2027,Apr 2027,6.0,Other,Standard,"INC since Apr 2026 (60 days). MEDIUM by Oct 2026, HOT by Jan 2027, ULTRA HOT by Apr 2027.",Your Letter Of credit at CRISIL hits ULTRA HOT in Apr 2027. Start ACER process by Jan 2027 to be ahead of Q2 2027 renewal rush.,D365
Right Tight Fastners Pvt. Ltd.,CRISIL,Long term Loans,B,2026-04-29,60,LOW (<90 days),Oct 2026,Jan 2027,Apr 2027,Apr 2027,406.52,Other,Standard,"INC since Apr 2026 (60 days). MEDIUM by Oct 2026, HOT by Jan 2027, ULTRA HOT by Apr 2027.",Your Long term Loans at CRISIL hits ULTRA HOT in Apr 2027. Start ACER process by Jan 2027 to be ahead of Q2 2027 renewal rush.,D365
Right Tight Fastners Pvt. Ltd.,CRISIL,Term loans,B,2026-04-29,60,LOW (<90 days),Oct 2026,Jan 2027,Apr 2027,Apr 2027,22.98,Other,Standard,"INC since Apr 2026 (60 days). MEDIUM by Oct 2026, HOT by Jan 2027, ULTRA HOT by Apr 2027.",Your Term loans at CRISIL hits ULTRA HOT in Apr 2027. Start ACER process by Jan 2027 to be ahead of Q2 2027 renewal rush.,D365
Rikhabchand Sohanlall Ltd.,CRISIL,Letter Of credit,A 4,2026-04-29,60,LOW (<90 days),Oct 2026,Jan 2027,Apr 2027,Apr 2027,5.0,Other,Standard,"INC since Apr 2026 (60 days). MEDIUM by Oct 2026, HOT by Jan 2027, ULTRA HOT by Apr 2027.",Your Letter Of credit at CRISIL hits ULTRA HOT in Apr 2027. Start ACER process by Jan 2027 to be ahead of Q2 2027 renewal rush.,D365
Rishabh Metals & Chemicals Pvt. Ltd.,ACUITE,Letter Of credit,A 4+,2026-04-29,60,LOW (<90 days),Oct 2026,Jan 2027,Apr 2027,Apr 2027,7.0,Steel & Metals,Standard,"INC since Apr 2026 (60 days). MEDIUM by Oct 2026, HOT by Jan 2027, ULTRA HOT by Apr 2027.",Your Letter Of credit at ACUITE hits ULTRA HOT in Apr 2027. Start ACER process by Jan 2027 to be ahead of Q2 2027 renewal rush.,D365
Rishabh Metals & Chemicals Pvt. Ltd.,ACUITE,Long term Loans,BB,2026-04-29,60,LOW (<90 days),Oct 2026,Jan 2027,Apr 2027,Apr 2027,9.0,Steel & Metals,Standard,"INC since Apr 2026 (60 days). MEDIUM by Oct 2026, HOT by Jan 2027, ULTRA HOT by Apr 2027.",Your Long term Loans at ACUITE hits ULTRA HOT in Apr 2027. Start ACER process by Jan 2027 to be ahead of Q2 2027 renewal rush.,D365
Rishi Auto Sales Pvt. Ltd.,BRICKWORK,Fund based financial facility/instrument,C,2026-04-10,79,LOW (<90 days),Oct 2026,Jan 2027,Apr 2027,Apr 2027,12.0,Automobiles,Standard,"INC since Apr 2026 (79 days). MEDIUM by Oct 2026, HOT by Jan 2027, ULTRA HOT by Apr 2027.",Your Fund based financial facility/instrument at BRICKWORK hits ULTRA HOT in Apr 2027. Start ACER process by Jan 2027 to be ahead of Q2 2027 renewal rush.,D365
Rockdrill Projects Pvt. Ltd.,CARE,Bank Guarantee,A 4,2026-04-22,67,LOW (<90 days),Oct 2026,Jan 2027,Apr 2027,Apr 2027,32.0,Other,Standard,"INC since Apr 2026 (67 days). MEDIUM by Oct 2026, HOT by Jan 2027, ULTRA HOT by Apr 2027.",Your Bank Guarantee at CARE hits ULTRA HOT in Apr 2027. Start ACER process by Jan 2027 to be ahead of Q2 2027 renewal rush.,D365
Rohan Dyes & Intermediates Ltd.,BRICKWORK,Bank Guarantee,A 4,2026-04-02,87,LOW (<90 days),Oct 2026,Jan 2027,Apr 2027,Apr 2027,0.0,Other,Standard,"INC since Apr 2026 (87 days). MEDIUM by Oct 2026, HOT by Jan 2027, ULTRA HOT by Apr 2027.",Your Bank Guarantee at BRICKWORK hits ULTRA HOT in Apr 2027. Start ACER process by Jan 2027 to be ahead of Q2 2027 renewal rush.,D365
Rohan Dyes & Intermediates Ltd.,BRICKWORK,Letter Of credit,A 4,2026-04-02,87,LOW (<90 days),Oct 2026,Jan 2027,Apr 2027,Apr 2027,4.0,Other,Standard,"INC since Apr 2026 (87 days). MEDIUM by Oct 2026, HOT by Jan 2027, ULTRA HOT by Apr 2027.",Your Letter Of credit at BRICKWORK hits ULTRA HOT in Apr 2027. Start ACER process by Jan 2027 to be ahead of Q2 2027 renewal rush.,D365
Rohan Dyes & Intermediates Ltd.,BRICKWORK,Non-fund-based financial facility/instrument,A 4,2026-04-02,87,LOW (<90 days),Oct 2026,Jan 2027,Apr 2027,Apr 2027,0.25,Other,Standard,"INC since Apr 2026 (87 days). MEDIUM by Oct 2026, HOT by Jan 2027, ULTRA HOT by Apr 2027.",Your Non-fund-based financial facility/instrument at BRICKWORK hits ULTRA HOT in Apr 2027. Start ACER process by Jan 2027 to be ahead of Q2 2027 renewal rush.,D365
Rohan Dyes & Intermediates Ltd.,ACUITE,Letter Of credit,A 4,2026-04-24,65,LOW (<90 days),Oct 2026,Jan 2027,Apr 2027,Apr 2027,4.0,Other,Standard,"INC since Apr 2026 (65 days). MEDIUM by Oct 2026, HOT by Jan 2027, ULTRA HOT by Apr 2027.",Your Letter Of credit at ACUITE hits ULTRA HOT in Apr 2027. Start ACER process by Jan 2027 to be ahead of Q2 2027 renewal rush.,D365
Rohan Dyes & Intermediates Ltd.,ACUITE,Short-term loan,A 4,2026-04-24,65,LOW (<90 days),Oct 2026,Jan 2027,Apr 2027,Apr 2027,0.25,Other,Standard,"INC since Apr 2026 (65 days). MEDIUM by Oct 2026, HOT by Jan 2027, ULTRA HOT by Apr 2027.",Your Short-term loan at ACUITE hits ULTRA HOT in Apr 2027. Start ACER process by Jan 2027 to be ahead of Q2 2027 renewal rush.,D365
Rohan Dyes & Intermediates Ltd.,ACUITE,Term loans,C,2026-04-24,65,LOW (<90 days),Oct 2026,Jan 2027,Apr 2027,Apr 2027,32.0,Other,Standard,"INC since Apr 2026 (65 days). MEDIUM by Oct 2026, HOT by Jan 2027, ULTRA HOT by Apr 2027.",Your Term loans at ACUITE hits ULTRA HOT in Apr 2027. Start ACER process by Jan 2027 to be ahead of Q2 2027 renewal rush.,D365
Rolex Processors Pvt. Ltd.,CARE,Term loans,B-,2026-04-15,74,LOW (<90 days),Oct 2026,Jan 2027,Apr 2027,Apr 2027,25.17,Other,Standard,"INC since Apr 2026 (74 days). MEDIUM by Oct 2026, HOT by Jan 2027, ULTRA HOT by Apr 2027.",Your Term loans at CARE hits ULTRA HOT in Apr 2027. Start ACER process by Jan 2027 to be ahead of Q2 2027 renewal rush.,D365
Ronch Polymers Pvt. Ltd.,CARE,Bank Guarantee,A 2,2026-04-10,79,LOW (<90 days),Oct 2026,Jan 2027,Apr 2027,Apr 2027,21.5,Other,Standard,"INC since Apr 2026 (79 days). MEDIUM by Oct 2026, HOT by Jan 2027, ULTRA HOT by Apr 2027.",Your Bank Guarantee at CARE hits ULTRA HOT in Apr 2027. Start ACER process by Jan 2027 to be ahead of Q2 2027 renewal rush.,D365
Ronch Polymers Pvt. Ltd.,CARE,Bank Guarantee,A 2,2026-04-10,79,LOW (<90 days),Oct 2026,Jan 2027,Apr 2027,Apr 2027,5.15,Other,Standard,"INC since Apr 2026 (79 days). MEDIUM by Oct 2026, HOT by Jan 2027, ULTRA HOT by Apr 2027.",Your Bank Guarantee at CARE hits ULTRA HOT in Apr 2027. Start ACER process by Jan 2027 to be ahead of Q2 2027 renewal rush.,D365
Ronch Polymers Pvt. Ltd.,CARE,Term loans,BBB+,2026-04-10,79,LOW (<90 days),Oct 2026,Jan 2027,Apr 2027,Apr 2027,0.0,Other,Standard,"INC since Apr 2026 (79 days). MEDIUM by Oct 2026, HOT by Jan 2027, ULTRA HOT by Apr 2027.",Your Term loans at CARE hits ULTRA HOT in Apr 2027. Start ACER process by Jan 2027 to be ahead of Q2 2027 renewal rush.,D365
Rudra Ecovation Ltd.,CARE,Letter Of credit,D,2026-04-17,72,LOW (<90 days),Oct 2026,Jan 2027,Apr 2027,Apr 2027,5.0,Other,Standard,"INC since Apr 2026 (72 days). MEDIUM by Oct 2026, HOT by Jan 2027, ULTRA HOT by Apr 2027.",Your Letter Of credit at CARE hits ULTRA HOT in Apr 2027. Start ACER process by Jan 2027 to be ahead of Q2 2027 renewal rush.,D365
Rudra Ecovation Ltd.,CARE,Term loans,D,2026-04-17,72,LOW (<90 days),Oct 2026,Jan 2027,Apr 2027,Apr 2027,7.0,Other,Standard,"INC since Apr 2026 (72 days). MEDIUM by Oct 2026, HOT by Jan 2027, ULTRA HOT by Apr 2027.",Your Term loans at CARE hits ULTRA HOT in Apr 2027. Start ACER process by Jan 2027 to be ahead of Q2 2027 renewal rush.,D365
S B W Udyog Ltd.,CARE,Bank Guarantee,A 4,2026-04-09,80,LOW (<90 days),Oct 2026,Jan 2027,Apr 2027,Apr 2027,5.0,Other,Standard,"INC since Apr 2026 (80 days). MEDIUM by Oct 2026, HOT by Jan 2027, ULTRA HOT by Apr 2027.",Your Bank Guarantee at CARE hits ULTRA HOT in Apr 2027. Start ACER process by Jan 2027 to be ahead of Q2 2027 renewal rush.,D365
S B W Udyog Ltd.,CARE,Term loans,BB-,2026-04-09,80,LOW (<90 days),Oct 2026,Jan 2027,Apr 2027,Apr 2027,13.1,Other,Standard,"INC since Apr 2026 (80 days). MEDIUM by Oct 2026, HOT by Jan 2027, ULTRA HOT by Apr 2027.",Your Term loans at CARE hits ULTRA HOT in Apr 2027. Start ACER process by Jan 2027 to be ahead of Q2 2027 renewal rush.,D365
S C T Ltd.,IND-RA,Non-government debt,B-/A4,2026-04-02,87,LOW (<90 days),Oct 2026,Jan 2027,Apr 2027,Apr 2027,15.0,Other,NCD — SEBI License Required,"INC since Apr 2026 (87 days). MEDIUM by Oct 2026, HOT by Jan 2027, ULTRA HOT by Apr 2027.",Your Non-government debt at IND-RA hits ULTRA HOT in Apr 2027. Start ACER process by Jan 2027 to be ahead of Q2 2027 renewal rush.,D365
S D M Projects Pvt. Ltd.,IND-RA,Non-government debt,B-/A4,2026-04-02,87,LOW (<90 days),Oct 2026,Jan 2027,Apr 2027,Apr 2027,7.0,Other,NCD — SEBI License Required,"INC since Apr 2026 (87 days). MEDIUM by Oct 2026, HOT by Jan 2027, ULTRA HOT by Apr 2027.",Your Non-government debt at IND-RA hits ULTRA HOT in Apr 2027. Start ACER process by Jan 2027 to be ahead of Q2 2027 renewal rush.,D365
S J B Automobiles Pvt. Ltd.,ACUITE,Bank Guarantee,A 4,2026-04-14,75,LOW (<90 days),Oct 2026,Jan 2027,Apr 2027,Apr 2027,6.05,Automobiles,Standard,"INC since Apr 2026 (75 days). MEDIUM by Oct 2026, HOT by Jan 2027, ULTRA HOT by Apr 2027.",Your Bank Guarantee at ACUITE hits ULTRA HOT in Apr 2027. Start ACER process by Jan 2027 to be ahead of Q2 2027 renewal rush.,D365
S J B Automobiles Pvt. Ltd.,ACUITE,Term loans,B-,2026-04-14,75,LOW (<90 days),Oct 2026,Jan 2027,Apr 2027,Apr 2027,3.0,Automobiles,Standard,"INC since Apr 2026 (75 days). MEDIUM by Oct 2026, HOT by Jan 2027, ULTRA HOT by Apr 2027.",Your Term loans at ACUITE hits ULTRA HOT in Apr 2027. Start ACER process by Jan 2027 to be ahead of Q2 2027 renewal rush.,D365
S J S Healthcare Ltd.,CRISIL,Long term Loans,BB-,2026-04-14,75,LOW (<90 days),Oct 2026,Jan 2027,Apr 2027,Apr 2027,20.0,Healthcare,Standard,"INC since Apr 2026 (75 days). MEDIUM by Oct 2026, HOT by Jan 2027, ULTRA HOT by Apr 2027.",Your Long term Loans at CRISIL hits ULTRA HOT in Apr 2027. Start ACER process by Jan 2027 to be ahead of Q2 2027 renewal rush.,D365
S J S Healthcare Ltd.,CRISIL,Long term Loans,BB-,2026-04-14,75,LOW (<90 days),Oct 2026,Jan 2027,Apr 2027,Apr 2027,5.0,Healthcare,Standard,"INC since Apr 2026 (75 days). MEDIUM by Oct 2026, HOT by Jan 2027, ULTRA HOT by Apr 2027.",Your Long term Loans at CRISIL hits ULTRA HOT in Apr 2027. Start ACER process by Jan 2027 to be ahead of Q2 2027 renewal rush.,D365
S K S Power Generation (Chhattisgarh) Ltd.,ICRA,Non-fund-based financial facility/instrument,D,2026-04-02,87,LOW (<90 days),Oct 2026,Jan 2027,Apr 2027,Apr 2027,535.0,Energy/Power,Standard,"INC since Apr 2026 (87 days). MEDIUM by Oct 2026, HOT by Jan 2027, ULTRA HOT by Apr 2027.",Your Non-fund-based financial facility/instrument at ICRA hits ULTRA HOT in Apr 2027. Start ACER process by Jan 2027 to be ahead of Q2 2027 renewal rush.,D365
S K S Power Generation (Chhattisgarh) Ltd.,ICRA,Term loans,D,2026-04-02,87,LOW (<90 days),Oct 2026,Jan 2027,Apr 2027,Apr 2027,1600.0,Energy/Power,Standard,"INC since Apr 2026 (87 days). MEDIUM by Oct 2026, HOT by Jan 2027, ULTRA HOT by Apr 2027.",Your Term loans at ICRA hits ULTRA HOT in Apr 2027. Start ACER process by Jan 2027 to be ahead of Q2 2027 renewal rush.,D365
S K Translines Pvt. Ltd.,IND-RA,Non-government debt,B-/A4,2026-04-02,87,LOW (<90 days),Oct 2026,Jan 2027,Apr 2027,Apr 2027,10.33,Other,NCD — SEBI License Required,"INC since Apr 2026 (87 days). MEDIUM by Oct 2026, HOT by Jan 2027, ULTRA HOT by Apr 2027.",Your Non-government debt at IND-RA hits ULTRA HOT in Apr 2027. Start ACER process by Jan 2027 to be ahead of Q2 2027 renewal rush.,D365
S M Interior Pvt. Ltd.,CARE,Bank Guarantee,D,2026-04-28,61,LOW (<90 days),Oct 2026,Jan 2027,Apr 2027,Apr 2027,30.0,Other,Standard,"INC since Apr 2026 (61 days). MEDIUM by Oct 2026, HOT by Jan 2027, ULTRA HOT by Apr 2027.",Your Bank Guarantee at CARE hits ULTRA HOT in Apr 2027. Start ACER process by Jan 2027 to be ahead of Q2 2027 renewal rush.,D365
S M Interior Pvt. Ltd.,CARE,Term loans,D,2026-04-28,61,LOW (<90 days),Oct 2026,Jan 2027,Apr 2027,Apr 2027,2.0,Other,Standard,"INC since Apr 2026 (61 days). MEDIUM by Oct 2026, HOT by Jan 2027, ULTRA HOT by Apr 2027.",Your Term loans at CARE hits ULTRA HOT in Apr 2027. Start ACER process by Jan 2027 to be ahead of Q2 2027 renewal rush.,D365
S M Interior Pvt. Ltd.,CRISIL,Bank Guarantee,D,2026-04-29,60,LOW (<90 days),Oct 2026,Jan 2027,Apr 2027,Apr 2027,2.7,Other,Standard,"INC since Apr 2026 (60 days). MEDIUM by Oct 2026, HOT by Jan 2027, ULTRA HOT by Apr 2027.",Your Bank Guarantee at CRISIL hits ULTRA HOT in Apr 2027. Start ACER process by Jan 2027 to be ahead of Q2 2027 renewal rush.,D365
S M Interior Pvt. Ltd.,CRISIL,Fund based financial facility/instrument,D,2026-04-29,60,LOW (<90 days),Oct 2026,Jan 2027,Apr 2027,Apr 2027,0.3,Other,Standard,"INC since Apr 2026 (60 days). MEDIUM by Oct 2026, HOT by Jan 2027, ULTRA HOT by Apr 2027.",Your Fund based financial facility/instrument at CRISIL hits ULTRA HOT in Apr 2027. Start ACER process by Jan 2027 to be ahead of Q2 2027 renewal rush.,D365
S M J Eximp Ltd.,CRISIL,Bank Guarantee,A 4,2026-04-28,61,LOW (<90 days),Oct 2026,Jan 2027,Apr 2027,Apr 2027,10.0,Other,Standard,"INC since Apr 2026 (61 days). MEDIUM by Oct 2026, HOT by Jan 2027, ULTRA HOT by Apr 2027.",Your Bank Guarantee at CRISIL hits ULTRA HOT in Apr 2027. Start ACER process by Jan 2027 to be ahead of Q2 2027 renewal rush.,D365
S M J Eximp Ltd.,CRISIL,Letter Of credit,A 4,2026-04-28,61,LOW (<90 days),Oct 2026,Jan 2027,Apr 2027,Apr 2027,40.0,Other,Standard,"INC since Apr 2026 (61 days). MEDIUM by Oct 2026, HOT by Jan 2027, ULTRA HOT by Apr 2027.",Your Letter Of credit at CRISIL hits ULTRA HOT in Apr 2027. Start ACER process by Jan 2027 to be ahead of Q2 2027 renewal rush.,D365
S N S Infracon Pvt. Ltd.,CRISIL,Bank Guarantee,A 4,2026-04-09,80,LOW (<90 days),Oct 2026,Jan 2027,Apr 2027,Apr 2027,32.5,Construction/Infra,Standard,"INC since Apr 2026 (80 days). MEDIUM by Oct 2026, HOT by Jan 2027, ULTRA HOT by Apr 2027.",Your Bank Guarantee at CRISIL hits ULTRA HOT in Apr 2027. Start ACER process by Jan 2027 to be ahead of Q2 2027 renewal rush.,D365
S O W I L Ltd.,IND-RA,Non-government debt,B-/A4,2026-04-02,87,LOW (<90 days),Oct 2026,Jan 2027,Apr 2027,Apr 2027,8.04,Other,NCD — SEBI License Required,"INC since Apr 2026 (87 days). MEDIUM by Oct 2026, HOT by Jan 2027, ULTRA HOT by Apr 2027.",Your Non-government debt at IND-RA hits ULTRA HOT in Apr 2027. Start ACER process by Jan 2027 to be ahead of Q2 2027 renewal rush.,D365
S P G Multi Trade Pvt. Ltd.,ACUITE,Letter Of credit,D,2026-04-06,83,LOW (<90 days),Oct 2026,Jan 2027,Apr 2027,Apr 2027,50.0,Other,Standard,"INC since Apr 2026 (83 days). MEDIUM by Oct 2026, HOT by Jan 2027, ULTRA HOT by Apr 2027.",Your Letter Of credit at ACUITE hits ULTRA HOT in Apr 2027. Start ACER process by Jan 2027 to be ahead of Q2 2027 renewal rush.,D365
S P G V Petrochem (India) Pvt. Ltd.,CARE,Non-government debt,D,2026-04-13,76,LOW (<90 days),Oct 2026,Jan 2027,Apr 2027,Apr 2027,20.0,Chemicals/Pharma,NCD — SEBI License Required,"INC since Apr 2026 (76 days). MEDIUM by Oct 2026, HOT by Jan 2027, ULTRA HOT by Apr 2027.",Your Non-government debt at CARE hits ULTRA HOT in Apr 2027. Start ACER process by Jan 2027 to be ahead of Q2 2027 renewal rush.,D365
S P G V Petrochem (India) Pvt. Ltd.,CARE,Non-government debt,D,2026-04-13,76,LOW (<90 days),Oct 2026,Jan 2027,Apr 2027,Apr 2027,4.8,Chemicals/Pharma,NCD — SEBI License Required,"INC since Apr 2026 (76 days). MEDIUM by Oct 2026, HOT by Jan 2027, ULTRA HOT by Apr 2027.",Your Non-government debt at CARE hits ULTRA HOT in Apr 2027. Start ACER process by Jan 2027 to be ahead of Q2 2027 renewal rush.,D365
S Pal Enterprises Pvt. Ltd.,CARE,Bank Guarantee,A 4,2026-04-23,66,LOW (<90 days),Oct 2026,Jan 2027,Apr 2027,Apr 2027,5.5,Other,Standard,"INC since Apr 2026 (66 days). MEDIUM by Oct 2026, HOT by Jan 2027, ULTRA HOT by Apr 2027.",Your Bank Guarantee at CARE hits ULTRA HOT in Apr 2027. Start ACER process by Jan 2027 to be ahead of Q2 2027 renewal rush.,D365
S Pal Enterprises Pvt. Ltd.,CARE,Letter Of credit,A 4,2026-04-23,66,LOW (<90 days),Oct 2026,Jan 2027,Apr 2027,Apr 2027,5.0,Other,Standard,"INC since Apr 2026 (66 days). MEDIUM by Oct 2026, HOT by Jan 2027, ULTRA HOT by Apr 2027.",Your Letter Of credit at CARE hits ULTRA HOT in Apr 2027. Start ACER process by Jan 2027 to be ahead of Q2 2027 renewal rush.,D365
S Pal Enterprises Pvt. Ltd.,CARE,Term loans,B-,2026-04-23,66,LOW (<90 days),Oct 2026,Jan 2027,Apr 2027,Apr 2027,2.69,Other,Standard,"INC since Apr 2026 (66 days). MEDIUM by Oct 2026, HOT by Jan 2027, ULTRA HOT by Apr 2027.",Your Term loans at CARE hits ULTRA HOT in Apr 2027. Start ACER process by Jan 2027 to be ahead of Q2 2027 renewal rush.,D365
S R Foils & Tissue Ltd.,CRISIL,Letter Of credit,D,2026-04-30,59,LOW (<90 days),Oct 2026,Jan 2027,Apr 2027,Apr 2027,120.0,Agro/Food,Standard,"INC since Apr 2026 (59 days). MEDIUM by Oct 2026, HOT by Jan 2027, ULTRA HOT by Apr 2027.",Your Letter Of credit at CRISIL hits ULTRA HOT in Apr 2027. Start ACER process by Jan 2027 to be ahead of Q2 2027 renewal rush.,D365
S R Foils & Tissue Ltd.,CRISIL,Term loans,D,2026-04-30,59,LOW (<90 days),Oct 2026,Jan 2027,Apr 2027,Apr 2027,76.0,Agro/Food,Standard,"INC since Apr 2026 (59 days). MEDIUM by Oct 2026, HOT by Jan 2027, ULTRA HOT by Apr 2027.",Your Term loans at CRISIL hits ULTRA HOT in Apr 2027. Start ACER process by Jan 2027 to be ahead of Q2 2027 renewal rush.,D365
S R M Power Pvt. Ltd.,IND-RA,Term loans,D,2026-04-02,87,LOW (<90 days),Oct 2026,Jan 2027,Apr 2027,Apr 2027,22.72,Energy/Power,Standard,"INC since Apr 2026 (87 days). MEDIUM by Oct 2026, HOT by Jan 2027, ULTRA HOT by Apr 2027.",Your Term loans at IND-RA hits ULTRA HOT in Apr 2027. Start ACER process by Jan 2027 to be ahead of Q2 2027 renewal rush.,D365
S S Agri Business Pvt. Ltd.,CARE,Term loans,B-,2026-04-13,76,LOW (<90 days),Oct 2026,Jan 2027,Apr 2027,Apr 2027,5.93,Other,Standard,"INC since Apr 2026 (76 days). MEDIUM by Oct 2026, HOT by Jan 2027, ULTRA HOT by Apr 2027.",Your Term loans at CARE hits ULTRA HOT in Apr 2027. Start ACER process by Jan 2027 to be ahead of Q2 2027 renewal rush.,D365
S S Chauhans Construction Pvt. Ltd.,BRICKWORK,Bank Guarantee,A 4,2026-04-07,82,LOW (<90 days),Oct 2026,Jan 2027,Apr 2027,Apr 2027,7.0,Construction/Infra,Standard,"INC since Apr 2026 (82 days). MEDIUM by Oct 2026, HOT by Jan 2027, ULTRA HOT by Apr 2027.",Your Bank Guarantee at BRICKWORK hits ULTRA HOT in Apr 2027. Start ACER process by Jan 2027 to be ahead of Q2 2027 renewal rush.,D365
S S Chauhans Construction Pvt. Ltd.,BRICKWORK,Term loans,C,2026-04-07,82,LOW (<90 days),Oct 2026,Jan 2027,Apr 2027,Apr 2027,1.48,Construction/Infra,Standard,"INC since Apr 2026 (82 days). MEDIUM by Oct 2026, HOT by Jan 2027, ULTRA HOT by Apr 2027.",Your Term loans at BRICKWORK hits ULTRA HOT in Apr 2027. Start ACER process by Jan 2027 to be ahead of Q2 2027 renewal rush.,D365
S S Civil Construction Pvt. Ltd.,CRISIL,Bank Guarantee,A 4,2026-04-30,59,LOW (<90 days),Oct 2026,Jan 2027,Apr 2027,Apr 2027,6.0,Construction/Infra,Standard,"INC since Apr 2026 (59 days). MEDIUM by Oct 2026, HOT by Jan 2027, ULTRA HOT by Apr 2027.",Your Bank Guarantee at CRISIL hits ULTRA HOT in Apr 2027. Start ACER process by Jan 2027 to be ahead of Q2 2027 renewal rush.,D365
S S Fruits Intl. Pvt. Ltd.,BRICKWORK,Letter Of credit,A 4,2026-04-10,79,LOW (<90 days),Oct 2026,Jan 2027,Apr 2027,Apr 2027,10.5,Other,Standard,"INC since Apr 2026 (79 days). MEDIUM by Oct 2026, HOT by Jan 2027, ULTRA HOT by Apr 2027.",Your Letter Of credit at BRICKWORK hits ULTRA HOT in Apr 2027. Start ACER process by Jan 2027 to be ahead of Q2 2027 renewal rush.,D365
S S G Pharma Pvt. Ltd.,ACUITE,Term loans,B-,2026-04-10,79,LOW (<90 days),Oct 2026,Jan 2027,Apr 2027,Apr 2027,7.0,Chemicals/Pharma,Standard,"INC since Apr 2026 (79 days). MEDIUM by Oct 2026, HOT by Jan 2027, ULTRA HOT by Apr 2027.",Your Term loans at ACUITE hits ULTRA HOT in Apr 2027. Start ACER process by Jan 2027 to be ahead of Q2 2027 renewal rush.,D365
S S G Pharma Pvt. Ltd.,CRISIL,Long term Loans,B,2026-04-30,59,LOW (<90 days),Oct 2026,Jan 2027,Apr 2027,Apr 2027,10.4,Chemicals/Pharma,Standard,"INC since Apr 2026 (59 days). MEDIUM by Oct 2026, HOT by Jan 2027, ULTRA HOT by Apr 2027.",Your Long term Loans at CRISIL hits ULTRA HOT in Apr 2027. Start ACER process by Jan 2027 to be ahead of Q2 2027 renewal rush.,D365
S S K Infotech Pvt. Ltd.,ACUITE,Term loans,D,2026-04-07,82,LOW (<90 days),Oct 2026,Jan 2027,Apr 2027,Apr 2027,15.0,IT/Technology,Standard,"INC since Apr 2026 (82 days). MEDIUM by Oct 2026, HOT by Jan 2027, ULTRA HOT by Apr 2027.",Your Term loans at ACUITE hits ULTRA HOT in Apr 2027. Start ACER process by Jan 2027 to be ahead of Q2 2027 renewal rush.,D365
S S V Spinners Pvt. Ltd.,IND-RA,Non-government debt,B-/A4,2026-04-02,87,LOW (<90 days),Oct 2026,Jan 2027,Apr 2027,Apr 2027,30.7,Other,NCD — SEBI License Required,"INC since Apr 2026 (87 days). MEDIUM by Oct 2026, HOT by Jan 2027, ULTRA HOT by Apr 2027.",Your Non-government debt at IND-RA hits ULTRA HOT in Apr 2027. Start ACER process by Jan 2027 to be ahead of Q2 2027 renewal rush.,D365
S V Agro Foods Pvt. Ltd.,BRICKWORK,Term loans,C,2026-04-07,82,LOW (<90 days),Oct 2026,Jan 2027,Apr 2027,Apr 2027,2.39,Agro/Food,Standard,"INC since Apr 2026 (82 days). MEDIUM by Oct 2026, HOT by Jan 2027, ULTRA HOT by Apr 2027.",Your Term loans at BRICKWORK hits ULTRA HOT in Apr 2027. Start ACER process by Jan 2027 to be ahead of Q2 2027 renewal rush.,D365
S V E Drilling Tools Pvt. Ltd.,CARE,Term loans,B-,2026-04-28,61,LOW (<90 days),Oct 2026,Jan 2027,Apr 2027,Apr 2027,10.0,Other,Standard,"INC since Apr 2026 (61 days). MEDIUM by Oct 2026, HOT by Jan 2027, ULTRA HOT by Apr 2027.",Your Term loans at CARE hits ULTRA HOT in Apr 2027. Start ACER process by Jan 2027 to be ahead of Q2 2027 renewal rush.,D365
S V M Motors Pvt. Ltd.,ACUITE,Term loans,B-,2026-04-28,61,LOW (<90 days),Oct 2026,Jan 2027,Apr 2027,Apr 2027,2.65,Automobiles,Standard,"INC since Apr 2026 (61 days). MEDIUM by Oct 2026, HOT by Jan 2027, ULTRA HOT by Apr 2027.",Your Term loans at ACUITE hits ULTRA HOT in Apr 2027. Start ACER process by Jan 2027 to be ahead of Q2 2027 renewal rush.,D365
S V R Drugs Pvt. Ltd.,ICRA,Non-fund-based financial facility/instrument,B+,2026-04-24,65,LOW (<90 days),Oct 2026,Jan 2027,Apr 2027,Apr 2027,2.5,Chemicals/Pharma,Standard,"INC since Apr 2026 (65 days). MEDIUM by Oct 2026, HOT by Jan 2027, ULTRA HOT by Apr 2027.",Your Non-fund-based financial facility/instrument at ICRA hits ULTRA HOT in Apr 2027. Start ACER process by Jan 2027 to be ahead of Q2 2027 renewal rush.,D365
S V R Drugs Pvt. Ltd.,ICRA,Term loans,B+,2026-04-24,65,LOW (<90 days),Oct 2026,Jan 2027,Apr 2027,Apr 2027,5.48,Chemicals/Pharma,Standard,"INC since Apr 2026 (65 days). MEDIUM by Oct 2026, HOT by Jan 2027, ULTRA HOT by Apr 2027.",Your Term loans at ICRA hits ULTRA HOT in Apr 2027. Start ACER process by Jan 2027 to be ahead of Q2 2027 renewal rush.,D365
S V R Laboratories Pvt. Ltd.,ICRA,Non-fund-based financial facility/instrument,A 4,2026-04-24,65,LOW (<90 days),Oct 2026,Jan 2027,Apr 2027,Apr 2027,1.9,Other,Standard,"INC since Apr 2026 (65 days). MEDIUM by Oct 2026, HOT by Jan 2027, ULTRA HOT by Apr 2027.",Your Non-fund-based financial facility/instrument at ICRA hits ULTRA HOT in Apr 2027. Start ACER process by Jan 2027 to be ahead of Q2 2027 renewal rush.,D365
S V R Laboratories Pvt. Ltd.,ICRA,Non-government debt,B+/A4,2026-04-24,65,LOW (<90 days),Oct 2026,Jan 2027,Apr 2027,Apr 2027,5.1,Other,NCD — SEBI License Required,"INC since Apr 2026 (65 days). MEDIUM by Oct 2026, HOT by Jan 2027, ULTRA HOT by Apr 2027.",Your Non-government debt at ICRA hits ULTRA HOT in Apr 2027. Start ACER process by Jan 2027 to be ahead of Q2 2027 renewal rush.,D365
Saam Textiles Pvt. Ltd.,CRISIL,Letter Of credit,A 4,2026-04-28,61,LOW (<90 days),Oct 2026,Jan 2027,Apr 2027,Apr 2027,2.0,Textiles,Standard,"INC since Apr 2026 (61 days). MEDIUM by Oct 2026, HOT by Jan 2027, ULTRA HOT by Apr 2027.",Your Letter Of credit at CRISIL hits ULTRA HOT in Apr 2027. Start ACER process by Jan 2027 to be ahead of Q2 2027 renewal rush.,D365
Saam Textiles Pvt. Ltd.,CRISIL,Term loans,B,2026-04-28,61,LOW (<90 days),Oct 2026,Jan 2027,Apr 2027,Apr 2027,0.65,Textiles,Standard,"INC since Apr 2026 (61 days). MEDIUM by Oct 2026, HOT by Jan 2027, ULTRA HOT by Apr 2027.",Your Term loans at CRISIL hits ULTRA HOT in Apr 2027. Start ACER process by Jan 2027 to be ahead of Q2 2027 renewal rush.,D365
Sab Media Networks Pvt. Ltd.,ACUITE,Term loans,D,2026-04-24,65,LOW (<90 days),Oct 2026,Jan 2027,Apr 2027,Apr 2027,100.0,Other,Standard,"INC since Apr 2026 (65 days). MEDIUM by Oct 2026, HOT by Jan 2027, ULTRA HOT by Apr 2027.",Your Term loans at ACUITE hits ULTRA HOT in Apr 2027. Start ACER process by Jan 2027 to be ahead of Q2 2027 renewal rush.,D365
Sadbhav Vidarbha Highway Ltd.,CARE,Term loans,D,2026-04-17,72,LOW (<90 days),Oct 2026,Jan 2027,Apr 2027,Apr 2027,514.0,Construction/Infra,Standard,"INC since Apr 2026 (72 days). MEDIUM by Oct 2026, HOT by Jan 2027, ULTRA HOT by Apr 2027.",Your Term loans at CARE hits ULTRA HOT in Apr 2027. Start ACER process by Jan 2027 to be ahead of Q2 2027 renewal rush.,D365
Safal Flexibond Pvt. Ltd.,CRISIL,Term loans,D,2026-04-28,61,LOW (<90 days),Oct 2026,Jan 2027,Apr 2027,Apr 2027,1.0,Other,Standard,"INC since Apr 2026 (61 days). MEDIUM by Oct 2026, HOT by Jan 2027, ULTRA HOT by Apr 2027.",Your Term loans at CRISIL hits ULTRA HOT in Apr 2027. Start ACER process by Jan 2027 to be ahead of Q2 2027 renewal rush.,D365
Safal Seeds & Biotech Ltd.,CRISIL,Long term Loans,B,2026-04-28,61,LOW (<90 days),Oct 2026,Jan 2027,Apr 2027,Apr 2027,2.0,Chemicals/Pharma,Standard,"INC since Apr 2026 (61 days). MEDIUM by Oct 2026, HOT by Jan 2027, ULTRA HOT by Apr 2027.",Your Long term Loans at CRISIL hits ULTRA HOT in Apr 2027. Start ACER process by Jan 2027 to be ahead of Q2 2027 renewal rush.,D365
Safe & Secure Logistic Pvt. Ltd.,CARE,Bank Guarantee,A 4,2026-04-14,75,LOW (<90 days),Oct 2026,Jan 2027,Apr 2027,Apr 2027,0.5,Logistics,Standard,"INC since Apr 2026 (75 days). MEDIUM by Oct 2026, HOT by Jan 2027, ULTRA HOT by Apr 2027.",Your Bank Guarantee at CARE hits ULTRA HOT in Apr 2027. Start ACER process by Jan 2027 to be ahead of Q2 2027 renewal rush.,D365
Saffron Lifestyle Traders Pvt. Ltd.,CRISIL,Term loans,B,2026-04-29,60,LOW (<90 days),Oct 2026,Jan 2027,Apr 2027,Apr 2027,3.0,Other,Standard,"INC since Apr 2026 (60 days). MEDIUM by Oct 2026, HOT by Jan 2027, ULTRA HOT by Apr 2027.",Your Term loans at CRISIL hits ULTRA HOT in Apr 2027. Start ACER process by Jan 2027 to be ahead of Q2 2027 renewal rush.,D365
Sahara Engineering Pvt. Ltd.,IND-RA,Non-government debt,B-/A4,2026-04-02,87,LOW (<90 days),Oct 2026,Jan 2027,Apr 2027,Apr 2027,12.25,Other,NCD — SEBI License Required,"INC since Apr 2026 (87 days). MEDIUM by Oct 2026, HOT by Jan 2027, ULTRA HOT by Apr 2027.",Your Non-government debt at IND-RA hits ULTRA HOT in Apr 2027. Start ACER process by Jan 2027 to be ahead of Q2 2027 renewal rush.,D365
Sahib Tradelinks Pvt. Ltd.,CRISIL,Bank Guarantee,A 4,2026-04-28,61,LOW (<90 days),Oct 2026,Jan 2027,Apr 2027,Apr 2027,10.0,Other,Standard,"INC since Apr 2026 (61 days). MEDIUM by Oct 2026, HOT by Jan 2027, ULTRA HOT by Apr 2027.",Your Bank Guarantee at CRISIL hits ULTRA HOT in Apr 2027. Start ACER process by Jan 2027 to be ahead of Q2 2027 renewal rush.,D365
Sahib Tradelinks Pvt. Ltd.,CRISIL,Term loans,B,2026-04-28,61,LOW (<90 days),Oct 2026,Jan 2027,Apr 2027,Apr 2027,0.25,Other,Standard,"INC since Apr 2026 (61 days). MEDIUM by Oct 2026, HOT by Jan 2027, ULTRA HOT by Apr 2027.",Your Term loans at CRISIL hits ULTRA HOT in Apr 2027. Start ACER process by Jan 2027 to be ahead of Q2 2027 renewal rush.,D365
Saiyed Paper Mills Ltd.,ACUITE,Long term Loans,D,2026-04-16,73,LOW (<90 days),Oct 2026,Jan 2027,Apr 2027,Apr 2027,0.34,Paper/Packaging,Standard,"INC since Apr 2026 (73 days). MEDIUM by Oct 2026, HOT by Jan 2027, ULTRA HOT by Apr 2027.",Your Long term Loans at ACUITE hits ULTRA HOT in Apr 2027. Start ACER process by Jan 2027 to be ahead of Q2 2027 renewal rush.,D365
Saiyed Paper Mills Ltd.,ACUITE,Term loans,D,2026-04-16,73,LOW (<90 days),Oct 2026,Jan 2027,Apr 2027,Apr 2027,5.91,Paper/Packaging,Standard,"INC since Apr 2026 (73 days). MEDIUM by Oct 2026, HOT by Jan 2027, ULTRA HOT by Apr 2027.",Your Term loans at ACUITE hits ULTRA HOT in Apr 2027. Start ACER process by Jan 2027 to be ahead of Q2 2027 renewal rush.,D365
Saka Embroidery Pvt. Ltd.,CARE,Term loans,D,2026-04-21,68,LOW (<90 days),Oct 2026,Jan 2027,Apr 2027,Apr 2027,5.58,Other,Standard,"INC since Apr 2026 (68 days). MEDIUM by Oct 2026, HOT by Jan 2027, ULTRA HOT by Apr 2027.",Your Term loans at CARE hits ULTRA HOT in Apr 2027. Start ACER process by Jan 2027 to be ahead of Q2 2027 renewal rush.,D365
Salasar Agropanel Pvt. Ltd.,IND-RA,Term loans,B-,2026-04-02,87,LOW (<90 days),Oct 2026,Jan 2027,Apr 2027,Apr 2027,12.5,Agro/Food,Standard,"INC since Apr 2026 (87 days). MEDIUM by Oct 2026, HOT by Jan 2027, ULTRA HOT by Apr 2027.",Your Term loans at IND-RA hits ULTRA HOT in Apr 2027. Start ACER process by Jan 2027 to be ahead of Q2 2027 renewal rush.,D365
Salet Seafoods Pvt. Ltd.,CRISIL,Letter Of credit,A 4,2026-04-30,59,LOW (<90 days),Oct 2026,Jan 2027,Apr 2027,Apr 2027,2.45,Agro/Food,Standard,"INC since Apr 2026 (59 days). MEDIUM by Oct 2026, HOT by Jan 2027, ULTRA HOT by Apr 2027.",Your Letter Of credit at CRISIL hits ULTRA HOT in Apr 2027. Start ACER process by Jan 2027 to be ahead of Q2 2027 renewal rush.,D365
Samay Project Services Ltd.,CRISIL,Bank Guarantee,A 4,2026-04-28,61,LOW (<90 days),Oct 2026,Jan 2027,Apr 2027,Apr 2027,6.25,Other,Standard,"INC since Apr 2026 (61 days). MEDIUM by Oct 2026, HOT by Jan 2027, ULTRA HOT by Apr 2027.",Your Bank Guarantee at CRISIL hits ULTRA HOT in Apr 2027. Start ACER process by Jan 2027 to be ahead of Q2 2027 renewal rush.,D365
Samay Project Services Ltd.,CRISIL,Long term Loans,B,2026-04-28,61,LOW (<90 days),Oct 2026,Jan 2027,Apr 2027,Apr 2027,1.65,Other,Standard,"INC since Apr 2026 (61 days). MEDIUM by Oct 2026, HOT by Jan 2027, ULTRA HOT by Apr 2027.",Your Long term Loans at CRISIL hits ULTRA HOT in Apr 2027. Start ACER process by Jan 2027 to be ahead of Q2 2027 renewal rush.,D365
Samrakshana Electricals Ltd.,CRISIL,Bank Guarantee,A 4,2026-04-10,79,LOW (<90 days),Oct 2026,Jan 2027,Apr 2027,Apr 2027,1.75,Energy/Power,Standard,"INC since Apr 2026 (79 days). MEDIUM by Oct 2026, HOT by Jan 2027, ULTRA HOT by Apr 2027.",Your Bank Guarantee at CRISIL hits ULTRA HOT in Apr 2027. Start ACER process by Jan 2027 to be ahead of Q2 2027 renewal rush.,D365
Samrakshana Electricals Ltd.,CRISIL,Letter Of credit,A 4,2026-04-10,79,LOW (<90 days),Oct 2026,Jan 2027,Apr 2027,Apr 2027,4.0,Energy/Power,Standard,"INC since Apr 2026 (79 days). MEDIUM by Oct 2026, HOT by Jan 2027, ULTRA HOT by Apr 2027.",Your Letter Of credit at CRISIL hits ULTRA HOT in Apr 2027. Start ACER process by Jan 2027 to be ahead of Q2 2027 renewal rush.,D365
Samrakshana Electricals Ltd.,CRISIL,Long term Loans,B-,2026-04-10,79,LOW (<90 days),Oct 2026,Jan 2027,Apr 2027,Apr 2027,27.12,Energy/Power,Standard,"INC since Apr 2026 (79 days). MEDIUM by Oct 2026, HOT by Jan 2027, ULTRA HOT by Apr 2027.",Your Long term Loans at CRISIL hits ULTRA HOT in Apr 2027. Start ACER process by Jan 2027 to be ahead of Q2 2027 renewal rush.,D365
Samrat Irons Pvt. Ltd.,IND-RA,Non-government debt,B/A4,2026-04-02,87,LOW (<90 days),Oct 2026,Jan 2027,Apr 2027,Apr 2027,67.25,Steel & Metals,NCD — SEBI License Required,"INC since Apr 2026 (87 days). MEDIUM by Oct 2026, HOT by Jan 2027, ULTRA HOT by Apr 2027.",Your Non-government debt at IND-RA hits ULTRA HOT in Apr 2027. Start ACER process by Jan 2027 to be ahead of Q2 2027 renewal rush.,D365
Samruddhi Industries Ltd.,ACUITE,Letter Of credit,A 4,2026-04-16,73,LOW (<90 days),Oct 2026,Jan 2027,Apr 2027,Apr 2027,15.0,Other,Standard,"INC since Apr 2026 (73 days). MEDIUM by Oct 2026, HOT by Jan 2027, ULTRA HOT by Apr 2027.",Your Letter Of credit at ACUITE hits ULTRA HOT in Apr 2027. Start ACER process by Jan 2027 to be ahead of Q2 2027 renewal rush.,D365
Samruddhi Industries Ltd.,ACUITE,Long term Loans,B,2026-04-16,73,LOW (<90 days),Oct 2026,Jan 2027,Apr 2027,Apr 2027,4.0,Other,Standard,"INC since Apr 2026 (73 days). MEDIUM by Oct 2026, HOT by Jan 2027, ULTRA HOT by Apr 2027.",Your Long term Loans at ACUITE hits ULTRA HOT in Apr 2027. Start ACER process by Jan 2027 to be ahead of Q2 2027 renewal rush.,D365
Samruddhi Industries Ltd.,ACUITE,Short-term loan,A 4,2026-04-16,73,LOW (<90 days),Oct 2026,Jan 2027,Apr 2027,Apr 2027,2.0,Other,Standard,"INC since Apr 2026 (73 days). MEDIUM by Oct 2026, HOT by Jan 2027, ULTRA HOT by Apr 2027.",Your Short-term loan at ACUITE hits ULTRA HOT in Apr 2027. Start ACER process by Jan 2027 to be ahead of Q2 2027 renewal rush.,D365
Samruddhi Industries Ltd.,ACUITE,Term loans,B,2026-04-16,73,LOW (<90 days),Oct 2026,Jan 2027,Apr 2027,Apr 2027,7.18,Other,Standard,"INC since Apr 2026 (73 days). MEDIUM by Oct 2026, HOT by Jan 2027, ULTRA HOT by Apr 2027.",Your Term loans at ACUITE hits ULTRA HOT in Apr 2027. Start ACER process by Jan 2027 to be ahead of Q2 2027 renewal rush.,D365
Sandwoods Infratech Projects Pvt. Ltd.,BRICKWORK,Term loans,D,2026-04-08,81,LOW (<90 days),Oct 2026,Jan 2027,Apr 2027,Apr 2027,35.4,Construction/Infra,Standard,"INC since Apr 2026 (81 days). MEDIUM by Oct 2026, HOT by Jan 2027, ULTRA HOT by Apr 2027.",Your Term loans at BRICKWORK hits ULTRA HOT in Apr 2027. Start ACER process by Jan 2027 to be ahead of Q2 2027 renewal rush.,D365
Sanei Motors Pvt. Ltd.,CRISIL,Fund based financial facility/instrument,B,2026-04-28,61,LOW (<90 days),Oct 2026,Jan 2027,Apr 2027,Apr 2027,14.0,Automobiles,Standard,"INC since Apr 2026 (61 days). MEDIUM by Oct 2026, HOT by Jan 2027, ULTRA HOT by Apr 2027.",Your Fund based financial facility/instrument at CRISIL hits ULTRA HOT in Apr 2027. Start ACER process by Jan 2027 to be ahead of Q2 2027 renewal rush.,D365
Sangam Rice Pvt. Ltd.,CRISIL,Fund based financial facility/instrument,B,2026-04-28,61,LOW (<90 days),Oct 2026,Jan 2027,Apr 2027,Apr 2027,11.0,Agro/Food,Standard,"INC since Apr 2026 (61 days). MEDIUM by Oct 2026, HOT by Jan 2027, ULTRA HOT by Apr 2027.",Your Fund based financial facility/instrument at CRISIL hits ULTRA HOT in Apr 2027. Start ACER process by Jan 2027 to be ahead of Q2 2027 renewal rush.,D365
Sangam Rice Pvt. Ltd.,CRISIL,Long term Loans,B,2026-04-28,61,LOW (<90 days),Oct 2026,Jan 2027,Apr 2027,Apr 2027,0.55,Agro/Food,Standard,"INC since Apr 2026 (61 days). MEDIUM by Oct 2026, HOT by Jan 2027, ULTRA HOT by Apr 2027.",Your Long term Loans at CRISIL hits ULTRA HOT in Apr 2027. Start ACER process by Jan 2027 to be ahead of Q2 2027 renewal rush.,D365
Sangam Rice Pvt. Ltd.,CRISIL,Term loans,B,2026-04-28,61,LOW (<90 days),Oct 2026,Jan 2027,Apr 2027,Apr 2027,1.45,Agro/Food,Standard,"INC since Apr 2026 (61 days). MEDIUM by Oct 2026, HOT by Jan 2027, ULTRA HOT by Apr 2027.",Your Term loans at CRISIL hits ULTRA HOT in Apr 2027. Start ACER process by Jan 2027 to be ahead of Q2 2027 renewal rush.,D365
Sangita Sales Pvt. Ltd.,BRICKWORK,Fund based financial facility/instrument,B+,2026-04-08,81,LOW (<90 days),Oct 2026,Jan 2027,Apr 2027,Apr 2027,12.8,Other,Standard,"INC since Apr 2026 (81 days). MEDIUM by Oct 2026, HOT by Jan 2027, ULTRA HOT by Apr 2027.",Your Fund based financial facility/instrument at BRICKWORK hits ULTRA HOT in Apr 2027. Start ACER process by Jan 2027 to be ahead of Q2 2027 renewal rush.,D365
Sangita Sales Pvt. Ltd.,BRICKWORK,Letter Of credit,A 4,2026-04-08,81,LOW (<90 days),Oct 2026,Jan 2027,Apr 2027,Apr 2027,0.0,Other,Standard,"INC since Apr 2026 (81 days). MEDIUM by Oct 2026, HOT by Jan 2027, ULTRA HOT by Apr 2027.",Your Letter Of credit at BRICKWORK hits ULTRA HOT in Apr 2027. Start ACER process by Jan 2027 to be ahead of Q2 2027 renewal rush.,D365
Sangram Auto Components Pvt. Ltd.,CRISIL,Fund based financial facility/instrument,B,2026-04-28,61,LOW (<90 days),Oct 2026,Jan 2027,Apr 2027,Apr 2027,15.0,Automobiles,Standard,"INC since Apr 2026 (61 days). MEDIUM by Oct 2026, HOT by Jan 2027, ULTRA HOT by Apr 2027.",Your Fund based financial facility/instrument at CRISIL hits ULTRA HOT in Apr 2027. Start ACER process by Jan 2027 to be ahead of Q2 2027 renewal rush.,D365
Saravana Stores Gold Palace Pvt. Ltd.,ACUITE,Long term Loans,D,2026-04-09,80,LOW (<90 days),Oct 2026,Jan 2027,Apr 2027,Apr 2027,20.0,Mining/Minerals,Standard,"INC since Apr 2026 (80 days). MEDIUM by Oct 2026, HOT by Jan 2027, ULTRA HOT by Apr 2027.",Your Long term Loans at ACUITE hits ULTRA HOT in Apr 2027. Start ACER process by Jan 2027 to be ahead of Q2 2027 renewal rush.,D365
Saravana Stores Gold Palace Pvt. Ltd.,ACUITE,Term loans,D,2026-04-09,80,LOW (<90 days),Oct 2026,Jan 2027,Apr 2027,Apr 2027,50.0,Mining/Minerals,Standard,"INC since Apr 2026 (80 days). MEDIUM by Oct 2026, HOT by Jan 2027, ULTRA HOT by Apr 2027.",Your Term loans at ACUITE hits ULTRA HOT in Apr 2027. Start ACER process by Jan 2027 to be ahead of Q2 2027 renewal rush.,D365
Sarvodaya Polymers Pvt. Ltd.,ICRA,Term loans,B+,2026-04-29,60,LOW (<90 days),Oct 2026,Jan 2027,Apr 2027,Apr 2027,5.0,Other,Standard,"INC since Apr 2026 (60 days). MEDIUM by Oct 2026, HOT by Jan 2027, ULTRA HOT by Apr 2027.",Your Term loans at ICRA hits ULTRA HOT in Apr 2027. Start ACER process by Jan 2027 to be ahead of Q2 2027 renewal rush.,D365
Saswad Mali Sugar Factory Ltd.,CRISIL,Long term Loans,B-,2026-04-28,61,LOW (<90 days),Oct 2026,Jan 2027,Apr 2027,Apr 2027,88.53,Agro/Food,Standard,"INC since Apr 2026 (61 days). MEDIUM by Oct 2026, HOT by Jan 2027, ULTRA HOT by Apr 2027.",Your Long term Loans at CRISIL hits ULTRA HOT in Apr 2027. Start ACER process by Jan 2027 to be ahead of Q2 2027 renewal rush.,D365
Sathy Silks Pvt. Ltd.,CARE,Term loans,BB+,2026-04-15,74,LOW (<90 days),Oct 2026,Jan 2027,Apr 2027,Apr 2027,114.85,Other,Standard,"INC since Apr 2026 (74 days). MEDIUM by Oct 2026, HOT by Jan 2027, ULTRA HOT by Apr 2027.",Your Term loans at CARE hits ULTRA HOT in Apr 2027. Start ACER process by Jan 2027 to be ahead of Q2 2027 renewal rush.,D365
Satia Synthetics Ltd.,ACUITE,Bank Guarantee,D,2026-04-13,76,LOW (<90 days),Oct 2026,Jan 2027,Apr 2027,Apr 2027,1.5,Other,Standard,"INC since Apr 2026 (76 days). MEDIUM by Oct 2026, HOT by Jan 2027, ULTRA HOT by Apr 2027.",Your Bank Guarantee at ACUITE hits ULTRA HOT in Apr 2027. Start ACER process by Jan 2027 to be ahead of Q2 2027 renewal rush.,D365
Satia Synthetics Ltd.,ACUITE,Letter Of credit,D,2026-04-13,76,LOW (<90 days),Oct 2026,Jan 2027,Apr 2027,Apr 2027,17.0,Other,Standard,"INC since Apr 2026 (76 days). MEDIUM by Oct 2026, HOT by Jan 2027, ULTRA HOT by Apr 2027.",Your Letter Of credit at ACUITE hits ULTRA HOT in Apr 2027. Start ACER process by Jan 2027 to be ahead of Q2 2027 renewal rush.,D365
Satia Synthetics Ltd.,ACUITE,Term loans,D,2026-04-13,76,LOW (<90 days),Oct 2026,Jan 2027,Apr 2027,Apr 2027,22.62,Other,Standard,"INC since Apr 2026 (76 days). MEDIUM by Oct 2026, HOT by Jan 2027, ULTRA HOT by Apr 2027.",Your Term loans at ACUITE hits ULTRA HOT in Apr 2027. Start ACER process by Jan 2027 to be ahead of Q2 2027 renewal rush.,D365
Sattva Engineering Construction Ltd.,BRICKWORK,Bank Guarantee,A 4,2026-04-01,88,LOW (<90 days),Oct 2026,Jan 2027,Apr 2027,Apr 2027,27.5,Construction/Infra,Standard,"INC since Apr 2026 (88 days). MEDIUM by Oct 2026, HOT by Jan 2027, ULTRA HOT by Apr 2027.",Your Bank Guarantee at BRICKWORK hits ULTRA HOT in Apr 2027. Start ACER process by Jan 2027 to be ahead of Q2 2027 renewal rush.,D365
Satya Power & Ispat Ltd.,BRICKWORK,Bank Guarantee,A 4,2026-04-06,83,LOW (<90 days),Oct 2026,Jan 2027,Apr 2027,Apr 2027,0.0,Energy/Power,Standard,"INC since Apr 2026 (83 days). MEDIUM by Oct 2026, HOT by Jan 2027, ULTRA HOT by Apr 2027.",Your Bank Guarantee at BRICKWORK hits ULTRA HOT in Apr 2027. Start ACER process by Jan 2027 to be ahead of Q2 2027 renewal rush.,D365
Satya Power & Ispat Ltd.,BRICKWORK,Letter Of credit,A 4,2026-04-06,83,LOW (<90 days),Oct 2026,Jan 2027,Apr 2027,Apr 2027,15.0,Energy/Power,Standard,"INC since Apr 2026 (83 days). MEDIUM by Oct 2026, HOT by Jan 2027, ULTRA HOT by Apr 2027.",Your Letter Of credit at BRICKWORK hits ULTRA HOT in Apr 2027. Start ACER process by Jan 2027 to be ahead of Q2 2027 renewal rush.,D365
Savair Energy Ltd.,CARE,Non-government debt,D,2026-04-09,80,LOW (<90 days),Oct 2026,Jan 2027,Apr 2027,Apr 2027,47.0,Energy/Power,NCD — SEBI License Required,"INC since Apr 2026 (80 days). MEDIUM by Oct 2026, HOT by Jan 2027, ULTRA HOT by Apr 2027.",Your Non-government debt at CARE hits ULTRA HOT in Apr 2027. Start ACER process by Jan 2027 to be ahead of Q2 2027 renewal rush.,D365
Seftech India Pvt. Ltd.,CRISIL,Bank Guarantee,A 4,2026-04-29,60,LOW (<90 days),Oct 2026,Jan 2027,Apr 2027,Apr 2027,20.0,IT/Technology,Standard,"INC since Apr 2026 (60 days). MEDIUM by Oct 2026, HOT by Jan 2027, ULTRA HOT by Apr 2027.",Your Bank Guarantee at CRISIL hits ULTRA HOT in Apr 2027. Start ACER process by Jan 2027 to be ahead of Q2 2027 renewal rush.,D365
Seftech India Pvt. Ltd.,CRISIL,Long term Loans,B,2026-04-29,60,LOW (<90 days),Oct 2026,Jan 2027,Apr 2027,Apr 2027,5.0,IT/Technology,Standard,"INC since Apr 2026 (60 days). MEDIUM by Oct 2026, HOT by Jan 2027, ULTRA HOT by Apr 2027.",Your Long term Loans at CRISIL hits ULTRA HOT in Apr 2027. Start ACER process by Jan 2027 to be ahead of Q2 2027 renewal rush.,D365
Senbo Engineering Ltd.,CARE,Bank Guarantee,D,2026-04-10,79,LOW (<90 days),Oct 2026,Jan 2027,Apr 2027,Apr 2027,24.68,Other,Standard,"INC since Apr 2026 (79 days). MEDIUM by Oct 2026, HOT by Jan 2027, ULTRA HOT by Apr 2027.",Your Bank Guarantee at CARE hits ULTRA HOT in Apr 2027. Start ACER process by Jan 2027 to be ahead of Q2 2027 renewal rush.,D365
Senbo Engineering Ltd.,CARE,Bank Guarantee,D,2026-04-10,79,LOW (<90 days),Oct 2026,Jan 2027,Apr 2027,Apr 2027,157.32,Other,Standard,"INC since Apr 2026 (79 days). MEDIUM by Oct 2026, HOT by Jan 2027, ULTRA HOT by Apr 2027.",Your Bank Guarantee at CARE hits ULTRA HOT in Apr 2027. Start ACER process by Jan 2027 to be ahead of Q2 2027 renewal rush.,D365
Seshsayi Foods Pvt. Ltd.,IND-RA,Non-government debt,B/A4,2026-04-02,87,LOW (<90 days),Oct 2026,Jan 2027,Apr 2027,Apr 2027,49.02,Agro/Food,NCD — SEBI License Required,"INC since Apr 2026 (87 days). MEDIUM by Oct 2026, HOT by Jan 2027, ULTRA HOT by Apr 2027.",Your Non-government debt at IND-RA hits ULTRA HOT in Apr 2027. Start ACER process by Jan 2027 to be ahead of Q2 2027 renewal rush.,D365
Seven Seas Distillery Pvt. Ltd.,CARE,Bank Guarantee,B,2026-04-17,72,LOW (<90 days),Oct 2026,Jan 2027,Apr 2027,Apr 2027,0.13,Other,Standard,"INC since Apr 2026 (72 days). MEDIUM by Oct 2026, HOT by Jan 2027, ULTRA HOT by Apr 2027.",Your Bank Guarantee at CARE hits ULTRA HOT in Apr 2027. Start ACER process by Jan 2027 to be ahead of Q2 2027 renewal rush.,D365
Sevenhills Healthcare Pvt. Ltd.,CRISIL,Long term Loans,D,2026-04-30,59,LOW (<90 days),Oct 2026,Jan 2027,Apr 2027,Apr 2027,106.81,Healthcare,Standard,"INC since Apr 2026 (59 days). MEDIUM by Oct 2026, HOT by Jan 2027, ULTRA HOT by Apr 2027.",Your Long term Loans at CRISIL hits ULTRA HOT in Apr 2027. Start ACER process by Jan 2027 to be ahead of Q2 2027 renewal rush.,D365
Sevenhills Healthcare Pvt. Ltd.,CRISIL,Term loans,D,2026-04-30,59,LOW (<90 days),Oct 2026,Jan 2027,Apr 2027,Apr 2027,56.44,Healthcare,Standard,"INC since Apr 2026 (59 days). MEDIUM by Oct 2026, HOT by Jan 2027, ULTRA HOT by Apr 2027.",Your Term loans at CRISIL hits ULTRA HOT in Apr 2027. Start ACER process by Jan 2027 to be ahead of Q2 2027 renewal rush.,D365
Sevenhills Healthcare Pvt. Ltd.,CRISIL,Term loans,D,2026-04-30,59,LOW (<90 days),Oct 2026,Jan 2027,Apr 2027,Apr 2027,510.11,Healthcare,Standard,"INC since Apr 2026 (59 days). MEDIUM by Oct 2026, HOT by Jan 2027, ULTRA HOT by Apr 2027.",Your Term loans at CRISIL hits ULTRA HOT in Apr 2027. Start ACER process by Jan 2027 to be ahead of Q2 2027 renewal rush.,D365
Sew Bellary Highways Ltd.,BRICKWORK,Term loans,B,2026-04-01,88,LOW (<90 days),Oct 2026,Jan 2027,Apr 2027,Apr 2027,27.43,Construction/Infra,Standard,"INC since Apr 2026 (88 days). MEDIUM by Oct 2026, HOT by Jan 2027, ULTRA HOT by Apr 2027.",Your Term loans at BRICKWORK hits ULTRA HOT in Apr 2027. Start ACER process by Jan 2027 to be ahead of Q2 2027 renewal rush.,D365
Sew Infrastructure Ltd.,BRICKWORK,Fund based financial facility/instrument,D,2026-04-01,88,LOW (<90 days),Oct 2026,Jan 2027,Apr 2027,Apr 2027,600.0,Construction/Infra,Standard,"INC since Apr 2026 (88 days). MEDIUM by Oct 2026, HOT by Jan 2027, ULTRA HOT by Apr 2027.",Your Fund based financial facility/instrument at BRICKWORK hits ULTRA HOT in Apr 2027. Start ACER process by Jan 2027 to be ahead of Q2 2027 renewal rush.,D365
Sew Infrastructure Ltd.,BRICKWORK,Non-fund-based financial facility/instrument,D,2026-04-01,88,LOW (<90 days),Oct 2026,Jan 2027,Apr 2027,Apr 2027,2800.0,Construction/Infra,Standard,"INC since Apr 2026 (88 days). MEDIUM by Oct 2026, HOT by Jan 2027, ULTRA HOT by Apr 2027.",Your Non-fund-based financial facility/instrument at BRICKWORK hits ULTRA HOT in Apr 2027. Start ACER process by Jan 2027 to be ahead of Q2 2027 renewal rush.,D365
Shah Group Builders Ltd.,IND-RA,Term loans,D,2026-04-02,87,LOW (<90 days),Oct 2026,Jan 2027,Apr 2027,Apr 2027,135.0,Construction/Infra,Standard,"INC since Apr 2026 (87 days). MEDIUM by Oct 2026, HOT by Jan 2027, ULTRA HOT by Apr 2027.",Your Term loans at IND-RA hits ULTRA HOT in Apr 2027. Start ACER process by Jan 2027 to be ahead of Q2 2027 renewal rush.,D365
Shakti Apifoods Pvt. Ltd.,ACUITE,Letter Of credit,A 4+,2026-04-29,60,LOW (<90 days),Oct 2026,Jan 2027,Apr 2027,Apr 2027,5.0,Agro/Food,Standard,"INC since Apr 2026 (60 days). MEDIUM by Oct 2026, HOT by Jan 2027, ULTRA HOT by Apr 2027.",Your Letter Of credit at ACUITE hits ULTRA HOT in Apr 2027. Start ACER process by Jan 2027 to be ahead of Q2 2027 renewal rush.,D365
Shakti Apifoods Pvt. Ltd.,ACUITE,Long term Loans,BB,2026-04-29,60,LOW (<90 days),Oct 2026,Jan 2027,Apr 2027,Apr 2027,0.32,Agro/Food,Standard,"INC since Apr 2026 (60 days). MEDIUM by Oct 2026, HOT by Jan 2027, ULTRA HOT by Apr 2027.",Your Long term Loans at ACUITE hits ULTRA HOT in Apr 2027. Start ACER process by Jan 2027 to be ahead of Q2 2027 renewal rush.,D365
Shakti Apifoods Pvt. Ltd.,ACUITE,Term loans,BB,2026-04-29,60,LOW (<90 days),Oct 2026,Jan 2027,Apr 2027,Apr 2027,4.68,Agro/Food,Standard,"INC since Apr 2026 (60 days). MEDIUM by Oct 2026, HOT by Jan 2027, ULTRA HOT by Apr 2027.",Your Term loans at ACUITE hits ULTRA HOT in Apr 2027. Start ACER process by Jan 2027 to be ahead of Q2 2027 renewal rush.,D365
Shakti Hormann Pvt. Ltd.,ICRA,Non-fund-based financial facility/instrument,A 4,2026-04-22,67,LOW (<90 days),Oct 2026,Jan 2027,Apr 2027,Apr 2027,24.0,Other,Standard,"INC since Apr 2026 (67 days). MEDIUM by Oct 2026, HOT by Jan 2027, ULTRA HOT by Apr 2027.",Your Non-fund-based financial facility/instrument at ICRA hits ULTRA HOT in Apr 2027. Start ACER process by Jan 2027 to be ahead of Q2 2027 renewal rush.,D365
Shalimar Works (1980) Ltd.,CRISIL,Bank Guarantee,A 4,2026-04-10,79,LOW (<90 days),Oct 2026,Jan 2027,Apr 2027,Apr 2027,14.0,Other,Standard,"INC since Apr 2026 (79 days). MEDIUM by Oct 2026, HOT by Jan 2027, ULTRA HOT by Apr 2027.",Your Bank Guarantee at CRISIL hits ULTRA HOT in Apr 2027. Start ACER process by Jan 2027 to be ahead of Q2 2027 renewal rush.,D365
Shalimar Works (1980) Ltd.,CRISIL,Long term Loans,C,2026-04-10,79,LOW (<90 days),Oct 2026,Jan 2027,Apr 2027,Apr 2027,39.75,Other,Standard,"INC since Apr 2026 (79 days). MEDIUM by Oct 2026, HOT by Jan 2027, ULTRA HOT by Apr 2027.",Your Long term Loans at CRISIL hits ULTRA HOT in Apr 2027. Start ACER process by Jan 2027 to be ahead of Q2 2027 renewal rush.,D365
Shalivahana Wind Energy Ltd.,IND-RA,Term loans,B-,2026-04-02,87,LOW (<90 days),Oct 2026,Jan 2027,Apr 2027,Apr 2027,7.06,Energy/Power,Standard,"INC since Apr 2026 (87 days). MEDIUM by Oct 2026, HOT by Jan 2027, ULTRA HOT by Apr 2027.",Your Term loans at IND-RA hits ULTRA HOT in Apr 2027. Start ACER process by Jan 2027 to be ahead of Q2 2027 renewal rush.,D365
Shamanur Sugars Ltd.,BRICKWORK,Bank Guarantee,A 4,2026-04-01,88,LOW (<90 days),Oct 2026,Jan 2027,Apr 2027,Apr 2027,2.73,Agro/Food,Standard,"INC since Apr 2026 (88 days). MEDIUM by Oct 2026, HOT by Jan 2027, ULTRA HOT by Apr 2027.",Your Bank Guarantee at BRICKWORK hits ULTRA HOT in Apr 2027. Start ACER process by Jan 2027 to be ahead of Q2 2027 renewal rush.,D365
Shanmugappriya Textiles Pvt. Ltd.,CRISIL,Term loans,B,2026-04-28,61,LOW (<90 days),Oct 2026,Jan 2027,Apr 2027,Apr 2027,0.1,Textiles,Standard,"INC since Apr 2026 (61 days). MEDIUM by Oct 2026, HOT by Jan 2027, ULTRA HOT by Apr 2027.",Your Term loans at CRISIL hits ULTRA HOT in Apr 2027. Start ACER process by Jan 2027 to be ahead of Q2 2027 renewal rush.,D365
Shimnit India Pvt. Ltd.,CRISIL,Bank Guarantee,A 4,2026-04-10,79,LOW (<90 days),Oct 2026,Jan 2027,Apr 2027,Apr 2027,8.5,IT/Technology,Standard,"INC since Apr 2026 (79 days). MEDIUM by Oct 2026, HOT by Jan 2027, ULTRA HOT by Apr 2027.",Your Bank Guarantee at CRISIL hits ULTRA HOT in Apr 2027. Start ACER process by Jan 2027 to be ahead of Q2 2027 renewal rush.,D365
Shimnit India Pvt. Ltd.,CRISIL,Letter Of credit,A 4,2026-04-10,79,LOW (<90 days),Oct 2026,Jan 2027,Apr 2027,Apr 2027,1.0,IT/Technology,Standard,"INC since Apr 2026 (79 days). MEDIUM by Oct 2026, HOT by Jan 2027, ULTRA HOT by Apr 2027.",Your Letter Of credit at CRISIL hits ULTRA HOT in Apr 2027. Start ACER process by Jan 2027 to be ahead of Q2 2027 renewal rush.,D365
Shinde Developers Pvt. Ltd.,IND-RA,Non-government debt,B-/A4,2026-04-02,87,LOW (<90 days),Oct 2026,Jan 2027,Apr 2027,Apr 2027,53.0,Other,NCD — SEBI License Required,"INC since Apr 2026 (87 days). MEDIUM by Oct 2026, HOT by Jan 2027, ULTRA HOT by Apr 2027.",Your Non-government debt at IND-RA hits ULTRA HOT in Apr 2027. Start ACER process by Jan 2027 to be ahead of Q2 2027 renewal rush.,D365
Shining Engineers & Founders Pvt. Ltd.,CRISIL,Letter Of credit,A 4,2026-04-27,62,LOW (<90 days),Oct 2026,Jan 2027,Apr 2027,Apr 2027,1.5,Other,Standard,"INC since Apr 2026 (62 days). MEDIUM by Oct 2026, HOT by Jan 2027, ULTRA HOT by Apr 2027.",Your Letter Of credit at CRISIL hits ULTRA HOT in Apr 2027. Start ACER process by Jan 2027 to be ahead of Q2 2027 renewal rush.,D365
Shining Engineers & Founders Pvt. Ltd.,CRISIL,Long term Loans,B,2026-04-27,62,LOW (<90 days),Oct 2026,Jan 2027,Apr 2027,Apr 2027,0.78,Other,Standard,"INC since Apr 2026 (62 days). MEDIUM by Oct 2026, HOT by Jan 2027, ULTRA HOT by Apr 2027.",Your Long term Loans at CRISIL hits ULTRA HOT in Apr 2027. Start ACER process by Jan 2027 to be ahead of Q2 2027 renewal rush.,D365
Shining Engineers & Founders Pvt. Ltd.,CRISIL,Term loans,B,2026-04-27,62,LOW (<90 days),Oct 2026,Jan 2027,Apr 2027,Apr 2027,4.72,Other,Standard,"INC since Apr 2026 (62 days). MEDIUM by Oct 2026, HOT by Jan 2027, ULTRA HOT by Apr 2027.",Your Term loans at CRISIL hits ULTRA HOT in Apr 2027. Start ACER process by Jan 2027 to be ahead of Q2 2027 renewal rush.,D365
Shiv Edibles Ltd.,CARE,Fund based financial facility/instrument,B-,2026-04-10,79,LOW (<90 days),Oct 2026,Jan 2027,Apr 2027,Apr 2027,40.0,Other,Standard,"INC since Apr 2026 (79 days). MEDIUM by Oct 2026, HOT by Jan 2027, ULTRA HOT by Apr 2027.",Your Fund based financial facility/instrument at CARE hits ULTRA HOT in Apr 2027. Start ACER process by Jan 2027 to be ahead of Q2 2027 renewal rush.,D365
Shiv Gorakh Timber Pvt. Ltd.,ACUITE,Letter Of credit,A 4,2026-04-09,80,LOW (<90 days),Oct 2026,Jan 2027,Apr 2027,Apr 2027,10.0,Other,Standard,"INC since Apr 2026 (80 days). MEDIUM by Oct 2026, HOT by Jan 2027, ULTRA HOT by Apr 2027.",Your Letter Of credit at ACUITE hits ULTRA HOT in Apr 2027. Start ACER process by Jan 2027 to be ahead of Q2 2027 renewal rush.,D365
Shiv Gorakh Timber Pvt. Ltd.,ACUITE,Long term Loans,C,2026-04-09,80,LOW (<90 days),Oct 2026,Jan 2027,Apr 2027,Apr 2027,1.0,Other,Standard,"INC since Apr 2026 (80 days). MEDIUM by Oct 2026, HOT by Jan 2027, ULTRA HOT by Apr 2027.",Your Long term Loans at ACUITE hits ULTRA HOT in Apr 2027. Start ACER process by Jan 2027 to be ahead of Q2 2027 renewal rush.,D365
Shiva Industrial Security Agency (Gujarat) Ltd.,CARE,Bank Guarantee,D,2026-04-27,62,LOW (<90 days),Oct 2026,Jan 2027,Apr 2027,Apr 2027,2.5,Other,Standard,"INC since Apr 2026 (62 days). MEDIUM by Oct 2026, HOT by Jan 2027, ULTRA HOT by Apr 2027.",Your Bank Guarantee at CARE hits ULTRA HOT in Apr 2027. Start ACER process by Jan 2027 to be ahead of Q2 2027 renewal rush.,D365
Shiva Industrial Security Agency (Gujarat) Ltd.,CARE,Non-government debt,D,2026-04-27,62,LOW (<90 days),Oct 2026,Jan 2027,Apr 2027,Apr 2027,14.0,Other,NCD — SEBI License Required,"INC since Apr 2026 (62 days). MEDIUM by Oct 2026, HOT by Jan 2027, ULTRA HOT by Apr 2027.",Your Non-government debt at CARE hits ULTRA HOT in Apr 2027. Start ACER process by Jan 2027 to be ahead of Q2 2027 renewal rush.,D365
Shiva Speciality Yarns Ltd.,CARE,Bank Guarantee,D,2026-04-06,83,LOW (<90 days),Oct 2026,Jan 2027,Apr 2027,Apr 2027,1.0,Textiles,Standard,"INC since Apr 2026 (83 days). MEDIUM by Oct 2026, HOT by Jan 2027, ULTRA HOT by Apr 2027.",Your Bank Guarantee at CARE hits ULTRA HOT in Apr 2027. Start ACER process by Jan 2027 to be ahead of Q2 2027 renewal rush.,D365
Shiva Speciality Yarns Ltd.,CARE,Term loans,D,2026-04-06,83,LOW (<90 days),Oct 2026,Jan 2027,Apr 2027,Apr 2027,29.97,Textiles,Standard,"INC since Apr 2026 (83 days). MEDIUM by Oct 2026, HOT by Jan 2027, ULTRA HOT by Apr 2027.",Your Term loans at CARE hits ULTRA HOT in Apr 2027. Start ACER process by Jan 2027 to be ahead of Q2 2027 renewal rush.,D365
Shiva-Parvati Poultry Feed Pvt. Ltd.,IND-RA,Non-government debt,B-/A4,2026-04-02,87,LOW (<90 days),Oct 2026,Jan 2027,Apr 2027,Apr 2027,41.07,Other,NCD — SEBI License Required,"INC since Apr 2026 (87 days). MEDIUM by Oct 2026, HOT by Jan 2027, ULTRA HOT by Apr 2027.",Your Non-government debt at IND-RA hits ULTRA HOT in Apr 2027. Start ACER process by Jan 2027 to be ahead of Q2 2027 renewal rush.,D365
Shivani Trendz Pvt. Ltd.,IND-RA,Term loans,D,2026-04-02,87,LOW (<90 days),Oct 2026,Jan 2027,Apr 2027,Apr 2027,20.0,Other,Standard,"INC since Apr 2026 (87 days). MEDIUM by Oct 2026, HOT by Jan 2027, ULTRA HOT by Apr 2027.",Your Term loans at IND-RA hits ULTRA HOT in Apr 2027. Start ACER process by Jan 2027 to be ahead of Q2 2027 renewal rush.,D365
Shivank Udyog Ltd.,CRISIL,Non-fund-based financial facility/instrument,A 4,2026-04-23,66,LOW (<90 days),Oct 2026,Jan 2027,Apr 2027,Apr 2027,0.8,Other,Standard,"INC since Apr 2026 (66 days). MEDIUM by Oct 2026, HOT by Jan 2027, ULTRA HOT by Apr 2027.",Your Non-fund-based financial facility/instrument at CRISIL hits ULTRA HOT in Apr 2027. Start ACER process by Jan 2027 to be ahead of Q2 2027 renewal rush.,D365
Shivmahal Textiles Pvt. Ltd.,CARE,Term loans,B-,2026-04-20,69,LOW (<90 days),Oct 2026,Jan 2027,Apr 2027,Apr 2027,3.77,Textiles,Standard,"INC since Apr 2026 (69 days). MEDIUM by Oct 2026, HOT by Jan 2027, ULTRA HOT by Apr 2027.",Your Term loans at CARE hits ULTRA HOT in Apr 2027. Start ACER process by Jan 2027 to be ahead of Q2 2027 renewal rush.,D365
Shivmani Exports Pvt. Ltd.,CARE,Bank Guarantee,B,2026-04-06,83,LOW (<90 days),Oct 2026,Jan 2027,Apr 2027,Apr 2027,0.4,Other,Standard,"INC since Apr 2026 (83 days). MEDIUM by Oct 2026, HOT by Jan 2027, ULTRA HOT by Apr 2027.",Your Bank Guarantee at CARE hits ULTRA HOT in Apr 2027. Start ACER process by Jan 2027 to be ahead of Q2 2027 renewal rush.,D365
Shoe Technik Intl. Corpn. Ltd.,CARE,Bank Guarantee,B-,2026-04-21,68,LOW (<90 days),Oct 2026,Jan 2027,Apr 2027,Apr 2027,0.25,IT/Technology,Standard,"INC since Apr 2026 (68 days). MEDIUM by Oct 2026, HOT by Jan 2027, ULTRA HOT by Apr 2027.",Your Bank Guarantee at CARE hits ULTRA HOT in Apr 2027. Start ACER process by Jan 2027 to be ahead of Q2 2027 renewal rush.,D365
Shree Bharat Motors Ltd.,CARE,Term loans,D,2026-04-29,60,LOW (<90 days),Oct 2026,Jan 2027,Apr 2027,Apr 2027,10.56,Automobiles,Standard,"INC since Apr 2026 (60 days). MEDIUM by Oct 2026, HOT by Jan 2027, ULTRA HOT by Apr 2027.",Your Term loans at CARE hits ULTRA HOT in Apr 2027. Start ACER process by Jan 2027 to be ahead of Q2 2027 renewal rush.,D365
Shree Bharka (India) Ltd.,IND-RA,Non-government debt,B/A4,2026-04-02,87,LOW (<90 days),Oct 2026,Jan 2027,Apr 2027,Apr 2027,24.0,Other,NCD — SEBI License Required,"INC since Apr 2026 (87 days). MEDIUM by Oct 2026, HOT by Jan 2027, ULTRA HOT by Apr 2027.",Your Non-government debt at IND-RA hits ULTRA HOT in Apr 2027. Start ACER process by Jan 2027 to be ahead of Q2 2027 renewal rush.,D365
Shree Dulichand Chemicals Pvt. Ltd.,IND-RA,Non-government debt,B-/A4,2026-04-02,87,LOW (<90 days),Oct 2026,Jan 2027,Apr 2027,Apr 2027,7.5,Chemicals/Pharma,NCD — SEBI License Required,"INC since Apr 2026 (87 days). MEDIUM by Oct 2026, HOT by Jan 2027, ULTRA HOT by Apr 2027.",Your Non-government debt at IND-RA hits ULTRA HOT in Apr 2027. Start ACER process by Jan 2027 to be ahead of Q2 2027 renewal rush.,D365
Shree Hari Infraprojects Pvt. Ltd.,CARE,Letter Of credit,A 4,2026-04-16,73,LOW (<90 days),Oct 2026,Jan 2027,Apr 2027,Apr 2027,17.0,Construction/Infra,Standard,"INC since Apr 2026 (73 days). MEDIUM by Oct 2026, HOT by Jan 2027, ULTRA HOT by Apr 2027.",Your Letter Of credit at CARE hits ULTRA HOT in Apr 2027. Start ACER process by Jan 2027 to be ahead of Q2 2027 renewal rush.,D365
Shree Hari Infraprojects Pvt. Ltd.,CARE,Non-government debt,BB/A4,2026-04-16,73,LOW (<90 days),Oct 2026,Jan 2027,Apr 2027,Apr 2027,6.5,Construction/Infra,NCD — SEBI License Required,"INC since Apr 2026 (73 days). MEDIUM by Oct 2026, HOT by Jan 2027, ULTRA HOT by Apr 2027.",Your Non-government debt at CARE hits ULTRA HOT in Apr 2027. Start ACER process by Jan 2027 to be ahead of Q2 2027 renewal rush.,D365
Shree Hari Infraprojects Pvt. Ltd.,CARE,Non-government debt,BB/A4,2026-04-16,73,LOW (<90 days),Oct 2026,Jan 2027,Apr 2027,Apr 2027,73.5,Construction/Infra,NCD — SEBI License Required,"INC since Apr 2026 (73 days). MEDIUM by Oct 2026, HOT by Jan 2027, ULTRA HOT by Apr 2027.",Your Non-government debt at CARE hits ULTRA HOT in Apr 2027. Start ACER process by Jan 2027 to be ahead of Q2 2027 renewal rush.,D365
Shree Hari Infraprojects Pvt. Ltd.,CARE,Non-government debt,BB/A4,2026-04-16,73,LOW (<90 days),Oct 2026,Jan 2027,Apr 2027,Apr 2027,323.0,Construction/Infra,NCD — SEBI License Required,"INC since Apr 2026 (73 days). MEDIUM by Oct 2026, HOT by Jan 2027, ULTRA HOT by Apr 2027.",Your Non-government debt at CARE hits ULTRA HOT in Apr 2027. Start ACER process by Jan 2027 to be ahead of Q2 2027 renewal rush.,D365
Shree Hari Spintex Ltd.,CARE,Bank Guarantee,A 4,2026-04-13,76,LOW (<90 days),Oct 2026,Jan 2027,Apr 2027,Apr 2027,0.5,Other,Standard,"INC since Apr 2026 (76 days). MEDIUM by Oct 2026, HOT by Jan 2027, ULTRA HOT by Apr 2027.",Your Bank Guarantee at CARE hits ULTRA HOT in Apr 2027. Start ACER process by Jan 2027 to be ahead of Q2 2027 renewal rush.,D365
Shree Hari Spintex Ltd.,CARE,Term loans,B-,2026-04-13,76,LOW (<90 days),Oct 2026,Jan 2027,Apr 2027,Apr 2027,3.92,Other,Standard,"INC since Apr 2026 (76 days). MEDIUM by Oct 2026, HOT by Jan 2027, ULTRA HOT by Apr 2027.",Your Term loans at CARE hits ULTRA HOT in Apr 2027. Start ACER process by Jan 2027 to be ahead of Q2 2027 renewal rush.,D365
Shree Ishan Equipment Pvt. Ltd.,CRISIL,Bank Guarantee,A 4,2026-04-24,65,LOW (<90 days),Oct 2026,Jan 2027,Apr 2027,Apr 2027,37.5,Other,Standard,"INC since Apr 2026 (65 days). MEDIUM by Oct 2026, HOT by Jan 2027, ULTRA HOT by Apr 2027.",Your Bank Guarantee at CRISIL hits ULTRA HOT in Apr 2027. Start ACER process by Jan 2027 to be ahead of Q2 2027 renewal rush.,D365
Shree Ishan Equipment Pvt. Ltd.,CRISIL,Fund based financial facility/instrument,B-,2026-04-24,65,LOW (<90 days),Oct 2026,Jan 2027,Apr 2027,Apr 2027,6.0,Other,Standard,"INC since Apr 2026 (65 days). MEDIUM by Oct 2026, HOT by Jan 2027, ULTRA HOT by Apr 2027.",Your Fund based financial facility/instrument at CRISIL hits ULTRA HOT in Apr 2027. Start ACER process by Jan 2027 to be ahead of Q2 2027 renewal rush.,D365
Shree Maheshwar Hydel Power Corpn. Ltd.,CARE,Term loans,D,2026-04-15,74,LOW (<90 days),Oct 2026,Jan 2027,Apr 2027,Apr 2027,451.0,Energy/Power,Standard,"INC since Apr 2026 (74 days). MEDIUM by Oct 2026, HOT by Jan 2027, ULTRA HOT by Apr 2027.",Your Term loans at CARE hits ULTRA HOT in Apr 2027. Start ACER process by Jan 2027 to be ahead of Q2 2027 renewal rush.,D365
Shree Naman Securities & Finance Pvt. Ltd.,BRICKWORK,Bank Guarantee,A 4,2026-04-03,86,LOW (<90 days),Oct 2026,Jan 2027,Apr 2027,Apr 2027,10.5,BFSI/NBFC,Standard,"INC since Apr 2026 (86 days). MEDIUM by Oct 2026, HOT by Jan 2027, ULTRA HOT by Apr 2027.",Your Bank Guarantee at BRICKWORK hits ULTRA HOT in Apr 2027. Start ACER process by Jan 2027 to be ahead of Q2 2027 renewal rush.,D365
Shree Naman Securities & Finance Pvt. Ltd.,BRICKWORK,Fund based financial facility/instrument,C,2026-04-03,86,LOW (<90 days),Oct 2026,Jan 2027,Apr 2027,Apr 2027,2.0,BFSI/NBFC,Standard,"INC since Apr 2026 (86 days). MEDIUM by Oct 2026, HOT by Jan 2027, ULTRA HOT by Apr 2027.",Your Fund based financial facility/instrument at BRICKWORK hits ULTRA HOT in Apr 2027. Start ACER process by Jan 2027 to be ahead of Q2 2027 renewal rush.,D365
Shree Ram Proteins Ltd.,ICRA,Bank Guarantee,D,2026-04-24,65,LOW (<90 days),Oct 2026,Jan 2027,Apr 2027,Apr 2027,0.1,Other,Standard,"INC since Apr 2026 (65 days). MEDIUM by Oct 2026, HOT by Jan 2027, ULTRA HOT by Apr 2027.",Your Bank Guarantee at ICRA hits ULTRA HOT in Apr 2027. Start ACER process by Jan 2027 to be ahead of Q2 2027 renewal rush.,D365
Shree Ram Proteins Ltd.,ICRA,Term loans,D,2026-04-24,65,LOW (<90 days),Oct 2026,Jan 2027,Apr 2027,Apr 2027,6.15,Other,Standard,"INC since Apr 2026 (65 days). MEDIUM by Oct 2026, HOT by Jan 2027, ULTRA HOT by Apr 2027.",Your Term loans at ICRA hits ULTRA HOT in Apr 2027. Start ACER process by Jan 2027 to be ahead of Q2 2027 renewal rush.,D365
Shree Ram Shipping Inds. Pvt. Ltd.,BRICKWORK,Letter Of credit,A 4,2026-04-03,86,LOW (<90 days),Oct 2026,Jan 2027,Apr 2027,Apr 2027,100.0,Logistics,Standard,"INC since Apr 2026 (86 days). MEDIUM by Oct 2026, HOT by Jan 2027, ULTRA HOT by Apr 2027.",Your Letter Of credit at BRICKWORK hits ULTRA HOT in Apr 2027. Start ACER process by Jan 2027 to be ahead of Q2 2027 renewal rush.,D365
Shree Ram Shipping Inds. Pvt. Ltd.,BRICKWORK,Non-fund-based financial facility/instrument,A 4,2026-04-03,86,LOW (<90 days),Oct 2026,Jan 2027,Apr 2027,Apr 2027,0.0,Logistics,Standard,"INC since Apr 2026 (86 days). MEDIUM by Oct 2026, HOT by Jan 2027, ULTRA HOT by Apr 2027.",Your Non-fund-based financial facility/instrument at BRICKWORK hits ULTRA HOT in Apr 2027. Start ACER process by Jan 2027 to be ahead of Q2 2027 renewal rush.,D365
Shree Ram Vessel Scrap Pvt. Ltd.,BRICKWORK,Non-fund-based financial facility/instrument,A 4,2026-04-03,86,LOW (<90 days),Oct 2026,Jan 2027,Apr 2027,Apr 2027,4.0,Other,Standard,"INC since Apr 2026 (86 days). MEDIUM by Oct 2026, HOT by Jan 2027, ULTRA HOT by Apr 2027.",Your Non-fund-based financial facility/instrument at BRICKWORK hits ULTRA HOT in Apr 2027. Start ACER process by Jan 2027 to be ahead of Q2 2027 renewal rush.,D365
Shree Ram Vessel Scrap Pvt. Ltd.,BRICKWORK,Non-government debt,BB/A4,2026-04-03,86,LOW (<90 days),Oct 2026,Jan 2027,Apr 2027,Apr 2027,370.0,Other,NCD — SEBI License Required,"INC since Apr 2026 (86 days). MEDIUM by Oct 2026, HOT by Jan 2027, ULTRA HOT by Apr 2027.",Your Non-government debt at BRICKWORK hits ULTRA HOT in Apr 2027. Start ACER process by Jan 2027 to be ahead of Q2 2027 renewal rush.,D365
Shree Saishraddha Cements Pvt. Ltd.,CRISIL,Long term Loans,B,2026-04-30,59,LOW (<90 days),Oct 2026,Jan 2027,Apr 2027,Apr 2027,20.0,Construction/Infra,Standard,"INC since Apr 2026 (59 days). MEDIUM by Oct 2026, HOT by Jan 2027, ULTRA HOT by Apr 2027.",Your Long term Loans at CRISIL hits ULTRA HOT in Apr 2027. Start ACER process by Jan 2027 to be ahead of Q2 2027 renewal rush.,D365
Shree Sant Kripa Appliances Pvt. Ltd.,ACUITE,Letter Of credit,D,2026-04-07,82,LOW (<90 days),Oct 2026,Jan 2027,Apr 2027,Apr 2027,20.0,Other,Standard,"INC since Apr 2026 (82 days). MEDIUM by Oct 2026, HOT by Jan 2027, ULTRA HOT by Apr 2027.",Your Letter Of credit at ACUITE hits ULTRA HOT in Apr 2027. Start ACER process by Jan 2027 to be ahead of Q2 2027 renewal rush.,D365
Shreejee Sarees Pvt. Ltd.,IND-RA,Term loans,B-,2026-04-02,87,LOW (<90 days),Oct 2026,Jan 2027,Apr 2027,Apr 2027,9.0,Other,Standard,"INC since Apr 2026 (87 days). MEDIUM by Oct 2026, HOT by Jan 2027, ULTRA HOT by Apr 2027.",Your Term loans at IND-RA hits ULTRA HOT in Apr 2027. Start ACER process by Jan 2027 to be ahead of Q2 2027 renewal rush.,D365
Shreeji Infrastructure India Pvt. Ltd.,IND-RA,Non-government debt,B-/A4,2026-04-02,87,LOW (<90 days),Oct 2026,Jan 2027,Apr 2027,Apr 2027,199.0,Construction/Infra,NCD — SEBI License Required,"INC since Apr 2026 (87 days). MEDIUM by Oct 2026, HOT by Jan 2027, ULTRA HOT by Apr 2027.",Your Non-government debt at IND-RA hits ULTRA HOT in Apr 2027. Start ACER process by Jan 2027 to be ahead of Q2 2027 renewal rush.,D365
Shreela Diamonds & Jewels Pvt. Ltd.,CRISIL,Short-term loan,A 4,2026-04-28,61,LOW (<90 days),Oct 2026,Jan 2027,Apr 2027,Apr 2027,6.0,Other,Standard,"INC since Apr 2026 (61 days). MEDIUM by Oct 2026, HOT by Jan 2027, ULTRA HOT by Apr 2027.",Your Short-term loan at CRISIL hits ULTRA HOT in Apr 2027. Start ACER process by Jan 2027 to be ahead of Q2 2027 renewal rush.,D365
Shreyans Oils Pvt. Ltd.,ICRA,Non-government debt,B+/A4,2026-04-27,62,LOW (<90 days),Oct 2026,Jan 2027,Apr 2027,Apr 2027,2.5,Agro/Food,NCD — SEBI License Required,"INC since Apr 2026 (62 days). MEDIUM by Oct 2026, HOT by Jan 2027, ULTRA HOT by Apr 2027.",Your Non-government debt at ICRA hits ULTRA HOT in Apr 2027. Start ACER process by Jan 2027 to be ahead of Q2 2027 renewal rush.,D365
Shri Govindaraja Mills Pvt. Ltd.,BRICKWORK,Bank Guarantee,D,2026-04-02,87,LOW (<90 days),Oct 2026,Jan 2027,Apr 2027,Apr 2027,153.08,Other,Standard,"INC since Apr 2026 (87 days). MEDIUM by Oct 2026, HOT by Jan 2027, ULTRA HOT by Apr 2027.",Your Bank Guarantee at BRICKWORK hits ULTRA HOT in Apr 2027. Start ACER process by Jan 2027 to be ahead of Q2 2027 renewal rush.,D365
Shri Govindaraja Mills Pvt. Ltd.,BRICKWORK,Term loans,D,2026-04-02,87,LOW (<90 days),Oct 2026,Jan 2027,Apr 2027,Apr 2027,159.33,Other,Standard,"INC since Apr 2026 (87 days). MEDIUM by Oct 2026, HOT by Jan 2027, ULTRA HOT by Apr 2027.",Your Term loans at BRICKWORK hits ULTRA HOT in Apr 2027. Start ACER process by Jan 2027 to be ahead of Q2 2027 renewal rush.,D365
Shri Jatadhari Rice Mill Pvt. Ltd. [Merged],ACUITE,Bank Guarantee,A 4+,2026-04-02,87,LOW (<90 days),Oct 2026,Jan 2027,Apr 2027,Apr 2027,4.1,Agro/Food,Standard,"INC since Apr 2026 (87 days). MEDIUM by Oct 2026, HOT by Jan 2027, ULTRA HOT by Apr 2027.",Your Bank Guarantee at ACUITE hits ULTRA HOT in Apr 2027. Start ACER process by Jan 2027 to be ahead of Q2 2027 renewal rush.,D365
Shri Jatadhari Rice Mill Pvt. Ltd. [Merged],ACUITE,Short-term loan,A 4+,2026-04-02,87,LOW (<90 days),Oct 2026,Jan 2027,Apr 2027,Apr 2027,2.0,Agro/Food,Standard,"INC since Apr 2026 (87 days). MEDIUM by Oct 2026, HOT by Jan 2027, ULTRA HOT by Apr 2027.",Your Short-term loan at ACUITE hits ULTRA HOT in Apr 2027. Start ACER process by Jan 2027 to be ahead of Q2 2027 renewal rush.,D365
Shri Jatadhari Rice Mill Pvt. Ltd. [Merged],ACUITE,Term loans,BB-,2026-04-02,87,LOW (<90 days),Oct 2026,Jan 2027,Apr 2027,Apr 2027,15.0,Agro/Food,Standard,"INC since Apr 2026 (87 days). MEDIUM by Oct 2026, HOT by Jan 2027, ULTRA HOT by Apr 2027.",Your Term loans at ACUITE hits ULTRA HOT in Apr 2027. Start ACER process by Jan 2027 to be ahead of Q2 2027 renewal rush.,D365
Shri Kannan Departmental Store Ltd.,IND-RA,Non-government debt,B-/A4,2026-04-02,87,LOW (<90 days),Oct 2026,Jan 2027,Apr 2027,Apr 2027,81.17,Mining/Minerals,NCD — SEBI License Required,"INC since Apr 2026 (87 days). MEDIUM by Oct 2026, HOT by Jan 2027, ULTRA HOT by Apr 2027.",Your Non-government debt at IND-RA hits ULTRA HOT in Apr 2027. Start ACER process by Jan 2027 to be ahead of Q2 2027 renewal rush.,D365
Shri Mahabir Dyeing & Prtg. Mills Pvt. Ltd.,IND-RA,Term loans,B-,2026-04-02,87,LOW (<90 days),Oct 2026,Jan 2027,Apr 2027,Apr 2027,30.0,Other,Standard,"INC since Apr 2026 (87 days). MEDIUM by Oct 2026, HOT by Jan 2027, ULTRA HOT by Apr 2027.",Your Term loans at IND-RA hits ULTRA HOT in Apr 2027. Start ACER process by Jan 2027 to be ahead of Q2 2027 renewal rush.,D365
Shri Mahavir Iron & Steel Pvt. Ltd.,CARE,Term loans,BB-,2026-04-27,62,LOW (<90 days),Oct 2026,Jan 2027,Apr 2027,Apr 2027,28.0,Steel & Metals,Standard,"INC since Apr 2026 (62 days). MEDIUM by Oct 2026, HOT by Jan 2027, ULTRA HOT by Apr 2027.",Your Term loans at CARE hits ULTRA HOT in Apr 2027. Start ACER process by Jan 2027 to be ahead of Q2 2027 renewal rush.,D365
Shri Ram Autotech Pvt. Ltd.,CARE,Fund based financial facility/instrument,D,2026-04-14,75,LOW (<90 days),Oct 2026,Jan 2027,Apr 2027,Apr 2027,2.0,Automobiles,Standard,"INC since Apr 2026 (75 days). MEDIUM by Oct 2026, HOT by Jan 2027, ULTRA HOT by Apr 2027.",Your Fund based financial facility/instrument at CARE hits ULTRA HOT in Apr 2027. Start ACER process by Jan 2027 to be ahead of Q2 2027 renewal rush.,D365
Shri Veerganapathi Steels Pvt. Ltd.,ACUITE,Bank Guarantee,A 4,2026-04-17,72,LOW (<90 days),Oct 2026,Jan 2027,Apr 2027,Apr 2027,5.0,Steel & Metals,Standard,"INC since Apr 2026 (72 days). MEDIUM by Oct 2026, HOT by Jan 2027, ULTRA HOT by Apr 2027.",Your Bank Guarantee at ACUITE hits ULTRA HOT in Apr 2027. Start ACER process by Jan 2027 to be ahead of Q2 2027 renewal rush.,D365
Shri Veerganapathi Steels Pvt. Ltd.,ACUITE,Letter Of credit,A 4,2026-04-17,72,LOW (<90 days),Oct 2026,Jan 2027,Apr 2027,Apr 2027,10.0,Steel & Metals,Standard,"INC since Apr 2026 (72 days). MEDIUM by Oct 2026, HOT by Jan 2027, ULTRA HOT by Apr 2027.",Your Letter Of credit at ACUITE hits ULTRA HOT in Apr 2027. Start ACER process by Jan 2027 to be ahead of Q2 2027 renewal rush.,D365
Shriniwasa Proteins Pvt. Ltd.,IND-RA,Non-government debt,B-/A4,2026-04-02,87,LOW (<90 days),Oct 2026,Jan 2027,Apr 2027,Apr 2027,82.0,Other,NCD — SEBI License Required,"INC since Apr 2026 (87 days). MEDIUM by Oct 2026, HOT by Jan 2027, ULTRA HOT by Apr 2027.",Your Non-government debt at IND-RA hits ULTRA HOT in Apr 2027. Start ACER process by Jan 2027 to be ahead of Q2 2027 renewal rush.,D365
Shrishti Eletromech Pvt. Ltd.,CRISIL,Long term Loans,B,2026-04-29,60,LOW (<90 days),Oct 2026,Jan 2027,Apr 2027,Apr 2027,1.41,Other,Standard,"INC since Apr 2026 (60 days). MEDIUM by Oct 2026, HOT by Jan 2027, ULTRA HOT by Apr 2027.",Your Long term Loans at CRISIL hits ULTRA HOT in Apr 2027. Start ACER process by Jan 2027 to be ahead of Q2 2027 renewal rush.,D365
Shrishti Eletromech Pvt. Ltd.,CRISIL,Long term Loans,B,2026-04-29,60,LOW (<90 days),Oct 2026,Jan 2027,Apr 2027,Apr 2027,9.19,Other,Standard,"INC since Apr 2026 (60 days). MEDIUM by Oct 2026, HOT by Jan 2027, ULTRA HOT by Apr 2027.",Your Long term Loans at CRISIL hits ULTRA HOT in Apr 2027. Start ACER process by Jan 2027 to be ahead of Q2 2027 renewal rush.,D365
Shrishti Eletromech Pvt. Ltd.,CRISIL,Short-term loan,A 4,2026-04-29,60,LOW (<90 days),Oct 2026,Jan 2027,Apr 2027,Apr 2027,1.0,Other,Standard,"INC since Apr 2026 (60 days). MEDIUM by Oct 2026, HOT by Jan 2027, ULTRA HOT by Apr 2027.",Your Short-term loan at CRISIL hits ULTRA HOT in Apr 2027. Start ACER process by Jan 2027 to be ahead of Q2 2027 renewal rush.,D365
Shruti Fashions Pvt. Ltd.,CARE,Bank Guarantee,A 4,2026-04-10,79,LOW (<90 days),Oct 2026,Jan 2027,Apr 2027,Apr 2027,0.34,Other,Standard,"INC since Apr 2026 (79 days). MEDIUM by Oct 2026, HOT by Jan 2027, ULTRA HOT by Apr 2027.",Your Bank Guarantee at CARE hits ULTRA HOT in Apr 2027. Start ACER process by Jan 2027 to be ahead of Q2 2027 renewal rush.,D365
Shruti Fashions Pvt. Ltd.,CARE,Term loans,B-,2026-04-10,79,LOW (<90 days),Oct 2026,Jan 2027,Apr 2027,Apr 2027,2.29,Other,Standard,"INC since Apr 2026 (79 days). MEDIUM by Oct 2026, HOT by Jan 2027, ULTRA HOT by Apr 2027.",Your Term loans at CARE hits ULTRA HOT in Apr 2027. Start ACER process by Jan 2027 to be ahead of Q2 2027 renewal rush.,D365
Shruti Fashions Pvt. Ltd.,CARE,Term loans,B-,2026-04-10,79,LOW (<90 days),Oct 2026,Jan 2027,Apr 2027,Apr 2027,1.01,Other,Standard,"INC since Apr 2026 (79 days). MEDIUM by Oct 2026, HOT by Jan 2027, ULTRA HOT by Apr 2027.",Your Term loans at CARE hits ULTRA HOT in Apr 2027. Start ACER process by Jan 2027 to be ahead of Q2 2027 renewal rush.,D365
Shubhang Oils Pvt. Ltd.,IND-RA,Term loans,B-,2026-04-02,87,LOW (<90 days),Oct 2026,Jan 2027,Apr 2027,Apr 2027,8.5,Agro/Food,Standard,"INC since Apr 2026 (87 days). MEDIUM by Oct 2026, HOT by Jan 2027, ULTRA HOT by Apr 2027.",Your Term loans at IND-RA hits ULTRA HOT in Apr 2027. Start ACER process by Jan 2027 to be ahead of Q2 2027 renewal rush.,D365
Siddharth Carbochem Products Ltd.,ACUITE,Letter Of credit,A 4+,2026-04-29,60,LOW (<90 days),Oct 2026,Jan 2027,Apr 2027,Apr 2027,46.56,Chemicals/Pharma,Standard,"INC since Apr 2026 (60 days). MEDIUM by Oct 2026, HOT by Jan 2027, ULTRA HOT by Apr 2027.",Your Letter Of credit at ACUITE hits ULTRA HOT in Apr 2027. Start ACER process by Jan 2027 to be ahead of Q2 2027 renewal rush.,D365
Siddhartha Innopack Inds. Pvt. Ltd.,IND-RA,Non-government debt,B-/A4,2026-04-02,87,LOW (<90 days),Oct 2026,Jan 2027,Apr 2027,Apr 2027,25.48,Other,NCD — SEBI License Required,"INC since Apr 2026 (87 days). MEDIUM by Oct 2026, HOT by Jan 2027, ULTRA HOT by Apr 2027.",Your Non-government debt at IND-RA hits ULTRA HOT in Apr 2027. Start ACER process by Jan 2027 to be ahead of Q2 2027 renewal rush.,D365
Sidhivinayak Chemtech Pvt. Ltd.,ACUITE,Bank Guarantee,A 4,2026-04-13,76,LOW (<90 days),Oct 2026,Jan 2027,Apr 2027,Apr 2027,3.0,Chemicals/Pharma,Standard,"INC since Apr 2026 (76 days). MEDIUM by Oct 2026, HOT by Jan 2027, ULTRA HOT by Apr 2027.",Your Bank Guarantee at ACUITE hits ULTRA HOT in Apr 2027. Start ACER process by Jan 2027 to be ahead of Q2 2027 renewal rush.,D365
Sidwin Fabric Pvt. Ltd.,ICRA,Non-government debt,B+/A4,2026-04-16,73,LOW (<90 days),Oct 2026,Jan 2027,Apr 2027,Apr 2027,5.03,Textiles,NCD — SEBI License Required,"INC since Apr 2026 (73 days). MEDIUM by Oct 2026, HOT by Jan 2027, ULTRA HOT by Apr 2027.",Your Non-government debt at ICRA hits ULTRA HOT in Apr 2027. Start ACER process by Jan 2027 to be ahead of Q2 2027 renewal rush.,D365
Sikko Industries Ltd.,IND-RA,Non-government debt,B-/A4,2026-04-02,87,LOW (<90 days),Oct 2026,Jan 2027,Apr 2027,Apr 2027,7.0,Other,NCD — SEBI License Required,"INC since Apr 2026 (87 days). MEDIUM by Oct 2026, HOT by Jan 2027, ULTRA HOT by Apr 2027.",Your Non-government debt at IND-RA hits ULTRA HOT in Apr 2027. Start ACER process by Jan 2027 to be ahead of Q2 2027 renewal rush.,D365
Sikko Industries Ltd.,IND-RA,Non-government debt,B-/A4,2026-04-21,68,LOW (<90 days),Oct 2026,Jan 2027,Apr 2027,Apr 2027,7.0,Other,NCD — SEBI License Required,"INC since Apr 2026 (68 days). MEDIUM by Oct 2026, HOT by Jan 2027, ULTRA HOT by Apr 2027.",Your Non-government debt at IND-RA hits ULTRA HOT in Apr 2027. Start ACER process by Jan 2027 to be ahead of Q2 2027 renewal rush.,D365
Singh Cycle & Motor Co. Pvt. Ltd.,ACUITE,Fund based financial facility/instrument,D,2026-04-10,79,LOW (<90 days),Oct 2026,Jan 2027,Apr 2027,Apr 2027,14.95,Automobiles,Standard,"INC since Apr 2026 (79 days). MEDIUM by Oct 2026, HOT by Jan 2027, ULTRA HOT by Apr 2027.",Your Fund based financial facility/instrument at ACUITE hits ULTRA HOT in Apr 2027. Start ACER process by Jan 2027 to be ahead of Q2 2027 renewal rush.,D365
Singh Cycle & Motor Co. Pvt. Ltd.,ACUITE,Long term Loans,D,2026-04-10,79,LOW (<90 days),Oct 2026,Jan 2027,Apr 2027,Apr 2027,0.26,Automobiles,Standard,"INC since Apr 2026 (79 days). MEDIUM by Oct 2026, HOT by Jan 2027, ULTRA HOT by Apr 2027.",Your Long term Loans at ACUITE hits ULTRA HOT in Apr 2027. Start ACER process by Jan 2027 to be ahead of Q2 2027 renewal rush.,D365
Singh Cycle & Motor Co. Pvt. Ltd.,ACUITE,Term loans,D,2026-04-10,79,LOW (<90 days),Oct 2026,Jan 2027,Apr 2027,Apr 2027,11.8,Automobiles,Standard,"INC since Apr 2026 (79 days). MEDIUM by Oct 2026, HOT by Jan 2027, ULTRA HOT by Apr 2027.",Your Term loans at ACUITE hits ULTRA HOT in Apr 2027. Start ACER process by Jan 2027 to be ahead of Q2 2027 renewal rush.,D365
Singlacherra Tea Co. Pvt. Ltd.,CARE,Term loans,C,2026-04-27,62,LOW (<90 days),Oct 2026,Jan 2027,Apr 2027,Apr 2027,11.56,Other,Standard,"INC since Apr 2026 (62 days). MEDIUM by Oct 2026, HOT by Jan 2027, ULTRA HOT by Apr 2027.",Your Term loans at CARE hits ULTRA HOT in Apr 2027. Start ACER process by Jan 2027 to be ahead of Q2 2027 renewal rush.,D365
Singrauli Finlease Pvt. Ltd.,CARE,Bank Guarantee,D,2026-04-06,83,LOW (<90 days),Oct 2026,Jan 2027,Apr 2027,Apr 2027,5.0,Other,Standard,"INC since Apr 2026 (83 days). MEDIUM by Oct 2026, HOT by Jan 2027, ULTRA HOT by Apr 2027.",Your Bank Guarantee at CARE hits ULTRA HOT in Apr 2027. Start ACER process by Jan 2027 to be ahead of Q2 2027 renewal rush.,D365
Siri Constructions Infrastructure Pvt. Ltd.,IND-RA,Non-government debt,B-/A4,2026-04-02,87,LOW (<90 days),Oct 2026,Jan 2027,Apr 2027,Apr 2027,35.0,Construction/Infra,NCD — SEBI License Required,"INC since Apr 2026 (87 days). MEDIUM by Oct 2026, HOT by Jan 2027, ULTRA HOT by Apr 2027.",Your Non-government debt at IND-RA hits ULTRA HOT in Apr 2027. Start ACER process by Jan 2027 to be ahead of Q2 2027 renewal rush.,D365
Sivana Steel & Power Pvt. Ltd.,CARE,Term loans,B-,2026-04-27,62,LOW (<90 days),Oct 2026,Jan 2027,Apr 2027,Apr 2027,0.69,Steel & Metals,Standard,"INC since Apr 2026 (62 days). MEDIUM by Oct 2026, HOT by Jan 2027, ULTRA HOT by Apr 2027.",Your Term loans at CARE hits ULTRA HOT in Apr 2027. Start ACER process by Jan 2027 to be ahead of Q2 2027 renewal rush.,D365
Skywin Spinning Pvt. Ltd.,IND-RA,Non-government debt,B/A4,2026-04-02,87,LOW (<90 days),Oct 2026,Jan 2027,Apr 2027,Apr 2027,49.3,Textiles,NCD — SEBI License Required,"INC since Apr 2026 (87 days). MEDIUM by Oct 2026, HOT by Jan 2027, ULTRA HOT by Apr 2027.",Your Non-government debt at IND-RA hits ULTRA HOT in Apr 2027. Start ACER process by Jan 2027 to be ahead of Q2 2027 renewal rush.,D365
Slidewell Meilleur-Tech Pvt. Ltd.,CRISIL,Fund based financial facility/instrument,B,2026-04-09,80,LOW (<90 days),Oct 2026,Jan 2027,Apr 2027,Apr 2027,1.0,IT/Technology,Standard,"INC since Apr 2026 (80 days). MEDIUM by Oct 2026, HOT by Jan 2027, ULTRA HOT by Apr 2027.",Your Fund based financial facility/instrument at CRISIL hits ULTRA HOT in Apr 2027. Start ACER process by Jan 2027 to be ahead of Q2 2027 renewal rush.,D365
Slidewell Meilleur-Tech Pvt. Ltd.,CRISIL,Term loans,B,2026-04-09,80,LOW (<90 days),Oct 2026,Jan 2027,Apr 2027,Apr 2027,12.67,IT/Technology,Standard,"INC since Apr 2026 (80 days). MEDIUM by Oct 2026, HOT by Jan 2027, ULTRA HOT by Apr 2027.",Your Term loans at CRISIL hits ULTRA HOT in Apr 2027. Start ACER process by Jan 2027 to be ahead of Q2 2027 renewal rush.,D365
Slidewell Meilleur-Tech Pvt. Ltd.,CRISIL,Term loans,B,2026-04-09,80,LOW (<90 days),Oct 2026,Jan 2027,Apr 2027,Apr 2027,27.83,IT/Technology,Standard,"INC since Apr 2026 (80 days). MEDIUM by Oct 2026, HOT by Jan 2027, ULTRA HOT by Apr 2027.",Your Term loans at CRISIL hits ULTRA HOT in Apr 2027. Start ACER process by Jan 2027 to be ahead of Q2 2027 renewal rush.,D365
Smaco Engineering Pvt. Ltd.,CRISIL,Bank Guarantee,A 4,2026-04-28,61,LOW (<90 days),Oct 2026,Jan 2027,Apr 2027,Apr 2027,7.0,Other,Standard,"INC since Apr 2026 (61 days). MEDIUM by Oct 2026, HOT by Jan 2027, ULTRA HOT by Apr 2027.",Your Bank Guarantee at CRISIL hits ULTRA HOT in Apr 2027. Start ACER process by Jan 2027 to be ahead of Q2 2027 renewal rush.,D365
Smaco Engineering Pvt. Ltd.,CRISIL,Long term Loans,B,2026-04-28,61,LOW (<90 days),Oct 2026,Jan 2027,Apr 2027,Apr 2027,2.0,Other,Standard,"INC since Apr 2026 (61 days). MEDIUM by Oct 2026, HOT by Jan 2027, ULTRA HOT by Apr 2027.",Your Long term Loans at CRISIL hits ULTRA HOT in Apr 2027. Start ACER process by Jan 2027 to be ahead of Q2 2027 renewal rush.,D365
Smart Stainless Tubes Pvt. Ltd.,CARE,Bank Guarantee,A 4,2026-04-10,79,LOW (<90 days),Oct 2026,Jan 2027,Apr 2027,Apr 2027,0.25,Other,Standard,"INC since Apr 2026 (79 days). MEDIUM by Oct 2026, HOT by Jan 2027, ULTRA HOT by Apr 2027.",Your Bank Guarantee at CARE hits ULTRA HOT in Apr 2027. Start ACER process by Jan 2027 to be ahead of Q2 2027 renewal rush.,D365
Smart Stainless Tubes Pvt. Ltd.,CARE,Term loans,B-,2026-04-10,79,LOW (<90 days),Oct 2026,Jan 2027,Apr 2027,Apr 2027,2.04,Other,Standard,"INC since Apr 2026 (79 days). MEDIUM by Oct 2026, HOT by Jan 2027, ULTRA HOT by Apr 2027.",Your Term loans at CARE hits ULTRA HOT in Apr 2027. Start ACER process by Jan 2027 to be ahead of Q2 2027 renewal rush.,D365
Smita Steels Rolling Mills Pvt. Ltd.,IND-RA,Non-government debt,B-/A4,2026-04-02,87,LOW (<90 days),Oct 2026,Jan 2027,Apr 2027,Apr 2027,18.5,Steel & Metals,NCD — SEBI License Required,"INC since Apr 2026 (87 days). MEDIUM by Oct 2026, HOT by Jan 2027, ULTRA HOT by Apr 2027.",Your Non-government debt at IND-RA hits ULTRA HOT in Apr 2027. Start ACER process by Jan 2027 to be ahead of Q2 2027 renewal rush.,D365
Soorajmull Baijnath Pvt. Ltd.,CRISIL,Bank Guarantee,A 4,2026-04-09,80,LOW (<90 days),Oct 2026,Jan 2027,Apr 2027,Apr 2027,15.0,Other,Standard,"INC since Apr 2026 (80 days). MEDIUM by Oct 2026, HOT by Jan 2027, ULTRA HOT by Apr 2027.",Your Bank Guarantee at CRISIL hits ULTRA HOT in Apr 2027. Start ACER process by Jan 2027 to be ahead of Q2 2027 renewal rush.,D365
Soorajmull Baijnath Pvt. Ltd.,CRISIL,Letter Of credit,A 4,2026-04-09,80,LOW (<90 days),Oct 2026,Jan 2027,Apr 2027,Apr 2027,5.0,Other,Standard,"INC since Apr 2026 (80 days). MEDIUM by Oct 2026, HOT by Jan 2027, ULTRA HOT by Apr 2027.",Your Letter Of credit at CRISIL hits ULTRA HOT in Apr 2027. Start ACER process by Jan 2027 to be ahead of Q2 2027 renewal rush.,D365
Sowparnika Projects & Infrastructure Pvt. Ltd.,ICRA,Term loans,B+,2026-04-20,69,LOW (<90 days),Oct 2026,Jan 2027,Apr 2027,Apr 2027,41.3,Construction/Infra,Standard,"INC since Apr 2026 (69 days). MEDIUM by Oct 2026, HOT by Jan 2027, ULTRA HOT by Apr 2027.",Your Term loans at ICRA hits ULTRA HOT in Apr 2027. Start ACER process by Jan 2027 to be ahead of Q2 2027 renewal rush.,D365
Span Pumps Pvt. Ltd.,CARE,Bank Guarantee,A 4,2026-04-14,75,LOW (<90 days),Oct 2026,Jan 2027,Apr 2027,Apr 2027,0.0,Other,Standard,"INC since Apr 2026 (75 days). MEDIUM by Oct 2026, HOT by Jan 2027, ULTRA HOT by Apr 2027.",Your Bank Guarantee at CARE hits ULTRA HOT in Apr 2027. Start ACER process by Jan 2027 to be ahead of Q2 2027 renewal rush.,D365
Span Pumps Pvt. Ltd.,CARE,Letter Of credit,A 4,2026-04-14,75,LOW (<90 days),Oct 2026,Jan 2027,Apr 2027,Apr 2027,0.0,Other,Standard,"INC since Apr 2026 (75 days). MEDIUM by Oct 2026, HOT by Jan 2027, ULTRA HOT by Apr 2027.",Your Letter Of credit at CARE hits ULTRA HOT in Apr 2027. Start ACER process by Jan 2027 to be ahead of Q2 2027 renewal rush.,D365
Spansules Formulations India Pvt. Ltd.,CARE,Non-government debt,BB-/A4,2026-04-27,62,LOW (<90 days),Oct 2026,Jan 2027,Apr 2027,Apr 2027,24.13,Other,NCD — SEBI License Required,"INC since Apr 2026 (62 days). MEDIUM by Oct 2026, HOT by Jan 2027, ULTRA HOT by Apr 2027.",Your Non-government debt at CARE hits ULTRA HOT in Apr 2027. Start ACER process by Jan 2027 to be ahead of Q2 2027 renewal rush.,D365
Spansules Formulations India Pvt. Ltd.,CARE,Term loans,BB-,2026-04-27,62,LOW (<90 days),Oct 2026,Jan 2027,Apr 2027,Apr 2027,4.72,Other,Standard,"INC since Apr 2026 (62 days). MEDIUM by Oct 2026, HOT by Jan 2027, ULTRA HOT by Apr 2027.",Your Term loans at CARE hits ULTRA HOT in Apr 2027. Start ACER process by Jan 2027 to be ahead of Q2 2027 renewal rush.,D365
Spansules Pharmatech Pvt. Ltd.,CARE,Non-government debt,BB-/A4,2026-04-27,62,LOW (<90 days),Oct 2026,Jan 2027,Apr 2027,Apr 2027,34.63,Chemicals/Pharma,NCD — SEBI License Required,"INC since Apr 2026 (62 days). MEDIUM by Oct 2026, HOT by Jan 2027, ULTRA HOT by Apr 2027.",Your Non-government debt at CARE hits ULTRA HOT in Apr 2027. Start ACER process by Jan 2027 to be ahead of Q2 2027 renewal rush.,D365
Spansules Pharmatech Pvt. Ltd.,CARE,Term loans,BB-,2026-04-27,62,LOW (<90 days),Oct 2026,Jan 2027,Apr 2027,Apr 2027,15.54,Chemicals/Pharma,Standard,"INC since Apr 2026 (62 days). MEDIUM by Oct 2026, HOT by Jan 2027, ULTRA HOT by Apr 2027.",Your Term loans at CARE hits ULTRA HOT in Apr 2027. Start ACER process by Jan 2027 to be ahead of Q2 2027 renewal rush.,D365
Sparklet Engineers Pvt. Ltd.,CRISIL,Bank Guarantee,D,2026-04-30,59,LOW (<90 days),Oct 2026,Jan 2027,Apr 2027,Apr 2027,6.0,Other,Standard,"INC since Apr 2026 (59 days). MEDIUM by Oct 2026, HOT by Jan 2027, ULTRA HOT by Apr 2027.",Your Bank Guarantee at CRISIL hits ULTRA HOT in Apr 2027. Start ACER process by Jan 2027 to be ahead of Q2 2027 renewal rush.,D365
Sparklet Engineers Pvt. Ltd.,CRISIL,Letter Of credit,D,2026-04-30,59,LOW (<90 days),Oct 2026,Jan 2027,Apr 2027,Apr 2027,3.65,Other,Standard,"INC since Apr 2026 (59 days). MEDIUM by Oct 2026, HOT by Jan 2027, ULTRA HOT by Apr 2027.",Your Letter Of credit at CRISIL hits ULTRA HOT in Apr 2027. Start ACER process by Jan 2027 to be ahead of Q2 2027 renewal rush.,D365
Spartan Engineering Inds. Pvt. Ltd.,ACUITE,Letter Of credit,D,2026-04-07,82,LOW (<90 days),Oct 2026,Jan 2027,Apr 2027,Apr 2027,14.0,Other,Standard,"INC since Apr 2026 (82 days). MEDIUM by Oct 2026, HOT by Jan 2027, ULTRA HOT by Apr 2027.",Your Letter Of credit at ACUITE hits ULTRA HOT in Apr 2027. Start ACER process by Jan 2027 to be ahead of Q2 2027 renewal rush.,D365
Spartan Engineering Inds. Pvt. Ltd.,ACUITE,Long term Loans,D,2026-04-07,82,LOW (<90 days),Oct 2026,Jan 2027,Apr 2027,Apr 2027,2.79,Other,Standard,"INC since Apr 2026 (82 days). MEDIUM by Oct 2026, HOT by Jan 2027, ULTRA HOT by Apr 2027.",Your Long term Loans at ACUITE hits ULTRA HOT in Apr 2027. Start ACER process by Jan 2027 to be ahead of Q2 2027 renewal rush.,D365
Spartan Engineering Inds. Pvt. Ltd.,ACUITE,Term loans,D,2026-04-07,82,LOW (<90 days),Oct 2026,Jan 2027,Apr 2027,Apr 2027,7.21,Other,Standard,"INC since Apr 2026 (82 days). MEDIUM by Oct 2026, HOT by Jan 2027, ULTRA HOT by Apr 2027.",Your Term loans at ACUITE hits ULTRA HOT in Apr 2027. Start ACER process by Jan 2027 to be ahead of Q2 2027 renewal rush.,D365
Special Ceramics Pvt. Ltd.,ACUITE,Long term Loans,B-,2026-04-15,74,LOW (<90 days),Oct 2026,Jan 2027,Apr 2027,Apr 2027,1.81,Other,Standard,"INC since Apr 2026 (74 days). MEDIUM by Oct 2026, HOT by Jan 2027, ULTRA HOT by Apr 2027.",Your Long term Loans at ACUITE hits ULTRA HOT in Apr 2027. Start ACER process by Jan 2027 to be ahead of Q2 2027 renewal rush.,D365
Special Ceramics Pvt. Ltd.,ACUITE,Term loans,B-,2026-04-15,74,LOW (<90 days),Oct 2026,Jan 2027,Apr 2027,Apr 2027,4.39,Other,Standard,"INC since Apr 2026 (74 days). MEDIUM by Oct 2026, HOT by Jan 2027, ULTRA HOT by Apr 2027.",Your Term loans at ACUITE hits ULTRA HOT in Apr 2027. Start ACER process by Jan 2027 to be ahead of Q2 2027 renewal rush.,D365
Spine Arthoscopic & Joint Replacement Centre Pvt. Ltd.,BRICKWORK,Term loans,C,2026-04-01,88,LOW (<90 days),Oct 2026,Jan 2027,Apr 2027,Apr 2027,7.82,Construction/Infra,Standard,"INC since Apr 2026 (88 days). MEDIUM by Oct 2026, HOT by Jan 2027, ULTRA HOT by Apr 2027.",Your Term loans at BRICKWORK hits ULTRA HOT in Apr 2027. Start ACER process by Jan 2027 to be ahead of Q2 2027 renewal rush.,D365
Spinora Tiles Pvt. Ltd.,CARE,Bank Guarantee,A 4,2026-04-29,60,LOW (<90 days),Oct 2026,Jan 2027,Apr 2027,Apr 2027,1.75,Other,Standard,"INC since Apr 2026 (60 days). MEDIUM by Oct 2026, HOT by Jan 2027, ULTRA HOT by Apr 2027.",Your Bank Guarantee at CARE hits ULTRA HOT in Apr 2027. Start ACER process by Jan 2027 to be ahead of Q2 2027 renewal rush.,D365
Spinora Tiles Pvt. Ltd.,CARE,Term loans,B-,2026-04-29,60,LOW (<90 days),Oct 2026,Jan 2027,Apr 2027,Apr 2027,9.63,Other,Standard,"INC since Apr 2026 (60 days). MEDIUM by Oct 2026, HOT by Jan 2027, ULTRA HOT by Apr 2027.",Your Term loans at CARE hits ULTRA HOT in Apr 2027. Start ACER process by Jan 2027 to be ahead of Q2 2027 renewal rush.,D365
Sree Astalaxmi Spinning Mills Pvt. Ltd.,CARE,Term loans,B-,2026-04-08,81,LOW (<90 days),Oct 2026,Jan 2027,Apr 2027,Apr 2027,1.84,Textiles,Standard,"INC since Apr 2026 (81 days). MEDIUM by Oct 2026, HOT by Jan 2027, ULTRA HOT by Apr 2027.",Your Term loans at CARE hits ULTRA HOT in Apr 2027. Start ACER process by Jan 2027 to be ahead of Q2 2027 renewal rush.,D365
Sree Krishna Automotives Hyderabad Pvt. Ltd.,IND-RA,Non-government debt,B/A4,2026-04-02,87,LOW (<90 days),Oct 2026,Jan 2027,Apr 2027,Apr 2027,85.0,Automobiles,NCD — SEBI License Required,"INC since Apr 2026 (87 days). MEDIUM by Oct 2026, HOT by Jan 2027, ULTRA HOT by Apr 2027.",Your Non-government debt at IND-RA hits ULTRA HOT in Apr 2027. Start ACER process by Jan 2027 to be ahead of Q2 2027 renewal rush.,D365
Sree Mangayarkarasi Mills Pvt. Ltd.,BRICKWORK,Bank Guarantee,A 4,2026-04-07,82,LOW (<90 days),Oct 2026,Jan 2027,Apr 2027,Apr 2027,0.05,Other,Standard,"INC since Apr 2026 (82 days). MEDIUM by Oct 2026, HOT by Jan 2027, ULTRA HOT by Apr 2027.",Your Bank Guarantee at BRICKWORK hits ULTRA HOT in Apr 2027. Start ACER process by Jan 2027 to be ahead of Q2 2027 renewal rush.,D365
Sree Mangayarkarasi Mills Pvt. Ltd.,BRICKWORK,Letter Of credit,A 4,2026-04-07,82,LOW (<90 days),Oct 2026,Jan 2027,Apr 2027,Apr 2027,4.0,Other,Standard,"INC since Apr 2026 (82 days). MEDIUM by Oct 2026, HOT by Jan 2027, ULTRA HOT by Apr 2027.",Your Letter Of credit at BRICKWORK hits ULTRA HOT in Apr 2027. Start ACER process by Jan 2027 to be ahead of Q2 2027 renewal rush.,D365
Sree Mangayarkarasi Mills Pvt. Ltd.,BRICKWORK,Term loans,C,2026-04-07,82,LOW (<90 days),Oct 2026,Jan 2027,Apr 2027,Apr 2027,2.48,Other,Standard,"INC since Apr 2026 (82 days). MEDIUM by Oct 2026, HOT by Jan 2027, ULTRA HOT by Apr 2027.",Your Term loans at BRICKWORK hits ULTRA HOT in Apr 2027. Start ACER process by Jan 2027 to be ahead of Q2 2027 renewal rush.,D365
Sree Mangayarkarasi Mills Pvt. Ltd.,CARE,Letter Of credit,A 4,2026-04-13,76,LOW (<90 days),Oct 2026,Jan 2027,Apr 2027,Apr 2027,4.0,Other,Standard,"INC since Apr 2026 (76 days). MEDIUM by Oct 2026, HOT by Jan 2027, ULTRA HOT by Apr 2027.",Your Letter Of credit at CARE hits ULTRA HOT in Apr 2027. Start ACER process by Jan 2027 to be ahead of Q2 2027 renewal rush.,D365
Sree Mangayarkarasi Mills Pvt. Ltd.,CARE,Term loans,B-,2026-04-13,76,LOW (<90 days),Oct 2026,Jan 2027,Apr 2027,Apr 2027,2.27,Other,Standard,"INC since Apr 2026 (76 days). MEDIUM by Oct 2026, HOT by Jan 2027, ULTRA HOT by Apr 2027.",Your Term loans at CARE hits ULTRA HOT in Apr 2027. Start ACER process by Jan 2027 to be ahead of Q2 2027 renewal rush.,D365
Sri Anagha Refineries Pvt. Ltd.,CARE,Letter Of credit,A 4,2026-04-20,69,LOW (<90 days),Oct 2026,Jan 2027,Apr 2027,Apr 2027,85.6,Other,Standard,"INC since Apr 2026 (69 days). MEDIUM by Oct 2026, HOT by Jan 2027, ULTRA HOT by Apr 2027.",Your Letter Of credit at CARE hits ULTRA HOT in Apr 2027. Start ACER process by Jan 2027 to be ahead of Q2 2027 renewal rush.,D365
Sri Anagha Refineries Pvt. Ltd.,CARE,Non-fund-based financial facility/instrument,A 4,2026-04-20,69,LOW (<90 days),Oct 2026,Jan 2027,Apr 2027,Apr 2027,0.4,Other,Standard,"INC since Apr 2026 (69 days). MEDIUM by Oct 2026, HOT by Jan 2027, ULTRA HOT by Apr 2027.",Your Non-fund-based financial facility/instrument at CARE hits ULTRA HOT in Apr 2027. Start ACER process by Jan 2027 to be ahead of Q2 2027 renewal rush.,D365
Sri Durga Condev Pvt. Ltd.,CRISIL,Bank Guarantee,A 4,2026-04-28,61,LOW (<90 days),Oct 2026,Jan 2027,Apr 2027,Apr 2027,109.5,Other,Standard,"INC since Apr 2026 (61 days). MEDIUM by Oct 2026, HOT by Jan 2027, ULTRA HOT by Apr 2027.",Your Bank Guarantee at CRISIL hits ULTRA HOT in Apr 2027. Start ACER process by Jan 2027 to be ahead of Q2 2027 renewal rush.,D365
Sri Durga Condev Pvt. Ltd.,CRISIL,Fund based financial facility/instrument,B,2026-04-28,61,LOW (<90 days),Oct 2026,Jan 2027,Apr 2027,Apr 2027,2.5,Other,Standard,"INC since Apr 2026 (61 days). MEDIUM by Oct 2026, HOT by Jan 2027, ULTRA HOT by Apr 2027.",Your Fund based financial facility/instrument at CRISIL hits ULTRA HOT in Apr 2027. Start ACER process by Jan 2027 to be ahead of Q2 2027 renewal rush.,D365
Sri Jayalakshmi Automotives Pvt. Ltd.,ICRA,Term loans,B+,2026-04-29,60,LOW (<90 days),Oct 2026,Jan 2027,Apr 2027,Apr 2027,108.86,Automobiles,Standard,"INC since Apr 2026 (60 days). MEDIUM by Oct 2026, HOT by Jan 2027, ULTRA HOT by Apr 2027.",Your Term loans at ICRA hits ULTRA HOT in Apr 2027. Start ACER process by Jan 2027 to be ahead of Q2 2027 renewal rush.,D365
Sri Karpagam Mills India Pvt. Ltd.,CARE,Bank Guarantee,D,2026-04-13,76,LOW (<90 days),Oct 2026,Jan 2027,Apr 2027,Apr 2027,0.5,Other,Standard,"INC since Apr 2026 (76 days). MEDIUM by Oct 2026, HOT by Jan 2027, ULTRA HOT by Apr 2027.",Your Bank Guarantee at CARE hits ULTRA HOT in Apr 2027. Start ACER process by Jan 2027 to be ahead of Q2 2027 renewal rush.,D365
Sri Karpagam Mills India Pvt. Ltd.,CARE,Letter Of credit,D,2026-04-13,76,LOW (<90 days),Oct 2026,Jan 2027,Apr 2027,Apr 2027,5.95,Other,Standard,"INC since Apr 2026 (76 days). MEDIUM by Oct 2026, HOT by Jan 2027, ULTRA HOT by Apr 2027.",Your Letter Of credit at CARE hits ULTRA HOT in Apr 2027. Start ACER process by Jan 2027 to be ahead of Q2 2027 renewal rush.,D365
Sri Karpagam Mills India Pvt. Ltd.,CARE,Term loans,D,2026-04-13,76,LOW (<90 days),Oct 2026,Jan 2027,Apr 2027,Apr 2027,19.6,Other,Standard,"INC since Apr 2026 (76 days). MEDIUM by Oct 2026, HOT by Jan 2027, ULTRA HOT by Apr 2027.",Your Term loans at CARE hits ULTRA HOT in Apr 2027. Start ACER process by Jan 2027 to be ahead of Q2 2027 renewal rush.,D365
Sri Power Generation (India) Pvt. Ltd. [Merged],IND-RA,Non-government debt,B-/A4,2026-04-02,87,LOW (<90 days),Oct 2026,Jan 2027,Apr 2027,Apr 2027,8.25,Energy/Power,NCD — SEBI License Required,"INC since Apr 2026 (87 days). MEDIUM by Oct 2026, HOT by Jan 2027, ULTRA HOT by Apr 2027.",Your Non-government debt at IND-RA hits ULTRA HOT in Apr 2027. Start ACER process by Jan 2027 to be ahead of Q2 2027 renewal rush.,D365
Sri Seshasai Spg. Mills Pvt. Ltd.,CRISIL,Fund based financial facility/instrument,B,2026-04-30,59,LOW (<90 days),Oct 2026,Jan 2027,Apr 2027,Apr 2027,0.32,Other,Standard,"INC since Apr 2026 (59 days). MEDIUM by Oct 2026, HOT by Jan 2027, ULTRA HOT by Apr 2027.",Your Fund based financial facility/instrument at CRISIL hits ULTRA HOT in Apr 2027. Start ACER process by Jan 2027 to be ahead of Q2 2027 renewal rush.,D365
Sri Seshasai Spg. Mills Pvt. Ltd.,CRISIL,Long term Loans,B,2026-04-30,59,LOW (<90 days),Oct 2026,Jan 2027,Apr 2027,Apr 2027,6.68,Other,Standard,"INC since Apr 2026 (59 days). MEDIUM by Oct 2026, HOT by Jan 2027, ULTRA HOT by Apr 2027.",Your Long term Loans at CRISIL hits ULTRA HOT in Apr 2027. Start ACER process by Jan 2027 to be ahead of Q2 2027 renewal rush.,D365
Sri Vaishnavi Spintex (India) Pvt. Ltd.,IND-RA,Non-government debt,B-/A4,2026-04-02,87,LOW (<90 days),Oct 2026,Jan 2027,Apr 2027,Apr 2027,14.0,Other,NCD — SEBI License Required,"INC since Apr 2026 (87 days). MEDIUM by Oct 2026, HOT by Jan 2027, ULTRA HOT by Apr 2027.",Your Non-government debt at IND-RA hits ULTRA HOT in Apr 2027. Start ACER process by Jan 2027 to be ahead of Q2 2027 renewal rush.,D365
Sri Venkata Srinivasa Oils Pvt. Ltd.,CARE,Term loans,B+,2026-04-08,81,LOW (<90 days),Oct 2026,Jan 2027,Apr 2027,Apr 2027,9.5,Agro/Food,Standard,"INC since Apr 2026 (81 days). MEDIUM by Oct 2026, HOT by Jan 2027, ULTRA HOT by Apr 2027.",Your Term loans at CARE hits ULTRA HOT in Apr 2027. Start ACER process by Jan 2027 to be ahead of Q2 2027 renewal rush.,D365
Sri Venkata Umasankar Spintex Pvt. Ltd.,ICRA,Term loans,D,2026-04-27,62,LOW (<90 days),Oct 2026,Jan 2027,Apr 2027,Apr 2027,33.0,Other,Standard,"INC since Apr 2026 (62 days). MEDIUM by Oct 2026, HOT by Jan 2027, ULTRA HOT by Apr 2027.",Your Term loans at ICRA hits ULTRA HOT in Apr 2027. Start ACER process by Jan 2027 to be ahead of Q2 2027 renewal rush.,D365
Sri Venkatesh Granites Pvt. Ltd.,CRISIL,Long term Loans,B,2026-04-30,59,LOW (<90 days),Oct 2026,Jan 2027,Apr 2027,Apr 2027,8.0,Mining/Minerals,Standard,"INC since Apr 2026 (59 days). MEDIUM by Oct 2026, HOT by Jan 2027, ULTRA HOT by Apr 2027.",Your Long term Loans at CRISIL hits ULTRA HOT in Apr 2027. Start ACER process by Jan 2027 to be ahead of Q2 2027 renewal rush.,D365
Srikar Laboratories Pvt. Ltd.,IND-RA,Term loans,D,2026-04-02,87,LOW (<90 days),Oct 2026,Jan 2027,Apr 2027,Apr 2027,9.06,Other,Standard,"INC since Apr 2026 (87 days). MEDIUM by Oct 2026, HOT by Jan 2027, ULTRA HOT by Apr 2027.",Your Term loans at IND-RA hits ULTRA HOT in Apr 2027. Start ACER process by Jan 2027 to be ahead of Q2 2027 renewal rush.,D365
Star Agro Marine Exports Pvt. Ltd.,CRISIL,Letter Of credit,D,2026-04-10,79,LOW (<90 days),Oct 2026,Jan 2027,Apr 2027,Apr 2027,14.0,Agro/Food,Standard,"INC since Apr 2026 (79 days). MEDIUM by Oct 2026, HOT by Jan 2027, ULTRA HOT by Apr 2027.",Your Letter Of credit at CRISIL hits ULTRA HOT in Apr 2027. Start ACER process by Jan 2027 to be ahead of Q2 2027 renewal rush.,D365
Star Agro Marine Exports Pvt. Ltd.,CRISIL,Letter Of credit,D,2026-04-10,79,LOW (<90 days),Oct 2026,Jan 2027,Apr 2027,Apr 2027,96.0,Agro/Food,Standard,"INC since Apr 2026 (79 days). MEDIUM by Oct 2026, HOT by Jan 2027, ULTRA HOT by Apr 2027.",Your Letter Of credit at CRISIL hits ULTRA HOT in Apr 2027. Start ACER process by Jan 2027 to be ahead of Q2 2027 renewal rush.,D365
Star Agro Marine Exports Pvt. Ltd.,CRISIL,Long term Loans,D,2026-04-10,79,LOW (<90 days),Oct 2026,Jan 2027,Apr 2027,Apr 2027,17.45,Agro/Food,Standard,"INC since Apr 2026 (79 days). MEDIUM by Oct 2026, HOT by Jan 2027, ULTRA HOT by Apr 2027.",Your Long term Loans at CRISIL hits ULTRA HOT in Apr 2027. Start ACER process by Jan 2027 to be ahead of Q2 2027 renewal rush.,D365
Star Engineers (India) Pvt. Ltd.,CARE,Letter Of credit,A 4,2026-04-10,79,LOW (<90 days),Oct 2026,Jan 2027,Apr 2027,Apr 2027,3.0,Other,Standard,"INC since Apr 2026 (79 days). MEDIUM by Oct 2026, HOT by Jan 2027, ULTRA HOT by Apr 2027.",Your Letter Of credit at CARE hits ULTRA HOT in Apr 2027. Start ACER process by Jan 2027 to be ahead of Q2 2027 renewal rush.,D365
Star Engineers (India) Pvt. Ltd.,CARE,Non-government debt,BB/A4,2026-04-10,79,LOW (<90 days),Oct 2026,Jan 2027,Apr 2027,Apr 2027,9.0,Other,NCD — SEBI License Required,"INC since Apr 2026 (79 days). MEDIUM by Oct 2026, HOT by Jan 2027, ULTRA HOT by Apr 2027.",Your Non-government debt at CARE hits ULTRA HOT in Apr 2027. Start ACER process by Jan 2027 to be ahead of Q2 2027 renewal rush.,D365
Star Engineers (India) Pvt. Ltd.,CARE,Term loans,BB,2026-04-10,79,LOW (<90 days),Oct 2026,Jan 2027,Apr 2027,Apr 2027,6.15,Other,Standard,"INC since Apr 2026 (79 days). MEDIUM by Oct 2026, HOT by Jan 2027, ULTRA HOT by Apr 2027.",Your Term loans at CARE hits ULTRA HOT in Apr 2027. Start ACER process by Jan 2027 to be ahead of Q2 2027 renewal rush.,D365
Starcon Infra Projects India Pvt. Ltd.,CRISIL,Bank Guarantee,A 4,2026-04-29,60,LOW (<90 days),Oct 2026,Jan 2027,Apr 2027,Apr 2027,15.0,Construction/Infra,Standard,"INC since Apr 2026 (60 days). MEDIUM by Oct 2026, HOT by Jan 2027, ULTRA HOT by Apr 2027.",Your Bank Guarantee at CRISIL hits ULTRA HOT in Apr 2027. Start ACER process by Jan 2027 to be ahead of Q2 2027 renewal rush.,D365
Starline Cars Pvt. Ltd.,CRISIL,Fund based financial facility/instrument,B,2026-04-09,80,LOW (<90 days),Oct 2026,Jan 2027,Apr 2027,Apr 2027,67.0,Other,Standard,"INC since Apr 2026 (80 days). MEDIUM by Oct 2026, HOT by Jan 2027, ULTRA HOT by Apr 2027.",Your Fund based financial facility/instrument at CRISIL hits ULTRA HOT in Apr 2027. Start ACER process by Jan 2027 to be ahead of Q2 2027 renewal rush.,D365
Starwing Plastic & Chemicals Pvt. Ltd.,IND-RA,Non-government debt,B-/A4,2026-04-02,87,LOW (<90 days),Oct 2026,Jan 2027,Apr 2027,Apr 2027,15.0,Chemicals/Pharma,NCD — SEBI License Required,"INC since Apr 2026 (87 days). MEDIUM by Oct 2026, HOT by Jan 2027, ULTRA HOT by Apr 2027.",Your Non-government debt at IND-RA hits ULTRA HOT in Apr 2027. Start ACER process by Jan 2027 to be ahead of Q2 2027 renewal rush.,D365
Steamline Industries Ltd.,BRICKWORK,Bank Guarantee,D,2026-04-01,88,LOW (<90 days),Oct 2026,Jan 2027,Apr 2027,Apr 2027,1.5,Other,Standard,"INC since Apr 2026 (88 days). MEDIUM by Oct 2026, HOT by Jan 2027, ULTRA HOT by Apr 2027.",Your Bank Guarantee at BRICKWORK hits ULTRA HOT in Apr 2027. Start ACER process by Jan 2027 to be ahead of Q2 2027 renewal rush.,D365
Steamline Industries Ltd.,BRICKWORK,Letter Of credit,D,2026-04-01,88,LOW (<90 days),Oct 2026,Jan 2027,Apr 2027,Apr 2027,35.0,Other,Standard,"INC since Apr 2026 (88 days). MEDIUM by Oct 2026, HOT by Jan 2027, ULTRA HOT by Apr 2027.",Your Letter Of credit at BRICKWORK hits ULTRA HOT in Apr 2027. Start ACER process by Jan 2027 to be ahead of Q2 2027 renewal rush.,D365
Stellar Innovative Transportation Solutions Pvt. Ltd.,CRISIL,Bank Guarantee,A 4,2026-04-20,69,LOW (<90 days),Oct 2026,Jan 2027,Apr 2027,Apr 2027,0.3,Logistics,Standard,"INC since Apr 2026 (69 days). MEDIUM by Oct 2026, HOT by Jan 2027, ULTRA HOT by Apr 2027.",Your Bank Guarantee at CRISIL hits ULTRA HOT in Apr 2027. Start ACER process by Jan 2027 to be ahead of Q2 2027 renewal rush.,D365
Stellar Innovative Transportation Solutions Pvt. Ltd.,CRISIL,Long term Loans,B,2026-04-20,69,LOW (<90 days),Oct 2026,Jan 2027,Apr 2027,Apr 2027,4.5,Logistics,Standard,"INC since Apr 2026 (69 days). MEDIUM by Oct 2026, HOT by Jan 2027, ULTRA HOT by Apr 2027.",Your Long term Loans at CRISIL hits ULTRA HOT in Apr 2027. Start ACER process by Jan 2027 to be ahead of Q2 2027 renewal rush.,D365
Stellence Pharmscience Pvt. Ltd.,BRICKWORK,Term loans,D,2026-04-06,83,LOW (<90 days),Oct 2026,Jan 2027,Apr 2027,Apr 2027,16.6,Other,Standard,"INC since Apr 2026 (83 days). MEDIUM by Oct 2026, HOT by Jan 2027, ULTRA HOT by Apr 2027.",Your Term loans at BRICKWORK hits ULTRA HOT in Apr 2027. Start ACER process by Jan 2027 to be ahead of Q2 2027 renewal rush.,D365
Straddle Industries Pvt. Ltd.,IND-RA,Non-government debt,B-/A4,2026-04-02,87,LOW (<90 days),Oct 2026,Jan 2027,Apr 2027,Apr 2027,20.0,Other,NCD — SEBI License Required,"INC since Apr 2026 (87 days). MEDIUM by Oct 2026, HOT by Jan 2027, ULTRA HOT by Apr 2027.",Your Non-government debt at IND-RA hits ULTRA HOT in Apr 2027. Start ACER process by Jan 2027 to be ahead of Q2 2027 renewal rush.,D365
Strongbuilt Constructions Pvt. Ltd.,ACUITE,Bank Guarantee,A 4+,2026-04-13,76,LOW (<90 days),Oct 2026,Jan 2027,Apr 2027,Apr 2027,7.5,Construction/Infra,Standard,"INC since Apr 2026 (76 days). MEDIUM by Oct 2026, HOT by Jan 2027, ULTRA HOT by Apr 2027.",Your Bank Guarantee at ACUITE hits ULTRA HOT in Apr 2027. Start ACER process by Jan 2027 to be ahead of Q2 2027 renewal rush.,D365
Strongbuilt Constructions Pvt. Ltd.,ACUITE,Letter Of credit,A 4+,2026-04-13,76,LOW (<90 days),Oct 2026,Jan 2027,Apr 2027,Apr 2027,5.0,Construction/Infra,Standard,"INC since Apr 2026 (76 days). MEDIUM by Oct 2026, HOT by Jan 2027, ULTRA HOT by Apr 2027.",Your Letter Of credit at ACUITE hits ULTRA HOT in Apr 2027. Start ACER process by Jan 2027 to be ahead of Q2 2027 renewal rush.,D365
Strongbuilt Constructions Pvt. Ltd.,ACUITE,Short-term loan,A 4+,2026-04-13,76,LOW (<90 days),Oct 2026,Jan 2027,Apr 2027,Apr 2027,25.0,Construction/Infra,Standard,"INC since Apr 2026 (76 days). MEDIUM by Oct 2026, HOT by Jan 2027, ULTRA HOT by Apr 2027.",Your Short-term loan at ACUITE hits ULTRA HOT in Apr 2027. Start ACER process by Jan 2027 to be ahead of Q2 2027 renewal rush.,D365
Su-Solartech Systems Pvt. Ltd.,ACUITE,Bank Guarantee,A 4,2026-04-23,66,LOW (<90 days),Oct 2026,Jan 2027,Apr 2027,Apr 2027,3.0,Energy/Power,Standard,"INC since Apr 2026 (66 days). MEDIUM by Oct 2026, HOT by Jan 2027, ULTRA HOT by Apr 2027.",Your Bank Guarantee at ACUITE hits ULTRA HOT in Apr 2027. Start ACER process by Jan 2027 to be ahead of Q2 2027 renewal rush.,D365
Su-Solartech Systems Pvt. Ltd.,ACUITE,Letter Of credit,A 4,2026-04-23,66,LOW (<90 days),Oct 2026,Jan 2027,Apr 2027,Apr 2027,1.5,Energy/Power,Standard,"INC since Apr 2026 (66 days). MEDIUM by Oct 2026, HOT by Jan 2027, ULTRA HOT by Apr 2027.",Your Letter Of credit at ACUITE hits ULTRA HOT in Apr 2027. Start ACER process by Jan 2027 to be ahead of Q2 2027 renewal rush.,D365
Su-Solartech Systems Pvt. Ltd.,ACUITE,Long term Loans,B-,2026-04-23,66,LOW (<90 days),Oct 2026,Jan 2027,Apr 2027,Apr 2027,1.5,Energy/Power,Standard,"INC since Apr 2026 (66 days). MEDIUM by Oct 2026, HOT by Jan 2027, ULTRA HOT by Apr 2027.",Your Long term Loans at ACUITE hits ULTRA HOT in Apr 2027. Start ACER process by Jan 2027 to be ahead of Q2 2027 renewal rush.,D365
Su-Solartech Systems Pvt. Ltd.,ACUITE,Short-term loan,A 4,2026-04-23,66,LOW (<90 days),Oct 2026,Jan 2027,Apr 2027,Apr 2027,4.5,Energy/Power,Standard,"INC since Apr 2026 (66 days). MEDIUM by Oct 2026, HOT by Jan 2027, ULTRA HOT by Apr 2027.",Your Short-term loan at ACUITE hits ULTRA HOT in Apr 2027. Start ACER process by Jan 2027 to be ahead of Q2 2027 renewal rush.,D365
Su-Solartech Systems Pvt. Ltd.,CRISIL,Bank Guarantee,A 4,2026-04-30,59,LOW (<90 days),Oct 2026,Jan 2027,Apr 2027,Apr 2027,7.0,Energy/Power,Standard,"INC since Apr 2026 (59 days). MEDIUM by Oct 2026, HOT by Jan 2027, ULTRA HOT by Apr 2027.",Your Bank Guarantee at CRISIL hits ULTRA HOT in Apr 2027. Start ACER process by Jan 2027 to be ahead of Q2 2027 renewal rush.,D365
Su-Solartech Systems Pvt. Ltd.,CRISIL,Bank Guarantee,A 4,2026-04-30,59,LOW (<90 days),Oct 2026,Jan 2027,Apr 2027,Apr 2027,4.0,Energy/Power,Standard,"INC since Apr 2026 (59 days). MEDIUM by Oct 2026, HOT by Jan 2027, ULTRA HOT by Apr 2027.",Your Bank Guarantee at CRISIL hits ULTRA HOT in Apr 2027. Start ACER process by Jan 2027 to be ahead of Q2 2027 renewal rush.,D365
Su-Solartech Systems Pvt. Ltd.,CRISIL,Fund based financial facility/instrument,B,2026-04-30,59,LOW (<90 days),Oct 2026,Jan 2027,Apr 2027,Apr 2027,2.0,Energy/Power,Standard,"INC since Apr 2026 (59 days). MEDIUM by Oct 2026, HOT by Jan 2027, ULTRA HOT by Apr 2027.",Your Fund based financial facility/instrument at CRISIL hits ULTRA HOT in Apr 2027. Start ACER process by Jan 2027 to be ahead of Q2 2027 renewal rush.,D365
Subhash Distributors Ltd.,BRICKWORK,Bank Guarantee,A 4,2026-04-02,87,LOW (<90 days),Oct 2026,Jan 2027,Apr 2027,Apr 2027,5.25,Other,Standard,"INC since Apr 2026 (87 days). MEDIUM by Oct 2026, HOT by Jan 2027, ULTRA HOT by Apr 2027.",Your Bank Guarantee at BRICKWORK hits ULTRA HOT in Apr 2027. Start ACER process by Jan 2027 to be ahead of Q2 2027 renewal rush.,D365
Subray Catal Chem Pvt. Ltd.,CRISIL,Letter Of credit,A 4,2026-04-28,61,LOW (<90 days),Oct 2026,Jan 2027,Apr 2027,Apr 2027,30.0,Chemicals/Pharma,Standard,"INC since Apr 2026 (61 days). MEDIUM by Oct 2026, HOT by Jan 2027, ULTRA HOT by Apr 2027.",Your Letter Of credit at CRISIL hits ULTRA HOT in Apr 2027. Start ACER process by Jan 2027 to be ahead of Q2 2027 renewal rush.,D365
Subray Catal Chem Pvt. Ltd.,CRISIL,Non-fund-based financial facility/instrument,A 4,2026-04-28,61,LOW (<90 days),Oct 2026,Jan 2027,Apr 2027,Apr 2027,0.3,Chemicals/Pharma,Standard,"INC since Apr 2026 (61 days). MEDIUM by Oct 2026, HOT by Jan 2027, ULTRA HOT by Apr 2027.",Your Non-fund-based financial facility/instrument at CRISIL hits ULTRA HOT in Apr 2027. Start ACER process by Jan 2027 to be ahead of Q2 2027 renewal rush.,D365
Sujata Udit Builders Pvt. Ltd.,CARE,Bank Guarantee,A 4,2026-04-17,72,LOW (<90 days),Oct 2026,Jan 2027,Apr 2027,Apr 2027,4.31,Construction/Infra,Standard,"INC since Apr 2026 (72 days). MEDIUM by Oct 2026, HOT by Jan 2027, ULTRA HOT by Apr 2027.",Your Bank Guarantee at CARE hits ULTRA HOT in Apr 2027. Start ACER process by Jan 2027 to be ahead of Q2 2027 renewal rush.,D365
Sukata Tractor Parts Pvt. Ltd.,IND-RA,Non-government debt,B-/A4,2026-04-02,87,LOW (<90 days),Oct 2026,Jan 2027,Apr 2027,Apr 2027,6.44,Automobiles,NCD — SEBI License Required,"INC since Apr 2026 (87 days). MEDIUM by Oct 2026, HOT by Jan 2027, ULTRA HOT by Apr 2027.",Your Non-government debt at IND-RA hits ULTRA HOT in Apr 2027. Start ACER process by Jan 2027 to be ahead of Q2 2027 renewal rush.,D365
Sumeet Facilities Ltd.,BRICKWORK,Bank Guarantee,A 4,2026-04-08,81,LOW (<90 days),Oct 2026,Jan 2027,Apr 2027,Apr 2027,24.24,Other,Standard,"INC since Apr 2026 (81 days). MEDIUM by Oct 2026, HOT by Jan 2027, ULTRA HOT by Apr 2027.",Your Bank Guarantee at BRICKWORK hits ULTRA HOT in Apr 2027. Start ACER process by Jan 2027 to be ahead of Q2 2027 renewal rush.,D365
Sumeet Facilities Ltd.,BRICKWORK,Term loans,B+,2026-04-08,81,LOW (<90 days),Oct 2026,Jan 2027,Apr 2027,Apr 2027,4.46,Other,Standard,"INC since Apr 2026 (81 days). MEDIUM by Oct 2026, HOT by Jan 2027, ULTRA HOT by Apr 2027.",Your Term loans at BRICKWORK hits ULTRA HOT in Apr 2027. Start ACER process by Jan 2027 to be ahead of Q2 2027 renewal rush.,D365
Sundaram Mahadeo Autoworld Pvt. Ltd.,CRISIL,Fund based financial facility/instrument,B,2026-04-28,61,LOW (<90 days),Oct 2026,Jan 2027,Apr 2027,Apr 2027,4.0,Automobiles,Standard,"INC since Apr 2026 (61 days). MEDIUM by Oct 2026, HOT by Jan 2027, ULTRA HOT by Apr 2027.",Your Fund based financial facility/instrument at CRISIL hits ULTRA HOT in Apr 2027. Start ACER process by Jan 2027 to be ahead of Q2 2027 renewal rush.,D365
Sundaram Mahadeo Autoworld Pvt. Ltd.,CRISIL,Term loans,B,2026-04-28,61,LOW (<90 days),Oct 2026,Jan 2027,Apr 2027,Apr 2027,1.5,Automobiles,Standard,"INC since Apr 2026 (61 days). MEDIUM by Oct 2026, HOT by Jan 2027, ULTRA HOT by Apr 2027.",Your Term loans at CRISIL hits ULTRA HOT in Apr 2027. Start ACER process by Jan 2027 to be ahead of Q2 2027 renewal rush.,D365
Sundaram Steels Pvt. Ltd.,CARE,Term loans,B,2026-04-24,65,LOW (<90 days),Oct 2026,Jan 2027,Apr 2027,Apr 2027,12.07,Steel & Metals,Standard,"INC since Apr 2026 (65 days). MEDIUM by Oct 2026, HOT by Jan 2027, ULTRA HOT by Apr 2027.",Your Term loans at CARE hits ULTRA HOT in Apr 2027. Start ACER process by Jan 2027 to be ahead of Q2 2027 renewal rush.,D365
Sunplast Electronics Pvt. Ltd.,BRICKWORK,Non-government debt,B+/A4,2026-04-07,82,LOW (<90 days),Oct 2026,Jan 2027,Apr 2027,Apr 2027,34.0,Other,NCD — SEBI License Required,"INC since Apr 2026 (82 days). MEDIUM by Oct 2026, HOT by Jan 2027, ULTRA HOT by Apr 2027.",Your Non-government debt at BRICKWORK hits ULTRA HOT in Apr 2027. Start ACER process by Jan 2027 to be ahead of Q2 2027 renewal rush.,D365
Sunplast Electronics Pvt. Ltd.,BRICKWORK,Non-government debt,B+/A4,2026-04-07,82,LOW (<90 days),Oct 2026,Jan 2027,Apr 2027,Apr 2027,15.0,Other,NCD — SEBI License Required,"INC since Apr 2026 (82 days). MEDIUM by Oct 2026, HOT by Jan 2027, ULTRA HOT by Apr 2027.",Your Non-government debt at BRICKWORK hits ULTRA HOT in Apr 2027. Start ACER process by Jan 2027 to be ahead of Q2 2027 renewal rush.,D365
Sunrise Integrated Facility Pvt. Ltd.,BRICKWORK,Bank Guarantee,A 4,2026-04-07,82,LOW (<90 days),Oct 2026,Jan 2027,Apr 2027,Apr 2027,0.5,Other,Standard,"INC since Apr 2026 (82 days). MEDIUM by Oct 2026, HOT by Jan 2027, ULTRA HOT by Apr 2027.",Your Bank Guarantee at BRICKWORK hits ULTRA HOT in Apr 2027. Start ACER process by Jan 2027 to be ahead of Q2 2027 renewal rush.,D365
Super Hoze Inds. Pvt. Ltd.,CRISIL,Letter Of credit,A 4,2026-04-09,80,LOW (<90 days),Oct 2026,Jan 2027,Apr 2027,Apr 2027,4.0,Other,Standard,"INC since Apr 2026 (80 days). MEDIUM by Oct 2026, HOT by Jan 2027, ULTRA HOT by Apr 2027.",Your Letter Of credit at CRISIL hits ULTRA HOT in Apr 2027. Start ACER process by Jan 2027 to be ahead of Q2 2027 renewal rush.,D365
Super Hoze Inds. Pvt. Ltd.,CRISIL,Term loans,B,2026-04-09,80,LOW (<90 days),Oct 2026,Jan 2027,Apr 2027,Apr 2027,24.0,Other,Standard,"INC since Apr 2026 (80 days). MEDIUM by Oct 2026, HOT by Jan 2027, ULTRA HOT by Apr 2027.",Your Term loans at CRISIL hits ULTRA HOT in Apr 2027. Start ACER process by Jan 2027 to be ahead of Q2 2027 renewal rush.,D365
Super Screws Pvt. Ltd.,CRISIL,Letter Of credit,A 4,2026-04-09,80,LOW (<90 days),Oct 2026,Jan 2027,Apr 2027,Apr 2027,8.5,Other,Standard,"INC since Apr 2026 (80 days). MEDIUM by Oct 2026, HOT by Jan 2027, ULTRA HOT by Apr 2027.",Your Letter Of credit at CRISIL hits ULTRA HOT in Apr 2027. Start ACER process by Jan 2027 to be ahead of Q2 2027 renewal rush.,D365
Super Screws Pvt. Ltd.,CRISIL,Long term Loans,B,2026-04-09,80,LOW (<90 days),Oct 2026,Jan 2027,Apr 2027,Apr 2027,26.5,Other,Standard,"INC since Apr 2026 (80 days). MEDIUM by Oct 2026, HOT by Jan 2027, ULTRA HOT by Apr 2027.",Your Long term Loans at CRISIL hits ULTRA HOT in Apr 2027. Start ACER process by Jan 2027 to be ahead of Q2 2027 renewal rush.,D365
Supermint Exports Pvt. Ltd.,CARE,Non-government debt,B/A4,2026-04-08,81,LOW (<90 days),Oct 2026,Jan 2027,Apr 2027,Apr 2027,4.11,Other,NCD — SEBI License Required,"INC since Apr 2026 (81 days). MEDIUM by Oct 2026, HOT by Jan 2027, ULTRA HOT by Apr 2027.",Your Non-government debt at CARE hits ULTRA HOT in Apr 2027. Start ACER process by Jan 2027 to be ahead of Q2 2027 renewal rush.,D365
Supermint Exports Pvt. Ltd.,CARE,Short-term loan,A 4,2026-04-08,81,LOW (<90 days),Oct 2026,Jan 2027,Apr 2027,Apr 2027,24.23,Other,Standard,"INC since Apr 2026 (81 days). MEDIUM by Oct 2026, HOT by Jan 2027, ULTRA HOT by Apr 2027.",Your Short-term loan at CARE hits ULTRA HOT in Apr 2027. Start ACER process by Jan 2027 to be ahead of Q2 2027 renewal rush.,D365
Supermint Exports Pvt. Ltd.,CARE,Term loans,B,2026-04-08,81,LOW (<90 days),Oct 2026,Jan 2027,Apr 2027,Apr 2027,12.91,Other,Standard,"INC since Apr 2026 (81 days). MEDIUM by Oct 2026, HOT by Jan 2027, ULTRA HOT by Apr 2027.",Your Term loans at CARE hits ULTRA HOT in Apr 2027. Start ACER process by Jan 2027 to be ahead of Q2 2027 renewal rush.,D365
Supreme Manor Wada Bhiwandi Infrastructure Pvt. Ltd.,CRISIL,Term loans,D,2026-04-06,83,LOW (<90 days),Oct 2026,Jan 2027,Apr 2027,Apr 2027,377.0,Construction/Infra,Standard,"INC since Apr 2026 (83 days). MEDIUM by Oct 2026, HOT by Jan 2027, ULTRA HOT by Apr 2027.",Your Term loans at CRISIL hits ULTRA HOT in Apr 2027. Start ACER process by Jan 2027 to be ahead of Q2 2027 renewal rush.,D365
Surana Telecom & Power Ltd.,CARE,Bank Guarantee,A 4,2026-04-07,82,LOW (<90 days),Oct 2026,Jan 2027,Apr 2027,Apr 2027,3.5,Energy/Power,Standard,"INC since Apr 2026 (82 days). MEDIUM by Oct 2026, HOT by Jan 2027, ULTRA HOT by Apr 2027.",Your Bank Guarantee at CARE hits ULTRA HOT in Apr 2027. Start ACER process by Jan 2027 to be ahead of Q2 2027 renewal rush.,D365
Surana Telecom & Power Ltd.,CARE,Term loans,BB-,2026-04-07,82,LOW (<90 days),Oct 2026,Jan 2027,Apr 2027,Apr 2027,32.21,Energy/Power,Standard,"INC since Apr 2026 (82 days). MEDIUM by Oct 2026, HOT by Jan 2027, ULTRA HOT by Apr 2027.",Your Term loans at CARE hits ULTRA HOT in Apr 2027. Start ACER process by Jan 2027 to be ahead of Q2 2027 renewal rush.,D365
Surya Contractors Pvt. Ltd.,BRICKWORK,Bank Guarantee,B,2026-04-02,87,LOW (<90 days),Oct 2026,Jan 2027,Apr 2027,Apr 2027,30.0,Automobiles,Standard,"INC since Apr 2026 (87 days). MEDIUM by Oct 2026, HOT by Jan 2027, ULTRA HOT by Apr 2027.",Your Bank Guarantee at BRICKWORK hits ULTRA HOT in Apr 2027. Start ACER process by Jan 2027 to be ahead of Q2 2027 renewal rush.,D365
Surya Global Hospitals Pvt. Ltd.,ACUITE,Term loans,B-,2026-04-15,74,LOW (<90 days),Oct 2026,Jan 2027,Apr 2027,Apr 2027,10.0,Healthcare,Standard,"INC since Apr 2026 (74 days). MEDIUM by Oct 2026, HOT by Jan 2027, ULTRA HOT by Apr 2027.",Your Term loans at ACUITE hits ULTRA HOT in Apr 2027. Start ACER process by Jan 2027 to be ahead of Q2 2027 renewal rush.,D365
Suyash Chemical & Fertilizer Pvt. Ltd.,BRICKWORK,Bank Guarantee,B+,2026-04-06,83,LOW (<90 days),Oct 2026,Jan 2027,Apr 2027,Apr 2027,11.16,Chemicals/Pharma,Standard,"INC since Apr 2026 (83 days). MEDIUM by Oct 2026, HOT by Jan 2027, ULTRA HOT by Apr 2027.",Your Bank Guarantee at BRICKWORK hits ULTRA HOT in Apr 2027. Start ACER process by Jan 2027 to be ahead of Q2 2027 renewal rush.,D365
Suyash Chemical & Fertilizer Pvt. Ltd.,BRICKWORK,Fund based financial facility/instrument,B+,2026-04-06,83,LOW (<90 days),Oct 2026,Jan 2027,Apr 2027,Apr 2027,5.8,Chemicals/Pharma,Standard,"INC since Apr 2026 (83 days). MEDIUM by Oct 2026, HOT by Jan 2027, ULTRA HOT by Apr 2027.",Your Fund based financial facility/instrument at BRICKWORK hits ULTRA HOT in Apr 2027. Start ACER process by Jan 2027 to be ahead of Q2 2027 renewal rush.,D365
Suyash Chemical & Fertilizer Pvt. Ltd.,BRICKWORK,Term loans,B+,2026-04-06,83,LOW (<90 days),Oct 2026,Jan 2027,Apr 2027,Apr 2027,5.27,Chemicals/Pharma,Standard,"INC since Apr 2026 (83 days). MEDIUM by Oct 2026, HOT by Jan 2027, ULTRA HOT by Apr 2027.",Your Term loans at BRICKWORK hits ULTRA HOT in Apr 2027. Start ACER process by Jan 2027 to be ahead of Q2 2027 renewal rush.,D365
Suyash Chemical & Fertilizer Pvt. Ltd.,CARE,Bank Guarantee,B,2026-04-16,73,LOW (<90 days),Oct 2026,Jan 2027,Apr 2027,Apr 2027,2.37,Chemicals/Pharma,Standard,"INC since Apr 2026 (73 days). MEDIUM by Oct 2026, HOT by Jan 2027, ULTRA HOT by Apr 2027.",Your Bank Guarantee at CARE hits ULTRA HOT in Apr 2027. Start ACER process by Jan 2027 to be ahead of Q2 2027 renewal rush.,D365
Suyash Chemical & Fertilizer Pvt. Ltd.,CARE,Term loans,B,2026-04-16,73,LOW (<90 days),Oct 2026,Jan 2027,Apr 2027,Apr 2027,2.61,Chemicals/Pharma,Standard,"INC since Apr 2026 (73 days). MEDIUM by Oct 2026, HOT by Jan 2027, ULTRA HOT by Apr 2027.",Your Term loans at CARE hits ULTRA HOT in Apr 2027. Start ACER process by Jan 2027 to be ahead of Q2 2027 renewal rush.,D365
Swadesh Green Infra Ltd.,ICRA,Bank Guarantee,D,2026-04-24,65,LOW (<90 days),Oct 2026,Jan 2027,Apr 2027,Apr 2027,2.0,Construction/Infra,Standard,"INC since Apr 2026 (65 days). MEDIUM by Oct 2026, HOT by Jan 2027, ULTRA HOT by Apr 2027.",Your Bank Guarantee at ICRA hits ULTRA HOT in Apr 2027. Start ACER process by Jan 2027 to be ahead of Q2 2027 renewal rush.,D365
Swadesh Green Infra Ltd.,ICRA,Term loans,D,2026-04-24,65,LOW (<90 days),Oct 2026,Jan 2027,Apr 2027,Apr 2027,7.0,Construction/Infra,Standard,"INC since Apr 2026 (65 days). MEDIUM by Oct 2026, HOT by Jan 2027, ULTRA HOT by Apr 2027.",Your Term loans at ICRA hits ULTRA HOT in Apr 2027. Start ACER process by Jan 2027 to be ahead of Q2 2027 renewal rush.,D365
Swadeshi Textiles Pvt. Ltd.,IND-RA,Term loans,B-,2026-04-02,87,LOW (<90 days),Oct 2026,Jan 2027,Apr 2027,Apr 2027,10.0,Textiles,Standard,"INC since Apr 2026 (87 days). MEDIUM by Oct 2026, HOT by Jan 2027, ULTRA HOT by Apr 2027.",Your Term loans at IND-RA hits ULTRA HOT in Apr 2027. Start ACER process by Jan 2027 to be ahead of Q2 2027 renewal rush.,D365
Swapna Printing Works Pvt. Ltd.,IND-RA,Non-government debt,B-/A4,2026-04-02,87,LOW (<90 days),Oct 2026,Jan 2027,Apr 2027,Apr 2027,9.0,Paper/Packaging,NCD — SEBI License Required,"INC since Apr 2026 (87 days). MEDIUM by Oct 2026, HOT by Jan 2027, ULTRA HOT by Apr 2027.",Your Non-government debt at IND-RA hits ULTRA HOT in Apr 2027. Start ACER process by Jan 2027 to be ahead of Q2 2027 renewal rush.,D365
Swastik Oil Refinery Pvt. Ltd.,CARE,Bank Guarantee,D,2026-04-30,59,LOW (<90 days),Oct 2026,Jan 2027,Apr 2027,Apr 2027,0.0,Other,Standard,"INC since Apr 2026 (59 days). MEDIUM by Oct 2026, HOT by Jan 2027, ULTRA HOT by Apr 2027.",Your Bank Guarantee at CARE hits ULTRA HOT in Apr 2027. Start ACER process by Jan 2027 to be ahead of Q2 2027 renewal rush.,D365
Swastik Oil Refinery Pvt. Ltd.,CARE,Letter Of credit,D,2026-04-30,59,LOW (<90 days),Oct 2026,Jan 2027,Apr 2027,Apr 2027,0.0,Other,Standard,"INC since Apr 2026 (59 days). MEDIUM by Oct 2026, HOT by Jan 2027, ULTRA HOT by Apr 2027.",Your Letter Of credit at CARE hits ULTRA HOT in Apr 2027. Start ACER process by Jan 2027 to be ahead of Q2 2027 renewal rush.,D365
Swastik Oil Refinery Pvt. Ltd.,CARE,Term loans,D,2026-04-30,59,LOW (<90 days),Oct 2026,Jan 2027,Apr 2027,Apr 2027,0.0,Other,Standard,"INC since Apr 2026 (59 days). MEDIUM by Oct 2026, HOT by Jan 2027, ULTRA HOT by Apr 2027.",Your Term loans at CARE hits ULTRA HOT in Apr 2027. Start ACER process by Jan 2027 to be ahead of Q2 2027 renewal rush.,D365
Sweety Infrastructure Pvt. Ltd.,CARE,Bank Guarantee,D,2026-04-24,65,LOW (<90 days),Oct 2026,Jan 2027,Apr 2027,Apr 2027,80.0,Construction/Infra,Standard,"INC since Apr 2026 (65 days). MEDIUM by Oct 2026, HOT by Jan 2027, ULTRA HOT by Apr 2027.",Your Bank Guarantee at CARE hits ULTRA HOT in Apr 2027. Start ACER process by Jan 2027 to be ahead of Q2 2027 renewal rush.,D365
Swelore Engineering Pvt. Ltd.,CRISIL,Bank Guarantee,A 4,2026-04-09,80,LOW (<90 days),Oct 2026,Jan 2027,Apr 2027,Apr 2027,18.0,Mining/Minerals,Standard,"INC since Apr 2026 (80 days). MEDIUM by Oct 2026, HOT by Jan 2027, ULTRA HOT by Apr 2027.",Your Bank Guarantee at CRISIL hits ULTRA HOT in Apr 2027. Start ACER process by Jan 2027 to be ahead of Q2 2027 renewal rush.,D365
Synergy Agri Products Pvt. Ltd.,IND-RA,Term loans,D,2026-04-02,87,LOW (<90 days),Oct 2026,Jan 2027,Apr 2027,Apr 2027,10.12,Other,Standard,"INC since Apr 2026 (87 days). MEDIUM by Oct 2026, HOT by Jan 2027, ULTRA HOT by Apr 2027.",Your Term loans at IND-RA hits ULTRA HOT in Apr 2027. Start ACER process by Jan 2027 to be ahead of Q2 2027 renewal rush.,D365
T Abdul Wahid Tanneries Pvt. Ltd.,ACUITE,Letter Of credit,A 4,2026-04-02,87,LOW (<90 days),Oct 2026,Jan 2027,Apr 2027,Apr 2027,3.0,Other,Standard,"INC since Apr 2026 (87 days). MEDIUM by Oct 2026, HOT by Jan 2027, ULTRA HOT by Apr 2027.",Your Letter Of credit at ACUITE hits ULTRA HOT in Apr 2027. Start ACER process by Jan 2027 to be ahead of Q2 2027 renewal rush.,D365
T B P R Infra Projects Pvt. Ltd.,ACUITE,Bank Guarantee,D,2026-04-20,69,LOW (<90 days),Oct 2026,Jan 2027,Apr 2027,Apr 2027,12.0,Construction/Infra,Standard,"INC since Apr 2026 (69 days). MEDIUM by Oct 2026, HOT by Jan 2027, ULTRA HOT by Apr 2027.",Your Bank Guarantee at ACUITE hits ULTRA HOT in Apr 2027. Start ACER process by Jan 2027 to be ahead of Q2 2027 renewal rush.,D365
T C Motors Pvt. Ltd.,CARE,Fund based financial facility/instrument,B-,2026-04-08,81,LOW (<90 days),Oct 2026,Jan 2027,Apr 2027,Apr 2027,18.23,Automobiles,Standard,"INC since Apr 2026 (81 days). MEDIUM by Oct 2026, HOT by Jan 2027, ULTRA HOT by Apr 2027.",Your Fund based financial facility/instrument at CARE hits ULTRA HOT in Apr 2027. Start ACER process by Jan 2027 to be ahead of Q2 2027 renewal rush.,D365
T C Motors Pvt. Ltd.,CARE,Term loans,B-,2026-04-08,81,LOW (<90 days),Oct 2026,Jan 2027,Apr 2027,Apr 2027,3.21,Automobiles,Standard,"INC since Apr 2026 (81 days). MEDIUM by Oct 2026, HOT by Jan 2027, ULTRA HOT by Apr 2027.",Your Term loans at CARE hits ULTRA HOT in Apr 2027. Start ACER process by Jan 2027 to be ahead of Q2 2027 renewal rush.,D365
T K Toll Road Pvt. Ltd.,ICRA,Term loans,D,2026-04-16,73,LOW (<90 days),Oct 2026,Jan 2027,Apr 2027,Apr 2027,370.95,Construction/Infra,Standard,"INC since Apr 2026 (73 days). MEDIUM by Oct 2026, HOT by Jan 2027, ULTRA HOT by Apr 2027.",Your Term loans at ICRA hits ULTRA HOT in Apr 2027. Start ACER process by Jan 2027 to be ahead of Q2 2027 renewal rush.,D365
T M I Healthcare Pvt. Ltd.,BRICKWORK,Term loans,C,2026-04-06,83,LOW (<90 days),Oct 2026,Jan 2027,Apr 2027,Apr 2027,9.8,Healthcare,Standard,"INC since Apr 2026 (83 days). MEDIUM by Oct 2026, HOT by Jan 2027, ULTRA HOT by Apr 2027.",Your Term loans at BRICKWORK hits ULTRA HOT in Apr 2027. Start ACER process by Jan 2027 to be ahead of Q2 2027 renewal rush.,D365
Taiko Plastic Technologies Pvt. Ltd.,CRISIL,Term loans,B,2026-04-30,59,LOW (<90 days),Oct 2026,Jan 2027,Apr 2027,Apr 2027,11.5,IT/Technology,Standard,"INC since Apr 2026 (59 days). MEDIUM by Oct 2026, HOT by Jan 2027, ULTRA HOT by Apr 2027.",Your Term loans at CRISIL hits ULTRA HOT in Apr 2027. Start ACER process by Jan 2027 to be ahead of Q2 2027 renewal rush.,D365
Tara Footwears Pvt. Ltd.,CRISIL,Long term Loans,B,2026-04-30,59,LOW (<90 days),Oct 2026,Jan 2027,Apr 2027,Apr 2027,10.0,Other,Standard,"INC since Apr 2026 (59 days). MEDIUM by Oct 2026, HOT by Jan 2027, ULTRA HOT by Apr 2027.",Your Long term Loans at CRISIL hits ULTRA HOT in Apr 2027. Start ACER process by Jan 2027 to be ahead of Q2 2027 renewal rush.,D365
Tara Syntex Pvt. Ltd.,IND-RA,Term loans,B-,2026-04-02,87,LOW (<90 days),Oct 2026,Jan 2027,Apr 2027,Apr 2027,5.0,Other,Standard,"INC since Apr 2026 (87 days). MEDIUM by Oct 2026, HOT by Jan 2027, ULTRA HOT by Apr 2027.",Your Term loans at IND-RA hits ULTRA HOT in Apr 2027. Start ACER process by Jan 2027 to be ahead of Q2 2027 renewal rush.,D365
Tarang Engineering Pvt. Ltd.,CRISIL,Letter Of credit,A 4,2026-04-30,59,LOW (<90 days),Oct 2026,Jan 2027,Apr 2027,Apr 2027,0.5,Other,Standard,"INC since Apr 2026 (59 days). MEDIUM by Oct 2026, HOT by Jan 2027, ULTRA HOT by Apr 2027.",Your Letter Of credit at CRISIL hits ULTRA HOT in Apr 2027. Start ACER process by Jan 2027 to be ahead of Q2 2027 renewal rush.,D365
Tarang Engineering Pvt. Ltd.,CRISIL,Long term Loans,B,2026-04-30,59,LOW (<90 days),Oct 2026,Jan 2027,Apr 2027,Apr 2027,0.81,Other,Standard,"INC since Apr 2026 (59 days). MEDIUM by Oct 2026, HOT by Jan 2027, ULTRA HOT by Apr 2027.",Your Long term Loans at CRISIL hits ULTRA HOT in Apr 2027. Start ACER process by Jan 2027 to be ahead of Q2 2027 renewal rush.,D365
Technoplast Packaging Pvt. Ltd.,IND-RA,Non-fund based working capital limit,A 3+,2026-04-20,69,LOW (<90 days),Oct 2026,Jan 2027,Apr 2027,Apr 2027,19.0,Paper/Packaging,Standard,"INC since Apr 2026 (69 days). MEDIUM by Oct 2026, HOT by Jan 2027, ULTRA HOT by Apr 2027.",Your Non-fund based working capital limit at IND-RA hits ULTRA HOT in Apr 2027. Start ACER process by Jan 2027 to be ahead of Q2 2027 renewal rush.,D365
Technoplast Packaging Pvt. Ltd.,IND-RA,Term loans,BBB,2026-04-20,69,LOW (<90 days),Oct 2026,Jan 2027,Apr 2027,Apr 2027,72.5,Paper/Packaging,Standard,"INC since Apr 2026 (69 days). MEDIUM by Oct 2026, HOT by Jan 2027, ULTRA HOT by Apr 2027.",Your Term loans at IND-RA hits ULTRA HOT in Apr 2027. Start ACER process by Jan 2027 to be ahead of Q2 2027 renewal rush.,D365
Telawne Power Equipments Pvt. Ltd.,IND-RA,Non-government debt,B/A4,2026-04-28,61,LOW (<90 days),Oct 2026,Jan 2027,Apr 2027,Apr 2027,28.0,Energy/Power,NCD — SEBI License Required,"INC since Apr 2026 (61 days). MEDIUM by Oct 2026, HOT by Jan 2027, ULTRA HOT by Apr 2027.",Your Non-government debt at IND-RA hits ULTRA HOT in Apr 2027. Start ACER process by Jan 2027 to be ahead of Q2 2027 renewal rush.,D365
Texaco Synthetics Pvt. Ltd.,IND-RA,Non-government debt,B-/A4,2026-04-02,87,LOW (<90 days),Oct 2026,Jan 2027,Apr 2027,Apr 2027,18.14,Other,NCD — SEBI License Required,"INC since Apr 2026 (87 days). MEDIUM by Oct 2026, HOT by Jan 2027, ULTRA HOT by Apr 2027.",Your Non-government debt at IND-RA hits ULTRA HOT in Apr 2027. Start ACER process by Jan 2027 to be ahead of Q2 2027 renewal rush.,D365
Thenpandian Spinning Mills India Pvt. Ltd.,IND-RA,Non-fund based working capital limit,A 4+,2026-04-06,83,LOW (<90 days),Oct 2026,Jan 2027,Apr 2027,Apr 2027,1.0,Textiles,Standard,"INC since Apr 2026 (83 days). MEDIUM by Oct 2026, HOT by Jan 2027, ULTRA HOT by Apr 2027.",Your Non-fund based working capital limit at IND-RA hits ULTRA HOT in Apr 2027. Start ACER process by Jan 2027 to be ahead of Q2 2027 renewal rush.,D365
Thenpandian Spinning Mills India Pvt. Ltd.,IND-RA,Term loans,BB+,2026-04-06,83,LOW (<90 days),Oct 2026,Jan 2027,Apr 2027,Apr 2027,47.35,Textiles,Standard,"INC since Apr 2026 (83 days). MEDIUM by Oct 2026, HOT by Jan 2027, ULTRA HOT by Apr 2027.",Your Term loans at IND-RA hits ULTRA HOT in Apr 2027. Start ACER process by Jan 2027 to be ahead of Q2 2027 renewal rush.,D365
Titanium Merchant Pvt. Ltd.,BRICKWORK,Term loans,D,2026-04-02,87,LOW (<90 days),Oct 2026,Jan 2027,Apr 2027,Apr 2027,35.67,Other,Standard,"INC since Apr 2026 (87 days). MEDIUM by Oct 2026, HOT by Jan 2027, ULTRA HOT by Apr 2027.",Your Term loans at BRICKWORK hits ULTRA HOT in Apr 2027. Start ACER process by Jan 2027 to be ahead of Q2 2027 renewal rush.,D365
Tomar Builders & Contractors Pvt. Ltd.,CRISIL,Bank Guarantee,B,2026-04-23,66,LOW (<90 days),Oct 2026,Jan 2027,Apr 2027,Apr 2027,40.0,Construction/Infra,Standard,"INC since Apr 2026 (66 days). MEDIUM by Oct 2026, HOT by Jan 2027, ULTRA HOT by Apr 2027.",Your Bank Guarantee at CRISIL hits ULTRA HOT in Apr 2027. Start ACER process by Jan 2027 to be ahead of Q2 2027 renewal rush.,D365
Tomar Builders & Contractors Pvt. Ltd.,CRISIL,Bank Guarantee,B,2026-04-23,66,LOW (<90 days),Oct 2026,Jan 2027,Apr 2027,Apr 2027,20.0,Construction/Infra,Standard,"INC since Apr 2026 (66 days). MEDIUM by Oct 2026, HOT by Jan 2027, ULTRA HOT by Apr 2027.",Your Bank Guarantee at CRISIL hits ULTRA HOT in Apr 2027. Start ACER process by Jan 2027 to be ahead of Q2 2027 renewal rush.,D365
Top Detergent Inds. Pvt. Ltd.,CRISIL,Letter Of credit,D,2026-04-28,61,LOW (<90 days),Oct 2026,Jan 2027,Apr 2027,Apr 2027,3.0,Other,Standard,"INC since Apr 2026 (61 days). MEDIUM by Oct 2026, HOT by Jan 2027, ULTRA HOT by Apr 2027.",Your Letter Of credit at CRISIL hits ULTRA HOT in Apr 2027. Start ACER process by Jan 2027 to be ahead of Q2 2027 renewal rush.,D365
Top Detergent Inds. Pvt. Ltd.,CRISIL,Long term Loans,D,2026-04-28,61,LOW (<90 days),Oct 2026,Jan 2027,Apr 2027,Apr 2027,20.0,Other,Standard,"INC since Apr 2026 (61 days). MEDIUM by Oct 2026, HOT by Jan 2027, ULTRA HOT by Apr 2027.",Your Long term Loans at CRISIL hits ULTRA HOT in Apr 2027. Start ACER process by Jan 2027 to be ahead of Q2 2027 renewal rush.,D365
Toshniwal Enterprises Controls Ltd.,IND-RA,Term loans,D,2026-04-02,87,LOW (<90 days),Oct 2026,Jan 2027,Apr 2027,Apr 2027,27.0,Other,Standard,"INC since Apr 2026 (87 days). MEDIUM by Oct 2026, HOT by Jan 2027, ULTRA HOT by Apr 2027.",Your Term loans at IND-RA hits ULTRA HOT in Apr 2027. Start ACER process by Jan 2027 to be ahead of Q2 2027 renewal rush.,D365
Transglobal Securities Ltd.,ICRA,Non-government debt,B+/A4,2026-04-27,62,LOW (<90 days),Oct 2026,Jan 2027,Apr 2027,Apr 2027,21.0,BFSI/NBFC,NCD — SEBI License Required,"INC since Apr 2026 (62 days). MEDIUM by Oct 2026, HOT by Jan 2027, ULTRA HOT by Apr 2027.",Your Non-government debt at ICRA hits ULTRA HOT in Apr 2027. Start ACER process by Jan 2027 to be ahead of Q2 2027 renewal rush.,D365
Tranter India Pvt. Ltd.,CRISIL,Letter Of credit,A 4+,2026-04-30,59,LOW (<90 days),Oct 2026,Jan 2027,Apr 2027,Apr 2027,30.0,Other,Standard,"INC since Apr 2026 (59 days). MEDIUM by Oct 2026, HOT by Jan 2027, ULTRA HOT by Apr 2027.",Your Letter Of credit at CRISIL hits ULTRA HOT in Apr 2027. Start ACER process by Jan 2027 to be ahead of Q2 2027 renewal rush.,D365
Travancore Titanium Products Ltd.,CRISIL,Long term Loans,B,2026-04-10,79,LOW (<90 days),Oct 2026,Jan 2027,Apr 2027,Apr 2027,82.0,Mining/Minerals,Standard,"INC since Apr 2026 (79 days). MEDIUM by Oct 2026, HOT by Jan 2027, ULTRA HOT by Apr 2027.",Your Long term Loans at CRISIL hits ULTRA HOT in Apr 2027. Start ACER process by Jan 2027 to be ahead of Q2 2027 renewal rush.,D365
Trie-Viz Infracon Pvt. Ltd.,ACUITE,Bank Guarantee,A 4,2026-04-24,65,LOW (<90 days),Oct 2026,Jan 2027,Apr 2027,Apr 2027,23.0,Construction/Infra,Standard,"INC since Apr 2026 (65 days). MEDIUM by Oct 2026, HOT by Jan 2027, ULTRA HOT by Apr 2027.",Your Bank Guarantee at ACUITE hits ULTRA HOT in Apr 2027. Start ACER process by Jan 2027 to be ahead of Q2 2027 renewal rush.,D365
Trimurti Flour Mill Pvt. Ltd.,IND-RA,Term loans,D,2026-04-02,87,LOW (<90 days),Oct 2026,Jan 2027,Apr 2027,Apr 2027,7.48,Agro/Food,Standard,"INC since Apr 2026 (87 days). MEDIUM by Oct 2026, HOT by Jan 2027, ULTRA HOT by Apr 2027.",Your Term loans at IND-RA hits ULTRA HOT in Apr 2027. Start ACER process by Jan 2027 to be ahead of Q2 2027 renewal rush.,D365
Trishul Exotic Pvt. Ltd.,CRISIL,Bank Guarantee,A 4,2026-04-10,79,LOW (<90 days),Oct 2026,Jan 2027,Apr 2027,Apr 2027,0.1,Other,Standard,"INC since Apr 2026 (79 days). MEDIUM by Oct 2026, HOT by Jan 2027, ULTRA HOT by Apr 2027.",Your Bank Guarantee at CRISIL hits ULTRA HOT in Apr 2027. Start ACER process by Jan 2027 to be ahead of Q2 2027 renewal rush.,D365
Trishul Exotic Pvt. Ltd.,CRISIL,Long term Loans,B,2026-04-10,79,LOW (<90 days),Oct 2026,Jan 2027,Apr 2027,Apr 2027,0.75,Other,Standard,"INC since Apr 2026 (79 days). MEDIUM by Oct 2026, HOT by Jan 2027, ULTRA HOT by Apr 2027.",Your Long term Loans at CRISIL hits ULTRA HOT in Apr 2027. Start ACER process by Jan 2027 to be ahead of Q2 2027 renewal rush.,D365
Trishul Exotic Pvt. Ltd.,CRISIL,Long term Loans,B,2026-04-10,79,LOW (<90 days),Oct 2026,Jan 2027,Apr 2027,Apr 2027,1.0,Other,Standard,"INC since Apr 2026 (79 days). MEDIUM by Oct 2026, HOT by Jan 2027, ULTRA HOT by Apr 2027.",Your Long term Loans at CRISIL hits ULTRA HOT in Apr 2027. Start ACER process by Jan 2027 to be ahead of Q2 2027 renewal rush.,D365
Trisquare Switchgears Pvt. Ltd.,CARE,Non-government debt,BB-/A4,2026-04-28,61,LOW (<90 days),Oct 2026,Jan 2027,Apr 2027,Apr 2027,20.0,Other,NCD — SEBI License Required,"INC since Apr 2026 (61 days). MEDIUM by Oct 2026, HOT by Jan 2027, ULTRA HOT by Apr 2027.",Your Non-government debt at CARE hits ULTRA HOT in Apr 2027. Start ACER process by Jan 2027 to be ahead of Q2 2027 renewal rush.,D365
Trisquare Switchgears Pvt. Ltd.,CARE,Term loans,BB-,2026-04-28,61,LOW (<90 days),Oct 2026,Jan 2027,Apr 2027,Apr 2027,4.5,Other,Standard,"INC since Apr 2026 (61 days). MEDIUM by Oct 2026, HOT by Jan 2027, ULTRA HOT by Apr 2027.",Your Term loans at CARE hits ULTRA HOT in Apr 2027. Start ACER process by Jan 2027 to be ahead of Q2 2027 renewal rush.,D365
Triveni Knits Pvt. Ltd.,CRISIL,Term loans,B,2026-04-30,59,LOW (<90 days),Oct 2026,Jan 2027,Apr 2027,Apr 2027,6.0,Other,Standard,"INC since Apr 2026 (59 days). MEDIUM by Oct 2026, HOT by Jan 2027, ULTRA HOT by Apr 2027.",Your Term loans at CRISIL hits ULTRA HOT in Apr 2027. Start ACER process by Jan 2027 to be ahead of Q2 2027 renewal rush.,D365
Triveni Smelters Pvt. Ltd.,CRISIL,Letter Of credit,A 4,2026-04-30,59,LOW (<90 days),Oct 2026,Jan 2027,Apr 2027,Apr 2027,0.5,Other,Standard,"INC since Apr 2026 (59 days). MEDIUM by Oct 2026, HOT by Jan 2027, ULTRA HOT by Apr 2027.",Your Letter Of credit at CRISIL hits ULTRA HOT in Apr 2027. Start ACER process by Jan 2027 to be ahead of Q2 2027 renewal rush.,D365
Triveni Smelters Pvt. Ltd.,CRISIL,Term loans,B,2026-04-30,59,LOW (<90 days),Oct 2026,Jan 2027,Apr 2027,Apr 2027,4.5,Other,Standard,"INC since Apr 2026 (59 days). MEDIUM by Oct 2026, HOT by Jan 2027, ULTRA HOT by Apr 2027.",Your Term loans at CRISIL hits ULTRA HOT in Apr 2027. Start ACER process by Jan 2027 to be ahead of Q2 2027 renewal rush.,D365
Trucap Finance Ltd.,CARE,Fund based financial facility/instrument,D,2026-04-02,87,LOW (<90 days),Oct 2026,Jan 2027,Apr 2027,Apr 2027,750.0,BFSI/NBFC,Standard,"INC since Apr 2026 (87 days). MEDIUM by Oct 2026, HOT by Jan 2027, ULTRA HOT by Apr 2027.",Your Fund based financial facility/instrument at CARE hits ULTRA HOT in Apr 2027. Start ACER process by Jan 2027 to be ahead of Q2 2027 renewal rush.,D365
Turbovent Industries Pvt. Ltd.,ICRA,Non-fund-based financial facility/instrument,A 4,2026-04-24,65,LOW (<90 days),Oct 2026,Jan 2027,Apr 2027,Apr 2027,6.5,Other,Standard,"INC since Apr 2026 (65 days). MEDIUM by Oct 2026, HOT by Jan 2027, ULTRA HOT by Apr 2027.",Your Non-fund-based financial facility/instrument at ICRA hits ULTRA HOT in Apr 2027. Start ACER process by Jan 2027 to be ahead of Q2 2027 renewal rush.,D365
Turbovent Industries Pvt. Ltd.,ICRA,Non-government debt,B+/A4,2026-04-24,65,LOW (<90 days),Oct 2026,Jan 2027,Apr 2027,Apr 2027,6.88,Other,NCD — SEBI License Required,"INC since Apr 2026 (65 days). MEDIUM by Oct 2026, HOT by Jan 2027, ULTRA HOT by Apr 2027.",Your Non-government debt at ICRA hits ULTRA HOT in Apr 2027. Start ACER process by Jan 2027 to be ahead of Q2 2027 renewal rush.,D365
Turbovent Industries Pvt. Ltd.,ICRA,Term loans,B+,2026-04-24,65,LOW (<90 days),Oct 2026,Jan 2027,Apr 2027,Apr 2027,1.21,Other,Standard,"INC since Apr 2026 (65 days). MEDIUM by Oct 2026, HOT by Jan 2027, ULTRA HOT by Apr 2027.",Your Term loans at ICRA hits ULTRA HOT in Apr 2027. Start ACER process by Jan 2027 to be ahead of Q2 2027 renewal rush.,D365
U V Exports Pvt. Ltd.,CARE,Term loans,D,2026-05-04,55,LOW (<90 days),Nov 2026,Feb 2027,May 2027,May 2027,0.49,Other,Standard,"INC since May 2026 (55 days). MEDIUM by Nov 2026, HOT by Feb 2027, ULTRA HOT by May 2027.",Your Term loans at CARE hits ULTRA HOT in May 2027. Start ACER process by Feb 2027 to be ahead of Q2 2027 renewal rush.,D365
Ultimate Chem (India) Pvt. Ltd.,CARE,Letter Of credit,A 4,2026-04-13,76,LOW (<90 days),Oct 2026,Jan 2027,Apr 2027,Apr 2027,4.0,Chemicals/Pharma,Standard,"INC since Apr 2026 (76 days). MEDIUM by Oct 2026, HOT by Jan 2027, ULTRA HOT by Apr 2027.",Your Letter Of credit at CARE hits ULTRA HOT in Apr 2027. Start ACER process by Jan 2027 to be ahead of Q2 2027 renewal rush.,D365
Umashakti Steels Pvt. Ltd.,CARE,Fund based financial facility/instrument,B-,2026-04-16,73,LOW (<90 days),Oct 2026,Jan 2027,Apr 2027,Apr 2027,5.55,Steel & Metals,Standard,"INC since Apr 2026 (73 days). MEDIUM by Oct 2026, HOT by Jan 2027, ULTRA HOT by Apr 2027.",Your Fund based financial facility/instrument at CARE hits ULTRA HOT in Apr 2027. Start ACER process by Jan 2027 to be ahead of Q2 2027 renewal rush.,D365
Umashakti Steels Pvt. Ltd.,CARE,Term loans,B-,2026-04-16,73,LOW (<90 days),Oct 2026,Jan 2027,Apr 2027,Apr 2027,4.7,Steel & Metals,Standard,"INC since Apr 2026 (73 days). MEDIUM by Oct 2026, HOT by Jan 2027, ULTRA HOT by Apr 2027.",Your Term loans at CARE hits ULTRA HOT in Apr 2027. Start ACER process by Jan 2027 to be ahead of Q2 2027 renewal rush.,D365
Union Roller Flour Mills Pvt. Ltd.,CRISIL,Long term Loans,B,2026-04-30,59,LOW (<90 days),Oct 2026,Jan 2027,Apr 2027,Apr 2027,0.5,Agro/Food,Standard,"INC since Apr 2026 (59 days). MEDIUM by Oct 2026, HOT by Jan 2027, ULTRA HOT by Apr 2027.",Your Long term Loans at CRISIL hits ULTRA HOT in Apr 2027. Start ACER process by Jan 2027 to be ahead of Q2 2027 renewal rush.,D365
Union Roller Flour Mills Pvt. Ltd.,CRISIL,Term loans,B,2026-04-30,59,LOW (<90 days),Oct 2026,Jan 2027,Apr 2027,Apr 2027,4.5,Agro/Food,Standard,"INC since Apr 2026 (59 days). MEDIUM by Oct 2026, HOT by Jan 2027, ULTRA HOT by Apr 2027.",Your Term loans at CRISIL hits ULTRA HOT in Apr 2027. Start ACER process by Jan 2027 to be ahead of Q2 2027 renewal rush.,D365
Unique Punch Systems Pvt. Ltd.,CRISIL,Bank Guarantee,A 4,2026-04-28,61,LOW (<90 days),Oct 2026,Jan 2027,Apr 2027,Apr 2027,1.0,IT/Technology,Standard,"INC since Apr 2026 (61 days). MEDIUM by Oct 2026, HOT by Jan 2027, ULTRA HOT by Apr 2027.",Your Bank Guarantee at CRISIL hits ULTRA HOT in Apr 2027. Start ACER process by Jan 2027 to be ahead of Q2 2027 renewal rush.,D365
Unique Punch Systems Pvt. Ltd.,CRISIL,Long term Loans,B,2026-04-28,61,LOW (<90 days),Oct 2026,Jan 2027,Apr 2027,Apr 2027,13.0,IT/Technology,Standard,"INC since Apr 2026 (61 days). MEDIUM by Oct 2026, HOT by Jan 2027, ULTRA HOT by Apr 2027.",Your Long term Loans at CRISIL hits ULTRA HOT in Apr 2027. Start ACER process by Jan 2027 to be ahead of Q2 2027 renewal rush.,D365
Unique Punch Systems Pvt. Ltd.,CRISIL,Term loans,B,2026-04-28,61,LOW (<90 days),Oct 2026,Jan 2027,Apr 2027,Apr 2027,11.0,IT/Technology,Standard,"INC since Apr 2026 (61 days). MEDIUM by Oct 2026, HOT by Jan 2027, ULTRA HOT by Apr 2027.",Your Term loans at CRISIL hits ULTRA HOT in Apr 2027. Start ACER process by Jan 2027 to be ahead of Q2 2027 renewal rush.,D365
United Engineering Inds. Pvt. Ltd.,ACUITE,Bank Guarantee,D,2026-04-15,74,LOW (<90 days),Oct 2026,Jan 2027,Apr 2027,Apr 2027,2.8,Other,Standard,"INC since Apr 2026 (74 days). MEDIUM by Oct 2026, HOT by Jan 2027, ULTRA HOT by Apr 2027.",Your Bank Guarantee at ACUITE hits ULTRA HOT in Apr 2027. Start ACER process by Jan 2027 to be ahead of Q2 2027 renewal rush.,D365
United Engineering Inds. Pvt. Ltd.,ACUITE,Term loans,D,2026-04-15,74,LOW (<90 days),Oct 2026,Jan 2027,Apr 2027,Apr 2027,1.75,Other,Standard,"INC since Apr 2026 (74 days). MEDIUM by Oct 2026, HOT by Jan 2027, ULTRA HOT by Apr 2027.",Your Term loans at ACUITE hits ULTRA HOT in Apr 2027. Start ACER process by Jan 2027 to be ahead of Q2 2027 renewal rush.,D365
United Project Construction Ltd.,CRISIL,Bank Guarantee,A 4,2026-04-30,59,LOW (<90 days),Oct 2026,Jan 2027,Apr 2027,Apr 2027,4.0,Construction/Infra,Standard,"INC since Apr 2026 (59 days). MEDIUM by Oct 2026, HOT by Jan 2027, ULTRA HOT by Apr 2027.",Your Bank Guarantee at CRISIL hits ULTRA HOT in Apr 2027. Start ACER process by Jan 2027 to be ahead of Q2 2027 renewal rush.,D365
Universal Cartons Solutions Pvt. Ltd.,CRISIL,Letter Of credit,A 4,2026-04-30,59,LOW (<90 days),Oct 2026,Jan 2027,Apr 2027,Apr 2027,15.0,Other,Standard,"INC since Apr 2026 (59 days). MEDIUM by Oct 2026, HOT by Jan 2027, ULTRA HOT by Apr 2027.",Your Letter Of credit at CRISIL hits ULTRA HOT in Apr 2027. Start ACER process by Jan 2027 to be ahead of Q2 2027 renewal rush.,D365
Universal Construction Machinery & Equipment Ltd.,CRISIL,Bank Guarantee,D,2026-04-30,59,LOW (<90 days),Oct 2026,Jan 2027,Apr 2027,Apr 2027,3.0,Construction/Infra,Standard,"INC since Apr 2026 (59 days). MEDIUM by Oct 2026, HOT by Jan 2027, ULTRA HOT by Apr 2027.",Your Bank Guarantee at CRISIL hits ULTRA HOT in Apr 2027. Start ACER process by Jan 2027 to be ahead of Q2 2027 renewal rush.,D365
Universal Construction Machinery & Equipment Ltd.,CRISIL,Letter Of credit,D,2026-04-30,59,LOW (<90 days),Oct 2026,Jan 2027,Apr 2027,Apr 2027,5.0,Construction/Infra,Standard,"INC since Apr 2026 (59 days). MEDIUM by Oct 2026, HOT by Jan 2027, ULTRA HOT by Apr 2027.",Your Letter Of credit at CRISIL hits ULTRA HOT in Apr 2027. Start ACER process by Jan 2027 to be ahead of Q2 2027 renewal rush.,D365
Universal Seaport Pvt. Ltd.,CARE,Fund based financial facility/instrument,B,2026-04-10,79,LOW (<90 days),Oct 2026,Jan 2027,Apr 2027,Apr 2027,1.1,Other,Standard,"INC since Apr 2026 (79 days). MEDIUM by Oct 2026, HOT by Jan 2027, ULTRA HOT by Apr 2027.",Your Fund based financial facility/instrument at CARE hits ULTRA HOT in Apr 2027. Start ACER process by Jan 2027 to be ahead of Q2 2027 renewal rush.,D365
Universal Seaport Pvt. Ltd.,CARE,Term loans,B,2026-04-10,79,LOW (<90 days),Oct 2026,Jan 2027,Apr 2027,Apr 2027,6.4,Other,Standard,"INC since Apr 2026 (79 days). MEDIUM by Oct 2026, HOT by Jan 2027, ULTRA HOT by Apr 2027.",Your Term loans at CARE hits ULTRA HOT in Apr 2027. Start ACER process by Jan 2027 to be ahead of Q2 2027 renewal rush.,D365
Uniworld Sugars Pvt. Ltd. [Merged],CARE,Term loans,D,2026-04-06,83,LOW (<90 days),Oct 2026,Jan 2027,Apr 2027,Apr 2027,60.0,Agro/Food,Standard,"INC since Apr 2026 (83 days). MEDIUM by Oct 2026, HOT by Jan 2027, ULTRA HOT by Apr 2027.",Your Term loans at CARE hits ULTRA HOT in Apr 2027. Start ACER process by Jan 2027 to be ahead of Q2 2027 renewal rush.,D365
Utility Forms Pvt. Ltd.,ICRA,Non-fund-based financial facility/instrument,A 4,2026-04-16,73,LOW (<90 days),Oct 2026,Jan 2027,Apr 2027,Apr 2027,2.0,Other,Standard,"INC since Apr 2026 (73 days). MEDIUM by Oct 2026, HOT by Jan 2027, ULTRA HOT by Apr 2027.",Your Non-fund-based financial facility/instrument at ICRA hits ULTRA HOT in Apr 2027. Start ACER process by Jan 2027 to be ahead of Q2 2027 renewal rush.,D365
Utility Forms Pvt. Ltd.,ICRA,Non-government debt,B+/A4,2026-04-16,73,LOW (<90 days),Oct 2026,Jan 2027,Apr 2027,Apr 2027,1.24,Other,NCD — SEBI License Required,"INC since Apr 2026 (73 days). MEDIUM by Oct 2026, HOT by Jan 2027, ULTRA HOT by Apr 2027.",Your Non-government debt at ICRA hits ULTRA HOT in Apr 2027. Start ACER process by Jan 2027 to be ahead of Q2 2027 renewal rush.,D365
Utility Forms Pvt. Ltd.,ICRA,Term loans,B+,2026-04-16,73,LOW (<90 days),Oct 2026,Jan 2027,Apr 2027,Apr 2027,2.76,Other,Standard,"INC since Apr 2026 (73 days). MEDIUM by Oct 2026, HOT by Jan 2027, ULTRA HOT by Apr 2027.",Your Term loans at ICRA hits ULTRA HOT in Apr 2027. Start ACER process by Jan 2027 to be ahead of Q2 2027 renewal rush.,D365
Utkal Healthcare Pvt. Ltd.,CRISIL,Term loans,B,2026-04-30,59,LOW (<90 days),Oct 2026,Jan 2027,Apr 2027,Apr 2027,45.0,Healthcare,Standard,"INC since Apr 2026 (59 days). MEDIUM by Oct 2026, HOT by Jan 2027, ULTRA HOT by Apr 2027.",Your Term loans at CRISIL hits ULTRA HOT in Apr 2027. Start ACER process by Jan 2027 to be ahead of Q2 2027 renewal rush.,D365
Uttamenergy Ltd.,CRISIL,Bank Guarantee,A 4,2026-04-30,59,LOW (<90 days),Oct 2026,Jan 2027,Apr 2027,Apr 2027,58.0,Energy/Power,Standard,"INC since Apr 2026 (59 days). MEDIUM by Oct 2026, HOT by Jan 2027, ULTRA HOT by Apr 2027.",Your Bank Guarantee at CRISIL hits ULTRA HOT in Apr 2027. Start ACER process by Jan 2027 to be ahead of Q2 2027 renewal rush.,D365
Uttamenergy Ltd.,CRISIL,Fund based financial facility/instrument,B,2026-04-30,59,LOW (<90 days),Oct 2026,Jan 2027,Apr 2027,Apr 2027,10.0,Energy/Power,Standard,"INC since Apr 2026 (59 days). MEDIUM by Oct 2026, HOT by Jan 2027, ULTRA HOT by Apr 2027.",Your Fund based financial facility/instrument at CRISIL hits ULTRA HOT in Apr 2027. Start ACER process by Jan 2027 to be ahead of Q2 2027 renewal rush.,D365
Uttamenergy Ltd.,CRISIL,Letter Of credit,A 4,2026-04-30,59,LOW (<90 days),Oct 2026,Jan 2027,Apr 2027,Apr 2027,25.0,Energy/Power,Standard,"INC since Apr 2026 (59 days). MEDIUM by Oct 2026, HOT by Jan 2027, ULTRA HOT by Apr 2027.",Your Letter Of credit at CRISIL hits ULTRA HOT in Apr 2027. Start ACER process by Jan 2027 to be ahead of Q2 2027 renewal rush.,D365
Uttamenergy Ltd.,CRISIL,Letter Of credit,A 4,2026-04-30,59,LOW (<90 days),Oct 2026,Jan 2027,Apr 2027,Apr 2027,10.0,Energy/Power,Standard,"INC since Apr 2026 (59 days). MEDIUM by Oct 2026, HOT by Jan 2027, ULTRA HOT by Apr 2027.",Your Letter Of credit at CRISIL hits ULTRA HOT in Apr 2027. Start ACER process by Jan 2027 to be ahead of Q2 2027 renewal rush.,D365
Uttamenergy Ltd.,CRISIL,Non-fund-based financial facility/instrument,A 4,2026-04-30,59,LOW (<90 days),Oct 2026,Jan 2027,Apr 2027,Apr 2027,60.0,Energy/Power,Standard,"INC since Apr 2026 (59 days). MEDIUM by Oct 2026, HOT by Jan 2027, ULTRA HOT by Apr 2027.",Your Non-fund-based financial facility/instrument at CRISIL hits ULTRA HOT in Apr 2027. Start ACER process by Jan 2027 to be ahead of Q2 2027 renewal rush.,D365
V J Automobiles Pvt. Ltd.,CRISIL,Long term Loans,B,2026-04-30,59,LOW (<90 days),Oct 2026,Jan 2027,Apr 2027,Apr 2027,2.0,Automobiles,Standard,"INC since Apr 2026 (59 days). MEDIUM by Oct 2026, HOT by Jan 2027, ULTRA HOT by Apr 2027.",Your Long term Loans at CRISIL hits ULTRA HOT in Apr 2027. Start ACER process by Jan 2027 to be ahead of Q2 2027 renewal rush.,D365
V J Automobiles Pvt. Ltd.,CRISIL,Long term Loans,B,2026-04-30,59,LOW (<90 days),Oct 2026,Jan 2027,Apr 2027,Apr 2027,1.0,Automobiles,Standard,"INC since Apr 2026 (59 days). MEDIUM by Oct 2026, HOT by Jan 2027, ULTRA HOT by Apr 2027.",Your Long term Loans at CRISIL hits ULTRA HOT in Apr 2027. Start ACER process by Jan 2027 to be ahead of Q2 2027 renewal rush.,D365
V M Matere Infrastructures (India) Pvt. Ltd.,ACUITE,Bank Guarantee,A 4,2026-04-06,83,LOW (<90 days),Oct 2026,Jan 2027,Apr 2027,Apr 2027,59.8,Construction/Infra,Standard,"INC since Apr 2026 (83 days). MEDIUM by Oct 2026, HOT by Jan 2027, ULTRA HOT by Apr 2027.",Your Bank Guarantee at ACUITE hits ULTRA HOT in Apr 2027. Start ACER process by Jan 2027 to be ahead of Q2 2027 renewal rush.,D365
V M Matere Infrastructures (India) Pvt. Ltd.,ACUITE,Long term Loans,C,2026-04-06,83,LOW (<90 days),Oct 2026,Jan 2027,Apr 2027,Apr 2027,75.29,Construction/Infra,Standard,"INC since Apr 2026 (83 days). MEDIUM by Oct 2026, HOT by Jan 2027, ULTRA HOT by Apr 2027.",Your Long term Loans at ACUITE hits ULTRA HOT in Apr 2027. Start ACER process by Jan 2027 to be ahead of Q2 2027 renewal rush.,D365
V M Matere Infrastructures (India) Pvt. Ltd.,ACUITE,Term loans,C,2026-04-06,83,LOW (<90 days),Oct 2026,Jan 2027,Apr 2027,Apr 2027,13.71,Construction/Infra,Standard,"INC since Apr 2026 (83 days). MEDIUM by Oct 2026, HOT by Jan 2027, ULTRA HOT by Apr 2027.",Your Term loans at ACUITE hits ULTRA HOT in Apr 2027. Start ACER process by Jan 2027 to be ahead of Q2 2027 renewal rush.,D365
V R G Industries Pvt. Ltd.,ACUITE,Term loans,B-,2026-04-28,61,LOW (<90 days),Oct 2026,Jan 2027,Apr 2027,Apr 2027,6.0,Other,Standard,"INC since Apr 2026 (61 days). MEDIUM by Oct 2026, HOT by Jan 2027, ULTRA HOT by Apr 2027.",Your Term loans at ACUITE hits ULTRA HOT in Apr 2027. Start ACER process by Jan 2027 to be ahead of Q2 2027 renewal rush.,D365
V T R Marketing Pvt. Ltd.,CARE,Term loans,C,2026-04-10,79,LOW (<90 days),Oct 2026,Jan 2027,Apr 2027,Apr 2027,2.17,Other,Standard,"INC since Apr 2026 (79 days). MEDIUM by Oct 2026, HOT by Jan 2027, ULTRA HOT by Apr 2027.",Your Term loans at CARE hits ULTRA HOT in Apr 2027. Start ACER process by Jan 2027 to be ahead of Q2 2027 renewal rush.,D365
Vaishno Devi Food Products Pvt. Ltd.,BRICKWORK,Term loans,D,2026-04-07,82,LOW (<90 days),Oct 2026,Jan 2027,Apr 2027,Apr 2027,5.0,Agro/Food,Standard,"INC since Apr 2026 (82 days). MEDIUM by Oct 2026, HOT by Jan 2027, ULTRA HOT by Apr 2027.",Your Term loans at BRICKWORK hits ULTRA HOT in Apr 2027. Start ACER process by Jan 2027 to be ahead of Q2 2027 renewal rush.,D365
Vajrateja Rice Cluster Pvt. Ltd.,IND-RA,Non-government debt,B/A4,2026-04-02,87,LOW (<90 days),Oct 2026,Jan 2027,Apr 2027,Apr 2027,105.44,Agro/Food,NCD — SEBI License Required,"INC since Apr 2026 (87 days). MEDIUM by Oct 2026, HOT by Jan 2027, ULTRA HOT by Apr 2027.",Your Non-government debt at IND-RA hits ULTRA HOT in Apr 2027. Start ACER process by Jan 2027 to be ahead of Q2 2027 renewal rush.,D365
Vallabh Steels Ltd.,ACUITE,Letter Of credit,D,2026-04-23,66,LOW (<90 days),Oct 2026,Jan 2027,Apr 2027,Apr 2027,6.0,Steel & Metals,Standard,"INC since Apr 2026 (66 days). MEDIUM by Oct 2026, HOT by Jan 2027, ULTRA HOT by Apr 2027.",Your Letter Of credit at ACUITE hits ULTRA HOT in Apr 2027. Start ACER process by Jan 2027 to be ahead of Q2 2027 renewal rush.,D365
Vallabh Steels Ltd.,ACUITE,Long term Loans,D,2026-04-23,66,LOW (<90 days),Oct 2026,Jan 2027,Apr 2027,Apr 2027,9.0,Steel & Metals,Standard,"INC since Apr 2026 (66 days). MEDIUM by Oct 2026, HOT by Jan 2027, ULTRA HOT by Apr 2027.",Your Long term Loans at ACUITE hits ULTRA HOT in Apr 2027. Start ACER process by Jan 2027 to be ahead of Q2 2027 renewal rush.,D365
Vallabh Steels Ltd.,ACUITE,Term loans,D,2026-04-23,66,LOW (<90 days),Oct 2026,Jan 2027,Apr 2027,Apr 2027,7.0,Steel & Metals,Standard,"INC since Apr 2026 (66 days). MEDIUM by Oct 2026, HOT by Jan 2027, ULTRA HOT by Apr 2027.",Your Term loans at ACUITE hits ULTRA HOT in Apr 2027. Start ACER process by Jan 2027 to be ahead of Q2 2027 renewal rush.,D365
Vannsh Life Sciences Pvt. Ltd.,CRISIL,Term loans,B,2026-04-09,80,LOW (<90 days),Oct 2026,Jan 2027,Apr 2027,Apr 2027,19.9,Other,Standard,"INC since Apr 2026 (80 days). MEDIUM by Oct 2026, HOT by Jan 2027, ULTRA HOT by Apr 2027.",Your Term loans at CRISIL hits ULTRA HOT in Apr 2027. Start ACER process by Jan 2027 to be ahead of Q2 2027 renewal rush.,D365
Vantage Spinners Pvt. Ltd.,CARE,Term loans,D,2026-04-10,79,LOW (<90 days),Oct 2026,Jan 2027,Apr 2027,Apr 2027,42.25,Other,Standard,"INC since Apr 2026 (79 days). MEDIUM by Oct 2026, HOT by Jan 2027, ULTRA HOT by Apr 2027.",Your Term loans at CARE hits ULTRA HOT in Apr 2027. Start ACER process by Jan 2027 to be ahead of Q2 2027 renewal rush.,D365
Vardhan Agro Processing Ltd.,CRISIL,Bank Guarantee,D,2026-04-30,59,LOW (<90 days),Oct 2026,Jan 2027,Apr 2027,Apr 2027,1.32,Agro/Food,Standard,"INC since Apr 2026 (59 days). MEDIUM by Oct 2026, HOT by Jan 2027, ULTRA HOT by Apr 2027.",Your Bank Guarantee at CRISIL hits ULTRA HOT in Apr 2027. Start ACER process by Jan 2027 to be ahead of Q2 2027 renewal rush.,D365
Vardhan Agro Processing Ltd.,CRISIL,Fund based financial facility/instrument,D,2026-04-30,59,LOW (<90 days),Oct 2026,Jan 2027,Apr 2027,Apr 2027,1.85,Agro/Food,Standard,"INC since Apr 2026 (59 days). MEDIUM by Oct 2026, HOT by Jan 2027, ULTRA HOT by Apr 2027.",Your Fund based financial facility/instrument at CRISIL hits ULTRA HOT in Apr 2027. Start ACER process by Jan 2027 to be ahead of Q2 2027 renewal rush.,D365
Vardhan Agro Processing Ltd.,CRISIL,Term loans,D,2026-04-30,59,LOW (<90 days),Oct 2026,Jan 2027,Apr 2027,Apr 2027,28.83,Agro/Food,Standard,"INC since Apr 2026 (59 days). MEDIUM by Oct 2026, HOT by Jan 2027, ULTRA HOT by Apr 2027.",Your Term loans at CRISIL hits ULTRA HOT in Apr 2027. Start ACER process by Jan 2027 to be ahead of Q2 2027 renewal rush.,D365
Vardhman Rice Exports Pvt. Ltd.,ACUITE,Term loans,B-,2026-04-22,67,LOW (<90 days),Oct 2026,Jan 2027,Apr 2027,Apr 2027,4.5,Agro/Food,Standard,"INC since Apr 2026 (67 days). MEDIUM by Oct 2026, HOT by Jan 2027, ULTRA HOT by Apr 2027.",Your Term loans at ACUITE hits ULTRA HOT in Apr 2027. Start ACER process by Jan 2027 to be ahead of Q2 2027 renewal rush.,D365
Vardhman Rice Exports Pvt. Ltd.,CRISIL,Fund based financial facility/instrument,B,2026-04-30,59,LOW (<90 days),Oct 2026,Jan 2027,Apr 2027,Apr 2027,2.17,Agro/Food,Standard,"INC since Apr 2026 (59 days). MEDIUM by Oct 2026, HOT by Jan 2027, ULTRA HOT by Apr 2027.",Your Fund based financial facility/instrument at CRISIL hits ULTRA HOT in Apr 2027. Start ACER process by Jan 2027 to be ahead of Q2 2027 renewal rush.,D365
Vardhman Rice Exports Pvt. Ltd.,CRISIL,Term loans,B,2026-04-30,59,LOW (<90 days),Oct 2026,Jan 2027,Apr 2027,Apr 2027,2.83,Agro/Food,Standard,"INC since Apr 2026 (59 days). MEDIUM by Oct 2026, HOT by Jan 2027, ULTRA HOT by Apr 2027.",Your Term loans at CRISIL hits ULTRA HOT in Apr 2027. Start ACER process by Jan 2027 to be ahead of Q2 2027 renewal rush.,D365
Vardhman Textile Components Ltd.,CARE,Term loans,B+,2026-04-06,83,LOW (<90 days),Oct 2026,Jan 2027,Apr 2027,Apr 2027,2.29,Textiles,Standard,"INC since Apr 2026 (83 days). MEDIUM by Oct 2026, HOT by Jan 2027, ULTRA HOT by Apr 2027.",Your Term loans at CARE hits ULTRA HOT in Apr 2027. Start ACER process by Jan 2027 to be ahead of Q2 2027 renewal rush.,D365
Vasani Polymers Pvt. Ltd.,ACUITE,Long term Loans,B-,2026-04-16,73,LOW (<90 days),Oct 2026,Jan 2027,Apr 2027,Apr 2027,0.85,Other,Standard,"INC since Apr 2026 (73 days). MEDIUM by Oct 2026, HOT by Jan 2027, ULTRA HOT by Apr 2027.",Your Long term Loans at ACUITE hits ULTRA HOT in Apr 2027. Start ACER process by Jan 2027 to be ahead of Q2 2027 renewal rush.,D365
Vasani Polymers Pvt. Ltd.,ACUITE,Term loans,B-,2026-04-16,73,LOW (<90 days),Oct 2026,Jan 2027,Apr 2027,Apr 2027,2.35,Other,Standard,"INC since Apr 2026 (73 days). MEDIUM by Oct 2026, HOT by Jan 2027, ULTRA HOT by Apr 2027.",Your Term loans at ACUITE hits ULTRA HOT in Apr 2027. Start ACER process by Jan 2027 to be ahead of Q2 2027 renewal rush.,D365
Vashu Yarn Mills India Pvt. Ltd.,IND-RA,Non-government debt,D,2026-04-02,87,LOW (<90 days),Oct 2026,Jan 2027,Apr 2027,Apr 2027,14.05,Textiles,NCD — SEBI License Required,"INC since Apr 2026 (87 days). MEDIUM by Oct 2026, HOT by Jan 2027, ULTRA HOT by Apr 2027.",Your Non-government debt at IND-RA hits ULTRA HOT in Apr 2027. Start ACER process by Jan 2027 to be ahead of Q2 2027 renewal rush.,D365
Vatika Seven Elements Pvt. Ltd.,CARE,Term loans,D,2026-04-23,66,LOW (<90 days),Oct 2026,Jan 2027,Apr 2027,Apr 2027,225.0,Other,Standard,"INC since Apr 2026 (66 days). MEDIUM by Oct 2026, HOT by Jan 2027, ULTRA HOT by Apr 2027.",Your Term loans at CARE hits ULTRA HOT in Apr 2027. Start ACER process by Jan 2027 to be ahead of Q2 2027 renewal rush.,D365
Vazron Industries Pvt. Ltd.,CARE,Term loans,B+,2026-04-13,76,LOW (<90 days),Oct 2026,Jan 2027,Apr 2027,Apr 2027,85.0,Other,Standard,"INC since Apr 2026 (76 days). MEDIUM by Oct 2026, HOT by Jan 2027, ULTRA HOT by Apr 2027.",Your Term loans at CARE hits ULTRA HOT in Apr 2027. Start ACER process by Jan 2027 to be ahead of Q2 2027 renewal rush.,D365
Ved Cellulose Ltd.,IND-RA,Non-government debt,C/A4,2026-04-02,87,LOW (<90 days),Oct 2026,Jan 2027,Apr 2027,Apr 2027,24.23,Other,NCD — SEBI License Required,"INC since Apr 2026 (87 days). MEDIUM by Oct 2026, HOT by Jan 2027, ULTRA HOT by Apr 2027.",Your Non-government debt at IND-RA hits ULTRA HOT in Apr 2027. Start ACER process by Jan 2027 to be ahead of Q2 2027 renewal rush.,D365
Ved Parkash & Sons Lumbers Pvt. Ltd.,CARE,Letter Of credit,A 4,2026-04-17,72,LOW (<90 days),Oct 2026,Jan 2027,Apr 2027,Apr 2027,12.5,Other,Standard,"INC since Apr 2026 (72 days). MEDIUM by Oct 2026, HOT by Jan 2027, ULTRA HOT by Apr 2027.",Your Letter Of credit at CARE hits ULTRA HOT in Apr 2027. Start ACER process by Jan 2027 to be ahead of Q2 2027 renewal rush.,D365
Veda Biofuel Ltd.,IND-RA,Term loans,D,2026-04-02,87,LOW (<90 days),Oct 2026,Jan 2027,Apr 2027,Apr 2027,77.3,Energy/Power,Standard,"INC since Apr 2026 (87 days). MEDIUM by Oct 2026, HOT by Jan 2027, ULTRA HOT by Apr 2027.",Your Term loans at IND-RA hits ULTRA HOT in Apr 2027. Start ACER process by Jan 2027 to be ahead of Q2 2027 renewal rush.,D365
Veda Biofuel Ltd.,BRICKWORK,Term loans,D,2026-04-08,81,LOW (<90 days),Oct 2026,Jan 2027,Apr 2027,Apr 2027,77.07,Energy/Power,Standard,"INC since Apr 2026 (81 days). MEDIUM by Oct 2026, HOT by Jan 2027, ULTRA HOT by Apr 2027.",Your Term loans at BRICKWORK hits ULTRA HOT in Apr 2027. Start ACER process by Jan 2027 to be ahead of Q2 2027 renewal rush.,D365
Veerabhadra Minerals Pvt. Ltd.,CRISIL,Bank Guarantee,A 4,2026-04-30,59,LOW (<90 days),Oct 2026,Jan 2027,Apr 2027,Apr 2027,0.08,Mining/Minerals,Standard,"INC since Apr 2026 (59 days). MEDIUM by Oct 2026, HOT by Jan 2027, ULTRA HOT by Apr 2027.",Your Bank Guarantee at CRISIL hits ULTRA HOT in Apr 2027. Start ACER process by Jan 2027 to be ahead of Q2 2027 renewal rush.,D365
Veerabhadra Minerals Pvt. Ltd.,CRISIL,Letter Of credit,B,2026-04-30,59,LOW (<90 days),Oct 2026,Jan 2027,Apr 2027,Apr 2027,1.5,Mining/Minerals,Standard,"INC since Apr 2026 (59 days). MEDIUM by Oct 2026, HOT by Jan 2027, ULTRA HOT by Apr 2027.",Your Letter Of credit at CRISIL hits ULTRA HOT in Apr 2027. Start ACER process by Jan 2027 to be ahead of Q2 2027 renewal rush.,D365
Veerabhadra Minerals Pvt. Ltd.,CRISIL,Long term Loans,B,2026-04-30,59,LOW (<90 days),Oct 2026,Jan 2027,Apr 2027,Apr 2027,1.62,Mining/Minerals,Standard,"INC since Apr 2026 (59 days). MEDIUM by Oct 2026, HOT by Jan 2027, ULTRA HOT by Apr 2027.",Your Long term Loans at CRISIL hits ULTRA HOT in Apr 2027. Start ACER process by Jan 2027 to be ahead of Q2 2027 renewal rush.,D365
Veesons Energy Systems Pvt. Ltd.,CRISIL,Bank Guarantee,D,2026-04-10,79,LOW (<90 days),Oct 2026,Jan 2027,Apr 2027,Apr 2027,14.0,Energy/Power,Standard,"INC since Apr 2026 (79 days). MEDIUM by Oct 2026, HOT by Jan 2027, ULTRA HOT by Apr 2027.",Your Bank Guarantee at CRISIL hits ULTRA HOT in Apr 2027. Start ACER process by Jan 2027 to be ahead of Q2 2027 renewal rush.,D365
Veesons Energy Systems Pvt. Ltd.,CRISIL,Letter Of credit,D,2026-04-10,79,LOW (<90 days),Oct 2026,Jan 2027,Apr 2027,Apr 2027,16.5,Energy/Power,Standard,"INC since Apr 2026 (79 days). MEDIUM by Oct 2026, HOT by Jan 2027, ULTRA HOT by Apr 2027.",Your Letter Of credit at CRISIL hits ULTRA HOT in Apr 2027. Start ACER process by Jan 2027 to be ahead of Q2 2027 renewal rush.,D365
Veesons Energy Systems Pvt. Ltd.,CRISIL,Long term Loans,D,2026-04-10,79,LOW (<90 days),Oct 2026,Jan 2027,Apr 2027,Apr 2027,3.83,Energy/Power,Standard,"INC since Apr 2026 (79 days). MEDIUM by Oct 2026, HOT by Jan 2027, ULTRA HOT by Apr 2027.",Your Long term Loans at CRISIL hits ULTRA HOT in Apr 2027. Start ACER process by Jan 2027 to be ahead of Q2 2027 renewal rush.,D365
Veesons Energy Systems Pvt. Ltd.,CRISIL,Term loans,D,2026-04-10,79,LOW (<90 days),Oct 2026,Jan 2027,Apr 2027,Apr 2027,30.23,Energy/Power,Standard,"INC since Apr 2026 (79 days). MEDIUM by Oct 2026, HOT by Jan 2027, ULTRA HOT by Apr 2027.",Your Term loans at CRISIL hits ULTRA HOT in Apr 2027. Start ACER process by Jan 2027 to be ahead of Q2 2027 renewal rush.,D365
Venkateswara Steels & Springs (India) Pvt. Ltd.,ACUITE,Bank Guarantee,A 4,2026-04-09,80,LOW (<90 days),Oct 2026,Jan 2027,Apr 2027,Apr 2027,0.15,Steel & Metals,Standard,"INC since Apr 2026 (80 days). MEDIUM by Oct 2026, HOT by Jan 2027, ULTRA HOT by Apr 2027.",Your Bank Guarantee at ACUITE hits ULTRA HOT in Apr 2027. Start ACER process by Jan 2027 to be ahead of Q2 2027 renewal rush.,D365
Venkateswara Steels & Springs (India) Pvt. Ltd.,ACUITE,Term loans,B,2026-04-09,80,LOW (<90 days),Oct 2026,Jan 2027,Apr 2027,Apr 2027,3.86,Steel & Metals,Standard,"INC since Apr 2026 (80 days). MEDIUM by Oct 2026, HOT by Jan 2027, ULTRA HOT by Apr 2027.",Your Term loans at ACUITE hits ULTRA HOT in Apr 2027. Start ACER process by Jan 2027 to be ahead of Q2 2027 renewal rush.,D365
Venus Industrial Corpn. Pvt. Ltd.,CRISIL,Fund based financial facility/instrument,B,2026-04-10,79,LOW (<90 days),Oct 2026,Jan 2027,Apr 2027,Apr 2027,8.5,Other,Standard,"INC since Apr 2026 (79 days). MEDIUM by Oct 2026, HOT by Jan 2027, ULTRA HOT by Apr 2027.",Your Fund based financial facility/instrument at CRISIL hits ULTRA HOT in Apr 2027. Start ACER process by Jan 2027 to be ahead of Q2 2027 renewal rush.,D365
Venus Industrial Corpn. Pvt. Ltd.,CRISIL,Letter Of credit,A 4,2026-04-10,79,LOW (<90 days),Oct 2026,Jan 2027,Apr 2027,Apr 2027,0.5,Other,Standard,"INC since Apr 2026 (79 days). MEDIUM by Oct 2026, HOT by Jan 2027, ULTRA HOT by Apr 2027.",Your Letter Of credit at CRISIL hits ULTRA HOT in Apr 2027. Start ACER process by Jan 2027 to be ahead of Q2 2027 renewal rush.,D365
Venus Industrial Corpn. Pvt. Ltd.,CRISIL,Long term Loans,B,2026-04-10,79,LOW (<90 days),Oct 2026,Jan 2027,Apr 2027,Apr 2027,24.0,Other,Standard,"INC since Apr 2026 (79 days). MEDIUM by Oct 2026, HOT by Jan 2027, ULTRA HOT by Apr 2027.",Your Long term Loans at CRISIL hits ULTRA HOT in Apr 2027. Start ACER process by Jan 2027 to be ahead of Q2 2027 renewal rush.,D365
Versant Online Solutions Pvt. Ltd.,CARE,Term loans,B-,2026-04-21,68,LOW (<90 days),Oct 2026,Jan 2027,Apr 2027,Apr 2027,2.95,Other,Standard,"INC since Apr 2026 (68 days). MEDIUM by Oct 2026, HOT by Jan 2027, ULTRA HOT by Apr 2027.",Your Term loans at CARE hits ULTRA HOT in Apr 2027. Start ACER process by Jan 2027 to be ahead of Q2 2027 renewal rush.,D365
Victory Spinning Mills Pvt. Ltd.,ACUITE,Bank Guarantee,A 4,2026-04-01,88,LOW (<90 days),Oct 2026,Jan 2027,Apr 2027,Apr 2027,2.23,Textiles,Standard,"INC since Apr 2026 (88 days). MEDIUM by Oct 2026, HOT by Jan 2027, ULTRA HOT by Apr 2027.",Your Bank Guarantee at ACUITE hits ULTRA HOT in Apr 2027. Start ACER process by Jan 2027 to be ahead of Q2 2027 renewal rush.,D365
Victory Spinning Mills Pvt. Ltd.,ACUITE,Letter Of credit,A 4,2026-04-01,88,LOW (<90 days),Oct 2026,Jan 2027,Apr 2027,Apr 2027,1.0,Textiles,Standard,"INC since Apr 2026 (88 days). MEDIUM by Oct 2026, HOT by Jan 2027, ULTRA HOT by Apr 2027.",Your Letter Of credit at ACUITE hits ULTRA HOT in Apr 2027. Start ACER process by Jan 2027 to be ahead of Q2 2027 renewal rush.,D365
Victory Spinning Mills Pvt. Ltd.,ACUITE,Long term Loans,B,2026-04-01,88,LOW (<90 days),Oct 2026,Jan 2027,Apr 2027,Apr 2027,4.34,Textiles,Standard,"INC since Apr 2026 (88 days). MEDIUM by Oct 2026, HOT by Jan 2027, ULTRA HOT by Apr 2027.",Your Long term Loans at ACUITE hits ULTRA HOT in Apr 2027. Start ACER process by Jan 2027 to be ahead of Q2 2027 renewal rush.,D365
Victory Spinning Mills Pvt. Ltd.,ACUITE,Term loans,B,2026-04-01,88,LOW (<90 days),Oct 2026,Jan 2027,Apr 2027,Apr 2027,36.43,Textiles,Standard,"INC since Apr 2026 (88 days). MEDIUM by Oct 2026, HOT by Jan 2027, ULTRA HOT by Apr 2027.",Your Term loans at ACUITE hits ULTRA HOT in Apr 2027. Start ACER process by Jan 2027 to be ahead of Q2 2027 renewal rush.,D365
Vidarbha Industries Power Ltd.,ICRA,Non-fund-based financial facility/instrument,D,2026-04-10,79,LOW (<90 days),Oct 2026,Jan 2027,Apr 2027,Apr 2027,110.0,Energy/Power,Standard,"INC since Apr 2026 (79 days). MEDIUM by Oct 2026, HOT by Jan 2027, ULTRA HOT by Apr 2027.",Your Non-fund-based financial facility/instrument at ICRA hits ULTRA HOT in Apr 2027. Start ACER process by Jan 2027 to be ahead of Q2 2027 renewal rush.,D365
Vidarbha Industries Power Ltd.,ICRA,Term loans,D,2026-04-10,79,LOW (<90 days),Oct 2026,Jan 2027,Apr 2027,Apr 2027,2654.24,Energy/Power,Standard,"INC since Apr 2026 (79 days). MEDIUM by Oct 2026, HOT by Jan 2027, ULTRA HOT by Apr 2027.",Your Term loans at ICRA hits ULTRA HOT in Apr 2027. Start ACER process by Jan 2027 to be ahead of Q2 2027 renewal rush.,D365
Vijai Electricals Ltd.,CARE,Non-government debt,BB-/A4,2026-04-10,79,LOW (<90 days),Oct 2026,Jan 2027,Apr 2027,Apr 2027,61.0,Energy/Power,NCD — SEBI License Required,"INC since Apr 2026 (79 days). MEDIUM by Oct 2026, HOT by Jan 2027, ULTRA HOT by Apr 2027.",Your Non-government debt at CARE hits ULTRA HOT in Apr 2027. Start ACER process by Jan 2027 to be ahead of Q2 2027 renewal rush.,D365
Vijai Electricals Ltd.,CARE,Non-government debt,BB-/A4,2026-04-10,79,LOW (<90 days),Oct 2026,Jan 2027,Apr 2027,Apr 2027,285.78,Energy/Power,NCD — SEBI License Required,"INC since Apr 2026 (79 days). MEDIUM by Oct 2026, HOT by Jan 2027, ULTRA HOT by Apr 2027.",Your Non-government debt at CARE hits ULTRA HOT in Apr 2027. Start ACER process by Jan 2027 to be ahead of Q2 2027 renewal rush.,D365
Vijai Electricals Ltd.,CARE,Term loans,BB-,2026-04-10,79,LOW (<90 days),Oct 2026,Jan 2027,Apr 2027,Apr 2027,149.28,Energy/Power,Standard,"INC since Apr 2026 (79 days). MEDIUM by Oct 2026, HOT by Jan 2027, ULTRA HOT by Apr 2027.",Your Term loans at CARE hits ULTRA HOT in Apr 2027. Start ACER process by Jan 2027 to be ahead of Q2 2027 renewal rush.,D365
Vijay Jindal Builders Pvt. Ltd.,IND-RA,Non-government debt,B/A4,2026-04-02,87,LOW (<90 days),Oct 2026,Jan 2027,Apr 2027,Apr 2027,6.0,Construction/Infra,NCD — SEBI License Required,"INC since Apr 2026 (87 days). MEDIUM by Oct 2026, HOT by Jan 2027, ULTRA HOT by Apr 2027.",Your Non-government debt at IND-RA hits ULTRA HOT in Apr 2027. Start ACER process by Jan 2027 to be ahead of Q2 2027 renewal rush.,D365
Vijay Sheets & Strips Pvt. Ltd.,IND-RA,Non-government debt,B-/A4,2026-04-02,87,LOW (<90 days),Oct 2026,Jan 2027,Apr 2027,Apr 2027,40.0,Other,NCD — SEBI License Required,"INC since Apr 2026 (87 days). MEDIUM by Oct 2026, HOT by Jan 2027, ULTRA HOT by Apr 2027.",Your Non-government debt at IND-RA hits ULTRA HOT in Apr 2027. Start ACER process by Jan 2027 to be ahead of Q2 2027 renewal rush.,D365
Vikram Roller Flour Mills Ltd.,CARE,Non-government debt,B-/A4,2026-04-29,60,LOW (<90 days),Oct 2026,Jan 2027,Apr 2027,Apr 2027,47.5,Agro/Food,NCD — SEBI License Required,"INC since Apr 2026 (60 days). MEDIUM by Oct 2026, HOT by Jan 2027, ULTRA HOT by Apr 2027.",Your Non-government debt at CARE hits ULTRA HOT in Apr 2027. Start ACER process by Jan 2027 to be ahead of Q2 2027 renewal rush.,D365
Vikrma Impex Pvt. Ltd.,ACUITE,Bank Guarantee,A 4,2026-04-17,72,LOW (<90 days),Oct 2026,Jan 2027,Apr 2027,Apr 2027,1.0,Other,Standard,"INC since Apr 2026 (72 days). MEDIUM by Oct 2026, HOT by Jan 2027, ULTRA HOT by Apr 2027.",Your Bank Guarantee at ACUITE hits ULTRA HOT in Apr 2027. Start ACER process by Jan 2027 to be ahead of Q2 2027 renewal rush.,D365
Vikrma Impex Pvt. Ltd.,ACUITE,Letter Of credit,A 4,2026-04-17,72,LOW (<90 days),Oct 2026,Jan 2027,Apr 2027,Apr 2027,1.0,Other,Standard,"INC since Apr 2026 (72 days). MEDIUM by Oct 2026, HOT by Jan 2027, ULTRA HOT by Apr 2027.",Your Letter Of credit at ACUITE hits ULTRA HOT in Apr 2027. Start ACER process by Jan 2027 to be ahead of Q2 2027 renewal rush.,D365
Vikrma Impex Pvt. Ltd.,ACUITE,Term loans,B+,2026-04-17,72,LOW (<90 days),Oct 2026,Jan 2027,Apr 2027,Apr 2027,3.0,Other,Standard,"INC since Apr 2026 (72 days). MEDIUM by Oct 2026, HOT by Jan 2027, ULTRA HOT by Apr 2027.",Your Term loans at ACUITE hits ULTRA HOT in Apr 2027. Start ACER process by Jan 2027 to be ahead of Q2 2027 renewal rush.,D365
Vimal Coal Pvt. Ltd.,CARE,Letter Of credit,A 4,2026-04-16,73,LOW (<90 days),Oct 2026,Jan 2027,Apr 2027,Apr 2027,49.99,Mining/Minerals,Standard,"INC since Apr 2026 (73 days). MEDIUM by Oct 2026, HOT by Jan 2027, ULTRA HOT by Apr 2027.",Your Letter Of credit at CARE hits ULTRA HOT in Apr 2027. Start ACER process by Jan 2027 to be ahead of Q2 2027 renewal rush.,D365
Vimal Coal Pvt. Ltd.,CARE,Non-government debt,BB-/A4,2026-04-16,73,LOW (<90 days),Oct 2026,Jan 2027,Apr 2027,Apr 2027,50.0,Mining/Minerals,NCD — SEBI License Required,"INC since Apr 2026 (73 days). MEDIUM by Oct 2026, HOT by Jan 2027, ULTRA HOT by Apr 2027.",Your Non-government debt at CARE hits ULTRA HOT in Apr 2027. Start ACER process by Jan 2027 to be ahead of Q2 2027 renewal rush.,D365
Vimal Coal Pvt. Ltd.,CARE,Non-government debt,BB-/A4,2026-04-16,73,LOW (<90 days),Oct 2026,Jan 2027,Apr 2027,Apr 2027,10.0,Mining/Minerals,NCD — SEBI License Required,"INC since Apr 2026 (73 days). MEDIUM by Oct 2026, HOT by Jan 2027, ULTRA HOT by Apr 2027.",Your Non-government debt at CARE hits ULTRA HOT in Apr 2027. Start ACER process by Jan 2027 to be ahead of Q2 2027 renewal rush.,D365
Vimal Coal Pvt. Ltd.,CARE,Non-government debt,BB-/A4,2026-04-16,73,LOW (<90 days),Oct 2026,Jan 2027,Apr 2027,Apr 2027,39.96,Mining/Minerals,NCD — SEBI License Required,"INC since Apr 2026 (73 days). MEDIUM by Oct 2026, HOT by Jan 2027, ULTRA HOT by Apr 2027.",Your Non-government debt at CARE hits ULTRA HOT in Apr 2027. Start ACER process by Jan 2027 to be ahead of Q2 2027 renewal rush.,D365
Vimla Fuels & Metals Ltd.,ACUITE,Letter Of credit,D,2026-04-17,72,LOW (<90 days),Oct 2026,Jan 2027,Apr 2027,Apr 2027,25.0,Steel & Metals,Standard,"INC since Apr 2026 (72 days). MEDIUM by Oct 2026, HOT by Jan 2027, ULTRA HOT by Apr 2027.",Your Letter Of credit at ACUITE hits ULTRA HOT in Apr 2027. Start ACER process by Jan 2027 to be ahead of Q2 2027 renewal rush.,D365
Vimla Fuels & Metals Ltd.,ACUITE,Letter Of credit,D,2026-04-17,72,LOW (<90 days),Oct 2026,Jan 2027,Apr 2027,Apr 2027,46.75,Steel & Metals,Standard,"INC since Apr 2026 (72 days). MEDIUM by Oct 2026, HOT by Jan 2027, ULTRA HOT by Apr 2027.",Your Letter Of credit at ACUITE hits ULTRA HOT in Apr 2027. Start ACER process by Jan 2027 to be ahead of Q2 2027 renewal rush.,D365
Vimla Fuels & Metals Ltd.,ACUITE,Long term Loans,D,2026-04-17,72,LOW (<90 days),Oct 2026,Jan 2027,Apr 2027,Apr 2027,0.99,Steel & Metals,Standard,"INC since Apr 2026 (72 days). MEDIUM by Oct 2026, HOT by Jan 2027, ULTRA HOT by Apr 2027.",Your Long term Loans at ACUITE hits ULTRA HOT in Apr 2027. Start ACER process by Jan 2027 to be ahead of Q2 2027 renewal rush.,D365
Vinayak Oil & Fats Pvt. Ltd.,CRISIL,Letter Of credit,A 2,2026-04-09,80,LOW (<90 days),Oct 2026,Jan 2027,Apr 2027,Apr 2027,15.0,Other,Standard,"INC since Apr 2026 (80 days). MEDIUM by Oct 2026, HOT by Jan 2027, ULTRA HOT by Apr 2027.",Your Letter Of credit at CRISIL hits ULTRA HOT in Apr 2027. Start ACER process by Jan 2027 to be ahead of Q2 2027 renewal rush.,D365
Vinishma Technologies Pvt. Ltd.,ACUITE,Bank Guarantee,A 4,2026-04-06,83,LOW (<90 days),Oct 2026,Jan 2027,Apr 2027,Apr 2027,12.5,IT/Technology,Standard,"INC since Apr 2026 (83 days). MEDIUM by Oct 2026, HOT by Jan 2027, ULTRA HOT by Apr 2027.",Your Bank Guarantee at ACUITE hits ULTRA HOT in Apr 2027. Start ACER process by Jan 2027 to be ahead of Q2 2027 renewal rush.,D365
Vipul Motors Pvt. Ltd.,CARE,Non-government debt,B/A4,2026-04-22,67,LOW (<90 days),Oct 2026,Jan 2027,Apr 2027,Apr 2027,45.0,Automobiles,NCD — SEBI License Required,"INC since Apr 2026 (67 days). MEDIUM by Oct 2026, HOT by Jan 2027, ULTRA HOT by Apr 2027.",Your Non-government debt at CARE hits ULTRA HOT in Apr 2027. Start ACER process by Jan 2027 to be ahead of Q2 2027 renewal rush.,D365
Viraj Alchohol & Allied Inds. Ltd.,CRISIL,Long term Loans,D,2026-04-30,59,LOW (<90 days),Oct 2026,Jan 2027,Apr 2027,Apr 2027,5.5,Other,Standard,"INC since Apr 2026 (59 days). MEDIUM by Oct 2026, HOT by Jan 2027, ULTRA HOT by Apr 2027.",Your Long term Loans at CRISIL hits ULTRA HOT in Apr 2027. Start ACER process by Jan 2027 to be ahead of Q2 2027 renewal rush.,D365
Viraj Alchohol & Allied Inds. Ltd.,CRISIL,Short-term loan,D,2026-04-30,59,LOW (<90 days),Oct 2026,Jan 2027,Apr 2027,Apr 2027,11.5,Other,Standard,"INC since Apr 2026 (59 days). MEDIUM by Oct 2026, HOT by Jan 2027, ULTRA HOT by Apr 2027.",Your Short-term loan at CRISIL hits ULTRA HOT in Apr 2027. Start ACER process by Jan 2027 to be ahead of Q2 2027 renewal rush.,D365
Vishnu Carriers Pvt. Ltd.,CRISIL,Bank Guarantee,A 4,2026-04-30,59,LOW (<90 days),Oct 2026,Jan 2027,Apr 2027,Apr 2027,3.0,Other,Standard,"INC since Apr 2026 (59 days). MEDIUM by Oct 2026, HOT by Jan 2027, ULTRA HOT by Apr 2027.",Your Bank Guarantee at CRISIL hits ULTRA HOT in Apr 2027. Start ACER process by Jan 2027 to be ahead of Q2 2027 renewal rush.,D365
Vishnu Vidyuth India Ltd.,CRISIL,Term loans,D,2026-04-30,59,LOW (<90 days),Oct 2026,Jan 2027,Apr 2027,Apr 2027,26.0,Other,Standard,"INC since Apr 2026 (59 days). MEDIUM by Oct 2026, HOT by Jan 2027, ULTRA HOT by Apr 2027.",Your Term loans at CRISIL hits ULTRA HOT in Apr 2027. Start ACER process by Jan 2027 to be ahead of Q2 2027 renewal rush.,D365
Vishrambhai Gorasia Construction Pvt. Ltd.,IND-RA,Non-government debt,B-/A4,2026-04-02,87,LOW (<90 days),Oct 2026,Jan 2027,Apr 2027,Apr 2027,7.98,Construction/Infra,NCD — SEBI License Required,"INC since Apr 2026 (87 days). MEDIUM by Oct 2026, HOT by Jan 2027, ULTRA HOT by Apr 2027.",Your Non-government debt at IND-RA hits ULTRA HOT in Apr 2027. Start ACER process by Jan 2027 to be ahead of Q2 2027 renewal rush.,D365
Vishwakarma Automotive Pvt. Ltd.,CARE,Term loans,B-,2026-04-27,62,LOW (<90 days),Oct 2026,Jan 2027,Apr 2027,Apr 2027,18.63,Automobiles,Standard,"INC since Apr 2026 (62 days). MEDIUM by Oct 2026, HOT by Jan 2027, ULTRA HOT by Apr 2027.",Your Term loans at CARE hits ULTRA HOT in Apr 2027. Start ACER process by Jan 2027 to be ahead of Q2 2027 renewal rush.,D365
Vista Information Systems Pvt. Ltd.,CARE,Non-government debt,BBB/A3,2026-04-06,83,LOW (<90 days),Oct 2026,Jan 2027,Apr 2027,Apr 2027,17.9,IT/Technology,NCD — SEBI License Required,"INC since Apr 2026 (83 days). MEDIUM by Oct 2026, HOT by Jan 2027, ULTRA HOT by Apr 2027.",Your Non-government debt at CARE hits ULTRA HOT in Apr 2027. Start ACER process by Jan 2027 to be ahead of Q2 2027 renewal rush.,D365
3 G Telecom Infra India Pvt. Ltd.,IND-RA,Non-government debt,B-/A4,2026-04-02,87,LOW (<90 days),Oct 2026,Jan 2027,Apr 2027,Apr 2027,6.04,Construction/Infra,NCD — SEBI License Required,"INC since Apr 2026 (87 days). MEDIUM by Oct 2026, HOT by Jan 2027, ULTRA HOT by Apr 2027.",Your Non-government debt at IND-RA hits ULTRA HOT in Apr 2027. Start ACER process by Jan 2027 to be ahead of Q2 2027 renewal rush.,D365
A & T Infracon Pvt. Ltd.,IND-RA,Non-fund based working capital limit,A 3,2026-04-08,81,LOW (<90 days),Oct 2026,Jan 2027,Apr 2027,Apr 2027,45.0,Construction/Infra,Standard,"INC since Apr 2026 (81 days). MEDIUM by Oct 2026, HOT by Jan 2027, ULTRA HOT by Apr 2027.",Your Non-fund based working capital limit at IND-RA hits ULTRA HOT in Apr 2027. Start ACER process by Jan 2027 to be ahead of Q2 2027 renewal rush.,D365
A & T Infracon Pvt. Ltd.,IND-RA,Term loans,BBB-,2026-04-08,81,LOW (<90 days),Oct 2026,Jan 2027,Apr 2027,Apr 2027,0.9,Construction/Infra,Standard,"INC since Apr 2026 (81 days). MEDIUM by Oct 2026, HOT by Jan 2027, ULTRA HOT by Apr 2027.",Your Term loans at IND-RA hits ULTRA HOT in Apr 2027. Start ACER process by Jan 2027 to be ahead of Q2 2027 renewal rush.,D365
A & T Infracon Pvt. Ltd.,IND-RA,Term loans,BBB-,2026-04-08,81,LOW (<90 days),Oct 2026,Jan 2027,Apr 2027,Apr 2027,1.1,Construction/Infra,Standard,"INC since Apr 2026 (81 days). MEDIUM by Oct 2026, HOT by Jan 2027, ULTRA HOT by Apr 2027.",Your Term loans at IND-RA hits ULTRA HOT in Apr 2027. Start ACER process by Jan 2027 to be ahead of Q2 2027 renewal rush.,D365
A G S Transact Technologies Ltd.,CRISIL,Long term Loans,D,2026-04-17,72,LOW (<90 days),Oct 2026,Jan 2027,Apr 2027,Apr 2027,153.76,IT/Technology,Standard,"INC since Apr 2026 (72 days). MEDIUM by Oct 2026, HOT by Jan 2027, ULTRA HOT by Apr 2027.",Your Long term Loans at CRISIL hits ULTRA HOT in Apr 2027. Start ACER process by Jan 2027 to be ahead of Q2 2027 renewal rush.,D365
A G S Transact Technologies Ltd.,CRISIL,Term loans,D,2026-04-17,72,LOW (<90 days),Oct 2026,Jan 2027,Apr 2027,Apr 2027,552.44,IT/Technology,Standard,"INC since Apr 2026 (72 days). MEDIUM by Oct 2026, HOT by Jan 2027, ULTRA HOT by Apr 2027.",Your Term loans at CRISIL hits ULTRA HOT in Apr 2027. Start ACER process by Jan 2027 to be ahead of Q2 2027 renewal rush.,D365
A I Champdany Inds. Ltd.,CARE,Bank Guarantee,D,2026-04-29,60,LOW (<90 days),Oct 2026,Jan 2027,Apr 2027,Apr 2027,7.77,Other,Standard,"INC since Apr 2026 (60 days). MEDIUM by Oct 2026, HOT by Jan 2027, ULTRA HOT by Apr 2027.",Your Bank Guarantee at CARE hits ULTRA HOT in Apr 2027. Start ACER process by Jan 2027 to be ahead of Q2 2027 renewal rush.,D365
A K Lumbers Ltd.,IND-RA,Non-government debt,B-/A4,2026-04-02,87,LOW (<90 days),Oct 2026,Jan 2027,Apr 2027,Apr 2027,13.5,Other,NCD — SEBI License Required,"INC since Apr 2026 (87 days). MEDIUM by Oct 2026, HOT by Jan 2027, ULTRA HOT by Apr 2027.",Your Non-government debt at IND-RA hits ULTRA HOT in Apr 2027. Start ACER process by Jan 2027 to be ahead of Q2 2027 renewal rush.,D365
A K R Impex Pvt. Ltd.,ICRA,Non-government debt,D,2026-04-29,60,LOW (<90 days),Oct 2026,Jan 2027,Apr 2027,Apr 2027,5.45,Other,NCD — SEBI License Required,"INC since Apr 2026 (60 days). MEDIUM by Oct 2026, HOT by Jan 2027, ULTRA HOT by Apr 2027.",Your Non-government debt at ICRA hits ULTRA HOT in Apr 2027. Start ACER process by Jan 2027 to be ahead of Q2 2027 renewal rush.,D365
Aaradhya Disposal Inds. Ltd.,CRISIL,Term loans,B,2026-04-28,61,LOW (<90 days),Oct 2026,Jan 2027,Apr 2027,Apr 2027,7.75,Other,Standard,"INC since Apr 2026 (61 days). MEDIUM by Oct 2026, HOT by Jan 2027, ULTRA HOT by Apr 2027.",Your Term loans at CRISIL hits ULTRA HOT in Apr 2027. Start ACER process by Jan 2027 to be ahead of Q2 2027 renewal rush.,D365
Aarti Suitings Pvt. Ltd.,CARE,Bank Guarantee,D,2026-04-24,65,LOW (<90 days),Oct 2026,Jan 2027,Apr 2027,Apr 2027,0.05,Other,Standard,"INC since Apr 2026 (65 days). MEDIUM by Oct 2026, HOT by Jan 2027, ULTRA HOT by Apr 2027.",Your Bank Guarantee at CARE hits ULTRA HOT in Apr 2027. Start ACER process by Jan 2027 to be ahead of Q2 2027 renewal rush.,D365
Aarti Suitings Pvt. Ltd.,CARE,Letter Of credit,D,2026-04-24,65,LOW (<90 days),Oct 2026,Jan 2027,Apr 2027,Apr 2027,0.5,Other,Standard,"INC since Apr 2026 (65 days). MEDIUM by Oct 2026, HOT by Jan 2027, ULTRA HOT by Apr 2027.",Your Letter Of credit at CARE hits ULTRA HOT in Apr 2027. Start ACER process by Jan 2027 to be ahead of Q2 2027 renewal rush.,D365
Aarti Suitings Pvt. Ltd.,CARE,Term loans,D,2026-04-24,65,LOW (<90 days),Oct 2026,Jan 2027,Apr 2027,Apr 2027,4.12,Other,Standard,"INC since Apr 2026 (65 days). MEDIUM by Oct 2026, HOT by Jan 2027, ULTRA HOT by Apr 2027.",Your Term loans at CARE hits ULTRA HOT in Apr 2027. Start ACER process by Jan 2027 to be ahead of Q2 2027 renewal rush.,D365
Abhay Solvents Pvt. Ltd.,ACUITE,Term loans,B+,2026-04-29,60,LOW (<90 days),Oct 2026,Jan 2027,Apr 2027,Apr 2027,15.7,Other,Standard,"INC since Apr 2026 (60 days). MEDIUM by Oct 2026, HOT by Jan 2027, ULTRA HOT by Apr 2027.",Your Term loans at ACUITE hits ULTRA HOT in Apr 2027. Start ACER process by Jan 2027 to be ahead of Q2 2027 renewal rush.,D365
Abhay Solvents Pvt. Ltd.,ACUITE,Long term Loans,BB-,2026-04-29,60,LOW (<90 days),Oct 2026,Jan 2027,Apr 2027,Apr 2027,6.3,Other,Standard,"INC since Apr 2026 (60 days). MEDIUM by Oct 2026, HOT by Jan 2027, ULTRA HOT by Apr 2027.",Your Long term Loans at ACUITE hits ULTRA HOT in Apr 2027. Start ACER process by Jan 2027 to be ahead of Q2 2027 renewal rush.,D365
Abhijit Auto Agency India Pvt. Ltd.,CRISIL,Fund based financial facility/instrument,A 4,2026-04-09,80,LOW (<90 days),Oct 2026,Jan 2027,Apr 2027,Apr 2027,10.0,Automobiles,Standard,"INC since Apr 2026 (80 days). MEDIUM by Oct 2026, HOT by Jan 2027, ULTRA HOT by Apr 2027.",Your Fund based financial facility/instrument at CRISIL hits ULTRA HOT in Apr 2027. Start ACER process by Jan 2027 to be ahead of Q2 2027 renewal rush.,D365
Abhijit Auto Agency India Pvt. Ltd.,CRISIL,Fund based financial facility/instrument,B,2026-04-09,80,LOW (<90 days),Oct 2026,Jan 2027,Apr 2027,Apr 2027,6.0,Automobiles,Standard,"INC since Apr 2026 (80 days). MEDIUM by Oct 2026, HOT by Jan 2027, ULTRA HOT by Apr 2027.",Your Fund based financial facility/instrument at CRISIL hits ULTRA HOT in Apr 2027. Start ACER process by Jan 2027 to be ahead of Q2 2027 renewal rush.,D365
Abhishek Propbuild Pvt. Ltd.,CARE,Term loans,D,2026-04-02,87,LOW (<90 days),Oct 2026,Jan 2027,Apr 2027,Apr 2027,129.3,Construction/Infra,Standard,"INC since Apr 2026 (87 days). MEDIUM by Oct 2026, HOT by Jan 2027, ULTRA HOT by Apr 2027.",Your Term loans at CARE hits ULTRA HOT in Apr 2027. Start ACER process by Jan 2027 to be ahead of Q2 2027 renewal rush.,D365
Abhishek Propbuild Pvt. Ltd.,CARE,Term loans,D,2026-04-23,66,LOW (<90 days),Oct 2026,Jan 2027,Apr 2027,Apr 2027,129.3,Construction/Infra,Standard,"INC since Apr 2026 (66 days). MEDIUM by Oct 2026, HOT by Jan 2027, ULTRA HOT by Apr 2027.",Your Term loans at CARE hits ULTRA HOT in Apr 2027. Start ACER process by Jan 2027 to be ahead of Q2 2027 renewal rush.,D365
Ace Commercial Co. Pvt. Ltd.,IND-RA,Non-government debt,B/A4,2026-04-02,87,LOW (<90 days),Oct 2026,Jan 2027,Apr 2027,Apr 2027,40.46,Other,NCD — SEBI License Required,"INC since Apr 2026 (87 days). MEDIUM by Oct 2026, HOT by Jan 2027, ULTRA HOT by Apr 2027.",Your Non-government debt at IND-RA hits ULTRA HOT in Apr 2027. Start ACER process by Jan 2027 to be ahead of Q2 2027 renewal rush.,D365
Adarsha Specialty Chemicals Pvt. Ltd.,ACUITE,Letter Of credit,A 4,2026-04-20,69,LOW (<90 days),Oct 2026,Jan 2027,Apr 2027,Apr 2027,3.5,Chemicals/Pharma,Standard,"INC since Apr 2026 (69 days). MEDIUM by Oct 2026, HOT by Jan 2027, ULTRA HOT by Apr 2027.",Your Letter Of credit at ACUITE hits ULTRA HOT in Apr 2027. Start ACER process by Jan 2027 to be ahead of Q2 2027 renewal rush.,D365
Adarsha Specialty Chemicals Pvt. Ltd.,ACUITE,Long term Loans,B-,2026-04-20,69,LOW (<90 days),Oct 2026,Jan 2027,Apr 2027,Apr 2027,1.0,Chemicals/Pharma,Standard,"INC since Apr 2026 (69 days). MEDIUM by Oct 2026, HOT by Jan 2027, ULTRA HOT by Apr 2027.",Your Long term Loans at ACUITE hits ULTRA HOT in Apr 2027. Start ACER process by Jan 2027 to be ahead of Q2 2027 renewal rush.,D365
Adhik Resort India Pvt. Ltd.,CRISIL,Bank Guarantee,A 4,2026-04-20,69,LOW (<90 days),Oct 2026,Jan 2027,Apr 2027,Apr 2027,0.75,Hotels/Tourism,Standard,"INC since Apr 2026 (69 days). MEDIUM by Oct 2026, HOT by Jan 2027, ULTRA HOT by Apr 2027.",Your Bank Guarantee at CRISIL hits ULTRA HOT in Apr 2027. Start ACER process by Jan 2027 to be ahead of Q2 2027 renewal rush.,D365
Adhik Resort India Pvt. Ltd.,CRISIL,Long term Loans,B,2026-04-20,69,LOW (<90 days),Oct 2026,Jan 2027,Apr 2027,Apr 2027,4.05,Hotels/Tourism,Standard,"INC since Apr 2026 (69 days). MEDIUM by Oct 2026, HOT by Jan 2027, ULTRA HOT by Apr 2027.",Your Long term Loans at CRISIL hits ULTRA HOT in Apr 2027. Start ACER process by Jan 2027 to be ahead of Q2 2027 renewal rush.,D365
Adie Broswon Breweries Pvt. Ltd.,ICRA,Non-fund-based financial facility/instrument,A 4,2026-04-10,79,LOW (<90 days),Oct 2026,Jan 2027,Apr 2027,Apr 2027,7.0,Other,Standard,"INC since Apr 2026 (79 days). MEDIUM by Oct 2026, HOT by Jan 2027, ULTRA HOT by Apr 2027.",Your Non-fund-based financial facility/instrument at ICRA hits ULTRA HOT in Apr 2027. Start ACER process by Jan 2027 to be ahead of Q2 2027 renewal rush.,D365
Adie Broswon Breweries Pvt. Ltd.,ICRA,Term loans,B+,2026-04-10,79,LOW (<90 days),Oct 2026,Jan 2027,Apr 2027,Apr 2027,72.14,Other,Standard,"INC since Apr 2026 (79 days). MEDIUM by Oct 2026, HOT by Jan 2027, ULTRA HOT by Apr 2027.",Your Term loans at ICRA hits ULTRA HOT in Apr 2027. Start ACER process by Jan 2027 to be ahead of Q2 2027 renewal rush.,D365
Adig Jemtex Pvt. Ltd.,CARE,Term loans,D,2026-04-24,65,LOW (<90 days),Oct 2026,Jan 2027,Apr 2027,Apr 2027,15.43,Other,Standard,"INC since Apr 2026 (65 days). MEDIUM by Oct 2026, HOT by Jan 2027, ULTRA HOT by Apr 2027.",Your Term loans at CARE hits ULTRA HOT in Apr 2027. Start ACER process by Jan 2027 to be ahead of Q2 2027 renewal rush.,D365
Adil Textiles Pvt. Ltd.,CRISIL,Term loans,A 4,2026-04-21,68,LOW (<90 days),Oct 2026,Jan 2027,Apr 2027,Apr 2027,4.3,Textiles,Standard,"INC since Apr 2026 (68 days). MEDIUM by Oct 2026, HOT by Jan 2027, ULTRA HOT by Apr 2027.",Your Term loans at CRISIL hits ULTRA HOT in Apr 2027. Start ACER process by Jan 2027 to be ahead of Q2 2027 renewal rush.,D365
Aditya Auto Engineering Pvt. Ltd.,CARE,Bank Guarantee,D,2026-04-16,73,LOW (<90 days),Oct 2026,Jan 2027,Apr 2027,Apr 2027,0.75,Automobiles,Standard,"INC since Apr 2026 (73 days). MEDIUM by Oct 2026, HOT by Jan 2027, ULTRA HOT by Apr 2027.",Your Bank Guarantee at CARE hits ULTRA HOT in Apr 2027. Start ACER process by Jan 2027 to be ahead of Q2 2027 renewal rush.,D365
Aditya Auto Engineering Pvt. Ltd.,CARE,Letter Of credit,D,2026-04-16,73,LOW (<90 days),Oct 2026,Jan 2027,Apr 2027,Apr 2027,1.0,Automobiles,Standard,"INC since Apr 2026 (73 days). MEDIUM by Oct 2026, HOT by Jan 2027, ULTRA HOT by Apr 2027.",Your Letter Of credit at CARE hits ULTRA HOT in Apr 2027. Start ACER process by Jan 2027 to be ahead of Q2 2027 renewal rush.,D365
Aditya Exim Ltd.,BRICKWORK,Bank Guarantee,D,2026-04-08,81,LOW (<90 days),Oct 2026,Jan 2027,Apr 2027,Apr 2027,1.0,Other,Standard,"INC since Apr 2026 (81 days). MEDIUM by Oct 2026, HOT by Jan 2027, ULTRA HOT by Apr 2027.",Your Bank Guarantee at BRICKWORK hits ULTRA HOT in Apr 2027. Start ACER process by Jan 2027 to be ahead of Q2 2027 renewal rush.,D365
Aditya Exim Ltd.,BRICKWORK,Letter Of credit,D,2026-04-08,81,LOW (<90 days),Oct 2026,Jan 2027,Apr 2027,Apr 2027,0.0,Other,Standard,"INC since Apr 2026 (81 days). MEDIUM by Oct 2026, HOT by Jan 2027, ULTRA HOT by Apr 2027.",Your Letter Of credit at BRICKWORK hits ULTRA HOT in Apr 2027. Start ACER process by Jan 2027 to be ahead of Q2 2027 renewal rush.,D365
Aditya Exim Ltd.,BRICKWORK,Non-fund-based financial facility/instrument,D,2026-04-08,81,LOW (<90 days),Oct 2026,Jan 2027,Apr 2027,Apr 2027,0.72,Other,Standard,"INC since Apr 2026 (81 days). MEDIUM by Oct 2026, HOT by Jan 2027, ULTRA HOT by Apr 2027.",Your Non-fund-based financial facility/instrument at BRICKWORK hits ULTRA HOT in Apr 2027. Start ACER process by Jan 2027 to be ahead of Q2 2027 renewal rush.,D365
Aditya Exim Ltd.,BRICKWORK,Term loans,D,2026-04-08,81,LOW (<90 days),Oct 2026,Jan 2027,Apr 2027,Apr 2027,5.81,Other,Standard,"INC since Apr 2026 (81 days). MEDIUM by Oct 2026, HOT by Jan 2027, ULTRA HOT by Apr 2027.",Your Term loans at BRICKWORK hits ULTRA HOT in Apr 2027. Start ACER process by Jan 2027 to be ahead of Q2 2027 renewal rush.,D365
Aditya Vidyut Appliances Ltd.,ICRA,Non-fund-based financial facility/instrument,D,2026-04-28,61,LOW (<90 days),Oct 2026,Jan 2027,Apr 2027,Apr 2027,123.0,Other,Standard,"INC since Apr 2026 (61 days). MEDIUM by Oct 2026, HOT by Jan 2027, ULTRA HOT by Apr 2027.",Your Non-fund-based financial facility/instrument at ICRA hits ULTRA HOT in Apr 2027. Start ACER process by Jan 2027 to be ahead of Q2 2027 renewal rush.,D365
Aditya Vidyut Appliances Ltd.,ICRA,Term loans,D,2026-04-28,61,LOW (<90 days),Oct 2026,Jan 2027,Apr 2027,Apr 2027,44.0,Other,Standard,"INC since Apr 2026 (61 days). MEDIUM by Oct 2026, HOT by Jan 2027, ULTRA HOT by Apr 2027.",Your Term loans at ICRA hits ULTRA HOT in Apr 2027. Start ACER process by Jan 2027 to be ahead of Q2 2027 renewal rush.,D365
Affluence Commodities Pvt. Ltd.,ACUITE,Bank Guarantee,A 4,2026-04-15,74,LOW (<90 days),Oct 2026,Jan 2027,Apr 2027,Apr 2027,9.43,Other,Standard,"INC since Apr 2026 (74 days). MEDIUM by Oct 2026, HOT by Jan 2027, ULTRA HOT by Apr 2027.",Your Bank Guarantee at ACUITE hits ULTRA HOT in Apr 2027. Start ACER process by Jan 2027 to be ahead of Q2 2027 renewal rush.,D365
Agarwal Polysacks Ltd.,BRICKWORK,Letter Of credit,A 4,2026-04-03,86,LOW (<90 days),Oct 2026,Jan 2027,Apr 2027,Apr 2027,1.6,Other,Standard,"INC since Apr 2026 (86 days). MEDIUM by Oct 2026, HOT by Jan 2027, ULTRA HOT by Apr 2027.",Your Letter Of credit at BRICKWORK hits ULTRA HOT in Apr 2027. Start ACER process by Jan 2027 to be ahead of Q2 2027 renewal rush.,D365
Agarwal Toughened Glass India Ltd.,CRISIL,Fund based financial facility/instrument,B,2026-04-28,61,LOW (<90 days),Oct 2026,Jan 2027,Apr 2027,Apr 2027,2.0,Other,Standard,"INC since Apr 2026 (61 days). MEDIUM by Oct 2026, HOT by Jan 2027, ULTRA HOT by Apr 2027.",Your Fund based financial facility/instrument at CRISIL hits ULTRA HOT in Apr 2027. Start ACER process by Jan 2027 to be ahead of Q2 2027 renewal rush.,D365
Agarwal Toughened Glass India Ltd.,CRISIL,Letter Of credit,B,2026-04-28,61,LOW (<90 days),Oct 2026,Jan 2027,Apr 2027,Apr 2027,0.45,Other,Standard,"INC since Apr 2026 (61 days). MEDIUM by Oct 2026, HOT by Jan 2027, ULTRA HOT by Apr 2027.",Your Letter Of credit at CRISIL hits ULTRA HOT in Apr 2027. Start ACER process by Jan 2027 to be ahead of Q2 2027 renewal rush.,D365
Agarwal Toughened Glass India Ltd.,CRISIL,Long term Loans,B,2026-04-28,61,LOW (<90 days),Oct 2026,Jan 2027,Apr 2027,Apr 2027,3.25,Other,Standard,"INC since Apr 2026 (61 days). MEDIUM by Oct 2026, HOT by Jan 2027, ULTRA HOT by Apr 2027.",Your Long term Loans at CRISIL hits ULTRA HOT in Apr 2027. Start ACER process by Jan 2027 to be ahead of Q2 2027 renewal rush.,D365
Agmotex Fabrics Pvt. Ltd.,CRISIL,Term loans,B,2026-04-21,68,LOW (<90 days),Oct 2026,Jan 2027,Apr 2027,Apr 2027,7.0,Textiles,Standard,"INC since Apr 2026 (68 days). MEDIUM by Oct 2026, HOT by Jan 2027, ULTRA HOT by Apr 2027.",Your Term loans at CRISIL hits ULTRA HOT in Apr 2027. Start ACER process by Jan 2027 to be ahead of Q2 2027 renewal rush.,D365
Agri-Best India Ltd.,CARE,Fund based financial facility/instrument,D,2026-04-29,60,LOW (<90 days),Oct 2026,Jan 2027,Apr 2027,Apr 2027,7.0,Other,Standard,"INC since Apr 2026 (60 days). MEDIUM by Oct 2026, HOT by Jan 2027, ULTRA HOT by Apr 2027.",Your Fund based financial facility/instrument at CARE hits ULTRA HOT in Apr 2027. Start ACER process by Jan 2027 to be ahead of Q2 2027 renewal rush.,D365
Agri-Best India Ltd.,CARE,Non-government debt,D,2026-04-29,60,LOW (<90 days),Oct 2026,Jan 2027,Apr 2027,Apr 2027,10.0,Other,NCD — SEBI License Required,"INC since Apr 2026 (60 days). MEDIUM by Oct 2026, HOT by Jan 2027, ULTRA HOT by Apr 2027.",Your Non-government debt at CARE hits ULTRA HOT in Apr 2027. Start ACER process by Jan 2027 to be ahead of Q2 2027 renewal rush.,D365
Agsons Agencies (India) Pvt. Ltd.,CRISIL,Letter Of credit,D,2026-04-21,68,LOW (<90 days),Oct 2026,Jan 2027,Apr 2027,Apr 2027,85.0,Other,Standard,"INC since Apr 2026 (68 days). MEDIUM by Oct 2026, HOT by Jan 2027, ULTRA HOT by Apr 2027.",Your Letter Of credit at CRISIL hits ULTRA HOT in Apr 2027. Start ACER process by Jan 2027 to be ahead of Q2 2027 renewal rush.,D365
Agventure Enterprises Pvt. Ltd.,CRISIL,Fund based financial facility/instrument,B,2026-04-21,68,LOW (<90 days),Oct 2026,Jan 2027,Apr 2027,Apr 2027,6.2,Other,Standard,"INC since Apr 2026 (68 days). MEDIUM by Oct 2026, HOT by Jan 2027, ULTRA HOT by Apr 2027.",Your Fund based financial facility/instrument at CRISIL hits ULTRA HOT in Apr 2027. Start ACER process by Jan 2027 to be ahead of Q2 2027 renewal rush.,D365
Agventure Enterprises Pvt. Ltd.,CRISIL,Long term Loans,B,2026-04-21,68,LOW (<90 days),Oct 2026,Jan 2027,Apr 2027,Apr 2027,3.8,Other,Standard,"INC since Apr 2026 (68 days). MEDIUM by Oct 2026, HOT by Jan 2027, ULTRA HOT by Apr 2027.",Your Long term Loans at CRISIL hits ULTRA HOT in Apr 2027. Start ACER process by Jan 2027 to be ahead of Q2 2027 renewal rush.,D365
Ahinsa Infrastructure & Developers Ltd.,ACUITE,Term loans,B-,2026-04-13,76,LOW (<90 days),Oct 2026,Jan 2027,Apr 2027,Apr 2027,63.0,Construction/Infra,Standard,"INC since Apr 2026 (76 days). MEDIUM by Oct 2026, HOT by Jan 2027, ULTRA HOT by Apr 2027.",Your Term loans at ACUITE hits ULTRA HOT in Apr 2027. Start ACER process by Jan 2027 to be ahead of Q2 2027 renewal rush.,D365
Ainwesha Engineering & Projects Ltd.,IND-RA,Non-government debt,D,2026-04-02,87,LOW (<90 days),Oct 2026,Jan 2027,Apr 2027,Apr 2027,326.04,Other,NCD — SEBI License Required,"INC since Apr 2026 (87 days). MEDIUM by Oct 2026, HOT by Jan 2027, ULTRA HOT by Apr 2027.",Your Non-government debt at IND-RA hits ULTRA HOT in Apr 2027. Start ACER process by Jan 2027 to be ahead of Q2 2027 renewal rush.,D365
Ajanta Spintex Pvt. Ltd.,ACUITE,Term loans,D,2026-04-15,74,LOW (<90 days),Oct 2026,Jan 2027,Apr 2027,Apr 2027,16.26,Other,Standard,"INC since Apr 2026 (74 days). MEDIUM by Oct 2026, HOT by Jan 2027, ULTRA HOT by Apr 2027.",Your Term loans at ACUITE hits ULTRA HOT in Apr 2027. Start ACER process by Jan 2027 to be ahead of Q2 2027 renewal rush.,D365
Ajay Protech Pvt. Ltd.,CRISIL,Bank Guarantee,D,2026-04-13,76,LOW (<90 days),Oct 2026,Jan 2027,Apr 2027,Apr 2027,21.0,IT/Technology,Standard,"INC since Apr 2026 (76 days). MEDIUM by Oct 2026, HOT by Jan 2027, ULTRA HOT by Apr 2027.",Your Bank Guarantee at CRISIL hits ULTRA HOT in Apr 2027. Start ACER process by Jan 2027 to be ahead of Q2 2027 renewal rush.,D365
Al-Nasir Exports Pvt. Ltd.,CARE,Term loans,D,2026-04-21,68,LOW (<90 days),Oct 2026,Jan 2027,Apr 2027,Apr 2027,5.0,Other,Standard,"INC since Apr 2026 (68 days). MEDIUM by Oct 2026, HOT by Jan 2027, ULTRA HOT by Apr 2027.",Your Term loans at CARE hits ULTRA HOT in Apr 2027. Start ACER process by Jan 2027 to be ahead of Q2 2027 renewal rush.,D365
Alamelu Balaji Spg. Mills Pvt. Ltd.,BRICKWORK,Letter Of credit,A 4,2026-04-01,88,LOW (<90 days),Oct 2026,Jan 2027,Apr 2027,Apr 2027,0.2,Other,Standard,"INC since Apr 2026 (88 days). MEDIUM by Oct 2026, HOT by Jan 2027, ULTRA HOT by Apr 2027.",Your Letter Of credit at BRICKWORK hits ULTRA HOT in Apr 2027. Start ACER process by Jan 2027 to be ahead of Q2 2027 renewal rush.,D365
Alamelu Balaji Spg. Mills Pvt. Ltd.,BRICKWORK,Non-fund-based financial facility/instrument,A 4,2026-04-01,88,LOW (<90 days),Oct 2026,Jan 2027,Apr 2027,Apr 2027,0.2,Other,Standard,"INC since Apr 2026 (88 days). MEDIUM by Oct 2026, HOT by Jan 2027, ULTRA HOT by Apr 2027.",Your Non-fund-based financial facility/instrument at BRICKWORK hits ULTRA HOT in Apr 2027. Start ACER process by Jan 2027 to be ahead of Q2 2027 renewal rush.,D365
Alamelu Balaji Spg. Mills Pvt. Ltd.,BRICKWORK,Term loans,C-,2026-04-01,88,LOW (<90 days),Oct 2026,Jan 2027,Apr 2027,Apr 2027,4.4,Other,Standard,"INC since Apr 2026 (88 days). MEDIUM by Oct 2026, HOT by Jan 2027, ULTRA HOT by Apr 2027.",Your Term loans at BRICKWORK hits ULTRA HOT in Apr 2027. Start ACER process by Jan 2027 to be ahead of Q2 2027 renewal rush.,D365
Alchemist Hospitals Ltd.,CARE,Term loans,B,2026-04-08,81,LOW (<90 days),Oct 2026,Jan 2027,Apr 2027,Apr 2027,31.6,Chemicals/Pharma,Standard,"INC since Apr 2026 (81 days). MEDIUM by Oct 2026, HOT by Jan 2027, ULTRA HOT by Apr 2027.",Your Term loans at CARE hits ULTRA HOT in Apr 2027. Start ACER process by Jan 2027 to be ahead of Q2 2027 renewal rush.,D365
Alcob India Pvt. Ltd.,ACUITE,Bank Guarantee,D,2026-04-15,74,LOW (<90 days),Oct 2026,Jan 2027,Apr 2027,Apr 2027,10.0,Other,Standard,"INC since Apr 2026 (74 days). MEDIUM by Oct 2026, HOT by Jan 2027, ULTRA HOT by Apr 2027.",Your Bank Guarantee at ACUITE hits ULTRA HOT in Apr 2027. Start ACER process by Jan 2027 to be ahead of Q2 2027 renewal rush.,D365
Alcob India Pvt. Ltd.,ACUITE,Letter Of credit,D,2026-04-15,74,LOW (<90 days),Oct 2026,Jan 2027,Apr 2027,Apr 2027,4.4,Other,Standard,"INC since Apr 2026 (74 days). MEDIUM by Oct 2026, HOT by Jan 2027, ULTRA HOT by Apr 2027.",Your Letter Of credit at ACUITE hits ULTRA HOT in Apr 2027. Start ACER process by Jan 2027 to be ahead of Q2 2027 renewal rush.,D365
Alcob India Pvt. Ltd.,ACUITE,Term loans,D,2026-04-15,74,LOW (<90 days),Oct 2026,Jan 2027,Apr 2027,Apr 2027,3.0,Other,Standard,"INC since Apr 2026 (74 days). MEDIUM by Oct 2026, HOT by Jan 2027, ULTRA HOT by Apr 2027.",Your Term loans at ACUITE hits ULTRA HOT in Apr 2027. Start ACER process by Jan 2027 to be ahead of Q2 2027 renewal rush.,D365
Alfa Flexitubes Pvt. Ltd.,CARE,Non-government debt,B-/A4,2026-04-08,81,LOW (<90 days),Oct 2026,Jan 2027,Apr 2027,Apr 2027,8.5,Other,NCD — SEBI License Required,"INC since Apr 2026 (81 days). MEDIUM by Oct 2026, HOT by Jan 2027, ULTRA HOT by Apr 2027.",Your Non-government debt at CARE hits ULTRA HOT in Apr 2027. Start ACER process by Jan 2027 to be ahead of Q2 2027 renewal rush.,D365
Alfa Flexitubes Pvt. Ltd.,CARE,Non-government debt,B-/A4,2026-04-08,81,LOW (<90 days),Oct 2026,Jan 2027,Apr 2027,Apr 2027,6.0,Other,NCD — SEBI License Required,"INC since Apr 2026 (81 days). MEDIUM by Oct 2026, HOT by Jan 2027, ULTRA HOT by Apr 2027.",Your Non-government debt at CARE hits ULTRA HOT in Apr 2027. Start ACER process by Jan 2027 to be ahead of Q2 2027 renewal rush.,D365
Alfa Flexitubes Pvt. Ltd.,CARE,Term loans,B-,2026-04-08,81,LOW (<90 days),Oct 2026,Jan 2027,Apr 2027,Apr 2027,1.0,Other,Standard,"INC since Apr 2026 (81 days). MEDIUM by Oct 2026, HOT by Jan 2027, ULTRA HOT by Apr 2027.",Your Term loans at CARE hits ULTRA HOT in Apr 2027. Start ACER process by Jan 2027 to be ahead of Q2 2027 renewal rush.,D365
Alom Extrusions Ltd.,ACUITE,Bank Guarantee,A 4,2026-04-09,80,LOW (<90 days),Oct 2026,Jan 2027,Apr 2027,Apr 2027,1.75,Other,Standard,"INC since Apr 2026 (80 days). MEDIUM by Oct 2026, HOT by Jan 2027, ULTRA HOT by Apr 2027.",Your Bank Guarantee at ACUITE hits ULTRA HOT in Apr 2027. Start ACER process by Jan 2027 to be ahead of Q2 2027 renewal rush.,D365
Alom Extrusions Ltd.,ACUITE,Letter Of credit,A 4,2026-04-09,80,LOW (<90 days),Oct 2026,Jan 2027,Apr 2027,Apr 2027,21.0,Other,Standard,"INC since Apr 2026 (80 days). MEDIUM by Oct 2026, HOT by Jan 2027, ULTRA HOT by Apr 2027.",Your Letter Of credit at ACUITE hits ULTRA HOT in Apr 2027. Start ACER process by Jan 2027 to be ahead of Q2 2027 renewal rush.,D365
Alom Poly Extrusions Ltd.,ACUITE,Long term Loans,B-,2026-04-24,65,LOW (<90 days),Oct 2026,Jan 2027,Apr 2027,Apr 2027,0.5,Other,Standard,"INC since Apr 2026 (65 days). MEDIUM by Oct 2026, HOT by Jan 2027, ULTRA HOT by Apr 2027.",Your Long term Loans at ACUITE hits ULTRA HOT in Apr 2027. Start ACER process by Jan 2027 to be ahead of Q2 2027 renewal rush.,D365
Alom Poly Extrusions Ltd.,ACUITE,Term loans,B-,2026-04-24,65,LOW (<90 days),Oct 2026,Jan 2027,Apr 2027,Apr 2027,2.69,Other,Standard,"INC since Apr 2026 (65 days). MEDIUM by Oct 2026, HOT by Jan 2027, ULTRA HOT by Apr 2027.",Your Term loans at ACUITE hits ULTRA HOT in Apr 2027. Start ACER process by Jan 2027 to be ahead of Q2 2027 renewal rush.,D365
Alpha Milkfoods Pvt. Ltd.,ICRA,Term loans,B+,2026-04-27,62,LOW (<90 days),Oct 2026,Jan 2027,Apr 2027,Apr 2027,24.0,Agro/Food,Standard,"INC since Apr 2026 (62 days). MEDIUM by Oct 2026, HOT by Jan 2027, ULTRA HOT by Apr 2027.",Your Term loans at ICRA hits ULTRA HOT in Apr 2027. Start ACER process by Jan 2027 to be ahead of Q2 2027 renewal rush.,D365
Amar Jewellers Pvt. Ltd.,CRISIL,Long term Loans,B,2026-04-21,68,LOW (<90 days),Oct 2026,Jan 2027,Apr 2027,Apr 2027,25.0,Other,Standard,"INC since Apr 2026 (68 days). MEDIUM by Oct 2026, HOT by Jan 2027, ULTRA HOT by Apr 2027.",Your Long term Loans at CRISIL hits ULTRA HOT in Apr 2027. Start ACER process by Jan 2027 to be ahead of Q2 2027 renewal rush.,D365
Amar Prakaash Developerss Pvt. Ltd.,IND-RA,Term loans,D,2026-04-02,87,LOW (<90 days),Oct 2026,Jan 2027,Apr 2027,Apr 2027,288.67,Other,Standard,"INC since Apr 2026 (87 days). MEDIUM by Oct 2026, HOT by Jan 2027, ULTRA HOT by Apr 2027.",Your Term loans at IND-RA hits ULTRA HOT in Apr 2027. Start ACER process by Jan 2027 to be ahead of Q2 2027 renewal rush.,D365
Ambica Jute Mills Ltd.,IND-RA,Non-fund based working capital limit,A 3+,2026-04-14,75,LOW (<90 days),Oct 2026,Jan 2027,Apr 2027,Apr 2027,20.0,Other,Standard,"INC since Apr 2026 (75 days). MEDIUM by Oct 2026, HOT by Jan 2027, ULTRA HOT by Apr 2027.",Your Non-fund based working capital limit at IND-RA hits ULTRA HOT in Apr 2027. Start ACER process by Jan 2027 to be ahead of Q2 2027 renewal rush.,D365
Ambica Jute Mills Ltd.,IND-RA,Term loans,BBB,2026-04-14,75,LOW (<90 days),Oct 2026,Jan 2027,Apr 2027,Apr 2027,259.61,Other,Standard,"INC since Apr 2026 (75 days). MEDIUM by Oct 2026, HOT by Jan 2027, ULTRA HOT by Apr 2027.",Your Term loans at IND-RA hits ULTRA HOT in Apr 2027. Start ACER process by Jan 2027 to be ahead of Q2 2027 renewal rush.,D365
Amnet Systems Pvt. Ltd.,CRISIL,Term loans,B,2026-04-21,68,LOW (<90 days),Oct 2026,Jan 2027,Apr 2027,Apr 2027,2.5,IT/Technology,Standard,"INC since Apr 2026 (68 days). MEDIUM by Oct 2026, HOT by Jan 2027, ULTRA HOT by Apr 2027.",Your Term loans at CRISIL hits ULTRA HOT in Apr 2027. Start ACER process by Jan 2027 to be ahead of Q2 2027 renewal rush.,D365
Anand Carbo Pvt. Ltd.,CARE,Bank Guarantee,A 4,2026-04-15,74,LOW (<90 days),Oct 2026,Jan 2027,Apr 2027,Apr 2027,52.0,Other,Standard,"INC since Apr 2026 (74 days). MEDIUM by Oct 2026, HOT by Jan 2027, ULTRA HOT by Apr 2027.",Your Bank Guarantee at CARE hits ULTRA HOT in Apr 2027. Start ACER process by Jan 2027 to be ahead of Q2 2027 renewal rush.,D365
Anand Mine Tools Pvt. Ltd.,IND-RA,Non-government debt,D,2026-04-02,87,LOW (<90 days),Oct 2026,Jan 2027,Apr 2027,Apr 2027,17.35,Other,NCD — SEBI License Required,"INC since Apr 2026 (87 days). MEDIUM by Oct 2026, HOT by Jan 2027, ULTRA HOT by Apr 2027.",Your Non-government debt at IND-RA hits ULTRA HOT in Apr 2027. Start ACER process by Jan 2027 to be ahead of Q2 2027 renewal rush.,D365
Anand Motor Agencies Ltd.,CARE,Fund based financial facility/instrument,B+,2026-04-10,79,LOW (<90 days),Oct 2026,Jan 2027,Apr 2027,Apr 2027,25.0,Automobiles,Standard,"INC since Apr 2026 (79 days). MEDIUM by Oct 2026, HOT by Jan 2027, ULTRA HOT by Apr 2027.",Your Fund based financial facility/instrument at CARE hits ULTRA HOT in Apr 2027. Start ACER process by Jan 2027 to be ahead of Q2 2027 renewal rush.,D365
Anand Motor Agencies Ltd.,CARE,Letter Of credit,A 4,2026-04-10,79,LOW (<90 days),Oct 2026,Jan 2027,Apr 2027,Apr 2027,3.0,Automobiles,Standard,"INC since Apr 2026 (79 days). MEDIUM by Oct 2026, HOT by Jan 2027, ULTRA HOT by Apr 2027.",Your Letter Of credit at CARE hits ULTRA HOT in Apr 2027. Start ACER process by Jan 2027 to be ahead of Q2 2027 renewal rush.,D365
Anand Motor Agencies Ltd.,CARE,Term loans,B+,2026-04-10,79,LOW (<90 days),Oct 2026,Jan 2027,Apr 2027,Apr 2027,1.59,Automobiles,Standard,"INC since Apr 2026 (79 days). MEDIUM by Oct 2026, HOT by Jan 2027, ULTRA HOT by Apr 2027.",Your Term loans at CARE hits ULTRA HOT in Apr 2027. Start ACER process by Jan 2027 to be ahead of Q2 2027 renewal rush.,D365
Andhra Ferro Alloys Ltd.,ICRA,Non-fund-based financial facility/instrument,D,2026-04-10,79,LOW (<90 days),Oct 2026,Jan 2027,Apr 2027,Apr 2027,25.0,Steel & Metals,Standard,"INC since Apr 2026 (79 days). MEDIUM by Oct 2026, HOT by Jan 2027, ULTRA HOT by Apr 2027.",Your Non-fund-based financial facility/instrument at ICRA hits ULTRA HOT in Apr 2027. Start ACER process by Jan 2027 to be ahead of Q2 2027 renewal rush.,D365
Andhra Ferro Alloys Ltd.,ICRA,Non-government debt,D,2026-04-10,79,LOW (<90 days),Oct 2026,Jan 2027,Apr 2027,Apr 2027,33.5,Steel & Metals,NCD — SEBI License Required,"INC since Apr 2026 (79 days). MEDIUM by Oct 2026, HOT by Jan 2027, ULTRA HOT by Apr 2027.",Your Non-government debt at ICRA hits ULTRA HOT in Apr 2027. Start ACER process by Jan 2027 to be ahead of Q2 2027 renewal rush.,D365
Andhra Ferro Alloys Ltd.,ICRA,Term loans,D,2026-04-10,79,LOW (<90 days),Oct 2026,Jan 2027,Apr 2027,Apr 2027,15.0,Steel & Metals,Standard,"INC since Apr 2026 (79 days). MEDIUM by Oct 2026, HOT by Jan 2027, ULTRA HOT by Apr 2027.",Your Term loans at ICRA hits ULTRA HOT in Apr 2027. Start ACER process by Jan 2027 to be ahead of Q2 2027 renewal rush.,D365
Andhra Polymers Pvt. Ltd.,ICRA,Non-fund-based financial facility/instrument,A 4,2026-04-29,60,LOW (<90 days),Oct 2026,Jan 2027,Apr 2027,Apr 2027,11.5,Other,Standard,"INC since Apr 2026 (60 days). MEDIUM by Oct 2026, HOT by Jan 2027, ULTRA HOT by Apr 2027.",Your Non-fund-based financial facility/instrument at ICRA hits ULTRA HOT in Apr 2027. Start ACER process by Jan 2027 to be ahead of Q2 2027 renewal rush.,D365
Andhra Polymers Pvt. Ltd.,ICRA,Non-government debt,B+,2026-04-29,60,LOW (<90 days),Oct 2026,Jan 2027,Apr 2027,Apr 2027,0.51,Other,NCD — SEBI License Required,"INC since Apr 2026 (60 days). MEDIUM by Oct 2026, HOT by Jan 2027, ULTRA HOT by Apr 2027.",Your Non-government debt at ICRA hits ULTRA HOT in Apr 2027. Start ACER process by Jan 2027 to be ahead of Q2 2027 renewal rush.,D365
Andhra Polymers Pvt. Ltd.,ICRA,Term loans,B+,2026-04-29,60,LOW (<90 days),Oct 2026,Jan 2027,Apr 2027,Apr 2027,0.69,Other,Standard,"INC since Apr 2026 (60 days). MEDIUM by Oct 2026, HOT by Jan 2027, ULTRA HOT by Apr 2027.",Your Term loans at ICRA hits ULTRA HOT in Apr 2027. Start ACER process by Jan 2027 to be ahead of Q2 2027 renewal rush.,D365
Anjalee Granites Pvt. Ltd.,ICRA,Fund based financial facility/instrument,BB,2026-04-16,73,LOW (<90 days),Oct 2026,Jan 2027,Apr 2027,Apr 2027,5.6,Mining/Minerals,Standard,"INC since Apr 2026 (73 days). MEDIUM by Oct 2026, HOT by Jan 2027, ULTRA HOT by Apr 2027.",Your Fund based financial facility/instrument at ICRA hits ULTRA HOT in Apr 2027. Start ACER process by Jan 2027 to be ahead of Q2 2027 renewal rush.,D365
Anjalee Granites Pvt. Ltd.,ICRA,Non-government debt,BB/A4,2026-04-16,73,LOW (<90 days),Oct 2026,Jan 2027,Apr 2027,Apr 2027,15.0,Mining/Minerals,NCD — SEBI License Required,"INC since Apr 2026 (73 days). MEDIUM by Oct 2026, HOT by Jan 2027, ULTRA HOT by Apr 2027.",Your Non-government debt at ICRA hits ULTRA HOT in Apr 2027. Start ACER process by Jan 2027 to be ahead of Q2 2027 renewal rush.,D365
Anjalee Granites Pvt. Ltd.,ICRA,Non-government debt,BB/A4,2026-04-16,73,LOW (<90 days),Oct 2026,Jan 2027,Apr 2027,Apr 2027,22.0,Mining/Minerals,NCD — SEBI License Required,"INC since Apr 2026 (73 days). MEDIUM by Oct 2026, HOT by Jan 2027, ULTRA HOT by Apr 2027.",Your Non-government debt at ICRA hits ULTRA HOT in Apr 2027. Start ACER process by Jan 2027 to be ahead of Q2 2027 renewal rush.,D365
Anjalee Granites Pvt. Ltd.,ICRA,Term loans,BB,2026-04-16,73,LOW (<90 days),Oct 2026,Jan 2027,Apr 2027,Apr 2027,3.4,Mining/Minerals,Standard,"INC since Apr 2026 (73 days). MEDIUM by Oct 2026, HOT by Jan 2027, ULTRA HOT by Apr 2027.",Your Term loans at ICRA hits ULTRA HOT in Apr 2027. Start ACER process by Jan 2027 to be ahead of Q2 2027 renewal rush.,D365
Ankit Pulps & Boards Pvt. Ltd.,ICRA,Long term Loans,B+,2026-04-24,65,LOW (<90 days),Oct 2026,Jan 2027,Apr 2027,Apr 2027,0.0,IT/Technology,Standard,"INC since Apr 2026 (65 days). MEDIUM by Oct 2026, HOT by Jan 2027, ULTRA HOT by Apr 2027.",Your Long term Loans at ICRA hits ULTRA HOT in Apr 2027. Start ACER process by Jan 2027 to be ahead of Q2 2027 renewal rush.,D365
Ankit Pulps & Boards Pvt. Ltd.,ICRA,Term loans,B+,2026-04-24,65,LOW (<90 days),Oct 2026,Jan 2027,Apr 2027,Apr 2027,1.75,IT/Technology,Standard,"INC since Apr 2026 (65 days). MEDIUM by Oct 2026, HOT by Jan 2027, ULTRA HOT by Apr 2027.",Your Term loans at ICRA hits ULTRA HOT in Apr 2027. Start ACER process by Jan 2027 to be ahead of Q2 2027 renewal rush.,D365
Ankur Iron (India) Pvt. Ltd.,CRISIL,Letter Of credit,D,2026-04-21,68,LOW (<90 days),Oct 2026,Jan 2027,Apr 2027,Apr 2027,5.0,Steel & Metals,Standard,"INC since Apr 2026 (68 days). MEDIUM by Oct 2026, HOT by Jan 2027, ULTRA HOT by Apr 2027.",Your Letter Of credit at CRISIL hits ULTRA HOT in Apr 2027. Start ACER process by Jan 2027 to be ahead of Q2 2027 renewal rush.,D365
Ankur Iron (India) Pvt. Ltd.,CRISIL,Long term Loans,D,2026-04-21,68,LOW (<90 days),Oct 2026,Jan 2027,Apr 2027,Apr 2027,2.12,Steel & Metals,Standard,"INC since Apr 2026 (68 days). MEDIUM by Oct 2026, HOT by Jan 2027, ULTRA HOT by Apr 2027.",Your Long term Loans at CRISIL hits ULTRA HOT in Apr 2027. Start ACER process by Jan 2027 to be ahead of Q2 2027 renewal rush.,D365
Ankur Iron (India) Pvt. Ltd.,CRISIL,Term loans,D,2026-04-21,68,LOW (<90 days),Oct 2026,Jan 2027,Apr 2027,Apr 2027,0.38,Steel & Metals,Standard,"INC since Apr 2026 (68 days). MEDIUM by Oct 2026, HOT by Jan 2027, ULTRA HOT by Apr 2027.",Your Term loans at CRISIL hits ULTRA HOT in Apr 2027. Start ACER process by Jan 2027 to be ahead of Q2 2027 renewal rush.,D365
Anmol Feeds Pvt. Ltd.,CRISIL,Letter Of credit,A 4,2026-04-21,68,LOW (<90 days),Oct 2026,Jan 2027,Apr 2027,Apr 2027,3.0,Other,Standard,"INC since Apr 2026 (68 days). MEDIUM by Oct 2026, HOT by Jan 2027, ULTRA HOT by Apr 2027.",Your Letter Of credit at CRISIL hits ULTRA HOT in Apr 2027. Start ACER process by Jan 2027 to be ahead of Q2 2027 renewal rush.,D365
Anmol Industries Ltd.,CRISIL,Long term Loans,B,2026-04-15,74,LOW (<90 days),Oct 2026,Jan 2027,Apr 2027,Apr 2027,16.0,Other,Standard,"INC since Apr 2026 (74 days). MEDIUM by Oct 2026, HOT by Jan 2027, ULTRA HOT by Apr 2027.",Your Long term Loans at CRISIL hits ULTRA HOT in Apr 2027. Start ACER process by Jan 2027 to be ahead of Q2 2027 renewal rush.,D365
Anmol Industries Ltd.,CRISIL,Short-term loan,A 4,2026-04-15,74,LOW (<90 days),Oct 2026,Jan 2027,Apr 2027,Apr 2027,5.0,Other,Standard,"INC since Apr 2026 (74 days). MEDIUM by Oct 2026, HOT by Jan 2027, ULTRA HOT by Apr 2027.",Your Short-term loan at CRISIL hits ULTRA HOT in Apr 2027. Start ACER process by Jan 2027 to be ahead of Q2 2027 renewal rush.,D365
Antonova Tiles (India) Pvt. Ltd.,CARE,Bank Guarantee,A 4,2026-04-10,79,LOW (<90 days),Oct 2026,Jan 2027,Apr 2027,Apr 2027,2.05,Other,Standard,"INC since Apr 2026 (79 days). MEDIUM by Oct 2026, HOT by Jan 2027, ULTRA HOT by Apr 2027.",Your Bank Guarantee at CARE hits ULTRA HOT in Apr 2027. Start ACER process by Jan 2027 to be ahead of Q2 2027 renewal rush.,D365
Antonova Tiles (India) Pvt. Ltd.,CARE,Term loans,B,2026-04-10,79,LOW (<90 days),Oct 2026,Jan 2027,Apr 2027,Apr 2027,7.65,Other,Standard,"INC since Apr 2026 (79 days). MEDIUM by Oct 2026, HOT by Jan 2027, ULTRA HOT by Apr 2027.",Your Term loans at CARE hits ULTRA HOT in Apr 2027. Start ACER process by Jan 2027 to be ahead of Q2 2027 renewal rush.,D365
Antony Road Transport Solutions Pvt. Ltd.,CARE,Term loans,B-,2026-04-15,74,LOW (<90 days),Oct 2026,Jan 2027,Apr 2027,Apr 2027,41.43,Construction/Infra,Standard,"INC since Apr 2026 (74 days). MEDIUM by Oct 2026, HOT by Jan 2027, ULTRA HOT by Apr 2027.",Your Term loans at CARE hits ULTRA HOT in Apr 2027. Start ACER process by Jan 2027 to be ahead of Q2 2027 renewal rush.,D365
Anubhav Plast Ltd.,CRISIL,Bank Guarantee,A 4,2026-04-23,66,LOW (<90 days),Oct 2026,Jan 2027,Apr 2027,Apr 2027,1.5,Other,Standard,"INC since Apr 2026 (66 days). MEDIUM by Oct 2026, HOT by Jan 2027, ULTRA HOT by Apr 2027.",Your Bank Guarantee at CRISIL hits ULTRA HOT in Apr 2027. Start ACER process by Jan 2027 to be ahead of Q2 2027 renewal rush.,D365
Anukul Agrotech Pvt. Ltd.,CRISIL,Letter Of credit,B,2026-04-21,68,LOW (<90 days),Oct 2026,Jan 2027,Apr 2027,Apr 2027,2.0,Agro/Food,Standard,"INC since Apr 2026 (68 days). MEDIUM by Oct 2026, HOT by Jan 2027, ULTRA HOT by Apr 2027.",Your Letter Of credit at CRISIL hits ULTRA HOT in Apr 2027. Start ACER process by Jan 2027 to be ahead of Q2 2027 renewal rush.,D365
Anup Malleables Ltd.,CARE,Bank Guarantee,A 4,2026-04-16,73,LOW (<90 days),Oct 2026,Jan 2027,Apr 2027,Apr 2027,3.2,Other,Standard,"INC since Apr 2026 (73 days). MEDIUM by Oct 2026, HOT by Jan 2027, ULTRA HOT by Apr 2027.",Your Bank Guarantee at CARE hits ULTRA HOT in Apr 2027. Start ACER process by Jan 2027 to be ahead of Q2 2027 renewal rush.,D365
Anup Malleables Ltd.,CARE,Term loans,B-,2026-04-16,73,LOW (<90 days),Oct 2026,Jan 2027,Apr 2027,Apr 2027,4.27,Other,Standard,"INC since Apr 2026 (73 days). MEDIUM by Oct 2026, HOT by Jan 2027, ULTRA HOT by Apr 2027.",Your Term loans at CARE hits ULTRA HOT in Apr 2027. Start ACER process by Jan 2027 to be ahead of Q2 2027 renewal rush.,D365
Anvitha Life Care Pvt. Ltd.,CRISIL,Term loans,B,2026-04-09,80,LOW (<90 days),Oct 2026,Jan 2027,Apr 2027,Apr 2027,4.0,Other,Standard,"INC since Apr 2026 (80 days). MEDIUM by Oct 2026, HOT by Jan 2027, ULTRA HOT by Apr 2027.",Your Term loans at CRISIL hits ULTRA HOT in Apr 2027. Start ACER process by Jan 2027 to be ahead of Q2 2027 renewal rush.,D365
Aparna Constructions & Estates Pvt. Ltd.,CRISIL,Long term Loans,BB+,2026-04-16,73,LOW (<90 days),Oct 2026,Jan 2027,Apr 2027,Apr 2027,120.0,Construction/Infra,Standard,"INC since Apr 2026 (73 days). MEDIUM by Oct 2026, HOT by Jan 2027, ULTRA HOT by Apr 2027.",Your Long term Loans at CRISIL hits ULTRA HOT in Apr 2027. Start ACER process by Jan 2027 to be ahead of Q2 2027 renewal rush.,D365
Aparna Constructions & Estates Pvt. Ltd.,CRISIL,Term loans,BB+,2026-04-16,73,LOW (<90 days),Oct 2026,Jan 2027,Apr 2027,Apr 2027,30.0,Construction/Infra,Standard,"INC since Apr 2026 (73 days). MEDIUM by Oct 2026, HOT by Jan 2027, ULTRA HOT by Apr 2027.",Your Term loans at CRISIL hits ULTRA HOT in Apr 2027. Start ACER process by Jan 2027 to be ahead of Q2 2027 renewal rush.,D365
Apex Structure Pvt. Ltd.,CRISIL,Bank Guarantee,A 4,2026-04-14,75,LOW (<90 days),Oct 2026,Jan 2027,Apr 2027,Apr 2027,167.9,Other,Standard,"INC since Apr 2026 (75 days). MEDIUM by Oct 2026, HOT by Jan 2027, ULTRA HOT by Apr 2027.",Your Bank Guarantee at CRISIL hits ULTRA HOT in Apr 2027. Start ACER process by Jan 2027 to be ahead of Q2 2027 renewal rush.,D365
Apex Welcare Pvt. Ltd.,CRISIL,Long term Loans,B,2026-04-21,68,LOW (<90 days),Oct 2026,Jan 2027,Apr 2027,Apr 2027,5.4,Other,Standard,"INC since Apr 2026 (68 days). MEDIUM by Oct 2026, HOT by Jan 2027, ULTRA HOT by Apr 2027.",Your Long term Loans at CRISIL hits ULTRA HOT in Apr 2027. Start ACER process by Jan 2027 to be ahead of Q2 2027 renewal rush.,D365
Apex Welcare Pvt. Ltd.,CRISIL,Term loans,B,2026-04-21,68,LOW (<90 days),Oct 2026,Jan 2027,Apr 2027,Apr 2027,11.3,Other,Standard,"INC since Apr 2026 (68 days). MEDIUM by Oct 2026, HOT by Jan 2027, ULTRA HOT by Apr 2027.",Your Term loans at CRISIL hits ULTRA HOT in Apr 2027. Start ACER process by Jan 2027 to be ahead of Q2 2027 renewal rush.,D365
Apollo Polyvinyl Pvt. Ltd.,CARE,Letter Of credit,D,2026-04-13,76,LOW (<90 days),Oct 2026,Jan 2027,Apr 2027,Apr 2027,13.0,Other,Standard,"INC since Apr 2026 (76 days). MEDIUM by Oct 2026, HOT by Jan 2027, ULTRA HOT by Apr 2027.",Your Letter Of credit at CARE hits ULTRA HOT in Apr 2027. Start ACER process by Jan 2027 to be ahead of Q2 2027 renewal rush.,D365
Apollo Polyvinyl Pvt. Ltd.,CARE,Term loans,D,2026-04-13,76,LOW (<90 days),Oct 2026,Jan 2027,Apr 2027,Apr 2027,43.88,Other,Standard,"INC since Apr 2026 (76 days). MEDIUM by Oct 2026, HOT by Jan 2027, ULTRA HOT by Apr 2027.",Your Term loans at CARE hits ULTRA HOT in Apr 2027. Start ACER process by Jan 2027 to be ahead of Q2 2027 renewal rush.,D365
Apurvakriti Infrastructure Pvt. Ltd.,ACUITE,Bank Guarantee,A 4,2026-04-09,80,LOW (<90 days),Oct 2026,Jan 2027,Apr 2027,Apr 2027,15.0,Construction/Infra,Standard,"INC since Apr 2026 (80 days). MEDIUM by Oct 2026, HOT by Jan 2027, ULTRA HOT by Apr 2027.",Your Bank Guarantee at ACUITE hits ULTRA HOT in Apr 2027. Start ACER process by Jan 2027 to be ahead of Q2 2027 renewal rush.,D365
Apurvakriti Infrastructure Pvt. Ltd.,ACUITE,Bank Guarantee,A 4,2026-04-09,80,LOW (<90 days),Oct 2026,Jan 2027,Apr 2027,Apr 2027,5.0,Construction/Infra,Standard,"INC since Apr 2026 (80 days). MEDIUM by Oct 2026, HOT by Jan 2027, ULTRA HOT by Apr 2027.",Your Bank Guarantee at ACUITE hits ULTRA HOT in Apr 2027. Start ACER process by Jan 2027 to be ahead of Q2 2027 renewal rush.,D365
Apurvakriti Infrastructure Pvt. Ltd.,CARE,Bank Guarantee,A 4,2026-04-09,80,LOW (<90 days),Oct 2026,Jan 2027,Apr 2027,Apr 2027,15.0,Construction/Infra,Standard,"INC since Apr 2026 (80 days). MEDIUM by Oct 2026, HOT by Jan 2027, ULTRA HOT by Apr 2027.",Your Bank Guarantee at CARE hits ULTRA HOT in Apr 2027. Start ACER process by Jan 2027 to be ahead of Q2 2027 renewal rush.,D365
Apurvakriti Infrastructure Pvt. Ltd.,CARE,Bank Guarantee,A 4,2026-04-09,80,LOW (<90 days),Oct 2026,Jan 2027,Apr 2027,Apr 2027,5.0,Construction/Infra,Standard,"INC since Apr 2026 (80 days). MEDIUM by Oct 2026, HOT by Jan 2027, ULTRA HOT by Apr 2027.",Your Bank Guarantee at CARE hits ULTRA HOT in Apr 2027. Start ACER process by Jan 2027 to be ahead of Q2 2027 renewal rush.,D365
Archana Hospitals Pvt. Ltd.,CRISIL,Long term Loans,B,2026-04-21,68,LOW (<90 days),Oct 2026,Jan 2027,Apr 2027,Apr 2027,8.69,Healthcare,Standard,"INC since Apr 2026 (68 days). MEDIUM by Oct 2026, HOT by Jan 2027, ULTRA HOT by Apr 2027.",Your Long term Loans at CRISIL hits ULTRA HOT in Apr 2027. Start ACER process by Jan 2027 to be ahead of Q2 2027 renewal rush.,D365
Archana Hospitals Pvt. Ltd.,CRISIL,Long term Loans,B,2026-04-21,68,LOW (<90 days),Oct 2026,Jan 2027,Apr 2027,Apr 2027,1.31,Healthcare,Standard,"INC since Apr 2026 (68 days). MEDIUM by Oct 2026, HOT by Jan 2027, ULTRA HOT by Apr 2027.",Your Long term Loans at CRISIL hits ULTRA HOT in Apr 2027. Start ACER process by Jan 2027 to be ahead of Q2 2027 renewal rush.,D365
Archana Motors Pvt. Ltd.,ACUITE,Fund based financial facility/instrument,D,2026-04-08,81,LOW (<90 days),Oct 2026,Jan 2027,Apr 2027,Apr 2027,3.45,Automobiles,Standard,"INC since Apr 2026 (81 days). MEDIUM by Oct 2026, HOT by Jan 2027, ULTRA HOT by Apr 2027.",Your Fund based financial facility/instrument at ACUITE hits ULTRA HOT in Apr 2027. Start ACER process by Jan 2027 to be ahead of Q2 2027 renewal rush.,D365
Archon Powerinfra India Pvt. Ltd.,CRISIL,Bank Guarantee,A 4+,2026-04-09,80,LOW (<90 days),Oct 2026,Jan 2027,Apr 2027,Apr 2027,2.0,Construction/Infra,Standard,"INC since Apr 2026 (80 days). MEDIUM by Oct 2026, HOT by Jan 2027, ULTRA HOT by Apr 2027.",Your Bank Guarantee at CRISIL hits ULTRA HOT in Apr 2027. Start ACER process by Jan 2027 to be ahead of Q2 2027 renewal rush.,D365
Arena Lifestyles Pvt. Ltd.,IND-RA,Non-government debt,B-/A4,2026-04-02,87,LOW (<90 days),Oct 2026,Jan 2027,Apr 2027,Apr 2027,29.0,Other,NCD — SEBI License Required,"INC since Apr 2026 (87 days). MEDIUM by Oct 2026, HOT by Jan 2027, ULTRA HOT by Apr 2027.",Your Non-government debt at IND-RA hits ULTRA HOT in Apr 2027. Start ACER process by Jan 2027 to be ahead of Q2 2027 renewal rush.,D365
Aries Corporate Services Pvt. Ltd.,CARE,Non-government debt,B-/A4,2026-04-09,80,LOW (<90 days),Oct 2026,Jan 2027,Apr 2027,Apr 2027,13.0,Other,NCD — SEBI License Required,"INC since Apr 2026 (80 days). MEDIUM by Oct 2026, HOT by Jan 2027, ULTRA HOT by Apr 2027.",Your Non-government debt at CARE hits ULTRA HOT in Apr 2027. Start ACER process by Jan 2027 to be ahead of Q2 2027 renewal rush.,D365
Armstrong Spinning Mills Pvt. Ltd.,CRISIL,Bank Guarantee,A 4,2026-04-21,68,LOW (<90 days),Oct 2026,Jan 2027,Apr 2027,Apr 2027,0.2,Textiles,Standard,"INC since Apr 2026 (68 days). MEDIUM by Oct 2026, HOT by Jan 2027, ULTRA HOT by Apr 2027.",Your Bank Guarantee at CRISIL hits ULTRA HOT in Apr 2027. Start ACER process by Jan 2027 to be ahead of Q2 2027 renewal rush.,D365
Armstrong Spinning Mills Pvt. Ltd.,CRISIL,Letter Of credit,A 4,2026-04-21,68,LOW (<90 days),Oct 2026,Jan 2027,Apr 2027,Apr 2027,2.0,Textiles,Standard,"INC since Apr 2026 (68 days). MEDIUM by Oct 2026, HOT by Jan 2027, ULTRA HOT by Apr 2027.",Your Letter Of credit at CRISIL hits ULTRA HOT in Apr 2027. Start ACER process by Jan 2027 to be ahead of Q2 2027 renewal rush.,D365
Armstrong Spinning Mills Pvt. Ltd.,CRISIL,Long term Loans,B,2026-04-21,68,LOW (<90 days),Oct 2026,Jan 2027,Apr 2027,Apr 2027,4.5,Textiles,Standard,"INC since Apr 2026 (68 days). MEDIUM by Oct 2026, HOT by Jan 2027, ULTRA HOT by Apr 2027.",Your Long term Loans at CRISIL hits ULTRA HOT in Apr 2027. Start ACER process by Jan 2027 to be ahead of Q2 2027 renewal rush.,D365
Armstrong Spinning Mills Pvt. Ltd.,CRISIL,Long term Loans,B,2026-04-21,68,LOW (<90 days),Oct 2026,Jan 2027,Apr 2027,Apr 2027,9.74,Textiles,Standard,"INC since Apr 2026 (68 days). MEDIUM by Oct 2026, HOT by Jan 2027, ULTRA HOT by Apr 2027.",Your Long term Loans at CRISIL hits ULTRA HOT in Apr 2027. Start ACER process by Jan 2027 to be ahead of Q2 2027 renewal rush.,D365
Aromatics India Pvt. Ltd.,CRISIL,Letter Of credit,A 4,2026-04-21,68,LOW (<90 days),Oct 2026,Jan 2027,Apr 2027,Apr 2027,8.5,Other,Standard,"INC since Apr 2026 (68 days). MEDIUM by Oct 2026, HOT by Jan 2027, ULTRA HOT by Apr 2027.",Your Letter Of credit at CRISIL hits ULTRA HOT in Apr 2027. Start ACER process by Jan 2027 to be ahead of Q2 2027 renewal rush.,D365
Aromatics India Pvt. Ltd.,CRISIL,Long term Loans,B,2026-04-21,68,LOW (<90 days),Oct 2026,Jan 2027,Apr 2027,Apr 2027,0.1,Other,Standard,"INC since Apr 2026 (68 days). MEDIUM by Oct 2026, HOT by Jan 2027, ULTRA HOT by Apr 2027.",Your Long term Loans at CRISIL hits ULTRA HOT in Apr 2027. Start ACER process by Jan 2027 to be ahead of Q2 2027 renewal rush.,D365
Arora Udyog Ltd.,BRICKWORK,Term loans,B-,2026-04-06,83,LOW (<90 days),Oct 2026,Jan 2027,Apr 2027,Apr 2027,49.83,Other,Standard,"INC since Apr 2026 (83 days). MEDIUM by Oct 2026, HOT by Jan 2027, ULTRA HOT by Apr 2027.",Your Term loans at BRICKWORK hits ULTRA HOT in Apr 2027. Start ACER process by Jan 2027 to be ahead of Q2 2027 renewal rush.,D365
Arrow Constructions Ltd.,IND-RA,Non-government debt,D,2026-04-02,87,LOW (<90 days),Oct 2026,Jan 2027,Apr 2027,Apr 2027,10.0,Construction/Infra,NCD — SEBI License Required,"INC since Apr 2026 (87 days). MEDIUM by Oct 2026, HOT by Jan 2027, ULTRA HOT by Apr 2027.",Your Non-government debt at IND-RA hits ULTRA HOT in Apr 2027. Start ACER process by Jan 2027 to be ahead of Q2 2027 renewal rush.,D365
Arth Micro Finance Pvt. Ltd.,ACUITE,Term loans,D,2026-04-01,88,LOW (<90 days),Oct 2026,Jan 2027,Apr 2027,Apr 2027,4.86,BFSI/NBFC,Standard,"INC since Apr 2026 (88 days). MEDIUM by Oct 2026, HOT by Jan 2027, ULTRA HOT by Apr 2027.",Your Term loans at ACUITE hits ULTRA HOT in Apr 2027. Start ACER process by Jan 2027 to be ahead of Q2 2027 renewal rush.,D365
Arth Micro Finance Pvt. Ltd.,ACUITE,Term loans,D,2026-04-01,88,LOW (<90 days),Oct 2026,Jan 2027,Apr 2027,Apr 2027,44.75,BFSI/NBFC,Standard,"INC since Apr 2026 (88 days). MEDIUM by Oct 2026, HOT by Jan 2027, ULTRA HOT by Apr 2027.",Your Term loans at ACUITE hits ULTRA HOT in Apr 2027. Start ACER process by Jan 2027 to be ahead of Q2 2027 renewal rush.,D365
Arth Micro Finance Pvt. Ltd.,ACUITE,Long term Loans,C,2026-04-01,88,LOW (<90 days),Oct 2026,Jan 2027,Apr 2027,Apr 2027,0.3,BFSI/NBFC,Standard,"INC since Apr 2026 (88 days). MEDIUM by Oct 2026, HOT by Jan 2027, ULTRA HOT by Apr 2027.",Your Long term Loans at ACUITE hits ULTRA HOT in Apr 2027. Start ACER process by Jan 2027 to be ahead of Q2 2027 renewal rush.,D365
Arth Micro Finance Pvt. Ltd.,ACUITE,Term loans,C,2026-04-01,88,LOW (<90 days),Oct 2026,Jan 2027,Apr 2027,Apr 2027,55.45,BFSI/NBFC,Standard,"INC since Apr 2026 (88 days). MEDIUM by Oct 2026, HOT by Jan 2027, ULTRA HOT by Apr 2027.",Your Term loans at ACUITE hits ULTRA HOT in Apr 2027. Start ACER process by Jan 2027 to be ahead of Q2 2027 renewal rush.,D365
Arthanari Loom Centre (Textile) Pvt. Ltd.,BRICKWORK,Letter Of credit,A 4,2026-04-07,82,LOW (<90 days),Oct 2026,Jan 2027,Apr 2027,Apr 2027,0.0,Textiles,Standard,"INC since Apr 2026 (82 days). MEDIUM by Oct 2026, HOT by Jan 2027, ULTRA HOT by Apr 2027.",Your Letter Of credit at BRICKWORK hits ULTRA HOT in Apr 2027. Start ACER process by Jan 2027 to be ahead of Q2 2027 renewal rush.,D365
Arthanari Loom Centre (Textile) Pvt. Ltd.,BRICKWORK,Fund based financial facility/instrument,BB,2026-04-07,82,LOW (<90 days),Oct 2026,Jan 2027,Apr 2027,Apr 2027,21.42,Textiles,Standard,"INC since Apr 2026 (82 days). MEDIUM by Oct 2026, HOT by Jan 2027, ULTRA HOT by Apr 2027.",Your Fund based financial facility/instrument at BRICKWORK hits ULTRA HOT in Apr 2027. Start ACER process by Jan 2027 to be ahead of Q2 2027 renewal rush.,D365
Arthanari Loom Centre (Textile) Pvt. Ltd.,BRICKWORK,Term loans,BB,2026-04-07,82,LOW (<90 days),Oct 2026,Jan 2027,Apr 2027,Apr 2027,115.21,Textiles,Standard,"INC since Apr 2026 (82 days). MEDIUM by Oct 2026, HOT by Jan 2027, ULTRA HOT by Apr 2027.",Your Term loans at BRICKWORK hits ULTRA HOT in Apr 2027. Start ACER process by Jan 2027 to be ahead of Q2 2027 renewal rush.,D365
Arun Spinning Mills Pvt. Ltd.,ACUITE,Term loans,B-,2026-04-17,72,LOW (<90 days),Oct 2026,Jan 2027,Apr 2027,Apr 2027,1.2,Textiles,Standard,"INC since Apr 2026 (72 days). MEDIUM by Oct 2026, HOT by Jan 2027, ULTRA HOT by Apr 2027.",Your Term loans at ACUITE hits ULTRA HOT in Apr 2027. Start ACER process by Jan 2027 to be ahead of Q2 2027 renewal rush.,D365
Arunachala Spinning Mills India Pvt. Ltd.,CARE,Term loans,B,2026-04-21,68,LOW (<90 days),Oct 2026,Jan 2027,Apr 2027,Apr 2027,15.07,Textiles,Standard,"INC since Apr 2026 (68 days). MEDIUM by Oct 2026, HOT by Jan 2027, ULTRA HOT by Apr 2027.",Your Term loans at CARE hits ULTRA HOT in Apr 2027. Start ACER process by Jan 2027 to be ahead of Q2 2027 renewal rush.,D365
Arunodaya Print Pack Pvt. Ltd.,IND-RA,Non-government debt,B-/A4,2026-04-02,87,LOW (<90 days),Oct 2026,Jan 2027,Apr 2027,Apr 2027,7.12,Paper/Packaging,NCD — SEBI License Required,"INC since Apr 2026 (87 days). MEDIUM by Oct 2026, HOT by Jan 2027, ULTRA HOT by Apr 2027.",Your Non-government debt at IND-RA hits ULTRA HOT in Apr 2027. Start ACER process by Jan 2027 to be ahead of Q2 2027 renewal rush.,D365
Arya Steels Rolling (India) Pvt. Ltd.,CARE,Bank Guarantee,BB-,2026-04-10,79,LOW (<90 days),Oct 2026,Jan 2027,Apr 2027,Apr 2027,3.0,Steel & Metals,Standard,"INC since Apr 2026 (79 days). MEDIUM by Oct 2026, HOT by Jan 2027, ULTRA HOT by Apr 2027.",Your Bank Guarantee at CARE hits ULTRA HOT in Apr 2027. Start ACER process by Jan 2027 to be ahead of Q2 2027 renewal rush.,D365
Arya Steels Rolling (India) Pvt. Ltd.,CRISIL,Letter Of credit,A 4,2026-04-21,68,LOW (<90 days),Oct 2026,Jan 2027,Apr 2027,Apr 2027,5.0,Steel & Metals,Standard,"INC since Apr 2026 (68 days). MEDIUM by Oct 2026, HOT by Jan 2027, ULTRA HOT by Apr 2027.",Your Letter Of credit at CRISIL hits ULTRA HOT in Apr 2027. Start ACER process by Jan 2027 to be ahead of Q2 2027 renewal rush.,D365
Aryan Castings Pvt. Ltd.,ACUITE,Letter Of credit,D,2026-04-24,65,LOW (<90 days),Oct 2026,Jan 2027,Apr 2027,Apr 2027,5.0,Other,Standard,"INC since Apr 2026 (65 days). MEDIUM by Oct 2026, HOT by Jan 2027, ULTRA HOT by Apr 2027.",Your Letter Of credit at ACUITE hits ULTRA HOT in Apr 2027. Start ACER process by Jan 2027 to be ahead of Q2 2027 renewal rush.,D365
Ashcons Infrastructure Pvt. Ltd.,CRISIL,Bank Guarantee,A 4,2026-04-23,66,LOW (<90 days),Oct 2026,Jan 2027,Apr 2027,Apr 2027,5.0,Construction/Infra,Standard,"INC since Apr 2026 (66 days). MEDIUM by Oct 2026, HOT by Jan 2027, ULTRA HOT by Apr 2027.",Your Bank Guarantee at CRISIL hits ULTRA HOT in Apr 2027. Start ACER process by Jan 2027 to be ahead of Q2 2027 renewal rush.,D365
Ashcons Infrastructure Pvt. Ltd.,CRISIL,Long term Loans,B,2026-04-23,66,LOW (<90 days),Oct 2026,Jan 2027,Apr 2027,Apr 2027,4.5,Construction/Infra,Standard,"INC since Apr 2026 (66 days). MEDIUM by Oct 2026, HOT by Jan 2027, ULTRA HOT by Apr 2027.",Your Long term Loans at CRISIL hits ULTRA HOT in Apr 2027. Start ACER process by Jan 2027 to be ahead of Q2 2027 renewal rush.,D365
Ashish Infracon Pvt. Ltd.,BRICKWORK,Bank Guarantee,A 4,2026-04-02,87,LOW (<90 days),Oct 2026,Jan 2027,Apr 2027,Apr 2027,60.0,Construction/Infra,Standard,"INC since Apr 2026 (87 days). MEDIUM by Oct 2026, HOT by Jan 2027, ULTRA HOT by Apr 2027.",Your Bank Guarantee at BRICKWORK hits ULTRA HOT in Apr 2027. Start ACER process by Jan 2027 to be ahead of Q2 2027 renewal rush.,D365
Ashish Infracon Pvt. Ltd.,BRICKWORK,Fund based financial facility/instrument,B+,2026-04-02,87,LOW (<90 days),Oct 2026,Jan 2027,Apr 2027,Apr 2027,1.83,Construction/Infra,Standard,"INC since Apr 2026 (87 days). MEDIUM by Oct 2026, HOT by Jan 2027, ULTRA HOT by Apr 2027.",Your Fund based financial facility/instrument at BRICKWORK hits ULTRA HOT in Apr 2027. Start ACER process by Jan 2027 to be ahead of Q2 2027 renewal rush.,D365
Ashish Infracon Pvt. Ltd.,BRICKWORK,Letter Of credit,A 4,2026-04-02,87,LOW (<90 days),Oct 2026,Jan 2027,Apr 2027,Apr 2027,0.0,Construction/Infra,Standard,"INC since Apr 2026 (87 days). MEDIUM by Oct 2026, HOT by Jan 2027, ULTRA HOT by Apr 2027.",Your Letter Of credit at BRICKWORK hits ULTRA HOT in Apr 2027. Start ACER process by Jan 2027 to be ahead of Q2 2027 renewal rush.,D365
Welcome Distilleries Pvt. Ltd.,ICRA,Non-fund-based financial facility/instrument,A 4,2026-04-27,62,LOW (<90 days),Oct 2026,Jan 2027,Apr 2027,Apr 2027,2.0,Other,Standard,"INC since Apr 2026 (62 days). MEDIUM by Oct 2026, HOT by Jan 2027, ULTRA HOT by Apr 2027.",Your Non-fund-based financial facility/instrument at ICRA hits ULTRA HOT in Apr 2027. Start ACER process by Jan 2027 to be ahead of Q2 2027 renewal rush.,D365
Welcome Distilleries Pvt. Ltd.,ICRA,Non-government debt,B+/A4,2026-04-27,62,LOW (<90 days),Oct 2026,Jan 2027,Apr 2027,Apr 2027,13.2,Other,NCD — SEBI License Required,"INC since Apr 2026 (62 days). MEDIUM by Oct 2026, HOT by Jan 2027, ULTRA HOT by Apr 2027.",Your Non-government debt at ICRA hits ULTRA HOT in Apr 2027. Start ACER process by Jan 2027 to be ahead of Q2 2027 renewal rush.,D365
Whitelotus Industries Ltd.,ACUITE,Term loans,B-,2026-04-15,74,LOW (<90 days),Oct 2026,Jan 2027,Apr 2027,Apr 2027,12.67,Other,Standard,"INC since Apr 2026 (74 days). MEDIUM by Oct 2026, HOT by Jan 2027, ULTRA HOT by Apr 2027.",Your Term loans at ACUITE hits ULTRA HOT in Apr 2027. Start ACER process by Jan 2027 to be ahead of Q2 2027 renewal rush.,D365
Wood Kraft (India) Pvt. Ltd.,CRISIL,Fund based financial facility/instrument,B,2026-04-30,59,LOW (<90 days),Oct 2026,Jan 2027,Apr 2027,Apr 2027,5.0,Other,Standard,"INC since Apr 2026 (59 days). MEDIUM by Oct 2026, HOT by Jan 2027, ULTRA HOT by Apr 2027.",Your Fund based financial facility/instrument at CRISIL hits ULTRA HOT in Apr 2027. Start ACER process by Jan 2027 to be ahead of Q2 2027 renewal rush.,D365
Wood Kraft (India) Pvt. Ltd.,CRISIL,Term loans,B,2026-04-30,59,LOW (<90 days),Oct 2026,Jan 2027,Apr 2027,Apr 2027,22.5,Other,Standard,"INC since Apr 2026 (59 days). MEDIUM by Oct 2026, HOT by Jan 2027, ULTRA HOT by Apr 2027.",Your Term loans at CRISIL hits ULTRA HOT in Apr 2027. Start ACER process by Jan 2027 to be ahead of Q2 2027 renewal rush.,D365
Woodhill Infrastructure Ltd.,BRICKWORK,Bank Guarantee,D,2026-04-02,87,LOW (<90 days),Oct 2026,Jan 2027,Apr 2027,Apr 2027,87.0,Construction/Infra,Standard,"INC since Apr 2026 (87 days). MEDIUM by Oct 2026, HOT by Jan 2027, ULTRA HOT by Apr 2027.",Your Bank Guarantee at BRICKWORK hits ULTRA HOT in Apr 2027. Start ACER process by Jan 2027 to be ahead of Q2 2027 renewal rush.,D365
Wyan Industries Pvt. Ltd.,BRICKWORK,Term loans,C,2026-04-03,86,LOW (<90 days),Oct 2026,Jan 2027,Apr 2027,Apr 2027,5.83,Other,Standard,"INC since Apr 2026 (86 days). MEDIUM by Oct 2026, HOT by Jan 2027, ULTRA HOT by Apr 2027.",Your Term loans at BRICKWORK hits ULTRA HOT in Apr 2027. Start ACER process by Jan 2027 to be ahead of Q2 2027 renewal rush.,D365
X L Laboratories Pvt. Ltd.,CRISIL,Bank Guarantee,A 4,2026-04-30,59,LOW (<90 days),Oct 2026,Jan 2027,Apr 2027,Apr 2027,1.5,Other,Standard,"INC since Apr 2026 (59 days). MEDIUM by Oct 2026, HOT by Jan 2027, ULTRA HOT by Apr 2027.",Your Bank Guarantee at CRISIL hits ULTRA HOT in Apr 2027. Start ACER process by Jan 2027 to be ahead of Q2 2027 renewal rush.,D365
X L Laboratories Pvt. Ltd.,CRISIL,Long term Loans,B,2026-04-30,59,LOW (<90 days),Oct 2026,Jan 2027,Apr 2027,Apr 2027,1.84,Other,Standard,"INC since Apr 2026 (59 days). MEDIUM by Oct 2026, HOT by Jan 2027, ULTRA HOT by Apr 2027.",Your Long term Loans at CRISIL hits ULTRA HOT in Apr 2027. Start ACER process by Jan 2027 to be ahead of Q2 2027 renewal rush.,D365
X L Laboratories Pvt. Ltd.,CRISIL,Term loans,B,2026-04-30,59,LOW (<90 days),Oct 2026,Jan 2027,Apr 2027,Apr 2027,2.0,Other,Standard,"INC since Apr 2026 (59 days). MEDIUM by Oct 2026, HOT by Jan 2027, ULTRA HOT by Apr 2027.",Your Term loans at CRISIL hits ULTRA HOT in Apr 2027. Start ACER process by Jan 2027 to be ahead of Q2 2027 renewal rush.,D365
X L Laboratories Pvt. Ltd.,CRISIL,Term loans,B,2026-04-30,59,LOW (<90 days),Oct 2026,Jan 2027,Apr 2027,Apr 2027,4.04,Other,Standard,"INC since Apr 2026 (59 days). MEDIUM by Oct 2026, HOT by Jan 2027, ULTRA HOT by Apr 2027.",Your Term loans at CRISIL hits ULTRA HOT in Apr 2027. Start ACER process by Jan 2027 to be ahead of Q2 2027 renewal rush.,D365
Yadu Sugar Ltd.,IND-RA,Term loans,D,2026-04-02,87,LOW (<90 days),Oct 2026,Jan 2027,Apr 2027,Apr 2027,102.0,Agro/Food,Standard,"INC since Apr 2026 (87 days). MEDIUM by Oct 2026, HOT by Jan 2027, ULTRA HOT by Apr 2027.",Your Term loans at IND-RA hits ULTRA HOT in Apr 2027. Start ACER process by Jan 2027 to be ahead of Q2 2027 renewal rush.,D365
Yamuna Cable Accessories Pvt. Ltd.,IND-RA,Non-government debt,B/A4,2026-04-02,87,LOW (<90 days),Oct 2026,Jan 2027,Apr 2027,Apr 2027,16.82,Other,NCD — SEBI License Required,"INC since Apr 2026 (87 days). MEDIUM by Oct 2026, HOT by Jan 2027, ULTRA HOT by Apr 2027.",Your Non-government debt at IND-RA hits ULTRA HOT in Apr 2027. Start ACER process by Jan 2027 to be ahead of Q2 2027 renewal rush.,D365
Yash Vegetable Oils Pvt. Ltd.,BRICKWORK,Letter Of credit,A 4,2026-04-01,88,LOW (<90 days),Oct 2026,Jan 2027,Apr 2027,Apr 2027,13.0,Agro/Food,Standard,"INC since Apr 2026 (88 days). MEDIUM by Oct 2026, HOT by Jan 2027, ULTRA HOT by Apr 2027.",Your Letter Of credit at BRICKWORK hits ULTRA HOT in Apr 2027. Start ACER process by Jan 2027 to be ahead of Q2 2027 renewal rush.,D365
Yashwant Dugdh Prakriya Ltd.,ACUITE,Term loans,D,2026-04-10,79,LOW (<90 days),Oct 2026,Jan 2027,Apr 2027,Apr 2027,21.49,Other,Standard,"INC since Apr 2026 (79 days). MEDIUM by Oct 2026, HOT by Jan 2027, ULTRA HOT by Apr 2027.",Your Term loans at ACUITE hits ULTRA HOT in Apr 2027. Start ACER process by Jan 2027 to be ahead of Q2 2027 renewal rush.,D365
Yashwant Dugdh Prakriya Ltd.,ACUITE,Term loans,D,2026-04-10,79,LOW (<90 days),Oct 2026,Jan 2027,Apr 2027,Apr 2027,0.51,Other,Standard,"INC since Apr 2026 (79 days). MEDIUM by Oct 2026, HOT by Jan 2027, ULTRA HOT by Apr 2027.",Your Term loans at ACUITE hits ULTRA HOT in Apr 2027. Start ACER process by Jan 2027 to be ahead of Q2 2027 renewal rush.,D365
Yogiji Digi Ltd.,ICRA,Non-fund-based financial facility/instrument,A 4,2026-04-21,68,LOW (<90 days),Oct 2026,Jan 2027,Apr 2027,Apr 2027,12.5,Other,Standard,"INC since Apr 2026 (68 days). MEDIUM by Oct 2026, HOT by Jan 2027, ULTRA HOT by Apr 2027.",Your Non-fund-based financial facility/instrument at ICRA hits ULTRA HOT in Apr 2027. Start ACER process by Jan 2027 to be ahead of Q2 2027 renewal rush.,D365
Yogiji Digi Ltd.,ICRA,Non-government debt,B+,2026-04-21,68,LOW (<90 days),Oct 2026,Jan 2027,Apr 2027,Apr 2027,18.0,Other,NCD — SEBI License Required,"INC since Apr 2026 (68 days). MEDIUM by Oct 2026, HOT by Jan 2027, ULTRA HOT by Apr 2027.",Your Non-government debt at ICRA hits ULTRA HOT in Apr 2027. Start ACER process by Jan 2027 to be ahead of Q2 2027 renewal rush.,D365
Yogiji Digi Ltd.,ICRA,Term loans,B+,2026-04-21,68,LOW (<90 days),Oct 2026,Jan 2027,Apr 2027,Apr 2027,4.5,Other,Standard,"INC since Apr 2026 (68 days). MEDIUM by Oct 2026, HOT by Jan 2027, ULTRA HOT by Apr 2027.",Your Term loans at ICRA hits ULTRA HOT in Apr 2027. Start ACER process by Jan 2027 to be ahead of Q2 2027 renewal rush.,D365
Zebra Pack Pvt. Ltd.,ACUITE,Bank Guarantee,A 4,2026-04-06,83,LOW (<90 days),Oct 2026,Jan 2027,Apr 2027,Apr 2027,0.5,Other,Standard,"INC since Apr 2026 (83 days). MEDIUM by Oct 2026, HOT by Jan 2027, ULTRA HOT by Apr 2027.",Your Bank Guarantee at ACUITE hits ULTRA HOT in Apr 2027. Start ACER process by Jan 2027 to be ahead of Q2 2027 renewal rush.,D365
Zebra Pack Pvt. Ltd.,ACUITE,Letter Of credit,A 4,2026-04-06,83,LOW (<90 days),Oct 2026,Jan 2027,Apr 2027,Apr 2027,2.0,Other,Standard,"INC since Apr 2026 (83 days). MEDIUM by Oct 2026, HOT by Jan 2027, ULTRA HOT by Apr 2027.",Your Letter Of credit at ACUITE hits ULTRA HOT in Apr 2027. Start ACER process by Jan 2027 to be ahead of Q2 2027 renewal rush.,D365
Zebra Pack Pvt. Ltd.,ACUITE,Long term Loans,B-,2026-04-06,83,LOW (<90 days),Oct 2026,Jan 2027,Apr 2027,Apr 2027,4.18,Other,Standard,"INC since Apr 2026 (83 days). MEDIUM by Oct 2026, HOT by Jan 2027, ULTRA HOT by Apr 2027.",Your Long term Loans at ACUITE hits ULTRA HOT in Apr 2027. Start ACER process by Jan 2027 to be ahead of Q2 2027 renewal rush.,D365
Zebra Pack Pvt. Ltd.,ACUITE,Term loans,B-,2026-04-06,83,LOW (<90 days),Oct 2026,Jan 2027,Apr 2027,Apr 2027,0.5,Other,Standard,"INC since Apr 2026 (83 days). MEDIUM by Oct 2026, HOT by Jan 2027, ULTRA HOT by Apr 2027.",Your Term loans at ACUITE hits ULTRA HOT in Apr 2027. Start ACER process by Jan 2027 to be ahead of Q2 2027 renewal rush.,D365
Zen Shipping & Ports India Pvt. Ltd.,IND-RA,Non-government debt,B-/A4,2026-04-02,87,LOW (<90 days),Oct 2026,Jan 2027,Apr 2027,Apr 2027,35.3,Logistics,NCD — SEBI License Required,"INC since Apr 2026 (87 days). MEDIUM by Oct 2026, HOT by Jan 2027, ULTRA HOT by Apr 2027.",Your Non-government debt at IND-RA hits ULTRA HOT in Apr 2027. Start ACER process by Jan 2027 to be ahead of Q2 2027 renewal rush.,D365
Zenith Leisure Holidays Ltd.,CRISIL,Bank Guarantee,A 4,2026-04-17,72,LOW (<90 days),Oct 2026,Jan 2027,Apr 2027,Apr 2027,19.0,Other,Standard,"INC since Apr 2026 (72 days). MEDIUM by Oct 2026, HOT by Jan 2027, ULTRA HOT by Apr 2027.",Your Bank Guarantee at CRISIL hits ULTRA HOT in Apr 2027. Start ACER process by Jan 2027 to be ahead of Q2 2027 renewal rush.,D365
Zenith Leisure Holidays Ltd.,CRISIL,Bank Guarantee,B,2026-04-17,72,LOW (<90 days),Oct 2026,Jan 2027,Apr 2027,Apr 2027,1.15,Other,Standard,"INC since Apr 2026 (72 days). MEDIUM by Oct 2026, HOT by Jan 2027, ULTRA HOT by Apr 2027.",Your Bank Guarantee at CRISIL hits ULTRA HOT in Apr 2027. Start ACER process by Jan 2027 to be ahead of Q2 2027 renewal rush.,D365
Zenith Leisure Holidays Ltd.,CRISIL,Term loans,B,2026-04-17,72,LOW (<90 days),Oct 2026,Jan 2027,Apr 2027,Apr 2027,8.3,Other,Standard,"INC since Apr 2026 (72 days). MEDIUM by Oct 2026, HOT by Jan 2027, ULTRA HOT by Apr 2027.",Your Term loans at CRISIL hits ULTRA HOT in Apr 2027. Start ACER process by Jan 2027 to be ahead of Q2 2027 renewal rush.,D365
