Company Name,Current Rater,Instrument,Rating,Rating Date,Amount Cr,Sector,Urgency,Pipeline_Window,Call_Window,Captured_In_Aug_RM_Plan,Why Target,ACER Pitch Angle,Recommended_Action
Chemi Tech Engineers Pvt. Ltd.,BRICKWORK,NCD/Bond,C/A4,25-Feb-2026,74.0,Manufacturing,LOW,October 2026,Nov Wk4 (Nov 22-30),False,INC rating hits HOT threshold on 2026-11-22 — first call window,Get ahead of the Oct/Nov renewal rush; start ACER process now before BRICKWORK backlog builds,ADD to Aug Wk2 - SEBI pre-license relationship wave
Akhil Shipbreakers Pvt. Ltd.,BRICKWORK,NCD/Bond,C/A4,23-Jan-2026,30.0,Other,LOW,October 2026,Oct Wk3 (Oct 15-21),False,INC rating hits HOT threshold on 2026-10-20 — first call window,Get ahead of the Oct/Nov renewal rush; start ACER process now before BRICKWORK backlog builds,ADD to Aug Wk2 - SEBI pre-license relationship wave
Shubha Proteins Pvt. Ltd.,BRICKWORK,NCD/Bond,C/A4,25-Feb-2026,30.0,Other,LOW,October 2026,Nov Wk4 (Nov 22-30),False,INC rating hits HOT threshold on 2026-11-22 — first call window,Get ahead of the Oct/Nov renewal rush; start ACER process now before BRICKWORK backlog builds,ADD to Aug Wk2 - SEBI pre-license relationship wave
Hind Tradex Ltd.,BRICKWORK,NCD/Bond,C/A4,04-Mar-2026,20.0,Trading/Exports,LOW,October 2026,Nov Wk4 (Nov 22-30),False,INC rating hits HOT threshold on 2026-11-29 — first call window,Get ahead of the Oct/Nov renewal rush; start ACER process now before BRICKWORK backlog builds,ADD to Aug Wk2 - SEBI pre-license relationship wave
Amartex Industries Ltd.,BRICKWORK,NCD/Bond,B/A4,19-Feb-2026,19.21,Manufacturing,LOW,October 2026,Nov Wk3 (Nov 15-21),False,INC rating hits HOT threshold on 2026-11-16 — first call window,Get ahead of the Oct/Nov renewal rush; start ACER process now before BRICKWORK backlog builds,ADD to Aug Wk2 - SEBI pre-license relationship wave
Sakshi Markfin Pvt. Ltd.,BRICKWORK,NCD/Bond,C/A4,06-Feb-2026,19.0,Other,LOW,October 2026,Nov Wk1 (Nov 1-7),False,INC rating hits HOT threshold on 2026-11-03 — first call window,Get ahead of the Oct/Nov renewal rush; start ACER process now before BRICKWORK backlog builds,ADD to Aug Wk2 - SEBI pre-license relationship wave
Euro Leder Fashion Ltd.,BRICKWORK,NCD/Bond,A 4,24-Feb-2026,18.0,Textiles,LOW,October 2026,Nov Wk3 (Nov 15-21),False,INC rating hits HOT threshold on 2026-11-21 — first call window,Get ahead of the Oct/Nov renewal rush; start ACER process now before BRICKWORK backlog builds,ADD to Aug Wk2 - SEBI pre-license relationship wave
T I Medical Pvt. Ltd.,BRICKWORK,NCD/Bond,B,19-Jan-2026,17.5,Healthcare,LOW,October 2026,Oct Wk3 (Oct 15-21),False,INC rating hits HOT threshold on 2026-10-16 — first call window,Get ahead of the Oct/Nov renewal rush; start ACER process now before BRICKWORK backlog builds,ADD to Aug Wk2 - SEBI pre-license relationship wave
Sahyog Ginning & Pressing Pvt. Ltd.,BRICKWORK,NCD/Bond,C/A4,24-Feb-2026,15.0,Hotels & Tourism,LOW,October 2026,Nov Wk3 (Nov 15-21),False,INC rating hits HOT threshold on 2026-11-21 — first call window,Get ahead of the Oct/Nov renewal rush; start ACER process now before BRICKWORK backlog builds,ADD to Aug Wk2 - SEBI pre-license relationship wave
Cabisco Plast Pvt. Ltd.,BRICKWORK,NCD/Bond,C/A4,23-Feb-2026,9.0,Other,LOW,October 2026,Nov Wk3 (Nov 15-21),False,INC rating hits HOT threshold on 2026-11-20 — first call window,Get ahead of the Oct/Nov renewal rush; start ACER process now before BRICKWORK backlog builds,ADD to Aug Wk2 - SEBI pre-license relationship wave
Super Seal Flexible Hose Ltd.,BRICKWORK,NCD/Bond,C/A4,05-Feb-2026,8.5,Other,LOW,October 2026,Nov Wk1 (Nov 1-7),False,INC rating hits HOT threshold on 2026-11-02 — first call window,Get ahead of the Oct/Nov renewal rush; start ACER process now before BRICKWORK backlog builds,ADD to Aug Wk2 - SEBI pre-license relationship wave
Rukmani Power & Steel Pvt. Ltd.,BRICKWORK,NCD/Bond,C,20-Feb-2026,8.0,Steel & Metals,LOW,October 2026,Nov Wk3 (Nov 15-21),False,INC rating hits HOT threshold on 2026-11-17 — first call window,Get ahead of the Oct/Nov renewal rush; start ACER process now before BRICKWORK backlog builds,ADD to Aug Wk2 - SEBI pre-license relationship wave
Shree Ram Vessel Scrap Pvt. Ltd.,BRICKWORK,Non-government debt,BB/A4,2026-04-03,370.0,Other,LOW (<90 days),Q2 2027,HOT by Jan 2027,False,"INC since Apr 2026 (86 days). MEDIUM by Oct 2026, HOT by Jan 2027, ULTRA HOT by Apr 2027.",Your Non-government debt at BRICKWORK hits ULTRA HOT in Apr 2027. Start ACER process by Jan 2027 to be ahead of Q2 2027 renewal rush.,ADD to Aug Wk2 - SEBI pre-license relationship wave
Kwality Overseas Pvt. Ltd.,BRICKWORK,Non-government debt,D,2026-04-06,15.0,Other,LOW (<90 days),Q2 2027,HOT by Jan 2027,False,"INC since Apr 2026 (83 days). MEDIUM by Oct 2026, HOT by Jan 2027, ULTRA HOT by Apr 2027.",Your Non-government debt at BRICKWORK hits ULTRA HOT in Apr 2027. Start ACER process by Jan 2027 to be ahead of Q2 2027 renewal rush.,ADD to Aug Wk2 - SEBI pre-license relationship wave
Advant I T Park Pvt. Ltd.,BRICKWORK,NCD/Bond,B,2026-03-20,300.0,Other,LOW/MEDIUM,Q1 2027,Dec 2026 – Jan 2027,False,INC rating hits ULTRA HOT on 2027-03-20 — prime Q1 2027 renewal target,Your NCD/Bond at BRICKWORK goes critical in Mar 2027. Start ACER process in Sep 2026 — before the Q1 rush.,ADD to Aug Wk2 - SEBI pre-license relationship wave
Noble Moulds Pvt. Ltd.,BRICKWORK,NCD/Bond,B-/A4,2026-01-02,37.87,Other,LOW/MEDIUM,Q1 2027,Oct–Nov 2026 — Call now (HOT by Oct),False,INC rating hits ULTRA HOT on 2027-01-02 — prime Q1 2027 renewal target,Your NCD/Bond at BRICKWORK goes critical in Jan 2027. Start ACER process in Sep 2026 — before the Q1 rush.,ADD to Aug Wk2 - SEBI pre-license relationship wave
Akansha Shipbreaking Pvt. Ltd.,BRICKWORK,NCD/Bond,C/A4,2026-03-31,35.0,Other,LOW/MEDIUM,Q1 2027,Dec 2026 – Jan 2027,False,INC rating hits ULTRA HOT on 2027-03-31 — prime Q1 2027 renewal target,Your NCD/Bond at BRICKWORK goes critical in Mar 2027. Start ACER process in Sep 2026 — before the Q1 rush.,ADD to Aug Wk2 - SEBI pre-license relationship wave
T L G Agro Traders Pvt. Ltd.,BRICKWORK,NCD/Bond,B-/A4,2026-03-11,30.0,Agro & Food,LOW/MEDIUM,Q1 2027,Dec 2026 – Jan 2027,False,INC rating hits ULTRA HOT on 2027-03-11 — prime Q1 2027 renewal target,Your NCD/Bond at BRICKWORK goes critical in Mar 2027. Start ACER process in Sep 2026 — before the Q1 rush.,ADD to Aug Wk2 - SEBI pre-license relationship wave
Suvarna Shilpi Jewellers Pvt. Ltd.,BRICKWORK,NCD/Bond,C/A4,2026-03-23,24.0,Jewellery,LOW/MEDIUM,Q1 2027,Dec 2026 – Jan 2027,False,INC rating hits ULTRA HOT on 2027-03-23 — prime Q1 2027 renewal target,Your NCD/Bond at BRICKWORK goes critical in Mar 2027. Start ACER process in Sep 2026 — before the Q1 rush.,ADD to Aug Wk2 - SEBI pre-license relationship wave
Sri Saravana Tex Exports India Pvt. Ltd.,BRICKWORK,NCD/Bond,C,2026-03-11,21.0,Other,LOW/MEDIUM,Q1 2027,Dec 2026 – Jan 2027,False,INC rating hits ULTRA HOT on 2027-03-11 — prime Q1 2027 renewal target,Your NCD/Bond at BRICKWORK goes critical in Mar 2027. Start ACER process in Sep 2026 — before the Q1 rush.,ADD to Aug Wk2 - SEBI pre-license relationship wave
J R Transformers Pvt. Ltd.,BRICKWORK,NCD/Bond,A 4,2026-03-27,15.0,Other,LOW/MEDIUM,Q1 2027,Dec 2026 – Jan 2027,False,INC rating hits ULTRA HOT on 2027-03-27 — prime Q1 2027 renewal target,Your NCD/Bond at BRICKWORK goes critical in Mar 2027. Start ACER process in Sep 2026 — before the Q1 rush.,ADD to Aug Wk2 - SEBI pre-license relationship wave
Sri Shyam Fashion India Pvt. Ltd.,BRICKWORK,NCD/Bond,B,2026-03-13,11.0,Other,LOW/MEDIUM,Q1 2027,Dec 2026 – Jan 2027,False,INC rating hits ULTRA HOT on 2027-03-13 — prime Q1 2027 renewal target,Your NCD/Bond at BRICKWORK goes critical in Mar 2027. Start ACER process in Sep 2026 — before the Q1 rush.,ADD to Aug Wk2 - SEBI pre-license relationship wave
Champion El Com Pvt. Ltd.,BRICKWORK,NCD/Bond,C/A4,2026-03-06,7.0,Other,LOW/MEDIUM,Q1 2027,Dec 2026 – Jan 2027,False,INC rating hits ULTRA HOT on 2027-03-06 — prime Q1 2027 renewal target,Your NCD/Bond at BRICKWORK goes critical in Mar 2027. Start ACER process in Sep 2026 — before the Q1 rush.,ADD to Aug Wk2 - SEBI pre-license relationship wave
S G G D Projects Devp. Pvt. Ltd.,BRICKWORK,NCD/Bond,PP-MLD D,09-Oct-2025,127.5,Construction,MEDIUM,October 2026,Oct Wk2 (Oct 8-14),False,INC rating hits ULTRA HOT threshold on 2026-10-09 — first call window,Get ahead of the Oct/Nov renewal rush; start ACER process now before BRICKWORK backlog builds,ADD to Aug Wk2 - SEBI pre-license relationship wave
Tamilnadu Transmission Corpn. Ltd.,BRICKWORK,NCD/Bond,B+/A4,30-Oct-2025,90.0,Other,MEDIUM,October 2026,Oct Wk4 (Oct 22-31),False,INC rating hits ULTRA HOT threshold on 2026-10-30 — first call window,Get ahead of the Oct/Nov renewal rush; start ACER process now before BRICKWORK backlog builds,ADD to Aug Wk2 - SEBI pre-license relationship wave
Shah Nanji Nagsi Overseas Pvt. Ltd.,BRICKWORK,NCD/Bond,B+/A4,13-Nov-2025,90.0,Other,MEDIUM,October 2026,Nov Wk2 (Nov 8-14),False,INC rating hits ULTRA HOT threshold on 2026-11-13 — first call window,Get ahead of the Oct/Nov renewal rush; start ACER process now before BRICKWORK backlog builds,ADD to Aug Wk2 - SEBI pre-license relationship wave
Akash Steel Crafts Pvt. Ltd.,BRICKWORK,NCD/Bond,A 4,24-Oct-2025,5.0,Steel & Metals,MEDIUM,October 2026,Oct Wk4 (Oct 22-31),False,INC rating hits ULTRA HOT threshold on 2026-10-24 — first call window,Get ahead of the Oct/Nov renewal rush; start ACER process now before BRICKWORK backlog builds,ADD to Aug Wk2 - SEBI pre-license relationship wave
Som Shiva (Impex) Ltd.,BRICKWORK,NCD/Bond,C/A4,29-Oct-2025,4.5,Other,MEDIUM,October 2026,Oct Wk4 (Oct 22-31),False,INC rating hits ULTRA HOT threshold on 2026-10-29 — first call window,Get ahead of the Oct/Nov renewal rush; start ACER process now before BRICKWORK backlog builds,ADD to Aug Wk2 - SEBI pre-license relationship wave
Transaction Solutions Intl. (India) Pvt. Ltd.,CARE,NCD/Bond,BB+/A4+,24-Feb-2026,155.29,Other,LOW,October 2026,Nov Wk3 (Nov 15-21),False,INC rating hits HOT threshold on 2026-11-21 — first call window,Get ahead of the Oct/Nov renewal rush; start ACER process now before CARE backlog builds,ADD to Aug Wk2 - SEBI pre-license relationship wave
Sunalco Alloys Pvt. Ltd.,CARE,NCD/Bond,BB-/A4,25-Feb-2026,135.0,Steel & Metals,LOW,October 2026,Nov Wk4 (Nov 22-30),False,INC rating hits HOT threshold on 2026-11-22 — first call window,Get ahead of the Oct/Nov renewal rush; start ACER process now before CARE backlog builds,ADD to Aug Wk2 - SEBI pre-license relationship wave
Pragati Infra Solutions Pvt. Ltd.,CARE,NCD/Bond,BBB/A3+,25-Feb-2026,119.0,Construction,LOW,October 2026,Nov Wk4 (Nov 22-30),False,INC rating hits HOT threshold on 2026-11-22 — first call window,Get ahead of the Oct/Nov renewal rush; start ACER process now before CARE backlog builds,ADD to Aug Wk2 - SEBI pre-license relationship wave
Advaith Aerospace Pvt. Ltd.,CARE,NCD/Bond,B+/A4,05-Mar-2026,90.0,Other,LOW,October 2026,Nov Wk4 (Nov 22-30),False,INC rating hits HOT threshold on 2026-11-30 — first call window,Get ahead of the Oct/Nov renewal rush; start ACER process now before CARE backlog builds,ADD to Aug Wk2 - SEBI pre-license relationship wave
Preeti Buildcon Pvt. Ltd.,CARE,NCD/Bond,BB-/A4,11-Feb-2026,64.15,Construction,LOW,October 2026,Nov Wk2 (Nov 8-14),False,INC rating hits HOT threshold on 2026-11-08 — first call window,Get ahead of the Oct/Nov renewal rush; start ACER process now before CARE backlog builds,ADD to Aug Wk2 - SEBI pre-license relationship wave
B T W-Atlanta Transformers India Pvt. Ltd.,CARE,NCD/Bond,C/A4,26-Feb-2026,40.0,Other,LOW,October 2026,Nov Wk4 (Nov 22-30),False,INC rating hits HOT threshold on 2026-11-23 — first call window,Get ahead of the Oct/Nov renewal rush; start ACER process now before CARE backlog builds,ADD to Aug Wk2 - SEBI pre-license relationship wave
Kerafibertex International Pvt. Ltd.,CARE,NCD/Bond,BB/A4,05-Mar-2026,40.0,Textiles,LOW,October 2026,Nov Wk4 (Nov 22-30),False,INC rating hits HOT threshold on 2026-11-30 — first call window,Get ahead of the Oct/Nov renewal rush; start ACER process now before CARE backlog builds,ADD to Aug Wk2 - SEBI pre-license relationship wave
U B Cotton Pvt. Ltd.,CARE,NCD/Bond,BB/A4,09-Jan-2026,37.0,Agro & Food,LOW,October 2026,Oct Wk1 (Oct 1-7),False,INC rating hits HOT threshold on 2026-10-06 — first call window,Get ahead of the Oct/Nov renewal rush; start ACER process now before CARE backlog builds,ADD to Aug Wk2 - SEBI pre-license relationship wave
Tara Tarini Constructions Pvt. Ltd.,CARE,NCD/Bond,BB/A4,03-Feb-2026,34.38,Construction,LOW,October 2026,Oct Wk4 (Oct 22-31),False,INC rating hits HOT threshold on 2026-10-31 — first call window,Get ahead of the Oct/Nov renewal rush; start ACER process now before CARE backlog builds,ADD to Aug Wk2 - SEBI pre-license relationship wave
Oriilon India Pvt. Ltd.,CARE,NCD/Bond,BB/A4,20-Jan-2026,34.18,Other,LOW,October 2026,Oct Wk3 (Oct 15-21),False,INC rating hits HOT threshold on 2026-10-17 — first call window,Get ahead of the Oct/Nov renewal rush; start ACER process now before CARE backlog builds,ADD to Aug Wk2 - SEBI pre-license relationship wave
Pyrotech Workspace Solutions Pvt. Ltd.,CARE,NCD/Bond,BBB/A3+,30-Jan-2026,34.0,IT/Technology,LOW,October 2026,Oct Wk4 (Oct 22-31),False,INC rating hits HOT threshold on 2026-10-27 — first call window,Get ahead of the Oct/Nov renewal rush; start ACER process now before CARE backlog builds,ADD to Aug Wk2 - SEBI pre-license relationship wave
Translite Energy Ltd.,CARE,NCD/Bond,BB+/A4+,23-Jan-2026,32.0,Energy,LOW,October 2026,Oct Wk3 (Oct 15-21),False,INC rating hits HOT threshold on 2026-10-20 — first call window,Get ahead of the Oct/Nov renewal rush; start ACER process now before CARE backlog builds,ADD to Aug Wk2 - SEBI pre-license relationship wave
Ashish Vessel Demolition Pvt. Ltd.,CARE,NCD/Bond,B-/A4,29-Jan-2026,30.0,Logistics,LOW,October 2026,Oct Wk4 (Oct 22-31),False,INC rating hits HOT threshold on 2026-10-26 — first call window,Get ahead of the Oct/Nov renewal rush; start ACER process now before CARE backlog builds,ADD to Aug Wk2 - SEBI pre-license relationship wave
Swift Securitas Pvt. Ltd.,CARE,NCD/Bond,BBB-/A3,26-Feb-2026,24.35,BFSI,LOW,October 2026,Nov Wk4 (Nov 22-30),False,INC rating hits HOT threshold on 2026-11-23 — first call window,Get ahead of the Oct/Nov renewal rush; start ACER process now before CARE backlog builds,ADD to Aug Wk2 - SEBI pre-license relationship wave
Bawa Float Glass Ltd.,CARE,NCD/Bond,BB+/A4+,06-Jan-2026,18.0,Other,LOW,October 2026,Oct Wk1 (Oct 1-7),False,INC rating hits HOT threshold on 2026-10-03 — first call window,Get ahead of the Oct/Nov renewal rush; start ACER process now before CARE backlog builds,ADD to Aug Wk2 - SEBI pre-license relationship wave
Shubh Aluminium Pvt. Ltd.,CARE,NCD/Bond,C/A4,06-Feb-2026,14.0,Steel & Metals,LOW,October 2026,Nov Wk1 (Nov 1-7),False,INC rating hits HOT threshold on 2026-11-03 — first call window,Get ahead of the Oct/Nov renewal rush; start ACER process now before CARE backlog builds,ADD to Aug Wk2 - SEBI pre-license relationship wave
Ajay (India) Ltd.,CARE,NCD/Bond,B/A4,05-Feb-2026,13.5,Other,LOW,October 2026,Nov Wk1 (Nov 1-7),False,INC rating hits HOT threshold on 2026-11-02 — first call window,Get ahead of the Oct/Nov renewal rush; start ACER process now before CARE backlog builds,ADD to Aug Wk2 - SEBI pre-license relationship wave
Pai-Aim Solder (India) Pvt. Ltd.,CARE,NCD/Bond,B+/A4,08-Jan-2026,11.0,Other,LOW,October 2026,Oct Wk1 (Oct 1-7),False,INC rating hits HOT threshold on 2026-10-05 — first call window,Get ahead of the Oct/Nov renewal rush; start ACER process now before CARE backlog builds,ADD to Aug Wk2 - SEBI pre-license relationship wave
Pack Paper Agencies Pvt. Ltd.,CARE,NCD/Bond,B-/A4,16-Feb-2026,10.5,Paper/Packaging,LOW,October 2026,Nov Wk2 (Nov 8-14),False,INC rating hits HOT threshold on 2026-11-13 — first call window,Get ahead of the Oct/Nov renewal rush; start ACER process now before CARE backlog builds,ADD to Aug Wk2 - SEBI pre-license relationship wave
Indian Additives Ltd.,CARE,NCD/Bond,AA/A1+,11-Feb-2026,10.0,Other,LOW,October 2026,Nov Wk2 (Nov 8-14),False,INC rating hits HOT threshold on 2026-11-08 — first call window,Get ahead of the Oct/Nov renewal rush; start ACER process now before CARE backlog builds,ADD to Aug Wk2 - SEBI pre-license relationship wave
Triveni Pattern Glass Pvt. Ltd.,CARE,NCD/Bond,BB/A4,20-Feb-2026,10.0,Other,LOW,October 2026,Nov Wk3 (Nov 15-21),False,INC rating hits HOT threshold on 2026-11-17 — first call window,Get ahead of the Oct/Nov renewal rush; start ACER process now before CARE backlog builds,ADD to Aug Wk2 - SEBI pre-license relationship wave
Suvarna Fibrotech Pvt. Ltd.,CARE,NCD/Bond,B-/A4,29-Jan-2026,9.75,IT/Technology,LOW,October 2026,Oct Wk4 (Oct 22-31),False,INC rating hits HOT threshold on 2026-10-26 — first call window,Get ahead of the Oct/Nov renewal rush; start ACER process now before CARE backlog builds,ADD to Aug Wk2 - SEBI pre-license relationship wave
Asha Enterprises Pvt. Ltd.,CARE,NCD/Bond,B-/A4,12-Feb-2026,8.0,Other,LOW,October 2026,Nov Wk2 (Nov 8-14),False,INC rating hits HOT threshold on 2026-11-09 — first call window,Get ahead of the Oct/Nov renewal rush; start ACER process now before CARE backlog builds,ADD to Aug Wk2 - SEBI pre-license relationship wave
Millennium Babycares Pvt. Ltd.,CARE,NCD/Bond,B-/A4,24-Feb-2026,7.0,Automobiles,LOW,October 2026,Nov Wk3 (Nov 15-21),False,INC rating hits HOT threshold on 2026-11-21 — first call window,Get ahead of the Oct/Nov renewal rush; start ACER process now before CARE backlog builds,ADD to Aug Wk2 - SEBI pre-license relationship wave
Dwarka Gems Ltd.,CARE,NCD/Bond,B-/A4,26-Feb-2026,6.5,Jewellery/Gems,LOW,October 2026,Nov Wk4 (Nov 22-30),False,INC rating hits HOT threshold on 2026-11-23 — first call window,Get ahead of the Oct/Nov renewal rush; start ACER process now before CARE backlog builds,ADD to Aug Wk2 - SEBI pre-license relationship wave
Buildon Plasters Pvt. Ltd.,CARE,NCD/Bond,BB/A4,07-Jan-2026,5.5,Construction,LOW,October 2026,Oct Wk1 (Oct 1-7),False,INC rating hits HOT threshold on 2026-10-04 — first call window,Get ahead of the Oct/Nov renewal rush; start ACER process now before CARE backlog builds,ADD to Aug Wk2 - SEBI pre-license relationship wave
Singhal Commodities Pvt. Ltd.,CARE,NCD/Bond,B-/A4,03-Feb-2026,5.0,Trading/Exports,LOW,October 2026,Oct Wk4 (Oct 22-31),False,INC rating hits HOT threshold on 2026-10-31 — first call window,Get ahead of the Oct/Nov renewal rush; start ACER process now before CARE backlog builds,ADD to Aug Wk2 - SEBI pre-license relationship wave
Sanauto Engineers (India) Pvt. Ltd.,CARE,NCD/Bond,BB-/A4,09-Feb-2026,5.0,Manufacturing,LOW,October 2026,Nov Wk1 (Nov 1-7),False,INC rating hits HOT threshold on 2026-11-06 — first call window,Get ahead of the Oct/Nov renewal rush; start ACER process now before CARE backlog builds,ADD to Aug Wk2 - SEBI pre-license relationship wave
Bharat Electrodrives Pvt. Ltd.,CARE,NCD/Bond,BB+/A4+,05-Feb-2026,4.31,Other,LOW,October 2026,Nov Wk1 (Nov 1-7),False,INC rating hits HOT threshold on 2026-11-02 — first call window,Get ahead of the Oct/Nov renewal rush; start ACER process now before CARE backlog builds,ADD to Aug Wk2 - SEBI pre-license relationship wave
Leopard Vitrified Pvt. Ltd.,CARE,NCD/Bond,B-/A4,17-Feb-2026,4.25,Other,LOW,October 2026,Nov Wk2 (Nov 8-14),False,INC rating hits HOT threshold on 2026-11-14 — first call window,Get ahead of the Oct/Nov renewal rush; start ACER process now before CARE backlog builds,ADD to Aug Wk2 - SEBI pre-license relationship wave
R S K Industries Pvt. Ltd.,CARE,NCD/Bond,B-/A4,04-Mar-2026,4.0,Manufacturing,LOW,October 2026,Nov Wk4 (Nov 22-30),False,INC rating hits HOT threshold on 2026-11-29 — first call window,Get ahead of the Oct/Nov renewal rush; start ACER process now before CARE backlog builds,ADD to Aug Wk2 - SEBI pre-license relationship wave
Dirco Polymers Pvt. Ltd.,CARE,NCD/Bond,BB+/A4+,05-Jan-2026,3.51,Chemicals & Pharma,LOW,October 2026,Oct Wk1 (Oct 1-7),False,INC rating hits HOT threshold on 2026-10-02 — first call window,Get ahead of the Oct/Nov renewal rush; start ACER process now before CARE backlog builds,ADD to Aug Wk2 - SEBI pre-license relationship wave
Smilax Laboratories Ltd.,CARE,NCD/Bond,BB/A4,06-Jan-2026,2.5,Healthcare,LOW,October 2026,Oct Wk1 (Oct 1-7),False,INC rating hits HOT threshold on 2026-10-03 — first call window,Get ahead of the Oct/Nov renewal rush; start ACER process now before CARE backlog builds,ADD to Aug Wk2 - SEBI pre-license relationship wave
Supreme Hydro Engg. Pvt. Ltd.,CARE,NCD/Bond,BBB+/A2,18-Feb-2026,2.5,Energy,LOW,October 2026,Nov Wk3 (Nov 15-21),False,INC rating hits HOT threshold on 2026-11-15 — first call window,Get ahead of the Oct/Nov renewal rush; start ACER process now before CARE backlog builds,ADD to Aug Wk2 - SEBI pre-license relationship wave
Technobit Industries Pvt. Ltd.,CARE,NCD/Bond,B-/A4,17-Feb-2026,2.4,IT/Technology,LOW,October 2026,Nov Wk2 (Nov 8-14),False,INC rating hits HOT threshold on 2026-11-14 — first call window,Get ahead of the Oct/Nov renewal rush; start ACER process now before CARE backlog builds,ADD to Aug Wk2 - SEBI pre-license relationship wave
Kuber Casting Pvt. Ltd.,CARE,NCD/Bond,B-/A4,12-Feb-2026,1.5,Steel & Metals,LOW,October 2026,Nov Wk2 (Nov 8-14),False,INC rating hits HOT threshold on 2026-11-09 — first call window,Get ahead of the Oct/Nov renewal rush; start ACER process now before CARE backlog builds,ADD to Aug Wk2 - SEBI pre-license relationship wave
Premium Laminators Pvt. Ltd.,CARE,NCD/Bond,B+/A4,02-Feb-2026,1.41,Other,LOW,October 2026,Oct Wk4 (Oct 22-31),False,INC rating hits HOT threshold on 2026-10-30 — first call window,Get ahead of the Oct/Nov renewal rush; start ACER process now before CARE backlog builds,ADD to Aug Wk2 - SEBI pre-license relationship wave
Arti Silk Mills Pvt. Ltd.,CARE,NCD/Bond,B/A4,12-Jan-2026,1.25,Textiles,LOW,October 2026,Oct Wk2 (Oct 8-14),False,INC rating hits HOT threshold on 2026-10-09 — first call window,Get ahead of the Oct/Nov renewal rush; start ACER process now before CARE backlog builds,ADD to Aug Wk2 - SEBI pre-license relationship wave
Ezentech India Pvt. Ltd.,CARE,NCD/Bond,B-/A4,27-Jan-2026,0.24,IT/Technology,LOW,October 2026,Oct Wk4 (Oct 22-31),False,INC rating hits HOT threshold on 2026-10-24 — first call window,Get ahead of the Oct/Nov renewal rush; start ACER process now before CARE backlog builds,ADD to Aug Wk2 - SEBI pre-license relationship wave
Euro Safety Footwear (India) Ltd.,CARE,NCD/Bond,BB+/A4+,05-Jan-2026,0.0,Other,LOW,October 2026,Oct Wk1 (Oct 1-7),False,INC rating hits HOT threshold on 2026-10-02 — first call window,Get ahead of the Oct/Nov renewal rush; start ACER process now before CARE backlog builds,ADD to Aug Wk2 - SEBI pre-license relationship wave
Vikran Engineering Ltd.,CARE,NCD/Bond,BB-/A4,28-Jan-2026,0.0,Manufacturing,LOW,October 2026,Oct Wk4 (Oct 22-31),False,INC rating hits HOT threshold on 2026-10-25 — first call window,Get ahead of the Oct/Nov renewal rush; start ACER process now before CARE backlog builds,ADD to Aug Wk2 - SEBI pre-license relationship wave
Flexituff Ventures Intl. Ltd.,CARE,Non-government debt,D,2026-04-17,251.17,Other,LOW (<90 days),Q2 2027,HOT by Jan 2027,False,"INC since Apr 2026 (72 days). MEDIUM by Oct 2026, HOT by Jan 2027, ULTRA HOT by Apr 2027.",Your Non-government debt at CARE hits ULTRA HOT in Apr 2027. Start ACER process by Jan 2027 to be ahead of Q2 2027 renewal rush.,ADD to Aug Wk2 - SEBI pre-license relationship wave
Etco Denim Pvt. Ltd.,CARE,Non-government debt,D,2026-04-09,112.99,Textiles,LOW (<90 days),Q2 2027,HOT by Jan 2027,False,"INC since Apr 2026 (80 days). MEDIUM by Oct 2026, HOT by Jan 2027, ULTRA HOT by Apr 2027.",Your Non-government debt at CARE hits ULTRA HOT in Apr 2027. Start ACER process by Jan 2027 to be ahead of Q2 2027 renewal rush.,ADD to Aug Wk2 - SEBI pre-license relationship wave
N K Agro Exports (India) Pvt. Ltd.,CARE,Non-government debt,BB-/A4,2026-04-02,90.0,Agro & Food,LOW (<90 days),Q2 2027,HOT by Jan 2027,False,"INC since Apr 2026 (87 days). MEDIUM by Oct 2026, HOT by Jan 2027, ULTRA HOT by Apr 2027.",Your Non-government debt at CARE hits ULTRA HOT in Apr 2027. Start ACER process by Jan 2027 to be ahead of Q2 2027 renewal rush.,ADD to Aug Wk2 - SEBI pre-license relationship wave
Savair Energy Ltd.,CARE,Non-government debt,D,2026-04-09,47.0,Energy/Power,LOW (<90 days),Q2 2027,HOT by Jan 2027,False,"INC since Apr 2026 (80 days). MEDIUM by Oct 2026, HOT by Jan 2027, ULTRA HOT by Apr 2027.",Your Non-government debt at CARE hits ULTRA HOT in Apr 2027. Start ACER process by Jan 2027 to be ahead of Q2 2027 renewal rush.,ADD to Aug Wk2 - SEBI pre-license relationship wave
Mittapally Agro Products Pvt. Ltd.,CARE,Non-government debt,D,2026-04-14,32.5,Agro & Food,LOW (<90 days),Q2 2027,HOT by Jan 2027,False,"INC since Apr 2026 (75 days). MEDIUM by Oct 2026, HOT by Jan 2027, ULTRA HOT by Apr 2027.",Your Non-government debt at CARE hits ULTRA HOT in Apr 2027. Start ACER process by Jan 2027 to be ahead of Q2 2027 renewal rush.,ADD to Aug Wk2 - SEBI pre-license relationship wave
S P G V Petrochem (India) Pvt. Ltd.,CARE,Non-government debt,D,2026-04-13,20.0,Chemicals & Pharma,LOW (<90 days),Q2 2027,HOT by Jan 2027,False,"INC since Apr 2026 (76 days). MEDIUM by Oct 2026, HOT by Jan 2027, ULTRA HOT by Apr 2027.",Your Non-government debt at CARE hits ULTRA HOT in Apr 2027. Start ACER process by Jan 2027 to be ahead of Q2 2027 renewal rush.,ADD to Aug Wk2 - SEBI pre-license relationship wave
Corodex Infrastructure Pvt. Ltd.,CARE,Non-government debt,D,2026-04-24,14.0,Construction,LOW (<90 days),Q2 2027,HOT by Jan 2027,False,"INC since Apr 2026 (65 days). MEDIUM by Oct 2026, HOT by Jan 2027, ULTRA HOT by Apr 2027.",Your Non-government debt at CARE hits ULTRA HOT in Apr 2027. Start ACER process by Jan 2027 to be ahead of Q2 2027 renewal rush.,ADD to Aug Wk2 - SEBI pre-license relationship wave
Shiva Industrial Security Agency (Gujarat) Ltd.,CARE,Non-government debt,D,2026-04-27,14.0,Other,LOW (<90 days),Q2 2027,HOT by Jan 2027,False,"INC since Apr 2026 (62 days). MEDIUM by Oct 2026, HOT by Jan 2027, ULTRA HOT by Apr 2027.",Your Non-government debt at CARE hits ULTRA HOT in Apr 2027. Start ACER process by Jan 2027 to be ahead of Q2 2027 renewal rush.,ADD to Aug Wk2 - SEBI pre-license relationship wave
Agri-Best India Ltd.,CARE,Non-government debt,D,2026-04-29,10.0,Other,LOW (<90 days),Q2 2027,HOT by Jan 2027,False,"INC since Apr 2026 (60 days). MEDIUM by Oct 2026, HOT by Jan 2027, ULTRA HOT by Apr 2027.",Your Non-government debt at CARE hits ULTRA HOT in Apr 2027. Start ACER process by Jan 2027 to be ahead of Q2 2027 renewal rush.,ADD to Aug Wk2 - SEBI pre-license relationship wave
Kniss Laboratories Pvt. Ltd.,CARE,Non-government debt,D,2026-04-15,3.5,Other,LOW (<90 days),Q2 2027,HOT by Jan 2027,False,"INC since Apr 2026 (74 days). MEDIUM by Oct 2026, HOT by Jan 2027, ULTRA HOT by Apr 2027.",Your Non-government debt at CARE hits ULTRA HOT in Apr 2027. Start ACER process by Jan 2027 to be ahead of Q2 2027 renewal rush.,ADD to Aug Wk2 - SEBI pre-license relationship wave
Paramount Blankets Pvt. Ltd.,CARE,Non-government debt,D,2026-04-29,1.0,Other,LOW (<90 days),Q2 2027,HOT by Jan 2027,False,"INC since Apr 2026 (60 days). MEDIUM by Oct 2026, HOT by Jan 2027, ULTRA HOT by Apr 2027.",Your Non-government debt at CARE hits ULTRA HOT in Apr 2027. Start ACER process by Jan 2027 to be ahead of Q2 2027 renewal rush.,ADD to Aug Wk2 - SEBI pre-license relationship wave
Senvion Wind Technology Pvt. Ltd.,CARE,NCD/Bond,BB/A4,2026-03-10,3000.0,Energy,LOW/MEDIUM,Q1 2027,Dec 2026 – Jan 2027,False,INC rating hits ULTRA HOT on 2027-03-10 — prime Q1 2027 renewal target,Your NCD/Bond at CARE goes critical in Mar 2027. Start ACER process in Sep 2026 — before the Q1 rush.,ADD to Aug Wk2 - SEBI pre-license relationship wave
K T M Jewellery Ltd.,CARE,NCD/Bond,BBB-/A3,2026-03-23,115.0,Jewellery,LOW/MEDIUM,Q1 2027,Dec 2026 – Jan 2027,False,INC rating hits ULTRA HOT on 2027-03-23 — prime Q1 2027 renewal target,Your NCD/Bond at CARE goes critical in Mar 2027. Start ACER process in Sep 2026 — before the Q1 rush.,ADD to Aug Wk2 - SEBI pre-license relationship wave
Bombay Super Hybrid Seeds Ltd.,CARE,NCD/Bond,BBB-/A3,2026-03-25,85.0,Other,LOW/MEDIUM,Q1 2027,Dec 2026 – Jan 2027,False,INC rating hits ULTRA HOT on 2027-03-25 — prime Q1 2027 renewal target,Your NCD/Bond at CARE goes critical in Mar 2027. Start ACER process in Sep 2026 — before the Q1 rush.,ADD to Aug Wk2 - SEBI pre-license relationship wave
Akshara Enterprises India Pvt. Ltd.,CARE,NCD/Bond,BB/A4,2026-03-19,74.51,Other,LOW/MEDIUM,Q1 2027,Dec 2026 – Jan 2027,False,INC rating hits ULTRA HOT on 2027-03-19 — prime Q1 2027 renewal target,Your NCD/Bond at CARE goes critical in Mar 2027. Start ACER process in Sep 2026 — before the Q1 rush.,ADD to Aug Wk2 - SEBI pre-license relationship wave
Tejas Cargo India Ltd.,CARE,NCD/Bond,BB+/A4+,2026-03-20,70.0,Logistics,LOW/MEDIUM,Q1 2027,Dec 2026 – Jan 2027,False,INC rating hits ULTRA HOT on 2027-03-20 — prime Q1 2027 renewal target,Your NCD/Bond at CARE goes critical in Mar 2027. Start ACER process in Sep 2026 — before the Q1 rush.,ADD to Aug Wk2 - SEBI pre-license relationship wave
Kuldeep Motors Pvt. Ltd.,CARE,NCD/Bond,BB/A4,2026-01-02,50.0,Other,LOW/MEDIUM,Q1 2027,Oct–Nov 2026 — Call now (HOT by Oct),False,INC rating hits ULTRA HOT on 2027-01-02 — prime Q1 2027 renewal target,Your NCD/Bond at CARE goes critical in Jan 2027. Start ACER process in Sep 2026 — before the Q1 rush.,ADD to Aug Wk2 - SEBI pre-license relationship wave
Oriental Edumed Pvt. Ltd.,CARE,NCD/Bond,B/A4,2026-03-26,37.82,Other,LOW/MEDIUM,Q1 2027,Dec 2026 – Jan 2027,False,INC rating hits ULTRA HOT on 2027-03-26 — prime Q1 2027 renewal target,Your NCD/Bond at CARE goes critical in Mar 2027. Start ACER process in Sep 2026 — before the Q1 rush.,ADD to Aug Wk2 - SEBI pre-license relationship wave
Central India Engg. Pvt. Ltd.,CARE,NCD/Bond,BB/A4,2026-03-27,32.32,Other,LOW/MEDIUM,Q1 2027,Dec 2026 – Jan 2027,False,INC rating hits ULTRA HOT on 2027-03-27 — prime Q1 2027 renewal target,Your NCD/Bond at CARE goes critical in Mar 2027. Start ACER process in Sep 2026 — before the Q1 rush.,ADD to Aug Wk2 - SEBI pre-license relationship wave
A S Motors Pvt. Ltd.,CARE,NCD/Bond,BB-/A4,2026-03-26,30.29,Other,LOW/MEDIUM,Q1 2027,Dec 2026 – Jan 2027,False,INC rating hits ULTRA HOT on 2027-03-26 — prime Q1 2027 renewal target,Your NCD/Bond at CARE goes critical in Mar 2027. Start ACER process in Sep 2026 — before the Q1 rush.,ADD to Aug Wk2 - SEBI pre-license relationship wave
Meena Agency Ltd.,CARE,NCD/Bond,BB+/A4+,2026-03-30,26.0,Other,LOW/MEDIUM,Q1 2027,Dec 2026 – Jan 2027,False,INC rating hits ULTRA HOT on 2027-03-30 — prime Q1 2027 renewal target,Your NCD/Bond at CARE goes critical in Mar 2027. Start ACER process in Sep 2026 — before the Q1 rush.,ADD to Aug Wk2 - SEBI pre-license relationship wave
Medipol Pharmaceutical India Pvt. Ltd.,CARE,NCD/Bond,BB-/A4,2026-03-26,20.5,Chemicals & Pharma,LOW/MEDIUM,Q1 2027,Dec 2026 – Jan 2027,False,INC rating hits ULTRA HOT on 2027-03-26 — prime Q1 2027 renewal target,Your NCD/Bond at CARE goes critical in Mar 2027. Start ACER process in Sep 2026 — before the Q1 rush.,ADD to Aug Wk2 - SEBI pre-license relationship wave
Inventive Software Solutions Pvt. Ltd.,CARE,NCD/Bond,BB+/A4+,2026-03-10,20.0,IT/Technology,LOW/MEDIUM,Q1 2027,Dec 2026 – Jan 2027,False,INC rating hits ULTRA HOT on 2027-03-10 — prime Q1 2027 renewal target,Your NCD/Bond at CARE goes critical in Mar 2027. Start ACER process in Sep 2026 — before the Q1 rush.,ADD to Aug Wk2 - SEBI pre-license relationship wave
Eneroil Offshore Drilling Ltd.,CARE,NCD/Bond,BB-/A4,2026-03-20,20.0,Energy,LOW/MEDIUM,Q1 2027,Dec 2026 – Jan 2027,False,INC rating hits ULTRA HOT on 2027-03-20 — prime Q1 2027 renewal target,Your NCD/Bond at CARE goes critical in Mar 2027. Start ACER process in Sep 2026 — before the Q1 rush.,ADD to Aug Wk2 - SEBI pre-license relationship wave
Jimcap Electronics Pvt. Ltd.,CARE,NCD/Bond,BB/A4,2026-03-11,19.39,Other,LOW/MEDIUM,Q1 2027,Dec 2026 – Jan 2027,False,INC rating hits ULTRA HOT on 2027-03-11 — prime Q1 2027 renewal target,Your NCD/Bond at CARE goes critical in Mar 2027. Start ACER process in Sep 2026 — before the Q1 rush.,ADD to Aug Wk2 - SEBI pre-license relationship wave
Sparten Granito Pvt. Ltd.,CARE,NCD/Bond,B+/A4,2026-03-13,15.0,Other,LOW/MEDIUM,Q1 2027,Dec 2026 – Jan 2027,False,INC rating hits ULTRA HOT on 2027-03-13 — prime Q1 2027 renewal target,Your NCD/Bond at CARE goes critical in Mar 2027. Start ACER process in Sep 2026 — before the Q1 rush.,ADD to Aug Wk2 - SEBI pre-license relationship wave
Maxheal Pharmaceuticals (India) Ltd.,CARE,NCD/Bond,B-/A4,2026-03-10,12.0,Chemicals & Pharma,LOW/MEDIUM,Q1 2027,Dec 2026 – Jan 2027,False,INC rating hits ULTRA HOT on 2027-03-10 — prime Q1 2027 renewal target,Your NCD/Bond at CARE goes critical in Mar 2027. Start ACER process in Sep 2026 — before the Q1 rush.,ADD to Aug Wk2 - SEBI pre-license relationship wave
T K Precision Pvt. Ltd.,CARE,NCD/Bond,B+/A4,2026-03-12,3.0,Other,LOW/MEDIUM,Q1 2027,Dec 2026 – Jan 2027,False,INC rating hits ULTRA HOT on 2027-03-12 — prime Q1 2027 renewal target,Your NCD/Bond at CARE goes critical in Mar 2027. Start ACER process in Sep 2026 — before the Q1 rush.,ADD to Aug Wk2 - SEBI pre-license relationship wave
George Maijo Automobiles Pvt. Ltd.,CARE,NCD/Bond,BB-/A4,2026-03-16,3.0,Manufacturing,LOW/MEDIUM,Q1 2027,Dec 2026 – Jan 2027,False,INC rating hits ULTRA HOT on 2027-03-16 — prime Q1 2027 renewal target,Your NCD/Bond at CARE goes critical in Mar 2027. Start ACER process in Sep 2026 — before the Q1 rush.,ADD to Aug Wk2 - SEBI pre-license relationship wave
Caprihans India Ltd.,CARE,NCD/Bond,B/A4,2026-03-12,1.0,Other,LOW/MEDIUM,Q1 2027,Dec 2026 – Jan 2027,False,INC rating hits ULTRA HOT on 2027-03-12 — prime Q1 2027 renewal target,Your NCD/Bond at CARE goes critical in Mar 2027. Start ACER process in Sep 2026 — before the Q1 rush.,ADD to Aug Wk2 - SEBI pre-license relationship wave
Bangalore Electricity Supply Co. Ltd.,CARE,NCD/Bond,BB+/A4,20-Oct-2025,600.0,Energy,MEDIUM,October 2026,Oct Wk3 (Oct 15-21),False,INC rating hits ULTRA HOT threshold on 2026-10-20 — first call window,Get ahead of the Oct/Nov renewal rush; start ACER process now before CARE backlog builds,ADD to Aug Wk2 - SEBI pre-license relationship wave
Rai Bahadur Narain Singh Sugar Mills Ltd.,CARE,NCD/Bond,BB/A4,03-Nov-2025,275.02,Agro & Food,MEDIUM,October 2026,Nov Wk1 (Nov 1-7),False,INC rating hits ULTRA HOT threshold on 2026-11-03 — first call window,Get ahead of the Oct/Nov renewal rush; start ACER process now before CARE backlog builds,ADD to Aug Wk2 - SEBI pre-license relationship wave
R S A Infraproject Pvt. Ltd.,CARE,NCD/Bond,BB+/A4+,07-Nov-2025,175.0,Construction,MEDIUM,October 2026,Nov Wk1 (Nov 1-7),False,INC rating hits ULTRA HOT threshold on 2026-11-07 — first call window,Get ahead of the Oct/Nov renewal rush; start ACER process now before CARE backlog builds,ADD to Aug Wk2 - SEBI pre-license relationship wave
Lok Chemicals Pvt. Ltd.,CARE,NCD/Bond,BB+/A4,01-Oct-2025,151.0,Chemicals & Pharma,MEDIUM,October 2026,Oct Wk1 (Oct 1-7),False,INC rating hits ULTRA HOT threshold on 2026-10-01 — first call window,Get ahead of the Oct/Nov renewal rush; start ACER process now before CARE backlog builds,ADD to Aug Wk2 - SEBI pre-license relationship wave
A R L Infratech Ltd.,CARE,NCD/Bond,A/A1,01-Oct-2025,110.0,Construction,MEDIUM,October 2026,Oct Wk1 (Oct 1-7),False,INC rating hits ULTRA HOT threshold on 2026-10-01 — first call window,Get ahead of the Oct/Nov renewal rush; start ACER process now before CARE backlog builds,ADD to Aug Wk2 - SEBI pre-license relationship wave
J U Agri Sciences Pvt. Ltd.,CARE,NCD/Bond,A 4,03-Nov-2025,85.0,Agro & Food,MEDIUM,October 2026,Nov Wk1 (Nov 1-7),False,INC rating hits ULTRA HOT threshold on 2026-11-03 — first call window,Get ahead of the Oct/Nov renewal rush; start ACER process now before CARE backlog builds,ADD to Aug Wk2 - SEBI pre-license relationship wave
Victoria Foods Pvt. Ltd.,CARE,NCD/Bond,BB/A4,21-Nov-2025,75.0,Agro & Food,MEDIUM,October 2026,Nov Wk3 (Nov 15-21),False,INC rating hits ULTRA HOT threshold on 2026-11-21 — first call window,Get ahead of the Oct/Nov renewal rush; start ACER process now before CARE backlog builds,ADD to Aug Wk2 - SEBI pre-license relationship wave
Fides Distribution Pvt. Ltd.,CARE,NCD/Bond,B-/A4,18-Nov-2025,60.0,Trading/Exports,MEDIUM,October 2026,Nov Wk3 (Nov 15-21),False,INC rating hits ULTRA HOT threshold on 2026-11-18 — first call window,Get ahead of the Oct/Nov renewal rush; start ACER process now before CARE backlog builds,ADD to Aug Wk2 - SEBI pre-license relationship wave
Stanadyne India Pvt. Ltd.,CARE,NCD/Bond,BB/A4,20-Nov-2025,50.0,Other,MEDIUM,October 2026,Nov Wk3 (Nov 15-21),False,INC rating hits ULTRA HOT threshold on 2026-11-20 — first call window,Get ahead of the Oct/Nov renewal rush; start ACER process now before CARE backlog builds,ADD to Aug Wk2 - SEBI pre-license relationship wave
Space Wood Furnishers Pvt. Ltd.,CARE,NCD/Bond,BB+/A4+,01-Oct-2025,46.5,Other,MEDIUM,October 2026,Oct Wk1 (Oct 1-7),False,INC rating hits ULTRA HOT threshold on 2026-10-01 — first call window,Get ahead of the Oct/Nov renewal rush; start ACER process now before CARE backlog builds,ADD to Aug Wk2 - SEBI pre-license relationship wave
C 5 Engineering Pvt. Ltd.,CARE,NCD/Bond,B+/A4,17-Oct-2025,45.0,Manufacturing,MEDIUM,October 2026,Oct Wk3 (Oct 15-21),False,INC rating hits ULTRA HOT threshold on 2026-10-17 — first call window,Get ahead of the Oct/Nov renewal rush; start ACER process now before CARE backlog builds,ADD to Aug Wk2 - SEBI pre-license relationship wave
Eldyne Electro-Systems Pvt. Ltd.,CARE,NCD/Bond,BB/A4,05-Nov-2025,41.32,Other,MEDIUM,October 2026,Nov Wk1 (Nov 1-7),False,INC rating hits ULTRA HOT threshold on 2026-11-05 — first call window,Get ahead of the Oct/Nov renewal rush; start ACER process now before CARE backlog builds,ADD to Aug Wk2 - SEBI pre-license relationship wave
Dali & Samir Engg. Pvt. Ltd.,CARE,NCD/Bond,BB+/A4+,01-Oct-2025,28.22,Agro & Food,MEDIUM,October 2026,Oct Wk1 (Oct 1-7),False,INC rating hits ULTRA HOT threshold on 2026-10-01 — first call window,Get ahead of the Oct/Nov renewal rush; start ACER process now before CARE backlog builds,ADD to Aug Wk2 - SEBI pre-license relationship wave
Spg Infraprojects Ltd.,CARE,NCD/Bond,BB+/A4+,31-Oct-2025,24.0,Construction,MEDIUM,October 2026,Oct Wk4 (Oct 22-31),False,INC rating hits ULTRA HOT threshold on 2026-10-31 — first call window,Get ahead of the Oct/Nov renewal rush; start ACER process now before CARE backlog builds,ADD to Aug Wk2 - SEBI pre-license relationship wave
Survi Projects Pvt. Ltd.,CARE,NCD/Bond,B+/A4,10-Oct-2025,22.0,Construction,MEDIUM,October 2026,Oct Wk2 (Oct 8-14),False,INC rating hits ULTRA HOT threshold on 2026-10-10 — first call window,Get ahead of the Oct/Nov renewal rush; start ACER process now before CARE backlog builds,ADD to Aug Wk2 - SEBI pre-license relationship wave
Svasca Industries (India) Ltd.,CARE,NCD/Bond,B-/A4,30-Oct-2025,20.0,Manufacturing,MEDIUM,October 2026,Oct Wk4 (Oct 22-31),False,INC rating hits ULTRA HOT threshold on 2026-10-30 — first call window,Get ahead of the Oct/Nov renewal rush; start ACER process now before CARE backlog builds,ADD to Aug Wk2 - SEBI pre-license relationship wave
Techno Global Services Pvt. Ltd.,CARE,NCD/Bond,BB-/A4,10-Oct-2025,19.5,IT/Technology,MEDIUM,October 2026,Oct Wk2 (Oct 8-14),False,INC rating hits ULTRA HOT threshold on 2026-10-10 — first call window,Get ahead of the Oct/Nov renewal rush; start ACER process now before CARE backlog builds,ADD to Aug Wk2 - SEBI pre-license relationship wave
Madhu Industries Ltd.,CARE,NCD/Bond,B-/A4,06-Nov-2025,19.0,Manufacturing,MEDIUM,October 2026,Nov Wk1 (Nov 1-7),False,INC rating hits ULTRA HOT threshold on 2026-11-06 — first call window,Get ahead of the Oct/Nov renewal rush; start ACER process now before CARE backlog builds,ADD to Aug Wk2 - SEBI pre-license relationship wave
Sempertrans India Pvt. Ltd.,CARE,NCD/Bond,B/A4,07-Nov-2025,19.0,Other,MEDIUM,October 2026,Nov Wk1 (Nov 1-7),False,INC rating hits ULTRA HOT threshold on 2026-11-07 — first call window,Get ahead of the Oct/Nov renewal rush; start ACER process now before CARE backlog builds,ADD to Aug Wk2 - SEBI pre-license relationship wave
A-I Enterprises Pvt. Ltd.,CARE,NCD/Bond,B-/A4,10-Nov-2025,18.0,Other,MEDIUM,October 2026,Nov Wk2 (Nov 8-14),False,INC rating hits ULTRA HOT threshold on 2026-11-10 — first call window,Get ahead of the Oct/Nov renewal rush; start ACER process now before CARE backlog builds,ADD to Aug Wk2 - SEBI pre-license relationship wave
Pes Installations Pvt. Ltd.,CARE,NCD/Bond,B+/A4,28-Nov-2025,16.5,Other,MEDIUM,October 2026,Nov Wk4 (Nov 22-30),False,INC rating hits ULTRA HOT threshold on 2026-11-28 — first call window,Get ahead of the Oct/Nov renewal rush; start ACER process now before CARE backlog builds,ADD to Aug Wk2 - SEBI pre-license relationship wave
Aimco Pesticides Ltd.,CARE,NCD/Bond,BB-/A4,06-Oct-2025,16.0,Agro & Food,MEDIUM,October 2026,Oct Wk1 (Oct 1-7),False,INC rating hits ULTRA HOT threshold on 2026-10-06 — first call window,Get ahead of the Oct/Nov renewal rush; start ACER process now before CARE backlog builds,ADD to Aug Wk2 - SEBI pre-license relationship wave
Western Coffee Curers & Exports Pvt. Ltd.,CARE,NCD/Bond,B+/A4,04-Nov-2025,16.0,Agro & Food,MEDIUM,October 2026,Nov Wk1 (Nov 1-7),False,INC rating hits ULTRA HOT threshold on 2026-11-04 — first call window,Get ahead of the Oct/Nov renewal rush; start ACER process now before CARE backlog builds,ADD to Aug Wk2 - SEBI pre-license relationship wave
Magadh Precision Equipment Ltd.,CARE,NCD/Bond,B/A4,07-Nov-2025,15.0,Manufacturing,MEDIUM,October 2026,Nov Wk1 (Nov 1-7),False,INC rating hits ULTRA HOT threshold on 2026-11-07 — first call window,Get ahead of the Oct/Nov renewal rush; start ACER process now before CARE backlog builds,ADD to Aug Wk2 - SEBI pre-license relationship wave
Mahamaya Steel Inds. Ltd.,CARE,NCD/Bond,BB+/A4+,27-Nov-2025,15.0,Steel & Metals,MEDIUM,October 2026,Nov Wk4 (Nov 22-30),False,INC rating hits ULTRA HOT threshold on 2026-11-27 — first call window,Get ahead of the Oct/Nov renewal rush; start ACER process now before CARE backlog builds,ADD to Aug Wk2 - SEBI pre-license relationship wave
Alleppey Company Ltd.,CARE,NCD/Bond,B-/A4,16-Oct-2025,13.5,Other,MEDIUM,October 2026,Oct Wk3 (Oct 15-21),False,INC rating hits ULTRA HOT threshold on 2026-10-16 — first call window,Get ahead of the Oct/Nov renewal rush; start ACER process now before CARE backlog builds,ADD to Aug Wk2 - SEBI pre-license relationship wave
Vinayak International Housewares Pvt. Ltd.,CARE,NCD/Bond,A 4,29-Oct-2025,10.5,Other,MEDIUM,October 2026,Oct Wk4 (Oct 22-31),False,INC rating hits ULTRA HOT threshold on 2026-10-29 — first call window,Get ahead of the Oct/Nov renewal rush; start ACER process now before CARE backlog builds,ADD to Aug Wk2 - SEBI pre-license relationship wave
General Optics (Asia) Ltd.,CARE,NCD/Bond,BB/A4,06-Nov-2025,10.0,Other,MEDIUM,October 2026,Nov Wk1 (Nov 1-7),False,INC rating hits ULTRA HOT threshold on 2026-11-06 — first call window,Get ahead of the Oct/Nov renewal rush; start ACER process now before CARE backlog builds,ADD to Aug Wk2 - SEBI pre-license relationship wave
Sangotra Fashions Pvt. Ltd.,CARE,NCD/Bond,B-/A4,13-Oct-2025,9.5,Textiles,MEDIUM,October 2026,Oct Wk2 (Oct 8-14),False,INC rating hits ULTRA HOT threshold on 2026-10-13 — first call window,Get ahead of the Oct/Nov renewal rush; start ACER process now before CARE backlog builds,ADD to Aug Wk2 - SEBI pre-license relationship wave
Trimoorty Foamtech Ltd.,CARE,NCD/Bond,B-/A4,17-Oct-2025,9.0,IT/Technology,MEDIUM,October 2026,Oct Wk3 (Oct 15-21),False,INC rating hits ULTRA HOT threshold on 2026-10-17 — first call window,Get ahead of the Oct/Nov renewal rush; start ACER process now before CARE backlog builds,ADD to Aug Wk2 - SEBI pre-license relationship wave
Vapi Care Pharma Pvt. Ltd.,CARE,NCD/Bond,BB+/A4+,16-Oct-2025,7.0,Chemicals & Pharma,MEDIUM,October 2026,Oct Wk3 (Oct 15-21),False,INC rating hits ULTRA HOT threshold on 2026-10-16 — first call window,Get ahead of the Oct/Nov renewal rush; start ACER process now before CARE backlog builds,ADD to Aug Wk2 - SEBI pre-license relationship wave
Sohn Steel Pvt. Ltd.,CARE,NCD/Bond,B-/A4,30-Oct-2025,7.0,Steel & Metals,MEDIUM,October 2026,Oct Wk4 (Oct 22-31),False,INC rating hits ULTRA HOT threshold on 2026-10-30 — first call window,Get ahead of the Oct/Nov renewal rush; start ACER process now before CARE backlog builds,ADD to Aug Wk2 - SEBI pre-license relationship wave
Sekhani Industries Pvt. Ltd.,CARE,NCD/Bond,B+/A4,09-Oct-2025,6.0,Manufacturing,MEDIUM,October 2026,Oct Wk2 (Oct 8-14),False,INC rating hits ULTRA HOT threshold on 2026-10-09 — first call window,Get ahead of the Oct/Nov renewal rush; start ACER process now before CARE backlog builds,ADD to Aug Wk2 - SEBI pre-license relationship wave
Wellcare Oil Tools Pvt. Ltd.,CARE,NCD/Bond,B-/A4,14-Oct-2025,6.0,Energy,MEDIUM,October 2026,Oct Wk2 (Oct 8-14),False,INC rating hits ULTRA HOT threshold on 2026-10-14 — first call window,Get ahead of the Oct/Nov renewal rush; start ACER process now before CARE backlog builds,ADD to Aug Wk2 - SEBI pre-license relationship wave
Friends Timber Pvt. Ltd.,CARE,NCD/Bond,B-/A4,19-Nov-2025,6.0,Other,MEDIUM,October 2026,Nov Wk3 (Nov 15-21),False,INC rating hits ULTRA HOT threshold on 2026-11-19 — first call window,Get ahead of the Oct/Nov renewal rush; start ACER process now before CARE backlog builds,ADD to Aug Wk2 - SEBI pre-license relationship wave
Fabworth Promoters Pvt. Ltd.,CARE,NCD/Bond,BB+/A4+,04-Nov-2025,5.0,Other,MEDIUM,October 2026,Nov Wk1 (Nov 1-7),False,INC rating hits ULTRA HOT threshold on 2026-11-04 — first call window,Get ahead of the Oct/Nov renewal rush; start ACER process now before CARE backlog builds,ADD to Aug Wk2 - SEBI pre-license relationship wave
Disruptive Health Solutions Pvt. Ltd.,CARE,NCD/Bond,B-/A4,06-Nov-2025,5.0,Healthcare,MEDIUM,October 2026,Nov Wk1 (Nov 1-7),False,INC rating hits ULTRA HOT threshold on 2026-11-06 — first call window,Get ahead of the Oct/Nov renewal rush; start ACER process now before CARE backlog builds,ADD to Aug Wk2 - SEBI pre-license relationship wave
Anabond Ltd.,CARE,NCD/Bond,BB/A4,07-Nov-2025,5.0,Other,MEDIUM,October 2026,Nov Wk1 (Nov 1-7),False,INC rating hits ULTRA HOT threshold on 2026-11-07 — first call window,Get ahead of the Oct/Nov renewal rush; start ACER process now before CARE backlog builds,ADD to Aug Wk2 - SEBI pre-license relationship wave
Sachdev Food Products Pvt. Ltd.,CARE,NCD/Bond,B+/A4,07-Oct-2025,4.0,Agro & Food,MEDIUM,October 2026,Oct Wk1 (Oct 1-7),False,INC rating hits ULTRA HOT threshold on 2026-10-07 — first call window,Get ahead of the Oct/Nov renewal rush; start ACER process now before CARE backlog builds,ADD to Aug Wk2 - SEBI pre-license relationship wave
Accurate Gauging & Instruments Pvt. Ltd.,CARE,NCD/Bond,B/A4,21-Nov-2025,4.0,Other,MEDIUM,October 2026,Nov Wk3 (Nov 15-21),False,INC rating hits ULTRA HOT threshold on 2026-11-21 — first call window,Get ahead of the Oct/Nov renewal rush; start ACER process now before CARE backlog builds,ADD to Aug Wk2 - SEBI pre-license relationship wave
Pack Print Inds. (India) Pvt. Ltd.,CARE,NCD/Bond,BB/A4,27-Nov-2025,4.0,Paper/Packaging,MEDIUM,October 2026,Nov Wk4 (Nov 22-30),False,INC rating hits ULTRA HOT threshold on 2026-11-27 — first call window,Get ahead of the Oct/Nov renewal rush; start ACER process now before CARE backlog builds,ADD to Aug Wk2 - SEBI pre-license relationship wave
Tiger Logistics (India) Ltd.,CARE,NCD/Bond,B/A4,10-Oct-2025,2.0,Logistics,MEDIUM,October 2026,Oct Wk2 (Oct 8-14),False,INC rating hits ULTRA HOT threshold on 2026-10-10 — first call window,Get ahead of the Oct/Nov renewal rush; start ACER process now before CARE backlog builds,ADD to Aug Wk2 - SEBI pre-license relationship wave
V K S-Gormi Udotgarh Corridor Pvt. Ltd.,CARE,NCD/Bond,B-/A4,11-Nov-2025,1.76,Other,MEDIUM,October 2026,Nov Wk2 (Nov 8-14),False,INC rating hits ULTRA HOT threshold on 2026-11-11 — first call window,Get ahead of the Oct/Nov renewal rush; start ACER process now before CARE backlog builds,ADD to Aug Wk2 - SEBI pre-license relationship wave
Kishore Vadilal Pvt. Ltd.,CARE,NCD/Bond,B/A4,26-Nov-2025,1.5,Other,MEDIUM,October 2026,Nov Wk4 (Nov 22-30),False,INC rating hits ULTRA HOT threshold on 2026-11-26 — first call window,Get ahead of the Oct/Nov renewal rush; start ACER process now before CARE backlog builds,ADD to Aug Wk2 - SEBI pre-license relationship wave
Pooja Cotspin Pvt. Ltd.,CARE,NCD/Bond,B+/A4,09-Oct-2025,1.07,Other,MEDIUM,October 2026,Oct Wk2 (Oct 8-14),False,INC rating hits ULTRA HOT threshold on 2026-10-09 — first call window,Get ahead of the Oct/Nov renewal rush; start ACER process now before CARE backlog builds,ADD to Aug Wk2 - SEBI pre-license relationship wave
P S Bedi & Co. Pvt. Ltd.,CARE,NCD/Bond,B-/A4,03-Oct-2025,1.0,Other,MEDIUM,October 2026,Oct Wk1 (Oct 1-7),False,INC rating hits ULTRA HOT threshold on 2026-10-03 — first call window,Get ahead of the Oct/Nov renewal rush; start ACER process now before CARE backlog builds,ADD to Aug Wk2 - SEBI pre-license relationship wave
Kapilansh Dhatu Udyog Pvt. Ltd.,CARE,NCD/Bond,B+/A4,14-Oct-2025,0.68,Other,MEDIUM,October 2026,Oct Wk2 (Oct 8-14),False,INC rating hits ULTRA HOT threshold on 2026-10-14 — first call window,Get ahead of the Oct/Nov renewal rush; start ACER process now before CARE backlog builds,ADD to Aug Wk2 - SEBI pre-license relationship wave
Kanak Pipe Inds. Pvt. Ltd.,CARE,NCD/Bond,B-/A4,13-Oct-2025,0.5,Steel & Metals,MEDIUM,October 2026,Oct Wk2 (Oct 8-14),False,INC rating hits ULTRA HOT threshold on 2026-10-13 — first call window,Get ahead of the Oct/Nov renewal rush; start ACER process now before CARE backlog builds,ADD to Aug Wk2 - SEBI pre-license relationship wave
Vinayak Ultraflex Pvt. Ltd.,CARE,NCD/Bond,B-/A4,31-Oct-2025,0.15,Other,MEDIUM,October 2026,Oct Wk4 (Oct 22-31),False,INC rating hits ULTRA HOT threshold on 2026-10-31 — first call window,Get ahead of the Oct/Nov renewal rush; start ACER process now before CARE backlog builds,ADD to Aug Wk2 - SEBI pre-license relationship wave
Quippo Oil & Gas Infrastructure Ltd.,CARE,NCD/Bond,C/A4,13-Nov-2025,0.0,Construction,MEDIUM,October 2026,Nov Wk2 (Nov 8-14),False,INC rating hits ULTRA HOT threshold on 2026-11-13 — first call window,Get ahead of the Oct/Nov renewal rush; start ACER process now before CARE backlog builds,ADD to Aug Wk2 - SEBI pre-license relationship wave
Creations Jewellery Mfg. Pvt. Ltd.,ICRA,NCD/Bond,B+/A4,27-Jan-2026,54.0,Jewellery/Gems,LOW,October 2026,Oct Wk4 (Oct 22-31),False,INC rating hits HOT threshold on 2026-10-24 — first call window,Get ahead of the Oct/Nov renewal rush; start ACER process now before ICRA backlog builds,ADD to Aug Wk2 - SEBI pre-license relationship wave
Mazda Colours Ltd.,ICRA,NCD/Bond,BB+/A4+,30-Jan-2026,45.0,Other,LOW,October 2026,Oct Wk4 (Oct 22-31),False,INC rating hits HOT threshold on 2026-10-27 — first call window,Get ahead of the Oct/Nov renewal rush; start ACER process now before ICRA backlog builds,ADD to Aug Wk2 - SEBI pre-license relationship wave
Ganadhi Pati Construction Pvt. Ltd.,ICRA,NCD/Bond,B+/A4,27-Jan-2026,36.0,Construction,LOW,October 2026,Oct Wk4 (Oct 22-31),False,INC rating hits HOT threshold on 2026-10-24 — first call window,Get ahead of the Oct/Nov renewal rush; start ACER process now before ICRA backlog builds,ADD to Aug Wk2 - SEBI pre-license relationship wave
Chetana Education Ltd.,ICRA,NCD/Bond,BB+/A4+,19-Jan-2026,30.0,Education,LOW,October 2026,Oct Wk3 (Oct 15-21),False,INC rating hits HOT threshold on 2026-10-16 — first call window,Get ahead of the Oct/Nov renewal rush; start ACER process now before ICRA backlog builds,ADD to Aug Wk2 - SEBI pre-license relationship wave
Mackintosh Burn Ltd.,ICRA,NCD/Bond,B+/A4,13-Feb-2026,24.45,Other,LOW,October 2026,Nov Wk2 (Nov 8-14),False,INC rating hits HOT threshold on 2026-11-10 — first call window,Get ahead of the Oct/Nov renewal rush; start ACER process now before ICRA backlog builds,ADD to Aug Wk2 - SEBI pre-license relationship wave
Zenith Exports Ltd.,ICRA,NCD/Bond,B+/A4,25-Feb-2026,22.0,Logistics,LOW,October 2026,Nov Wk4 (Nov 22-30),False,INC rating hits HOT threshold on 2026-11-22 — first call window,Get ahead of the Oct/Nov renewal rush; start ACER process now before ICRA backlog builds,ADD to Aug Wk2 - SEBI pre-license relationship wave
Mining Associates Pvt. Ltd.,ICRA,NCD/Bond,B+/A4,29-Jan-2026,18.0,Mining & Minerals,LOW,October 2026,Oct Wk4 (Oct 22-31),False,INC rating hits HOT threshold on 2026-10-26 — first call window,Get ahead of the Oct/Nov renewal rush; start ACER process now before ICRA backlog builds,ADD to Aug Wk2 - SEBI pre-license relationship wave
Padia Exports Pvt. Ltd.,ICRA,NCD/Bond,B+/A4,27-Feb-2026,15.5,Logistics,LOW,October 2026,Nov Wk4 (Nov 22-30),False,INC rating hits HOT threshold on 2026-11-24 — first call window,Get ahead of the Oct/Nov renewal rush; start ACER process now before ICRA backlog builds,ADD to Aug Wk2 - SEBI pre-license relationship wave
Quality Wovensacks Pvt. Ltd.,ICRA,NCD/Bond,B+/A4,13-Feb-2026,10.85,Paper/Packaging,LOW,October 2026,Nov Wk2 (Nov 8-14),False,INC rating hits HOT threshold on 2026-11-10 — first call window,Get ahead of the Oct/Nov renewal rush; start ACER process now before ICRA backlog builds,ADD to Aug Wk2 - SEBI pre-license relationship wave
Mridul International Pvt. Ltd.,ICRA,NCD/Bond,B+/A4,27-Feb-2026,8.83,Other,LOW,October 2026,Nov Wk4 (Nov 22-30),False,INC rating hits HOT threshold on 2026-11-24 — first call window,Get ahead of the Oct/Nov renewal rush; start ACER process now before ICRA backlog builds,ADD to Aug Wk2 - SEBI pre-license relationship wave
Ganga Papers India Ltd.,ICRA,NCD/Bond,B+/A4,21-Jan-2026,8.0,Paper/Packaging,LOW,October 2026,Oct Wk3 (Oct 15-21),False,INC rating hits HOT threshold on 2026-10-18 — first call window,Get ahead of the Oct/Nov renewal rush; start ACER process now before ICRA backlog builds,ADD to Aug Wk2 - SEBI pre-license relationship wave
S V R Electricals Pvt. Ltd.,ICRA,NCD/Bond,B/A4,21-Jan-2026,5.75,Energy,LOW,October 2026,Oct Wk3 (Oct 15-21),False,INC rating hits HOT threshold on 2026-10-18 — first call window,Get ahead of the Oct/Nov renewal rush; start ACER process now before ICRA backlog builds,ADD to Aug Wk2 - SEBI pre-license relationship wave
Valencia Ceramic Pvt. Ltd.,ICRA,NCD/Bond,B+/A4,16-Feb-2026,4.71,Other,LOW,October 2026,Nov Wk2 (Nov 8-14),False,INC rating hits HOT threshold on 2026-11-13 — first call window,Get ahead of the Oct/Nov renewal rush; start ACER process now before ICRA backlog builds,ADD to Aug Wk2 - SEBI pre-license relationship wave
Shri Banke Bihari Polyfab Pvt. Ltd.,ICRA,NCD/Bond,B-/A4,19-Feb-2026,4.65,BFSI,LOW,October 2026,Nov Wk3 (Nov 15-21),False,INC rating hits HOT threshold on 2026-11-16 — first call window,Get ahead of the Oct/Nov renewal rush; start ACER process now before ICRA backlog builds,ADD to Aug Wk2 - SEBI pre-license relationship wave
Fortune Foam Pvt. Ltd.,ICRA,NCD/Bond,B+/A4,27-Jan-2026,4.49,Other,LOW,October 2026,Oct Wk4 (Oct 22-31),False,INC rating hits HOT threshold on 2026-10-24 — first call window,Get ahead of the Oct/Nov renewal rush; start ACER process now before ICRA backlog builds,ADD to Aug Wk2 - SEBI pre-license relationship wave
Kalinga Breeding Farms Pvt. Ltd.,ICRA,NCD/Bond,B/A4,27-Jan-2026,3.87,Agro & Food,LOW,October 2026,Oct Wk4 (Oct 22-31),False,INC rating hits HOT threshold on 2026-10-24 — first call window,Get ahead of the Oct/Nov renewal rush; start ACER process now before ICRA backlog builds,ADD to Aug Wk2 - SEBI pre-license relationship wave
Venkar Chemicals Pvt. Ltd.,ICRA,NCD/Bond,B+/A4,19-Feb-2026,2.95,Chemicals & Pharma,LOW,October 2026,Nov Wk3 (Nov 15-21),False,INC rating hits HOT threshold on 2026-11-16 — first call window,Get ahead of the Oct/Nov renewal rush; start ACER process now before ICRA backlog builds,ADD to Aug Wk2 - SEBI pre-license relationship wave
Hero Mindmine Institute Pvt. Ltd.,ICRA,NCD/Bond,B+/A4,27-Jan-2026,2.5,Education,LOW,October 2026,Oct Wk4 (Oct 22-31),False,INC rating hits HOT threshold on 2026-10-24 — first call window,Get ahead of the Oct/Nov renewal rush; start ACER process now before ICRA backlog builds,ADD to Aug Wk2 - SEBI pre-license relationship wave
Trineva Infra Projects Pvt. Ltd.,ICRA,NCD/Bond,B+/A4,25-Feb-2026,1.5,Construction,LOW,October 2026,Nov Wk4 (Nov 22-30),False,INC rating hits HOT threshold on 2026-11-22 — first call window,Get ahead of the Oct/Nov renewal rush; start ACER process now before ICRA backlog builds,ADD to Aug Wk2 - SEBI pre-license relationship wave
Velko Infratek Projects Pvt. Ltd.,ICRA,NCD/Bond,B+/A4,19-Jan-2026,1.0,Construction,LOW,October 2026,Oct Wk3 (Oct 15-21),False,INC rating hits HOT threshold on 2026-10-16 — first call window,Get ahead of the Oct/Nov renewal rush; start ACER process now before ICRA backlog builds,ADD to Aug Wk2 - SEBI pre-license relationship wave
Nalari Ferro Alloys Pvt. Ltd.,ICRA,NCD/Bond,B-/A4,26-Feb-2026,0.55,Steel & Metals,LOW,October 2026,Nov Wk4 (Nov 22-30),False,INC rating hits HOT threshold on 2026-11-23 — first call window,Get ahead of the Oct/Nov renewal rush; start ACER process now before ICRA backlog builds,ADD to Aug Wk2 - SEBI pre-license relationship wave
Sun Metallics & Alloys Pvt. Ltd. [Merged],ICRA,NCD/Bond,B+/A4,26-Feb-2026,0.5,Steel & Metals,LOW,October 2026,Nov Wk4 (Nov 22-30),False,INC rating hits HOT threshold on 2026-11-23 — first call window,Get ahead of the Oct/Nov renewal rush; start ACER process now before ICRA backlog builds,ADD to Aug Wk2 - SEBI pre-license relationship wave
Prabhu Poly Color Ltd. (2004),ICRA,NCD/Bond,B-/A4,19-Feb-2026,0.03,Other,LOW,October 2026,Nov Wk3 (Nov 15-21),False,INC rating hits HOT threshold on 2026-11-16 — first call window,Get ahead of the Oct/Nov renewal rush; start ACER process now before ICRA backlog builds,ADD to Aug Wk2 - SEBI pre-license relationship wave
Darpan Infrastructure Pvt. Ltd.,ICRA,NCD/Bond,B+/A4,13-Feb-2026,0.01,Construction,LOW,October 2026,Nov Wk2 (Nov 8-14),False,INC rating hits HOT threshold on 2026-11-10 — first call window,Get ahead of the Oct/Nov renewal rush; start ACER process now before ICRA backlog builds,ADD to Aug Wk2 - SEBI pre-license relationship wave
Gensol Engineering Ltd.,ICRA,Non-government debt,D,2026-04-23,718.5,Other,LOW (<90 days),Q2 2027,HOT by Jan 2027,False,"INC since Apr 2026 (66 days). MEDIUM by Oct 2026, HOT by Jan 2027, ULTRA HOT by Apr 2027.",Your Non-government debt at ICRA hits ULTRA HOT in Apr 2027. Start ACER process by Jan 2027 to be ahead of Q2 2027 renewal rush.,ADD to Aug Wk2 - SEBI pre-license relationship wave
K G S Sugar & Infra Corpn. Ltd.,ICRA,Non-government debt,D,2026-04-16,69.86,Construction,LOW (<90 days),Q2 2027,HOT by Jan 2027,False,"INC since Apr 2026 (73 days). MEDIUM by Oct 2026, HOT by Jan 2027, ULTRA HOT by Apr 2027.",Your Non-government debt at ICRA hits ULTRA HOT in Apr 2027. Start ACER process by Jan 2027 to be ahead of Q2 2027 renewal rush.,ADD to Aug Wk2 - SEBI pre-license relationship wave
Andhra Ferro Alloys Ltd.,ICRA,Non-government debt,D,2026-04-10,33.5,Steel & Metals,LOW (<90 days),Q2 2027,HOT by Jan 2027,False,"INC since Apr 2026 (79 days). MEDIUM by Oct 2026, HOT by Jan 2027, ULTRA HOT by Apr 2027.",Your Non-government debt at ICRA hits ULTRA HOT in Apr 2027. Start ACER process by Jan 2027 to be ahead of Q2 2027 renewal rush.,ADD to Aug Wk2 - SEBI pre-license relationship wave
Pragati Marine Services Pvt. Ltd.,ICRA,Non-government debt,D,2026-04-15,21.05,Other,LOW (<90 days),Q2 2027,HOT by Jan 2027,False,"INC since Apr 2026 (74 days). MEDIUM by Oct 2026, HOT by Jan 2027, ULTRA HOT by Apr 2027.",Your Non-government debt at ICRA hits ULTRA HOT in Apr 2027. Start ACER process by Jan 2027 to be ahead of Q2 2027 renewal rush.,ADD to Aug Wk2 - SEBI pre-license relationship wave
Ginni Gold Pvt. Ltd.,ICRA,Non-government debt,D,2026-04-10,15.0,Other,LOW (<90 days),Q2 2027,HOT by Jan 2027,False,"INC since Apr 2026 (79 days). MEDIUM by Oct 2026, HOT by Jan 2027, ULTRA HOT by Apr 2027.",Your Non-government debt at ICRA hits ULTRA HOT in Apr 2027. Start ACER process by Jan 2027 to be ahead of Q2 2027 renewal rush.,ADD to Aug Wk2 - SEBI pre-license relationship wave
Radius Water Ltd.,ICRA,Non-government debt,D,2026-04-27,6.06,Other,LOW (<90 days),Q2 2027,HOT by Jan 2027,False,"INC since Apr 2026 (62 days). MEDIUM by Oct 2026, HOT by Jan 2027, ULTRA HOT by Apr 2027.",Your Non-government debt at ICRA hits ULTRA HOT in Apr 2027. Start ACER process by Jan 2027 to be ahead of Q2 2027 renewal rush.,ADD to Aug Wk2 - SEBI pre-license relationship wave
A K R Impex Pvt. Ltd.,ICRA,Non-government debt,D,2026-04-29,5.45,Other,LOW (<90 days),Q2 2027,HOT by Jan 2027,False,"INC since Apr 2026 (60 days). MEDIUM by Oct 2026, HOT by Jan 2027, ULTRA HOT by Apr 2027.",Your Non-government debt at ICRA hits ULTRA HOT in Apr 2027. Start ACER process by Jan 2027 to be ahead of Q2 2027 renewal rush.,ADD to Aug Wk2 - SEBI pre-license relationship wave
K N K Construction Pvt. Ltd.,ICRA,Non-government debt,D,2026-04-17,5.0,Construction,LOW (<90 days),Q2 2027,HOT by Jan 2027,False,"INC since Apr 2026 (72 days). MEDIUM by Oct 2026, HOT by Jan 2027, ULTRA HOT by Apr 2027.",Your Non-government debt at ICRA hits ULTRA HOT in Apr 2027. Start ACER process by Jan 2027 to be ahead of Q2 2027 renewal rush.,ADD to Aug Wk2 - SEBI pre-license relationship wave
K Mohan & Co. (Exports) Pvt. Ltd.,ICRA,Non-government debt,D,2026-04-17,3.5,Other,LOW (<90 days),Q2 2027,HOT by Jan 2027,False,"INC since Apr 2026 (72 days). MEDIUM by Oct 2026, HOT by Jan 2027, ULTRA HOT by Apr 2027.",Your Non-government debt at ICRA hits ULTRA HOT in Apr 2027. Start ACER process by Jan 2027 to be ahead of Q2 2027 renewal rush.,ADD to Aug Wk2 - SEBI pre-license relationship wave
Cloudtail India Pvt. Ltd.,ICRA,NCD/Bond,B+/A4,2026-03-31,1750.0,Other,LOW/MEDIUM,Q1 2027,Dec 2026 – Jan 2027,False,INC rating hits ULTRA HOT on 2027-03-31 — prime Q1 2027 renewal target,Your NCD/Bond at ICRA goes critical in Mar 2027. Start ACER process in Sep 2026 — before the Q1 rush.,ADD to Aug Wk2 - SEBI pre-license relationship wave
Nandan Petrochem Ltd.,ICRA,NCD/Bond,BB+/A4+,2026-03-20,245.0,Chemicals & Pharma,LOW/MEDIUM,Q1 2027,Dec 2026 – Jan 2027,False,INC rating hits ULTRA HOT on 2027-03-20 — prime Q1 2027 renewal target,Your NCD/Bond at ICRA goes critical in Mar 2027. Start ACER process in Sep 2026 — before the Q1 rush.,ADD to Aug Wk2 - SEBI pre-license relationship wave
Gina Engineering Co. Pvt. Ltd.,ICRA,NCD/Bond,BB+/A4+,2026-03-19,130.0,Manufacturing,LOW/MEDIUM,Q1 2027,Dec 2026 – Jan 2027,False,INC rating hits ULTRA HOT on 2027-03-19 — prime Q1 2027 renewal target,Your NCD/Bond at ICRA goes critical in Mar 2027. Start ACER process in Sep 2026 — before the Q1 rush.,ADD to Aug Wk2 - SEBI pre-license relationship wave
Davariya Brothers Pvt. Ltd.,ICRA,NCD/Bond,B+/A4,2026-03-30,115.19,Other,LOW/MEDIUM,Q1 2027,Dec 2026 – Jan 2027,False,INC rating hits ULTRA HOT on 2027-03-30 — prime Q1 2027 renewal target,Your NCD/Bond at ICRA goes critical in Mar 2027. Start ACER process in Sep 2026 — before the Q1 rush.,ADD to Aug Wk2 - SEBI pre-license relationship wave
V S Ferrous Enterprises Pvt. Ltd.,ICRA,NCD/Bond,B+,2026-03-12,50.0,Other,LOW/MEDIUM,Q1 2027,Dec 2026 – Jan 2027,False,INC rating hits ULTRA HOT on 2027-03-12 — prime Q1 2027 renewal target,Your NCD/Bond at ICRA goes critical in Mar 2027. Start ACER process in Sep 2026 — before the Q1 rush.,ADD to Aug Wk2 - SEBI pre-license relationship wave
Surajbhan Rajkumar Pvt. Ltd.,ICRA,NCD/Bond,B+/A4,2026-03-16,35.0,Other,LOW/MEDIUM,Q1 2027,Dec 2026 – Jan 2027,False,INC rating hits ULTRA HOT on 2027-03-16 — prime Q1 2027 renewal target,Your NCD/Bond at ICRA goes critical in Mar 2027. Start ACER process in Sep 2026 — before the Q1 rush.,ADD to Aug Wk2 - SEBI pre-license relationship wave
Savla Foods & Cold Storage Pvt. Ltd.,ICRA,NCD/Bond,BB+/A4+,2026-03-26,29.39,Agro & Food,LOW/MEDIUM,Q1 2027,Dec 2026 – Jan 2027,False,INC rating hits ULTRA HOT on 2027-03-26 — prime Q1 2027 renewal target,Your NCD/Bond at ICRA goes critical in Mar 2027. Start ACER process in Sep 2026 — before the Q1 rush.,ADD to Aug Wk2 - SEBI pre-license relationship wave
Grentex & Co. Pvt. Ltd.,ICRA,NCD/Bond,BB/A4+,2026-03-30,15.0,Other,LOW/MEDIUM,Q1 2027,Dec 2026 – Jan 2027,False,INC rating hits ULTRA HOT on 2027-03-30 — prime Q1 2027 renewal target,Your NCD/Bond at ICRA goes critical in Mar 2027. Start ACER process in Sep 2026 — before the Q1 rush.,ADD to Aug Wk2 - SEBI pre-license relationship wave
Strawberry Studio Exports Pvt. Ltd.,ICRA,NCD/Bond,B+/A4,2026-03-16,12.7,Other,LOW/MEDIUM,Q1 2027,Dec 2026 – Jan 2027,False,INC rating hits ULTRA HOT on 2027-03-16 — prime Q1 2027 renewal target,Your NCD/Bond at ICRA goes critical in Mar 2027. Start ACER process in Sep 2026 — before the Q1 rush.,ADD to Aug Wk2 - SEBI pre-license relationship wave
Glitter Metals Pvt. Ltd.,ICRA,NCD/Bond,B+/A4,2026-03-18,10.0,Steel & Metals,LOW/MEDIUM,Q1 2027,Dec 2026 – Jan 2027,False,INC rating hits ULTRA HOT on 2027-03-18 — prime Q1 2027 renewal target,Your NCD/Bond at ICRA goes critical in Mar 2027. Start ACER process in Sep 2026 — before the Q1 rush.,ADD to Aug Wk2 - SEBI pre-license relationship wave
Rasi Electrodes Ltd.,ICRA,NCD/Bond,BB+/A4+,2026-03-30,10.0,Other,LOW/MEDIUM,Q1 2027,Dec 2026 – Jan 2027,False,INC rating hits ULTRA HOT on 2027-03-30 — prime Q1 2027 renewal target,Your NCD/Bond at ICRA goes critical in Mar 2027. Start ACER process in Sep 2026 — before the Q1 rush.,ADD to Aug Wk2 - SEBI pre-license relationship wave
Siddarth Organisation Ltd.,ICRA,NCD/Bond,C/A4,2026-03-09,5.8,Other,LOW/MEDIUM,Q1 2027,Dec 2026 – Jan 2027,False,INC rating hits ULTRA HOT on 2027-03-09 — prime Q1 2027 renewal target,Your NCD/Bond at ICRA goes critical in Mar 2027. Start ACER process in Sep 2026 — before the Q1 rush.,ADD to Aug Wk2 - SEBI pre-license relationship wave
Machino Plastics Ltd.,ICRA,NCD/Bond,BB+/A4+,2026-03-11,5.0,Chemicals & Pharma,LOW/MEDIUM,Q1 2027,Sep 2026 — RM,False,INC rating hits ULTRA HOT on 2027-03-11 — prime Q1 2027 renewal target,Your NCD/Bond at ICRA goes critical in Mar 2027. Start ACER process in Sep 2026 — before the Q1 rush.,ADD to Aug Wk2 - SEBI pre-license relationship wave
Manishri Refractories & Ceramics Pvt. Ltd.,ICRA,NCD/Bond,B/A4,2026-03-24,3.73,Other,LOW/MEDIUM,Q1 2027,Dec 2026 – Jan 2027,False,INC rating hits ULTRA HOT on 2027-03-24 — prime Q1 2027 renewal target,Your NCD/Bond at ICRA goes critical in Mar 2027. Start ACER process in Sep 2026 — before the Q1 rush.,ADD to Aug Wk2 - SEBI pre-license relationship wave
Antique Cottex Pvt. Ltd.,ICRA,NCD/Bond,B+/A4,2025-12-30,0.66,Other,LOW/MEDIUM,Q1 2027,Sep–Oct 2026 — Call 3 months ahead,False,INC rating hits ULTRA HOT on 2026-12-30 — prime Q1 2027 renewal target,Your NCD/Bond at ICRA goes critical in Dec 2026. Start ACER process in Sep 2026 — before the Q1 rush.,ADD to Aug Wk2 - SEBI pre-license relationship wave
Tribeni Constructions Ltd.,ICRA,NCD/Bond,A-/A2+,13-Nov-2025,304.0,Construction,MEDIUM,October 2026,Nov Wk2 (Nov 8-14),False,INC rating hits ULTRA HOT threshold on 2026-11-13 — first call window,Get ahead of the Oct/Nov renewal rush; start ACER process now before ICRA backlog builds,ADD to Aug Wk2 - SEBI pre-license relationship wave
U M S L Ltd.,ICRA,NCD/Bond,B+/A4,27-Oct-2025,172.0,Other,MEDIUM,October 2026,Oct Wk4 (Oct 22-31),False,INC rating hits ULTRA HOT threshold on 2026-10-27 — first call window,Get ahead of the Oct/Nov renewal rush; start ACER process now before ICRA backlog builds,ADD to Aug Wk2 - SEBI pre-license relationship wave
Kay Jay Forgings Ltd.,ICRA,NCD/Bond,B+/A4,29-Oct-2025,87.0,Steel & Metals,MEDIUM,October 2026,Oct Wk4 (Oct 22-31),False,INC rating hits ULTRA HOT threshold on 2026-10-29 — first call window,Get ahead of the Oct/Nov renewal rush; start ACER process now before ICRA backlog builds,ADD to Aug Wk2 - SEBI pre-license relationship wave
Siflon Pharma Pvt. Ltd.,ICRA,NCD/Bond,BB-/A4,10-Nov-2025,45.0,Chemicals & Pharma,MEDIUM,October 2026,Nov Wk2 (Nov 8-14),False,INC rating hits ULTRA HOT threshold on 2026-11-10 — first call window,Get ahead of the Oct/Nov renewal rush; start ACER process now before ICRA backlog builds,ADD to Aug Wk2 - SEBI pre-license relationship wave
S & I B Services Pvt. Ltd.,ICRA,NCD/Bond,B+/A4,19-Nov-2025,38.0,Other,MEDIUM,October 2026,Nov Wk3 (Nov 15-21),False,INC rating hits ULTRA HOT threshold on 2026-11-19 — first call window,Get ahead of the Oct/Nov renewal rush; start ACER process now before ICRA backlog builds,ADD to Aug Wk2 - SEBI pre-license relationship wave
J P Sortex Pvt. Ltd.,ICRA,NCD/Bond,B+/A4,13-Oct-2025,37.0,Other,MEDIUM,October 2026,Oct Wk2 (Oct 8-14),False,INC rating hits ULTRA HOT threshold on 2026-10-13 — first call window,Get ahead of the Oct/Nov renewal rush; start ACER process now before ICRA backlog builds,ADD to Aug Wk2 - SEBI pre-license relationship wave
Mohan Mutha Exports Pvt. Ltd.,ICRA,NCD/Bond,B+/A4,28-Nov-2025,25.0,Logistics,MEDIUM,October 2026,Nov Wk4 (Nov 22-30),False,INC rating hits ULTRA HOT threshold on 2026-11-28 — first call window,Get ahead of the Oct/Nov renewal rush; start ACER process now before ICRA backlog builds,ADD to Aug Wk2 - SEBI pre-license relationship wave
Shivam Motors Pvt. Ltd.,ICRA,NCD/Bond,C/A4,28-Nov-2025,22.0,Automobiles,MEDIUM,October 2026,Nov Wk4 (Nov 22-30),False,INC rating hits ULTRA HOT threshold on 2026-11-28 — first call window,Get ahead of the Oct/Nov renewal rush; start ACER process now before ICRA backlog builds,ADD to Aug Wk2 - SEBI pre-license relationship wave
Karnataka Commercial & Indl. Corpn. Pvt. Ltd.,ICRA,NCD/Bond,BB-/A4,28-Nov-2025,19.7,Other,MEDIUM,October 2026,Nov Wk4 (Nov 22-30),False,INC rating hits ULTRA HOT threshold on 2026-11-28 — first call window,Get ahead of the Oct/Nov renewal rush; start ACER process now before ICRA backlog builds,ADD to Aug Wk2 - SEBI pre-license relationship wave
Maruti Products Pvt. Ltd.,ICRA,NCD/Bond,B+/A4,26-Nov-2025,17.5,Manufacturing,MEDIUM,October 2026,Nov Wk4 (Nov 22-30),False,INC rating hits ULTRA HOT threshold on 2026-11-26 — first call window,Get ahead of the Oct/Nov renewal rush; start ACER process now before ICRA backlog builds,ADD to Aug Wk2 - SEBI pre-license relationship wave
Nandan Saha Steel Pvt. Ltd.,ICRA,NCD/Bond,B+/A4,29-Oct-2025,16.2,Steel & Metals,MEDIUM,October 2026,Oct Wk4 (Oct 22-31),False,INC rating hits ULTRA HOT threshold on 2026-10-29 — first call window,Get ahead of the Oct/Nov renewal rush; start ACER process now before ICRA backlog builds,ADD to Aug Wk2 - SEBI pre-license relationship wave
Adya Dairy Products Pvt. Ltd.,ICRA,NCD/Bond,B+/A4,14-Nov-2025,12.0,Agro & Food,MEDIUM,October 2026,Nov Wk2 (Nov 8-14),False,INC rating hits ULTRA HOT threshold on 2026-11-14 — first call window,Get ahead of the Oct/Nov renewal rush; start ACER process now before ICRA backlog builds,ADD to Aug Wk2 - SEBI pre-license relationship wave
Aarti Distilleries Pvt. Ltd.,ICRA,NCD/Bond,BB+/A4+,25-Nov-2025,9.47,Other,MEDIUM,October 2026,Nov Wk4 (Nov 22-30),False,INC rating hits ULTRA HOT threshold on 2026-11-25 — first call window,Get ahead of the Oct/Nov renewal rush; start ACER process now before ICRA backlog builds,ADD to Aug Wk2 - SEBI pre-license relationship wave
Sunrise Seafoods India Pvt. Ltd.,ICRA,NCD/Bond,B+/A4,22-Oct-2025,9.0,Agro & Food,MEDIUM,October 2026,Oct Wk4 (Oct 22-31),False,INC rating hits ULTRA HOT threshold on 2026-10-22 — first call window,Get ahead of the Oct/Nov renewal rush; start ACER process now before ICRA backlog builds,ADD to Aug Wk2 - SEBI pre-license relationship wave
Q I Network Enterprise Pvt. Ltd.,ICRA,NCD/Bond,B+/A4,22-Oct-2025,8.0,IT/Technology,MEDIUM,October 2026,Oct Wk4 (Oct 22-31),False,INC rating hits ULTRA HOT threshold on 2026-10-22 — first call window,Get ahead of the Oct/Nov renewal rush; start ACER process now before ICRA backlog builds,ADD to Aug Wk2 - SEBI pre-license relationship wave
Wintop Vitrified Pvt. Ltd.,ICRA,NCD/Bond,B/A4,25-Nov-2025,7.63,Other,MEDIUM,October 2026,Nov Wk4 (Nov 22-30),False,INC rating hits ULTRA HOT threshold on 2026-11-25 — first call window,Get ahead of the Oct/Nov renewal rush; start ACER process now before ICRA backlog builds,ADD to Aug Wk2 - SEBI pre-license relationship wave
Kothari Metsol Pvt. Ltd.,ICRA,NCD/Bond,B+/A4,21-Oct-2025,7.4,Other,MEDIUM,October 2026,Oct Wk3 (Oct 15-21),False,INC rating hits ULTRA HOT threshold on 2026-10-21 — first call window,Get ahead of the Oct/Nov renewal rush; start ACER process now before ICRA backlog builds,ADD to Aug Wk2 - SEBI pre-license relationship wave
Associated Works Infra Pvt. Ltd.,ICRA,NCD/Bond,B+/A4,23-Oct-2025,5.5,Construction,MEDIUM,October 2026,Oct Wk4 (Oct 22-31),False,INC rating hits ULTRA HOT threshold on 2026-10-23 — first call window,Get ahead of the Oct/Nov renewal rush; start ACER process now before ICRA backlog builds,ADD to Aug Wk2 - SEBI pre-license relationship wave
Carbon Edge Inds. Ltd.,ICRA,NCD/Bond,B+/A4,21-Oct-2025,4.06,Automobiles,MEDIUM,October 2026,Oct Wk3 (Oct 15-21),False,INC rating hits ULTRA HOT threshold on 2026-10-21 — first call window,Get ahead of the Oct/Nov renewal rush; start ACER process now before ICRA backlog builds,ADD to Aug Wk2 - SEBI pre-license relationship wave
Baldev Textile Mills Pvt. Ltd.,ICRA,NCD/Bond,B+/A4,28-Nov-2025,3.65,Textiles,MEDIUM,October 2026,Nov Wk4 (Nov 22-30),False,INC rating hits ULTRA HOT threshold on 2026-11-28 — first call window,Get ahead of the Oct/Nov renewal rush; start ACER process now before ICRA backlog builds,ADD to Aug Wk2 - SEBI pre-license relationship wave
Udayam Medical Centre (Trichy) Pvt. Ltd.,ICRA,NCD/Bond,BB-/A4,10-Oct-2025,2.99,Healthcare,MEDIUM,October 2026,Oct Wk2 (Oct 8-14),False,INC rating hits ULTRA HOT threshold on 2026-10-10 — first call window,Get ahead of the Oct/Nov renewal rush; start ACER process now before ICRA backlog builds,ADD to Aug Wk2 - SEBI pre-license relationship wave
Garg Duplex & Paper Mills Pvt. Ltd.,ICRA,NCD/Bond,B+/A4,28-Nov-2025,2.75,Paper/Packaging,MEDIUM,October 2026,Nov Wk4 (Nov 22-30),False,INC rating hits ULTRA HOT threshold on 2026-11-28 — first call window,Get ahead of the Oct/Nov renewal rush; start ACER process now before ICRA backlog builds,ADD to Aug Wk2 - SEBI pre-license relationship wave
Pioneer Tea & Exports Ltd.,ICRA,NCD/Bond,B+,17-Nov-2025,2.1,Agro & Food,MEDIUM,October 2026,Nov Wk3 (Nov 15-21),False,INC rating hits ULTRA HOT threshold on 2026-11-17 — first call window,Get ahead of the Oct/Nov renewal rush; start ACER process now before ICRA backlog builds,ADD to Aug Wk2 - SEBI pre-license relationship wave
Ramsons Castings Pvt. Ltd.,ICRA,NCD/Bond,B+/A4,19-Nov-2025,1.25,Steel & Metals,MEDIUM,October 2026,Nov Wk3 (Nov 15-21),False,INC rating hits ULTRA HOT threshold on 2026-11-19 — first call window,Get ahead of the Oct/Nov renewal rush; start ACER process now before ICRA backlog builds,ADD to Aug Wk2 - SEBI pre-license relationship wave
B R Guar Gum Pvt. Ltd.,ICRA,NCD/Bond,B+/A4,23-Oct-2025,1.0,Other,MEDIUM,October 2026,Oct Wk4 (Oct 22-31),False,INC rating hits ULTRA HOT threshold on 2026-10-23 — first call window,Get ahead of the Oct/Nov renewal rush; start ACER process now before ICRA backlog builds,ADD to Aug Wk2 - SEBI pre-license relationship wave
Needle Industries (India) Pvt. Ltd.,ICRA,NCD/Bond,B+/A4,16-Oct-2025,0.45,Manufacturing,MEDIUM,October 2026,Oct Wk3 (Oct 15-21),False,INC rating hits ULTRA HOT threshold on 2026-10-16 — first call window,Get ahead of the Oct/Nov renewal rush; start ACER process now before ICRA backlog builds,ADD to Aug Wk2 - SEBI pre-license relationship wave
Sarveshwari Exports Pvt. Ltd.,ICRA,NCD/Bond,B+/A4,08-Oct-2025,0.17,Logistics,MEDIUM,October 2026,Oct Wk2 (Oct 8-14),False,INC rating hits ULTRA HOT threshold on 2026-10-08 — first call window,Get ahead of the Oct/Nov renewal rush; start ACER process now before ICRA backlog builds,ADD to Aug Wk2 - SEBI pre-license relationship wave
Durga Polysters Pvt. Ltd. [Merged],ICRA,NCD/Bond,B+/A4,19-Nov-2025,0.03,Other,MEDIUM,October 2026,Nov Wk3 (Nov 15-21),False,INC rating hits ULTRA HOT threshold on 2026-11-19 — first call window,Get ahead of the Oct/Nov renewal rush; start ACER process now before ICRA backlog builds,ADD to Aug Wk2 - SEBI pre-license relationship wave
Shyama Power India Ltd.,IND-RA,NCD/Bond,B-/A4,27-Feb-2026,469.44,Energy,LOW,October 2026,Nov Wk4 (Nov 22-30),False,INC rating hits HOT threshold on 2026-11-24 — first call window,Get ahead of the Oct/Nov renewal rush; start ACER process now before IND-RA backlog builds,ADD to Aug Wk2 - SEBI pre-license relationship wave
Shashi Cables Ltd.,IND-RA,NCD/Bond,BB-/A4+,12-Jan-2026,457.11,Infrastructure,LOW,October 2026,Oct Wk2 (Oct 8-14),False,INC rating hits HOT threshold on 2026-10-09 — first call window,Get ahead of the Oct/Nov renewal rush; start ACER process now before IND-RA backlog builds,ADD to Aug Wk2 - SEBI pre-license relationship wave
Technosys Security Systems Pvt. Ltd.,IND-RA,NCD/Bond,B+/A4,27-Feb-2026,155.0,IT/Technology,LOW,October 2026,Nov Wk4 (Nov 22-30),False,INC rating hits HOT threshold on 2026-11-24 — first call window,Get ahead of the Oct/Nov renewal rush; start ACER process now before IND-RA backlog builds,ADD to Aug Wk2 - SEBI pre-license relationship wave
Siddhi Vinayak Knots & Prints Pvt. Ltd.,IND-RA,NCD/Bond,B+/A4,09-Feb-2026,119.47,Paper/Packaging,LOW,October 2026,Nov Wk1 (Nov 1-7),False,INC rating hits HOT threshold on 2026-11-06 — first call window,Get ahead of the Oct/Nov renewal rush; start ACER process now before IND-RA backlog builds,ADD to Aug Wk2 - SEBI pre-license relationship wave
Lodz Denim Pvt. Ltd.,IND-RA,NCD/Bond,BB-/A4+,27-Feb-2026,118.0,Textiles,LOW,October 2026,Nov Wk4 (Nov 22-30),False,INC rating hits HOT threshold on 2026-11-24 — first call window,Get ahead of the Oct/Nov renewal rush; start ACER process now before IND-RA backlog builds,ADD to Aug Wk2 - SEBI pre-license relationship wave
Shri Murlidhar Inds. Pvt. Ltd.,IND-RA,NCD/Bond,B/A4,16-Jan-2026,86.0,Other,LOW,October 2026,Oct Wk2 (Oct 8-14),False,INC rating hits HOT threshold on 2026-10-13 — first call window,Get ahead of the Oct/Nov renewal rush; start ACER process now before IND-RA backlog builds,ADD to Aug Wk2 - SEBI pre-license relationship wave
Atmastco Ltd.,IND-RA,NCD/Bond,B/A4,27-Feb-2026,85.75,Other,LOW,October 2026,Nov Wk4 (Nov 22-30),False,INC rating hits HOT threshold on 2026-11-24 — first call window,Get ahead of the Oct/Nov renewal rush; start ACER process now before IND-RA backlog builds,ADD to Aug Wk2 - SEBI pre-license relationship wave
Multitex Filteration Engineers Ltd.,IND-RA,NCD/Bond,B-/A4,16-Jan-2026,84.4,Manufacturing,LOW,October 2026,Oct Wk2 (Oct 8-14),False,INC rating hits HOT threshold on 2026-10-13 — first call window,Get ahead of the Oct/Nov renewal rush; start ACER process now before IND-RA backlog builds,ADD to Aug Wk2 - SEBI pre-license relationship wave
Jagruti Sugar & Allied Inds. Ltd.,IND-RA,NCD/Bond,BB-/A4+,12-Jan-2026,75.0,Agro & Food,LOW,October 2026,Oct Wk2 (Oct 8-14),False,INC rating hits HOT threshold on 2026-10-09 — first call window,Get ahead of the Oct/Nov renewal rush; start ACER process now before IND-RA backlog builds,ADD to Aug Wk2 - SEBI pre-license relationship wave
George Maijo Inds. Pvt. Ltd.,IND-RA,NCD/Bond,B-/A4,16-Jan-2026,74.32,Other,LOW,October 2026,Oct Wk2 (Oct 8-14),False,INC rating hits HOT threshold on 2026-10-13 — first call window,Get ahead of the Oct/Nov renewal rush; start ACER process now before IND-RA backlog builds,ADD to Aug Wk2 - SEBI pre-license relationship wave
Kannappan Iron & Steel Co. Pvt. Ltd.,IND-RA,NCD/Bond,B/A4,16-Jan-2026,63.4,Steel & Metals,LOW,October 2026,Oct Wk2 (Oct 8-14),False,INC rating hits HOT threshold on 2026-10-13 — first call window,Get ahead of the Oct/Nov renewal rush; start ACER process now before IND-RA backlog builds,ADD to Aug Wk2 - SEBI pre-license relationship wave
Encorp Powertrans Pvt. Ltd.,IND-RA,NCD/Bond,B/A4,16-Jan-2026,55.0,Energy,LOW,October 2026,Oct Wk2 (Oct 8-14),False,INC rating hits HOT threshold on 2026-10-13 — first call window,Get ahead of the Oct/Nov renewal rush; start ACER process now before IND-RA backlog builds,ADD to Aug Wk2 - SEBI pre-license relationship wave
Diamond Textile Mills Pvt. Ltd.,IND-RA,NCD/Bond,B/A4,27-Feb-2026,53.0,Textiles,LOW,October 2026,Nov Wk4 (Nov 22-30),False,INC rating hits HOT threshold on 2026-11-24 — first call window,Get ahead of the Oct/Nov renewal rush; start ACER process now before IND-RA backlog builds,ADD to Aug Wk2 - SEBI pre-license relationship wave
Vijai Construction (India) Pvt. Ltd.,IND-RA,NCD/Bond,B/A4,16-Jan-2026,52.0,Construction,LOW,October 2026,Oct Wk2 (Oct 8-14),False,INC rating hits HOT threshold on 2026-10-13 — first call window,Get ahead of the Oct/Nov renewal rush; start ACER process now before IND-RA backlog builds,ADD to Aug Wk2 - SEBI pre-license relationship wave
Sangeeth Textiles Pvt. Ltd.,IND-RA,NCD/Bond,B/A4,16-Jan-2026,47.04,Construction,LOW,October 2026,Oct Wk2 (Oct 8-14),False,INC rating hits HOT threshold on 2026-10-13 — first call window,Get ahead of the Oct/Nov renewal rush; start ACER process now before IND-RA backlog builds,ADD to Aug Wk2 - SEBI pre-license relationship wave
Rajesh Power Services Ltd.,IND-RA,NCD/Bond,B-/A4,27-Feb-2026,47.0,Energy,LOW,October 2026,Nov Wk4 (Nov 22-30),False,INC rating hits HOT threshold on 2026-11-24 — first call window,Get ahead of the Oct/Nov renewal rush; start ACER process now before IND-RA backlog builds,ADD to Aug Wk2 - SEBI pre-license relationship wave
Ratnesh Ispat Services Pvt. Ltd.,IND-RA,NCD/Bond,B-/A4,16-Jan-2026,45.0,Other,LOW,October 2026,Oct Wk2 (Oct 8-14),False,INC rating hits HOT threshold on 2026-10-13 — first call window,Get ahead of the Oct/Nov renewal rush; start ACER process now before IND-RA backlog builds,ADD to Aug Wk2 - SEBI pre-license relationship wave
Sai Smaran Foods Pvt. Ltd.,IND-RA,NCD/Bond,B/A4,16-Jan-2026,45.0,Agro & Food,LOW,October 2026,Oct Wk2 (Oct 8-14),False,INC rating hits HOT threshold on 2026-10-13 — first call window,Get ahead of the Oct/Nov renewal rush; start ACER process now before IND-RA backlog builds,ADD to Aug Wk2 - SEBI pre-license relationship wave
Sivaguru Spinning Mills Pvt. Ltd.,IND-RA,NCD/Bond,B+/A4,12-Jan-2026,43.0,Textiles,LOW,October 2026,Oct Wk2 (Oct 8-14),False,INC rating hits HOT threshold on 2026-10-09 — first call window,Get ahead of the Oct/Nov renewal rush; start ACER process now before IND-RA backlog builds,ADD to Aug Wk2 - SEBI pre-license relationship wave
Continental Milkose (India) Ltd.,IND-RA,NCD/Bond,B-/A4,16-Jan-2026,40.0,Steel & Metals,LOW,October 2026,Oct Wk2 (Oct 8-14),False,INC rating hits HOT threshold on 2026-10-13 — first call window,Get ahead of the Oct/Nov renewal rush; start ACER process now before IND-RA backlog builds,ADD to Aug Wk2 - SEBI pre-license relationship wave
Golden Seams Inds. Pvt. Ltd.,IND-RA,NCD/Bond,BB-/A4+,27-Feb-2026,40.0,Jewellery/Gems,LOW,October 2026,Nov Wk4 (Nov 22-30),False,INC rating hits HOT threshold on 2026-11-24 — first call window,Get ahead of the Oct/Nov renewal rush; start ACER process now before IND-RA backlog builds,ADD to Aug Wk2 - SEBI pre-license relationship wave
B C Sen & Co. Ltd.,IND-RA,NCD/Bond,B-/A4,27-Feb-2026,39.5,Other,LOW,October 2026,Nov Wk4 (Nov 22-30),False,INC rating hits HOT threshold on 2026-11-24 — first call window,Get ahead of the Oct/Nov renewal rush; start ACER process now before IND-RA backlog builds,ADD to Aug Wk2 - SEBI pre-license relationship wave
Sri Mouli Textiles Pvt. Ltd.,IND-RA,NCD/Bond,B-/A4,16-Jan-2026,36.0,Construction,LOW,October 2026,Oct Wk2 (Oct 8-14),False,INC rating hits HOT threshold on 2026-10-13 — first call window,Get ahead of the Oct/Nov renewal rush; start ACER process now before IND-RA backlog builds,ADD to Aug Wk2 - SEBI pre-license relationship wave
Balaji Oil Industries Pvt. Ltd.,IND-RA,NCD/Bond,B-/A4,27-Feb-2026,32.39,Energy,LOW,October 2026,Nov Wk4 (Nov 22-30),False,INC rating hits HOT threshold on 2026-11-24 — first call window,Get ahead of the Oct/Nov renewal rush; start ACER process now before IND-RA backlog builds,ADD to Aug Wk2 - SEBI pre-license relationship wave
S G S Motors Pvt. Ltd.,IND-RA,NCD/Bond,B/A4,16-Jan-2026,32.0,Automobiles,LOW,October 2026,Oct Wk2 (Oct 8-14),False,INC rating hits HOT threshold on 2026-10-13 — first call window,Get ahead of the Oct/Nov renewal rush; start ACER process now before IND-RA backlog builds,ADD to Aug Wk2 - SEBI pre-license relationship wave
Sri Venkateswara Spintex Pvt. Ltd.,IND-RA,NCD/Bond,B-/A4,16-Jan-2026,30.34,Other,LOW,October 2026,Oct Wk2 (Oct 8-14),False,INC rating hits HOT threshold on 2026-10-13 — first call window,Get ahead of the Oct/Nov renewal rush; start ACER process now before IND-RA backlog builds,ADD to Aug Wk2 - SEBI pre-license relationship wave
Servotech India Ltd.,IND-RA,NCD/Bond,B/A4,16-Jan-2026,30.0,IT/Technology,LOW,October 2026,Oct Wk2 (Oct 8-14),False,INC rating hits HOT threshold on 2026-10-13 — first call window,Get ahead of the Oct/Nov renewal rush; start ACER process now before IND-RA backlog builds,ADD to Aug Wk2 - SEBI pre-license relationship wave
Paracoat Products Ltd.,IND-RA,NCD/Bond,B-/A4,16-Jan-2026,27.5,Manufacturing,LOW,October 2026,Oct Wk2 (Oct 8-14),False,INC rating hits HOT threshold on 2026-10-13 — first call window,Get ahead of the Oct/Nov renewal rush; start ACER process now before IND-RA backlog builds,ADD to Aug Wk2 - SEBI pre-license relationship wave
Bon Ton Softwares Pvt. Ltd.,IND-RA,NCD/Bond,B-/A4,27-Feb-2026,26.14,IT/Technology,LOW,October 2026,Nov Wk4 (Nov 22-30),False,INC rating hits HOT threshold on 2026-11-24 — first call window,Get ahead of the Oct/Nov renewal rush; start ACER process now before IND-RA backlog builds,ADD to Aug Wk2 - SEBI pre-license relationship wave
Ramya Reprographic Pvt. Ltd.,IND-RA,NCD/Bond,B/A4,27-Feb-2026,25.5,Other,LOW,October 2026,Nov Wk4 (Nov 22-30),False,INC rating hits HOT threshold on 2026-11-24 — first call window,Get ahead of the Oct/Nov renewal rush; start ACER process now before IND-RA backlog builds,ADD to Aug Wk2 - SEBI pre-license relationship wave
Super Hygiene Products Pvt. Ltd.,IND-RA,NCD/Bond,B-/A4,16-Jan-2026,25.0,Manufacturing,LOW,October 2026,Oct Wk2 (Oct 8-14),False,INC rating hits HOT threshold on 2026-10-13 — first call window,Get ahead of the Oct/Nov renewal rush; start ACER process now before IND-RA backlog builds,ADD to Aug Wk2 - SEBI pre-license relationship wave
Puneet Iron & Steel Pvt. Ltd.,IND-RA,NCD/Bond,B-/A4,16-Jan-2026,22.0,Steel & Metals,LOW,October 2026,Oct Wk2 (Oct 8-14),False,INC rating hits HOT threshold on 2026-10-13 — first call window,Get ahead of the Oct/Nov renewal rush; start ACER process now before IND-RA backlog builds,ADD to Aug Wk2 - SEBI pre-license relationship wave
Pearl International Services Pvt. Ltd.,IND-RA,NCD/Bond,B-/A4,16-Jan-2026,21.5,Other,LOW,October 2026,Oct Wk2 (Oct 8-14),False,INC rating hits HOT threshold on 2026-10-13 — first call window,Get ahead of the Oct/Nov renewal rush; start ACER process now before IND-RA backlog builds,ADD to Aug Wk2 - SEBI pre-license relationship wave
New Field Industrial Equipment Pvt. Ltd.,IND-RA,NCD/Bond,B-/A4,16-Jan-2026,21.25,Manufacturing,LOW,October 2026,Oct Wk2 (Oct 8-14),False,INC rating hits HOT threshold on 2026-10-13 — first call window,Get ahead of the Oct/Nov renewal rush; start ACER process now before IND-RA backlog builds,ADD to Aug Wk2 - SEBI pre-license relationship wave
Anand Construwell Pvt. Ltd.,IND-RA,NCD/Bond,B/A4,16-Jan-2026,21.0,Other,LOW,October 2026,Oct Wk2 (Oct 8-14),False,INC rating hits HOT threshold on 2026-10-13 — first call window,Get ahead of the Oct/Nov renewal rush; start ACER process now before IND-RA backlog builds,ADD to Aug Wk2 - SEBI pre-license relationship wave
Maya Construction Co. Pvt. Ltd.,IND-RA,NCD/Bond,B-/A4,16-Jan-2026,20.0,Construction,LOW,October 2026,Oct Wk2 (Oct 8-14),False,INC rating hits HOT threshold on 2026-10-13 — first call window,Get ahead of the Oct/Nov renewal rush; start ACER process now before IND-RA backlog builds,ADD to Aug Wk2 - SEBI pre-license relationship wave
Har Auto Pvt. Ltd.,IND-RA,NCD/Bond,B-/A4,16-Jan-2026,18.0,Automobiles,LOW,October 2026,Oct Wk2 (Oct 8-14),False,INC rating hits HOT threshold on 2026-10-13 — first call window,Get ahead of the Oct/Nov renewal rush; start ACER process now before IND-RA backlog builds,ADD to Aug Wk2 - SEBI pre-license relationship wave
M S Graphics Pvt. Ltd.,IND-RA,NCD/Bond,B-/A4,27-Feb-2026,18.0,Other,LOW,October 2026,Nov Wk4 (Nov 22-30),False,INC rating hits HOT threshold on 2026-11-24 — first call window,Get ahead of the Oct/Nov renewal rush; start ACER process now before IND-RA backlog builds,ADD to Aug Wk2 - SEBI pre-license relationship wave
Vijay Engineering Equipment India Pvt. Ltd.,IND-RA,NCD/Bond,B-/A4,16-Jan-2026,17.92,Manufacturing,LOW,October 2026,Oct Wk2 (Oct 8-14),False,INC rating hits HOT threshold on 2026-10-13 — first call window,Get ahead of the Oct/Nov renewal rush; start ACER process now before IND-RA backlog builds,ADD to Aug Wk2 - SEBI pre-license relationship wave
Sun Steel Inds. Pvt. Ltd.,IND-RA,NCD/Bond,B-/A4,16-Jan-2026,17.5,Steel & Metals,LOW,October 2026,Oct Wk2 (Oct 8-14),False,INC rating hits HOT threshold on 2026-10-13 — first call window,Get ahead of the Oct/Nov renewal rush; start ACER process now before IND-RA backlog builds,ADD to Aug Wk2 - SEBI pre-license relationship wave
Sonale Fabrics Pvt. Ltd.,IND-RA,NCD/Bond,B-/A4,16-Jan-2026,17.1,Textiles,LOW,October 2026,Oct Wk2 (Oct 8-14),False,INC rating hits HOT threshold on 2026-10-13 — first call window,Get ahead of the Oct/Nov renewal rush; start ACER process now before IND-RA backlog builds,ADD to Aug Wk2 - SEBI pre-license relationship wave
Quality Tea Plantations Pvt. Ltd.,IND-RA,NCD/Bond,B-/A4,16-Jan-2026,16.77,Agro & Food,LOW,October 2026,Oct Wk2 (Oct 8-14),False,INC rating hits HOT threshold on 2026-10-13 — first call window,Get ahead of the Oct/Nov renewal rush; start ACER process now before IND-RA backlog builds,ADD to Aug Wk2 - SEBI pre-license relationship wave
Ultima Switchgears Ltd.,IND-RA,NCD/Bond,B-/A4,16-Jan-2026,15.5,Other,LOW,October 2026,Oct Wk2 (Oct 8-14),False,INC rating hits HOT threshold on 2026-10-13 — first call window,Get ahead of the Oct/Nov renewal rush; start ACER process now before IND-RA backlog builds,ADD to Aug Wk2 - SEBI pre-license relationship wave
Elastochemie Impex Pvt. Ltd.,IND-RA,NCD/Bond,B-/A4,16-Jan-2026,15.4,Chemicals & Pharma,LOW,October 2026,Oct Wk2 (Oct 8-14),False,INC rating hits HOT threshold on 2026-10-13 — first call window,Get ahead of the Oct/Nov renewal rush; start ACER process now before IND-RA backlog builds,ADD to Aug Wk2 - SEBI pre-license relationship wave
Kolluri Impex Pvt. Ltd.,IND-RA,NCD/Bond,B-/A4,16-Jan-2026,15.0,Other,LOW,October 2026,Oct Wk2 (Oct 8-14),False,INC rating hits HOT threshold on 2026-10-13 — first call window,Get ahead of the Oct/Nov renewal rush; start ACER process now before IND-RA backlog builds,ADD to Aug Wk2 - SEBI pre-license relationship wave
T C Communication Pvt. Ltd.,IND-RA,NCD/Bond,B-/A4,16-Jan-2026,15.0,IT/Technology,LOW,October 2026,Oct Wk2 (Oct 8-14),False,INC rating hits HOT threshold on 2026-10-13 — first call window,Get ahead of the Oct/Nov renewal rush; start ACER process now before IND-RA backlog builds,ADD to Aug Wk2 - SEBI pre-license relationship wave
Cennet Biopharma Pvt. Ltd.,IND-RA,NCD/Bond,B-/A4,27-Feb-2026,15.0,Chemicals & Pharma,LOW,October 2026,Nov Wk4 (Nov 22-30),False,INC rating hits HOT threshold on 2026-11-24 — first call window,Get ahead of the Oct/Nov renewal rush; start ACER process now before IND-RA backlog builds,ADD to Aug Wk2 - SEBI pre-license relationship wave
Egwood Boards & Panels Pvt. Ltd.,IND-RA,NCD/Bond,B-/A4,16-Jan-2026,14.27,Paper/Packaging,LOW,October 2026,Oct Wk2 (Oct 8-14),False,INC rating hits HOT threshold on 2026-10-13 — first call window,Get ahead of the Oct/Nov renewal rush; start ACER process now before IND-RA backlog builds,ADD to Aug Wk2 - SEBI pre-license relationship wave
Unicon Technology Intl. Pvt. Ltd.,IND-RA,NCD/Bond,B-/A4,16-Jan-2026,14.04,IT/Technology,LOW,October 2026,Oct Wk2 (Oct 8-14),False,INC rating hits HOT threshold on 2026-10-13 — first call window,Get ahead of the Oct/Nov renewal rush; start ACER process now before IND-RA backlog builds,ADD to Aug Wk2 - SEBI pre-license relationship wave
Kinjal Chemicals Pvt. Ltd.,IND-RA,NCD/Bond,B-/A4,16-Jan-2026,14.0,Chemicals & Pharma,LOW,October 2026,Oct Wk2 (Oct 8-14),False,INC rating hits HOT threshold on 2026-10-13 — first call window,Get ahead of the Oct/Nov renewal rush; start ACER process now before IND-RA backlog builds,ADD to Aug Wk2 - SEBI pre-license relationship wave
Prits Leather Art Pvt. Ltd.,IND-RA,NCD/Bond,B-/A4,27-Feb-2026,13.5,Other,LOW,October 2026,Nov Wk4 (Nov 22-30),False,INC rating hits HOT threshold on 2026-11-24 — first call window,Get ahead of the Oct/Nov renewal rush; start ACER process now before IND-RA backlog builds,ADD to Aug Wk2 - SEBI pre-license relationship wave
Style Marketing Pvt. Ltd.,IND-RA,NCD/Bond,B-/A4,16-Jan-2026,13.0,Steel & Metals,LOW,October 2026,Oct Wk2 (Oct 8-14),False,INC rating hits HOT threshold on 2026-10-13 — first call window,Get ahead of the Oct/Nov renewal rush; start ACER process now before IND-RA backlog builds,ADD to Aug Wk2 - SEBI pre-license relationship wave
Mega Vitrified Pvt. Ltd.,IND-RA,NCD/Bond,B-/A4,16-Jan-2026,12.84,Other,LOW,October 2026,Oct Wk2 (Oct 8-14),False,INC rating hits HOT threshold on 2026-10-13 — first call window,Get ahead of the Oct/Nov renewal rush; start ACER process now before IND-RA backlog builds,ADD to Aug Wk2 - SEBI pre-license relationship wave
Emdee Digitronics Pvt. Ltd.,IND-RA,NCD/Bond,B-/A4,16-Jan-2026,12.15,Other,LOW,October 2026,Oct Wk2 (Oct 8-14),False,INC rating hits HOT threshold on 2026-10-13 — first call window,Get ahead of the Oct/Nov renewal rush; start ACER process now before IND-RA backlog builds,ADD to Aug Wk2 - SEBI pre-license relationship wave
Aarti Infrastructure & Buildcon Ltd.,IND-RA,NCD/Bond,B-/A4,16-Jan-2026,12.0,Construction,LOW,October 2026,Oct Wk2 (Oct 8-14),False,INC rating hits HOT threshold on 2026-10-13 — first call window,Get ahead of the Oct/Nov renewal rush; start ACER process now before IND-RA backlog builds,ADD to Aug Wk2 - SEBI pre-license relationship wave
G M W Engineers Pvt. Ltd.,IND-RA,NCD/Bond,B-/A4,16-Jan-2026,11.88,Manufacturing,LOW,October 2026,Oct Wk2 (Oct 8-14),False,INC rating hits HOT threshold on 2026-10-13 — first call window,Get ahead of the Oct/Nov renewal rush; start ACER process now before IND-RA backlog builds,ADD to Aug Wk2 - SEBI pre-license relationship wave
Dhara Petrochemicals Pvt. Ltd. [Merged],IND-RA,NCD/Bond,B-/A4,16-Jan-2026,11.5,Chemicals & Pharma,LOW,October 2026,Oct Wk2 (Oct 8-14),False,INC rating hits HOT threshold on 2026-10-13 — first call window,Get ahead of the Oct/Nov renewal rush; start ACER process now before IND-RA backlog builds,ADD to Aug Wk2 - SEBI pre-license relationship wave
Rekha Corporation Pvt. Ltd.,IND-RA,NCD/Bond,B-/A4,16-Jan-2026,11.0,Other,LOW,October 2026,Oct Wk2 (Oct 8-14),False,INC rating hits HOT threshold on 2026-10-13 — first call window,Get ahead of the Oct/Nov renewal rush; start ACER process now before IND-RA backlog builds,ADD to Aug Wk2 - SEBI pre-license relationship wave
Supreme Glazes Pvt. Ltd.,IND-RA,NCD/Bond,B-/A4,16-Jan-2026,11.0,Other,LOW,October 2026,Oct Wk2 (Oct 8-14),False,INC rating hits HOT threshold on 2026-10-13 — first call window,Get ahead of the Oct/Nov renewal rush; start ACER process now before IND-RA backlog builds,ADD to Aug Wk2 - SEBI pre-license relationship wave
Shree Sita Ram Paper Mills Ltd.,IND-RA,NCD/Bond,B-/A4,16-Jan-2026,10.75,Paper/Packaging,LOW,October 2026,Oct Wk2 (Oct 8-14),False,INC rating hits HOT threshold on 2026-10-13 — first call window,Get ahead of the Oct/Nov renewal rush; start ACER process now before IND-RA backlog builds,ADD to Aug Wk2 - SEBI pre-license relationship wave
Premier Poultry Products Pvt. Ltd.,IND-RA,NCD/Bond,B/A4,16-Jan-2026,10.56,Agro & Food,LOW,October 2026,Oct Wk2 (Oct 8-14),False,INC rating hits HOT threshold on 2026-10-13 — first call window,Get ahead of the Oct/Nov renewal rush; start ACER process now before IND-RA backlog builds,ADD to Aug Wk2 - SEBI pre-license relationship wave
Athulitha Laboratories Pvt. Ltd.,IND-RA,NCD/Bond,B-/A4,16-Jan-2026,10.52,Healthcare,LOW,October 2026,Oct Wk2 (Oct 8-14),False,INC rating hits HOT threshold on 2026-10-13 — first call window,Get ahead of the Oct/Nov renewal rush; start ACER process now before IND-RA backlog builds,ADD to Aug Wk2 - SEBI pre-license relationship wave
Goodwear Fashions Pvt. Ltd.,IND-RA,NCD/Bond,B-/A4,16-Jan-2026,10.35,Textiles,LOW,October 2026,Oct Wk2 (Oct 8-14),False,INC rating hits HOT threshold on 2026-10-13 — first call window,Get ahead of the Oct/Nov renewal rush; start ACER process now before IND-RA backlog builds,ADD to Aug Wk2 - SEBI pre-license relationship wave
Chanakya Technos Pvt. Ltd.,IND-RA,NCD/Bond,B-/A4,16-Jan-2026,10.3,IT/Technology,LOW,October 2026,Oct Wk2 (Oct 8-14),False,INC rating hits HOT threshold on 2026-10-13 — first call window,Get ahead of the Oct/Nov renewal rush; start ACER process now before IND-RA backlog builds,ADD to Aug Wk2 - SEBI pre-license relationship wave
Commercial Auto Products Pvt. Ltd.,IND-RA,NCD/Bond,B-/A4,16-Jan-2026,10.0,Automobiles,LOW,October 2026,Oct Wk2 (Oct 8-14),False,INC rating hits HOT threshold on 2026-10-13 — first call window,Get ahead of the Oct/Nov renewal rush; start ACER process now before IND-RA backlog builds,ADD to Aug Wk2 - SEBI pre-license relationship wave
Eapro Global Ltd.,IND-RA,NCD/Bond,B-/A4,16-Jan-2026,10.0,Other,LOW,October 2026,Oct Wk2 (Oct 8-14),False,INC rating hits HOT threshold on 2026-10-13 — first call window,Get ahead of the Oct/Nov renewal rush; start ACER process now before IND-RA backlog builds,ADD to Aug Wk2 - SEBI pre-license relationship wave
Optech Engineering Pvt. Ltd.,IND-RA,NCD/Bond,B/A4,16-Jan-2026,10.0,Manufacturing,LOW,October 2026,Oct Wk2 (Oct 8-14),False,INC rating hits HOT threshold on 2026-10-13 — first call window,Get ahead of the Oct/Nov renewal rush; start ACER process now before IND-RA backlog builds,ADD to Aug Wk2 - SEBI pre-license relationship wave
Ozone Diamonds Pvt. Ltd.,IND-RA,NCD/Bond,B-/A4,16-Jan-2026,10.0,Jewellery/Gems,LOW,October 2026,Oct Wk2 (Oct 8-14),False,INC rating hits HOT threshold on 2026-10-13 — first call window,Get ahead of the Oct/Nov renewal rush; start ACER process now before IND-RA backlog builds,ADD to Aug Wk2 - SEBI pre-license relationship wave
Trident Fabricators Pvt. Ltd.,IND-RA,NCD/Bond,B-/A4,16-Jan-2026,9.95,Manufacturing,LOW,October 2026,Oct Wk2 (Oct 8-14),False,INC rating hits HOT threshold on 2026-10-13 — first call window,Get ahead of the Oct/Nov renewal rush; start ACER process now before IND-RA backlog builds,ADD to Aug Wk2 - SEBI pre-license relationship wave
Niyati Engineering Pvt. Ltd.,IND-RA,NCD/Bond,B/A4,16-Jan-2026,9.75,Manufacturing,LOW,October 2026,Oct Wk2 (Oct 8-14),False,INC rating hits HOT threshold on 2026-10-13 — first call window,Get ahead of the Oct/Nov renewal rush; start ACER process now before IND-RA backlog builds,ADD to Aug Wk2 - SEBI pre-license relationship wave
Motorsales Ltd.,IND-RA,NCD/Bond,B-/A4,16-Jan-2026,9.1,Automobiles,LOW,October 2026,Oct Wk2 (Oct 8-14),False,INC rating hits HOT threshold on 2026-10-13 — first call window,Get ahead of the Oct/Nov renewal rush; start ACER process now before IND-RA backlog builds,ADD to Aug Wk2 - SEBI pre-license relationship wave
Sharma Pharmaceutical Pvt. Ltd.,IND-RA,NCD/Bond,B-/A4,16-Jan-2026,9.0,Chemicals & Pharma,LOW,October 2026,Oct Wk2 (Oct 8-14),False,INC rating hits HOT threshold on 2026-10-13 — first call window,Get ahead of the Oct/Nov renewal rush; start ACER process now before IND-RA backlog builds,ADD to Aug Wk2 - SEBI pre-license relationship wave
Tashkent Oil Co. Pvt. Ltd.,IND-RA,NCD/Bond,B/A4,16-Jan-2026,9.0,Energy,LOW,October 2026,Oct Wk2 (Oct 8-14),False,INC rating hits HOT threshold on 2026-10-13 — first call window,Get ahead of the Oct/Nov renewal rush; start ACER process now before IND-RA backlog builds,ADD to Aug Wk2 - SEBI pre-license relationship wave
Jai Kumar Arun Kumar Pvt. Ltd.,IND-RA,NCD/Bond,B-/A4,16-Jan-2026,8.75,Other,LOW,October 2026,Oct Wk2 (Oct 8-14),False,INC rating hits HOT threshold on 2026-10-13 — first call window,Get ahead of the Oct/Nov renewal rush; start ACER process now before IND-RA backlog builds,ADD to Aug Wk2 - SEBI pre-license relationship wave
Gayatri Microns Pvt. Ltd.,IND-RA,NCD/Bond,B-/A4,16-Jan-2026,8.24,Other,LOW,October 2026,Oct Wk2 (Oct 8-14),False,INC rating hits HOT threshold on 2026-10-13 — first call window,Get ahead of the Oct/Nov renewal rush; start ACER process now before IND-RA backlog builds,ADD to Aug Wk2 - SEBI pre-license relationship wave
Omkar Infracon Pvt. Ltd.,IND-RA,NCD/Bond,B-/A4,16-Jan-2026,8.21,Construction,LOW,October 2026,Oct Wk2 (Oct 8-14),False,INC rating hits HOT threshold on 2026-10-13 — first call window,Get ahead of the Oct/Nov renewal rush; start ACER process now before IND-RA backlog builds,ADD to Aug Wk2 - SEBI pre-license relationship wave
Jatson Power Pvt. Ltd.,IND-RA,NCD/Bond,B-/A4,16-Jan-2026,8.0,Energy,LOW,October 2026,Oct Wk2 (Oct 8-14),False,INC rating hits HOT threshold on 2026-10-13 — first call window,Get ahead of the Oct/Nov renewal rush; start ACER process now before IND-RA backlog builds,ADD to Aug Wk2 - SEBI pre-license relationship wave
Maniyar Refinery Pvt. Ltd.,IND-RA,NCD/Bond,B-/A4,16-Jan-2026,8.0,Other,LOW,October 2026,Oct Wk2 (Oct 8-14),False,INC rating hits HOT threshold on 2026-10-13 — first call window,Get ahead of the Oct/Nov renewal rush; start ACER process now before IND-RA backlog builds,ADD to Aug Wk2 - SEBI pre-license relationship wave
Notandas Gems Pvt. Ltd.,IND-RA,NCD/Bond,B-/A4,16-Jan-2026,8.0,Jewellery/Gems,LOW,October 2026,Oct Wk2 (Oct 8-14),False,INC rating hits HOT threshold on 2026-10-13 — first call window,Get ahead of the Oct/Nov renewal rush; start ACER process now before IND-RA backlog builds,ADD to Aug Wk2 - SEBI pre-license relationship wave
S V Ispat Pvt. Ltd.,IND-RA,NCD/Bond,B-/A4,16-Jan-2026,7.95,Other,LOW,October 2026,Oct Wk2 (Oct 8-14),False,INC rating hits HOT threshold on 2026-10-13 — first call window,Get ahead of the Oct/Nov renewal rush; start ACER process now before IND-RA backlog builds,ADD to Aug Wk2 - SEBI pre-license relationship wave
Alpha Pacific Systems Pvt. Ltd.,IND-RA,NCD/Bond,B-/A4,16-Jan-2026,6.7,Other,LOW,October 2026,Oct Wk2 (Oct 8-14),False,INC rating hits HOT threshold on 2026-10-13 — first call window,Get ahead of the Oct/Nov renewal rush; start ACER process now before IND-RA backlog builds,ADD to Aug Wk2 - SEBI pre-license relationship wave
Sansaara Weaves & Filaments Pvt. Ltd.,IND-RA,NCD/Bond,B-/A4,16-Jan-2026,6.67,Textiles,LOW,October 2026,Oct Wk2 (Oct 8-14),False,INC rating hits HOT threshold on 2026-10-13 — first call window,Get ahead of the Oct/Nov renewal rush; start ACER process now before IND-RA backlog builds,ADD to Aug Wk2 - SEBI pre-license relationship wave
Ecokrin Hygiene Pvt. Ltd.,IND-RA,NCD/Bond,B-/A4,16-Jan-2026,5.75,Other,LOW,October 2026,Oct Wk2 (Oct 8-14),False,INC rating hits HOT threshold on 2026-10-13 — first call window,Get ahead of the Oct/Nov renewal rush; start ACER process now before IND-RA backlog builds,ADD to Aug Wk2 - SEBI pre-license relationship wave
V N M Jewel Crafts Ltd.,IND-RA,NCD/Bond,B-/A4,16-Jan-2026,5.0,Jewellery/Gems,LOW,October 2026,Oct Wk2 (Oct 8-14),False,INC rating hits HOT threshold on 2026-10-13 — first call window,Get ahead of the Oct/Nov renewal rush; start ACER process now before IND-RA backlog builds,ADD to Aug Wk2 - SEBI pre-license relationship wave
Rishi Ice & Cold Storage Pvt. Ltd.,IND-RA,NCD/Bond,B/A4,27-Feb-2026,3.66,Other,LOW,October 2026,Nov Wk4 (Nov 22-30),False,INC rating hits HOT threshold on 2026-11-24 — first call window,Get ahead of the Oct/Nov renewal rush; start ACER process now before IND-RA backlog builds,ADD to Aug Wk2 - SEBI pre-license relationship wave
Landmark Royal Engg. (India) Pvt. Ltd.,IND-RA,NCD/Bond,B-/A4,16-Jan-2026,3.5,Other,LOW,October 2026,Oct Wk2 (Oct 8-14),False,INC rating hits HOT threshold on 2026-10-13 — first call window,Get ahead of the Oct/Nov renewal rush; start ACER process now before IND-RA backlog builds,ADD to Aug Wk2 - SEBI pre-license relationship wave
Ainwesha Engineering & Projects Ltd.,IND-RA,Non-government debt,D,2026-04-02,326.04,Other,LOW (<90 days),Q2 2027,HOT by Jan 2027,False,"INC since Apr 2026 (87 days). MEDIUM by Oct 2026, HOT by Jan 2027, ULTRA HOT by Apr 2027.",Your Non-government debt at IND-RA hits ULTRA HOT in Apr 2027. Start ACER process by Jan 2027 to be ahead of Q2 2027 renewal rush.,ADD to Aug Wk2 - SEBI pre-license relationship wave
G R Engineering Pvt. Ltd.,IND-RA,Non-government debt,B/A4,2026-04-02,322.62,Other,LOW (<90 days),Q2 2027,HOT by Jan 2027,False,"INC since Apr 2026 (87 days). MEDIUM by Oct 2026, HOT by Jan 2027, ULTRA HOT by Apr 2027.",Your Non-government debt at IND-RA hits ULTRA HOT in Apr 2027. Start ACER process by Jan 2027 to be ahead of Q2 2027 renewal rush.,ADD to Aug Wk2 - SEBI pre-license relationship wave
Shreeji Infrastructure India Pvt. Ltd.,IND-RA,Non-government debt,B-/A4,2026-04-02,199.0,Construction,LOW (<90 days),Q2 2027,HOT by Jan 2027,False,"INC since Apr 2026 (87 days). MEDIUM by Oct 2026, HOT by Jan 2027, ULTRA HOT by Apr 2027.",Your Non-government debt at IND-RA hits ULTRA HOT in Apr 2027. Start ACER process by Jan 2027 to be ahead of Q2 2027 renewal rush.,ADD to Aug Wk2 - SEBI pre-license relationship wave
D M L Exim Pvt. Ltd.,IND-RA,Non-government debt,B/A4,2026-04-02,130.0,Other,LOW (<90 days),Q2 2027,HOT by Jan 2027,False,"INC since Apr 2026 (87 days). MEDIUM by Oct 2026, HOT by Jan 2027, ULTRA HOT by Apr 2027.",Your Non-government debt at IND-RA hits ULTRA HOT in Apr 2027. Start ACER process by Jan 2027 to be ahead of Q2 2027 renewal rush.,ADD to Aug Wk2 - SEBI pre-license relationship wave
Vajrateja Rice Cluster Pvt. Ltd.,IND-RA,Non-government debt,B/A4,2026-04-02,105.44,Agro & Food,LOW (<90 days),Q2 2027,HOT by Jan 2027,False,"INC since Apr 2026 (87 days). MEDIUM by Oct 2026, HOT by Jan 2027, ULTRA HOT by Apr 2027.",Your Non-government debt at IND-RA hits ULTRA HOT in Apr 2027. Start ACER process by Jan 2027 to be ahead of Q2 2027 renewal rush.,ADD to Aug Wk2 - SEBI pre-license relationship wave
R K R Gold Pvt. Ltd.,IND-RA,Non-government debt,D,2026-04-02,90.0,Other,LOW (<90 days),Q2 2027,HOT by Jan 2027,False,"INC since Apr 2026 (87 days). MEDIUM by Oct 2026, HOT by Jan 2027, ULTRA HOT by Apr 2027.",Your Non-government debt at IND-RA hits ULTRA HOT in Apr 2027. Start ACER process by Jan 2027 to be ahead of Q2 2027 renewal rush.,ADD to Aug Wk2 - SEBI pre-license relationship wave
International Coil Ltd.,IND-RA,Non-government debt,B-/A4,2026-04-02,88.0,Other,LOW (<90 days),Q2 2027,HOT by Jan 2027,False,"INC since Apr 2026 (87 days). MEDIUM by Oct 2026, HOT by Jan 2027, ULTRA HOT by Apr 2027.",Your Non-government debt at IND-RA hits ULTRA HOT in Apr 2027. Start ACER process by Jan 2027 to be ahead of Q2 2027 renewal rush.,ADD to Aug Wk2 - SEBI pre-license relationship wave
Sree Krishna Automotives Hyderabad Pvt. Ltd.,IND-RA,Non-government debt,B/A4,2026-04-02,85.0,Automobiles,LOW (<90 days),Q2 2027,HOT by Jan 2027,False,"INC since Apr 2026 (87 days). MEDIUM by Oct 2026, HOT by Jan 2027, ULTRA HOT by Apr 2027.",Your Non-government debt at IND-RA hits ULTRA HOT in Apr 2027. Start ACER process by Jan 2027 to be ahead of Q2 2027 renewal rush.,ADD to Aug Wk2 - SEBI pre-license relationship wave
Elysium Pharmaceuticals Ltd.,IND-RA,Non-government debt,BB-/A4+,2026-04-02,82.65,Chemicals & Pharma,LOW (<90 days),Q2 2027,HOT by Jan 2027,False,"INC since Apr 2026 (87 days). MEDIUM by Oct 2026, HOT by Jan 2027, ULTRA HOT by Apr 2027.",Your Non-government debt at IND-RA hits ULTRA HOT in Apr 2027. Start ACER process by Jan 2027 to be ahead of Q2 2027 renewal rush.,ADD to Aug Wk2 - SEBI pre-license relationship wave
Shriniwasa Proteins Pvt. Ltd.,IND-RA,Non-government debt,B-/A4,2026-04-02,82.0,Other,LOW (<90 days),Q2 2027,HOT by Jan 2027,False,"INC since Apr 2026 (87 days). MEDIUM by Oct 2026, HOT by Jan 2027, ULTRA HOT by Apr 2027.",Your Non-government debt at IND-RA hits ULTRA HOT in Apr 2027. Start ACER process by Jan 2027 to be ahead of Q2 2027 renewal rush.,ADD to Aug Wk2 - SEBI pre-license relationship wave
Shri Kannan Departmental Store Ltd.,IND-RA,Non-government debt,B-/A4,2026-04-02,81.17,Mining & Minerals,LOW (<90 days),Q2 2027,HOT by Jan 2027,False,"INC since Apr 2026 (87 days). MEDIUM by Oct 2026, HOT by Jan 2027, ULTRA HOT by Apr 2027.",Your Non-government debt at IND-RA hits ULTRA HOT in Apr 2027. Start ACER process by Jan 2027 to be ahead of Q2 2027 renewal rush.,ADD to Aug Wk2 - SEBI pre-license relationship wave
Indian Pulp & Paper Pvt. Ltd.,IND-RA,Non-government debt,D,2026-04-02,70.02,Paper/Packaging,LOW (<90 days),Q2 2027,HOT by Jan 2027,False,"INC since Apr 2026 (87 days). MEDIUM by Oct 2026, HOT by Jan 2027, ULTRA HOT by Apr 2027.",Your Non-government debt at IND-RA hits ULTRA HOT in Apr 2027. Start ACER process by Jan 2027 to be ahead of Q2 2027 renewal rush.,ADD to Aug Wk2 - SEBI pre-license relationship wave
Samrat Irons Pvt. Ltd.,IND-RA,Non-government debt,B/A4,2026-04-02,67.25,Steel & Metals,LOW (<90 days),Q2 2027,HOT by Jan 2027,False,"INC since Apr 2026 (87 days). MEDIUM by Oct 2026, HOT by Jan 2027, ULTRA HOT by Apr 2027.",Your Non-government debt at IND-RA hits ULTRA HOT in Apr 2027. Start ACER process by Jan 2027 to be ahead of Q2 2027 renewal rush.,ADD to Aug Wk2 - SEBI pre-license relationship wave
G M W Pvt. Ltd.,IND-RA,Non-government debt,B-/A4,2026-04-02,66.26,Other,LOW (<90 days),Q2 2027,HOT by Jan 2027,False,"INC since Apr 2026 (87 days). MEDIUM by Oct 2026, HOT by Jan 2027, ULTRA HOT by Apr 2027.",Your Non-government debt at IND-RA hits ULTRA HOT in Apr 2027. Start ACER process by Jan 2027 to be ahead of Q2 2027 renewal rush.,ADD to Aug Wk2 - SEBI pre-license relationship wave
Nani Agrofoods Pvt. Ltd.,IND-RA,Non-government debt,B/A4,2026-04-02,60.0,Agro & Food,LOW (<90 days),Q2 2027,HOT by Jan 2027,False,"INC since Apr 2026 (87 days). MEDIUM by Oct 2026, HOT by Jan 2027, ULTRA HOT by Apr 2027.",Your Non-government debt at IND-RA hits ULTRA HOT in Apr 2027. Start ACER process by Jan 2027 to be ahead of Q2 2027 renewal rush.,ADD to Aug Wk2 - SEBI pre-license relationship wave
Darshan Overseas Pvt. Ltd.,IND-RA,Non-government debt,B/A4,2026-04-02,50.0,Other,LOW (<90 days),Q2 2027,HOT by Jan 2027,False,"INC since Apr 2026 (87 days). MEDIUM by Oct 2026, HOT by Jan 2027, ULTRA HOT by Apr 2027.",Your Non-government debt at IND-RA hits ULTRA HOT in Apr 2027. Start ACER process by Jan 2027 to be ahead of Q2 2027 renewal rush.,ADD to Aug Wk2 - SEBI pre-license relationship wave
Medsmart Logistics Pvt. Ltd. [Merged],IND-RA,Non-government debt,B+/A4,2026-04-02,50.0,Logistics,LOW (<90 days),Q2 2027,HOT by Jan 2027,False,"INC since Apr 2026 (87 days). MEDIUM by Oct 2026, HOT by Jan 2027, ULTRA HOT by Apr 2027.",Your Non-government debt at IND-RA hits ULTRA HOT in Apr 2027. Start ACER process by Jan 2027 to be ahead of Q2 2027 renewal rush.,ADD to Aug Wk2 - SEBI pre-license relationship wave
Skywin Spinning Pvt. Ltd.,IND-RA,Non-government debt,B/A4,2026-04-02,49.3,Textiles,LOW (<90 days),Q2 2027,HOT by Jan 2027,False,"INC since Apr 2026 (87 days). MEDIUM by Oct 2026, HOT by Jan 2027, ULTRA HOT by Apr 2027.",Your Non-government debt at IND-RA hits ULTRA HOT in Apr 2027. Start ACER process by Jan 2027 to be ahead of Q2 2027 renewal rush.,ADD to Aug Wk2 - SEBI pre-license relationship wave
Seshsayi Foods Pvt. Ltd.,IND-RA,Non-government debt,B/A4,2026-04-02,49.02,Agro & Food,LOW (<90 days),Q2 2027,HOT by Jan 2027,False,"INC since Apr 2026 (87 days). MEDIUM by Oct 2026, HOT by Jan 2027, ULTRA HOT by Apr 2027.",Your Non-government debt at IND-RA hits ULTRA HOT in Apr 2027. Start ACER process by Jan 2027 to be ahead of Q2 2027 renewal rush.,ADD to Aug Wk2 - SEBI pre-license relationship wave
Power Max (India) Pvt. Ltd.,IND-RA,Non-government debt,D,2026-04-02,48.15,Energy/Power,LOW (<90 days),Q2 2027,HOT by Jan 2027,False,"INC since Apr 2026 (87 days). MEDIUM by Oct 2026, HOT by Jan 2027, ULTRA HOT by Apr 2027.",Your Non-government debt at IND-RA hits ULTRA HOT in Apr 2027. Start ACER process by Jan 2027 to be ahead of Q2 2027 renewal rush.,ADD to Aug Wk2 - SEBI pre-license relationship wave
Hindustan Adhesives Ltd.,IND-RA,Non-government debt,B-/A4,2026-04-02,47.94,Other,LOW (<90 days),Q2 2027,HOT by Jan 2027,False,"INC since Apr 2026 (87 days). MEDIUM by Oct 2026, HOT by Jan 2027, ULTRA HOT by Apr 2027.",Your Non-government debt at IND-RA hits ULTRA HOT in Apr 2027. Start ACER process by Jan 2027 to be ahead of Q2 2027 renewal rush.,ADD to Aug Wk2 - SEBI pre-license relationship wave
G S C O Infrastructure Pvt. Ltd.,IND-RA,Non-government debt,D,2026-04-02,46.4,Construction,LOW (<90 days),Q2 2027,HOT by Jan 2027,False,"INC since Apr 2026 (87 days). MEDIUM by Oct 2026, HOT by Jan 2027, ULTRA HOT by Apr 2027.",Your Non-government debt at IND-RA hits ULTRA HOT in Apr 2027. Start ACER process by Jan 2027 to be ahead of Q2 2027 renewal rush.,ADD to Aug Wk2 - SEBI pre-license relationship wave
Manjeet Fibers Pvt. Ltd.,IND-RA,Non-government debt,B/A4,2026-04-02,46.11,Other,LOW (<90 days),Q2 2027,HOT by Jan 2027,False,"INC since Apr 2026 (87 days). MEDIUM by Oct 2026, HOT by Jan 2027, ULTRA HOT by Apr 2027.",Your Non-government debt at IND-RA hits ULTRA HOT in Apr 2027. Start ACER process by Jan 2027 to be ahead of Q2 2027 renewal rush.,ADD to Aug Wk2 - SEBI pre-license relationship wave
Ashok Bricks Inds. Pvt. Ltd.,IND-RA,Non-government debt,D,2026-04-02,44.0,Other,LOW (<90 days),Q2 2027,HOT by Jan 2027,False,"INC since Apr 2026 (87 days). MEDIUM by Oct 2026, HOT by Jan 2027, ULTRA HOT by Apr 2027.",Your Non-government debt at IND-RA hits ULTRA HOT in Apr 2027. Start ACER process by Jan 2027 to be ahead of Q2 2027 renewal rush.,ADD to Aug Wk2 - SEBI pre-license relationship wave
Everon Castings Pvt. Ltd.,IND-RA,Non-government debt,C/A4,2026-04-02,43.67,Other,LOW (<90 days),Q2 2027,HOT by Jan 2027,False,"INC since Apr 2026 (87 days). MEDIUM by Oct 2026, HOT by Jan 2027, ULTRA HOT by Apr 2027.",Your Non-government debt at IND-RA hits ULTRA HOT in Apr 2027. Start ACER process by Jan 2027 to be ahead of Q2 2027 renewal rush.,ADD to Aug Wk2 - SEBI pre-license relationship wave
P R G Buildcon India Pvt. Ltd.,IND-RA,Non-government debt,B-/A4,2026-04-02,43.0,Construction,LOW (<90 days),Q2 2027,HOT by Jan 2027,False,"INC since Apr 2026 (87 days). MEDIUM by Oct 2026, HOT by Jan 2027, ULTRA HOT by Apr 2027.",Your Non-government debt at IND-RA hits ULTRA HOT in Apr 2027. Start ACER process by Jan 2027 to be ahead of Q2 2027 renewal rush.,ADD to Aug Wk2 - SEBI pre-license relationship wave
Shiva-Parvati Poultry Feed Pvt. Ltd.,IND-RA,Non-government debt,B-/A4,2026-04-02,41.07,Other,LOW (<90 days),Q2 2027,HOT by Jan 2027,False,"INC since Apr 2026 (87 days). MEDIUM by Oct 2026, HOT by Jan 2027, ULTRA HOT by Apr 2027.",Your Non-government debt at IND-RA hits ULTRA HOT in Apr 2027. Start ACER process by Jan 2027 to be ahead of Q2 2027 renewal rush.,ADD to Aug Wk2 - SEBI pre-license relationship wave
Ace Commercial Co. Pvt. Ltd.,IND-RA,Non-government debt,B/A4,2026-04-02,40.46,Other,LOW (<90 days),Q2 2027,HOT by Jan 2027,False,"INC since Apr 2026 (87 days). MEDIUM by Oct 2026, HOT by Jan 2027, ULTRA HOT by Apr 2027.",Your Non-government debt at IND-RA hits ULTRA HOT in Apr 2027. Start ACER process by Jan 2027 to be ahead of Q2 2027 renewal rush.,ADD to Aug Wk2 - SEBI pre-license relationship wave
Vijay Sheets & Strips Pvt. Ltd.,IND-RA,Non-government debt,B-/A4,2026-04-02,40.0,Other,LOW (<90 days),Q2 2027,HOT by Jan 2027,False,"INC since Apr 2026 (87 days). MEDIUM by Oct 2026, HOT by Jan 2027, ULTRA HOT by Apr 2027.",Your Non-government debt at IND-RA hits ULTRA HOT in Apr 2027. Start ACER process by Jan 2027 to be ahead of Q2 2027 renewal rush.,ADD to Aug Wk2 - SEBI pre-license relationship wave
Kineta Global Ltd.,IND-RA,Non-government debt,B-/A4,2026-04-02,38.0,Other,LOW (<90 days),Q2 2027,HOT by Jan 2027,False,"INC since Apr 2026 (87 days). MEDIUM by Oct 2026, HOT by Jan 2027, ULTRA HOT by Apr 2027.",Your Non-government debt at IND-RA hits ULTRA HOT in Apr 2027. Start ACER process by Jan 2027 to be ahead of Q2 2027 renewal rush.,ADD to Aug Wk2 - SEBI pre-license relationship wave
Infres Methodex Pvt. Ltd.,IND-RA,Non-government debt,B/A4,2026-04-02,37.8,Other,LOW (<90 days),Q2 2027,HOT by Jan 2027,False,"INC since Apr 2026 (87 days). MEDIUM by Oct 2026, HOT by Jan 2027, ULTRA HOT by Apr 2027.",Your Non-government debt at IND-RA hits ULTRA HOT in Apr 2027. Start ACER process by Jan 2027 to be ahead of Q2 2027 renewal rush.,ADD to Aug Wk2 - SEBI pre-license relationship wave
Zen Shipping & Ports India Pvt. Ltd.,IND-RA,Non-government debt,B-/A4,2026-04-02,35.3,Logistics,LOW (<90 days),Q2 2027,HOT by Jan 2027,False,"INC since Apr 2026 (87 days). MEDIUM by Oct 2026, HOT by Jan 2027, ULTRA HOT by Apr 2027.",Your Non-government debt at IND-RA hits ULTRA HOT in Apr 2027. Start ACER process by Jan 2027 to be ahead of Q2 2027 renewal rush.,ADD to Aug Wk2 - SEBI pre-license relationship wave
Mehadia Sales Trade Corpn. Pvt. Ltd.,IND-RA,Non-government debt,D,2026-04-02,35.0,Other,LOW (<90 days),Q2 2027,HOT by Jan 2027,False,"INC since Apr 2026 (87 days). MEDIUM by Oct 2026, HOT by Jan 2027, ULTRA HOT by Apr 2027.",Your Non-government debt at IND-RA hits ULTRA HOT in Apr 2027. Start ACER process by Jan 2027 to be ahead of Q2 2027 renewal rush.,ADD to Aug Wk2 - SEBI pre-license relationship wave
Hetro Spinners Pvt. Ltd.,IND-RA,Non-government debt,D,2026-04-02,34.27,Other,LOW (<90 days),Q2 2027,HOT by Jan 2027,False,"INC since Apr 2026 (87 days). MEDIUM by Oct 2026, HOT by Jan 2027, ULTRA HOT by Apr 2027.",Your Non-government debt at IND-RA hits ULTRA HOT in Apr 2027. Start ACER process by Jan 2027 to be ahead of Q2 2027 renewal rush.,ADD to Aug Wk2 - SEBI pre-license relationship wave
Prime Retail India Ltd.,IND-RA,Non-government debt,D,2026-04-02,31.75,Other,LOW (<90 days),Q2 2027,HOT by Jan 2027,False,"INC since Apr 2026 (87 days). MEDIUM by Oct 2026, HOT by Jan 2027, ULTRA HOT by Apr 2027.",Your Non-government debt at IND-RA hits ULTRA HOT in Apr 2027. Start ACER process by Jan 2027 to be ahead of Q2 2027 renewal rush.,ADD to Aug Wk2 - SEBI pre-license relationship wave
Patiala Cotspin Pvt. Ltd.,IND-RA,Non-government debt,B/A4,2026-04-02,31.65,Other,LOW (<90 days),Q2 2027,HOT by Jan 2027,False,"INC since Apr 2026 (87 days). MEDIUM by Oct 2026, HOT by Jan 2027, ULTRA HOT by Apr 2027.",Your Non-government debt at IND-RA hits ULTRA HOT in Apr 2027. Start ACER process by Jan 2027 to be ahead of Q2 2027 renewal rush.,ADD to Aug Wk2 - SEBI pre-license relationship wave
S S V Spinners Pvt. Ltd.,IND-RA,Non-government debt,B-/A4,2026-04-02,30.7,Other,LOW (<90 days),Q2 2027,HOT by Jan 2027,False,"INC since Apr 2026 (87 days). MEDIUM by Oct 2026, HOT by Jan 2027, ULTRA HOT by Apr 2027.",Your Non-government debt at IND-RA hits ULTRA HOT in Apr 2027. Start ACER process by Jan 2027 to be ahead of Q2 2027 renewal rush.,ADD to Aug Wk2 - SEBI pre-license relationship wave
B N T Connections Impex Ltd.,IND-RA,Non-government debt,B-/A4,2026-04-02,30.55,Other,LOW (<90 days),Q2 2027,HOT by Jan 2027,False,"INC since Apr 2026 (87 days). MEDIUM by Oct 2026, HOT by Jan 2027, ULTRA HOT by Apr 2027.",Your Non-government debt at IND-RA hits ULTRA HOT in Apr 2027. Start ACER process by Jan 2027 to be ahead of Q2 2027 renewal rush.,ADD to Aug Wk2 - SEBI pre-license relationship wave
Balaji Fiber Reinforce Pvt. Ltd.,IND-RA,Non-government debt,D,2026-04-02,30.0,Other,LOW (<90 days),Q2 2027,HOT by Jan 2027,False,"INC since Apr 2026 (87 days). MEDIUM by Oct 2026, HOT by Jan 2027, ULTRA HOT by Apr 2027.",Your Non-government debt at IND-RA hits ULTRA HOT in Apr 2027. Start ACER process by Jan 2027 to be ahead of Q2 2027 renewal rush.,ADD to Aug Wk2 - SEBI pre-license relationship wave
P E Erectors Pvt. Ltd.,IND-RA,Non-government debt,BB-/A4+,2026-04-02,30.0,Other,LOW (<90 days),Q2 2027,HOT by Jan 2027,False,"INC since Apr 2026 (87 days). MEDIUM by Oct 2026, HOT by Jan 2027, ULTRA HOT by Apr 2027.",Your Non-government debt at IND-RA hits ULTRA HOT in Apr 2027. Start ACER process by Jan 2027 to be ahead of Q2 2027 renewal rush.,ADD to Aug Wk2 - SEBI pre-license relationship wave
Arena Lifestyles Pvt. Ltd.,IND-RA,Non-government debt,B-/A4,2026-04-02,29.0,Other,LOW (<90 days),Q2 2027,HOT by Jan 2027,False,"INC since Apr 2026 (87 days). MEDIUM by Oct 2026, HOT by Jan 2027, ULTRA HOT by Apr 2027.",Your Non-government debt at IND-RA hits ULTRA HOT in Apr 2027. Start ACER process by Jan 2027 to be ahead of Q2 2027 renewal rush.,ADD to Aug Wk2 - SEBI pre-license relationship wave
Klassik Lamitex Pvt. Ltd.,IND-RA,Non-government debt,B/A4,2026-04-02,27.76,Other,LOW (<90 days),Q2 2027,HOT by Jan 2027,False,"INC since Apr 2026 (87 days). MEDIUM by Oct 2026, HOT by Jan 2027, ULTRA HOT by Apr 2027.",Your Non-government debt at IND-RA hits ULTRA HOT in Apr 2027. Start ACER process by Jan 2027 to be ahead of Q2 2027 renewal rush.,ADD to Aug Wk2 - SEBI pre-license relationship wave
Siddhartha Innopack Inds. Pvt. Ltd.,IND-RA,Non-government debt,B-/A4,2026-04-02,25.48,Other,LOW (<90 days),Q2 2027,HOT by Jan 2027,False,"INC since Apr 2026 (87 days). MEDIUM by Oct 2026, HOT by Jan 2027, ULTRA HOT by Apr 2027.",Your Non-government debt at IND-RA hits ULTRA HOT in Apr 2027. Start ACER process by Jan 2027 to be ahead of Q2 2027 renewal rush.,ADD to Aug Wk2 - SEBI pre-license relationship wave
Primitus Industries Pvt. Ltd.,IND-RA,Non-government debt,B-/A4,2026-04-02,25.0,Other,LOW (<90 days),Q2 2027,HOT by Jan 2027,False,"INC since Apr 2026 (87 days). MEDIUM by Oct 2026, HOT by Jan 2027, ULTRA HOT by Apr 2027.",Your Non-government debt at IND-RA hits ULTRA HOT in Apr 2027. Start ACER process by Jan 2027 to be ahead of Q2 2027 renewal rush.,ADD to Aug Wk2 - SEBI pre-license relationship wave
Ved Cellulose Ltd.,IND-RA,Non-government debt,C/A4,2026-04-02,24.23,Other,LOW (<90 days),Q2 2027,HOT by Jan 2027,False,"INC since Apr 2026 (87 days). MEDIUM by Oct 2026, HOT by Jan 2027, ULTRA HOT by Apr 2027.",Your Non-government debt at IND-RA hits ULTRA HOT in Apr 2027. Start ACER process by Jan 2027 to be ahead of Q2 2027 renewal rush.,ADD to Aug Wk2 - SEBI pre-license relationship wave
Dhanlaxmi Electricals Pvt. Ltd.,IND-RA,Non-government debt,D,2026-04-02,23.0,Energy/Power,LOW (<90 days),Q2 2027,HOT by Jan 2027,False,"INC since Apr 2026 (87 days). MEDIUM by Oct 2026, HOT by Jan 2027, ULTRA HOT by Apr 2027.",Your Non-government debt at IND-RA hits ULTRA HOT in Apr 2027. Start ACER process by Jan 2027 to be ahead of Q2 2027 renewal rush.,ADD to Aug Wk2 - SEBI pre-license relationship wave
Geetha Krishna Spg. Mills Pvt. Ltd.,IND-RA,Non-government debt,B-/A4,2026-04-02,23.0,Other,LOW (<90 days),Q2 2027,HOT by Jan 2027,False,"INC since Apr 2026 (87 days). MEDIUM by Oct 2026, HOT by Jan 2027, ULTRA HOT by Apr 2027.",Your Non-government debt at IND-RA hits ULTRA HOT in Apr 2027. Start ACER process by Jan 2027 to be ahead of Q2 2027 renewal rush.,ADD to Aug Wk2 - SEBI pre-license relationship wave
P P Pandey Infrastructure Pvt. Ltd.,IND-RA,Non-government debt,D,2026-04-02,22.6,Construction,LOW (<90 days),Q2 2027,HOT by Jan 2027,False,"INC since Apr 2026 (87 days). MEDIUM by Oct 2026, HOT by Jan 2027, ULTRA HOT by Apr 2027.",Your Non-government debt at IND-RA hits ULTRA HOT in Apr 2027. Start ACER process by Jan 2027 to be ahead of Q2 2027 renewal rush.,ADD to Aug Wk2 - SEBI pre-license relationship wave
D M L World Trade Pvt. Ltd.,IND-RA,Non-government debt,B/A4,2026-04-02,20.0,Other,LOW (<90 days),Q2 2027,HOT by Jan 2027,False,"INC since Apr 2026 (87 days). MEDIUM by Oct 2026, HOT by Jan 2027, ULTRA HOT by Apr 2027.",Your Non-government debt at IND-RA hits ULTRA HOT in Apr 2027. Start ACER process by Jan 2027 to be ahead of Q2 2027 renewal rush.,ADD to Aug Wk2 - SEBI pre-license relationship wave
Harihara Metalloys Pvt. Ltd.,IND-RA,Non-government debt,B/A4,2026-04-02,20.0,Steel & Metals,LOW (<90 days),Q2 2027,HOT by Jan 2027,False,"INC since Apr 2026 (87 days). MEDIUM by Oct 2026, HOT by Jan 2027, ULTRA HOT by Apr 2027.",Your Non-government debt at IND-RA hits ULTRA HOT in Apr 2027. Start ACER process by Jan 2027 to be ahead of Q2 2027 renewal rush.,ADD to Aug Wk2 - SEBI pre-license relationship wave
Straddle Industries Pvt. Ltd.,IND-RA,Non-government debt,B-/A4,2026-04-02,20.0,Other,LOW (<90 days),Q2 2027,HOT by Jan 2027,False,"INC since Apr 2026 (87 days). MEDIUM by Oct 2026, HOT by Jan 2027, ULTRA HOT by Apr 2027.",Your Non-government debt at IND-RA hits ULTRA HOT in Apr 2027. Start ACER process by Jan 2027 to be ahead of Q2 2027 renewal rush.,ADD to Aug Wk2 - SEBI pre-license relationship wave
Gemus Engineering Ltd.,IND-RA,Non-government debt,D,2026-04-02,19.3,Other,LOW (<90 days),Q2 2027,HOT by Jan 2027,False,"INC since Apr 2026 (87 days). MEDIUM by Oct 2026, HOT by Jan 2027, ULTRA HOT by Apr 2027.",Your Non-government debt at IND-RA hits ULTRA HOT in Apr 2027. Start ACER process by Jan 2027 to be ahead of Q2 2027 renewal rush.,ADD to Aug Wk2 - SEBI pre-license relationship wave
Hemant Surgical Inds. Ltd.,IND-RA,Non-government debt,B-/A4,2026-04-02,18.35,Other,LOW (<90 days),Q2 2027,HOT by Jan 2027,False,"INC since Apr 2026 (87 days). MEDIUM by Oct 2026, HOT by Jan 2027, ULTRA HOT by Apr 2027.",Your Non-government debt at IND-RA hits ULTRA HOT in Apr 2027. Start ACER process by Jan 2027 to be ahead of Q2 2027 renewal rush.,ADD to Aug Wk2 - SEBI pre-license relationship wave
Nainital Motors Pvt. Ltd.,IND-RA,Non-government debt,B-/A4,2026-04-02,18.25,Automobiles,LOW (<90 days),Q2 2027,HOT by Jan 2027,False,"INC since Apr 2026 (87 days). MEDIUM by Oct 2026, HOT by Jan 2027, ULTRA HOT by Apr 2027.",Your Non-government debt at IND-RA hits ULTRA HOT in Apr 2027. Start ACER process by Jan 2027 to be ahead of Q2 2027 renewal rush.,ADD to Aug Wk2 - SEBI pre-license relationship wave
Texaco Synthetics Pvt. Ltd.,IND-RA,Non-government debt,B-/A4,2026-04-02,18.14,Other,LOW (<90 days),Q2 2027,HOT by Jan 2027,False,"INC since Apr 2026 (87 days). MEDIUM by Oct 2026, HOT by Jan 2027, ULTRA HOT by Apr 2027.",Your Non-government debt at IND-RA hits ULTRA HOT in Apr 2027. Start ACER process by Jan 2027 to be ahead of Q2 2027 renewal rush.,ADD to Aug Wk2 - SEBI pre-license relationship wave
Anand Mine Tools Pvt. Ltd.,IND-RA,Non-government debt,D,2026-04-02,17.35,Other,LOW (<90 days),Q2 2027,HOT by Jan 2027,False,"INC since Apr 2026 (87 days). MEDIUM by Oct 2026, HOT by Jan 2027, ULTRA HOT by Apr 2027.",Your Non-government debt at IND-RA hits ULTRA HOT in Apr 2027. Start ACER process by Jan 2027 to be ahead of Q2 2027 renewal rush.,ADD to Aug Wk2 - SEBI pre-license relationship wave
Jindal Wood Products Pvt. Ltd.,IND-RA,Non-government debt,D,2026-04-02,15.97,Other,LOW (<90 days),Q2 2027,HOT by Jan 2027,False,"INC since Apr 2026 (87 days). MEDIUM by Oct 2026, HOT by Jan 2027, ULTRA HOT by Apr 2027.",Your Non-government debt at IND-RA hits ULTRA HOT in Apr 2027. Start ACER process by Jan 2027 to be ahead of Q2 2027 renewal rush.,ADD to Aug Wk2 - SEBI pre-license relationship wave
M K Roy & Bros. Projects Ltd.,IND-RA,Non-government debt,B-/A4,2026-04-02,15.65,Other,LOW (<90 days),Q2 2027,HOT by Jan 2027,False,"INC since Apr 2026 (87 days). MEDIUM by Oct 2026, HOT by Jan 2027, ULTRA HOT by Apr 2027.",Your Non-government debt at IND-RA hits ULTRA HOT in Apr 2027. Start ACER process by Jan 2027 to be ahead of Q2 2027 renewal rush.,ADD to Aug Wk2 - SEBI pre-license relationship wave
G M A Pinnacle Automotives Pvt. Ltd.,IND-RA,Non-government debt,B-/A4,2026-04-02,15.0,Automobiles,LOW (<90 days),Q2 2027,HOT by Jan 2027,False,"INC since Apr 2026 (87 days). MEDIUM by Oct 2026, HOT by Jan 2027, ULTRA HOT by Apr 2027.",Your Non-government debt at IND-RA hits ULTRA HOT in Apr 2027. Start ACER process by Jan 2027 to be ahead of Q2 2027 renewal rush.,ADD to Aug Wk2 - SEBI pre-license relationship wave
Manjeera Constructions Ltd.,IND-RA,Non-government debt,D,2026-04-02,15.0,Construction,LOW (<90 days),Q2 2027,HOT by Jan 2027,False,"INC since Apr 2026 (87 days). MEDIUM by Oct 2026, HOT by Jan 2027, ULTRA HOT by Apr 2027.",Your Non-government debt at IND-RA hits ULTRA HOT in Apr 2027. Start ACER process by Jan 2027 to be ahead of Q2 2027 renewal rush.,ADD to Aug Wk2 - SEBI pre-license relationship wave
Starwing Plastic & Chemicals Pvt. Ltd.,IND-RA,Non-government debt,B-/A4,2026-04-02,15.0,Chemicals & Pharma,LOW (<90 days),Q2 2027,HOT by Jan 2027,False,"INC since Apr 2026 (87 days). MEDIUM by Oct 2026, HOT by Jan 2027, ULTRA HOT by Apr 2027.",Your Non-government debt at IND-RA hits ULTRA HOT in Apr 2027. Start ACER process by Jan 2027 to be ahead of Q2 2027 renewal rush.,ADD to Aug Wk2 - SEBI pre-license relationship wave
Vashu Yarn Mills India Pvt. Ltd.,IND-RA,Non-government debt,D,2026-04-02,14.05,Textiles,LOW (<90 days),Q2 2027,HOT by Jan 2027,False,"INC since Apr 2026 (87 days). MEDIUM by Oct 2026, HOT by Jan 2027, ULTRA HOT by Apr 2027.",Your Non-government debt at IND-RA hits ULTRA HOT in Apr 2027. Start ACER process by Jan 2027 to be ahead of Q2 2027 renewal rush.,ADD to Aug Wk2 - SEBI pre-license relationship wave
Rajaramsevak Multipurpose Cold Storage Pvt. Ltd.,IND-RA,Non-government debt,D,2026-04-02,14.0,Other,LOW (<90 days),Q2 2027,HOT by Jan 2027,False,"INC since Apr 2026 (87 days). MEDIUM by Oct 2026, HOT by Jan 2027, ULTRA HOT by Apr 2027.",Your Non-government debt at IND-RA hits ULTRA HOT in Apr 2027. Start ACER process by Jan 2027 to be ahead of Q2 2027 renewal rush.,ADD to Aug Wk2 - SEBI pre-license relationship wave
Chetan Overseas Pvt. Ltd.,IND-RA,Non-government debt,B-/A4,2026-04-02,13.5,Other,LOW (<90 days),Q2 2027,HOT by Jan 2027,False,"INC since Apr 2026 (87 days). MEDIUM by Oct 2026, HOT by Jan 2027, ULTRA HOT by Apr 2027.",Your Non-government debt at IND-RA hits ULTRA HOT in Apr 2027. Start ACER process by Jan 2027 to be ahead of Q2 2027 renewal rush.,ADD to Aug Wk2 - SEBI pre-license relationship wave
A K Lumbers Ltd.,IND-RA,Non-government debt,B-/A4,2026-04-02,13.5,Other,LOW (<90 days),Q2 2027,HOT by Jan 2027,False,"INC since Apr 2026 (87 days). MEDIUM by Oct 2026, HOT by Jan 2027, ULTRA HOT by Apr 2027.",Your Non-government debt at IND-RA hits ULTRA HOT in Apr 2027. Start ACER process by Jan 2027 to be ahead of Q2 2027 renewal rush.,ADD to Aug Wk2 - SEBI pre-license relationship wave
Lyka B D R Intl. Ltd.,IND-RA,Non-government debt,B-/A4,2026-04-02,13.4,Other,LOW (<90 days),Q2 2027,HOT by Jan 2027,False,"INC since Apr 2026 (87 days). MEDIUM by Oct 2026, HOT by Jan 2027, ULTRA HOT by Apr 2027.",Your Non-government debt at IND-RA hits ULTRA HOT in Apr 2027. Start ACER process by Jan 2027 to be ahead of Q2 2027 renewal rush.,ADD to Aug Wk2 - SEBI pre-license relationship wave
James Retail Pvt. Ltd.,IND-RA,Non-government debt,B-/A4,2026-04-02,13.0,Other,LOW (<90 days),Q2 2027,HOT by Jan 2027,False,"INC since Apr 2026 (87 days). MEDIUM by Oct 2026, HOT by Jan 2027, ULTRA HOT by Apr 2027.",Your Non-government debt at IND-RA hits ULTRA HOT in Apr 2027. Start ACER process by Jan 2027 to be ahead of Q2 2027 renewal rush.,ADD to Aug Wk2 - SEBI pre-license relationship wave
Raghuveer Metal Inds. Ltd.,IND-RA,Non-government debt,C/A4,2026-04-02,13.0,Steel & Metals,LOW (<90 days),Q2 2027,HOT by Jan 2027,False,"INC since Apr 2026 (87 days). MEDIUM by Oct 2026, HOT by Jan 2027, ULTRA HOT by Apr 2027.",Your Non-government debt at IND-RA hits ULTRA HOT in Apr 2027. Start ACER process by Jan 2027 to be ahead of Q2 2027 renewal rush.,ADD to Aug Wk2 - SEBI pre-license relationship wave
Ganges Gardens Realtors Pvt. Ltd.,IND-RA,Non-government debt,B-/A4,2026-04-02,12.5,Other,LOW (<90 days),Q2 2027,HOT by Jan 2027,False,"INC since Apr 2026 (87 days). MEDIUM by Oct 2026, HOT by Jan 2027, ULTRA HOT by Apr 2027.",Your Non-government debt at IND-RA hits ULTRA HOT in Apr 2027. Start ACER process by Jan 2027 to be ahead of Q2 2027 renewal rush.,ADD to Aug Wk2 - SEBI pre-license relationship wave
Narayanadri Hospitals & Research Institute Pvt. Ltd.,IND-RA,Non-government debt,B-/A4,2026-04-02,12.36,Healthcare,LOW (<90 days),Q2 2027,HOT by Jan 2027,False,"INC since Apr 2026 (87 days). MEDIUM by Oct 2026, HOT by Jan 2027, ULTRA HOT by Apr 2027.",Your Non-government debt at IND-RA hits ULTRA HOT in Apr 2027. Start ACER process by Jan 2027 to be ahead of Q2 2027 renewal rush.,ADD to Aug Wk2 - SEBI pre-license relationship wave
Sahara Engineering Pvt. Ltd.,IND-RA,Non-government debt,B-/A4,2026-04-02,12.25,Other,LOW (<90 days),Q2 2027,HOT by Jan 2027,False,"INC since Apr 2026 (87 days). MEDIUM by Oct 2026, HOT by Jan 2027, ULTRA HOT by Apr 2027.",Your Non-government debt at IND-RA hits ULTRA HOT in Apr 2027. Start ACER process by Jan 2027 to be ahead of Q2 2027 renewal rush.,ADD to Aug Wk2 - SEBI pre-license relationship wave
Hercules Hospitalities Pvt. Ltd.,IND-RA,Non-government debt,B-/A4,2026-04-02,12.02,Healthcare,LOW (<90 days),Q2 2027,HOT by Jan 2027,False,"INC since Apr 2026 (87 days). MEDIUM by Oct 2026, HOT by Jan 2027, ULTRA HOT by Apr 2027.",Your Non-government debt at IND-RA hits ULTRA HOT in Apr 2027. Start ACER process by Jan 2027 to be ahead of Q2 2027 renewal rush.,ADD to Aug Wk2 - SEBI pre-license relationship wave
D C S Techno Services Pvt. Ltd.,IND-RA,Non-government debt,B-/A4,2026-04-02,12.0,IT/Technology,LOW (<90 days),Q2 2027,HOT by Jan 2027,False,"INC since Apr 2026 (87 days). MEDIUM by Oct 2026, HOT by Jan 2027, ULTRA HOT by Apr 2027.",Your Non-government debt at IND-RA hits ULTRA HOT in Apr 2027. Start ACER process by Jan 2027 to be ahead of Q2 2027 renewal rush.,ADD to Aug Wk2 - SEBI pre-license relationship wave
K P Polyolefin Sacks Pvt. Ltd.,IND-RA,Non-government debt,B/A4,2026-04-02,11.48,Other,LOW (<90 days),Q2 2027,HOT by Jan 2027,False,"INC since Apr 2026 (87 days). MEDIUM by Oct 2026, HOT by Jan 2027, ULTRA HOT by Apr 2027.",Your Non-government debt at IND-RA hits ULTRA HOT in Apr 2027. Start ACER process by Jan 2027 to be ahead of Q2 2027 renewal rush.,ADD to Aug Wk2 - SEBI pre-license relationship wave
Maini Construction Equipments Pvt. Ltd.,IND-RA,Non-government debt,D,2026-04-02,10.9,Construction,LOW (<90 days),Q2 2027,HOT by Jan 2027,False,"INC since Apr 2026 (87 days). MEDIUM by Oct 2026, HOT by Jan 2027, ULTRA HOT by Apr 2027.",Your Non-government debt at IND-RA hits ULTRA HOT in Apr 2027. Start ACER process by Jan 2027 to be ahead of Q2 2027 renewal rush.,ADD to Aug Wk2 - SEBI pre-license relationship wave
Brindha Cotton Mills Pvt. Ltd.,IND-RA,Non-government debt,D,2026-04-02,10.57,Agro & Food,LOW (<90 days),Q2 2027,HOT by Jan 2027,False,"INC since Apr 2026 (87 days). MEDIUM by Oct 2026, HOT by Jan 2027, ULTRA HOT by Apr 2027.",Your Non-government debt at IND-RA hits ULTRA HOT in Apr 2027. Start ACER process by Jan 2027 to be ahead of Q2 2027 renewal rush.,ADD to Aug Wk2 - SEBI pre-license relationship wave
Lenz Ceramic Pvt. Ltd.,IND-RA,Non-government debt,B-/A4,2026-04-02,10.5,Other,LOW (<90 days),Q2 2027,HOT by Jan 2027,False,"INC since Apr 2026 (87 days). MEDIUM by Oct 2026, HOT by Jan 2027, ULTRA HOT by Apr 2027.",Your Non-government debt at IND-RA hits ULTRA HOT in Apr 2027. Start ACER process by Jan 2027 to be ahead of Q2 2027 renewal rush.,ADD to Aug Wk2 - SEBI pre-license relationship wave
S K Translines Pvt. Ltd.,IND-RA,Non-government debt,B-/A4,2026-04-02,10.33,Other,LOW (<90 days),Q2 2027,HOT by Jan 2027,False,"INC since Apr 2026 (87 days). MEDIUM by Oct 2026, HOT by Jan 2027, ULTRA HOT by Apr 2027.",Your Non-government debt at IND-RA hits ULTRA HOT in Apr 2027. Start ACER process by Jan 2027 to be ahead of Q2 2027 renewal rush.,ADD to Aug Wk2 - SEBI pre-license relationship wave
Bhartia Yarns Pvt. Ltd.,IND-RA,Non-government debt,B/A4,2026-04-02,10.0,Textiles,LOW (<90 days),Q2 2027,HOT by Jan 2027,False,"INC since Apr 2026 (87 days). MEDIUM by Oct 2026, HOT by Jan 2027, ULTRA HOT by Apr 2027.",Your Non-government debt at IND-RA hits ULTRA HOT in Apr 2027. Start ACER process by Jan 2027 to be ahead of Q2 2027 renewal rush.,ADD to Aug Wk2 - SEBI pre-license relationship wave
Bhopal Tractors Pvt. Ltd.,IND-RA,Non-government debt,B/A4,2026-04-02,10.0,Automobiles,LOW (<90 days),Q2 2027,HOT by Jan 2027,False,"INC since Apr 2026 (87 days). MEDIUM by Oct 2026, HOT by Jan 2027, ULTRA HOT by Apr 2027.",Your Non-government debt at IND-RA hits ULTRA HOT in Apr 2027. Start ACER process by Jan 2027 to be ahead of Q2 2027 renewal rush.,ADD to Aug Wk2 - SEBI pre-license relationship wave
Millenium Marbles Pvt. Ltd.,IND-RA,Non-government debt,B-/A4,2026-04-02,10.0,Other,LOW (<90 days),Q2 2027,HOT by Jan 2027,False,"INC since Apr 2026 (87 days). MEDIUM by Oct 2026, HOT by Jan 2027, ULTRA HOT by Apr 2027.",Your Non-government debt at IND-RA hits ULTRA HOT in Apr 2027. Start ACER process by Jan 2027 to be ahead of Q2 2027 renewal rush.,ADD to Aug Wk2 - SEBI pre-license relationship wave
Arrow Constructions Ltd.,IND-RA,Non-government debt,D,2026-04-02,10.0,Construction,LOW (<90 days),Q2 2027,HOT by Jan 2027,False,"INC since Apr 2026 (87 days). MEDIUM by Oct 2026, HOT by Jan 2027, ULTRA HOT by Apr 2027.",Your Non-government debt at IND-RA hits ULTRA HOT in Apr 2027. Start ACER process by Jan 2027 to be ahead of Q2 2027 renewal rush.,ADD to Aug Wk2 - SEBI pre-license relationship wave
Biomedix Optotechnik & Devices Pvt. Ltd.,IND-RA,Non-government debt,B-/A4,2026-04-02,8.91,IT/Technology,LOW (<90 days),Q2 2027,HOT by Jan 2027,False,"INC since Apr 2026 (87 days). MEDIUM by Oct 2026, HOT by Jan 2027, ULTRA HOT by Apr 2027.",Your Non-government debt at IND-RA hits ULTRA HOT in Apr 2027. Start ACER process by Jan 2027 to be ahead of Q2 2027 renewal rush.,ADD to Aug Wk2 - SEBI pre-license relationship wave
Sri Power Generation (India) Pvt. Ltd. [Merged],IND-RA,Non-government debt,B-/A4,2026-04-02,8.25,Energy/Power,LOW (<90 days),Q2 2027,HOT by Jan 2027,False,"INC since Apr 2026 (87 days). MEDIUM by Oct 2026, HOT by Jan 2027, ULTRA HOT by Apr 2027.",Your Non-government debt at IND-RA hits ULTRA HOT in Apr 2027. Start ACER process by Jan 2027 to be ahead of Q2 2027 renewal rush.,ADD to Aug Wk2 - SEBI pre-license relationship wave
S O W I L Ltd.,IND-RA,Non-government debt,B-/A4,2026-04-02,8.04,Other,LOW (<90 days),Q2 2027,HOT by Jan 2027,False,"INC since Apr 2026 (87 days). MEDIUM by Oct 2026, HOT by Jan 2027, ULTRA HOT by Apr 2027.",Your Non-government debt at IND-RA hits ULTRA HOT in Apr 2027. Start ACER process by Jan 2027 to be ahead of Q2 2027 renewal rush.,ADD to Aug Wk2 - SEBI pre-license relationship wave
Coirfoam (India) Pvt. Ltd.,IND-RA,Non-government debt,B-/A4,2026-04-02,8.0,Other,LOW (<90 days),Q2 2027,HOT by Jan 2027,False,"INC since Apr 2026 (87 days). MEDIUM by Oct 2026, HOT by Jan 2027, ULTRA HOT by Apr 2027.",Your Non-government debt at IND-RA hits ULTRA HOT in Apr 2027. Start ACER process by Jan 2027 to be ahead of Q2 2027 renewal rush.,ADD to Aug Wk2 - SEBI pre-license relationship wave
Vishrambhai Gorasia Construction Pvt. Ltd.,IND-RA,Non-government debt,B-/A4,2026-04-02,7.98,Construction,LOW (<90 days),Q2 2027,HOT by Jan 2027,False,"INC since Apr 2026 (87 days). MEDIUM by Oct 2026, HOT by Jan 2027, ULTRA HOT by Apr 2027.",Your Non-government debt at IND-RA hits ULTRA HOT in Apr 2027. Start ACER process by Jan 2027 to be ahead of Q2 2027 renewal rush.,ADD to Aug Wk2 - SEBI pre-license relationship wave
Jajoo Surgicals Pvt. Ltd.,IND-RA,Non-government debt,B-/A4,2026-04-02,7.96,Other,LOW (<90 days),Q2 2027,HOT by Jan 2027,False,"INC since Apr 2026 (87 days). MEDIUM by Oct 2026, HOT by Jan 2027, ULTRA HOT by Apr 2027.",Your Non-government debt at IND-RA hits ULTRA HOT in Apr 2027. Start ACER process by Jan 2027 to be ahead of Q2 2027 renewal rush.,ADD to Aug Wk2 - SEBI pre-license relationship wave
Blue Duck Textiles Pvt. Ltd.,IND-RA,Non-government debt,D,2026-04-02,7.83,Textiles,LOW (<90 days),Q2 2027,HOT by Jan 2027,False,"INC since Apr 2026 (87 days). MEDIUM by Oct 2026, HOT by Jan 2027, ULTRA HOT by Apr 2027.",Your Non-government debt at IND-RA hits ULTRA HOT in Apr 2027. Start ACER process by Jan 2027 to be ahead of Q2 2027 renewal rush.,ADD to Aug Wk2 - SEBI pre-license relationship wave
Haldia Nirman Projects Pvt. Ltd.,IND-RA,Non-government debt,D,2026-04-02,7.65,Other,LOW (<90 days),Q2 2027,HOT by Jan 2027,False,"INC since Apr 2026 (87 days). MEDIUM by Oct 2026, HOT by Jan 2027, ULTRA HOT by Apr 2027.",Your Non-government debt at IND-RA hits ULTRA HOT in Apr 2027. Start ACER process by Jan 2027 to be ahead of Q2 2027 renewal rush.,ADD to Aug Wk2 - SEBI pre-license relationship wave
Shree Dulichand Chemicals Pvt. Ltd.,IND-RA,Non-government debt,B-/A4,2026-04-02,7.5,Chemicals & Pharma,LOW (<90 days),Q2 2027,HOT by Jan 2027,False,"INC since Apr 2026 (87 days). MEDIUM by Oct 2026, HOT by Jan 2027, ULTRA HOT by Apr 2027.",Your Non-government debt at IND-RA hits ULTRA HOT in Apr 2027. Start ACER process by Jan 2027 to be ahead of Q2 2027 renewal rush.,ADD to Aug Wk2 - SEBI pre-license relationship wave
Arunodaya Print Pack Pvt. Ltd.,IND-RA,Non-government debt,B-/A4,2026-04-02,7.12,Paper/Packaging,LOW (<90 days),Q2 2027,HOT by Jan 2027,False,"INC since Apr 2026 (87 days). MEDIUM by Oct 2026, HOT by Jan 2027, ULTRA HOT by Apr 2027.",Your Non-government debt at IND-RA hits ULTRA HOT in Apr 2027. Start ACER process by Jan 2027 to be ahead of Q2 2027 renewal rush.,ADD to Aug Wk2 - SEBI pre-license relationship wave
S D M Projects Pvt. Ltd.,IND-RA,Non-government debt,B-/A4,2026-04-02,7.0,Other,LOW (<90 days),Q2 2027,HOT by Jan 2027,False,"INC since Apr 2026 (87 days). MEDIUM by Oct 2026, HOT by Jan 2027, ULTRA HOT by Apr 2027.",Your Non-government debt at IND-RA hits ULTRA HOT in Apr 2027. Start ACER process by Jan 2027 to be ahead of Q2 2027 renewal rush.,ADD to Aug Wk2 - SEBI pre-license relationship wave
R K Natural Fibre Pvt. Ltd.,IND-RA,Non-government debt,B-/A4,2026-04-02,6.8,Other,LOW (<90 days),Q2 2027,HOT by Jan 2027,False,"INC since Apr 2026 (87 days). MEDIUM by Oct 2026, HOT by Jan 2027, ULTRA HOT by Apr 2027.",Your Non-government debt at IND-RA hits ULTRA HOT in Apr 2027. Start ACER process by Jan 2027 to be ahead of Q2 2027 renewal rush.,ADD to Aug Wk2 - SEBI pre-license relationship wave
Price & Buckland (India) Pvt. Ltd.,IND-RA,Non-government debt,B-/A4,2026-04-02,6.3,Agro & Food,LOW (<90 days),Q2 2027,HOT by Jan 2027,False,"INC since Apr 2026 (87 days). MEDIUM by Oct 2026, HOT by Jan 2027, ULTRA HOT by Apr 2027.",Your Non-government debt at IND-RA hits ULTRA HOT in Apr 2027. Start ACER process by Jan 2027 to be ahead of Q2 2027 renewal rush.,ADD to Aug Wk2 - SEBI pre-license relationship wave
Narmada Agrobase Ltd.,IND-RA,Non-government debt,B-/A4,2026-04-02,6.23,Agro & Food,LOW (<90 days),Q2 2027,HOT by Jan 2027,False,"INC since Apr 2026 (87 days). MEDIUM by Oct 2026, HOT by Jan 2027, ULTRA HOT by Apr 2027.",Your Non-government debt at IND-RA hits ULTRA HOT in Apr 2027. Start ACER process by Jan 2027 to be ahead of Q2 2027 renewal rush.,ADD to Aug Wk2 - SEBI pre-license relationship wave
3 G Telecom Infra India Pvt. Ltd.,IND-RA,Non-government debt,B-/A4,2026-04-02,6.04,Construction,LOW (<90 days),Q2 2027,HOT by Jan 2027,False,"INC since Apr 2026 (87 days). MEDIUM by Oct 2026, HOT by Jan 2027, ULTRA HOT by Apr 2027.",Your Non-government debt at IND-RA hits ULTRA HOT in Apr 2027. Start ACER process by Jan 2027 to be ahead of Q2 2027 renewal rush.,ADD to Aug Wk2 - SEBI pre-license relationship wave
Cleantec Infra Pvt. Ltd.,IND-RA,Non-government debt,B/A4,2026-04-02,6.0,Construction,LOW (<90 days),Q2 2027,HOT by Jan 2027,False,"INC since Apr 2026 (87 days). MEDIUM by Oct 2026, HOT by Jan 2027, ULTRA HOT by Apr 2027.",Your Non-government debt at IND-RA hits ULTRA HOT in Apr 2027. Start ACER process by Jan 2027 to be ahead of Q2 2027 renewal rush.,ADD to Aug Wk2 - SEBI pre-license relationship wave
Vijay Jindal Builders Pvt. Ltd.,IND-RA,Non-government debt,B/A4,2026-04-02,6.0,Construction,LOW (<90 days),Q2 2027,HOT by Jan 2027,False,"INC since Apr 2026 (87 days). MEDIUM by Oct 2026, HOT by Jan 2027, ULTRA HOT by Apr 2027.",Your Non-government debt at IND-RA hits ULTRA HOT in Apr 2027. Start ACER process by Jan 2027 to be ahead of Q2 2027 renewal rush.,ADD to Aug Wk2 - SEBI pre-license relationship wave
Punjab Metal Works Pvt. Ltd.,IND-RA,Non-government debt,B-/A4,2026-04-02,5.5,Steel & Metals,LOW (<90 days),Q2 2027,HOT by Jan 2027,False,"INC since Apr 2026 (87 days). MEDIUM by Oct 2026, HOT by Jan 2027, ULTRA HOT by Apr 2027.",Your Non-government debt at IND-RA hits ULTRA HOT in Apr 2027. Start ACER process by Jan 2027 to be ahead of Q2 2027 renewal rush.,ADD to Aug Wk2 - SEBI pre-license relationship wave
Regrow Biosciences Pvt. Ltd.,IND-RA,Non-government debt,B-/A4,2026-04-02,5.2,Other,LOW (<90 days),Q2 2027,HOT by Jan 2027,False,"INC since Apr 2026 (87 days). MEDIUM by Oct 2026, HOT by Jan 2027, ULTRA HOT by Apr 2027.",Your Non-government debt at IND-RA hits ULTRA HOT in Apr 2027. Start ACER process by Jan 2027 to be ahead of Q2 2027 renewal rush.,ADD to Aug Wk2 - SEBI pre-license relationship wave
B A S S Minerals India Pvt. Ltd.,IND-RA,Non-government debt,B-/A4,2026-04-02,5.0,Mining & Minerals,LOW (<90 days),Q2 2027,HOT by Jan 2027,False,"INC since Apr 2026 (87 days). MEDIUM by Oct 2026, HOT by Jan 2027, ULTRA HOT by Apr 2027.",Your Non-government debt at IND-RA hits ULTRA HOT in Apr 2027. Start ACER process by Jan 2027 to be ahead of Q2 2027 renewal rush.,ADD to Aug Wk2 - SEBI pre-license relationship wave
Mahalaxmi Automotives Wheels Pvt. Ltd.,IND-RA,Non-government debt,B-/A4,2026-04-02,2.3,Automobiles,LOW (<90 days),Q2 2027,HOT by Jan 2027,False,"INC since Apr 2026 (87 days). MEDIUM by Oct 2026, HOT by Jan 2027, ULTRA HOT by Apr 2027.",Your Non-government debt at IND-RA hits ULTRA HOT in Apr 2027. Start ACER process by Jan 2027 to be ahead of Q2 2027 renewal rush.,ADD to Aug Wk2 - SEBI pre-license relationship wave
Lulu India Shopping Mall Pvt. Ltd.,IND-RA,NCD/Bond,BBB/A3+,2026-03-11,120.0,Other,LOW/MEDIUM,Q1 2027,Dec 2026 – Jan 2027,False,INC rating hits ULTRA HOT on 2027-03-11 — prime Q1 2027 renewal target,Your NCD/Bond at IND-RA goes critical in Mar 2027. Start ACER process in Sep 2026 — before the Q1 rush.,ADD to Aug Wk2 - SEBI pre-license relationship wave
Asclepius Hospitals & Health Care Pvt. Ltd.,IND-RA,NCD/Bond,B-/A4,2026-03-27,49.81,Healthcare,LOW/MEDIUM,Q1 2027,Dec 2026 – Jan 2027,False,INC rating hits ULTRA HOT on 2027-03-27 — prime Q1 2027 renewal target,Your NCD/Bond at IND-RA goes critical in Mar 2027. Start ACER process in Sep 2026 — before the Q1 rush.,ADD to Aug Wk2 - SEBI pre-license relationship wave
Vipul Organics Ltd.,IND-RA,NCD/Bond,B/A4,2026-03-25,37.15,Other,LOW/MEDIUM,Q1 2027,Dec 2026 – Jan 2027,False,INC rating hits ULTRA HOT on 2027-03-25 — prime Q1 2027 renewal target,Your NCD/Bond at IND-RA goes critical in Mar 2027. Start ACER process in Sep 2026 — before the Q1 rush.,ADD to Aug Wk2 - SEBI pre-license relationship wave
S S V Fab Inds. Pvt. Ltd.,IND-RA,NCD/Bond,B/A4,2026-03-24,21.0,Other,LOW/MEDIUM,Q1 2027,Dec 2026 – Jan 2027,False,INC rating hits ULTRA HOT on 2027-03-24 — prime Q1 2027 renewal target,Your NCD/Bond at IND-RA goes critical in Mar 2027. Start ACER process in Sep 2026 — before the Q1 rush.,ADD to Aug Wk2 - SEBI pre-license relationship wave
Shri Ambalika Sugar Pvt. Ltd.,IND-RA,NCD/Bond,B/A4,24-Nov-2025,550.0,Agro & Food,MEDIUM,October 2026,Nov Wk4 (Nov 22-30),False,INC rating hits ULTRA HOT threshold on 2026-11-24 — first call window,Get ahead of the Oct/Nov renewal rush; start ACER process now before IND-RA backlog builds,ADD to Aug Wk2 - SEBI pre-license relationship wave
B L Agro Inds. Ltd.,IND-RA,NCD/Bond,B-/A4,24-Nov-2025,352.0,Agro & Food,MEDIUM,October 2026,Nov Wk4 (Nov 22-30),False,INC rating hits ULTRA HOT threshold on 2026-11-24 — first call window,Get ahead of the Oct/Nov renewal rush; start ACER process now before IND-RA backlog builds,ADD to Aug Wk2 - SEBI pre-license relationship wave
Standard Infratech India Pvt. Ltd.,IND-RA,NCD/Bond,BB+/A4+,06-Oct-2025,163.05,Construction,MEDIUM,October 2026,Oct Wk1 (Oct 1-7),False,INC rating hits ULTRA HOT threshold on 2026-10-06 — first call window,Get ahead of the Oct/Nov renewal rush; start ACER process now before IND-RA backlog builds,ADD to Aug Wk2 - SEBI pre-license relationship wave
Shiv Aum Steels Ltd.,IND-RA,NCD/Bond,B/A4,24-Nov-2025,65.0,Steel & Metals,MEDIUM,October 2026,Nov Wk4 (Nov 22-30),False,INC rating hits ULTRA HOT threshold on 2026-11-24 — first call window,Get ahead of the Oct/Nov renewal rush; start ACER process now before IND-RA backlog builds,ADD to Aug Wk2 - SEBI pre-license relationship wave
Kandui Industries Pvt. Ltd.,IND-RA,NCD/Bond,B-/A4,24-Nov-2025,56.89,Manufacturing,MEDIUM,October 2026,Nov Wk4 (Nov 22-30),False,INC rating hits ULTRA HOT threshold on 2026-11-24 — first call window,Get ahead of the Oct/Nov renewal rush; start ACER process now before IND-RA backlog builds,ADD to Aug Wk2 - SEBI pre-license relationship wave
Trijal Enterprise Pvt. Ltd.,IND-RA,NCD/Bond,B-/A4,24-Nov-2025,55.0,Other,MEDIUM,October 2026,Nov Wk4 (Nov 22-30),False,INC rating hits ULTRA HOT threshold on 2026-11-24 — first call window,Get ahead of the Oct/Nov renewal rush; start ACER process now before IND-RA backlog builds,ADD to Aug Wk2 - SEBI pre-license relationship wave
Shyam Spectra Pvt. Ltd.,IND-RA,NCD/Bond,BB/A4+,28-Nov-2025,52.17,Other,MEDIUM,October 2026,Nov Wk4 (Nov 22-30),False,INC rating hits ULTRA HOT threshold on 2026-11-28 — first call window,Get ahead of the Oct/Nov renewal rush; start ACER process now before IND-RA backlog builds,ADD to Aug Wk2 - SEBI pre-license relationship wave
Kumar Spintex Pvt. Ltd.,IND-RA,NCD/Bond,BB-/A4+,11-Nov-2025,43.27,Other,MEDIUM,October 2026,Nov Wk2 (Nov 8-14),False,INC rating hits ULTRA HOT threshold on 2026-11-11 — first call window,Get ahead of the Oct/Nov renewal rush; start ACER process now before IND-RA backlog builds,ADD to Aug Wk2 - SEBI pre-license relationship wave
Safety Controls & Devices Ltd.,IND-RA,NCD/Bond,B-/A4,24-Nov-2025,42.0,Other,MEDIUM,October 2026,Nov Wk4 (Nov 22-30),False,INC rating hits ULTRA HOT threshold on 2026-11-24 — first call window,Get ahead of the Oct/Nov renewal rush; start ACER process now before IND-RA backlog builds,ADD to Aug Wk2 - SEBI pre-license relationship wave
Harihar Alloys Pvt. Ltd.,IND-RA,NCD/Bond,B-/A4,24-Nov-2025,41.31,Steel & Metals,MEDIUM,October 2026,Nov Wk4 (Nov 22-30),False,INC rating hits ULTRA HOT threshold on 2026-11-24 — first call window,Get ahead of the Oct/Nov renewal rush; start ACER process now before IND-RA backlog builds,ADD to Aug Wk2 - SEBI pre-license relationship wave
Hindustan Prefab Ltd.,IND-RA,NCD/Bond,B-/A4,17-Oct-2025,40.0,Other,MEDIUM,October 2026,Oct Wk3 (Oct 15-21),False,INC rating hits ULTRA HOT threshold on 2026-10-17 — first call window,Get ahead of the Oct/Nov renewal rush; start ACER process now before IND-RA backlog builds,ADD to Aug Wk2 - SEBI pre-license relationship wave
Piyush Infratech Pvt. Ltd.,IND-RA,NCD/Bond,B+/A4,17-Oct-2025,40.0,Construction,MEDIUM,October 2026,Oct Wk3 (Oct 15-21),False,INC rating hits ULTRA HOT threshold on 2026-10-17 — first call window,Get ahead of the Oct/Nov renewal rush; start ACER process now before IND-RA backlog builds,ADD to Aug Wk2 - SEBI pre-license relationship wave
Prashu Minerals & Services Pvt. Ltd.,IND-RA,NCD/Bond,B/A4,24-Nov-2025,40.0,Mining & Minerals,MEDIUM,October 2026,Nov Wk4 (Nov 22-30),False,INC rating hits ULTRA HOT threshold on 2026-11-24 — first call window,Get ahead of the Oct/Nov renewal rush; start ACER process now before IND-RA backlog builds,ADD to Aug Wk2 - SEBI pre-license relationship wave
R S G Exports Pvt. Ltd.,IND-RA,NCD/Bond,B-/A4,24-Nov-2025,35.0,Logistics,MEDIUM,October 2026,Nov Wk4 (Nov 22-30),False,INC rating hits ULTRA HOT threshold on 2026-11-24 — first call window,Get ahead of the Oct/Nov renewal rush; start ACER process now before IND-RA backlog builds,ADD to Aug Wk2 - SEBI pre-license relationship wave
Speedy Multimodes Ltd.,IND-RA,NCD/Bond,B-/A4,24-Nov-2025,34.5,Other,MEDIUM,October 2026,Nov Wk4 (Nov 22-30),False,INC rating hits ULTRA HOT threshold on 2026-11-24 — first call window,Get ahead of the Oct/Nov renewal rush; start ACER process now before IND-RA backlog builds,ADD to Aug Wk2 - SEBI pre-license relationship wave
Patdiam Jewellery Ltd.,IND-RA,NCD/Bond,B-/A4,24-Nov-2025,21.0,Jewellery/Gems,MEDIUM,October 2026,Nov Wk4 (Nov 22-30),False,INC rating hits ULTRA HOT threshold on 2026-11-24 — first call window,Get ahead of the Oct/Nov renewal rush; start ACER process now before IND-RA backlog builds,ADD to Aug Wk2 - SEBI pre-license relationship wave
Jasmine Towels Pvt. Ltd.,IND-RA,NCD/Bond,B/A4,24-Nov-2025,18.25,Other,MEDIUM,October 2026,Nov Wk4 (Nov 22-30),False,INC rating hits ULTRA HOT threshold on 2026-11-24 — first call window,Get ahead of the Oct/Nov renewal rush; start ACER process now before IND-RA backlog builds,ADD to Aug Wk2 - SEBI pre-license relationship wave
Premier Seafoods Exim Pvt. Ltd.,IND-RA,NCD/Bond,B-/A4,24-Nov-2025,18.0,Agro & Food,MEDIUM,October 2026,Nov Wk4 (Nov 22-30),False,INC rating hits ULTRA HOT threshold on 2026-11-24 — first call window,Get ahead of the Oct/Nov renewal rush; start ACER process now before IND-RA backlog builds,ADD to Aug Wk2 - SEBI pre-license relationship wave
Fiza Developers & Infrastructure Pvt. Ltd.,IND-RA,NCD/Bond,B-/A4,24-Nov-2025,15.0,Construction,MEDIUM,October 2026,Nov Wk4 (Nov 22-30),False,INC rating hits ULTRA HOT threshold on 2026-11-24 — first call window,Get ahead of the Oct/Nov renewal rush; start ACER process now before IND-RA backlog builds,ADD to Aug Wk2 - SEBI pre-license relationship wave
Ramnik Power & Alloys Pvt. Ltd.,IND-RA,NCD/Bond,B-/A4,08-Oct-2025,13.77,Steel & Metals,MEDIUM,October 2026,Oct Wk2 (Oct 8-14),False,INC rating hits ULTRA HOT threshold on 2026-10-08 — first call window,Get ahead of the Oct/Nov renewal rush; start ACER process now before IND-RA backlog builds,ADD to Aug Wk2 - SEBI pre-license relationship wave
Akal Spring Ltd.,IND-RA,NCD/Bond,B+/A4,17-Oct-2025,13.37,Other,MEDIUM,October 2026,Oct Wk3 (Oct 15-21),False,INC rating hits ULTRA HOT threshold on 2026-10-17 — first call window,Get ahead of the Oct/Nov renewal rush; start ACER process now before IND-RA backlog builds,ADD to Aug Wk2 - SEBI pre-license relationship wave
Bemco Sleepers Ltd.,IND-RA,NCD/Bond,B-/A4,24-Nov-2025,13.1,Other,MEDIUM,October 2026,Nov Wk4 (Nov 22-30),False,INC rating hits ULTRA HOT threshold on 2026-11-24 — first call window,Get ahead of the Oct/Nov renewal rush; start ACER process now before IND-RA backlog builds,ADD to Aug Wk2 - SEBI pre-license relationship wave
Standard Cartons Pvt. Ltd.,IND-RA,NCD/Bond,B-/A4,24-Nov-2025,6.34,Paper/Packaging,MEDIUM,October 2026,Nov Wk4 (Nov 22-30),False,INC rating hits ULTRA HOT threshold on 2026-11-24 — first call window,Get ahead of the Oct/Nov renewal rush; start ACER process now before IND-RA backlog builds,ADD to Aug Wk2 - SEBI pre-license relationship wave
Sangat Printers Pvt. Ltd.,IND-RA,NCD/Bond,B-/A4,24-Nov-2025,6.1,Paper/Packaging,MEDIUM,October 2026,Nov Wk4 (Nov 22-30),False,INC rating hits ULTRA HOT threshold on 2026-11-24 — first call window,Get ahead of the Oct/Nov renewal rush; start ACER process now before IND-RA backlog builds,ADD to Aug Wk2 - SEBI pre-license relationship wave
Dev'S Chem Tec Pvt. Ltd.,IND-RA,NCD/Bond,B-/A4,24-Nov-2025,6.0,Chemicals & Pharma,MEDIUM,October 2026,Nov Wk4 (Nov 22-30),False,INC rating hits ULTRA HOT threshold on 2026-11-24 — first call window,Get ahead of the Oct/Nov renewal rush; start ACER process now before IND-RA backlog builds,ADD to Aug Wk2 - SEBI pre-license relationship wave
Rushabh Flour Mills Pvt. Ltd.,IND-RA,NCD/Bond,B-/A4,24-Nov-2025,6.0,Agro & Food,MEDIUM,October 2026,Nov Wk4 (Nov 22-30),False,INC rating hits ULTRA HOT threshold on 2026-11-24 — first call window,Get ahead of the Oct/Nov renewal rush; start ACER process now before IND-RA backlog builds,ADD to Aug Wk2 - SEBI pre-license relationship wave
S K M Infraventure Pvt. Ltd.,IND-RA,NCD/Bond,B-/A4,24-Nov-2025,6.0,Construction,MEDIUM,October 2026,Nov Wk4 (Nov 22-30),False,INC rating hits ULTRA HOT threshold on 2026-11-24 — first call window,Get ahead of the Oct/Nov renewal rush; start ACER process now before IND-RA backlog builds,ADD to Aug Wk2 - SEBI pre-license relationship wave
Precise Automation & Control Pvt. Ltd.,IND-RA,NCD/Bond,B-/A4,24-Nov-2025,5.89,Automobiles,MEDIUM,October 2026,Nov Wk4 (Nov 22-30),False,INC rating hits ULTRA HOT threshold on 2026-11-24 — first call window,Get ahead of the Oct/Nov renewal rush; start ACER process now before IND-RA backlog builds,ADD to Aug Wk2 - SEBI pre-license relationship wave
Aikya Chemicals Pvt. Ltd.,IND-RA,NCD/Bond,B-/A4,24-Nov-2025,5.5,Chemicals & Pharma,MEDIUM,October 2026,Nov Wk4 (Nov 22-30),False,INC rating hits ULTRA HOT threshold on 2026-11-24 — first call window,Get ahead of the Oct/Nov renewal rush; start ACER process now before IND-RA backlog builds,ADD to Aug Wk2 - SEBI pre-license relationship wave
A A A Textiles Pvt. Ltd.,IND-RA,NCD/Bond,BB/A4+,08-Oct-2025,5.36,Construction,MEDIUM,October 2026,Oct Wk2 (Oct 8-14),False,INC rating hits ULTRA HOT threshold on 2026-10-08 — first call window,Get ahead of the Oct/Nov renewal rush; start ACER process now before IND-RA backlog builds,ADD to Aug Wk2 - SEBI pre-license relationship wave
Digilogic Systems Ltd.,IND-RA,NCD/Bond,B-/A4,24-Nov-2025,4.8,Other,MEDIUM,October 2026,Nov Wk4 (Nov 22-30),False,INC rating hits ULTRA HOT threshold on 2026-11-24 — first call window,Get ahead of the Oct/Nov renewal rush; start ACER process now before IND-RA backlog builds,ADD to Aug Wk2 - SEBI pre-license relationship wave
Ailsinghani Transport Pvt. Ltd.,IND-RA,NCD/Bond,B-/A4,24-Nov-2025,4.0,Logistics,MEDIUM,October 2026,Nov Wk4 (Nov 22-30),False,INC rating hits ULTRA HOT threshold on 2026-11-24 — first call window,Get ahead of the Oct/Nov renewal rush; start ACER process now before IND-RA backlog builds,ADD to Aug Wk2 - SEBI pre-license relationship wave
Dhaulagiree Polyolefins Pvt. Ltd.,IND-RA,NCD/Bond,B-/A4,24-Nov-2025,3.4,Other,MEDIUM,October 2026,Nov Wk4 (Nov 22-30),False,INC rating hits ULTRA HOT threshold on 2026-11-24 — first call window,Get ahead of the Oct/Nov renewal rush; start ACER process now before IND-RA backlog builds,ADD to Aug Wk2 - SEBI pre-license relationship wave
Magnite Developers Private Limited,Infomerics,Non - Convertible Debentures,IVR BB+ (INC) (Downgraded),2026-01-01,800.0,Other,LOW/MEDIUM,Q1 2027,Oct–Nov 2026 — Call now (HOT by Oct),False,INC rating hits ULTRA HOT on 2027-01-01 — exclusive Q1 2027 whitespace lead,Your Infomerics INC rating goes critical in Jan 2027. ACER is your best alternative — no competitor has approached you.,ADD to Aug Wk2 - SEBI pre-license relationship wave
India Home Loan Limited,Infomerics,Non-Convertible Debenture,IVR D (INC) (Reaffirmed),2026-01-23,19.93,Other,LOW/MEDIUM,Q1 2027,Oct–Nov 2026 — Call now (HOT by Oct),False,INC rating hits ULTRA HOT on 2027-01-23 — exclusive Q1 2027 whitespace lead,Your Infomerics INC rating goes critical in Jan 2027. ACER is your best alternative — no competitor has approached you.,ADD to Aug Wk2 - SEBI pre-license relationship wave
Kings Infra Ventures Limited,Infomerics,Non-Convertible Debentures,IVR B+ (INC)(Reaffirmed),10-Oct-2025,3.71,Construction,MEDIUM,October 2026,Oct Wk2 (Oct 8-14),False,INC rating hits ULTRA HOT threshold on 2026-10-10 — first call window,Get ahead of the Oct/Nov renewal rush; start ACER process now before Infomerics backlog builds,ADD to Aug Wk2 - SEBI pre-license relationship wave
N M Foodimpex Pvt. Ltd.,BRICKWORK,NCD/Bond,C,2025-12-26,2.0,Agro & Food,HOT,Q1 2027,Sep–Oct 2026 — Call 3 months ahead,True,INC rating hits ULTRA HOT on 2026-12-26 — prime Q1 2027 renewal target,Your NCD/Bond at BRICKWORK goes critical in Dec 2026. Start ACER process in Sep 2026 — before the Q1 rush.,Already in Aug Wk1 (Tier 1) - no action needed
Sunplast Electronics Pvt. Ltd.,BRICKWORK,NCD/Bond,B+/A4,07-Apr-2026,34.0,Other,LOW,October 2026,Oct Wk1 (Oct 1-7),True,INC rating hits MEDIUM threshold on 2026-10-04 — first call window,Get ahead of the Oct/Nov renewal rush; start ACER process now before BRICKWORK backlog builds,Already in Aug Wk1 (Tier 1) - no action needed
Milando Fashions Ltd.,BRICKWORK,NCD/Bond,C/A4,24-Feb-2026,12.0,Textiles,LOW,October 2026,Nov Wk3 (Nov 15-21),True,INC rating hits HOT threshold on 2026-11-21 — first call window,Get ahead of the Oct/Nov renewal rush; start ACER process now before BRICKWORK backlog builds,Already in Aug Wk1 (Tier 1) - no action needed
M J Gold Pvt. Ltd.,BRICKWORK,NCD/Bond,B-,07-Apr-2026,12.0,Jewellery/Gems,LOW,October 2026,Oct Wk1 (Oct 1-7),True,INC rating hits MEDIUM threshold on 2026-10-04 — first call window,Get ahead of the Oct/Nov renewal rush; start ACER process now before BRICKWORK backlog builds,Already in Aug Wk1 (Tier 1) - no action needed
Jayesh Industries Ltd.,BRICKWORK,NCD/Bond,C,19-Feb-2026,8.75,Manufacturing,LOW,October 2026,Nov Wk3 (Nov 15-21),True,INC rating hits HOT threshold on 2026-11-16 — first call window,Get ahead of the Oct/Nov renewal rush; start ACER process now before BRICKWORK backlog builds,Already in Aug Wk1 (Tier 1) - no action needed
Reliance Home Finance Ltd.,BRICKWORK,NCD/Bond,PP-MLD D,28-Oct-2025,100.0,BFSI,MEDIUM,October 2026,Oct Wk4 (Oct 22-31),True,INC rating hits ULTRA HOT threshold on 2026-10-28 — first call window,Get ahead of the Oct/Nov renewal rush; start ACER process now before BRICKWORK backlog builds,Already in Aug Wk1 (Tier 1) - no action needed
Reliance Commercial Finance Ltd.,BRICKWORK,NCD/Bond,PP-MLD D,06-Nov-2025,50.0,BFSI,MEDIUM,October 2026,Nov Wk1 (Nov 1-7),True,INC rating hits ULTRA HOT threshold on 2026-11-06 — first call window,Get ahead of the Oct/Nov renewal rush; start ACER process now before BRICKWORK backlog builds,Already in Aug Wk1 (Tier 1) - no action needed
Invreco Pvt. Ltd.,CARE,NCD/Bond,BBB+/A2,2025-12-01,250.0,Other,HOT,Q1 2027,Sep–Oct 2026 — Call 3 months ahead,True,INC rating hits ULTRA HOT on 2026-12-01 — prime Q1 2027 renewal target,Your NCD/Bond at CARE goes critical in Dec 2026. Start ACER process in Sep 2026 — before the Q1 rush.,Already in Aug Wk1 (Tier 1) - no action needed
Excelsource International Pvt. Ltd.,CARE,NCD/Bond,B+/A4,2025-12-22,128.0,Other,HOT,Q1 2027,Sep–Oct 2026 — Call 3 months ahead,True,INC rating hits ULTRA HOT on 2026-12-22 — prime Q1 2027 renewal target,Your NCD/Bond at CARE goes critical in Dec 2026. Start ACER process in Sep 2026 — before the Q1 rush.,Already in Aug Wk1 (Tier 1) - no action needed
Siddhartha Engineering Ltd.,CARE,NCD/Bond,C/A4,2025-12-16,95.75,Manufacturing,HOT,Q1 2027,Sep–Oct 2026 — Call 3 months ahead,True,INC rating hits ULTRA HOT on 2026-12-16 — prime Q1 2027 renewal target,Your NCD/Bond at CARE goes critical in Dec 2026. Start ACER process in Sep 2026 — before the Q1 rush.,Already in Aug Wk1 (Tier 1) - no action needed
W F B Baird & Co. India Pvt. Ltd.,CARE,NCD/Bond,BBB-/A3,2025-12-26,90.0,Other,HOT,Q1 2027,Sep–Oct 2026 — Call 3 months ahead,True,INC rating hits ULTRA HOT on 2026-12-26 — prime Q1 2027 renewal target,Your NCD/Bond at CARE goes critical in Dec 2026. Start ACER process in Sep 2026 — before the Q1 rush.,Already in Aug Wk1 (Tier 1) - no action needed
Manohar Lal Sarraf & Sons Jewellers Pvt. Ltd.,CARE,NCD/Bond,BB+/A4,2025-12-02,83.0,Jewellery,HOT,Q1 2027,Sep–Oct 2026 — Call 3 months ahead,True,INC rating hits ULTRA HOT on 2026-12-02 — prime Q1 2027 renewal target,Your NCD/Bond at CARE goes critical in Dec 2026. Start ACER process in Sep 2026 — before the Q1 rush.,Already in Aug Wk1 (Tier 1) - no action needed
Valiant Glass Works Pvt. Ltd.,CARE,NCD/Bond,B/A4,2025-12-08,70.0,Other,HOT,Q1 2027,Sep–Oct 2026 — Call 3 months ahead,True,INC rating hits ULTRA HOT on 2026-12-08 — prime Q1 2027 renewal target,Your NCD/Bond at CARE goes critical in Dec 2026. Start ACER process in Sep 2026 — before the Q1 rush.,Already in Aug Wk1 (Tier 1) - no action needed
Ktex Nonwovens Pvt. Ltd.,CARE,NCD/Bond,BB/A4,2025-12-24,65.0,Other,HOT,Q1 2027,Sep–Oct 2026 — Call 3 months ahead,True,INC rating hits ULTRA HOT on 2026-12-24 — prime Q1 2027 renewal target,Your NCD/Bond at CARE goes critical in Dec 2026. Start ACER process in Sep 2026 — before the Q1 rush.,Already in Aug Wk1 (Tier 1) - no action needed
I G W India Technologies Pvt. Ltd.,CARE,NCD/Bond,BBB+/A2,2025-12-26,50.0,IT/Technology,HOT,Q1 2027,Sep–Oct 2026 — Call 3 months ahead,True,INC rating hits ULTRA HOT on 2026-12-26 — prime Q1 2027 renewal target,Your NCD/Bond at CARE goes critical in Dec 2026. Start ACER process in Sep 2026 — before the Q1 rush.,Already in Aug Wk1 (Tier 1) - no action needed
Viswaat Chemicals Ltd.,CARE,NCD/Bond,BB/A4,2025-12-01,44.0,Chemicals & Pharma,HOT,Q1 2027,Sep–Oct 2026 — Call 3 months ahead,True,INC rating hits ULTRA HOT on 2026-12-01 — prime Q1 2027 renewal target,Your NCD/Bond at CARE goes critical in Dec 2026. Start ACER process in Sep 2026 — before the Q1 rush.,Already in Aug Wk1 (Tier 1) - no action needed
Sarvani Tradelink Pvt. Ltd.,CARE,NCD/Bond,B+/A4,2025-12-09,25.0,Other,HOT,Q1 2027,Sep–Oct 2026 — Call 3 months ahead,True,INC rating hits ULTRA HOT on 2026-12-09 — prime Q1 2027 renewal target,Your NCD/Bond at CARE goes critical in Dec 2026. Start ACER process in Sep 2026 — before the Q1 rush.,Already in Aug Wk1 (Tier 1) - no action needed
Turbhe Chemicals Pvt. Ltd.,CARE,NCD/Bond,B+/A4,2025-12-01,21.0,Chemicals & Pharma,HOT,Q1 2027,Sep–Oct 2026 — Call 3 months ahead,True,INC rating hits ULTRA HOT on 2026-12-01 — prime Q1 2027 renewal target,Your NCD/Bond at CARE goes critical in Dec 2026. Start ACER process in Sep 2026 — before the Q1 rush.,Already in Aug Wk1 (Tier 1) - no action needed
B E Contracts Pvt. Ltd.,CARE,NCD/Bond,B/A4,2025-12-22,20.0,Other,HOT,Q1 2027,Sep–Oct 2026 — Call 3 months ahead,True,INC rating hits ULTRA HOT on 2026-12-22 — prime Q1 2027 renewal target,Your NCD/Bond at CARE goes critical in Dec 2026. Start ACER process in Sep 2026 — before the Q1 rush.,Already in Aug Wk1 (Tier 1) - no action needed
Rajdhani Crafts Inds. Pvt. Ltd.,CARE,NCD/Bond,B-/A4,2025-12-08,15.0,Other,HOT,Q1 2027,Sep–Oct 2026 — Call 3 months ahead,True,INC rating hits ULTRA HOT on 2026-12-08 — prime Q1 2027 renewal target,Your NCD/Bond at CARE goes critical in Dec 2026. Start ACER process in Sep 2026 — before the Q1 rush.,Already in Aug Wk1 (Tier 1) - no action needed
Gupta Hair Products Pvt. Ltd.,CARE,NCD/Bond,B-/A4,2025-12-05,14.75,Other,HOT,Q1 2027,Sep–Oct 2026 — Call 3 months ahead,True,INC rating hits ULTRA HOT on 2026-12-05 — prime Q1 2027 renewal target,Your NCD/Bond at CARE goes critical in Dec 2026. Start ACER process in Sep 2026 — before the Q1 rush.,Already in Aug Wk1 (Tier 1) - no action needed
Purvanchal Construction Works Pvt. Ltd.,CARE,NCD/Bond,B+/A4,2025-12-03,12.3,Construction,HOT,Q1 2027,Sep–Oct 2026 — Call 3 months ahead,True,INC rating hits ULTRA HOT on 2026-12-03 — prime Q1 2027 renewal target,Your NCD/Bond at CARE goes critical in Dec 2026. Start ACER process in Sep 2026 — before the Q1 rush.,Already in Aug Wk1 (Tier 1) - no action needed
Narayani Coke Pvt. Ltd.,CARE,NCD/Bond,BB+/A4+,2025-12-01,9.0,Other,HOT,Q1 2027,Sep–Oct 2026 — Call 3 months ahead,True,INC rating hits ULTRA HOT on 2026-12-01 — prime Q1 2027 renewal target,Your NCD/Bond at CARE goes critical in Dec 2026. Start ACER process in Sep 2026 — before the Q1 rush.,Already in Aug Wk1 (Tier 1) - no action needed
Agrasen Iron & Steels Pvt. Ltd.,CARE,NCD/Bond,BB+/A4+,2025-12-02,9.0,Steel & Metals,HOT,Q1 2027,Sep–Oct 2026 — Call 3 months ahead,True,INC rating hits ULTRA HOT on 2026-12-02 — prime Q1 2027 renewal target,Your NCD/Bond at CARE goes critical in Dec 2026. Start ACER process in Sep 2026 — before the Q1 rush.,Already in Aug Wk1 (Tier 1) - no action needed
Luker Electric Technologies Pvt. Ltd.,CARE,NCD/Bond,BBB/A3,2025-12-08,9.0,Energy,HOT,Q1 2027,Sep–Oct 2026 — Call 3 months ahead,True,INC rating hits ULTRA HOT on 2026-12-08 — prime Q1 2027 renewal target,Your NCD/Bond at CARE goes critical in Dec 2026. Start ACER process in Sep 2026 — before the Q1 rush.,Already in Aug Wk1 (Tier 1) - no action needed
Rhino Lux Pvt. Ltd.,CARE,NCD/Bond,B-/A4,2025-12-23,9.0,Other,HOT,Q1 2027,Sep–Oct 2026 — Call 3 months ahead,True,INC rating hits ULTRA HOT on 2026-12-23 — prime Q1 2027 renewal target,Your NCD/Bond at CARE goes critical in Dec 2026. Start ACER process in Sep 2026 — before the Q1 rush.,Already in Aug Wk1 (Tier 1) - no action needed
Borana Weaves Ltd.,CARE,NCD/Bond,BB+/A4+,2025-12-26,7.0,Other,HOT,Q1 2027,Sep–Oct 2026 — Call 3 months ahead,True,INC rating hits ULTRA HOT on 2026-12-26 — prime Q1 2027 renewal target,Your NCD/Bond at CARE goes critical in Dec 2026. Start ACER process in Sep 2026 — before the Q1 rush.,Already in Aug Wk1 (Tier 1) - no action needed
Adachi Natural Polymer Ltd.,CARE,NCD/Bond,B-/A4,2025-12-01,6.5,Chemicals & Pharma,HOT,Q1 2027,Sep–Oct 2026 — Call 3 months ahead,True,INC rating hits ULTRA HOT on 2026-12-01 — prime Q1 2027 renewal target,Your NCD/Bond at CARE goes critical in Dec 2026. Start ACER process in Sep 2026 — before the Q1 rush.,Already in Aug Wk1 (Tier 1) - no action needed
Shree Seco Pvt. Ltd.,CARE,NCD/Bond,B-/A4,2025-12-03,6.5,Other,HOT,Q1 2027,Sep–Oct 2026 — Call 3 months ahead,True,INC rating hits ULTRA HOT on 2026-12-03 — prime Q1 2027 renewal target,Your NCD/Bond at CARE goes critical in Dec 2026. Start ACER process in Sep 2026 — before the Q1 rush.,Already in Aug Wk1 (Tier 1) - no action needed
B D Security Ltd.,CARE,NCD/Bond,BB/A4,2025-12-08,3.22,Other,HOT,Q1 2027,Sep–Oct 2026 — Call 3 months ahead,True,INC rating hits ULTRA HOT on 2026-12-08 — prime Q1 2027 renewal target,Your NCD/Bond at CARE goes critical in Dec 2026. Start ACER process in Sep 2026 — before the Q1 rush.,Already in Aug Wk1 (Tier 1) - no action needed
Shri Ram Rubtech Pvt. Ltd.,CARE,NCD/Bond,B-/A4,2025-12-11,3.0,IT/Technology,HOT,Q1 2027,Sep–Oct 2026 — Call 3 months ahead,True,INC rating hits ULTRA HOT on 2026-12-11 — prime Q1 2027 renewal target,Your NCD/Bond at CARE goes critical in Dec 2026. Start ACER process in Sep 2026 — before the Q1 rush.,Already in Aug Wk1 (Tier 1) - no action needed
Fine Pac Structures Pvt. Ltd.,CARE,NCD/Bond,B-/A4,2025-12-04,2.8,Other,HOT,Q1 2027,Sep–Oct 2026 — Call 3 months ahead,True,INC rating hits ULTRA HOT on 2026-12-04 — prime Q1 2027 renewal target,Your NCD/Bond at CARE goes critical in Dec 2026. Start ACER process in Sep 2026 — before the Q1 rush.,Already in Aug Wk1 (Tier 1) - no action needed
Alfa-Therm Ltd.,CARE,NCD/Bond,B-/A4,2025-12-01,2.67,Other,HOT,Q1 2027,Sep–Oct 2026 — Call 3 months ahead,True,INC rating hits ULTRA HOT on 2026-12-01 — prime Q1 2027 renewal target,Your NCD/Bond at CARE goes critical in Dec 2026. Start ACER process in Sep 2026 — before the Q1 rush.,Already in Aug Wk1 (Tier 1) - no action needed
Fenasia Ltd.,CARE,NCD/Bond,A 4,2025-12-17,1.0,Other,HOT,Q1 2027,Sep–Oct 2026 — Call 3 months ahead,True,INC rating hits ULTRA HOT on 2026-12-17 — prime Q1 2027 renewal target,Your NCD/Bond at CARE goes critical in Dec 2026. Start ACER process in Sep 2026 — before the Q1 rush.,Already in Aug Wk1 (Tier 1) - no action needed
Nidhi Auto Pvt. Ltd.,CARE,NCD/Bond,B-/A4,2025-12-11,0.3,Manufacturing,HOT,Q1 2027,Sep–Oct 2026 — Call 3 months ahead,True,INC rating hits ULTRA HOT on 2026-12-11 — prime Q1 2027 renewal target,Your NCD/Bond at CARE goes critical in Dec 2026. Start ACER process in Sep 2026 — before the Q1 rush.,Already in Aug Wk1 (Tier 1) - no action needed
Mahajan Fabrics Pvt. Ltd.,CARE,NCD/Bond,B-/A4,2025-12-11,0.21,Textiles,HOT,Q1 2027,Sep–Oct 2026 — Call 3 months ahead,True,INC rating hits ULTRA HOT on 2026-12-11 — prime Q1 2027 renewal target,Your NCD/Bond at CARE goes critical in Dec 2026. Start ACER process in Sep 2026 — before the Q1 rush.,Already in Aug Wk1 (Tier 1) - no action needed
Shree Hari Infraprojects Pvt. Ltd.,CARE,NCD/Bond,BB/A4,16-Apr-2026,323.0,Construction,LOW,October 2026,Oct Wk2 (Oct 8-14),True,INC rating hits MEDIUM threshold on 2026-10-13 — first call window,Get ahead of the Oct/Nov renewal rush; start ACER process now before CARE backlog builds,Already in Aug Wk1 (Tier 1) - no action needed
Vijai Electricals Ltd.,CARE,NCD/Bond,BB-/A4,10-Apr-2026,285.78,Energy,LOW,October 2026,Oct Wk1 (Oct 1-7),True,INC rating hits MEDIUM threshold on 2026-10-07 — first call window,Get ahead of the Oct/Nov renewal rush; start ACER process now before CARE backlog builds,Already in Aug Wk1 (Tier 1) - no action needed
Reliance Home Finance Ltd.,CARE,NCD/Bond,PP-MLD D,16-Feb-2026,200.0,BFSI,LOW,October 2026,Nov Wk2 (Nov 8-14),True,INC rating hits HOT threshold on 2026-11-13 — first call window,Get ahead of the Oct/Nov renewal rush; start ACER process now before CARE backlog builds,Already in Aug Wk1 (Tier 1) - no action needed
Dee Vee Projects Ltd.,CARE,NCD/Bond,BB-/A4,19-Feb-2026,170.0,Construction,LOW,October 2026,Nov Wk3 (Nov 15-21),True,INC rating hits HOT threshold on 2026-11-16 — first call window,Get ahead of the Oct/Nov renewal rush; start ACER process now before CARE backlog builds,Already in Aug Wk1 (Tier 1) - no action needed
Jaipur Rugs Co. Ltd.,CARE,NCD/Bond,BB-/A4,08-Jan-2026,75.0,Other,LOW,October 2026,Oct Wk1 (Oct 1-7),True,INC rating hits HOT threshold on 2026-10-05 — first call window,Get ahead of the Oct/Nov renewal rush; start ACER process now before CARE backlog builds,Already in Aug Wk1 (Tier 1) - no action needed
Skipperseil Ltd.,CARE,NCD/Bond,BB-/A4,23-Feb-2026,60.0,Other,LOW,October 2026,Nov Wk3 (Nov 15-21),True,INC rating hits HOT threshold on 2026-11-20 — first call window,Get ahead of the Oct/Nov renewal rush; start ACER process now before CARE backlog builds,Already in Aug Wk1 (Tier 1) - no action needed
Vimal Coal Pvt. Ltd.,CARE,NCD/Bond,BB-/A4,16-Apr-2026,50.0,Energy,LOW,October 2026,Oct Wk2 (Oct 8-14),True,INC rating hits MEDIUM threshold on 2026-10-13 — first call window,Get ahead of the Oct/Nov renewal rush; start ACER process now before CARE backlog builds,Already in Aug Wk1 (Tier 1) - no action needed
Vikram Roller Flour Mills Ltd.,CARE,NCD/Bond,B-/A4,29-Apr-2026,47.5,Agro & Food,LOW,October 2026,Oct Wk4 (Oct 22-31),True,INC rating hits MEDIUM threshold on 2026-10-26 — first call window,Get ahead of the Oct/Nov renewal rush; start ACER process now before CARE backlog builds,Already in Aug Wk1 (Tier 1) - no action needed
New Modern Technomech Pvt. Ltd.,CARE,NCD/Bond,C/A4,21-Apr-2026,45.0,IT/Technology,LOW,October 2026,Oct Wk3 (Oct 15-21),True,INC rating hits MEDIUM threshold on 2026-10-18 — first call window,Get ahead of the Oct/Nov renewal rush; start ACER process now before CARE backlog builds,Already in Aug Wk1 (Tier 1) - no action needed
Khedut Solvexp Pvt. Ltd.,CARE,NCD/Bond,B+/A4,03-Feb-2026,45.0,Other,LOW,October 2026,Oct Wk4 (Oct 22-31),True,INC rating hits HOT threshold on 2026-10-31 — first call window,Get ahead of the Oct/Nov renewal rush; start ACER process now before CARE backlog builds,Already in Aug Wk1 (Tier 1) - no action needed
Vipul Motors Pvt. Ltd.,CARE,NCD/Bond,B/A4,22-Apr-2026,45.0,Automobiles,LOW,October 2026,Oct Wk3 (Oct 15-21),True,INC rating hits MEDIUM threshold on 2026-10-19 — first call window,Get ahead of the Oct/Nov renewal rush; start ACER process now before CARE backlog builds,Already in Aug Wk1 (Tier 1) - no action needed
Reliance Commercial Finance Ltd.,CARE,NCD/Bond,PP-MLD D,27-Jan-2026,38.0,BFSI,LOW,October 2026,Oct Wk4 (Oct 22-31),True,INC rating hits HOT threshold on 2026-10-24 — first call window,Get ahead of the Oct/Nov renewal rush; start ACER process now before CARE backlog builds,Already in Aug Wk1 (Tier 1) - no action needed
Spansules Pharmatech Pvt. Ltd.,CARE,NCD/Bond,BB-/A4,27-Apr-2026,34.63,Chemicals & Pharma,LOW,October 2026,Oct Wk4 (Oct 22-31),True,INC rating hits MEDIUM threshold on 2026-10-24 — first call window,Get ahead of the Oct/Nov renewal rush; start ACER process now before CARE backlog builds,Already in Aug Wk1 (Tier 1) - no action needed
Envirad Projects Pvt. Ltd.,CARE,NCD/Bond,B+/A4,23-Apr-2026,30.1,Construction,LOW,October 2026,Oct Wk3 (Oct 15-21),True,INC rating hits MEDIUM threshold on 2026-10-20 — first call window,Get ahead of the Oct/Nov renewal rush; start ACER process now before CARE backlog builds,Already in Aug Wk1 (Tier 1) - no action needed
Siri Constructions Infrastructure Pvt. Ltd.,CARE,NCD/Bond,B/A4,19-Feb-2026,30.0,Construction,LOW,October 2026,Nov Wk3 (Nov 15-21),True,INC rating hits HOT threshold on 2026-11-16 — first call window,Get ahead of the Oct/Nov renewal rush; start ACER process now before CARE backlog builds,Already in Aug Wk1 (Tier 1) - no action needed
Bahl Builders Pvt. Ltd.,CARE,NCD/Bond,BB-/A4,30-Apr-2026,30.0,Construction,LOW,October 2026,Oct Wk4 (Oct 22-31),True,INC rating hits MEDIUM threshold on 2026-10-27 — first call window,Get ahead of the Oct/Nov renewal rush; start ACER process now before CARE backlog builds,Already in Aug Wk1 (Tier 1) - no action needed
Oswal Lumbers Pvt. Ltd.,CARE,NCD/Bond,B/A4,10-Apr-2026,27.0,Other,LOW,October 2026,Oct Wk1 (Oct 1-7),True,INC rating hits MEDIUM threshold on 2026-10-07 — first call window,Get ahead of the Oct/Nov renewal rush; start ACER process now before CARE backlog builds,Already in Aug Wk1 (Tier 1) - no action needed
Spansules Formulations India Pvt. Ltd.,CARE,NCD/Bond,BB-/A4,27-Apr-2026,24.13,Other,LOW,October 2026,Oct Wk4 (Oct 22-31),True,INC rating hits MEDIUM threshold on 2026-10-24 — first call window,Get ahead of the Oct/Nov renewal rush; start ACER process now before CARE backlog builds,Already in Aug Wk1 (Tier 1) - no action needed
Uttarakhand Engineering Products Pvt. Ltd.,CARE,NCD/Bond,B+/A4,12-Jan-2026,24.0,Manufacturing,LOW,October 2026,Oct Wk2 (Oct 8-14),True,INC rating hits HOT threshold on 2026-10-09 — first call window,Get ahead of the Oct/Nov renewal rush; start ACER process now before CARE backlog builds,Already in Aug Wk1 (Tier 1) - no action needed
Design & Manufacturing Vista Electronics Pvt. Ltd.,CARE,NCD/Bond,BBB/A3,06-Apr-2026,20.0,Manufacturing,LOW,October 2026,Oct Wk1 (Oct 1-7),True,INC rating hits MEDIUM threshold on 2026-10-03 — first call window,Get ahead of the Oct/Nov renewal rush; start ACER process now before CARE backlog builds,Already in Aug Wk1 (Tier 1) - no action needed
Trisquare Switchgears Pvt. Ltd.,CARE,NCD/Bond,BB-/A4,28-Apr-2026,20.0,Other,LOW,October 2026,Oct Wk4 (Oct 22-31),True,INC rating hits MEDIUM threshold on 2026-10-25 — first call window,Get ahead of the Oct/Nov renewal rush; start ACER process now before CARE backlog builds,Already in Aug Wk1 (Tier 1) - no action needed
Vista Information Systems Pvt. Ltd.,CARE,NCD/Bond,BBB/A3,06-Apr-2026,17.9,Other,LOW,October 2026,Oct Wk1 (Oct 1-7),True,INC rating hits MEDIUM threshold on 2026-10-03 — first call window,Get ahead of the Oct/Nov renewal rush; start ACER process now before CARE backlog builds,Already in Aug Wk1 (Tier 1) - no action needed
M R L Tyres Ltd.,CARE,NCD/Bond,BB+/A4+,12-Feb-2026,17.0,Automobiles,LOW,October 2026,Nov Wk2 (Nov 8-14),True,INC rating hits HOT threshold on 2026-11-09 — first call window,Get ahead of the Oct/Nov renewal rush; start ACER process now before CARE backlog builds,Already in Aug Wk1 (Tier 1) - no action needed
Rawalwasia Textile Inds. Pvt. Ltd.,CARE,NCD/Bond,B-/A4,08-Apr-2026,13.0,Textiles,LOW,October 2026,Oct Wk1 (Oct 1-7),True,INC rating hits MEDIUM threshold on 2026-10-05 — first call window,Get ahead of the Oct/Nov renewal rush; start ACER process now before CARE backlog builds,Already in Aug Wk1 (Tier 1) - no action needed
Aries Corporate Services Pvt. Ltd.,CARE,NCD/Bond,B-/A4,09-Apr-2026,13.0,Other,LOW,October 2026,Oct Wk1 (Oct 1-7),True,INC rating hits MEDIUM threshold on 2026-10-06 — first call window,Get ahead of the Oct/Nov renewal rush; start ACER process now before CARE backlog builds,Already in Aug Wk1 (Tier 1) - no action needed
Amarpali Cylinders Pvt. Ltd.,CARE,NCD/Bond,B+/A4,12-Jan-2026,12.56,Other,LOW,October 2026,Oct Wk2 (Oct 8-14),True,INC rating hits HOT threshold on 2026-10-09 — first call window,Get ahead of the Oct/Nov renewal rush; start ACER process now before CARE backlog builds,Already in Aug Wk1 (Tier 1) - no action needed
Sagar Metallics Pvt. Ltd.,CARE,NCD/Bond,B-/A4,12-Feb-2026,11.0,Steel & Metals,LOW,October 2026,Nov Wk2 (Nov 8-14),True,INC rating hits HOT threshold on 2026-11-09 — first call window,Get ahead of the Oct/Nov renewal rush; start ACER process now before CARE backlog builds,Already in Aug Wk1 (Tier 1) - no action needed
Milton Industries Ltd.,CARE,NCD/Bond,B+/A4,04-Feb-2026,10.0,Manufacturing,LOW,October 2026,Nov Wk1 (Nov 1-7),True,INC rating hits HOT threshold on 2026-11-01 — first call window,Get ahead of the Oct/Nov renewal rush; start ACER process now before CARE backlog builds,Already in Aug Wk1 (Tier 1) - no action needed
Keya Foods Intl. Pvt. Ltd.,CARE,NCD/Bond,BB-/A4,13-Apr-2026,10.0,Agro & Food,LOW,October 2026,Oct Wk2 (Oct 8-14),True,INC rating hits MEDIUM threshold on 2026-10-10 — first call window,Get ahead of the Oct/Nov renewal rush; start ACER process now before CARE backlog builds,Already in Aug Wk1 (Tier 1) - no action needed
Star Engineers (India) Pvt. Ltd.,CARE,NCD/Bond,BB/A4,10-Apr-2026,9.0,Manufacturing,LOW,October 2026,Oct Wk1 (Oct 1-7),True,INC rating hits MEDIUM threshold on 2026-10-07 — first call window,Get ahead of the Oct/Nov renewal rush; start ACER process now before CARE backlog builds,Already in Aug Wk1 (Tier 1) - no action needed
Alfa Flexitubes Pvt. Ltd.,CARE,NCD/Bond,B-/A4,08-Apr-2026,8.5,Steel & Metals,LOW,October 2026,Oct Wk1 (Oct 1-7),True,INC rating hits MEDIUM threshold on 2026-10-05 — first call window,Get ahead of the Oct/Nov renewal rush; start ACER process now before CARE backlog builds,Already in Aug Wk1 (Tier 1) - no action needed
Machine Tools (India) Ltd.,CARE,NCD/Bond,B-/A4,08-Apr-2026,8.5,Manufacturing,LOW,October 2026,Oct Wk1 (Oct 1-7),True,INC rating hits MEDIUM threshold on 2026-10-05 — first call window,Get ahead of the Oct/Nov renewal rush; start ACER process now before CARE backlog builds,Already in Aug Wk1 (Tier 1) - no action needed
Relemac Technologies Pvt. Ltd.,CARE,NCD/Bond,A 4,10-Apr-2026,8.5,IT/Technology,LOW,October 2026,Oct Wk1 (Oct 1-7),True,INC rating hits MEDIUM threshold on 2026-10-07 — first call window,Get ahead of the Oct/Nov renewal rush; start ACER process now before CARE backlog builds,Already in Aug Wk1 (Tier 1) - no action needed
Bagpoly International Pvt. Ltd.,CARE,NCD/Bond,B-/A4,13-Apr-2026,7.8,Paper/Packaging,LOW,October 2026,Oct Wk2 (Oct 8-14),True,INC rating hits MEDIUM threshold on 2026-10-10 — first call window,Get ahead of the Oct/Nov renewal rush; start ACER process now before CARE backlog builds,Already in Aug Wk1 (Tier 1) - no action needed
Haryana Conductors Pvt. Ltd.,CARE,NCD/Bond,B-/A4,23-Jan-2026,7.5,Other,LOW,October 2026,Oct Wk3 (Oct 15-21),True,INC rating hits HOT threshold on 2026-10-20 — first call window,Get ahead of the Oct/Nov renewal rush; start ACER process now before CARE backlog builds,Already in Aug Wk1 (Tier 1) - no action needed
Rawmet Resources Pvt. Ltd.,CARE,NCD/Bond,BB-/A4,27-Apr-2026,7.0,Other,LOW,October 2026,Oct Wk4 (Oct 22-31),True,INC rating hits MEDIUM threshold on 2026-10-24 — first call window,Get ahead of the Oct/Nov renewal rush; start ACER process now before CARE backlog builds,Already in Aug Wk1 (Tier 1) - no action needed
Classic Enterprises Pvt. Ltd.,CARE,NCD/Bond,B-/A4,09-Jan-2026,5.9,Other,LOW,October 2026,Oct Wk1 (Oct 1-7),True,INC rating hits HOT threshold on 2026-10-06 — first call window,Get ahead of the Oct/Nov renewal rush; start ACER process now before CARE backlog builds,Already in Aug Wk1 (Tier 1) - no action needed
C S H Power Himoinsa Pvt. Ltd.,CARE,NCD/Bond,A 4,10-Apr-2026,5.0,Energy,LOW,October 2026,Oct Wk1 (Oct 1-7),True,INC rating hits MEDIUM threshold on 2026-10-07 — first call window,Get ahead of the Oct/Nov renewal rush; start ACER process now before CARE backlog builds,Already in Aug Wk1 (Tier 1) - no action needed
Empire Alcobrev Pvt. Ltd.,CARE,NCD/Bond,B+/A4,23-Apr-2026,5.0,Other,LOW,October 2026,Oct Wk3 (Oct 15-21),True,INC rating hits MEDIUM threshold on 2026-10-20 — first call window,Get ahead of the Oct/Nov renewal rush; start ACER process now before CARE backlog builds,Already in Aug Wk1 (Tier 1) - no action needed
C M Auto Sales Pvt. Ltd.,CARE,NCD/Bond,B+/A4,23-Apr-2026,4.5,Automobiles,LOW,October 2026,Oct Wk3 (Oct 15-21),True,INC rating hits MEDIUM threshold on 2026-10-20 — first call window,Get ahead of the Oct/Nov renewal rush; start ACER process now before CARE backlog builds,Already in Aug Wk1 (Tier 1) - no action needed
Supermint Exports Pvt. Ltd.,CARE,NCD/Bond,B/A4,08-Apr-2026,4.11,Logistics,LOW,October 2026,Oct Wk1 (Oct 1-7),True,INC rating hits MEDIUM threshold on 2026-10-05 — first call window,Get ahead of the Oct/Nov renewal rush; start ACER process now before CARE backlog builds,Already in Aug Wk1 (Tier 1) - no action needed
Ananya Engineering Pvt. Ltd.,CARE,NCD/Bond,B-/A4,06-Jan-2026,4.0,Manufacturing,LOW,October 2026,Oct Wk1 (Oct 1-7),True,INC rating hits HOT threshold on 2026-10-03 — first call window,Get ahead of the Oct/Nov renewal rush; start ACER process now before CARE backlog builds,Already in Aug Wk1 (Tier 1) - no action needed
M S Support Services Ltd.,CARE,NCD/Bond,B-/A4,24-Apr-2026,3.75,Logistics,LOW,October 2026,Oct Wk3 (Oct 15-21),True,INC rating hits MEDIUM threshold on 2026-10-21 — first call window,Get ahead of the Oct/Nov renewal rush; start ACER process now before CARE backlog builds,Already in Aug Wk1 (Tier 1) - no action needed
Gowthami Solvent Oils Pvt. Ltd.,CARE,NCD/Bond,BB/A4,09-Jan-2026,3.0,Chemicals & Pharma,LOW,October 2026,Oct Wk1 (Oct 1-7),True,INC rating hits HOT threshold on 2026-10-06 — first call window,Get ahead of the Oct/Nov renewal rush; start ACER process now before CARE backlog builds,Already in Aug Wk1 (Tier 1) - no action needed
Natraj Electro Casting Pvt. Ltd.,CARE,NCD/Bond,B-/A4,14-Apr-2026,2.9,Steel & Metals,LOW,October 2026,Oct Wk2 (Oct 8-14),True,INC rating hits MEDIUM threshold on 2026-10-11 — first call window,Get ahead of the Oct/Nov renewal rush; start ACER process now before CARE backlog builds,Already in Aug Wk1 (Tier 1) - no action needed
Libra International Ltd.,CARE,NCD/Bond,B/A4,04-May-2026,2.55,Other,LOW,October 2026,Oct Wk4 (Oct 22-31),True,INC rating hits MEDIUM threshold on 2026-10-31 — first call window,Get ahead of the Oct/Nov renewal rush; start ACER process now before CARE backlog builds,Already in Aug Wk1 (Tier 1) - no action needed
Kundana Techno Tex Pvt. Ltd.,CARE,NCD/Bond,BBB-/A3,07-Apr-2026,2.0,IT/Technology,LOW,October 2026,Oct Wk1 (Oct 1-7),True,INC rating hits MEDIUM threshold on 2026-10-04 — first call window,Get ahead of the Oct/Nov renewal rush; start ACER process now before CARE backlog builds,Already in Aug Wk1 (Tier 1) - no action needed
Encore Projects Pvt. Ltd.,CARE,NCD/Bond,B-/A4,08-Apr-2026,1.35,Construction,LOW,October 2026,Oct Wk1 (Oct 1-7),True,INC rating hits MEDIUM threshold on 2026-10-05 — first call window,Get ahead of the Oct/Nov renewal rush; start ACER process now before CARE backlog builds,Already in Aug Wk1 (Tier 1) - no action needed
Clrk Industries Pvt. Ltd.,CARE,NCD/Bond,BB-/A4,22-Apr-2026,0.5,Manufacturing,LOW,October 2026,Oct Wk3 (Oct 15-21),True,INC rating hits MEDIUM threshold on 2026-10-19 — first call window,Get ahead of the Oct/Nov renewal rush; start ACER process now before CARE backlog builds,Already in Aug Wk1 (Tier 1) - no action needed
K B S C Auto Pvt. Ltd.,CARE,NCD/Bond,B+/A4,28-Apr-2026,0.5,Automobiles,LOW,October 2026,Oct Wk4 (Oct 22-31),True,INC rating hits MEDIUM threshold on 2026-10-25 — first call window,Get ahead of the Oct/Nov renewal rush; start ACER process now before CARE backlog builds,Already in Aug Wk1 (Tier 1) - no action needed
Omnitech Engineering Ltd.,CARE,NCD/Bond,BBB-/A3,07-Apr-2026,0.0,Manufacturing,LOW,October 2026,Oct Wk1 (Oct 1-7),True,INC rating hits MEDIUM threshold on 2026-10-04 — first call window,Get ahead of the Oct/Nov renewal rush; start ACER process now before CARE backlog builds,Already in Aug Wk1 (Tier 1) - no action needed
Essem Auto Electricals Pvt. Ltd.,CARE,NCD/Bond,BB+/A4,08-Apr-2026,0.0,Energy,LOW,October 2026,Oct Wk1 (Oct 1-7),True,INC rating hits MEDIUM threshold on 2026-10-05 — first call window,Get ahead of the Oct/Nov renewal rush; start ACER process now before CARE backlog builds,Already in Aug Wk1 (Tier 1) - no action needed
Hotline Capital Services Pvt. Ltd.,CARE,Non-government debt,C/A4,2026-04-01,100.0,BFSI/NBFC,LOW (<90 days),Q2 2027,HOT by Jan 2027,True,"INC since Apr 2026 (88 days). MEDIUM by Oct 2026, HOT by Jan 2027, ULTRA HOT by Apr 2027.",Your Non-government debt at CARE hits ULTRA HOT in Apr 2027. Start ACER process by Jan 2027 to be ahead of Q2 2027 renewal rush.,Already in Aug Wk1 (Tier 1) - no action needed
K B K Biotech Pvt. Ltd.,CARE,Non-government debt,BB/A4,2026-04-02,76.78,Chemicals & Pharma,LOW (<90 days),Q2 2027,HOT by Jan 2027,True,"INC since Apr 2026 (87 days). MEDIUM by Oct 2026, HOT by Jan 2027, ULTRA HOT by Apr 2027.",Your Non-government debt at CARE hits ULTRA HOT in Apr 2027. Start ACER process by Jan 2027 to be ahead of Q2 2027 renewal rush.,Already in Aug Wk1 (Tier 1) - no action needed
Krishna Buildestates Pvt. Ltd.,CARE,NCD/Bond,BBB/A3+,2026-03-26,246.6,Construction,LOW/MEDIUM,Q1 2027,Dec 2026 – Jan 2027,True,INC rating hits ULTRA HOT on 2027-03-26 — prime Q1 2027 renewal target,Your NCD/Bond at CARE goes critical in Mar 2027. Start ACER process in Sep 2026 — before the Q1 rush.,Already in Aug Wk1 (Tier 1) - no action needed
R M N Infrastructures Ltd.,CARE,NCD/Bond,BB+/A4+,2026-03-31,125.0,Construction,LOW/MEDIUM,Q1 2027,Dec 2026 – Jan 2027,True,INC rating hits ULTRA HOT on 2027-03-31 — prime Q1 2027 renewal target,Your NCD/Bond at CARE goes critical in Mar 2027. Start ACER process in Sep 2026 — before the Q1 rush.,Already in Aug Wk1 (Tier 1) - no action needed
R K Infracorp Pvt. Ltd.,CARE,NCD/Bond,B/A4,2026-03-11,120.0,Construction,LOW/MEDIUM,Q1 2027,Dec 2026 – Jan 2027,True,INC rating hits ULTRA HOT on 2027-03-11 — prime Q1 2027 renewal target,Your NCD/Bond at CARE goes critical in Mar 2027. Start ACER process in Sep 2026 — before the Q1 rush.,Already in Aug Wk1 (Tier 1) - no action needed
B N R Infrastructure Projects Pvt. Ltd.,CARE,NCD/Bond,BB/A4,2026-01-02,80.0,Construction,LOW/MEDIUM,Q1 2027,Oct–Nov 2026 — Call now (HOT by Oct),True,INC rating hits ULTRA HOT on 2027-01-02 — prime Q1 2027 renewal target,Your NCD/Bond at CARE goes critical in Jan 2027. Start ACER process in Sep 2026 — before the Q1 rush.,Already in Aug Wk1 (Tier 1) - no action needed
Dembla Valves Ltd.,CARE,NCD/Bond,BB+/A4+,2026-03-19,49.5,Other,LOW/MEDIUM,Q1 2027,Sep 2026 — RM,True,INC rating hits ULTRA HOT on 2027-03-19 — prime Q1 2027 renewal target,Your NCD/Bond at CARE goes critical in Mar 2027. Start ACER process in Sep 2026 — before the Q1 rush.,Already in Aug Wk1 (Tier 1) - no action needed
Premier Plasmotec Pvt. Ltd.,CARE,NCD/Bond,BBB-/A3,2026-03-31,35.0,Other,LOW/MEDIUM,Q1 2027,Dec 2026 – Jan 2027,True,INC rating hits ULTRA HOT on 2027-03-31 — prime Q1 2027 renewal target,Your NCD/Bond at CARE goes critical in Mar 2027. Start ACER process in Sep 2026 — before the Q1 rush.,Already in Aug Wk1 (Tier 1) - no action needed
Shri Vaari Electricals Pvt. Ltd.,CARE,NCD/Bond,BB-/A4,10-Nov-2025,25.0,Energy,MEDIUM,October 2026,Nov Wk2 (Nov 8-14),True,INC rating hits ULTRA HOT threshold on 2026-11-10 — first call window,Get ahead of the Oct/Nov renewal rush; start ACER process now before CARE backlog builds,Already in Aug Wk1 (Tier 1) - no action needed
Shreeya Peanuts Pvt. Ltd.,CARE,NCD/Bond,C/A4,07-Oct-2025,15.0,Other,MEDIUM,October 2026,Oct Wk1 (Oct 1-7),True,INC rating hits ULTRA HOT threshold on 2026-10-07 — first call window,Get ahead of the Oct/Nov renewal rush; start ACER process now before CARE backlog builds,Already in Aug Wk1 (Tier 1) - no action needed
Mohit Ispat Pvt. Ltd.,CARE,NCD/Bond,B-/A4,29-Oct-2025,5.0,Other,MEDIUM,October 2026,Oct Wk4 (Oct 22-31),True,INC rating hits ULTRA HOT threshold on 2026-10-29 — first call window,Get ahead of the Oct/Nov renewal rush; start ACER process now before CARE backlog builds,Already in Aug Wk1 (Tier 1) - no action needed
Syndicate Wiper Systems Pvt. Ltd.,CARE,NCD/Bond,B-/A4,07-Oct-2025,5.0,Other,MEDIUM,October 2026,Oct Wk1 (Oct 1-7),True,INC rating hits ULTRA HOT threshold on 2026-10-07 — first call window,Get ahead of the Oct/Nov renewal rush; start ACER process now before CARE backlog builds,Already in Aug Wk1 (Tier 1) - no action needed
Jai Gears Pvt. Ltd.,CARE,NCD/Bond,B-/A4,07-Oct-2025,4.0,Other,MEDIUM,October 2026,Oct Wk1 (Oct 1-7),True,INC rating hits ULTRA HOT threshold on 2026-10-07 — first call window,Get ahead of the Oct/Nov renewal rush; start ACER process now before CARE backlog builds,Already in Aug Wk1 (Tier 1) - no action needed
A-One Footarts Pvt. Ltd.,CARE,NCD/Bond,BBB/A3+,03-Oct-2025,4.0,Other,MEDIUM,October 2026,Oct Wk1 (Oct 1-7),True,INC rating hits ULTRA HOT threshold on 2026-10-03 — first call window,Get ahead of the Oct/Nov renewal rush; start ACER process now before CARE backlog builds,Already in Aug Wk1 (Tier 1) - no action needed
Rangoli Industries Pvt. Ltd.,CARE,NCD/Bond,B-/A4,31-Oct-2025,0.43,Manufacturing,MEDIUM,October 2026,Oct Wk4 (Oct 22-31),True,INC rating hits ULTRA HOT threshold on 2026-10-31 — first call window,Get ahead of the Oct/Nov renewal rush; start ACER process now before CARE backlog builds,Already in Aug Wk1 (Tier 1) - no action needed
Atlas Constructions Pvt. Ltd.,CRISIL,NCD/Bond,BBB/A3+,2025-12-12,363.0,Construction,HOT,Q1 2027,Sep–Oct 2026 — Call 3 months ahead,True,INC rating hits ULTRA HOT on 2026-12-12 — prime Q1 2027 renewal target,Your NCD/Bond at CRISIL goes critical in Dec 2026. Start ACER process in Sep 2026 — before the Q1 rush.,Already in Aug Wk1 (Tier 1) - no action needed
J G Hosiery Pvt. Ltd.,ICRA,NCD/Bond,A/A2+,2025-12-23,230.0,Other,HOT,Q1 2027,Sep–Oct 2026 — Call 3 months ahead,True,INC rating hits ULTRA HOT on 2026-12-23 — prime Q1 2027 renewal target,Your NCD/Bond at ICRA goes critical in Dec 2026. Start ACER process in Sep 2026 — before the Q1 rush.,Already in Aug Wk1 (Tier 1) - no action needed
Chowgule Industries Pvt. Ltd.,ICRA,NCD/Bond,BB+/A4+,2025-12-05,40.0,Other,HOT,Q1 2027,Sep–Oct 2026 — Call 3 months ahead,True,INC rating hits ULTRA HOT on 2026-12-05 — prime Q1 2027 renewal target,Your NCD/Bond at ICRA goes critical in Dec 2026. Start ACER process in Sep 2026 — before the Q1 rush.,Already in Aug Wk1 (Tier 1) - no action needed
Mor Alloys Pvt. Ltd.,ICRA,NCD/Bond,B+/A4,2025-12-10,16.55,Steel & Metals,HOT,Q1 2027,Sep–Oct 2026 — Call 3 months ahead,True,INC rating hits ULTRA HOT on 2026-12-10 — prime Q1 2027 renewal target,Your NCD/Bond at ICRA goes critical in Dec 2026. Start ACER process in Sep 2026 — before the Q1 rush.,Already in Aug Wk1 (Tier 1) - no action needed
Weener Empire Plastics Pvt. Ltd.,ICRA,NCD/Bond,B+/A4,2025-12-24,15.0,Chemicals & Pharma,HOT,Q1 2027,Sep–Oct 2026 — Call 3 months ahead,True,INC rating hits ULTRA HOT on 2026-12-24 — prime Q1 2027 renewal target,Your NCD/Bond at ICRA goes critical in Dec 2026. Start ACER process in Sep 2026 — before the Q1 rush.,Already in Aug Wk1 (Tier 1) - no action needed
Kwality Pharmaceuticals Ltd.,ICRA,NCD/Bond,B+/A4,2025-12-05,9.92,Chemicals & Pharma,HOT,Q1 2027,Sep–Oct 2026 — Call 3 months ahead,True,INC rating hits ULTRA HOT on 2026-12-05 — prime Q1 2027 renewal target,Your NCD/Bond at ICRA goes critical in Dec 2026. Start ACER process in Sep 2026 — before the Q1 rush.,Already in Aug Wk1 (Tier 1) - no action needed
Uni-Tech Automation Pvt. Ltd.,ICRA,NCD/Bond,B+/A4,2025-12-22,9.0,Manufacturing,HOT,Q1 2027,Sep–Oct 2026 — Call 3 months ahead,True,INC rating hits ULTRA HOT on 2026-12-22 — prime Q1 2027 renewal target,Your NCD/Bond at ICRA goes critical in Dec 2026. Start ACER process in Sep 2026 — before the Q1 rush.,Already in Aug Wk1 (Tier 1) - no action needed
Flyjac Logistics Pvt. Ltd.,ICRA,NCD/Bond,A 1+,2025-12-11,8.5,Logistics,HOT,Q1 2027,Sep–Oct 2026 — Call 3 months ahead,True,INC rating hits ULTRA HOT on 2026-12-11 — prime Q1 2027 renewal target,Your NCD/Bond at ICRA goes critical in Dec 2026. Start ACER process in Sep 2026 — before the Q1 rush.,Already in Aug Wk1 (Tier 1) - no action needed
Samkit Diamond Export Pvt. Ltd.,ICRA,NCD/Bond,B/A4,2025-12-17,8.0,Jewellery,HOT,Q1 2027,Sep–Oct 2026 — Call 3 months ahead,True,INC rating hits ULTRA HOT on 2026-12-17 — prime Q1 2027 renewal target,Your NCD/Bond at ICRA goes critical in Dec 2026. Start ACER process in Sep 2026 — before the Q1 rush.,Already in Aug Wk1 (Tier 1) - no action needed
Metco Roof Pvt. Ltd.,ICRA,NCD/Bond,B+/A4,2025-12-24,7.72,Other,HOT,Q1 2027,Sep–Oct 2026 — Call 3 months ahead,True,INC rating hits ULTRA HOT on 2026-12-24 — prime Q1 2027 renewal target,Your NCD/Bond at ICRA goes critical in Dec 2026. Start ACER process in Sep 2026 — before the Q1 rush.,Already in Aug Wk1 (Tier 1) - no action needed
Millenium Exim Pvt. Ltd.,ICRA,NCD/Bond,B/A4,2025-12-08,6.21,Agro & Food,HOT,Q1 2027,Sep–Oct 2026 — Call 3 months ahead,True,INC rating hits ULTRA HOT on 2026-12-08 — prime Q1 2027 renewal target,Your NCD/Bond at ICRA goes critical in Dec 2026. Start ACER process in Sep 2026 — before the Q1 rush.,Already in Aug Wk1 (Tier 1) - no action needed
Satyadeeptha Pharmaceuticals Ltd.,ICRA,NCD/Bond,BB+/A4+,2025-12-17,5.63,Chemicals & Pharma,HOT,Q1 2027,Sep–Oct 2026 — Call 3 months ahead,True,INC rating hits ULTRA HOT on 2026-12-17 — prime Q1 2027 renewal target,Your NCD/Bond at ICRA goes critical in Dec 2026. Start ACER process in Sep 2026 — before the Q1 rush.,Already in Aug Wk1 (Tier 1) - no action needed
C D R Projects Pvt. Ltd.,ICRA,NCD/Bond,B+/A4,2025-12-24,5.04,Other,HOT,Q1 2027,Sep–Oct 2026 — Call 3 months ahead,True,INC rating hits ULTRA HOT on 2026-12-24 — prime Q1 2027 renewal target,Your NCD/Bond at ICRA goes critical in Dec 2026. Start ACER process in Sep 2026 — before the Q1 rush.,Already in Aug Wk1 (Tier 1) - no action needed
Memon Health Care Pvt. Ltd.,ICRA,NCD/Bond,B+/A4,2025-12-22,3.33,Healthcare,HOT,Q1 2027,Sep–Oct 2026 — Call 3 months ahead,True,INC rating hits ULTRA HOT on 2026-12-22 — prime Q1 2027 renewal target,Your NCD/Bond at ICRA goes critical in Dec 2026. Start ACER process in Sep 2026 — before the Q1 rush.,Already in Aug Wk1 (Tier 1) - no action needed
Yash Exports (India) Pvt. Ltd.,ICRA,NCD/Bond,B+/A4,2025-12-23,2.42,Other,HOT,Q1 2027,Sep–Oct 2026 — Call 3 months ahead,True,INC rating hits ULTRA HOT on 2026-12-23 — prime Q1 2027 renewal target,Your NCD/Bond at ICRA goes critical in Dec 2026. Start ACER process in Sep 2026 — before the Q1 rush.,Already in Aug Wk1 (Tier 1) - no action needed
Winner Nippon Leatherette Pvt. Ltd.,ICRA,NCD/Bond,B+/A4,2025-12-24,2.05,Other,HOT,Q1 2027,Sep–Oct 2026 — Call 3 months ahead,True,INC rating hits ULTRA HOT on 2026-12-24 — prime Q1 2027 renewal target,Your NCD/Bond at ICRA goes critical in Dec 2026. Start ACER process in Sep 2026 — before the Q1 rush.,Already in Aug Wk1 (Tier 1) - no action needed
Champion Commercial Co. Ltd.,ICRA,NCD/Bond,B+/A4,2025-12-05,1.5,Other,HOT,Q1 2027,Sep–Oct 2026 — Call 3 months ahead,True,INC rating hits ULTRA HOT on 2026-12-05 — prime Q1 2027 renewal target,Your NCD/Bond at ICRA goes critical in Dec 2026. Start ACER process in Sep 2026 — before the Q1 rush.,Already in Aug Wk1 (Tier 1) - no action needed
Tirumala Seven Hills Pvt. Ltd.,ICRA,NCD/Bond,B+/A4,2025-12-17,1.0,Other,HOT,Q1 2027,Sep–Oct 2026 — Call 3 months ahead,True,INC rating hits ULTRA HOT on 2026-12-17 — prime Q1 2027 renewal target,Your NCD/Bond at ICRA goes critical in Dec 2026. Start ACER process in Sep 2026 — before the Q1 rush.,Already in Aug Wk1 (Tier 1) - no action needed
Sivaani Agribusiness Pvt. Ltd.,ICRA,NCD/Bond,B+/A4,2025-12-11,0.92,Other,HOT,Q1 2027,Sep–Oct 2026 — Call 3 months ahead,True,INC rating hits ULTRA HOT on 2026-12-11 — prime Q1 2027 renewal target,Your NCD/Bond at ICRA goes critical in Dec 2026. Start ACER process in Sep 2026 — before the Q1 rush.,Already in Aug Wk1 (Tier 1) - no action needed
V V C Motors Pvt. Ltd.,ICRA,NCD/Bond,B+/A4,2025-12-19,0.25,Other,HOT,Q1 2027,Sep–Oct 2026 — Call 3 months ahead,True,INC rating hits ULTRA HOT on 2026-12-19 — prime Q1 2027 renewal target,Your NCD/Bond at ICRA goes critical in Dec 2026. Start ACER process in Sep 2026 — before the Q1 rush.,Already in Aug Wk1 (Tier 1) - no action needed
Pearson Drums & Barrels Pvt. Ltd.,ICRA,NCD/Bond,B+/A4,2025-12-08,0.04,Other,HOT,Q1 2027,Sep–Oct 2026 — Call 3 months ahead,True,INC rating hits ULTRA HOT on 2026-12-08 — prime Q1 2027 renewal target,Your NCD/Bond at ICRA goes critical in Dec 2026. Start ACER process in Sep 2026 — before the Q1 rush.,Already in Aug Wk1 (Tier 1) - no action needed
Epicu Agro Products Pvt. Ltd.,ICRA,NCD/Bond,BB+/A4+,28-Apr-2026,60.86,Agro & Food,LOW,October 2026,Oct Wk4 (Oct 22-31),True,INC rating hits MEDIUM threshold on 2026-10-25 — first call window,Get ahead of the Oct/Nov renewal rush; start ACER process now before ICRA backlog builds,Already in Aug Wk1 (Tier 1) - no action needed
Jaipur Rugs Co. Ltd.,ICRA,NCD/Bond,A 4,22-Apr-2026,60.0,Other,LOW,October 2026,Oct Wk3 (Oct 15-21),True,INC rating hits MEDIUM threshold on 2026-10-19 — first call window,Get ahead of the Oct/Nov renewal rush; start ACER process now before ICRA backlog builds,Already in Aug Wk1 (Tier 1) - no action needed
Nuevo Polymers Pvt. Ltd.,ICRA,NCD/Bond,B+/A4,29-Apr-2026,35.0,Chemicals & Pharma,LOW,October 2026,Oct Wk4 (Oct 22-31),True,INC rating hits MEDIUM threshold on 2026-10-26 — first call window,Get ahead of the Oct/Nov renewal rush; start ACER process now before ICRA backlog builds,Already in Aug Wk1 (Tier 1) - no action needed
Hotcrete Infrastructure Pvt. Ltd.,ICRA,NCD/Bond,C/A4,27-Apr-2026,28.24,Construction,LOW,October 2026,Oct Wk4 (Oct 22-31),True,INC rating hits MEDIUM threshold on 2026-10-24 — first call window,Get ahead of the Oct/Nov renewal rush; start ACER process now before ICRA backlog builds,Already in Aug Wk1 (Tier 1) - no action needed
Ghai Construction Pvt. Ltd.,ICRA,NCD/Bond,B+,15-Apr-2026,27.0,Construction,LOW,October 2026,Oct Wk2 (Oct 8-14),True,INC rating hits MEDIUM threshold on 2026-10-12 — first call window,Get ahead of the Oct/Nov renewal rush; start ACER process now before ICRA backlog builds,Already in Aug Wk1 (Tier 1) - no action needed
Premier Polyfilm Ltd.,ICRA,NCD/Bond,BBB+/A2,30-Apr-2026,25.5,Other,LOW,October 2026,Oct Wk4 (Oct 22-31),True,INC rating hits MEDIUM threshold on 2026-10-27 — first call window,Get ahead of the Oct/Nov renewal rush; start ACER process now before ICRA backlog builds,Already in Aug Wk1 (Tier 1) - no action needed
Anjalee Granites Pvt. Ltd.,ICRA,NCD/Bond,BB/A4,16-Apr-2026,22.0,Mining & Minerals,LOW,October 2026,Oct Wk2 (Oct 8-14),True,INC rating hits MEDIUM threshold on 2026-10-13 — first call window,Get ahead of the Oct/Nov renewal rush; start ACER process now before ICRA backlog builds,Already in Aug Wk1 (Tier 1) - no action needed
Transglobal Securities Ltd.,ICRA,NCD/Bond,B+/A4,27-Apr-2026,21.0,BFSI,LOW,October 2026,Oct Wk4 (Oct 22-31),True,INC rating hits MEDIUM threshold on 2026-10-24 — first call window,Get ahead of the Oct/Nov renewal rush; start ACER process now before ICRA backlog builds,Already in Aug Wk1 (Tier 1) - no action needed
Yogiji Digi Ltd.,ICRA,NCD/Bond,B+,21-Apr-2026,18.0,Other,LOW,October 2026,Oct Wk3 (Oct 15-21),True,INC rating hits MEDIUM threshold on 2026-10-18 — first call window,Get ahead of the Oct/Nov renewal rush; start ACER process now before ICRA backlog builds,Already in Aug Wk1 (Tier 1) - no action needed
Kiara Jewellery Pvt. Ltd.,ICRA,NCD/Bond,B/A4,22-Apr-2026,14.0,Jewellery/Gems,LOW,October 2026,Oct Wk3 (Oct 15-21),True,INC rating hits MEDIUM threshold on 2026-10-19 — first call window,Get ahead of the Oct/Nov renewal rush; start ACER process now before ICRA backlog builds,Already in Aug Wk1 (Tier 1) - no action needed
Welcome Distilleries Pvt. Ltd.,ICRA,NCD/Bond,B+/A4,27-Apr-2026,13.2,Other,LOW,October 2026,Oct Wk4 (Oct 22-31),True,INC rating hits MEDIUM threshold on 2026-10-24 — first call window,Get ahead of the Oct/Nov renewal rush; start ACER process now before ICRA backlog builds,Already in Aug Wk1 (Tier 1) - no action needed
R P A Unibakes Pvt. Ltd.,ICRA,NCD/Bond,BB+/A4+,29-Apr-2026,13.0,Other,LOW,October 2026,Oct Wk4 (Oct 22-31),True,INC rating hits MEDIUM threshold on 2026-10-26 — first call window,Get ahead of the Oct/Nov renewal rush; start ACER process now before ICRA backlog builds,Already in Aug Wk1 (Tier 1) - no action needed
A S Moloobhoy Pvt. Ltd.,ICRA,NCD/Bond,B+/A4,23-Jan-2026,11.0,Other,LOW,October 2026,Oct Wk3 (Oct 15-21),True,INC rating hits HOT threshold on 2026-10-20 — first call window,Get ahead of the Oct/Nov renewal rush; start ACER process now before ICRA backlog builds,Already in Aug Wk1 (Tier 1) - no action needed
Para Products Pvt. Ltd.,ICRA,NCD/Bond,B+/A4,28-Apr-2026,10.0,Manufacturing,LOW,October 2026,Oct Wk4 (Oct 22-31),True,INC rating hits MEDIUM threshold on 2026-10-25 — first call window,Get ahead of the Oct/Nov renewal rush; start ACER process now before ICRA backlog builds,Already in Aug Wk1 (Tier 1) - no action needed
Zeco Aircon Ltd.,ICRA,NCD/Bond,B+/A4,25-Feb-2026,7.25,Other,LOW,October 2026,Nov Wk4 (Nov 22-30),True,INC rating hits HOT threshold on 2026-11-22 — first call window,Get ahead of the Oct/Nov renewal rush; start ACER process now before ICRA backlog builds,Already in Aug Wk1 (Tier 1) - no action needed
Turbovent Industries Pvt. Ltd.,ICRA,NCD/Bond,B+/A4,24-Apr-2026,6.88,Manufacturing,LOW,October 2026,Oct Wk3 (Oct 15-21),True,INC rating hits MEDIUM threshold on 2026-10-21 — first call window,Get ahead of the Oct/Nov renewal rush; start ACER process now before ICRA backlog builds,Already in Aug Wk1 (Tier 1) - no action needed
Ras Polytex Pvt. Ltd.,ICRA,NCD/Bond,B+/A4,23-Jan-2026,5.97,Other,LOW,October 2026,Oct Wk3 (Oct 15-21),True,INC rating hits HOT threshold on 2026-10-20 — first call window,Get ahead of the Oct/Nov renewal rush; start ACER process now before ICRA backlog builds,Already in Aug Wk1 (Tier 1) - no action needed
Duratex Silk Mills Pvt. Ltd.,ICRA,NCD/Bond,B/A4,22-Apr-2026,5.81,Textiles,LOW,October 2026,Oct Wk3 (Oct 15-21),True,INC rating hits MEDIUM threshold on 2026-10-19 — first call window,Get ahead of the Oct/Nov renewal rush; start ACER process now before ICRA backlog builds,Already in Aug Wk1 (Tier 1) - no action needed
S V R Laboratories Pvt. Ltd.,ICRA,NCD/Bond,B+/A4,24-Apr-2026,5.1,Healthcare,LOW,October 2026,Oct Wk3 (Oct 15-21),True,INC rating hits MEDIUM threshold on 2026-10-21 — first call window,Get ahead of the Oct/Nov renewal rush; start ACER process now before ICRA backlog builds,Already in Aug Wk1 (Tier 1) - no action needed
Sidwin Fabric Pvt. Ltd.,ICRA,NCD/Bond,B+/A4,16-Apr-2026,5.03,Textiles,LOW,October 2026,Oct Wk2 (Oct 8-14),True,INC rating hits MEDIUM threshold on 2026-10-13 — first call window,Get ahead of the Oct/Nov renewal rush; start ACER process now before ICRA backlog builds,Already in Aug Wk1 (Tier 1) - no action needed
Homera Tanning Inds. Pvt. Ltd.,ICRA,NCD/Bond,B+/A4,18-Feb-2026,4.5,Other,LOW,October 2026,Nov Wk3 (Nov 15-21),True,INC rating hits HOT threshold on 2026-11-15 — first call window,Get ahead of the Oct/Nov renewal rush; start ACER process now before ICRA backlog builds,Already in Aug Wk1 (Tier 1) - no action needed
Shreyans Oils Pvt. Ltd.,ICRA,NCD/Bond,B+/A4,27-Apr-2026,2.5,Energy,LOW,October 2026,Oct Wk4 (Oct 22-31),True,INC rating hits MEDIUM threshold on 2026-10-24 — first call window,Get ahead of the Oct/Nov renewal rush; start ACER process now before ICRA backlog builds,Already in Aug Wk1 (Tier 1) - no action needed
Srinivasa Sales & Service Pvt. Ltd.,ICRA,NCD/Bond,B+/A4,27-Jan-2026,1.61,Other,LOW,October 2026,Oct Wk4 (Oct 22-31),True,INC rating hits HOT threshold on 2026-10-24 — first call window,Get ahead of the Oct/Nov renewal rush; start ACER process now before ICRA backlog builds,Already in Aug Wk1 (Tier 1) - no action needed
Utility Forms Pvt. Ltd.,ICRA,NCD/Bond,B+/A4,16-Apr-2026,1.24,Other,LOW,October 2026,Oct Wk2 (Oct 8-14),True,INC rating hits MEDIUM threshold on 2026-10-13 — first call window,Get ahead of the Oct/Nov renewal rush; start ACER process now before ICRA backlog builds,Already in Aug Wk1 (Tier 1) - no action needed
M B R Flexibles Ltd.,ICRA,NCD/Bond,B+/A4,17-Apr-2026,0.89,Other,LOW,October 2026,Oct Wk2 (Oct 8-14),True,INC rating hits MEDIUM threshold on 2026-10-14 — first call window,Get ahead of the Oct/Nov renewal rush; start ACER process now before ICRA backlog builds,Already in Aug Wk1 (Tier 1) - no action needed
Andhra Polymers Pvt. Ltd.,ICRA,NCD/Bond,B+,29-Apr-2026,0.51,Chemicals & Pharma,LOW,October 2026,Oct Wk4 (Oct 22-31),True,INC rating hits MEDIUM threshold on 2026-10-26 — first call window,Get ahead of the Oct/Nov renewal rush; start ACER process now before ICRA backlog builds,Already in Aug Wk1 (Tier 1) - no action needed
L & W Construction Pvt. Ltd.,ICRA,NCD/Bond,BB+/A4+,2026-03-31,1830.0,Construction,LOW/MEDIUM,Q1 2027,Dec 2026 – Jan 2027,True,INC rating hits ULTRA HOT on 2027-03-31 — prime Q1 2027 renewal target,Your NCD/Bond at ICRA goes critical in Mar 2027. Start ACER process in Sep 2026 — before the Q1 rush.,Already in Aug Wk1 (Tier 1) - no action needed
L & W Building Solutions Pvt. Ltd.,ICRA,NCD/Bond,BB+/A4+,2026-03-31,205.0,Construction,LOW/MEDIUM,Q1 2027,Dec 2026 – Jan 2027,True,INC rating hits ULTRA HOT on 2027-03-31 — prime Q1 2027 renewal target,Your NCD/Bond at ICRA goes critical in Mar 2027. Start ACER process in Sep 2026 — before the Q1 rush.,Already in Aug Wk1 (Tier 1) - no action needed
Sri Narayani Plastics Pvt. Ltd.,ICRA,NCD/Bond,B+/A4,20-Oct-2025,29.5,Chemicals & Pharma,MEDIUM,October 2026,Oct Wk3 (Oct 15-21),True,INC rating hits ULTRA HOT threshold on 2026-10-20 — first call window,Get ahead of the Oct/Nov renewal rush; start ACER process now before ICRA backlog builds,Already in Aug Wk1 (Tier 1) - no action needed
Dipanshu Promoter & Builder Pvt. Ltd.,ICRA,NCD/Bond,B+/A4,29-Oct-2025,22.5,Construction,MEDIUM,October 2026,Oct Wk4 (Oct 22-31),True,INC rating hits ULTRA HOT threshold on 2026-10-29 — first call window,Get ahead of the Oct/Nov renewal rush; start ACER process now before ICRA backlog builds,Already in Aug Wk1 (Tier 1) - no action needed
Rajasthan Liquors Ltd.,ICRA,NCD/Bond,BBB+/A2,25-Nov-2025,18.0,Other,MEDIUM,October 2026,Nov Wk4 (Nov 22-30),True,INC rating hits ULTRA HOT threshold on 2026-11-25 — first call window,Get ahead of the Oct/Nov renewal rush; start ACER process now before ICRA backlog builds,Already in Aug Wk1 (Tier 1) - no action needed
Ganapati Fishing Lines Pvt. Ltd.,ICRA,NCD/Bond,B+/A4,17-Oct-2025,16.14,Agro & Food,MEDIUM,October 2026,Oct Wk3 (Oct 15-21),True,INC rating hits ULTRA HOT threshold on 2026-10-17 — first call window,Get ahead of the Oct/Nov renewal rush; start ACER process now before ICRA backlog builds,Already in Aug Wk1 (Tier 1) - no action needed
Pan Synthetics Pvt. Ltd.,ICRA,NCD/Bond,B+/A4,22-Oct-2025,8.5,Other,MEDIUM,October 2026,Oct Wk4 (Oct 22-31),True,INC rating hits ULTRA HOT threshold on 2026-10-22 — first call window,Get ahead of the Oct/Nov renewal rush; start ACER process now before ICRA backlog builds,Already in Aug Wk1 (Tier 1) - no action needed
Perfect Mettcast Pvt. Ltd.,ICRA,NCD/Bond,B+/A4,28-Nov-2025,3.15,Other,MEDIUM,October 2026,Nov Wk4 (Nov 22-30),True,INC rating hits ULTRA HOT threshold on 2026-11-28 — first call window,Get ahead of the Oct/Nov renewal rush; start ACER process now before ICRA backlog builds,Already in Aug Wk1 (Tier 1) - no action needed
Telawne Power Equipments Pvt. Ltd.,ICRA,NCD/Bond,B+/A4,28-Oct-2025,2.3,Manufacturing,MEDIUM,October 2026,Oct Wk4 (Oct 22-31),True,INC rating hits ULTRA HOT threshold on 2026-10-28 — first call window,Get ahead of the Oct/Nov renewal rush; start ACER process now before ICRA backlog builds,Already in Aug Wk1 (Tier 1) - no action needed
Radiant Textiles Pvt. Ltd.,IND-RA,NCD/Bond,BB/A4+,2025-12-08,121.0,Textiles,HOT,Q1 2027,Sep–Oct 2026 — Call 3 months ahead,True,INC rating hits ULTRA HOT on 2026-12-08 — prime Q1 2027 renewal target,Your NCD/Bond at IND-RA goes critical in Dec 2026. Start ACER process in Sep 2026 — before the Q1 rush.,Already in Aug Wk1 (Tier 1) - no action needed
Ashok Textile Mills Pvt. Ltd.,IND-RA,NCD/Bond,B/A4,2025-12-19,89.21,Agro & Food,HOT,Q1 2027,Sep–Oct 2026 — Call 3 months ahead,True,INC rating hits ULTRA HOT on 2026-12-19 — prime Q1 2027 renewal target,Your NCD/Bond at IND-RA goes critical in Dec 2026. Start ACER process in Sep 2026 — before the Q1 rush.,Already in Aug Wk1 (Tier 1) - no action needed
Goa Sponge & Power Ltd.,IND-RA,NCD/Bond,B/A4,2025-12-19,80.0,Energy,HOT,Q1 2027,Sep 2026 — RM,True,INC rating hits ULTRA HOT on 2026-12-19 — prime Q1 2027 renewal target,Your NCD/Bond at IND-RA goes critical in Dec 2026. Start ACER process in Sep 2026 — before the Q1 rush.,Already in Aug Wk1 (Tier 1) - no action needed
Clifton Export Pvt. Ltd.,IND-RA,NCD/Bond,B/A4,2025-12-19,69.26,Other,HOT,Q1 2027,Sep–Oct 2026 — Call 3 months ahead,True,INC rating hits ULTRA HOT on 2026-12-19 — prime Q1 2027 renewal target,Your NCD/Bond at IND-RA goes critical in Dec 2026. Start ACER process in Sep 2026 — before the Q1 rush.,Already in Aug Wk1 (Tier 1) - no action needed
R S Development & Constructions India Pvt. Ltd.,IND-RA,NCD/Bond,B/A4,2025-12-19,67.89,Construction,HOT,Q1 2027,Sep–Oct 2026 — Call 3 months ahead,True,INC rating hits ULTRA HOT on 2026-12-19 — prime Q1 2027 renewal target,Your NCD/Bond at IND-RA goes critical in Dec 2026. Start ACER process in Sep 2026 — before the Q1 rush.,Already in Aug Wk1 (Tier 1) - no action needed
Superior Films Pvt. Ltd.,IND-RA,NCD/Bond,BB+/A4+,2025-12-19,64.5,Other,HOT,Q1 2027,Sep–Oct 2026 — Call 3 months ahead,True,INC rating hits ULTRA HOT on 2026-12-19 — prime Q1 2027 renewal target,Your NCD/Bond at IND-RA goes critical in Dec 2026. Start ACER process in Sep 2026 — before the Q1 rush.,Already in Aug Wk1 (Tier 1) - no action needed
Kairali Steels & Alloys Pvt. Ltd.,IND-RA,NCD/Bond,B/A4,2025-12-19,47.38,Steel & Metals,HOT,Q1 2027,Sep–Oct 2026 — Call 3 months ahead,True,INC rating hits ULTRA HOT on 2026-12-19 — prime Q1 2027 renewal target,Your NCD/Bond at IND-RA goes critical in Dec 2026. Start ACER process in Sep 2026 — before the Q1 rush.,Already in Aug Wk1 (Tier 1) - no action needed
R K S Steel Inds. Pvt. Ltd.,IND-RA,NCD/Bond,B-/A4,2025-12-19,38.02,Steel & Metals,HOT,Q1 2027,Sep–Oct 2026 — Call 3 months ahead,True,INC rating hits ULTRA HOT on 2026-12-19 — prime Q1 2027 renewal target,Your NCD/Bond at IND-RA goes critical in Dec 2026. Start ACER process in Sep 2026 — before the Q1 rush.,Already in Aug Wk1 (Tier 1) - no action needed
Leben Life Sciences Pvt. Ltd.,IND-RA,NCD/Bond,B-,2025-12-19,35.63,Other,HOT,Q1 2027,Sep–Oct 2026 — Call 3 months ahead,True,INC rating hits ULTRA HOT on 2026-12-19 — prime Q1 2027 renewal target,Your NCD/Bond at IND-RA goes critical in Dec 2026. Start ACER process in Sep 2026 — before the Q1 rush.,Already in Aug Wk1 (Tier 1) - no action needed
Vertigo Impex Pvt. Ltd.,IND-RA,NCD/Bond,B/A4,2025-12-19,32.5,Other,HOT,Q1 2027,Sep–Oct 2026 — Call 3 months ahead,True,INC rating hits ULTRA HOT on 2026-12-19 — prime Q1 2027 renewal target,Your NCD/Bond at IND-RA goes critical in Dec 2026. Start ACER process in Sep 2026 — before the Q1 rush.,Already in Aug Wk1 (Tier 1) - no action needed
Camex Ltd.,IND-RA,NCD/Bond,B-/A4,2025-12-19,24.5,Other,HOT,Q1 2027,Sep–Oct 2026 — Call 3 months ahead,True,INC rating hits ULTRA HOT on 2026-12-19 — prime Q1 2027 renewal target,Your NCD/Bond at IND-RA goes critical in Dec 2026. Start ACER process in Sep 2026 — before the Q1 rush.,Already in Aug Wk1 (Tier 1) - no action needed
Gansons Pvt. Ltd.,IND-RA,NCD/Bond,B-/A4,2025-12-19,23.0,Other,HOT,Q1 2027,Sep–Oct 2026 — Call 3 months ahead,True,INC rating hits ULTRA HOT on 2026-12-19 — prime Q1 2027 renewal target,Your NCD/Bond at IND-RA goes critical in Dec 2026. Start ACER process in Sep 2026 — before the Q1 rush.,Already in Aug Wk1 (Tier 1) - no action needed
Shrikishan & Co. Pvt. Ltd.,IND-RA,NCD/Bond,B-/A4,2025-12-19,23.0,Other,HOT,Q1 2027,Sep–Oct 2026 — Call 3 months ahead,True,INC rating hits ULTRA HOT on 2026-12-19 — prime Q1 2027 renewal target,Your NCD/Bond at IND-RA goes critical in Dec 2026. Start ACER process in Sep 2026 — before the Q1 rush.,Already in Aug Wk1 (Tier 1) - no action needed
Sunrise Timply Co. Pvt. Ltd.,IND-RA,NCD/Bond,B/A4,2025-12-19,23.0,Other,HOT,Q1 2027,Sep–Oct 2026 — Call 3 months ahead,True,INC rating hits ULTRA HOT on 2026-12-19 — prime Q1 2027 renewal target,Your NCD/Bond at IND-RA goes critical in Dec 2026. Start ACER process in Sep 2026 — before the Q1 rush.,Already in Aug Wk1 (Tier 1) - no action needed
Rydak Syndicate Ltd.,IND-RA,NCD/Bond,B/A4,2025-12-19,22.0,Other,HOT,Q1 2027,Sep–Oct 2026 — Call 3 months ahead,True,INC rating hits ULTRA HOT on 2026-12-19 — prime Q1 2027 renewal target,Your NCD/Bond at IND-RA goes critical in Dec 2026. Start ACER process in Sep 2026 — before the Q1 rush.,Already in Aug Wk1 (Tier 1) - no action needed
K7 Computing Pvt. Ltd.,IND-RA,NCD/Bond,B-/A4,2025-12-19,18.0,Other,HOT,Q1 2027,Sep–Oct 2026 — Call 3 months ahead,True,INC rating hits ULTRA HOT on 2026-12-19 — prime Q1 2027 renewal target,Your NCD/Bond at IND-RA goes critical in Dec 2026. Start ACER process in Sep 2026 — before the Q1 rush.,Already in Aug Wk1 (Tier 1) - no action needed
Srinivas Infrastructure Pvt. Ltd.,IND-RA,NCD/Bond,B/A4,2025-12-19,17.0,Construction,HOT,Q1 2027,Sep–Oct 2026 — Call 3 months ahead,True,INC rating hits ULTRA HOT on 2026-12-19 — prime Q1 2027 renewal target,Your NCD/Bond at IND-RA goes critical in Dec 2026. Start ACER process in Sep 2026 — before the Q1 rush.,Already in Aug Wk1 (Tier 1) - no action needed
Abhiraj Engicon Pvt. Ltd.,IND-RA,NCD/Bond,B-/A4,2025-12-19,16.39,Other,HOT,Q1 2027,Sep 2026 — RM,True,INC rating hits ULTRA HOT on 2026-12-19 — prime Q1 2027 renewal target,Your NCD/Bond at IND-RA goes critical in Dec 2026. Start ACER process in Sep 2026 — before the Q1 rush.,Already in Aug Wk1 (Tier 1) - no action needed
Mahakali Ispat Pvt. Ltd.,IND-RA,NCD/Bond,B-/A4,2025-12-19,11.3,Other,HOT,Q1 2027,Sep–Oct 2026 — Call 3 months ahead,True,INC rating hits ULTRA HOT on 2026-12-19 — prime Q1 2027 renewal target,Your NCD/Bond at IND-RA goes critical in Dec 2026. Start ACER process in Sep 2026 — before the Q1 rush.,Already in Aug Wk1 (Tier 1) - no action needed
Kuna Impex Pvt. Ltd.,IND-RA,NCD/Bond,B-/A4,2025-12-19,11.25,Other,HOT,Q1 2027,Sep–Oct 2026 — Call 3 months ahead,True,INC rating hits ULTRA HOT on 2026-12-19 — prime Q1 2027 renewal target,Your NCD/Bond at IND-RA goes critical in Dec 2026. Start ACER process in Sep 2026 — before the Q1 rush.,Already in Aug Wk1 (Tier 1) - no action needed
Caravel Logistics Pvt. Ltd.,IND-RA,NCD/Bond,C/A4,2025-12-19,11.1,Logistics,HOT,Q1 2027,Sep–Oct 2026 — Call 3 months ahead,True,INC rating hits ULTRA HOT on 2026-12-19 — prime Q1 2027 renewal target,Your NCD/Bond at IND-RA goes critical in Dec 2026. Start ACER process in Sep 2026 — before the Q1 rush.,Already in Aug Wk1 (Tier 1) - no action needed
Polixel Security Systems Pvt. Ltd.,IND-RA,NCD/Bond,B-/A4,2025-12-19,8.5,Other,HOT,Q1 2027,Sep–Oct 2026 — Call 3 months ahead,True,INC rating hits ULTRA HOT on 2026-12-19 — prime Q1 2027 renewal target,Your NCD/Bond at IND-RA goes critical in Dec 2026. Start ACER process in Sep 2026 — before the Q1 rush.,Already in Aug Wk1 (Tier 1) - no action needed
Anubhav Plast Ltd.,IND-RA,NCD/Bond,B-/A4,2025-12-19,8.5,Other,HOT,Q1 2027,Sep–Oct 2026 — Call 3 months ahead,True,INC rating hits ULTRA HOT on 2026-12-19 — prime Q1 2027 renewal target,Your NCD/Bond at IND-RA goes critical in Dec 2026. Start ACER process in Sep 2026 — before the Q1 rush.,Already in Aug Wk1 (Tier 1) - no action needed
Hiland Agro Products Pvt. Ltd.,IND-RA,NCD/Bond,B-/A4,2025-12-19,6.23,Agro & Food,HOT,Q1 2027,Sep–Oct 2026 — Call 3 months ahead,True,INC rating hits ULTRA HOT on 2026-12-19 — prime Q1 2027 renewal target,Your NCD/Bond at IND-RA goes critical in Dec 2026. Start ACER process in Sep 2026 — before the Q1 rush.,Already in Aug Wk1 (Tier 1) - no action needed
Sangam Forgings Pvt. Ltd.,IND-RA,NCD/Bond,B-/A4,2025-12-19,4.5,Steel & Metals,HOT,Q1 2027,Sep–Oct 2026 — Call 3 months ahead,True,INC rating hits ULTRA HOT on 2026-12-19 — prime Q1 2027 renewal target,Your NCD/Bond at IND-RA goes critical in Dec 2026. Start ACER process in Sep 2026 — before the Q1 rush.,Already in Aug Wk1 (Tier 1) - no action needed
A P R Constructions Ltd.,IND-RA,NCD/Bond,B/A4,16-Jan-2026,150.0,Construction,LOW,October 2026,Oct Wk2 (Oct 8-14),True,INC rating hits HOT threshold on 2026-10-13 — first call window,Get ahead of the Oct/Nov renewal rush; start ACER process now before IND-RA backlog builds,Already in Aug Wk1 (Tier 1) - no action needed
Lanson Motors Pvt. Ltd.,IND-RA,NCD/Bond,B-/A4,16-Jan-2026,136.0,Automobiles,LOW,October 2026,Oct Wk2 (Oct 8-14),True,INC rating hits HOT threshold on 2026-10-13 — first call window,Get ahead of the Oct/Nov renewal rush; start ACER process now before IND-RA backlog builds,Already in Aug Wk1 (Tier 1) - no action needed
Charoen Pokphand Seeds (India) Pvt. Ltd.,IND-RA,NCD/Bond,B-/A4,27-Feb-2026,110.0,Agro & Food,LOW,October 2026,Nov Wk4 (Nov 22-30),True,INC rating hits HOT threshold on 2026-11-24 — first call window,Get ahead of the Oct/Nov renewal rush; start ACER process now before IND-RA backlog builds,Already in Aug Wk1 (Tier 1) - no action needed
Khedut Solvexp Pvt. Ltd.,IND-RA,NCD/Bond,B/A4,16-Jan-2026,75.0,Other,LOW,October 2026,Oct Wk2 (Oct 8-14),True,INC rating hits HOT threshold on 2026-10-13 — first call window,Get ahead of the Oct/Nov renewal rush; start ACER process now before IND-RA backlog builds,Already in Aug Wk1 (Tier 1) - no action needed
Ratnadeep Metal & Tubes Ltd.,IND-RA,NCD/Bond,BB-/A4+,28-Apr-2026,63.0,Steel & Metals,LOW,October 2026,Oct Wk4 (Oct 22-31),True,INC rating hits MEDIUM threshold on 2026-10-25 — first call window,Get ahead of the Oct/Nov renewal rush; start ACER process now before IND-RA backlog builds,Already in Aug Wk1 (Tier 1) - no action needed
Neeraj Paper Mktg. Ltd.,IND-RA,NCD/Bond,B/A4,16-Jan-2026,55.0,Paper/Packaging,LOW,October 2026,Oct Wk2 (Oct 8-14),True,INC rating hits HOT threshold on 2026-10-13 — first call window,Get ahead of the Oct/Nov renewal rush; start ACER process now before IND-RA backlog builds,Already in Aug Wk1 (Tier 1) - no action needed
Prakash Parcel Services Ltd. (Karnataka),IND-RA,NCD/Bond,B/A4,27-Feb-2026,35.0,Other,LOW,October 2026,Nov Wk4 (Nov 22-30),True,INC rating hits HOT threshold on 2026-11-24 — first call window,Get ahead of the Oct/Nov renewal rush; start ACER process now before IND-RA backlog builds,Already in Aug Wk1 (Tier 1) - no action needed
Mani Export Pvt. Ltd.,IND-RA,NCD/Bond,B-/A4,16-Jan-2026,30.4,Logistics,LOW,October 2026,Oct Wk2 (Oct 8-14),True,INC rating hits HOT threshold on 2026-10-13 — first call window,Get ahead of the Oct/Nov renewal rush; start ACER process now before IND-RA backlog builds,Already in Aug Wk1 (Tier 1) - no action needed
Pafetech Enterprises Pvt. Ltd.,IND-RA,NCD/Bond,B-/A4,16-Jan-2026,25.0,IT/Technology,LOW,October 2026,Oct Wk2 (Oct 8-14),True,INC rating hits HOT threshold on 2026-10-13 — first call window,Get ahead of the Oct/Nov renewal rush; start ACER process now before IND-RA backlog builds,Already in Aug Wk1 (Tier 1) - no action needed
Bay Datacom Solutions Pvt. Ltd.,IND-RA,NCD/Bond,B/A4,16-Jan-2026,23.0,IT/Technology,LOW,October 2026,Oct Wk2 (Oct 8-14),True,INC rating hits HOT threshold on 2026-10-13 — first call window,Get ahead of the Oct/Nov renewal rush; start ACER process now before IND-RA backlog builds,Already in Aug Wk1 (Tier 1) - no action needed
K P M Processing Mill Pvt. Ltd.,IND-RA,NCD/Bond,B-/A4,16-Jan-2026,22.59,Other,LOW,October 2026,Oct Wk2 (Oct 8-14),True,INC rating hits HOT threshold on 2026-10-13 — first call window,Get ahead of the Oct/Nov renewal rush; start ACER process now before IND-RA backlog builds,Already in Aug Wk1 (Tier 1) - no action needed
Mandar Health & Hygiene Pvt. Ltd.,IND-RA,NCD/Bond,B-/A4,16-Jan-2026,19.0,Healthcare,LOW,October 2026,Oct Wk2 (Oct 8-14),True,INC rating hits HOT threshold on 2026-10-13 — first call window,Get ahead of the Oct/Nov renewal rush; start ACER process now before IND-RA backlog builds,Already in Aug Wk1 (Tier 1) - no action needed
Praveen Aroma Pvt. Ltd.,IND-RA,NCD/Bond,B-/A4,16-Jan-2026,18.75,Other,LOW,October 2026,Oct Wk2 (Oct 8-14),True,INC rating hits HOT threshold on 2026-10-13 — first call window,Get ahead of the Oct/Nov renewal rush; start ACER process now before IND-RA backlog builds,Already in Aug Wk1 (Tier 1) - no action needed
U D Solution Pvt. Ltd.,IND-RA,NCD/Bond,B/A4,16-Jan-2026,16.0,Other,LOW,October 2026,Oct Wk2 (Oct 8-14),True,INC rating hits HOT threshold on 2026-10-13 — first call window,Get ahead of the Oct/Nov renewal rush; start ACER process now before IND-RA backlog builds,Already in Aug Wk1 (Tier 1) - no action needed
Sagar Metallics Pvt. Ltd.,IND-RA,NCD/Bond,B-/A4,16-Jan-2026,13.39,Steel & Metals,LOW,October 2026,Oct Wk2 (Oct 8-14),True,INC rating hits HOT threshold on 2026-10-13 — first call window,Get ahead of the Oct/Nov renewal rush; start ACER process now before IND-RA backlog builds,Already in Aug Wk1 (Tier 1) - no action needed
Malwa Automotives Pvt. Ltd.,IND-RA,NCD/Bond,B-/A4,16-Jan-2026,13.0,Automobiles,LOW,October 2026,Oct Wk2 (Oct 8-14),True,INC rating hits HOT threshold on 2026-10-13 — first call window,Get ahead of the Oct/Nov renewal rush; start ACER process now before IND-RA backlog builds,Already in Aug Wk1 (Tier 1) - no action needed
Kaizen Cold Formed Steel Pvt. Ltd.,IND-RA,NCD/Bond,B-/A4,16-Jan-2026,11.07,Steel & Metals,LOW,October 2026,Oct Wk2 (Oct 8-14),True,INC rating hits HOT threshold on 2026-10-13 — first call window,Get ahead of the Oct/Nov renewal rush; start ACER process now before IND-RA backlog builds,Already in Aug Wk1 (Tier 1) - no action needed
Multifilms Plastics Pvt. Ltd.,IND-RA,NCD/Bond,B-/A4,16-Jan-2026,9.93,Chemicals & Pharma,LOW,October 2026,Oct Wk2 (Oct 8-14),True,INC rating hits HOT threshold on 2026-10-13 — first call window,Get ahead of the Oct/Nov renewal rush; start ACER process now before IND-RA backlog builds,Already in Aug Wk1 (Tier 1) - no action needed
Sikko Industries Ltd.,IND-RA,NCD/Bond,B-/A4,21-Apr-2026,7.0,Manufacturing,LOW,October 2026,Oct Wk3 (Oct 15-21),True,INC rating hits MEDIUM threshold on 2026-10-18 — first call window,Get ahead of the Oct/Nov renewal rush; start ACER process now before IND-RA backlog builds,Already in Aug Wk1 (Tier 1) - no action needed
K M K Global Ltd.,IND-RA,NCD/Bond,B/A4,16-Jan-2026,6.8,Other,LOW,October 2026,Oct Wk2 (Oct 8-14),True,INC rating hits HOT threshold on 2026-10-13 — first call window,Get ahead of the Oct/Nov renewal rush; start ACER process now before IND-RA backlog builds,Already in Aug Wk1 (Tier 1) - no action needed
Element Chemilink Pvt. Ltd.,IND-RA,NCD/Bond,B/A4,16-Jan-2026,6.58,Chemicals & Pharma,LOW,October 2026,Oct Wk2 (Oct 8-14),True,INC rating hits HOT threshold on 2026-10-13 — first call window,Get ahead of the Oct/Nov renewal rush; start ACER process now before IND-RA backlog builds,Already in Aug Wk1 (Tier 1) - no action needed
Ribbel International Ltd.,IND-RA,NCD/Bond,B-/A4,16-Jan-2026,6.5,Other,LOW,October 2026,Oct Wk2 (Oct 8-14),True,INC rating hits HOT threshold on 2026-10-13 — first call window,Get ahead of the Oct/Nov renewal rush; start ACER process now before IND-RA backlog builds,Already in Aug Wk1 (Tier 1) - no action needed
Gypsum Structural India Pvt. Ltd.,IND-RA,NCD/Bond,B/A4,10-Apr-2026,6.0,Other,LOW,October 2026,Oct Wk1 (Oct 1-7),True,INC rating hits MEDIUM threshold on 2026-10-07 — first call window,Get ahead of the Oct/Nov renewal rush; start ACER process now before IND-RA backlog builds,Already in Aug Wk1 (Tier 1) - no action needed
Shri Ram Rubtech Pvt. Ltd.,IND-RA,NCD/Bond,B-/A4,16-Jan-2026,5.04,IT/Technology,LOW,October 2026,Oct Wk2 (Oct 8-14),True,INC rating hits HOT threshold on 2026-10-13 — first call window,Get ahead of the Oct/Nov renewal rush; start ACER process now before IND-RA backlog builds,Already in Aug Wk1 (Tier 1) - no action needed
Shinde Developers Pvt. Ltd.,IND-RA,Non-government debt,B-/A4,2026-04-02,53.0,Other,LOW (<90 days),Q2 2027,HOT by Jan 2027,True,"INC since Apr 2026 (87 days). MEDIUM by Oct 2026, HOT by Jan 2027, ULTRA HOT by Apr 2027.",Your Non-government debt at IND-RA hits ULTRA HOT in Apr 2027. Start ACER process by Jan 2027 to be ahead of Q2 2027 renewal rush.,Already in Aug Wk1 (Tier 1) - no action needed
Kohinoor Feeds & Fats Pvt. Ltd.,IND-RA,Non-government debt,B-/A4,2026-04-02,50.0,Other,LOW (<90 days),Q2 2027,HOT by Jan 2027,True,"INC since Apr 2026 (87 days). MEDIUM by Oct 2026, HOT by Jan 2027, ULTRA HOT by Apr 2027.",Your Non-government debt at IND-RA hits ULTRA HOT in Apr 2027. Start ACER process by Jan 2027 to be ahead of Q2 2027 renewal rush.,Already in Aug Wk1 (Tier 1) - no action needed
Siri Constructions Infrastructure Pvt. Ltd.,IND-RA,Non-government debt,B-/A4,2026-04-02,35.0,Construction,LOW (<90 days),Q2 2027,HOT by Jan 2027,True,"INC since Apr 2026 (87 days). MEDIUM by Oct 2026, HOT by Jan 2027, ULTRA HOT by Apr 2027.",Your Non-government debt at IND-RA hits ULTRA HOT in Apr 2027. Start ACER process by Jan 2027 to be ahead of Q2 2027 renewal rush.,Already in Aug Wk1 (Tier 1) - no action needed
P S K Textiles India Pvt. Ltd.,IND-RA,Non-government debt,B-/A4,2026-04-02,28.46,Textiles,LOW (<90 days),Q2 2027,HOT by Jan 2027,True,"INC since Apr 2026 (87 days). MEDIUM by Oct 2026, HOT by Jan 2027, ULTRA HOT by Apr 2027.",Your Non-government debt at IND-RA hits ULTRA HOT in Apr 2027. Start ACER process by Jan 2027 to be ahead of Q2 2027 renewal rush.,Already in Aug Wk1 (Tier 1) - no action needed
Shree Bharka (India) Ltd.,IND-RA,Non-government debt,B/A4,2026-04-02,24.0,Other,LOW (<90 days),Q2 2027,HOT by Jan 2027,True,"INC since Apr 2026 (87 days). MEDIUM by Oct 2026, HOT by Jan 2027, ULTRA HOT by Apr 2027.",Your Non-government debt at IND-RA hits ULTRA HOT in Apr 2027. Start ACER process by Jan 2027 to be ahead of Q2 2027 renewal rush.,Already in Aug Wk1 (Tier 1) - no action needed
Himalayan Road Construction Pvt. Ltd.,IND-RA,Non-government debt,B-/A4,2026-04-02,23.0,Construction,LOW (<90 days),Q2 2027,HOT by Jan 2027,True,"INC since Apr 2026 (87 days). MEDIUM by Oct 2026, HOT by Jan 2027, ULTRA HOT by Apr 2027.",Your Non-government debt at IND-RA hits ULTRA HOT in Apr 2027. Start ACER process by Jan 2027 to be ahead of Q2 2027 renewal rush.,Already in Aug Wk1 (Tier 1) - no action needed
Gem Motors (India) Pvt. Ltd.,IND-RA,Non-government debt,B-/A4,2026-04-02,20.0,Automobiles,LOW (<90 days),Q2 2027,HOT by Jan 2027,True,"INC since Apr 2026 (87 days). MEDIUM by Oct 2026, HOT by Jan 2027, ULTRA HOT by Apr 2027.",Your Non-government debt at IND-RA hits ULTRA HOT in Apr 2027. Start ACER process by Jan 2027 to be ahead of Q2 2027 renewal rush.,Already in Aug Wk1 (Tier 1) - no action needed
Kashi Kanchan Pvt. Ltd.,IND-RA,Non-government debt,B-/A4,2026-04-02,19.0,Other,LOW (<90 days),Q2 2027,HOT by Jan 2027,True,"INC since Apr 2026 (87 days). MEDIUM by Oct 2026, HOT by Jan 2027, ULTRA HOT by Apr 2027.",Your Non-government debt at IND-RA hits ULTRA HOT in Apr 2027. Start ACER process by Jan 2027 to be ahead of Q2 2027 renewal rush.,Already in Aug Wk1 (Tier 1) - no action needed
Smita Steels Rolling Mills Pvt. Ltd.,IND-RA,Non-government debt,B-/A4,2026-04-02,18.5,Steel & Metals,LOW (<90 days),Q2 2027,HOT by Jan 2027,True,"INC since Apr 2026 (87 days). MEDIUM by Oct 2026, HOT by Jan 2027, ULTRA HOT by Apr 2027.",Your Non-government debt at IND-RA hits ULTRA HOT in Apr 2027. Start ACER process by Jan 2027 to be ahead of Q2 2027 renewal rush.,Already in Aug Wk1 (Tier 1) - no action needed
Yamuna Cable Accessories Pvt. Ltd.,IND-RA,Non-government debt,B/A4,2026-04-02,16.82,Other,LOW (<90 days),Q2 2027,HOT by Jan 2027,True,"INC since Apr 2026 (87 days). MEDIUM by Oct 2026, HOT by Jan 2027, ULTRA HOT by Apr 2027.",Your Non-government debt at IND-RA hits ULTRA HOT in Apr 2027. Start ACER process by Jan 2027 to be ahead of Q2 2027 renewal rush.,Already in Aug Wk1 (Tier 1) - no action needed
S C T Ltd.,IND-RA,Non-government debt,B-/A4,2026-04-02,15.0,Other,LOW (<90 days),Q2 2027,HOT by Jan 2027,True,"INC since Apr 2026 (87 days). MEDIUM by Oct 2026, HOT by Jan 2027, ULTRA HOT by Apr 2027.",Your Non-government debt at IND-RA hits ULTRA HOT in Apr 2027. Start ACER process by Jan 2027 to be ahead of Q2 2027 renewal rush.,Already in Aug Wk1 (Tier 1) - no action needed
Sri Vaishnavi Spintex (India) Pvt. Ltd.,IND-RA,Non-government debt,B-/A4,2026-04-02,14.0,Other,LOW (<90 days),Q2 2027,HOT by Jan 2027,True,"INC since Apr 2026 (87 days). MEDIUM by Oct 2026, HOT by Jan 2027, ULTRA HOT by Apr 2027.",Your Non-government debt at IND-RA hits ULTRA HOT in Apr 2027. Start ACER process by Jan 2027 to be ahead of Q2 2027 renewal rush.,Already in Aug Wk1 (Tier 1) - no action needed
Swapna Printing Works Pvt. Ltd.,IND-RA,Non-government debt,B-/A4,2026-04-02,9.0,Paper/Packaging,LOW (<90 days),Q2 2027,HOT by Jan 2027,True,"INC since Apr 2026 (87 days). MEDIUM by Oct 2026, HOT by Jan 2027, ULTRA HOT by Apr 2027.",Your Non-government debt at IND-RA hits ULTRA HOT in Apr 2027. Start ACER process by Jan 2027 to be ahead of Q2 2027 renewal rush.,Already in Aug Wk1 (Tier 1) - no action needed
Profive Engineering Pvt. Ltd.,IND-RA,Non-government debt,B-/A4,2026-04-02,8.57,Other,LOW (<90 days),Q2 2027,HOT by Jan 2027,True,"INC since Apr 2026 (87 days). MEDIUM by Oct 2026, HOT by Jan 2027, ULTRA HOT by Apr 2027.",Your Non-government debt at IND-RA hits ULTRA HOT in Apr 2027. Start ACER process by Jan 2027 to be ahead of Q2 2027 renewal rush.,Already in Aug Wk1 (Tier 1) - no action needed
Sukata Tractor Parts Pvt. Ltd.,IND-RA,Non-government debt,B-/A4,2026-04-02,6.44,Automobiles,LOW (<90 days),Q2 2027,HOT by Jan 2027,True,"INC since Apr 2026 (87 days). MEDIUM by Oct 2026, HOT by Jan 2027, ULTRA HOT by Apr 2027.",Your Non-government debt at IND-RA hits ULTRA HOT in Apr 2027. Start ACER process by Jan 2027 to be ahead of Q2 2027 renewal rush.,Already in Aug Wk1 (Tier 1) - no action needed
L S Rice Exports Pvt. Ltd.,IND-RA,Non-government debt,B-/A4,2026-04-02,5.31,Agro & Food,LOW (<90 days),Q2 2027,HOT by Jan 2027,True,"INC since Apr 2026 (87 days). MEDIUM by Oct 2026, HOT by Jan 2027, ULTRA HOT by Apr 2027.",Your Non-government debt at IND-RA hits ULTRA HOT in Apr 2027. Start ACER process by Jan 2027 to be ahead of Q2 2027 renewal rush.,Already in Aug Wk1 (Tier 1) - no action needed
M D A Mineral Dhatu (A P) Pvt. Ltd.,IND-RA,Non-government debt,B-/A4,2026-04-02,5.0,Mining & Minerals,LOW (<90 days),Q2 2027,HOT by Jan 2027,True,"INC since Apr 2026 (87 days). MEDIUM by Oct 2026, HOT by Jan 2027, ULTRA HOT by Apr 2027.",Your Non-government debt at IND-RA hits ULTRA HOT in Apr 2027. Start ACER process by Jan 2027 to be ahead of Q2 2027 renewal rush.,Already in Aug Wk1 (Tier 1) - no action needed
B N S R Inds. Ltd.,IND-RA,Non-government debt,B-/A4,2026-04-02,4.9,Other,LOW (<90 days),Q2 2027,HOT by Jan 2027,True,"INC since Apr 2026 (87 days). MEDIUM by Oct 2026, HOT by Jan 2027, ULTRA HOT by Apr 2027.",Your Non-government debt at IND-RA hits ULTRA HOT in Apr 2027. Start ACER process by Jan 2027 to be ahead of Q2 2027 renewal rush.,Already in Aug Wk1 (Tier 1) - no action needed
Pratibha Syntex Ltd.,IND-RA,NCD/Bond,B-/A4,24-Nov-2025,549.24,Other,MEDIUM,October 2026,Nov Wk4 (Nov 22-30),True,INC rating hits ULTRA HOT threshold on 2026-11-24 — first call window,Get ahead of the Oct/Nov renewal rush; start ACER process now before IND-RA backlog builds,Already in Aug Wk1 (Tier 1) - no action needed
Everrenew Energy Pvt. Ltd.,IND-RA,NCD/Bond,BBB-/A3,23-Oct-2025,166.0,Energy,MEDIUM,October 2026,Oct Wk4 (Oct 22-31),True,INC rating hits ULTRA HOT threshold on 2026-10-23 — first call window,Get ahead of the Oct/Nov renewal rush; start ACER process now before IND-RA backlog builds,Already in Aug Wk1 (Tier 1) - no action needed
Siddapur Distilleries Ltd.,IND-RA,NCD/Bond,B/A4,24-Nov-2025,40.0,Other,MEDIUM,October 2026,Nov Wk4 (Nov 22-30),True,INC rating hits ULTRA HOT threshold on 2026-11-24 — first call window,Get ahead of the Oct/Nov renewal rush; start ACER process now before IND-RA backlog builds,Already in Aug Wk1 (Tier 1) - no action needed
Anand Motor Agencies Ltd.,IND-RA,NCD/Bond,B-/A4,24-Nov-2025,29.8,Automobiles,MEDIUM,October 2026,Nov Wk4 (Nov 22-30),True,INC rating hits ULTRA HOT threshold on 2026-11-24 — first call window,Get ahead of the Oct/Nov renewal rush; start ACER process now before IND-RA backlog builds,Already in Aug Wk1 (Tier 1) - no action needed
Telawne Power Equipments Pvt. Ltd.,IND-RA,NCD/Bond,B/A4,24-Nov-2025,28.0,Manufacturing,MEDIUM,October 2026,Nov Wk4 (Nov 22-30),True,INC rating hits ULTRA HOT threshold on 2026-11-24 — first call window,Get ahead of the Oct/Nov renewal rush; start ACER process now before IND-RA backlog builds,Already in Aug Wk1 (Tier 1) - no action needed
C M C Textiles Pvt. Ltd.,IND-RA,NCD/Bond,B/A4,24-Nov-2025,27.73,Construction,MEDIUM,October 2026,Nov Wk4 (Nov 22-30),True,INC rating hits ULTRA HOT threshold on 2026-11-24 — first call window,Get ahead of the Oct/Nov renewal rush; start ACER process now before IND-RA backlog builds,Already in Aug Wk1 (Tier 1) - no action needed
G D Dyestuff Inds. Ltd.,IND-RA,NCD/Bond,B/A4,17-Oct-2025,27.68,Chemicals & Pharma,MEDIUM,October 2026,Oct Wk3 (Oct 15-21),True,INC rating hits ULTRA HOT threshold on 2026-10-17 — first call window,Get ahead of the Oct/Nov renewal rush; start ACER process now before IND-RA backlog builds,Already in Aug Wk1 (Tier 1) - no action needed
Mercury Industries Ltd.,IND-RA,NCD/Bond,B/A4,24-Nov-2025,16.43,Manufacturing,MEDIUM,October 2026,Nov Wk4 (Nov 22-30),True,INC rating hits ULTRA HOT threshold on 2026-11-24 — first call window,Get ahead of the Oct/Nov renewal rush; start ACER process now before IND-RA backlog builds,Already in Aug Wk1 (Tier 1) - no action needed
Milando Fashions Ltd.,IND-RA,NCD/Bond,B/A4,24-Nov-2025,10.88,Textiles,MEDIUM,October 2026,Nov Wk4 (Nov 22-30),True,INC rating hits ULTRA HOT threshold on 2026-11-24 — first call window,Get ahead of the Oct/Nov renewal rush; start ACER process now before IND-RA backlog builds,Already in Aug Wk1 (Tier 1) - no action needed
V R G Industries Pvt. Ltd.,IND-RA,NCD/Bond,B-/A4,24-Nov-2025,10.0,Manufacturing,MEDIUM,October 2026,Nov Wk4 (Nov 22-30),True,INC rating hits ULTRA HOT threshold on 2026-11-24 — first call window,Get ahead of the Oct/Nov renewal rush; start ACER process now before IND-RA backlog builds,Already in Aug Wk1 (Tier 1) - no action needed
Metal Care Alloys Pvt. Ltd.,IND-RA,NCD/Bond,B/A4,24-Nov-2025,10.0,Steel & Metals,MEDIUM,October 2026,Nov Wk4 (Nov 22-30),True,INC rating hits ULTRA HOT threshold on 2026-11-24 — first call window,Get ahead of the Oct/Nov renewal rush; start ACER process now before IND-RA backlog builds,Already in Aug Wk1 (Tier 1) - no action needed
Mani More Synthetics Pvt. Ltd.,IND-RA,NCD/Bond,B/A4,24-Nov-2025,8.11,Other,MEDIUM,October 2026,Nov Wk4 (Nov 22-30),True,INC rating hits ULTRA HOT threshold on 2026-11-24 — first call window,Get ahead of the Oct/Nov renewal rush; start ACER process now before IND-RA backlog builds,Already in Aug Wk1 (Tier 1) - no action needed
Clavecon ( India) Pvt. Ltd.,IND-RA,NCD/Bond,B-/A4,24-Nov-2025,7.78,Other,MEDIUM,October 2026,Nov Wk4 (Nov 22-30),True,INC rating hits ULTRA HOT threshold on 2026-11-24 — first call window,Get ahead of the Oct/Nov renewal rush; start ACER process now before IND-RA backlog builds,Already in Aug Wk1 (Tier 1) - no action needed
Aristo Securities Private Limited,Infomerics,Proposed Non-Convertible Debentures (NCDs),IVR BB+ (INC) (Downgraded),2025-12-29,50.0,Other,HOT,Q1 2027,Sep–Oct 2026 — Call 3 months ahead,True,INC rating hits ULTRA HOT on 2026-12-29 — exclusive Q1 2027 whitespace lead,Your Infomerics INC rating goes critical in Dec 2026. ACER is your best alternative — no competitor has approached you.,Already in Aug Wk1 (Tier 1) - no action needed
Vamica Resorts Infra Limited,Infomerics,Long Term Instruments  Non-Convertible Debenture- Proposed,IVR B (INC)(Downgraded),2026-02-05,25.0,Construction,LOW/MEDIUM,Q1 2027,Nov–Dec 2026,True,INC rating hits ULTRA HOT on 2027-02-05 — exclusive Q1 2027 whitespace lead,Your Infomerics INC rating goes critical in Feb 2027. ACER is your best alternative — no competitor has approached you.,Already in Aug Wk1 (Tier 1) - no action needed
