Company Name,Agency,Instrument Type,Rating,Rating Date,Current Urgency,Urgency at Oct 1,Urgency at Nov 1,Days Since (Jun 25),Amount Cr,Sector
Ashok Bricks Inds. Pvt. Ltd.,IND-RA,NCD/Bond,D,02-04-2026,LOW,MEDIUM,MEDIUM,84,44.0,Construction
Asian Hotels (West) Ltd.,IND-RA,Term Loan,D,02-04-2026,LOW,MEDIUM,MEDIUM,84,247.76,Hotels/Tourism
Associated Appliances Ltd.,BRICKWORK,Bank Guarantee,D,03-04-2026,LOW,MEDIUM,MEDIUM,83,3.0,IT/Technology
Associated Appliances Ltd.,BRICKWORK,Letter of Credit,D,03-04-2026,LOW,MEDIUM,MEDIUM,83,11.0,IT/Technology
Assorted Plastics Pvt. Ltd.,BRICKWORK,Term Loan,C,06-04-2026,LOW,LOW,MEDIUM,80,2.76,Chemicals/Pharma
Atul Generators Pvt. Ltd.,BRICKWORK,Bank Guarantee,C,08-04-2026,LOW,LOW,MEDIUM,78,0.95,Energy
Auro Industries Ltd.,ACUITE,Bank Guarantee,A 4,02-04-2026,LOW,MEDIUM,MEDIUM,84,0.75,Other
Auro Industries Ltd.,ACUITE,Letter of Credit,A 4,02-04-2026,LOW,MEDIUM,MEDIUM,84,2.25,Other
Auro Industries Ltd.,ACUITE,Term Loan,B-,02-04-2026,LOW,MEDIUM,MEDIUM,84,0.43,Other
Auto Hitech Pvt. Ltd.,ICRA,Term Loan,B+,17-04-2026,LOW,LOW,MEDIUM,69,2.0,IT/Technology
Avian Infrastructure & Energy Pvt. Ltd.,CRISIL,Bank Guarantee,A 4,21-04-2026,LOW,LOW,MEDIUM,65,55.0,Construction
Azam Rubber Products Pvt. Ltd.,CARE,Non-Fund-Based,D,15-04-2026,LOW,LOW,MEDIUM,71,30.8,Chemicals/Pharma
Azam Rubber Products Pvt. Ltd.,CARE,Term Loan,D,15-04-2026,LOW,LOW,MEDIUM,71,29.48,Chemicals/Pharma
B A S S Minerals India Pvt. Ltd.,IND-RA,NCD/Bond,B-/A4,02-04-2026,LOW,MEDIUM,MEDIUM,84,5.0,Mining/Minerals
B C L Secure Premises Pvt. Ltd.,CRISIL,Bank Guarantee,A 4,22-04-2026,LOW,LOW,MEDIUM,64,10.0,Other
B C L Secure Premises Pvt. Ltd.,CRISIL,Term Loan,B,22-04-2026,LOW,LOW,MEDIUM,64,1.0,Other
B D Steels Pvt. Ltd.,ICRA,Non-Fund-Based,A 4,17-04-2026,LOW,LOW,MEDIUM,69,3.0,Steel & Metals
B K Sons Infrastructure Pvt. Ltd.,CARE,Bank Guarantee,D,21-04-2026,LOW,LOW,MEDIUM,65,50.0,Construction
B N S R Inds. Ltd.,IND-RA,NCD/Bond,B-/A4,02-04-2026,LOW,MEDIUM,MEDIUM,84,4.9,Other
B N T Connections Impex Ltd.,IND-RA,NCD/Bond,B-/A4,02-04-2026,LOW,MEDIUM,MEDIUM,84,30.55,Other
B S Shakti Steel Pvt. Ltd.,CARE,Fund-Based,B-,13-04-2026,LOW,LOW,MEDIUM,73,17.5,Steel & Metals
B S Shakti Steel Pvt. Ltd.,CARE,Letter of Credit,A 4,13-04-2026,LOW,LOW,MEDIUM,73,3.0,Steel & Metals
B S Shakti Steel Pvt. Ltd.,CARE,Term Loan,B-,13-04-2026,LOW,LOW,MEDIUM,73,3.0,Steel & Metals
B S T Textile Mills Pvt. Ltd.,CARE,Bank Guarantee,D,02-04-2026,LOW,MEDIUM,MEDIUM,84,1.0,Textiles
B S T Textile Mills Pvt. Ltd.,CARE,Term Loan,D,02-04-2026,LOW,MEDIUM,MEDIUM,84,18.44,Textiles
B V S Distilleries Pvt. Ltd.,IND-RA,Term Loan,D,02-04-2026,LOW,MEDIUM,MEDIUM,84,29.0,Other
Baba Malleshwar Rice Mill Pvt. Ltd.,CARE,Bank Guarantee,A 4,15-04-2026,LOW,LOW,MEDIUM,71,0.21,Agro/Food
Baba Malleshwar Rice Mill Pvt. Ltd.,CARE,Term Loan,B-,15-04-2026,LOW,LOW,MEDIUM,71,4.42,Agro/Food
Baba Structural Pvt. Ltd.,CARE,Bank Guarantee,A 4,13-04-2026,LOW,LOW,MEDIUM,73,2.7,Other
Baba Structural Pvt. Ltd.,CARE,Term Loan,B+,13-04-2026,LOW,LOW,MEDIUM,73,6.96,Other
Bagga Link Motors Ltd.,ICRA,Fund-Based,A 4,24-04-2026,LOW,LOW,MEDIUM,62,29.1,Automobiles
Bagga Link Motors Ltd.,ICRA,Letter of Credit,A 4,24-04-2026,LOW,LOW,MEDIUM,62,2.0,Automobiles
Bagga Link Motors Ltd.,ICRA,Term Loan,B+,24-04-2026,LOW,LOW,MEDIUM,62,4.26,Automobiles
Bagh Bahar Appliances Pvt. Ltd.,ACUITE,Term Loan,D,07-04-2026,LOW,LOW,MEDIUM,79,5.0,IT/Technology
Bagpoly International Pvt. Ltd.,CARE,Bank Guarantee,B-,13-04-2026,LOW,LOW,MEDIUM,73,8.4,Other
Bagpoly International Pvt. Ltd.,CARE,NCD/Bond,B-/A4,13-04-2026,LOW,LOW,MEDIUM,73,0.15,Other
Bagpoly International Pvt. Ltd.,CARE,NCD/Bond,B-/A4,13-04-2026,LOW,LOW,MEDIUM,73,7.8,Other
Bahl Builders Pvt. Ltd.,CARE,NCD/Bond,BB-/A4,30-04-2026,LOW,LOW,MEDIUM,56,5.0,Construction
Bahl Builders Pvt. Ltd.,CARE,NCD/Bond,BB-/A4,30-04-2026,LOW,LOW,MEDIUM,56,30.0,Construction
Balaji Agro Pvt. Ltd.,ACUITE,Letter of Credit,A 4,17-04-2026,LOW,LOW,MEDIUM,69,2.0,Agro/Food
Balaji Agro Pvt. Ltd.,ACUITE,Term Loan,B+,17-04-2026,LOW,LOW,MEDIUM,69,0.2,Agro/Food
Balaji Agro Pvt. Ltd.,ACUITE,Term Loan,A 4,17-04-2026,LOW,LOW,MEDIUM,69,0.5,Agro/Food
Balaji Agro Pvt. Ltd.,CRISIL,Letter of Credit,A 4,21-04-2026,LOW,LOW,MEDIUM,65,2.0,Agro/Food
Balaji Agro Pvt. Ltd.,CRISIL,Letter of Credit,A 4,21-04-2026,LOW,LOW,MEDIUM,65,1.5,Agro/Food
Balaji Dayalpura Infra Pvt. Ltd.,CRISIL,Bank Guarantee,A 4,30-04-2026,LOW,LOW,MEDIUM,56,85.5,Construction
Balaji Dayalpura Infra Pvt. Ltd.,CRISIL,Term Loan,B,30-04-2026,LOW,LOW,MEDIUM,56,3.4,Construction
Balaji Fiber Reinforce Pvt. Ltd.,IND-RA,NCD/Bond,D,02-04-2026,LOW,MEDIUM,MEDIUM,84,30.0,Textiles
Balarka Fabricon Pvt. Ltd.,CARE,Bank Guarantee,A 4,28-04-2026,LOW,LOW,MEDIUM,58,1.0,Textiles
Balarka Fabricon Pvt. Ltd.,CARE,Term Loan,B-,28-04-2026,LOW,LOW,MEDIUM,58,1.01,Textiles
Bangalore Metallurgicals Pvt. Ltd.,ICRA,Term Loan,B+,29-04-2026,LOW,LOW,MEDIUM,57,1.5,Steel & Metals
Bansal Associates Pvt. Ltd.,CRISIL,Letter of Credit,A 4,21-04-2026,LOW,LOW,MEDIUM,65,6.0,Other
Bardhaman Edible Pvt. Ltd.,CARE,Bank Guarantee,A 4,14-04-2026,LOW,LOW,MEDIUM,72,0.17,Other
Bardhaman Edible Pvt. Ltd.,CARE,Term Loan,B-,14-04-2026,LOW,LOW,MEDIUM,72,1.03,Other
Baril Marketing Pvt. Ltd.,BRICKWORK,Fund-Based,C,06-04-2026,LOW,LOW,MEDIUM,80,19.0,Steel & Metals
Belgachi Tea Co. Ltd.,CARE,Bank Guarantee,A 4,15-04-2026,LOW,LOW,MEDIUM,71,0.58,Agro/Food
Belgachi Tea Co. Ltd.,CARE,Term Loan,B-,15-04-2026,LOW,LOW,MEDIUM,71,7.4,Agro/Food
Bell Finvest (India) Ltd.,CARE,Term Loan,D,01-04-2026,LOW,MEDIUM,MEDIUM,85,150.0,Other
Bell-O-Seal Valves Pvt. Ltd.,CARE,Bank Guarantee,A 4+,06-04-2026,LOW,LOW,MEDIUM,80,13.0,Other
Bell-O-Seal Valves Pvt. Ltd.,CARE,Term Loan,BB+,06-04-2026,LOW,LOW,MEDIUM,80,3.22,Other
Bhagwati Industrial Group Ltd.,CRISIL,Fund-Based,B,17-04-2026,LOW,LOW,MEDIUM,69,6.26,Manufacturing
Bhagwati Industrial Group Ltd.,CRISIL,Letter of Credit,A 4,17-04-2026,LOW,LOW,MEDIUM,69,44.0,Manufacturing
Bhagwati Industrial Group Ltd.,CRISIL,Term Loan,B,17-04-2026,LOW,LOW,MEDIUM,69,38.64,Manufacturing
Bhagwati Vintrade Pvt. Ltd.,CARE,Term Loan,B-,20-04-2026,LOW,LOW,MEDIUM,66,8.27,Trading/Exports
Bhagya Laxmi Gems & Jewellers Pvt. Ltd.,ACUITE,Bank Guarantee,D,23-04-2026,LOW,LOW,MEDIUM,63,15.0,Jewellery/Gems
Bhagyodaya Trokhos Pvt. Ltd.,CRISIL,Fund-Based,D,21-04-2026,LOW,LOW,MEDIUM,65,13.0,Other
Bhagyodaya Trokhos Pvt. Ltd.,CRISIL,Term Loan,D,21-04-2026,LOW,LOW,MEDIUM,65,2.25,Other
Bharat Engineering Construction Co. Pvt. Ltd.,ACUITE,Bank Guarantee,A 4,01-04-2026,LOW,MEDIUM,MEDIUM,85,0.25,Construction
Bharat Engineering Construction Co. Pvt. Ltd.,ACUITE,Term Loan,B-,01-04-2026,LOW,MEDIUM,MEDIUM,85,5.0,Construction
Bhardwaj Construction Co. Pvt. Ltd.,IND-RA,Non-Fund-Based,A 4,02-04-2026,LOW,MEDIUM,MEDIUM,84,9.84,Construction
Bhargavi Automobiles Pvt. Ltd.,CARE,Term Loan,BB,07-04-2026,LOW,LOW,MEDIUM,79,5.0,Automobiles
Bhartia Yarns Pvt. Ltd.,IND-RA,NCD/Bond,B/A4,02-04-2026,LOW,MEDIUM,MEDIUM,84,10.0,Textiles
Bhopal Tractors Pvt. Ltd.,IND-RA,NCD/Bond,B/A4,02-04-2026,LOW,MEDIUM,MEDIUM,84,10.0,Other
Bhoruka Power Corpn. Ltd.,IND-RA,Term Loan,BB-,02-04-2026,LOW,MEDIUM,MEDIUM,84,1012.82,Energy
Bihani Binayake Cotex Pvt. Ltd.,CARE,Term Loan,B-,23-04-2026,LOW,LOW,MEDIUM,63,0.69,Other
Biomedix Optotechnik & Devices Pvt. Ltd.,IND-RA,NCD/Bond,B-/A4,02-04-2026,LOW,MEDIUM,MEDIUM,84,8.91,IT/Technology
Biop Steels & Power Pvt. Ltd.,BRICKWORK,Bank Guarantee,A 4,07-04-2026,LOW,LOW,MEDIUM,79,1.0,Steel & Metals
Biop Steels & Power Pvt. Ltd.,BRICKWORK,Letter of Credit,A 4,07-04-2026,LOW,LOW,MEDIUM,79,3.0,Steel & Metals
Birli Spinning Mill Pvt. Ltd.,ACUITE,Bank Guarantee,A 4,21-04-2026,LOW,LOW,MEDIUM,65,7.0,Textiles
Birli Spinning Mill Pvt. Ltd.,ACUITE,Letter of Credit,A 4,21-04-2026,LOW,LOW,MEDIUM,65,3.0,Textiles
Birli Spinning Mill Pvt. Ltd.,ACUITE,Term Loan,B-,21-04-2026,LOW,LOW,MEDIUM,65,42.0,Textiles
Blue Duck Textiles Pvt. Ltd.,IND-RA,NCD/Bond,D,02-04-2026,LOW,MEDIUM,MEDIUM,84,7.83,Construction
Bluemax Imppex (India) Pvt. Ltd.,BRICKWORK,Letter of Credit,D,03-04-2026,LOW,MEDIUM,MEDIUM,83,3.0,Other
Borkar Packaging Pvt. Ltd.,CRISIL,Letter of Credit,A 4,21-04-2026,LOW,LOW,MEDIUM,65,30.8,Paper/Packaging
Borkar Packaging Pvt. Ltd.,CRISIL,Term Loan,B,21-04-2026,LOW,LOW,MEDIUM,65,25.2,Paper/Packaging
Boxcoworld Pvt. Ltd.,CRISIL,Bank Guarantee,D,15-04-2026,LOW,LOW,MEDIUM,71,1.0,Other
Boxcoworld Pvt. Ltd.,CRISIL,Non-Fund-Based,D,15-04-2026,LOW,LOW,MEDIUM,71,2.5,Other
Bravo Agencies Pvt. Ltd.,CARE,Letter of Credit,D,06-04-2026,LOW,LOW,MEDIUM,80,7.5,Other
Brindha Cotton Mills Pvt. Ltd.,IND-RA,NCD/Bond,D,02-04-2026,LOW,MEDIUM,MEDIUM,84,10.57,Agro/Food
Brs Enterprises & Trading Ltd.,ACUITE,Letter of Credit,D,17-04-2026,LOW,LOW,MEDIUM,69,30.0,Trading/Exports
Buildmate Projects Pvt. Ltd.,CARE,Bank Guarantee,A 4,15-04-2026,LOW,LOW,MEDIUM,71,3.0,Construction
Buildmate Projects Pvt. Ltd.,CARE,Letter of Credit,A 4,15-04-2026,LOW,LOW,MEDIUM,71,6.0,Construction
Buildmate Projects Pvt. Ltd.,CARE,Term Loan,C,15-04-2026,LOW,LOW,MEDIUM,71,0.74,Construction
Bulland Buildtech Pvt. Ltd.,CARE,Fund-Based,D,28-04-2026,LOW,LOW,MEDIUM,58,45.0,Construction
C B C Fashions (Asia) Pvt. Ltd.,BRICKWORK,Term Loan,D,07-04-2026,LOW,LOW,MEDIUM,79,8.81,Textiles
C Gems & Jewels Pvt. Ltd.,BRICKWORK,Term Loan,D,09-04-2026,LOW,LOW,MEDIUM,77,7.5,Jewellery/Gems
C M Auto Sales Pvt. Ltd.,CARE,Fund-Based,B+,23-04-2026,LOW,LOW,MEDIUM,63,16.1,Automobiles
C M Auto Sales Pvt. Ltd.,CARE,NCD/Bond,B+/A4,23-04-2026,LOW,LOW,MEDIUM,63,4.5,Automobiles
C P Re-Rollers Ltd.,BRICKWORK,Bank Guarantee,A 4,10-04-2026,LOW,LOW,MEDIUM,76,9.38,Other
C P Re-Rollers Ltd.,BRICKWORK,Fund-Based,BB-,10-04-2026,LOW,LOW,MEDIUM,76,5.6,Other
C S H Power Himoinsa Pvt. Ltd.,CARE,NCD/Bond,A 4,10-04-2026,LOW,LOW,MEDIUM,76,5.0,Energy
Cabbana Infrastructures Pvt. Ltd.,IND-RA,Term Loan,D,02-04-2026,LOW,MEDIUM,MEDIUM,84,363.72,Construction
Cadillac Granito Pvt. Ltd.,CRISIL,Bank Guarantee,A 4,21-04-2026,LOW,LOW,MEDIUM,65,1.75,Other
Cadillac Granito Pvt. Ltd.,CRISIL,Term Loan,B,21-04-2026,LOW,LOW,MEDIUM,65,15.0,Other
Capital Electech Pvt. Ltd.,BRICKWORK,Bank Guarantee,B+,03-04-2026,LOW,MEDIUM,MEDIUM,83,123.5,IT/Technology
Capital Electricals Pvt. Ltd.,CRISIL,Bank Guarantee,A 4,24-04-2026,LOW,LOW,MEDIUM,62,7.0,Energy
Capital Electricals Pvt. Ltd.,CRISIL,Letter of Credit,A 4,24-04-2026,LOW,LOW,MEDIUM,62,3.0,Energy
Capital Electricals Pvt. Ltd.,CRISIL,Term Loan,A 4,24-04-2026,LOW,LOW,MEDIUM,62,10.0,Energy
Capital Record Centre Pvt. Ltd.,CRISIL,Bank Guarantee,A 4,09-04-2026,LOW,LOW,MEDIUM,77,2.61,Other
Capital Record Centre Pvt. Ltd.,CRISIL,Term Loan,B,09-04-2026,LOW,LOW,MEDIUM,77,3.09,Other
Carboline (India) Pvt. Ltd.,BRICKWORK,Bank Guarantee,A 4,07-04-2026,LOW,LOW,MEDIUM,79,4.5,Other
Carboline (India) Pvt. Ltd.,BRICKWORK,Letter of Credit,A 4,07-04-2026,LOW,LOW,MEDIUM,79,1.5,Other
Cee Dee Vacuum Equipment Pvt. Ltd.,ACUITE,Bank Guarantee,A 4,13-04-2026,LOW,LOW,MEDIUM,73,15.0,Manufacturing
Cee Dee Vacuum Equipment Pvt. Ltd.,ACUITE,Letter of Credit,A 4,13-04-2026,LOW,LOW,MEDIUM,73,5.0,Manufacturing
Cee Dee Vacuum Equipment Pvt. Ltd.,ACUITE,Term Loan,B,13-04-2026,LOW,LOW,MEDIUM,73,5.5,Manufacturing
Centurion Remedies Pvt. Ltd.,CRISIL,Bank Guarantee,D,23-04-2026,LOW,LOW,MEDIUM,63,1.93,Other
Centurion Remedies Pvt. Ltd.,CRISIL,Fund-Based,D,23-04-2026,LOW,LOW,MEDIUM,63,20.14,Other
Centurion Remedies Pvt. Ltd.,CRISIL,Letter of Credit,D,23-04-2026,LOW,LOW,MEDIUM,63,2.0,Other
Centurion Remedies Pvt. Ltd.,CRISIL,Term Loan,D,23-04-2026,LOW,LOW,MEDIUM,63,2.34,Other
Century Aluminium Mfg. Co. Ltd.,BRICKWORK,Bank Guarantee,D,02-04-2026,LOW,MEDIUM,MEDIUM,84,15.0,Steel & Metals
Century Aluminium Mfg. Co. Ltd.,BRICKWORK,Letter of Credit,D,02-04-2026,LOW,MEDIUM,MEDIUM,84,57.5,Steel & Metals
Chakrapani Vyapar Pvt. Ltd.,CARE,Term Loan,BB-,23-04-2026,LOW,LOW,MEDIUM,63,18.0,Other
Chandra Fabrics Pvt. Ltd.,CARE,Term Loan,B,10-04-2026,LOW,LOW,MEDIUM,76,0.11,Textiles
Chandrakona Cold Storage Pvt. Ltd.,IND-RA,Term Loan,D,02-04-2026,LOW,MEDIUM,MEDIUM,84,7.25,Other
Chavan Motors Division India Pvt. Ltd.,CRISIL,Bank Guarantee,A 4,27-04-2026,LOW,LOW,MEDIUM,59,2.0,Automobiles
Chavan Motors Division India Pvt. Ltd.,CRISIL,Term Loan,B,27-04-2026,LOW,LOW,MEDIUM,59,2.0,Automobiles
Chelsea Textiles Pvt. Ltd.,CRISIL,Term Loan,B-,20-04-2026,LOW,LOW,MEDIUM,66,8.55,Construction
Chenduran Cotspin (India) Pvt. Ltd.,ACUITE,Letter of Credit,A 4+,07-04-2026,LOW,LOW,MEDIUM,79,4.0,Other
Chenduran Cotspin (India) Pvt. Ltd.,ACUITE,Term Loan,A 4+,07-04-2026,LOW,LOW,MEDIUM,79,9.72,Other
Chenduran Cotspin (India) Pvt. Ltd.,ACUITE,Term Loan,BB-,07-04-2026,LOW,LOW,MEDIUM,79,2.46,Other
Chetan Overseas Pvt. Ltd.,IND-RA,NCD/Bond,B-/A4,02-04-2026,LOW,MEDIUM,MEDIUM,84,13.5,Other
Chhabeela Energy Foods Pvt. Ltd.,CRISIL,Fund-Based,B,23-04-2026,LOW,LOW,MEDIUM,63,25.0,Agro/Food
Chhabeela Energy Foods Pvt. Ltd.,CRISIL,Term Loan,B,23-04-2026,LOW,LOW,MEDIUM,63,36.0,Agro/Food
Chhabeela Energy Foods Pvt. Ltd.,CRISIL,Term Loan,B,23-04-2026,LOW,LOW,MEDIUM,63,4.0,Agro/Food
Chhapra-Hajipur Expressways Ltd.,ICRA,Term Loan,D,30-04-2026,LOW,LOW,MEDIUM,56,857.0,Other
Chidambaram Shipcare Pvt. Ltd.,ICRA,Non-Fund-Based,A 4,29-04-2026,LOW,LOW,MEDIUM,57,2.85,Other
Chopra Lam Products Pvt. Ltd.,ACUITE,Letter of Credit,A 4,13-04-2026,LOW,LOW,MEDIUM,73,5.0,Other
Chopra Lam Products Pvt. Ltd.,ACUITE,Term Loan,B-,13-04-2026,LOW,LOW,MEDIUM,73,0.62,Other
City Motors Pvt. Ltd.,CRISIL,Fund-Based,B,21-04-2026,LOW,LOW,MEDIUM,65,19.75,Automobiles
City Motors Pvt. Ltd.,CRISIL,Term Loan,B,21-04-2026,LOW,LOW,MEDIUM,65,0.56,Automobiles
City Motors Pvt. Ltd.,CRISIL,Term Loan,B,21-04-2026,LOW,LOW,MEDIUM,65,1.69,Automobiles
Claris Ltd.,ACUITE,Term Loan,D,08-04-2026,LOW,LOW,MEDIUM,78,26.29,Other
Claris Ltd.,ACUITE,Bank Guarantee,A 4,08-04-2026,LOW,LOW,MEDIUM,78,1.0,Other
Claris Ltd.,ACUITE,Term Loan,C,08-04-2026,LOW,LOW,MEDIUM,78,3.15,Other
Claris Ltd.,ACUITE,Term Loan,C,08-04-2026,LOW,LOW,MEDIUM,78,5.56,Other
Claystone Granito Pvt. Ltd.,CRISIL,Bank Guarantee,A 4,23-04-2026,LOW,LOW,MEDIUM,63,4.9,Construction
Claystone Granito Pvt. Ltd.,CRISIL,Term Loan,B,23-04-2026,LOW,LOW,MEDIUM,63,21.1,Construction
Clean Coal Enterprises Pvt. Ltd.,ACUITE,Bank Guarantee,A 4+,23-04-2026,LOW,LOW,MEDIUM,63,5.0,Energy
Clean Coal Enterprises Pvt. Ltd.,ACUITE,Fund-Based,BB,23-04-2026,LOW,LOW,MEDIUM,63,2.12,Energy
Clean Coal Enterprises Pvt. Ltd.,ACUITE,Term Loan,BB,23-04-2026,LOW,LOW,MEDIUM,63,2.88,Energy
Cleantec Infra Pvt. Ltd.,IND-RA,NCD/Bond,B/A4,02-04-2026,LOW,MEDIUM,MEDIUM,84,6.0,Construction
Clrk Industries Pvt. Ltd.,CARE,Non-Fund-Based,A 4,22-04-2026,LOW,LOW,MEDIUM,64,3.5,Other
Clrk Industries Pvt. Ltd.,CARE,Fund-Based,BB-,22-04-2026,LOW,LOW,MEDIUM,64,44.0,Other
Clrk Industries Pvt. Ltd.,CARE,NCD/Bond,BB-/A4,22-04-2026,LOW,LOW,MEDIUM,64,0.5,Other
Coirfoam (India) Pvt. Ltd.,IND-RA,NCD/Bond,B-/A4,02-04-2026,LOW,MEDIUM,MEDIUM,84,8.0,Other
Corodex Infrastructure Pvt. Ltd.,CARE,NCD/Bond,D,24-04-2026,LOW,LOW,MEDIUM,62,14.0,Construction
Cranex Ltd.,CRISIL,Bank Guarantee,A 4,23-04-2026,LOW,LOW,MEDIUM,63,15.0,Other
Cranex Ltd.,CRISIL,Letter of Credit,A 4,23-04-2026,LOW,LOW,MEDIUM,63,2.5,Other
Crescent Tanners Pvt. Ltd.,CARE,Bank Guarantee,B-,10-04-2026,LOW,LOW,MEDIUM,76,0.5,Other
Crestia Polytech Pvt. Ltd. [Merged],CRISIL,Term Loan,B,15-04-2026,LOW,LOW,MEDIUM,71,15.81,IT/Technology
Criyagen Agri & Biotech Pvt. Ltd.,CRISIL,Term Loan,B,21-04-2026,LOW,LOW,MEDIUM,65,13.0,Healthcare
Cyber Automobiles Pvt. Ltd.,BRICKWORK,Bank Guarantee,D,03-04-2026,LOW,MEDIUM,MEDIUM,83,0.5,Automobiles
Cyber Automobiles Pvt. Ltd.,BRICKWORK,Term Loan,D,03-04-2026,LOW,MEDIUM,MEDIUM,83,0.34,Automobiles
Cybercity Builders & Developers Pvt. Ltd.,IND-RA,Term Loan,B,02-04-2026,LOW,MEDIUM,MEDIUM,84,175.0,Construction
D B S Automobiles Pvt. Ltd.,CRISIL,Term Loan,B,23-04-2026,LOW,LOW,MEDIUM,63,2.0,Automobiles
D C S Techno Services Pvt. Ltd.,IND-RA,NCD/Bond,B-/A4,02-04-2026,LOW,MEDIUM,MEDIUM,84,12.0,IT/Technology
D H I Mobility Pvt. Ltd.,IND-RA,Term Loan,B-,02-04-2026,LOW,MEDIUM,MEDIUM,84,15.0,Other
D J S Printers Pvt. Ltd.,CARE,Term Loan,B+,21-04-2026,LOW,LOW,MEDIUM,65,8.5,Paper/Packaging
D M L Exim Pvt. Ltd.,IND-RA,NCD/Bond,B/A4,02-04-2026,LOW,MEDIUM,MEDIUM,84,130.0,Other
D M L World Trade Pvt. Ltd.,IND-RA,NCD/Bond,B/A4,02-04-2026,LOW,MEDIUM,MEDIUM,84,20.0,Trading/Exports
D P Jain Dariapur-Jasondhi (Annuity) Road Projects Pvt. Ltd.,CARE,Term Loan,BB+,15-04-2026,LOW,LOW,MEDIUM,71,32.52,Other
D T L Ancillaries Ltd.,CRISIL,Bank Guarantee,A 4,28-04-2026,LOW,LOW,MEDIUM,58,26.3,Automobiles
D T L Ancillaries Ltd.,CRISIL,Letter of Credit,A 4,28-04-2026,LOW,LOW,MEDIUM,58,29.0,Automobiles
D T L India Holdings Ltd.,CRISIL,Bank Guarantee,A 4,23-04-2026,LOW,LOW,MEDIUM,63,5.0,Other
Darshan Overseas Pvt. Ltd.,IND-RA,NCD/Bond,B/A4,02-04-2026,LOW,MEDIUM,MEDIUM,84,50.0,Other
Datacipher Ltd.,ICRA,Non-Fund-Based,D,15-04-2026,LOW,LOW,MEDIUM,71,35.75,IT/Technology
Datacipher Ltd.,ICRA,Term Loan,D,15-04-2026,LOW,LOW,MEDIUM,71,2.3,IT/Technology
Deepak International Ltd.,CRISIL,Bank Guarantee,A 4,30-04-2026,LOW,LOW,MEDIUM,56,4.0,Other
Deepak International Ltd.,CRISIL,Letter of Credit,A 4,30-04-2026,LOW,LOW,MEDIUM,56,1.0,Other
Deepak International Ltd.,CRISIL,Term Loan,B,30-04-2026,LOW,LOW,MEDIUM,56,1.65,Other
Deepak International Ltd.,CRISIL,Term Loan,B,30-04-2026,LOW,LOW,MEDIUM,56,3.35,Other
Design & Manufacturing Vista Electronics Pvt. Ltd.,CARE,NCD/Bond,BBB/A3,06-04-2026,LOW,LOW,MEDIUM,80,20.0,Manufacturing
Devi Iron & Power Pvt. Ltd.,ICRA,Non-Fund-Based,A 4,21-04-2026,LOW,LOW,MEDIUM,65,17.5,Steel & Metals
Devi Iron & Power Pvt. Ltd.,ICRA,Term Loan,B+,21-04-2026,LOW,LOW,MEDIUM,65,15.0,Steel & Metals
Devika Fibres Pvt. Ltd.,ACUITE,Bank Guarantee,A 4+,10-04-2026,LOW,LOW,MEDIUM,76,2.0,Textiles
Devika Fibres Pvt. Ltd.,ACUITE,Term Loan,BB,10-04-2026,LOW,LOW,MEDIUM,76,4.47,Textiles
Devika Fibres Pvt. Ltd.,ACUITE,Term Loan,BB,10-04-2026,LOW,LOW,MEDIUM,76,42.22,Textiles
Dhanbad Rock Wool Insulation Ltd.,CRISIL,Bank Guarantee,A 4,20-04-2026,LOW,LOW,MEDIUM,66,1.5,Other
Dhanbad Rock Wool Insulation Ltd.,CRISIL,Term Loan,B,20-04-2026,LOW,LOW,MEDIUM,66,1.25,Other
Dhanlaxmi Electricals Pvt. Ltd.,IND-RA,NCD/Bond,D,02-04-2026,LOW,MEDIUM,MEDIUM,84,23.0,Energy
Dharneesh Gold Pvt. Ltd.,ACUITE,Bank Guarantee,D,23-04-2026,LOW,LOW,MEDIUM,63,10.0,Jewellery/Gems
Dharneesh Gold Pvt. Ltd.,ACUITE,Term Loan,D,23-04-2026,LOW,LOW,MEDIUM,63,3.95,Jewellery/Gems
Dharneesh Gold Pvt. Ltd.,ACUITE,Term Loan,D,23-04-2026,LOW,LOW,MEDIUM,63,5.05,Jewellery/Gems
Dhruv Cotfab Pvt. Ltd.,ACUITE,Term Loan,D,02-04-2026,LOW,MEDIUM,MEDIUM,84,1.5,Other
Diamond Beverages Pvt. Ltd.,CARE,Bank Guarantee,A 4,15-04-2026,LOW,LOW,MEDIUM,71,2.0,Jewellery/Gems
Diamond Beverages Pvt. Ltd.,CARE,Term Loan,B+,15-04-2026,LOW,LOW,MEDIUM,71,92.15,Jewellery/Gems
Dighvijay Plastics & Allied Products Pvt. Ltd.,CRISIL,Bank Guarantee,A 4,30-04-2026,LOW,LOW,MEDIUM,56,1.0,Chemicals/Pharma
Dighvijay Plastics & Allied Products Pvt. Ltd.,CRISIL,Fund-Based,B,30-04-2026,LOW,LOW,MEDIUM,56,6.0,Chemicals/Pharma
Dilip Impex Pvt. Ltd.,CRISIL,Bank Guarantee,A 4,20-04-2026,LOW,LOW,MEDIUM,66,5.0,Other
Dimple Creations Pvt. Ltd.,CRISIL,Term Loan,B,23-04-2026,LOW,LOW,MEDIUM,63,6.0,Other
Dinesh Brothers Pvt. Ltd.,CRISIL,Fund-Based,B,30-04-2026,LOW,LOW,MEDIUM,56,4.2,Other
Dinesh Brothers Pvt. Ltd.,CRISIL,Letter of Credit,A 4,30-04-2026,LOW,LOW,MEDIUM,56,4.0,Other
Divya Jyoti Inds. Ltd.,CRISIL,Bank Guarantee,D,10-04-2026,LOW,LOW,MEDIUM,76,0.65,Other
Divya Jyoti Inds. Ltd.,CRISIL,Letter of Credit,D,10-04-2026,LOW,LOW,MEDIUM,76,6.5,Other
Divya Jyoti Inds. Ltd.,CRISIL,Term Loan,D,10-04-2026,LOW,LOW,MEDIUM,76,0.65,Other
Dmson'S Metal Pvt. Ltd.,CRISIL,Letter of Credit,A 4,20-04-2026,LOW,LOW,MEDIUM,66,58.0,Steel & Metals
Dnyanyogi Shri Shivkumar Swamiji Sugars Ltd.,ACUITE,Bank Guarantee,A 4,09-04-2026,LOW,LOW,MEDIUM,77,6.4,Agro/Food
Dnyanyogi Shri Shivkumar Swamiji Sugars Ltd.,ACUITE,Term Loan,B-,09-04-2026,LOW,LOW,MEDIUM,77,49.6,Agro/Food
Dubas Engineering Pvt. Ltd.,BRICKWORK,Bank Guarantee,A 4,10-04-2026,LOW,LOW,MEDIUM,76,5.0,Manufacturing
Durairaj Mills Ltd.,ACUITE,Letter of Credit,D,10-04-2026,LOW,LOW,MEDIUM,76,5.0,Other
Durairaj Mills Ltd.,ACUITE,Term Loan,D,10-04-2026,LOW,LOW,MEDIUM,76,41.44,Other
Duratex Silk Mills Pvt. Ltd.,ICRA,NCD/Bond,B/A4,22-04-2026,LOW,LOW,MEDIUM,64,5.81,Textiles
Duratex Silk Mills Pvt. Ltd.,ICRA,Term Loan,B,22-04-2026,LOW,LOW,MEDIUM,64,17.09,Textiles
Durga Automotives Pvt. Ltd.,CARE,Term Loan,D,08-04-2026,LOW,LOW,MEDIUM,78,3.4,Automobiles
E C Blades & Tools Pvt. Ltd.,CRISIL,Bank Guarantee,A 4,28-04-2026,LOW,LOW,MEDIUM,58,25.0,Other
Earth Minerals Co. Ltd.,ACUITE,Bank Guarantee,A 4+,23-04-2026,LOW,LOW,MEDIUM,63,30.0,Mining/Minerals
Earth Minerals Co. Ltd.,ACUITE,Bank Guarantee,A 4+,23-04-2026,LOW,LOW,MEDIUM,63,10.0,Mining/Minerals
Eco Polyfibres Pvt. Ltd.,CARE,Letter of Credit,D,28-04-2026,LOW,LOW,MEDIUM,58,7.5,Textiles
Ecomotel Hotel Ltd.,CARE,Term Loan,D,06-04-2026,LOW,LOW,MEDIUM,80,11.65,Hotels/Tourism
Elkaypee Spinners Pvt. Ltd.,ACUITE,Letter of Credit,A 4+,07-04-2026,LOW,LOW,MEDIUM,79,3.5,Other
Elkaypee Spinners Pvt. Ltd.,ACUITE,Term Loan,A 4+,07-04-2026,LOW,LOW,MEDIUM,79,0.28,Other
Elkaypee Spinners Pvt. Ltd.,ACUITE,Term Loan,BB-,07-04-2026,LOW,LOW,MEDIUM,79,4.97,Other
Elkaypee Spinners Pvt. Ltd.,ACUITE,Term Loan,BB-,07-04-2026,LOW,LOW,MEDIUM,79,4.11,Other
Elysium Pharmaceuticals Ltd.,IND-RA,NCD/Bond,BB-/A4+,02-04-2026,LOW,MEDIUM,MEDIUM,84,82.65,Chemicals/Pharma
Eminent Dealers Pvt. Ltd.,BRICKWORK,Bank Guarantee,A 4,01-04-2026,LOW,MEDIUM,MEDIUM,85,0.41,Trading/Exports
Eminent Dealers Pvt. Ltd.,BRICKWORK,Term Loan,C,01-04-2026,LOW,MEDIUM,MEDIUM,85,12.83,Trading/Exports
Empire Alcobrev Pvt. Ltd.,CARE,NCD/Bond,B+/A4,23-04-2026,LOW,LOW,MEDIUM,63,5.0,Other
Enam Castings Pvt. Ltd.,CRISIL,Term Loan,B,28-04-2026,LOW,LOW,MEDIUM,58,1.0,Steel & Metals
Encore Projects Pvt. Ltd.,CARE,Bank Guarantee,A 4,08-04-2026,LOW,LOW,MEDIUM,78,1.4,Other
Encore Projects Pvt. Ltd.,CARE,NCD/Bond,B-/A4,08-04-2026,LOW,LOW,MEDIUM,78,1.35,Other
Enem Nostrum Remedies Pvt. Ltd.,IND-RA,Term Loan,D,02-04-2026,LOW,MEDIUM,MEDIUM,84,33.06,Other
Energo Engineering Projects Ltd.,ICRA,Non-Fund-Based,D,10-04-2026,LOW,LOW,MEDIUM,76,1150.0,Manufacturing
Energo Engineering Projects Ltd.,ICRA,Term Loan,D,10-04-2026,LOW,LOW,MEDIUM,76,22.75,Manufacturing
Energy Development Co. Ltd.,CARE,Bank Guarantee,A 4,17-04-2026,LOW,LOW,MEDIUM,69,7.0,Energy
Entertainment City Ltd.,BRICKWORK,Term Loan,D,03-04-2026,LOW,MEDIUM,MEDIUM,83,673.42,Other
Envirad Projects Pvt. Ltd.,CARE,NCD/Bond,B+/A4,23-04-2026,LOW,LOW,MEDIUM,63,4.9,Other
Envirad Projects Pvt. Ltd.,CARE,NCD/Bond,B+/A4,23-04-2026,LOW,LOW,MEDIUM,63,30.1,Other
Epicu Agro Products Pvt. Ltd.,ICRA,NCD/Bond,BB+/A4+,28-04-2026,LOW,LOW,MEDIUM,58,60.86,Agro/Food
Epicu Agro Products Pvt. Ltd.,ICRA,Term Loan,BB+,28-04-2026,LOW,LOW,MEDIUM,58,16.44,Agro/Food
Eppeltone Engineers Ltd.,CRISIL,Bank Guarantee,A 4,28-04-2026,LOW,LOW,MEDIUM,58,8.5,Manufacturing
Esmario Export Enterprises Pvt. Ltd.,CRISIL,Bank Guarantee,A 4,28-04-2026,LOW,LOW,MEDIUM,58,4.0,Logistics
Esmario Export Enterprises Pvt. Ltd.,CRISIL,Letter of Credit,A 4,28-04-2026,LOW,LOW,MEDIUM,58,8.5,Logistics
Esmario Export Enterprises Pvt. Ltd.,CRISIL,Term Loan,B,28-04-2026,LOW,LOW,MEDIUM,58,1.0,Logistics
Essal Infrastructure Pvt. Ltd.,ACUITE,Bank Guarantee,A 4,09-04-2026,LOW,LOW,MEDIUM,77,17.5,Construction
Essal Infrastructure Pvt. Ltd.,ACUITE,Term Loan,C,09-04-2026,LOW,LOW,MEDIUM,77,0.05,Construction
Essem Auto Electricals Pvt. Ltd.,CARE,Bank Guarantee,A 4,08-04-2026,LOW,LOW,MEDIUM,78,,Energy
Essem Auto Electricals Pvt. Ltd.,CARE,NCD/Bond,BB+/A4,08-04-2026,LOW,LOW,MEDIUM,78,,Energy
Essem Auto Electricals Pvt. Ltd.,CARE,Term Loan,BB+,08-04-2026,LOW,LOW,MEDIUM,78,,Energy
Etco Denim Pvt. Ltd.,CARE,Bank Guarantee,D,09-04-2026,LOW,LOW,MEDIUM,77,29.0,Other
Etco Denim Pvt. Ltd.,CARE,NCD/Bond,D,09-04-2026,LOW,LOW,MEDIUM,77,112.99,Other
Etco Denim Pvt. Ltd.,CARE,Term Loan,D,09-04-2026,LOW,LOW,MEDIUM,77,246.45,Other
Everest Sea Foods Exports Pvt. Ltd.,CARE,Bank Guarantee,A 4,10-04-2026,LOW,LOW,MEDIUM,76,0.15,Agro/Food
Everest Sea Foods Exports Pvt. Ltd.,CARE,Term Loan,B-,10-04-2026,LOW,LOW,MEDIUM,76,1.33,Agro/Food
Evergreen International Ltd.,CARE,Term Loan,B-,16-04-2026,LOW,LOW,MEDIUM,70,1.3,Other
Everon Castings Pvt. Ltd.,IND-RA,NCD/Bond,C/A4,02-04-2026,LOW,MEDIUM,MEDIUM,84,43.67,Steel & Metals
Everrenew Energy Pvt. Ltd.,IND-RA,Non-Fund-Based,A 4+,13-04-2026,LOW,LOW,MEDIUM,73,103.0,Energy
Everrenew Energy Pvt. Ltd.,IND-RA,NCD/Bond,BB/A4+,13-04-2026,LOW,LOW,MEDIUM,73,25.0,Energy
Everrenew Energy Pvt. Ltd.,IND-RA,NCD/Bond,BB/A4+,13-04-2026,LOW,LOW,MEDIUM,73,141.0,Energy
Excellous Commodities Pvt. Ltd.,ACUITE,Bank Guarantee,D,02-04-2026,LOW,MEDIUM,MEDIUM,84,5.0,Other
Excellous Commodities Pvt. Ltd.,ACUITE,Bank Guarantee,D,02-04-2026,LOW,MEDIUM,MEDIUM,84,6.0,Other
Excellous Commodities Pvt. Ltd.,ACUITE,Letter of Credit,D,02-04-2026,LOW,MEDIUM,MEDIUM,84,5.0,Other
Excellous Commodities Pvt. Ltd.,ACUITE,Letter of Credit,D,02-04-2026,LOW,MEDIUM,MEDIUM,84,6.0,Other
Ezone Security Solutions (India) Pvt. Ltd.,CRISIL,Bank Guarantee,A 4,28-04-2026,LOW,LOW,MEDIUM,58,1.0,Other
Ezone Security Solutions (India) Pvt. Ltd.,CRISIL,Letter of Credit,A 4,28-04-2026,LOW,LOW,MEDIUM,58,1.0,Other
Fenasia Ltd.,ACUITE,Letter of Credit,A 4,17-04-2026,LOW,LOW,MEDIUM,69,1.0,Other
Fenasia Ltd.,ACUITE,Term Loan,B-,17-04-2026,LOW,LOW,MEDIUM,69,2.5,Other
Ferromet Steels Pvt. Ltd.,ACUITE,Term Loan,D,13-04-2026,LOW,LOW,MEDIUM,73,8.3,Steel & Metals
Fibro Plastichem (India) Pvt. Ltd.,CRISIL,Bank Guarantee,A 4,10-04-2026,LOW,LOW,MEDIUM,76,0.5,Chemicals/Pharma
Fibro Plastichem (India) Pvt. Ltd.,CRISIL,Letter of Credit,A 4,10-04-2026,LOW,LOW,MEDIUM,76,1.6,Chemicals/Pharma
Fibro Plastichem (India) Pvt. Ltd.,CRISIL,Term Loan,B,10-04-2026,LOW,LOW,MEDIUM,76,1.87,Chemicals/Pharma
Fibro Plastichem (India) Pvt. Ltd.,CRISIL,Term Loan,B,10-04-2026,LOW,LOW,MEDIUM,76,0.78,Chemicals/Pharma
Filteration Engineers (India) Pvt. Ltd.,ACUITE,Bank Guarantee,A 4,14-04-2026,LOW,LOW,MEDIUM,72,5.25,Manufacturing
Finecrete Eco Blocks Pvt. Ltd. [Merged],CRISIL,Term Loan,D,10-04-2026,LOW,LOW,MEDIUM,76,36.0,Other
Fiorenza Granito Pvt. Ltd.,CRISIL,Bank Guarantee,A 4,23-04-2026,LOW,LOW,MEDIUM,63,6.0,Other
Fiorenza Granito Pvt. Ltd.,CRISIL,Letter of Credit,A 4,23-04-2026,LOW,LOW,MEDIUM,63,1.0,Other
Fiorenza Granito Pvt. Ltd.,CRISIL,Term Loan,B,23-04-2026,LOW,LOW,MEDIUM,63,22.43,Other
Fittech Industries Pvt. Ltd.,CRISIL,Bank Guarantee,A 4,22-04-2026,LOW,LOW,MEDIUM,64,7.5,IT/Technology
Fittech Industries Pvt. Ltd.,CRISIL,Term Loan,B,22-04-2026,LOW,LOW,MEDIUM,64,0.5,IT/Technology
Fittech Industries Pvt. Ltd.,CRISIL,Term Loan,B,22-04-2026,LOW,LOW,MEDIUM,64,7.0,IT/Technology
Flexituff Ventures Intl. Ltd.,CARE,Non-Fund-Based,D,17-04-2026,LOW,LOW,MEDIUM,69,199.02,Other
Flexituff Ventures Intl. Ltd.,CARE,NCD/Bond,D,17-04-2026,LOW,LOW,MEDIUM,69,251.17,Other
Flexituff Ventures Intl. Ltd.,CARE,Term Loan,D,17-04-2026,LOW,LOW,MEDIUM,69,13.31,Other
Florind Shoes Pvt. Ltd.,ACUITE,Letter of Credit,D,09-04-2026,LOW,LOW,MEDIUM,77,9.0,Other
Fores Elastomech India Pvt. Ltd.,CRISIL,Bank Guarantee,A 4,16-04-2026,LOW,LOW,MEDIUM,70,1.0,Other
Fores Elastomech India Pvt. Ltd.,CRISIL,Letter of Credit,A 4,16-04-2026,LOW,LOW,MEDIUM,70,3.0,Other
Fores Elastomech India Pvt. Ltd.,CRISIL,Term Loan,B,16-04-2026,LOW,LOW,MEDIUM,70,31.5,Other
Formulated Polymers Pvt. Ltd.,ACUITE,Letter of Credit,A 4,22-04-2026,LOW,LOW,MEDIUM,64,8.43,Chemicals/Pharma
Friends Agrichem Pvt. Ltd.,CRISIL,Term Loan,B,10-04-2026,LOW,LOW,MEDIUM,76,2.2,Chemicals/Pharma
Friends Agrichem Pvt. Ltd.,CRISIL,Term Loan,B,10-04-2026,LOW,LOW,MEDIUM,76,7.8,Chemicals/Pharma
Fusion Voice Solutions Pvt. Ltd.,CRISIL,Term Loan,B,10-04-2026,LOW,LOW,MEDIUM,76,3.5,Other
Future Enterprises Ltd.,CARE,Bank Guarantee,D,23-04-2026,LOW,LOW,MEDIUM,63,602.0,Other
Future Enterprises Ltd.,CARE,Term Loan,D,23-04-2026,LOW,LOW,MEDIUM,63,550.0,Other
G M A Pinnacle Automotives Pvt. Ltd.,IND-RA,NCD/Bond,B-/A4,02-04-2026,LOW,MEDIUM,MEDIUM,84,15.0,Automobiles
G M Iron & Steel Co. Ltd.,CRISIL,Bank Guarantee,A 4,23-04-2026,LOW,LOW,MEDIUM,63,15.0,Steel & Metals
G M R Rajahmundry Energy Ltd.,CARE,Bank Guarantee,D,08-04-2026,LOW,LOW,MEDIUM,78,138.02,Energy
G M R Rajahmundry Energy Ltd.,CARE,Term Loan,D,08-04-2026,LOW,LOW,MEDIUM,78,2352.39,Energy
G M W Pvt. Ltd.,IND-RA,NCD/Bond,B-/A4,02-04-2026,LOW,MEDIUM,MEDIUM,84,66.26,Other
G Net Tradelinks Pvt. Ltd.,ACUITE,Letter of Credit,A 4,17-04-2026,LOW,LOW,MEDIUM,69,10.0,Paper/Packaging
G P C Infrastructure Ltd.,CRISIL,Bank Guarantee,A 4,09-04-2026,LOW,LOW,MEDIUM,77,75.5,Construction
G P C Infrastructure Ltd.,CRISIL,Fund-Based,B,09-04-2026,LOW,LOW,MEDIUM,77,21.3,Construction
G R Engineering Pvt. Ltd.,IND-RA,NCD/Bond,B/A4,02-04-2026,LOW,MEDIUM,MEDIUM,84,322.62,Manufacturing
G S C O Infrastructure Pvt. Ltd.,IND-RA,NCD/Bond,D,02-04-2026,LOW,MEDIUM,MEDIUM,84,46.4,Construction
Gajanan Oil Pvt. Ltd.,CRISIL,Letter of Credit,D,10-04-2026,LOW,LOW,MEDIUM,76,65.0,Energy
Gajanan Oil Pvt. Ltd.,CRISIL,Term Loan,D,10-04-2026,LOW,LOW,MEDIUM,76,60.0,Energy
Galaxy Life Care Services Pvt. Ltd.,CRISIL,Term Loan,B,10-04-2026,LOW,LOW,MEDIUM,76,10.0,Other
Galco Extrusions Pvt. Ltd.,CRISIL,Term Loan,B,28-04-2026,LOW,LOW,MEDIUM,58,2.34,Other
Galco Extrusions Pvt. Ltd.,CRISIL,Term Loan,B,28-04-2026,LOW,LOW,MEDIUM,58,5.15,Other
Gama Infraprop Pvt. Ltd.,CRISIL,Bank Guarantee,A 4,23-04-2026,LOW,LOW,MEDIUM,63,22.58,Construction
Gama Infraprop Pvt. Ltd.,CRISIL,Letter of Credit,A 4,23-04-2026,LOW,LOW,MEDIUM,63,35.0,Construction
Gama Infraprop Pvt. Ltd.,CRISIL,Term Loan,B,23-04-2026,LOW,LOW,MEDIUM,63,274.43,Construction
Gama Infraprop Pvt. Ltd.,CRISIL,Term Loan,B,23-04-2026,LOW,LOW,MEDIUM,63,282.99,Construction
Gandhi Spices Pvt. Ltd.,CRISIL,Term Loan,B,10-04-2026,LOW,LOW,MEDIUM,76,7.0,Agro/Food
Ganges Gardens Realtors Pvt. Ltd.,IND-RA,NCD/Bond,B-/A4,02-04-2026,LOW,MEDIUM,MEDIUM,84,12.5,Construction
Garnet Construction Ltd.,CRISIL,Fund-Based,B,23-04-2026,LOW,LOW,MEDIUM,63,5.0,Construction
Geetha Krishna Spg. Mills Pvt. Ltd.,IND-RA,NCD/Bond,B-/A4,02-04-2026,LOW,MEDIUM,MEDIUM,84,23.0,Other
Gem Motors (India) Pvt. Ltd.,IND-RA,NCD/Bond,B-/A4,02-04-2026,LOW,MEDIUM,MEDIUM,84,20.0,Automobiles
Gemus Engineering Ltd.,IND-RA,NCD/Bond,D,02-04-2026,LOW,MEDIUM,MEDIUM,84,19.3,Manufacturing
Gen Next Motors Ltd.,IND-RA,Term Loan,D,02-04-2026,LOW,MEDIUM,MEDIUM,84,20.34,Automobiles
Gensol Engineering Ltd.,ICRA,Bank Guarantee,D,23-04-2026,LOW,LOW,MEDIUM,63,406.5,Manufacturing
Gensol Engineering Ltd.,ICRA,NCD/Bond,D,23-04-2026,LOW,LOW,MEDIUM,63,718.5,Manufacturing
Gensol Engineering Ltd.,ICRA,Term Loan,D,23-04-2026,LOW,LOW,MEDIUM,63,925.0,Manufacturing
Ghai Construction Pvt. Ltd.,ICRA,Non-Fund-Based,A 4,15-04-2026,LOW,LOW,MEDIUM,71,25.0,Construction
Ghai Construction Pvt. Ltd.,ICRA,NCD/Bond,B+,15-04-2026,LOW,LOW,MEDIUM,71,27.0,Construction
Ginni Gold Pvt. Ltd.,ICRA,NCD/Bond,D,10-04-2026,LOW,LOW,MEDIUM,76,15.0,Jewellery/Gems
Globe Precision Inds. Pvt. Ltd.,ACUITE,Letter of Credit,A 4,20-04-2026,LOW,LOW,MEDIUM,66,1.0,Other
Globe Precision Inds. Pvt. Ltd.,ACUITE,Term Loan,B-,20-04-2026,LOW,LOW,MEDIUM,66,14.0,Other
Goa Ispat Pvt. Ltd.,ICRA,Non-Fund-Based,A 4,17-04-2026,LOW,LOW,MEDIUM,69,20.0,Other
Goa Ispat Pvt. Ltd.,ICRA,Term Loan,B+,17-04-2026,LOW,LOW,MEDIUM,69,1.62,Other
Goel Ganga India Pvt. Ltd.,ACUITE,Term Loan,C,09-04-2026,LOW,LOW,MEDIUM,77,44.31,Other
Goel Ganga India Pvt. Ltd.,ACUITE,Term Loan,C,09-04-2026,LOW,LOW,MEDIUM,77,417.65,Other
Goel Scientific Glass Works Ltd.,CARE,Bank Guarantee,A 4,13-04-2026,LOW,LOW,MEDIUM,73,1.5,Other
Goel Scientific Glass Works Ltd.,CARE,Term Loan,B-,13-04-2026,LOW,LOW,MEDIUM,73,0.99,Other
Gokul Finance & Invst. Co. Pvt. Ltd.,ACUITE,Term Loan,B-,29-04-2026,LOW,LOW,MEDIUM,57,10.0,BFSI
Golden Mandhir Retail Pvt. Ltd.,CARE,Fund-Based,B-,28-04-2026,LOW,LOW,MEDIUM,58,17.7,Jewellery/Gems
Golden Mandhir Retail Pvt. Ltd.,CARE,Fund-Based,B-,28-04-2026,LOW,LOW,MEDIUM,58,1.4,Jewellery/Gems
Golden Mandhir Retail Pvt. Ltd.,CARE,Term Loan,B-,28-04-2026,LOW,LOW,MEDIUM,58,9.13,Jewellery/Gems
Goldenglobe Hotels Pvt. Ltd.,ACUITE,Term Loan,BB,23-04-2026,LOW,LOW,MEDIUM,63,125.0,Jewellery/Gems
Goodluck Carbon Pvt. Ltd.,ICRA,Non-Fund-Based,D,28-04-2026,LOW,LOW,MEDIUM,58,4.0,Other
Goodluck Carbon Pvt. Ltd.,ICRA,Term Loan,D,28-04-2026,LOW,LOW,MEDIUM,58,72.74,Other
Govind Steel Co. Ltd.,CRISIL,Fund-Based,B,20-04-2026,LOW,LOW,MEDIUM,66,7.0,Steel & Metals
Govind Steel Co. Ltd.,CRISIL,Letter of Credit,A 4,20-04-2026,LOW,LOW,MEDIUM,66,3.0,Steel & Metals
Gowthami Solvent Oils Pvt. Ltd.,CARE,NCD/Bond,BB/A4,09-04-2026,LOW,LOW,MEDIUM,77,3.0,Chemicals/Pharma
Gowthami Solvent Oils Pvt. Ltd.,CARE,Term Loan,BB,09-04-2026,LOW,LOW,MEDIUM,77,37.56,Chemicals/Pharma
Grameen Shakti Microfinance Services Pvt. Ltd.,ACUITE,Term Loan,BB-,09-04-2026,LOW,LOW,MEDIUM,77,33.75,BFSI
Grameen Shakti Microfinance Services Pvt. Ltd.,ACUITE,Term Loan,BB-,09-04-2026,LOW,LOW,MEDIUM,77,26.25,BFSI
Great Value Fuels Pvt. Ltd.,ICRA,Fund-Based,B+,24-04-2026,LOW,LOW,MEDIUM,62,113.1,Energy
Great Value Fuels Pvt. Ltd.,ICRA,Non-Fund-Based,B+,24-04-2026,LOW,LOW,MEDIUM,62,10.0,Energy
Greenland Paper Mills Ltd.,CARE,Bank Guarantee,A 4,22-04-2026,LOW,LOW,MEDIUM,64,0.16,Paper/Packaging
Greenland Paper Mills Ltd.,CARE,Bank Guarantee,A 4,22-04-2026,LOW,LOW,MEDIUM,64,0.04,Paper/Packaging
Greenland Paper Mills Ltd.,CARE,Letter of Credit,A 4,22-04-2026,LOW,LOW,MEDIUM,64,0.9,Paper/Packaging
Greenland Paper Mills Ltd.,CARE,Term Loan,B,22-04-2026,LOW,LOW,MEDIUM,64,0.31,Paper/Packaging
Greta Steels Pvt. Ltd.,ACUITE,Letter of Credit,D,17-04-2026,LOW,LOW,MEDIUM,69,15.0,Steel & Metals
Guru Laxmi Cottex Pvt. Ltd.,CARE,Bank Guarantee,A 4,29-04-2026,LOW,LOW,MEDIUM,57,0.5,Other
Guru Laxmi Cottex Pvt. Ltd.,CARE,Term Loan,B+,29-04-2026,LOW,LOW,MEDIUM,57,17.65,Other
Gurudev Overseas Ltd.,BRICKWORK,Letter of Credit,A 4,03-04-2026,LOW,MEDIUM,MEDIUM,83,6.75,Other
Gypsum Structural India Pvt. Ltd.,IND-RA,NCD/Bond,B/A4,10-04-2026,LOW,LOW,MEDIUM,76,6.0,Other
H N Agri Serve Pvt. Ltd.,CRISIL,Term Loan,B,17-04-2026,LOW,LOW,MEDIUM,69,1.0,Other
H N Agri Serve Pvt. Ltd.,CRISIL,Term Loan,B,17-04-2026,LOW,LOW,MEDIUM,69,10.0,Other
H S India Ltd.,CRISIL,Term Loan,B,23-04-2026,LOW,LOW,MEDIUM,63,16.53,Other
Habra Shree Lakshmi Narayan Rollar Flour & Dall Mill Pvt. Ltd.,CARE,Bank Guarantee,A 4,21-04-2026,LOW,LOW,MEDIUM,65,3.0,Agro/Food
Hajra Medical Agency Pvt. Ltd.,CARE,Bank Guarantee,A 4,20-04-2026,LOW,LOW,MEDIUM,66,0.75,Healthcare
Haldia Nirman Projects Pvt. Ltd.,IND-RA,NCD/Bond,D,02-04-2026,LOW,MEDIUM,MEDIUM,84,7.65,Other
Hansco Iron & Steels Pvt. Ltd.,CRISIL,Letter of Credit,A 4,20-04-2026,LOW,LOW,MEDIUM,66,3.0,Steel & Metals
Hansco Iron & Steels Pvt. Ltd.,CRISIL,Term Loan,B,20-04-2026,LOW,LOW,MEDIUM,66,4.0,Steel & Metals
Harbir Automobile Pvt. Ltd.,CARE,Term Loan,B+,20-04-2026,LOW,LOW,MEDIUM,66,3.58,Automobiles
Hari Om Retail Pvt. Ltd.,CARE,Fund-Based,B-,28-04-2026,LOW,LOW,MEDIUM,58,4.0,Other
Harihara Metalloys Pvt. Ltd.,IND-RA,NCD/Bond,B/A4,02-04-2026,LOW,MEDIUM,MEDIUM,84,20.0,Steel & Metals
Harji Engineering Works Pvt. Ltd.,ACUITE,Bank Guarantee,D,10-04-2026,LOW,LOW,MEDIUM,76,55.0,Manufacturing
Harji Engineering Works Pvt. Ltd.,ACUITE,Letter of Credit,D,10-04-2026,LOW,LOW,MEDIUM,76,5.0,Manufacturing
Hayat Hospital Pvt. Ltd.,BRICKWORK,Term Loan,C,01-04-2026,LOW,MEDIUM,MEDIUM,85,24.32,Healthcare
Heavy Metals & Tubes Ltd.,CARE,Non-Fund-Based,D,10-04-2026,LOW,LOW,MEDIUM,76,11.5,Steel & Metals
Heavy Metals & Tubes Ltd.,CARE,Term Loan,D,10-04-2026,LOW,LOW,MEDIUM,76,146.57,Steel & Metals
Heidelco Medicore Pvt. Ltd.,CRISIL,Bank Guarantee,A 4,09-04-2026,LOW,LOW,MEDIUM,77,2.0,Other
Heidelco Medicore Pvt. Ltd.,CRISIL,Fund-Based,B,09-04-2026,LOW,LOW,MEDIUM,77,8.0,Other
Helios Photo Voltaic Ltd.,CARE,Bank Guarantee,D,22-04-2026,LOW,LOW,MEDIUM,64,2.15,Other
Helios Photo Voltaic Ltd.,CARE,Term Loan,D,22-04-2026,LOW,LOW,MEDIUM,64,824.71,Other
Hema Automotive Pvt. Ltd.,ACUITE,Term Loan,B,08-04-2026,LOW,LOW,MEDIUM,78,7.0,Automobiles
Hema Automotive Pvt. Ltd.,ACUITE,Term Loan,B,08-04-2026,LOW,LOW,MEDIUM,78,38.0,Automobiles
Hemant Surgical Inds. Ltd.,IND-RA,NCD/Bond,B-/A4,02-04-2026,LOW,MEDIUM,MEDIUM,84,18.35,Other
Hemodiaz Life Sciences Pvt. Ltd.,CARE,Letter of Credit,A 4,17-04-2026,LOW,LOW,MEDIUM,69,3.4,Healthcare
Hercules Hospitalities Pvt. Ltd.,IND-RA,NCD/Bond,B-/A4,02-04-2026,LOW,MEDIUM,MEDIUM,84,12.02,Healthcare
Hetro Spinners Pvt. Ltd.,IND-RA,NCD/Bond,D,02-04-2026,LOW,MEDIUM,MEDIUM,84,34.27,Other
Hi-Tech Pharmaceuticals Pvt. Ltd.,ACUITE,Term Loan,B+,24-04-2026,LOW,LOW,MEDIUM,62,2.21,Chemicals/Pharma
Hi-Tech Pharmaceuticals Pvt. Ltd.,ACUITE,Term Loan,B+,24-04-2026,LOW,LOW,MEDIUM,62,12.79,Chemicals/Pharma
Him Cylinders Ltd.,CARE,Bank Guarantee,D,29-04-2026,LOW,LOW,MEDIUM,57,1.0,Other
Himalayan Flour Mill Pvt. Ltd.,CARE,Bank Guarantee,A 4,21-04-2026,LOW,LOW,MEDIUM,65,8.0,Agro/Food
Himalayan Road Construction Pvt. Ltd.,IND-RA,NCD/Bond,B-/A4,02-04-2026,LOW,MEDIUM,MEDIUM,84,23.0,Construction
Himalayan Rolling Steel Inds. Pvt. Ltd.,BRICKWORK,Term Loan,D,06-04-2026,LOW,LOW,MEDIUM,80,82.62,Steel & Metals
Hind Energy & Coal Benefication (India) Ltd.,ACUITE,Bank Guarantee,A 4+,23-04-2026,LOW,LOW,MEDIUM,63,82.0,Energy
Hind Energy & Coal Benefication (India) Ltd.,ACUITE,Bank Guarantee,A 4+,23-04-2026,LOW,LOW,MEDIUM,63,17.0,Energy
Hind Energy & Coal Benefication (India) Ltd.,ACUITE,Letter of Credit,A 4+,23-04-2026,LOW,LOW,MEDIUM,63,20.0,Energy
Hind Offshore Pvt. Ltd.,CRISIL,Term Loan,B,09-04-2026,LOW,LOW,MEDIUM,77,150.0,Other
Hindustan Adhesives Ltd.,IND-RA,NCD/Bond,B-/A4,02-04-2026,LOW,MEDIUM,MEDIUM,84,47.94,Chemicals/Pharma
Hindustan Spirits Ltd.,CARE,Bank Guarantee,A 4,14-04-2026,LOW,LOW,MEDIUM,72,2.0,Other
Hindustan Spirits Ltd.,CARE,Term Loan,B-,14-04-2026,LOW,LOW,MEDIUM,72,3.23,Other
Hotcrete Infrastructure Pvt. Ltd.,ICRA,Non-Fund-Based,A 4,27-04-2026,LOW,LOW,MEDIUM,59,7.5,Construction
Hotcrete Infrastructure Pvt. Ltd.,ICRA,Non-Fund-Based,C,27-04-2026,LOW,LOW,MEDIUM,59,23.45,Construction
Hotcrete Infrastructure Pvt. Ltd.,ICRA,NCD/Bond,C/A4,27-04-2026,LOW,LOW,MEDIUM,59,28.24,Construction
Hotline Capital Services Pvt. Ltd.,CARE,NCD/Bond,C/A4,01-04-2026,LOW,MEDIUM,MEDIUM,85,100.0,Other
Hubli Electricity Supply Co. Ltd.,CRISIL,Term Loan,D,28-04-2026,LOW,LOW,MEDIUM,58,902.53,Energy
Hubli Electricity Supply Co. Ltd.,CRISIL,Term Loan,D,28-04-2026,LOW,LOW,MEDIUM,58,106.25,Energy
Hubli Electricity Supply Co. Ltd.,CRISIL,Letter of Credit,A 4,28-04-2026,LOW,LOW,MEDIUM,58,100.0,Energy
Huldibari Industries & Plantation Co. Ltd.,CRISIL,Bank Guarantee,A 4,10-04-2026,LOW,LOW,MEDIUM,76,0.75,Other
Huldibari Industries & Plantation Co. Ltd.,CRISIL,Term Loan,B,10-04-2026,LOW,LOW,MEDIUM,76,2.15,Other
Huldibari Industries & Plantation Co. Ltd.,CRISIL,Term Loan,B,10-04-2026,LOW,LOW,MEDIUM,76,0.29,Other
Hyderabad Power Installations Pvt. Ltd.,ACUITE,Bank Guarantee,A 4,14-04-2026,LOW,LOW,MEDIUM,72,12.0,Energy
I C A Edu Skills Pvt. Ltd.,ACUITE,Bank Guarantee,A 4,16-04-2026,LOW,LOW,MEDIUM,70,21.5,Other
I C A Edu Skills Pvt. Ltd.,ACUITE,Term Loan,B-,16-04-2026,LOW,LOW,MEDIUM,70,50.5,Other
I C E D Desserts & Food Parlours (India) Pvt. Ltd.,CARE,Term Loan,C,23-04-2026,LOW,LOW,MEDIUM,63,15.0,Agro/Food
I F P Petro Products Pvt. Ltd.,CARE,Fund-Based,B-,17-04-2026,LOW,LOW,MEDIUM,69,5.5,Chemicals/Pharma
I F P Petro Products Pvt. Ltd.,CARE,Term Loan,B-,17-04-2026,LOW,LOW,MEDIUM,69,1.5,Chemicals/Pharma
I L & F S Energy Development Co. Ltd.,CARE,Bank Guarantee,D,14-04-2026,LOW,LOW,MEDIUM,72,50.0,Energy
I L & F S Energy Development Co. Ltd.,CARE,Term Loan,D,14-04-2026,LOW,LOW,MEDIUM,72,1037.85,Energy
I L & F S Engg. & Construction Co. Ltd.,CARE,Non-Fund-Based,D,16-04-2026,LOW,LOW,MEDIUM,70,2188.52,Construction
I L & F S Engg. & Construction Co. Ltd.,CARE,Term Loan,D,16-04-2026,LOW,LOW,MEDIUM,70,352.81,Construction
I S K O Strip Pvt. Ltd.,BRICKWORK,Term Loan,C,07-04-2026,LOW,LOW,MEDIUM,79,3.1,Other
I T A Lake Ceramic Pvt. Ltd.,CRISIL,Bank Guarantee,A 4,20-04-2026,LOW,LOW,MEDIUM,66,4.03,Other
I T A Lake Ceramic Pvt. Ltd.,CRISIL,Term Loan,B,20-04-2026,LOW,LOW,MEDIUM,66,15.47,Other
Idcol Ferro Chrome & Alloys Ltd. [Merged],CARE,Bank Guarantee,A 4,17-04-2026,LOW,LOW,MEDIUM,69,1.5,Steel & Metals
Idea Sales Agencies Pvt. Ltd.,CARE,Term Loan,B-,16-04-2026,LOW,LOW,MEDIUM,70,3.93,Other
Immense Industries Pvt. Ltd.,CRISIL,Letter of Credit,D,20-04-2026,LOW,LOW,MEDIUM,66,35.0,Other
Imperial Tubes Pvt. Ltd.,ICRA,Non-Fund-Based,D,16-04-2026,LOW,LOW,MEDIUM,70,10.0,Steel & Metals
Inarco Pvt. Ltd.,CRISIL,Bank Guarantee,A 4,10-04-2026,LOW,LOW,MEDIUM,76,0.25,Other
Inarco Pvt. Ltd.,CRISIL,Letter of Credit,A 4,10-04-2026,LOW,LOW,MEDIUM,76,5.5,Other
Inarco Pvt. Ltd.,CRISIL,Term Loan,B,10-04-2026,LOW,LOW,MEDIUM,76,0.25,Other
Independent Resources India Pvt. Ltd.,CRISIL,Term Loan,B,20-04-2026,LOW,LOW,MEDIUM,66,0.4,Other
Inderjeet Bros Projects Pvt. Ltd.,CRISIL,Term Loan,B,20-04-2026,LOW,LOW,MEDIUM,66,7.6,Other
Indian Pulp & Paper Pvt. Ltd.,IND-RA,NCD/Bond,D,02-04-2026,LOW,MEDIUM,MEDIUM,84,70.02,Paper/Packaging
Indiana Hospital & Heart Institute Ltd.,ICRA,Non-Fund-Based,A 4,29-04-2026,LOW,LOW,MEDIUM,57,0.5,Healthcare
Indiana Hospital & Heart Institute Ltd.,ICRA,Term Loan,B,29-04-2026,LOW,LOW,MEDIUM,57,23.5,Healthcare
Indrajit Properties Pvt. Ltd. (2011),BRICKWORK,Term Loan,B-,01-04-2026,LOW,MEDIUM,MEDIUM,85,20.0,Other
Indus Integrated Information Mgmt. Ltd.,ACUITE,Bank Guarantee,A 4,09-04-2026,LOW,LOW,MEDIUM,77,0.4,Other
Indus Integrated Information Mgmt. Ltd.,ACUITE,Bank Guarantee,A 4,09-04-2026,LOW,LOW,MEDIUM,77,0.6,Other
Indus Integrated Information Mgmt. Ltd.,ACUITE,Term Loan,C,09-04-2026,LOW,LOW,MEDIUM,77,2.5,Other
Infab Infrastructure Pvt. Ltd.,CRISIL,Bank Guarantee,A 4,20-04-2026,LOW,LOW,MEDIUM,66,7.25,Construction
Infab Infrastructure Pvt. Ltd.,CRISIL,Letter of Credit,A 4,20-04-2026,LOW,LOW,MEDIUM,66,3.5,Construction
Infres Methodex Pvt. Ltd.,IND-RA,NCD/Bond,B/A4,02-04-2026,LOW,MEDIUM,MEDIUM,84,37.8,Other
Inmac Computers Ltd.,ACUITE,Bank Guarantee,A 4,01-04-2026,LOW,MEDIUM,MEDIUM,85,1.8,Other
Innovative Technomics Pvt. Ltd.,CRISIL,Bank Guarantee,D,20-04-2026,LOW,LOW,MEDIUM,66,6.0,IT/Technology
Innovative Technomics Pvt. Ltd.,CRISIL,Letter of Credit,D,20-04-2026,LOW,LOW,MEDIUM,66,2.0,IT/Technology
Integrated Thermoplastics Ltd.,CARE,Letter of Credit,D,10-04-2026,LOW,LOW,MEDIUM,76,6.5,Chemicals/Pharma
Integrated Thermoplastics Ltd.,CARE,Term Loan,D,10-04-2026,LOW,LOW,MEDIUM,76,7.0,Chemicals/Pharma
Intercraft Trading Pvt. Ltd.,CRISIL,Term Loan,B,20-04-2026,LOW,LOW,MEDIUM,66,2.1,Trading/Exports
International Coil Ltd.,IND-RA,NCD/Bond,B-/A4,02-04-2026,LOW,MEDIUM,MEDIUM,84,88.0,Energy
International Steel Exchange Pvt. Ltd.,CRISIL,Bank Guarantee,A 4,20-04-2026,LOW,LOW,MEDIUM,66,2.0,Steel & Metals
Intouch Mobicare Pvt. Ltd.,CRISIL,Bank Guarantee,A 4,20-04-2026,LOW,LOW,MEDIUM,66,1.5,Other
Ishaan Bio Pvt. Ltd.,ACUITE,Term Loan,BB-,08-04-2026,LOW,LOW,MEDIUM,78,0.88,Other
Ishaan Bio Pvt. Ltd.,ACUITE,Term Loan,BB-,08-04-2026,LOW,LOW,MEDIUM,78,0.37,Other
Ishwar Ispat Inds. Pvt. Ltd.,CARE,Term Loan,B,17-04-2026,LOW,LOW,MEDIUM,69,25.0,Other
Ivax Paper Chemicals Pvt. Ltd.,ICRA,Non-Fund-Based,A 4,22-04-2026,LOW,LOW,MEDIUM,64,19.5,Chemicals/Pharma
Ivax Paper Chemicals Pvt. Ltd.,ICRA,Term Loan,A 4,22-04-2026,LOW,LOW,MEDIUM,64,,Chemicals/Pharma
Ivax Paper Chemicals Pvt. Ltd.,ICRA,Term Loan,B+,22-04-2026,LOW,LOW,MEDIUM,64,10.0,Chemicals/Pharma
J B Daruka Papers Ltd.,CRISIL,Term Loan,B,16-04-2026,LOW,LOW,MEDIUM,70,8.0,Paper/Packaging
J C Construction Pvt. Ltd.,BRICKWORK,Bank Guarantee,A 4,02-04-2026,LOW,MEDIUM,MEDIUM,84,11.0,Construction
J C Construction Pvt. Ltd.,BRICKWORK,Term Loan,C,02-04-2026,LOW,MEDIUM,MEDIUM,84,0.9,Construction
J C T Ltd.,CARE,Bank Guarantee,D,09-04-2026,LOW,LOW,MEDIUM,77,74.28,Other
J C T Ltd.,CARE,Term Loan,D,09-04-2026,LOW,LOW,MEDIUM,77,24.68,Other
J J Glastronics Pvt. Ltd.,CARE,Term Loan,BB+,09-04-2026,LOW,LOW,MEDIUM,77,40.73,Other
J M Ferro Alloys Pvt. Ltd.,CARE,Letter of Credit,D,10-04-2026,LOW,LOW,MEDIUM,76,12.0,Steel & Metals
J P Infra Realty Pvt. Ltd.,IND-RA,Term Loan,B-,02-04-2026,LOW,MEDIUM,MEDIUM,84,350.0,Construction
J P L Industries Ltd.,CARE,Fund-Based,B+,14-04-2026,LOW,LOW,MEDIUM,72,6.0,Other
J P L Industries Ltd.,CARE,Non-Fund-Based,A 4,14-04-2026,LOW,LOW,MEDIUM,72,0.2,Other
J P L Industries Ltd.,CARE,Term Loan,B+,14-04-2026,LOW,LOW,MEDIUM,72,2.61,Other
J P Motor Pvt. Ltd.,IND-RA,Term Loan,B-,02-04-2026,LOW,MEDIUM,MEDIUM,84,12.0,Automobiles
J S K Corporation Pvt. Ltd.,IND-RA,Term Loan,B-,02-04-2026,LOW,MEDIUM,MEDIUM,84,9.7,Other
Jai Buildcon Pvt. Ltd.,CRISIL,Bank Guarantee,A 4,20-04-2026,LOW,LOW,MEDIUM,66,8.2,Construction
Jai Gears Pvt. Ltd.,CRISIL,Fund-Based,B,20-04-2026,LOW,LOW,MEDIUM,66,2.0,Other
Jai Gears Pvt. Ltd.,CRISIL,Letter of Credit,A 4,20-04-2026,LOW,LOW,MEDIUM,66,3.0,Other
Jai Kar Techno Pvt. Ltd.,ACUITE,Bank Guarantee,A 4,02-04-2026,LOW,MEDIUM,MEDIUM,84,2.95,IT/Technology
Jai Kar Techno Pvt. Ltd.,ACUITE,Fund-Based,A 4,02-04-2026,LOW,MEDIUM,MEDIUM,84,6.0,IT/Technology
Jai Mata Bala Sundari Steels Pvt. Ltd.,CRISIL,Fund-Based,B,20-04-2026,LOW,LOW,MEDIUM,66,2.0,Steel & Metals
Jaipur Jewels Global Ltd.,ACUITE,Bank Guarantee,A 4,01-04-2026,LOW,MEDIUM,MEDIUM,85,25.0,Jewellery/Gems
Jaipur Rugs Co. Ltd.,ICRA,NCD/Bond,A 4,22-04-2026,LOW,LOW,MEDIUM,64,60.0,Other
Jajoo Surgicals Pvt. Ltd.,IND-RA,NCD/Bond,B-/A4,02-04-2026,LOW,MEDIUM,MEDIUM,84,7.96,Other
Jalan Transolutions (India) Ltd.,CARE,Term Loan,D,15-04-2026,LOW,LOW,MEDIUM,71,13.5,Other
Jalnidhi Bitumen Specialities Pvt. Ltd.,BRICKWORK,Bank Guarantee,A 4,06-04-2026,LOW,LOW,MEDIUM,80,,Other
Jalnidhi Bitumen Specialities Pvt. Ltd.,BRICKWORK,Bank Guarantee,A 4,06-04-2026,LOW,LOW,MEDIUM,80,1.35,Other
Jalnidhi Bitumen Specialities Pvt. Ltd.,BRICKWORK,Fund-Based,B+,06-04-2026,LOW,LOW,MEDIUM,80,,Other
Jalnidhi Bitumen Specialities Pvt. Ltd.,BRICKWORK,Letter of Credit,A 4,06-04-2026,LOW,LOW,MEDIUM,80,5.55,Other
Jalnidhi Bitumen Specialities Pvt. Ltd.,BRICKWORK,Letter of Credit,A 4,06-04-2026,LOW,LOW,MEDIUM,80,,Other
James Retail Pvt. Ltd.,IND-RA,NCD/Bond,B-/A4,02-04-2026,LOW,MEDIUM,MEDIUM,84,13.0,Other
Jayachandran Alloys Pvt. Ltd.,CRISIL,Bank Guarantee,A 4,23-04-2026,LOW,LOW,MEDIUM,63,2.0,Steel & Metals
Jayachandran Industries Pvt. Ltd.,CRISIL,Term Loan,B,09-04-2026,LOW,LOW,MEDIUM,77,5.35,Other
Jayachandran Industries Pvt. Ltd.,CRISIL,Term Loan,B,09-04-2026,LOW,LOW,MEDIUM,77,1.25,Other
Jenam Enterprises Pvt. Ltd.,CRISIL,Letter of Credit,D,20-04-2026,LOW,LOW,MEDIUM,66,7.75,Other
Jenam Enterprises Pvt. Ltd.,CRISIL,Term Loan,D,20-04-2026,LOW,LOW,MEDIUM,66,2.25,Other
Jindal Wood Products Pvt. Ltd.,IND-RA,NCD/Bond,D,02-04-2026,LOW,MEDIUM,MEDIUM,84,15.97,Agro/Food
Jiya Agro Pvt. Ltd.,CRISIL,Term Loan,D,20-04-2026,LOW,LOW,MEDIUM,66,31.75,Agro/Food
Joshi Automobiles Pvt. Ltd.,BRICKWORK,Bank Guarantee,A 4,03-04-2026,LOW,MEDIUM,MEDIUM,83,0.1,Automobiles
Joyguru Cold Storage Pvt. Ltd.,CARE,Bank Guarantee,A 4,15-04-2026,LOW,LOW,MEDIUM,71,0.07,Other
Junna Solar Systems Ltd.,CRISIL,Letter of Credit,A 4,17-04-2026,LOW,LOW,MEDIUM,69,31.0,Energy
Junna Solar Systems Ltd.,CRISIL,Term Loan,B,17-04-2026,LOW,LOW,MEDIUM,69,45.44,Energy
Just Textiles Ltd.,CRISIL,Fund-Based,B,10-04-2026,LOW,LOW,MEDIUM,76,0.5,Construction
Just Textiles Ltd.,CRISIL,Letter of Credit,A 4,10-04-2026,LOW,LOW,MEDIUM,76,1.0,Construction
Just Textiles Ltd.,CRISIL,Term Loan,B,10-04-2026,LOW,LOW,MEDIUM,76,6.0,Construction
K B K Biotech Pvt. Ltd.,CARE,NCD/Bond,BB/A4,02-04-2026,LOW,MEDIUM,MEDIUM,84,76.78,Healthcare
K B K Biotech Pvt. Ltd.,CARE,NCD/Bond,BB/A4,02-04-2026,LOW,MEDIUM,MEDIUM,84,1.0,Healthcare
K B K Biotech Pvt. Ltd.,CARE,Term Loan,BB,02-04-2026,LOW,MEDIUM,MEDIUM,84,138.22,Healthcare
K B K Biotech Pvt. Ltd.,ICRA,Bank Guarantee,A 4,29-04-2026,LOW,LOW,MEDIUM,57,1.0,Healthcare
K B K Biotech Pvt. Ltd.,ICRA,Term Loan,B+,29-04-2026,LOW,LOW,MEDIUM,57,60.0,Healthcare
K B S C Auto Pvt. Ltd.,CARE,Fund-Based,A 4,28-04-2026,LOW,LOW,MEDIUM,58,50.0,Automobiles
K B S C Auto Pvt. Ltd.,CARE,NCD/Bond,B+/A4,28-04-2026,LOW,LOW,MEDIUM,58,0.5,Automobiles
K D Supply Chain Solutions Pvt. Ltd.,CRISIL,Bank Guarantee,A 4,23-04-2026,LOW,LOW,MEDIUM,63,1.5,Other
K D Supply Chain Solutions Pvt. Ltd.,CRISIL,Term Loan,B,23-04-2026,LOW,LOW,MEDIUM,63,0.5,Other
K D Supply Chain Solutions Pvt. Ltd.,CRISIL,Term Loan,B,23-04-2026,LOW,LOW,MEDIUM,63,10.0,Other
K G Flexx Pvt. Ltd.,CRISIL,Bank Guarantee,A 4,30-04-2026,LOW,LOW,MEDIUM,56,14.0,Other
K G Flexx Pvt. Ltd.,CRISIL,Term Loan,B,30-04-2026,LOW,LOW,MEDIUM,56,0.5,Other
K G Flexx Pvt. Ltd.,CRISIL,Term Loan,B,30-04-2026,LOW,LOW,MEDIUM,56,318.0,Other
K G N Motors Pvt. Ltd.,CARE,Term Loan,D,08-04-2026,LOW,LOW,MEDIUM,78,4.89,Automobiles
K G S Sugar & Infra Corpn. Ltd.,ICRA,NCD/Bond,D,16-04-2026,LOW,LOW,MEDIUM,70,69.86,Agro/Food
K G S Sugar & Infra Corpn. Ltd.,ICRA,Term Loan,D,16-04-2026,LOW,LOW,MEDIUM,70,210.81,Agro/Food
K I Z Foods Pvt. Ltd.,BRICKWORK,Term Loan,C,08-04-2026,LOW,LOW,MEDIUM,78,0.63,Agro/Food
K K V Agro Powers Ltd.,ICRA,Term Loan,BB+,29-04-2026,LOW,LOW,MEDIUM,57,1.39,Agro/Food
K M Toll Road Pvt. Ltd.,BRICKWORK,Fund-Based,D,02-04-2026,LOW,MEDIUM,MEDIUM,84,,Other
K M Toll Road Pvt. Ltd.,BRICKWORK,Term Loan,D,02-04-2026,LOW,MEDIUM,MEDIUM,84,481.03,Other
K Mohan & Co. (Exports) Pvt. Ltd.,ICRA,NCD/Bond,D,17-04-2026,LOW,LOW,MEDIUM,69,3.5,Logistics
K N K Construction Pvt. Ltd.,ICRA,Non-Fund-Based,D,17-04-2026,LOW,LOW,MEDIUM,69,40.0,Construction
K N K Construction Pvt. Ltd.,ICRA,NCD/Bond,D,17-04-2026,LOW,LOW,MEDIUM,69,5.0,Construction
K N Singh Infratech Pvt. Ltd.,CARE,Bank Guarantee,A 4,16-04-2026,LOW,LOW,MEDIUM,70,3.25,Construction
K N Singh Infratech Pvt. Ltd.,CARE,Term Loan,B-,16-04-2026,LOW,LOW,MEDIUM,70,0.19,Construction
K O S C Industries Pvt. Ltd.,ACUITE,Letter of Credit,D,14-04-2026,LOW,LOW,MEDIUM,72,1.0,Other
K O S C Industries Pvt. Ltd.,ACUITE,Term Loan,D,14-04-2026,LOW,LOW,MEDIUM,72,0.9,Other
K P Polyolefin Sacks Pvt. Ltd.,IND-RA,NCD/Bond,B/A4,02-04-2026,LOW,MEDIUM,MEDIUM,84,11.48,Paper/Packaging
K P Solvex Pvt. Ltd.,CARE,Bank Guarantee,A 4,20-04-2026,LOW,LOW,MEDIUM,66,1.0,Other
K P Solvex Pvt. Ltd.,CARE,Fund-Based,B,20-04-2026,LOW,LOW,MEDIUM,66,0.78,Other
K P Solvex Pvt. Ltd.,CARE,Term Loan,B,20-04-2026,LOW,LOW,MEDIUM,66,8.11,Other
K V R Industries Pvt. Ltd.,CRISIL,Term Loan,D,10-04-2026,LOW,LOW,MEDIUM,76,16.0,Other
K V R Industries Pvt. Ltd.,CRISIL,Term Loan,D,10-04-2026,LOW,LOW,MEDIUM,76,1.92,Other
K2 Metals Pvt. Ltd.,ACUITE,Letter of Credit,D,17-04-2026,LOW,LOW,MEDIUM,69,10.0,Steel & Metals
K2 Metals Pvt. Ltd.,ACUITE,Term Loan,D,17-04-2026,LOW,LOW,MEDIUM,69,5.42,Steel & Metals
K2 Metals Pvt. Ltd.,ACUITE,Term Loan,D,17-04-2026,LOW,LOW,MEDIUM,69,9.08,Steel & Metals
Kaadambary Ricetech Pvt. Ltd.,CARE,Term Loan,D,23-04-2026,LOW,LOW,MEDIUM,63,5.5,Agro/Food
Kaila Devi Health Care Services Pvt. Ltd.,CARE,Fund-Based,B-,15-04-2026,LOW,LOW,MEDIUM,71,4.08,Healthcare
Kaila Devi Health Care Services Pvt. Ltd.,CARE,Term Loan,B-,15-04-2026,LOW,LOW,MEDIUM,71,7.72,Healthcare
Kakan Rice Mill Pvt. Ltd.,ACUITE,Bank Guarantee,D,01-04-2026,LOW,MEDIUM,MEDIUM,85,1.0,Agro/Food
Kakan Rice Mill Pvt. Ltd.,ACUITE,Term Loan,D,01-04-2026,LOW,MEDIUM,MEDIUM,85,6.85,Agro/Food
Kallam Agro Products & Oils Pvt. Ltd.,ICRA,Term Loan,B+,16-04-2026,LOW,LOW,MEDIUM,70,6.5,Agro/Food
Kalra Overseas & Precision Engg. Ltd.,ICRA,Non-Fund-Based,D,10-04-2026,LOW,LOW,MEDIUM,76,0.3,Other
Kalra Overseas & Precision Engg. Ltd.,ICRA,Term Loan,D,10-04-2026,LOW,LOW,MEDIUM,76,14.22,Other
Kamal Cotspin Pvt. Ltd.,CARE,Non-Fund-Based,A 4,29-04-2026,LOW,LOW,MEDIUM,57,1.1,Other
Kamal Cotspin Pvt. Ltd.,CARE,Fund-Based,BB-,29-04-2026,LOW,LOW,MEDIUM,57,3.95,Other
Kamtanath Food Product Pvt. Ltd.,CRISIL,Term Loan,B,24-04-2026,LOW,LOW,MEDIUM,62,8.0,Agro/Food
Kanaiya Exports Pvt. Ltd.,CRISIL,Term Loan,B,09-04-2026,LOW,LOW,MEDIUM,77,9.62,Logistics
Kandarp Constructions (India) Pvt. Ltd.,IND-RA,Term Loan,D,02-04-2026,LOW,MEDIUM,MEDIUM,84,16.0,Construction
Kapston Services Ltd.,ACUITE,Bank Guarantee,A 4,14-04-2026,LOW,LOW,MEDIUM,72,5.0,Other
Karvy Digikonnect Ltd.,CRISIL,Term Loan,D,02-04-2026,LOW,MEDIUM,MEDIUM,84,5.0,Other
Kashi Kanchan Pvt. Ltd.,IND-RA,NCD/Bond,B-/A4,02-04-2026,LOW,MEDIUM,MEDIUM,84,19.0,Other
Kaveri Ginning Industries Pvt. Ltd.,CRISIL,Term Loan,B,20-04-2026,LOW,LOW,MEDIUM,66,2.0,Other
Kavya Build-Con Pvt. Ltd.,CRISIL,Term Loan,B,23-04-2026,LOW,LOW,MEDIUM,63,35.0,Construction
Kelvin Jute Ltd.,IND-RA,Non-Fund-Based,A 3+,14-04-2026,LOW,LOW,MEDIUM,72,10.0,Textiles
Kelvin Jute Ltd.,IND-RA,Term Loan,BBB,14-04-2026,LOW,LOW,MEDIUM,72,7.73,Textiles
Kerala State Electronics Devp. Corpn. Ltd.,IND-RA,Term Loan,D,02-04-2026,LOW,MEDIUM,MEDIUM,84,10.0,Other
Kesar Alloy & Metal Pvt. Ltd.,CRISIL,Fund-Based,B,23-04-2026,LOW,LOW,MEDIUM,63,7.2,Steel & Metals
Kesar Alloy & Metal Pvt. Ltd.,CRISIL,Term Loan,B,23-04-2026,LOW,LOW,MEDIUM,63,0.75,Steel & Metals
Keshav Industries Pvt. Ltd.,CRISIL,Term Loan,B,23-04-2026,LOW,LOW,MEDIUM,63,1.9,Other
Keya Foods Intl. Pvt. Ltd.,CARE,Bank Guarantee,BB-,13-04-2026,LOW,LOW,MEDIUM,73,0.04,Agro/Food
Keya Foods Intl. Pvt. Ltd.,CARE,Term Loan,BB-,13-04-2026,LOW,LOW,MEDIUM,73,1.97,Agro/Food
Keya Foods Intl. Pvt. Ltd.,CARE,NCD/Bond,BB-/A4,13-04-2026,LOW,LOW,MEDIUM,73,10.0,Agro/Food
Khandwa Industries Pvt. Ltd.,CARE,Term Loan,D,10-04-2026,LOW,LOW,MEDIUM,76,0.5,Other
Khandwa Industries Pvt. Ltd.,CARE,Term Loan,D,10-04-2026,LOW,LOW,MEDIUM,76,0.65,Other
Khokhar Infrastructure Pvt. Ltd.,IND-RA,Non-Fund-Based,D,02-04-2026,LOW,MEDIUM,MEDIUM,84,30.0,Construction
Khush Housing Finance Pvt. Ltd.,ACUITE,Term Loan,BB,21-04-2026,LOW,LOW,MEDIUM,65,57.6,Construction
Khush Housing Finance Pvt. Ltd.,ACUITE,Term Loan,BB,21-04-2026,LOW,LOW,MEDIUM,65,51.46,Construction
Khushbu Dye-Chem Pvt. Ltd.,CRISIL,Letter of Credit,BB+,08-04-2026,LOW,LOW,MEDIUM,78,7.0,Chemicals/Pharma
Khushi Cotspin Pvt. Ltd.,CRISIL,Term Loan,B,23-04-2026,LOW,LOW,MEDIUM,63,1.3,Other
Kiara Jewellery Pvt. Ltd.,ICRA,NCD/Bond,B/A4,22-04-2026,LOW,LOW,MEDIUM,64,14.0,Jewellery/Gems
Kimiya Engineers Pvt. Ltd.,CRISIL,Bank Guarantee,D,23-04-2026,LOW,LOW,MEDIUM,63,25.0,Manufacturing
Kims Super Speciality Hospital Pvt. Ltd.,CARE,Term Loan,B-,09-04-2026,LOW,LOW,MEDIUM,77,18.86,Healthcare
Kineta Global Ltd.,IND-RA,NCD/Bond,B-/A4,02-04-2026,LOW,MEDIUM,MEDIUM,84,38.0,Other
Kiranshree Hotels Pvt. Ltd.,BRICKWORK,Term Loan,C,06-04-2026,LOW,LOW,MEDIUM,80,23.0,Hotels/Tourism
Kiri Oilfield Services Pvt. Ltd.,CRISIL,Bank Guarantee,A 3,15-04-2026,LOW,LOW,MEDIUM,71,15.35,Other
Kiri Oilfield Services Pvt. Ltd.,CRISIL,Fund-Based,BBB-,15-04-2026,LOW,LOW,MEDIUM,71,0.88,Other
Kiri Oilfield Services Pvt. Ltd.,CRISIL,Term Loan,BBB-,15-04-2026,LOW,LOW,MEDIUM,71,65.28,Other
Kirti Stampings Pvt. Ltd.,BRICKWORK,Letter of Credit,A 4,10-04-2026,LOW,LOW,MEDIUM,76,2.0,Other
Kirti Stampings Pvt. Ltd.,BRICKWORK,Term Loan,C,10-04-2026,LOW,LOW,MEDIUM,76,5.23,Other
Kisan Oleochem & Derivatives Pvt. Ltd.,BRICKWORK,Fund-Based,B+,09-04-2026,LOW,LOW,MEDIUM,77,6.0,Chemicals/Pharma
Kisan Oleochem & Derivatives Pvt. Ltd.,BRICKWORK,Term Loan,B+,09-04-2026,LOW,LOW,MEDIUM,77,5.22,Chemicals/Pharma
Kish Exports Pvt. Ltd.,ICRA,Non-Fund-Based,D,09-04-2026,LOW,LOW,MEDIUM,77,1.0,Logistics
Kisha Telelinks Pvt. Ltd.,ACUITE,Bank Guarantee,A 4,27-04-2026,LOW,LOW,MEDIUM,59,2.5,Paper/Packaging
Kissan Riceland Pvt. Ltd.,CRISIL,Term Loan,D,24-04-2026,LOW,LOW,MEDIUM,62,2.0,Agro/Food
Kissan Riceland Pvt. Ltd.,CRISIL,Non-Fund-Based,D,24-04-2026,LOW,LOW,MEDIUM,62,1.77,Agro/Food
Kissan Riceland Pvt. Ltd.,CRISIL,Term Loan,D,24-04-2026,LOW,LOW,MEDIUM,62,1.23,Agro/Food
Klassik Lamitex Pvt. Ltd.,IND-RA,NCD/Bond,B/A4,02-04-2026,LOW,MEDIUM,MEDIUM,84,27.76,Other
Kniss Laboratories Pvt. Ltd.,CARE,NCD/Bond,D,15-04-2026,LOW,LOW,MEDIUM,71,3.5,Healthcare
Kniss Laboratories Pvt. Ltd.,CARE,Term Loan,D,15-04-2026,LOW,LOW,MEDIUM,71,1.5,Healthcare
Kochar Sung Up Acrylic Ltd.,CRISIL,Letter of Credit,A 4,20-04-2026,LOW,LOW,MEDIUM,66,3.0,Other
Kochar Sung Up Acrylic Ltd.,CRISIL,Term Loan,B,20-04-2026,LOW,LOW,MEDIUM,66,18.0,Other
Kohinoor Feeds & Fats Pvt. Ltd.,IND-RA,NCD/Bond,B-/A4,02-04-2026,LOW,MEDIUM,MEDIUM,84,50.0,Other
Konark Structural Engineers Pvt. Ltd.,BRICKWORK,Bank Guarantee,A 4,02-04-2026,LOW,MEDIUM,MEDIUM,84,60.0,Manufacturing
Krisha Distribution Pvt. Ltd.,BRICKWORK,Bank Guarantee,A 4,01-04-2026,LOW,MEDIUM,MEDIUM,85,4.5,Trading/Exports
Krisha Distribution Pvt. Ltd.,CRISIL,Bank Guarantee,A 4,17-04-2026,LOW,LOW,MEDIUM,69,7.0,Trading/Exports
Krishna Lamicoat Pvt. Ltd.,CRISIL,Letter of Credit,A 4,23-04-2026,LOW,LOW,MEDIUM,63,2.0,Other
Krishna Lamicoat Pvt. Ltd.,CRISIL,Term Loan,B,23-04-2026,LOW,LOW,MEDIUM,63,3.38,Other
Krishna Valley Power Pvt. Ltd.,IND-RA,Term Loan,D,02-04-2026,LOW,MEDIUM,MEDIUM,84,14.68,Energy
Krishnaveni Carbon Products Pvt. Ltd.,CRISIL,Fund-Based,B,23-04-2026,LOW,LOW,MEDIUM,63,1.75,Other
Krishnaveni Carbon Products Pvt. Ltd.,CRISIL,Term Loan,B,23-04-2026,LOW,LOW,MEDIUM,63,23.25,Other
Kropex Auto Pvt. Ltd.,CRISIL,Fund-Based,A 4,09-04-2026,LOW,LOW,MEDIUM,77,27.5,Automobiles
Kropex Auto Pvt. Ltd.,CRISIL,Fund-Based,A 4,09-04-2026,LOW,LOW,MEDIUM,77,29.0,Automobiles
Kropex Auto Pvt. Ltd.,CRISIL,Fund-Based,A 4,09-04-2026,LOW,LOW,MEDIUM,77,16.0,Automobiles
Kropex Auto Pvt. Ltd.,CRISIL,Term Loan,B,09-04-2026,LOW,LOW,MEDIUM,77,7.5,Automobiles
Krupalu Rice Inds. Pvt. Ltd.,CARE,Bank Guarantee,A 4,28-04-2026,LOW,LOW,MEDIUM,58,0.7,Agro/Food
Krupalu Rice Inds. Pvt. Ltd.,CARE,Letter of Credit,A 4,28-04-2026,LOW,LOW,MEDIUM,58,0.3,Agro/Food
Krupalu Rice Inds. Pvt. Ltd.,CARE,Term Loan,B-,28-04-2026,LOW,LOW,MEDIUM,58,0.72,Agro/Food
Krushi Infras India Pvt. Ltd.,ACUITE,Bank Guarantee,A 4,15-04-2026,LOW,LOW,MEDIUM,71,33.0,Construction
Krushi Infras India Pvt. Ltd.,ACUITE,Term Loan,A 4,15-04-2026,LOW,LOW,MEDIUM,71,31.0,Construction
Krushi Infras India Pvt. Ltd.,ACUITE,Term Loan,C,15-04-2026,LOW,LOW,MEDIUM,71,5.0,Construction
Kshema Power & Infrastructure Co. Pvt. Ltd.,BRICKWORK,Bank Guarantee,A 4,06-04-2026,LOW,LOW,MEDIUM,80,15.0,Construction
Kshema Power & Infrastructure Co. Pvt. Ltd.,BRICKWORK,Letter of Credit,A 4,06-04-2026,LOW,LOW,MEDIUM,80,35.0,Construction
Kshema Power & Infrastructure Co. Pvt. Ltd.,BRICKWORK,Term Loan,BB,06-04-2026,LOW,LOW,MEDIUM,80,6.08,Construction
Kumaran Systems Pvt. Ltd.,ACUITE,Term Loan,B-,16-04-2026,LOW,LOW,MEDIUM,70,2.5,Other
Kundana Techno Tex Pvt. Ltd.,CARE,NCD/Bond,BBB-/A3,07-04-2026,LOW,LOW,MEDIUM,79,2.0,IT/Technology
Kundli Manesar Expressway Ltd.,IND-RA,Term Loan,D,02-04-2026,LOW,MEDIUM,MEDIUM,84,1114.16,Other
Kurseong Computer Sales Pvt. Ltd.,CARE,Bank Guarantee,A 4,09-04-2026,LOW,LOW,MEDIUM,77,1.0,Other
Kushal Timber Pvt. Ltd.,BRICKWORK,Letter of Credit,A 4,08-04-2026,LOW,LOW,MEDIUM,78,33.0,Other
Kwality Overseas Pvt. Ltd.,BRICKWORK,NCD/Bond,D,06-04-2026,LOW,LOW,MEDIUM,80,15.0,Other
L G F Vitrified Pvt. Ltd.,CRISIL,Bank Guarantee,A 4,28-04-2026,LOW,LOW,MEDIUM,58,4.1,Other
L G F Vitrified Pvt. Ltd.,CRISIL,Term Loan,B,28-04-2026,LOW,LOW,MEDIUM,58,19.0,Other
L Madanlal (Aluminium) Ltd.,ACUITE,Letter of Credit,A 4,15-04-2026,LOW,LOW,MEDIUM,71,2.0,Steel & Metals
L S Rice Exports Pvt. Ltd.,IND-RA,NCD/Bond,B-/A4,02-04-2026,LOW,MEDIUM,MEDIUM,84,5.31,Agro/Food
Lagan Engineering Co. Ltd.,ACUITE,Bank Guarantee,A 4,21-04-2026,LOW,LOW,MEDIUM,65,1.0,Manufacturing
Lagan Engineering Co. Ltd.,ACUITE,Letter of Credit,A 4,21-04-2026,LOW,LOW,MEDIUM,65,0.5,Manufacturing
Lagan Engineering Co. Ltd.,ACUITE,Term Loan,B-,21-04-2026,LOW,LOW,MEDIUM,65,1.14,Manufacturing
Lagan Engineering Co. Ltd.,ACUITE,Term Loan,B-,21-04-2026,LOW,LOW,MEDIUM,65,3.86,Manufacturing
Lakshmi Precision Screws Ltd.,CARE,Bank Guarantee,D,09-04-2026,LOW,LOW,MEDIUM,77,77.0,Other
Lalitha Chem Inds. Pvt. Ltd.,CRISIL,Fund-Based,B,28-04-2026,LOW,LOW,MEDIUM,58,5.0,Chemicals/Pharma
Lalitha Chem Inds. Pvt. Ltd.,CRISIL,Letter of Credit,A 4,28-04-2026,LOW,LOW,MEDIUM,58,50.0,Chemicals/Pharma
Lalitha Chem Inds. Pvt. Ltd.,CRISIL,Non-Fund-Based,A 4,28-04-2026,LOW,LOW,MEDIUM,58,26.0,Chemicals/Pharma
Lall Minerals Pvt. Ltd.,IND-RA,Term Loan,B-,02-04-2026,LOW,MEDIUM,MEDIUM,84,6.5,Mining/Minerals
Lemon Electronics Ltd.,CARE,Letter of Credit,D,20-04-2026,LOW,LOW,MEDIUM,66,65.0,Other
Lenz Ceramic Pvt. Ltd.,IND-RA,NCD/Bond,B-/A4,02-04-2026,LOW,MEDIUM,MEDIUM,84,10.5,Other
Lido Commercial Co. Ltd.,ACUITE,Bank Guarantee,A 4+,01-04-2026,LOW,MEDIUM,MEDIUM,85,15.5,Other
Lido Commercial Co. Ltd.,ACUITE,Fund-Based,A 4+,01-04-2026,LOW,MEDIUM,MEDIUM,85,8.75,Other
Lido Commercial Co. Ltd.,ACUITE,Term Loan,BB-,01-04-2026,LOW,MEDIUM,MEDIUM,85,0.2,Other
Luxra Enterprises Pvt. Ltd.,CARE,Bank Guarantee,A 4,23-04-2026,LOW,LOW,MEDIUM,63,6.0,Other
Lyka B D R Intl. Ltd.,IND-RA,NCD/Bond,B-/A4,02-04-2026,LOW,MEDIUM,MEDIUM,84,13.4,Other
M B R Flexibles Ltd.,ICRA,Non-Fund-Based,A 4,17-04-2026,LOW,LOW,MEDIUM,69,3.0,Other
M B R Flexibles Ltd.,ICRA,NCD/Bond,B+/A4,17-04-2026,LOW,LOW,MEDIUM,69,0.89,Other
M B R Flexibles Ltd.,ICRA,Term Loan,B+,17-04-2026,LOW,LOW,MEDIUM,69,3.09,Other
M D A Mineral Dhatu (A P) Pvt. Ltd.,IND-RA,NCD/Bond,B-/A4,02-04-2026,LOW,MEDIUM,MEDIUM,84,5.0,Mining/Minerals
M G Autosales Pvt. Ltd.,CARE,Bank Guarantee,A 4,17-04-2026,LOW,LOW,MEDIUM,69,0.25,Automobiles
M G Autosales Pvt. Ltd.,CARE,Fund-Based,B-,17-04-2026,LOW,LOW,MEDIUM,69,14.75,Automobiles
M G Housing Pvt. Ltd.,BRICKWORK,Fund-Based,C,03-04-2026,LOW,MEDIUM,MEDIUM,83,19.85,Construction
M G Housing Pvt. Ltd.,BRICKWORK,Term Loan,C,03-04-2026,LOW,MEDIUM,MEDIUM,83,92.36,Construction
M G M Infra Devp. Solutions Pvt. Ltd.,CARE,Term Loan,D,22-04-2026,LOW,LOW,MEDIUM,64,4.94,Construction
M G T Motors Pvt. Ltd.,ACUITE,Fund-Based,A 4,16-04-2026,LOW,LOW,MEDIUM,70,3.5,Automobiles
M G T Motors Pvt. Ltd.,ACUITE,Fund-Based,A 4,16-04-2026,LOW,LOW,MEDIUM,70,101.5,Automobiles
M J Gold Pvt. Ltd.,BRICKWORK,NCD/Bond,B-,07-04-2026,LOW,LOW,MEDIUM,79,12.0,Jewellery/Gems
M J Grain Products Pvt. Ltd.,BRICKWORK,Bank Guarantee,A 4,06-04-2026,LOW,LOW,MEDIUM,80,0.5,Agro/Food
M J Grain Products Pvt. Ltd.,BRICKWORK,Term Loan,C,06-04-2026,LOW,LOW,MEDIUM,80,1.3,Agro/Food
M K Roy & Bros. Projects Ltd.,IND-RA,NCD/Bond,B-/A4,02-04-2026,LOW,MEDIUM,MEDIUM,84,15.65,Other
M R K R Constructions & Inds. Pvt. Ltd.,CRISIL,Bank Guarantee,A 4,10-04-2026,LOW,LOW,MEDIUM,76,175.0,Construction
M R K R Constructions & Inds. Pvt. Ltd.,CRISIL,Term Loan,B,10-04-2026,LOW,LOW,MEDIUM,76,55.0,Construction
M S R India Ltd.,CRISIL,Term Loan,D,23-04-2026,LOW,LOW,MEDIUM,63,0.4,Other
M S Support Services Ltd.,CARE,Bank Guarantee,A 4,24-04-2026,LOW,LOW,MEDIUM,62,1.5,Logistics
M S Support Services Ltd.,CARE,NCD/Bond,B-/A4,24-04-2026,LOW,LOW,MEDIUM,62,3.75,Logistics
Ma Sarada Cold Storage Pvt. Ltd.,ICRA,Term Loan,D,09-04-2026,LOW,LOW,MEDIUM,77,4.01,Other
Maa Annapurna Jute & Carpets Inds. Pvt. Ltd.,CRISIL,Term Loan,B,28-04-2026,LOW,LOW,MEDIUM,58,10.0,Textiles
Machine Tools (India) Ltd.,CARE,NCD/Bond,B-/A4,08-04-2026,LOW,LOW,MEDIUM,78,8.5,Manufacturing
Madras Race Club,CRISIL,Term Loan,B,09-04-2026,LOW,LOW,MEDIUM,77,10.0,Other
Magcore Lamination (India) Pvt. Ltd.,CRISIL,Fund-Based,B,23-04-2026,LOW,LOW,MEDIUM,63,5.0,Other
Magcore Lamination (India) Pvt. Ltd.,CRISIL,Letter of Credit,B,23-04-2026,LOW,LOW,MEDIUM,63,4.0,Other
Magcore Lamination (India) Pvt. Ltd.,CRISIL,Term Loan,B,23-04-2026,LOW,LOW,MEDIUM,63,83.87,Other
Magcore Lamination (India) Pvt. Ltd.,CRISIL,Term Loan,B,23-04-2026,LOW,LOW,MEDIUM,63,0.63,Other
Magnum Lubricants (India) Pvt. Ltd.,CRISIL,Letter of Credit,B,24-04-2026,LOW,LOW,MEDIUM,62,6.5,Chemicals/Pharma
Mahajan Overseas Pvt. Ltd.,BRICKWORK,Bank Guarantee,A 4,10-04-2026,LOW,LOW,MEDIUM,76,0.25,Other
Mahajan Overseas Pvt. Ltd.,BRICKWORK,Letter of Credit,A 4,10-04-2026,LOW,LOW,MEDIUM,76,3.0,Other
Mahajan Overseas Pvt. Ltd.,BRICKWORK,Term Loan,C,10-04-2026,LOW,LOW,MEDIUM,76,1.47,Other
Mahakaleshwar Tollways Pvt. Ltd.,CARE,Term Loan,D,16-04-2026,LOW,LOW,MEDIUM,70,164.84,Other
Mahalaxmi Automotives Wheels Pvt. Ltd.,IND-RA,NCD/Bond,B-/A4,02-04-2026,LOW,MEDIUM,MEDIUM,84,2.3,Automobiles
Mahalaxmi Bus Transport Pvt. Ltd.,IND-RA,Term Loan,B-,02-04-2026,LOW,MEDIUM,MEDIUM,84,13.28,Logistics
Mahalaxmi Technocast Pvt. Ltd.,ICRA,Term Loan,A 4,09-04-2026,LOW,LOW,MEDIUM,77,,IT/Technology
Maharaja Agrofoods Pvt. Ltd.,CRISIL,Term Loan,D,23-04-2026,LOW,LOW,MEDIUM,63,23.0,Agro/Food
Mahesh Industries Pvt. Ltd.,CRISIL,Letter of Credit,D,24-04-2026,LOW,LOW,MEDIUM,62,60.0,Other
Mahesh Timber Pvt. Ltd.,CRISIL,Letter of Credit,D,24-04-2026,LOW,LOW,MEDIUM,62,20.0,Other
Maheshwari Fabtex Pvt. Ltd.,CRISIL,Term Loan,D,24-04-2026,LOW,LOW,MEDIUM,62,1.5,Other
Maheshwari Fabtex Pvt. Ltd.,CRISIL,Term Loan,D,24-04-2026,LOW,LOW,MEDIUM,62,0.5,Other
Maini Construction Equipments Pvt. Ltd.,IND-RA,NCD/Bond,D,02-04-2026,LOW,MEDIUM,MEDIUM,84,10.9,Construction
Makharia Machineries Pvt. Ltd.,CRISIL,Fund-Based,B,24-04-2026,LOW,LOW,MEDIUM,62,2.0,Manufacturing
Man Cott Pvt. Ltd.,IND-RA,Term Loan,B-,02-04-2026,LOW,MEDIUM,MEDIUM,84,25.0,Other
Maneesh Pipes Pvt. Ltd.,CARE,Bank Guarantee,B-,13-04-2026,LOW,LOW,MEDIUM,73,3.5,Steel & Metals
Maneesh Pipes Pvt. Ltd.,CARE,Term Loan,B-,13-04-2026,LOW,LOW,MEDIUM,73,0.65,Steel & Metals
Manglam Paper Pvt. Ltd.,IND-RA,Term Loan,D,02-04-2026,LOW,MEDIUM,MEDIUM,84,29.5,Paper/Packaging
Mangrul Mills Pvt. Ltd.,CRISIL,Bank Guarantee,A 4,23-04-2026,LOW,LOW,MEDIUM,63,0.4,Other
Mani Square Ltd.,CARE,Bank Guarantee,D,15-04-2026,LOW,LOW,MEDIUM,71,5.5,Other
Mani Square Ltd.,CARE,Letter of Credit,D,15-04-2026,LOW,LOW,MEDIUM,71,20.0,Other
Mani Square Ltd.,CARE,Term Loan,D,15-04-2026,LOW,LOW,MEDIUM,71,68.0,Other
Mani Square Ltd.,CARE,Term Loan,D,15-04-2026,LOW,LOW,MEDIUM,71,170.0,Other
Manjeera Constructions Ltd.,IND-RA,NCD/Bond,D,02-04-2026,LOW,MEDIUM,MEDIUM,84,15.0,Construction
Manjeet Fibers Pvt. Ltd.,IND-RA,NCD/Bond,B/A4,02-04-2026,LOW,MEDIUM,MEDIUM,84,46.11,Textiles
Manorama Ropes India Pvt. Ltd.,CRISIL,Bank Guarantee,A 4,23-04-2026,LOW,LOW,MEDIUM,63,0.9,Other
Manorama Ropes India Pvt. Ltd.,CRISIL,Term Loan,B,23-04-2026,LOW,LOW,MEDIUM,63,6.3,Other
Mantri Developers Pvt. Ltd.,CARE,Fund-Based,D,02-04-2026,LOW,MEDIUM,MEDIUM,84,230.0,Construction
Maple Computer & Communication Pvt. Ltd.,BRICKWORK,Bank Guarantee,A 4,08-04-2026,LOW,LOW,MEDIUM,78,2.0,IT/Technology
Marbaniang Projects Pvt. Ltd.,BRICKWORK,Term Loan,C,08-04-2026,LOW,LOW,MEDIUM,78,29.21,Other
Marino Food Products Pvt. Ltd.,ACUITE,Term Loan,D,10-04-2026,LOW,LOW,MEDIUM,76,26.0,Agro/Food
Marshall Corporation Ltd.,ACUITE,Bank Guarantee,A 4,21-04-2026,LOW,LOW,MEDIUM,65,2.01,Other
Marut Nandan Textiles Ltd.,CRISIL,Term Loan,B,24-04-2026,LOW,LOW,MEDIUM,62,0.63,Construction
Marvellous Intra Pvt. Ltd.,ACUITE,Term Loan,B-,22-04-2026,LOW,LOW,MEDIUM,64,5.25,Other
Masina Alloys Pvt. Ltd.,CRISIL,Bank Guarantee,A 4,23-04-2026,LOW,LOW,MEDIUM,63,1.5,Steel & Metals
Mayasheel Retail India Ltd.,CRISIL,Fund-Based,B,24-04-2026,LOW,LOW,MEDIUM,62,31.95,Other
Mayasheel Retail India Ltd.,CRISIL,Term Loan,B,24-04-2026,LOW,LOW,MEDIUM,62,63.05,Other
Mcon Rasayan India Ltd.,ICRA,Term Loan,B+,03-04-2026,LOW,MEDIUM,MEDIUM,83,5.91,Other
Med Freshe Pvt. Ltd.,CARE,Letter of Credit,A 4,21-04-2026,LOW,LOW,MEDIUM,65,82.0,Other
Med Freshe Pvt. Ltd.,CARE,Term Loan,B+,21-04-2026,LOW,LOW,MEDIUM,65,1.0,Other
Medsmart Logistics Pvt. Ltd. [Merged],IND-RA,NCD/Bond,B+/A4,02-04-2026,LOW,MEDIUM,MEDIUM,84,50.0,Logistics
Megamiles Bearing Cups Pvt. Ltd.,CRISIL,Letter of Credit,A 4,24-04-2026,LOW,LOW,MEDIUM,62,1.5,Other
Mehadia Sales Trade Corpn. Pvt. Ltd.,IND-RA,NCD/Bond,D,02-04-2026,LOW,MEDIUM,MEDIUM,84,35.0,Trading/Exports
Mel Systems & Services Ltd.,ACUITE,Bank Guarantee,A 4,09-04-2026,LOW,LOW,MEDIUM,77,5.0,Other
Mel Systems & Services Ltd.,ACUITE,Bank Guarantee,A 4,09-04-2026,LOW,LOW,MEDIUM,77,2.62,Other
Mel Systems & Services Ltd.,ACUITE,Letter of Credit,A 4,09-04-2026,LOW,LOW,MEDIUM,77,4.5,Other
Mel Systems & Services Ltd.,ACUITE,Term Loan,B-,09-04-2026,LOW,LOW,MEDIUM,77,1.25,Other
Metal Care Alloys Pvt. Ltd.,BRICKWORK,Letter of Credit,A 4,01-04-2026,LOW,MEDIUM,MEDIUM,85,,Steel & Metals
Metal Care Alloys Pvt. Ltd.,BRICKWORK,Bank Guarantee,BB,01-04-2026,LOW,MEDIUM,MEDIUM,85,,Steel & Metals
Metal Care Alloys Pvt. Ltd.,BRICKWORK,Term Loan,BB,01-04-2026,LOW,MEDIUM,MEDIUM,85,0.56,Steel & Metals
Metal Crafts Constructors Pvt. Ltd.,CRISIL,Bank Guarantee,A 4,27-04-2026,LOW,LOW,MEDIUM,59,26.0,Steel & Metals
Metal Crafts Constructors Pvt. Ltd.,CRISIL,Term Loan,B,27-04-2026,LOW,LOW,MEDIUM,59,5.7,Steel & Metals
Metal Crafts Constructors Pvt. Ltd.,CRISIL,Term Loan,B,27-04-2026,LOW,LOW,MEDIUM,59,18.3,Steel & Metals
Mevada Oil Mill Pvt. Ltd.,CARE,Term Loan,D,13-04-2026,LOW,LOW,MEDIUM,73,0.6,Agro/Food
Mhetre Foods Pvt. Ltd.,CRISIL,Term Loan,D,24-04-2026,LOW,LOW,MEDIUM,62,7.5,Agro/Food
Mighty Auto Wheels Pvt. Ltd.,CARE,Term Loan,B-,27-04-2026,LOW,LOW,MEDIUM,59,3.0,Automobiles
Millenium Marbles Pvt. Ltd.,IND-RA,NCD/Bond,B-/A4,02-04-2026,LOW,MEDIUM,MEDIUM,84,10.0,Mining/Minerals
Mini Diamonds (India) Ltd.,CRISIL,Term Loan,D,23-04-2026,LOW,LOW,MEDIUM,63,1.0,Jewellery/Gems
Mittal Filaments Pvt. Ltd.,CARE,Bank Guarantee,A 4,16-04-2026,LOW,LOW,MEDIUM,70,0.25,Other
Mittal Filaments Pvt. Ltd.,CARE,Term Loan,B-,16-04-2026,LOW,LOW,MEDIUM,70,8.15,Other
Mittal Udyog Indore Pvt. Ltd.,ICRA,Term Loan,A 4,15-04-2026,LOW,LOW,MEDIUM,71,,Other
Mittapally Agro Products Pvt. Ltd.,CARE,NCD/Bond,D,14-04-2026,LOW,LOW,MEDIUM,72,32.5,Agro/Food
Mittapally Agro Products Pvt. Ltd.,CRISIL,Bank Guarantee,D,24-04-2026,LOW,LOW,MEDIUM,62,0.5,Agro/Food
Mohib Shoes Pvt. Ltd.,CARE,Letter of Credit,D,30-04-2026,LOW,LOW,MEDIUM,56,1.5,Other
Mohini Health & Hygiene Ltd.,CARE,Term Loan,B,27-04-2026,LOW,LOW,MEDIUM,59,20.0,Healthcare
Montage Promoters Pvt. Ltd.,CRISIL,Term Loan,D,23-04-2026,LOW,LOW,MEDIUM,63,8.55,Other
Montage Promoters Pvt. Ltd.,CRISIL,Term Loan,D,23-04-2026,LOW,LOW,MEDIUM,63,0.95,Other
Mudrakshi Hytech India Pvt. Ltd.,ICRA,Non-Fund-Based,A 4,24-04-2026,LOW,LOW,MEDIUM,62,12.0,IT/Technology
Mudrakshi Hytech India Pvt. Ltd.,ICRA,Term Loan,B+,24-04-2026,LOW,LOW,MEDIUM,62,10.75,IT/Technology
Mulpuri Foods & Feeds Pvt. Ltd.,CRISIL,Term Loan,B,24-04-2026,LOW,LOW,MEDIUM,62,15.08,Agro/Food
Multicolor Steels (India) Pvt. Ltd.,CRISIL,Letter of Credit,A 4+,30-04-2026,LOW,LOW,MEDIUM,56,23.0,Steel & Metals
Multicolor Steels (India) Pvt. Ltd.,CRISIL,Fund-Based,BB-,30-04-2026,LOW,LOW,MEDIUM,56,0.3,Steel & Metals
Multicolor Steels (India) Pvt. Ltd.,CRISIL,Term Loan,BB-,30-04-2026,LOW,LOW,MEDIUM,56,4.2,Steel & Metals
Multiple Special Steel Pvt. Ltd.,CRISIL,Letter of Credit,A 4,24-04-2026,LOW,LOW,MEDIUM,62,2.0,Steel & Metals
Multiple Special Steel Pvt. Ltd.,CRISIL,Term Loan,B,24-04-2026,LOW,LOW,MEDIUM,62,0.81,Steel & Metals
Multiple Special Steel Pvt. Ltd.,CRISIL,Term Loan,B,24-04-2026,LOW,LOW,MEDIUM,62,2.69,Steel & Metals
Mutha Engineering Pvt. Ltd.,CARE,Term Loan,BB-,16-04-2026,LOW,LOW,MEDIUM,70,41.59,Manufacturing
My Car (Bhopal) Pvt. Ltd.,CRISIL,Fund-Based,D,24-04-2026,LOW,LOW,MEDIUM,62,25.0,Automobiles
My Car (Bhopal) Pvt. Ltd.,CRISIL,Term Loan,D,24-04-2026,LOW,LOW,MEDIUM,62,10.0,Automobiles
My Car (Indore) Pvt. Ltd.,CRISIL,Bank Guarantee,D,24-04-2026,LOW,LOW,MEDIUM,62,3.0,Automobiles
My Car (Indore) Pvt. Ltd.,CRISIL,Term Loan,D,24-04-2026,LOW,LOW,MEDIUM,62,0.98,Automobiles
My Equipments Pvt. Ltd.,CRISIL,Fund-Based,D,24-04-2026,LOW,LOW,MEDIUM,62,13.0,Manufacturing
My Equipments Pvt. Ltd.,CRISIL,Term Loan,D,24-04-2026,LOW,LOW,MEDIUM,62,1.0,Manufacturing
My Store Pvt. Ltd.,CRISIL,Bank Guarantee,D,24-04-2026,LOW,LOW,MEDIUM,62,1.0,Other
My Store Pvt. Ltd.,CRISIL,Term Loan,D,24-04-2026,LOW,LOW,MEDIUM,62,5.0,Other
N B M Iron & Steel Trdg. Pvt. Ltd.,BRICKWORK,Letter of Credit,A 4,10-04-2026,LOW,LOW,MEDIUM,76,118.0,Steel & Metals
N B M Iron & Steel Trdg. Pvt. Ltd.,BRICKWORK,Letter of Credit,A 4,10-04-2026,LOW,LOW,MEDIUM,76,,Steel & Metals
N B M Iron & Steel Trdg. Pvt. Ltd.,BRICKWORK,Non-Fund-Based,A 4,10-04-2026,LOW,LOW,MEDIUM,76,2.36,Steel & Metals
N C C Infraspace Pvt. Ltd.,CRISIL,Bank Guarantee,A 4,30-04-2026,LOW,LOW,MEDIUM,56,90.0,Construction
N C C Infraspace Pvt. Ltd.,CRISIL,Fund-Based,B,30-04-2026,LOW,LOW,MEDIUM,56,5.76,Construction
N C C Infraspace Pvt. Ltd.,CRISIL,Term Loan,B,30-04-2026,LOW,LOW,MEDIUM,56,4.95,Construction
N K Agro Exports (India) Pvt. Ltd.,CARE,Bank Guarantee,A 4,02-04-2026,LOW,MEDIUM,MEDIUM,84,0.3,Agro/Food
N K Agro Exports (India) Pvt. Ltd.,CARE,Non-Fund-Based,A 4,02-04-2026,LOW,MEDIUM,MEDIUM,84,5.0,Agro/Food
N K Agro Exports (India) Pvt. Ltd.,CARE,NCD/Bond,BB-/A4,02-04-2026,LOW,MEDIUM,MEDIUM,84,90.0,Agro/Food
N K Agro Exports (India) Pvt. Ltd.,CARE,Term Loan,BB-,02-04-2026,LOW,MEDIUM,MEDIUM,84,42.83,Agro/Food
N T F (India) Pvt. Ltd.,BRICKWORK,Non-Fund-Based,A 4,08-04-2026,LOW,LOW,MEDIUM,78,34.0,Other
N T F (India) Pvt. Ltd.,BRICKWORK,Fund-Based,BB,08-04-2026,LOW,LOW,MEDIUM,78,179.06,Other
N V Kharote Constructions Pvt. Ltd.,CARE,Bank Guarantee,D,10-04-2026,LOW,LOW,MEDIUM,76,7.83,Construction
Nac Jewellers Pvt. Ltd.,CRISIL,Term Loan,B,23-04-2026,LOW,LOW,MEDIUM,63,6.85,Jewellery/Gems
Nachiketa Papers Ltd.,CRISIL,Term Loan,B,28-04-2026,LOW,LOW,MEDIUM,58,6.0,Paper/Packaging
Nachiketa Papers Ltd.,CRISIL,Term Loan,B,28-04-2026,LOW,LOW,MEDIUM,58,35.0,Paper/Packaging
Nainital Motors Pvt. Ltd.,IND-RA,NCD/Bond,B-/A4,02-04-2026,LOW,MEDIUM,MEDIUM,84,18.25,Automobiles
Nalanda Engicon Pvt. Ltd.,CARE,Bank Guarantee,A 4,16-04-2026,LOW,LOW,MEDIUM,70,7.0,Other
Nani Agrofoods Pvt. Ltd.,IND-RA,NCD/Bond,B/A4,02-04-2026,LOW,MEDIUM,MEDIUM,84,60.0,Agro/Food
Narayanadri Hospitals & Research Institute Pvt. Ltd.,IND-RA,NCD/Bond,B-/A4,02-04-2026,LOW,MEDIUM,MEDIUM,84,12.36,Healthcare
Narendra Tea Co. Pvt. Ltd.,ICRA,Term Loan,B+,29-04-2026,LOW,LOW,MEDIUM,57,5.0,Agro/Food
Narmada Agrobase Ltd.,IND-RA,NCD/Bond,B-/A4,02-04-2026,LOW,MEDIUM,MEDIUM,84,6.23,Agro/Food
Narmada Spinning Pvt. Ltd.,CRISIL,Bank Guarantee,A 4,24-04-2026,LOW,LOW,MEDIUM,62,1.65,Textiles
Narmada Spinning Pvt. Ltd.,CRISIL,Term Loan,B,24-04-2026,LOW,LOW,MEDIUM,62,0.35,Textiles
Narmada Spinning Pvt. Ltd.,CRISIL,Term Loan,B,24-04-2026,LOW,LOW,MEDIUM,62,20.0,Textiles
Nasim Ahsan Construction Pvt. Ltd.,CARE,Bank Guarantee,B-,13-04-2026,LOW,LOW,MEDIUM,73,25.0,Construction
Natraj Electro Casting Pvt. Ltd.,CARE,Bank Guarantee,A 4,14-04-2026,LOW,LOW,MEDIUM,72,1.54,Steel & Metals
Natraj Electro Casting Pvt. Ltd.,CARE,NCD/Bond,B-/A4,14-04-2026,LOW,LOW,MEDIUM,72,2.9,Steel & Metals
Natraj Electro Casting Pvt. Ltd.,CARE,Term Loan,B-,14-04-2026,LOW,LOW,MEDIUM,72,13.5,Steel & Metals
Natraj Electro Casting Pvt. Ltd.,CRISIL,Bank Guarantee,A 4,24-04-2026,LOW,LOW,MEDIUM,62,1.53,Steel & Metals
Natraj Electro Casting Pvt. Ltd.,CRISIL,Term Loan,B,24-04-2026,LOW,LOW,MEDIUM,62,20.0,Steel & Metals
Natvar Cotex Pvt. Ltd.,CRISIL,Term Loan,B,23-04-2026,LOW,LOW,MEDIUM,63,1.54,Other
Nav Jyoti Agro Foods Pvt. Ltd.,CRISIL,Fund-Based,D,10-04-2026,LOW,LOW,MEDIUM,76,30.0,Agro/Food
Nav Jyoti Agro Foods Pvt. Ltd.,CRISIL,Term Loan,D,10-04-2026,LOW,LOW,MEDIUM,76,2.4,Agro/Food
Navitas Green Solutions Pvt. Ltd.,CRISIL,Bank Guarantee,A 4,24-04-2026,LOW,LOW,MEDIUM,62,1.25,Other
Navitas Green Solutions Pvt. Ltd.,CRISIL,Letter of Credit,A 4,24-04-2026,LOW,LOW,MEDIUM,62,6.0,Other
Navitas Green Solutions Pvt. Ltd.,CRISIL,Term Loan,B,24-04-2026,LOW,LOW,MEDIUM,62,14.05,Other
Neco Heavy Engg. & Castings Pvt. Ltd.,ICRA,Non-Fund-Based,A 4,28-04-2026,LOW,LOW,MEDIUM,58,5.0,Steel & Metals
Nemcare Hospitals Pvt. Ltd.,IND-RA,Term Loan,D,02-04-2026,LOW,MEDIUM,MEDIUM,84,49.0,Healthcare
Nevco Engineers Pvt. Ltd.,CARE,Bank Guarantee,A 4,17-04-2026,LOW,LOW,MEDIUM,69,5.0,Manufacturing
Nevco Engineers Pvt. Ltd.,CARE,Fund-Based,B-,17-04-2026,LOW,LOW,MEDIUM,69,2.5,Manufacturing
New Modern Technomech Pvt. Ltd.,ACUITE,Bank Guarantee,A 4,16-04-2026,LOW,LOW,MEDIUM,70,50.0,IT/Technology
New Modern Technomech Pvt. Ltd.,CARE,Letter of Credit,A 4,21-04-2026,LOW,LOW,MEDIUM,65,2.8,IT/Technology
New Modern Technomech Pvt. Ltd.,CARE,Letter of Credit,A 4,21-04-2026,LOW,LOW,MEDIUM,65,5.0,IT/Technology
New Modern Technomech Pvt. Ltd.,CARE,NCD/Bond,C/A4,21-04-2026,LOW,LOW,MEDIUM,65,45.0,IT/Technology
New Modern Technomech Pvt. Ltd.,CARE,Term Loan,C,21-04-2026,LOW,LOW,MEDIUM,65,1.03,IT/Technology
Nidan Laboratories & Healthcare Ltd.,CRISIL,Term Loan,B,23-04-2026,LOW,LOW,MEDIUM,63,4.82,Healthcare
Nikhil Footwears Pvt. Ltd.,CRISIL,Letter of Credit,D,10-04-2026,LOW,LOW,MEDIUM,76,23.0,Other
Nikhil Footwears Pvt. Ltd.,CRISIL,Term Loan,D,10-04-2026,LOW,LOW,MEDIUM,76,7.64,Other
Niladree Build-Tech Pvt. Ltd.,IND-RA,Term Loan,B-,02-04-2026,LOW,MEDIUM,MEDIUM,84,11.36,Construction
Nimbus Motors Pvt. Ltd.,CRISIL,Fund-Based,BB,22-04-2026,LOW,LOW,MEDIUM,64,26.0,Automobiles
Nimbus Motors Pvt. Ltd.,CRISIL,Term Loan,BB,22-04-2026,LOW,LOW,MEDIUM,64,11.0,Automobiles
Nimbus Motors Pvt. Ltd.,CARE,Fund-Based,C,23-04-2026,LOW,LOW,MEDIUM,63,27.5,Automobiles
North East Ferro Alloys Co. Pvt. Ltd.,CARE,Term Loan,B-,20-04-2026,LOW,LOW,MEDIUM,66,0.95,Steel & Metals
Northway Infra-Tech Pvt. Ltd.,IND-RA,Term Loan,B-,02-04-2026,LOW,MEDIUM,MEDIUM,84,6.77,Construction
Novagen Healthcare Pvt. Ltd.,CRISIL,Term Loan,B,23-04-2026,LOW,LOW,MEDIUM,63,27.7,Healthcare
Nucleus Satellite Communications (Madras) Pvt. Ltd.,CRISIL,Bank Guarantee,A 4,24-04-2026,LOW,LOW,MEDIUM,62,0.35,IT/Technology
Nucleus Satellite Communications (Madras) Pvt. Ltd.,CRISIL,Term Loan,C,24-04-2026,LOW,LOW,MEDIUM,62,3.0,IT/Technology
Nuevo Polymers Pvt. Ltd.,ICRA,NCD/Bond,B+/A4,29-04-2026,LOW,LOW,MEDIUM,57,35.0,Chemicals/Pharma
Nutri Feeds & Farms Pvt. Ltd.,CRISIL,Term Loan,B,23-04-2026,LOW,LOW,MEDIUM,63,6.72,Agro/Food
Ocean Constructions (India) Pvt. Ltd.,ICRA,Non-Fund-Based,D,09-04-2026,LOW,LOW,MEDIUM,77,16.5,Construction
Ocean Constructions (India) Pvt. Ltd.,ICRA,Term Loan,D,09-04-2026,LOW,LOW,MEDIUM,77,6.5,Construction
Olive Bar & Kitchen Pvt. Ltd.,IND-RA,Term Loan,BB-,02-04-2026,LOW,MEDIUM,MEDIUM,84,28.42,Other
Omnitech Engineering Ltd.,CARE,Non-Fund-Based,A 3,07-04-2026,LOW,LOW,MEDIUM,79,,Manufacturing
Omnitech Engineering Ltd.,CARE,NCD/Bond,BBB-/A3,07-04-2026,LOW,LOW,MEDIUM,79,,Manufacturing
Omnitech Engineering Ltd.,CARE,Term Loan,BBB-,07-04-2026,LOW,LOW,MEDIUM,79,,Manufacturing
One Capitall Ltd.,ICRA,Term Loan,D,29-04-2026,LOW,LOW,MEDIUM,57,52.0,Other
Optics & Allied Engg. Pvt. Ltd.,ICRA,Term Loan,B+,16-04-2026,LOW,LOW,MEDIUM,70,4.0,Other
Oracle Polymer Inds. Pvt. Ltd.,CARE,Bank Guarantee,A 4,10-04-2026,LOW,LOW,MEDIUM,76,0.1,Chemicals/Pharma
Oracle Polymer Inds. Pvt. Ltd.,CARE,Term Loan,B-,10-04-2026,LOW,LOW,MEDIUM,76,3.04,Chemicals/Pharma
Orion Edutech Pvt. Ltd.,CRISIL,Bank Guarantee,A 4,09-04-2026,LOW,LOW,MEDIUM,77,7.0,IT/Technology
Orion Edutech Pvt. Ltd.,CRISIL,Term Loan,B,09-04-2026,LOW,LOW,MEDIUM,77,2.0,IT/Technology
Oswal Lumbers Pvt. Ltd.,CARE,NCD/Bond,B/A4,10-04-2026,LOW,LOW,MEDIUM,76,27.0,Other
P & Y Enterprises Pvt. Ltd.,IND-RA,Term Loan,B-,02-04-2026,LOW,MEDIUM,MEDIUM,84,374.78,Other
P Dass Forging Pvt. Ltd.,ACUITE,Term Loan,B,24-04-2026,LOW,LOW,MEDIUM,62,2.5,Steel & Metals
P Dass Forging Pvt. Ltd.,ACUITE,Term Loan,B,24-04-2026,LOW,LOW,MEDIUM,62,3.79,Steel & Metals
P E Erectors Pvt. Ltd.,IND-RA,NCD/Bond,BB-/A4+,02-04-2026,LOW,MEDIUM,MEDIUM,84,30.0,Other
P K Cereals Pvt. Ltd. [Merged],ACUITE,Term Loan,BB-,06-04-2026,LOW,LOW,MEDIUM,80,2.0,Other
P P Pandey Infrastructure Pvt. Ltd.,IND-RA,NCD/Bond,D,02-04-2026,LOW,MEDIUM,MEDIUM,84,22.6,Construction
P R G Buildcon India Pvt. Ltd.,IND-RA,NCD/Bond,B-/A4,02-04-2026,LOW,MEDIUM,MEDIUM,84,43.0,Construction
P S K Textiles India Pvt. Ltd.,IND-RA,NCD/Bond,B-/A4,02-04-2026,LOW,MEDIUM,MEDIUM,84,28.46,Construction
P S T S Heavy Lift & Shift Ltd.,BRICKWORK,Bank Guarantee,D,01-04-2026,LOW,MEDIUM,MEDIUM,85,0.5,Other
P S V Precast Pvt. Ltd.,CARE,Term Loan,B-,23-04-2026,LOW,LOW,MEDIUM,63,6.65,Other
P V M Enterprises Pvt. Ltd.,BRICKWORK,Bank Guarantee,A 4,02-04-2026,LOW,MEDIUM,MEDIUM,84,0.45,Other
P V M Enterprises Pvt. Ltd.,BRICKWORK,Term Loan,C,02-04-2026,LOW,MEDIUM,MEDIUM,84,4.38,Other
Packtech Materials Pvt. Ltd.,ACUITE,Term Loan,B-,17-04-2026,LOW,LOW,MEDIUM,69,3.0,IT/Technology
Packtech Materials Pvt. Ltd.,ACUITE,Term Loan,B-,17-04-2026,LOW,LOW,MEDIUM,69,4.0,IT/Technology
Pallavapuram Tambaram M S W Pvt. Ltd.,BRICKWORK,Term Loan,D,01-04-2026,LOW,MEDIUM,MEDIUM,85,57.59,Other
Pannageshwar Sugar Mills Ltd.,ICRA,Term Loan,D,10-04-2026,LOW,LOW,MEDIUM,76,25.14,Agro/Food
Para Products Pvt. Ltd.,ICRA,NCD/Bond,B+/A4,28-04-2026,LOW,LOW,MEDIUM,58,,Other
Para Products Pvt. Ltd.,ICRA,NCD/Bond,B+/A4,28-04-2026,LOW,LOW,MEDIUM,58,10.0,Other
Paradigm Tunneling Pvt. Ltd.,CRISIL,Bank Guarantee,D,23-04-2026,LOW,LOW,MEDIUM,63,8.0,Other
Paradigm Tunneling Pvt. Ltd.,CRISIL,Letter of Credit,D,23-04-2026,LOW,LOW,MEDIUM,63,3.0,Other
Paragon Apparel Pvt. Ltd.,CRISIL,Letter of Credit,D,13-04-2026,LOW,LOW,MEDIUM,73,4.0,Textiles
Paragon Apparel Pvt. Ltd.,CRISIL,Term Loan,D,13-04-2026,LOW,LOW,MEDIUM,73,5.0,Textiles
Paramount Blankets Pvt. Ltd.,CARE,Fund-Based,D,29-04-2026,LOW,LOW,MEDIUM,57,6.11,Other
Paramount Blankets Pvt. Ltd.,CARE,NCD/Bond,D,29-04-2026,LOW,LOW,MEDIUM,57,1.0,Other
Paramount Blankets Pvt. Ltd.,CARE,Term Loan,D,29-04-2026,LOW,LOW,MEDIUM,57,6.14,Other
Paramount Minerals & Chemicals Ltd.,CRISIL,Bank Guarantee,D,10-04-2026,LOW,LOW,MEDIUM,76,3.0,Chemicals/Pharma
Paramount Minerals & Chemicals Ltd.,CRISIL,Letter of Credit,D,10-04-2026,LOW,LOW,MEDIUM,76,40.22,Chemicals/Pharma
Paras Cotspin Ltd.,CRISIL,Bank Guarantee,A 4,10-04-2026,LOW,LOW,MEDIUM,76,0.25,Other
Paras Cotspin Ltd.,CRISIL,Term Loan,B-,10-04-2026,LOW,LOW,MEDIUM,76,7.58,Other
Paras Cotspin Ltd.,CRISIL,Term Loan,B-,10-04-2026,LOW,LOW,MEDIUM,76,2.82,Other
Parshvanath Printex Pvt. Ltd.,CARE,Term Loan,B-,22-04-2026,LOW,LOW,MEDIUM,64,9.9,Paper/Packaging
Partap Fabrics Pvt. Ltd.,BRICKWORK,Bank Guarantee,A 4,06-04-2026,LOW,LOW,MEDIUM,80,1.8,Textiles
Partap Fabrics Pvt. Ltd.,BRICKWORK,Fund-Based,B,06-04-2026,LOW,LOW,MEDIUM,80,7.99,Textiles
Partap Fabrics Pvt. Ltd.,BRICKWORK,Letter of Credit,A 4,06-04-2026,LOW,LOW,MEDIUM,80,2.5,Textiles
Partap Fabrics Pvt. Ltd.,BRICKWORK,Term Loan,B,06-04-2026,LOW,LOW,MEDIUM,80,8.19,Textiles
Parul Foods Specialities Pvt. Ltd.,CRISIL,Term Loan,B,28-04-2026,LOW,LOW,MEDIUM,58,4.0,Agro/Food
Pasari Multiprojects Pvt. Ltd.,BRICKWORK,Term Loan,C,08-04-2026,LOW,LOW,MEDIUM,78,30.0,Other
Passion Vitrified Pvt. Ltd.,CRISIL,Bank Guarantee,A 4,23-04-2026,LOW,LOW,MEDIUM,63,2.7,Other
Passion Vitrified Pvt. Ltd.,CRISIL,Term Loan,B,23-04-2026,LOW,LOW,MEDIUM,63,0.3,Other
Passion Vitrified Pvt. Ltd.,CRISIL,Term Loan,B,23-04-2026,LOW,LOW,MEDIUM,63,16.0,Other
Patiala Cotspin Pvt. Ltd.,IND-RA,NCD/Bond,B/A4,02-04-2026,LOW,MEDIUM,MEDIUM,84,31.65,Other
Patiala Distillers & Mfrs. Ltd.,CARE,Bank Guarantee,A 4,09-04-2026,LOW,LOW,MEDIUM,77,0.35,Other
Patiala Distillers & Mfrs. Ltd.,CARE,Term Loan,C,09-04-2026,LOW,LOW,MEDIUM,77,4.0,Other
Pebco Motors Ltd.,CRISIL,Fund-Based,B,10-04-2026,LOW,LOW,MEDIUM,76,16.5,Automobiles
Pebco Motors Ltd.,CRISIL,Term Loan,B,10-04-2026,LOW,LOW,MEDIUM,76,9.7,Automobiles
Peekay Agencies Pvt. Ltd.,CRISIL,Fund-Based,B,30-04-2026,LOW,LOW,MEDIUM,56,6.32,Other
Peekay Agencies Pvt. Ltd.,CRISIL,Letter of Credit,A 4,30-04-2026,LOW,LOW,MEDIUM,56,23.18,Other
Peekay Petrochem Pvt. Ltd.,CRISIL,Letter of Credit,A 4,30-04-2026,LOW,LOW,MEDIUM,56,15.0,Chemicals/Pharma
Pegasus Farmaco India Pvt. Ltd.,BRICKWORK,Letter of Credit,A 4,02-04-2026,LOW,MEDIUM,MEDIUM,84,0.5,Agro/Food
Pellet-Energy Systems Pvt. Ltd.,CARE,Term Loan,D,24-04-2026,LOW,LOW,MEDIUM,62,22.5,Energy
Phenil Sugars Ltd.,CARE,Bank Guarantee,D,23-04-2026,LOW,LOW,MEDIUM,63,2.0,Agro/Food
Phi Audiocom Systems Pvt. Ltd.,ACUITE,Bank Guarantee,A 4,17-04-2026,LOW,LOW,MEDIUM,69,6.0,Other
Phoenix Structural & Engg. Pvt. Ltd.,ACUITE,Bank Guarantee,A 4,20-04-2026,LOW,LOW,MEDIUM,66,0.5,Other
Phoenix Structural & Engg. Pvt. Ltd.,ACUITE,Term Loan,B-,20-04-2026,LOW,LOW,MEDIUM,66,2.89,Other
Phoenix Structural & Engg. Pvt. Ltd.,ACUITE,Term Loan,B-,20-04-2026,LOW,LOW,MEDIUM,66,0.9,Other
Piccadily Holiday Resorts Ltd.,ICRA,Term Loan,B+,29-04-2026,LOW,LOW,MEDIUM,57,28.0,Hotels/Tourism
Pink City Expressway Pvt. Ltd.,CARE,Bank Guarantee,D,08-04-2026,LOW,LOW,MEDIUM,78,30.0,Paper/Packaging
Pink City Expressway Pvt. Ltd.,CARE,Term Loan,D,08-04-2026,LOW,LOW,MEDIUM,78,1760.55,Paper/Packaging
Planet Agencies Pvt. Ltd.,CRISIL,Fund-Based,B,23-04-2026,LOW,LOW,MEDIUM,63,14.0,Other
Plus Medicare Hospitals Pvt. Ltd.,BRICKWORK,Term Loan,C,06-04-2026,LOW,LOW,MEDIUM,80,35.0,Healthcare
Polymechplast Machines Ltd.,CRISIL,Letter of Credit,A 4,22-04-2026,LOW,LOW,MEDIUM,64,1.0,Manufacturing
Pommys Garments (India) Pvt. Ltd.,ICRA,Term Loan,D,27-04-2026,LOW,LOW,MEDIUM,59,3.38,Textiles
Popular Wheelers (India) Pvt. Ltd.,CRISIL,Fund-Based,B,09-04-2026,LOW,LOW,MEDIUM,77,5.0,Other
Popular Wheelers (India) Pvt. Ltd.,CRISIL,Fund-Based,B,09-04-2026,LOW,LOW,MEDIUM,77,24.5,Other
Popular Wheelers (India) Pvt. Ltd.,CRISIL,Fund-Based,B,09-04-2026,LOW,LOW,MEDIUM,77,15.0,Other
Power Max (India) Pvt. Ltd.,IND-RA,NCD/Bond,D,02-04-2026,LOW,MEDIUM,MEDIUM,84,48.15,Energy
Prachi (India) Pvt. Ltd.,BRICKWORK,Fund-Based,C,09-04-2026,LOW,LOW,MEDIUM,77,2.75,Other
Prachi (India) Pvt. Ltd.,BRICKWORK,Term Loan,C,09-04-2026,LOW,LOW,MEDIUM,77,1.88,Other
Pradeep Stainless India Pvt. Ltd.,CRISIL,Letter of Credit,A 4,09-04-2026,LOW,LOW,MEDIUM,77,7.0,Other
Pradeep Stainless India Pvt. Ltd.,CRISIL,Term Loan,B,09-04-2026,LOW,LOW,MEDIUM,77,3.71,Other
Pragati Glass & Inds. Pvt. Ltd.,ICRA,Non-Fund-Based,D,22-04-2026,LOW,LOW,MEDIUM,64,4.0,Other
Pragati Glass & Inds. Pvt. Ltd.,ICRA,Term Loan,D,22-04-2026,LOW,LOW,MEDIUM,64,4.0,Other
Pragati Marine Services Pvt. Ltd.,ICRA,Non-Fund-Based,D,15-04-2026,LOW,LOW,MEDIUM,71,2.65,Other
Pragati Marine Services Pvt. Ltd.,ICRA,NCD/Bond,D,15-04-2026,LOW,LOW,MEDIUM,71,21.05,Other
Pragati Marine Services Pvt. Ltd.,ICRA,Term Loan,D,15-04-2026,LOW,LOW,MEDIUM,71,11.3,Other
Prasad International Pvt. Ltd.,CRISIL,Bank Guarantee,A 4,29-04-2026,LOW,LOW,MEDIUM,57,0.5,Other
Prasad International Pvt. Ltd.,CRISIL,Letter of Credit,A 4,29-04-2026,LOW,LOW,MEDIUM,57,2.0,Other
Prasad International Pvt. Ltd.,CRISIL,Term Loan,B,29-04-2026,LOW,LOW,MEDIUM,57,2.99,Other
Pravara Renewable Energy Ltd.,CARE,Term Loan,D,15-04-2026,LOW,LOW,MEDIUM,71,186.08,Energy
Prayan Ispat & Steel Pvt. Ltd.,CARE,Letter of Credit,D,22-04-2026,LOW,LOW,MEDIUM,64,1.5,Steel & Metals
Prayan Ispat & Steel Pvt. Ltd.,CARE,Term Loan,D,22-04-2026,LOW,LOW,MEDIUM,64,0.09,Steel & Metals
Precise Chemi Pharma Pvt. Ltd.,CRISIL,Letter of Credit,A 4,29-04-2026,LOW,LOW,MEDIUM,57,5.0,Chemicals/Pharma
Premier Plasmotec Pvt. Ltd.,BRICKWORK,Term Loan,C,09-04-2026,LOW,LOW,MEDIUM,77,2.16,Other
Premier Polyfilm Ltd.,ICRA,Letter of Credit,A 2,30-04-2026,LOW,LOW,MEDIUM,56,14.25,Other
Premier Polyfilm Ltd.,ICRA,Letter of Credit,A 2,30-04-2026,LOW,LOW,MEDIUM,56,,Other
Premier Polyfilm Ltd.,ICRA,NCD/Bond,BBB+/A2,30-04-2026,LOW,LOW,MEDIUM,56,25.5,Other
Premier Polyfilm Ltd.,ICRA,NCD/Bond,BBB+/A2,30-04-2026,LOW,LOW,MEDIUM,56,6.04,Other
Premier Polyfilm Ltd.,ICRA,Term Loan,BBB+,30-04-2026,LOW,LOW,MEDIUM,56,13.21,Other
Price & Buckland (India) Pvt. Ltd.,IND-RA,NCD/Bond,B-/A4,02-04-2026,LOW,MEDIUM,MEDIUM,84,6.3,Agro/Food
Primatel Fibcom Ltd.,CARE,Bank Guarantee,A 4,10-04-2026,LOW,LOW,MEDIUM,76,17.5,Other
Prime Mover Auto Associates Pvt. Ltd.,ACUITE,Bank Guarantee,D,01-04-2026,LOW,MEDIUM,MEDIUM,85,6.3,Automobiles
Prime Mover Auto Associates Pvt. Ltd.,ACUITE,Term Loan,C,01-04-2026,LOW,MEDIUM,MEDIUM,85,1.01,Automobiles
Prime Retail India Ltd.,IND-RA,NCD/Bond,D,02-04-2026,LOW,MEDIUM,MEDIUM,84,31.75,Other
Primitus Industries Pvt. Ltd.,IND-RA,NCD/Bond,B-/A4,02-04-2026,LOW,MEDIUM,MEDIUM,84,25.0,Other
Profive Engineering Pvt. Ltd.,IND-RA,NCD/Bond,B-/A4,02-04-2026,LOW,MEDIUM,MEDIUM,84,8.57,Manufacturing
Punjab Metal Works Pvt. Ltd.,IND-RA,NCD/Bond,B-/A4,02-04-2026,LOW,MEDIUM,MEDIUM,84,5.5,Steel & Metals
Puri Construction Pvt. Ltd.,ICRA,Bank Guarantee,A 4+,10-04-2026,LOW,LOW,MEDIUM,76,125.0,Construction
Pushpit Steels Pvt. Ltd.,ACUITE,Term Loan,A-,17-04-2026,LOW,LOW,MEDIUM,69,2.5,Steel & Metals
Pushpit Steels Pvt. Ltd.,ACUITE,Letter of Credit,A 4+,17-04-2026,LOW,LOW,MEDIUM,69,225.0,Steel & Metals
Pushpit Steels Pvt. Ltd.,ACUITE,Letter of Credit,A 2+,17-04-2026,LOW,LOW,MEDIUM,69,25.0,Steel & Metals
Pushpit Steels Pvt. Ltd.,ACUITE,Term Loan,BB+,17-04-2026,LOW,LOW,MEDIUM,69,464.13,Steel & Metals
Q-Line Biotech Ltd.,CRISIL,Bank Guarantee,A 4,09-04-2026,LOW,LOW,MEDIUM,77,16.0,Healthcare
Q-Line Biotech Ltd.,CRISIL,Letter of Credit,A 4,09-04-2026,LOW,LOW,MEDIUM,77,6.0,Healthcare
Q-Line Biotech Ltd.,CRISIL,Term Loan,B,09-04-2026,LOW,LOW,MEDIUM,77,63.5,Healthcare
Quadragen Vethealth Pvt. Ltd.,CRISIL,Bank Guarantee,A 4,28-04-2026,LOW,LOW,MEDIUM,58,1.0,Healthcare
Quadragen Vethealth Pvt. Ltd.,CRISIL,Letter of Credit,A 4,28-04-2026,LOW,LOW,MEDIUM,58,6.0,Healthcare
Quadragen Vethealth Pvt. Ltd.,CRISIL,Term Loan,B,28-04-2026,LOW,LOW,MEDIUM,58,1.5,Healthcare
Quarterfold Printabilities Pvt. Ltd.,ACUITE,Fund-Based,BB+,02-04-2026,LOW,MEDIUM,MEDIUM,84,10.0,Paper/Packaging
Quarterfold Printabilities Pvt. Ltd.,ACUITE,Term Loan,BB+,02-04-2026,LOW,MEDIUM,MEDIUM,84,5.5,Paper/Packaging
R A C Papers Ltd.,BRICKWORK,Term Loan,C,10-04-2026,LOW,LOW,MEDIUM,76,7.0,Paper/Packaging
R A C Papers Ltd.,CARE,Letter of Credit,A 4,22-04-2026,LOW,LOW,MEDIUM,64,0.33,Paper/Packaging
R A C Papers Ltd.,CARE,Term Loan,C,22-04-2026,LOW,LOW,MEDIUM,64,2.3,Paper/Packaging
R A Kraft Paper Pvt. Ltd.,CRISIL,Letter of Credit,A 4,28-04-2026,LOW,LOW,MEDIUM,58,5.0,Paper/Packaging
R A Shaikh Paper Mills Pvt. Ltd.,CARE,Bank Guarantee,A 4,08-04-2026,LOW,LOW,MEDIUM,78,0.8,Paper/Packaging
R D Samant Contractors Pvt. Ltd.,CRISIL,Bank Guarantee,A 4,30-04-2026,LOW,LOW,MEDIUM,56,7.0,Other
R D Samant Contractors Pvt. Ltd.,CRISIL,Term Loan,B,30-04-2026,LOW,LOW,MEDIUM,56,3.0,Other
R E Rogers India Pvt. Ltd.,CRISIL,Bank Guarantee,A 4,30-04-2026,LOW,LOW,MEDIUM,56,12.0,Other
R E Rogers India Pvt. Ltd.,CRISIL,Term Loan,B,30-04-2026,LOW,LOW,MEDIUM,56,0.95,Other
R G Spinning Mills Pvt. Ltd.,CARE,Term Loan,BB-,02-04-2026,LOW,MEDIUM,MEDIUM,84,14.15,Textiles
R K City Developers Pvt. Ltd.,ICRA,Term Loan,D,15-04-2026,LOW,LOW,MEDIUM,71,2.0,Construction
R K G International Pvt. Ltd.,ICRA,Non-Fund-Based,A 4,28-04-2026,LOW,LOW,MEDIUM,58,8.0,Other
R K Natural Fibre Pvt. Ltd.,IND-RA,NCD/Bond,B-/A4,02-04-2026,LOW,MEDIUM,MEDIUM,84,6.8,Textiles
R K R Gold Pvt. Ltd.,IND-RA,NCD/Bond,D,02-04-2026,LOW,MEDIUM,MEDIUM,84,90.0,Jewellery/Gems
R L J Polyfab Ltd.,ICRA,Non-Fund-Based,A 4,28-04-2026,LOW,LOW,MEDIUM,58,1.25,Other
R L J Polyfab Ltd.,ICRA,Term Loan,B+,28-04-2026,LOW,LOW,MEDIUM,58,4.54,Other
R M Drip & Sprinklers Systems Ltd.,BRICKWORK,Bank Guarantee,A 4,10-04-2026,LOW,LOW,MEDIUM,76,0.5,Paper/Packaging
R M Drip & Sprinklers Systems Ltd.,BRICKWORK,Letter of Credit,A 4,10-04-2026,LOW,LOW,MEDIUM,76,1.0,Paper/Packaging
R M Drip & Sprinklers Systems Ltd.,BRICKWORK,Term Loan,B-,10-04-2026,LOW,LOW,MEDIUM,76,5.8,Paper/Packaging
R M P Fab Sourcing Pvt. Ltd.,CRISIL,Term Loan,B,28-04-2026,LOW,LOW,MEDIUM,58,5.0,Other
R P A Unibakes Pvt. Ltd.,ICRA,NCD/Bond,BB+/A4+,29-04-2026,LOW,LOW,MEDIUM,57,13.0,Other
R P A Unibakes Pvt. Ltd.,ICRA,NCD/Bond,BB+/A4+,29-04-2026,LOW,LOW,MEDIUM,57,0.24,Other
R P A Unibakes Pvt. Ltd.,ICRA,Term Loan,BB+,29-04-2026,LOW,LOW,MEDIUM,57,67.76,Other
R R & Company Pvt. Ltd.,CARE,Term Loan,B-,09-04-2026,LOW,LOW,MEDIUM,77,0.85,Other
R S A L Steel Pvt. Ltd.,ICRA,Non-Fund-Based,D,29-04-2026,LOW,LOW,MEDIUM,57,206.55,Steel & Metals
R S A L Steel Pvt. Ltd.,ICRA,Term Loan,D,29-04-2026,LOW,LOW,MEDIUM,57,35.59,Steel & Metals
R S H Agro Products Ltd.,ACUITE,Letter of Credit,D,08-04-2026,LOW,LOW,MEDIUM,78,0.3,Agro/Food
R S H Agro Products Ltd.,ACUITE,Term Loan,D,08-04-2026,LOW,LOW,MEDIUM,78,2.0,Agro/Food
R S R Infra Works (India) Pvt. Ltd.,CARE,Bank Guarantee,A 4,02-04-2026,LOW,MEDIUM,MEDIUM,84,75.0,Construction
R S V Constructions Pvt. Ltd.,CARE,Bank Guarantee,A 4,06-04-2026,LOW,LOW,MEDIUM,80,54.5,Construction
Radha Industries Pvt. Ltd.,CRISIL,Bank Guarantee,A 4,28-04-2026,LOW,LOW,MEDIUM,58,1.0,Other
Radius Sumer Developers Pvt. Ltd.,BRICKWORK,Term Loan,D,01-04-2026,LOW,MEDIUM,MEDIUM,85,600.0,Construction
Radius Water Ltd.,ICRA,NCD/Bond,D,27-04-2026,LOW,LOW,MEDIUM,59,6.06,Other
Radius Water Ltd.,ICRA,Term Loan,D,27-04-2026,LOW,LOW,MEDIUM,59,19.94,Other
Raghuveer Metal Inds. Ltd.,IND-RA,NCD/Bond,C/A4,02-04-2026,LOW,MEDIUM,MEDIUM,84,13.0,Steel & Metals
Raichur Bio-Energies Pvt. Ltd.,IND-RA,Term Loan,D,02-04-2026,LOW,MEDIUM,MEDIUM,84,32.2,Other
Rajaramsevak Multipurpose Cold Storage Pvt. Ltd.,IND-RA,NCD/Bond,D,02-04-2026,LOW,MEDIUM,MEDIUM,84,14.0,Other
Rajasthan Powergen Transformer Pvt. Ltd.,CARE,Bank Guarantee,A 4,14-04-2026,LOW,LOW,MEDIUM,72,3.0,Energy
Rajasthan Powergen Transformer Pvt. Ltd.,CARE,Letter of Credit,A 4,14-04-2026,LOW,LOW,MEDIUM,72,1.0,Energy
Rajasthan Powergen Transformer Pvt. Ltd.,CARE,Term Loan,B-,14-04-2026,LOW,LOW,MEDIUM,72,2.68,Energy
Rajinder Infrastructure Pvt. Ltd.,ACUITE,Bank Guarantee,A 4,13-04-2026,LOW,LOW,MEDIUM,73,30.0,Construction
Rajuri Steels & T M T Bars Pvt. Ltd.,ACUITE,Bank Guarantee,A 4+,10-04-2026,LOW,LOW,MEDIUM,76,45.0,Steel & Metals
Rajuri Steels & T M T Bars Pvt. Ltd.,ACUITE,Term Loan,BB+,10-04-2026,LOW,LOW,MEDIUM,76,0.1,Steel & Metals
Rajuri Steels & T M T Bars Pvt. Ltd.,ACUITE,Term Loan,BB,10-04-2026,LOW,LOW,MEDIUM,76,38.34,Steel & Metals
Rajuri Steels & T M T Bars Pvt. Ltd.,ACUITE,Term Loan,BB+,10-04-2026,LOW,LOW,MEDIUM,76,12.56,Steel & Metals
Ram'S Assorted Cold Storage Ltd.,CRISIL,Term Loan,D,10-04-2026,LOW,LOW,MEDIUM,76,9.0,Other
Ramiya Constructions Pvt. Ltd.,CRISIL,Bank Guarantee,A 3,13-04-2026,LOW,LOW,MEDIUM,73,63.0,Construction
Ramiya Constructions Pvt. Ltd.,CRISIL,Term Loan,BBB-,13-04-2026,LOW,LOW,MEDIUM,73,14.0,Construction
Ramji Acro Ltd.,CRISIL,Term Loan,B,28-04-2026,LOW,LOW,MEDIUM,58,1.0,Other
Ramji Acro Ltd.,CRISIL,Term Loan,B,28-04-2026,LOW,LOW,MEDIUM,58,9.0,Other
Rangotsav Lifestyle Pvt. Ltd.,IND-RA,Term Loan,D,02-04-2026,LOW,MEDIUM,MEDIUM,84,21.5,Other
Rasha Ind. Pvt Ltd,ACUITE,Term Loan,BB+,17-04-2026,LOW,LOW,MEDIUM,69,0.63,Other
Rasha Ind. Pvt Ltd,ACUITE,Term Loan,BB+,17-04-2026,LOW,LOW,MEDIUM,69,38.47,Other
Ratan Aluminum Recycling Pvt. Ltd.,CRISIL,Fund-Based,B,17-04-2026,LOW,LOW,MEDIUM,69,13.0,Steel & Metals
Ratan Aluminum Recycling Pvt. Ltd.,CRISIL,Term Loan,B,17-04-2026,LOW,LOW,MEDIUM,69,2.83,Steel & Metals
Ratan Aluminum Recycling Pvt. Ltd.,CRISIL,Term Loan,B,17-04-2026,LOW,LOW,MEDIUM,69,0.93,Steel & Metals
Rathi Bars Ltd.,CARE,Term Loan,B-,14-04-2026,LOW,LOW,MEDIUM,72,7.51,Other
Ratnadeep Metal & Tubes Ltd.,IND-RA,NCD/Bond,BB-/A4+,28-04-2026,LOW,LOW,MEDIUM,58,63.0,Steel & Metals
Ravina Health Care Pvt. Ltd.,CRISIL,Term Loan,D,28-04-2026,LOW,LOW,MEDIUM,58,6.5,Healthcare
Ravina Health Care Pvt. Ltd.,CRISIL,Term Loan,D,28-04-2026,LOW,LOW,MEDIUM,58,16.0,Healthcare
Ravindra Heraeus Pvt. Ltd.,CARE,Bank Guarantee,A 4,08-04-2026,LOW,LOW,MEDIUM,78,150.0,Other
Rawalwasia Textile Inds. Pvt. Ltd.,CARE,NCD/Bond,B-/A4,08-04-2026,LOW,LOW,MEDIUM,78,13.0,Textiles
Rawmet Resources Pvt. Ltd.,CARE,Letter of Credit,A 4,27-04-2026,LOW,LOW,MEDIUM,59,79.0,Other
Rawmet Resources Pvt. Ltd.,CARE,NCD/Bond,BB-/A4,27-04-2026,LOW,LOW,MEDIUM,59,7.0,Other
Raymix Concrete India Pvt. Ltd.,CARE,Term Loan,D,09-04-2026,LOW,LOW,MEDIUM,77,4.98,Other
Reeshav Automobiles Pvt. Ltd.,CRISIL,Fund-Based,B,28-04-2026,LOW,LOW,MEDIUM,58,3.75,Automobiles
Reeshav Automobiles Pvt. Ltd.,CRISIL,Term Loan,B,28-04-2026,LOW,LOW,MEDIUM,58,11.1,Automobiles
Regent Granito India Ltd.,ICRA,Non-Fund-Based,D,24-04-2026,LOW,LOW,MEDIUM,62,15.03,Other
Regent Granito India Ltd.,ICRA,Term Loan,D,24-04-2026,LOW,LOW,MEDIUM,62,5.33,Other
Regrow Biosciences Pvt. Ltd.,IND-RA,NCD/Bond,B-/A4,02-04-2026,LOW,MEDIUM,MEDIUM,84,5.2,Other
Relemac Technologies Pvt. Ltd.,CARE,Bank Guarantee,A 4,10-04-2026,LOW,LOW,MEDIUM,76,2.5,IT/Technology
Relemac Technologies Pvt. Ltd.,CARE,Letter of Credit,A 4,10-04-2026,LOW,LOW,MEDIUM,76,2.5,IT/Technology
Relemac Technologies Pvt. Ltd.,CARE,NCD/Bond,A 4,10-04-2026,LOW,LOW,MEDIUM,76,8.5,IT/Technology
Relemac Technologies Pvt. Ltd.,CARE,Term Loan,B-,10-04-2026,LOW,LOW,MEDIUM,76,0.06,IT/Technology
Reliable Hitech Infrastructure Pvt. Ltd.,CRISIL,Bank Guarantee,A 4,28-04-2026,LOW,LOW,MEDIUM,58,13.0,Construction
Renaatus Projects Pvt. Ltd.,CRISIL,Bank Guarantee,A 4,23-04-2026,LOW,LOW,MEDIUM,63,217.0,Other
Renaatus Projects Pvt. Ltd.,CRISIL,Letter of Credit,A 4,23-04-2026,LOW,LOW,MEDIUM,63,20.0,Other
Richfield Fertilisers Ltd.,CRISIL,Letter of Credit,A 4,30-04-2026,LOW,LOW,MEDIUM,56,2.75,Agro/Food
Right Tight Fastners Pvt. Ltd.,CRISIL,Letter of Credit,A 4,29-04-2026,LOW,LOW,MEDIUM,57,6.0,Other
Right Tight Fastners Pvt. Ltd.,CRISIL,Term Loan,B,29-04-2026,LOW,LOW,MEDIUM,57,406.52,Other
Right Tight Fastners Pvt. Ltd.,CRISIL,Term Loan,B,29-04-2026,LOW,LOW,MEDIUM,57,22.98,Other
Rikhabchand Sohanlall Ltd.,CRISIL,Letter of Credit,A 4,29-04-2026,LOW,LOW,MEDIUM,57,5.0,Other
Rishabh Metals & Chemicals Pvt. Ltd.,ACUITE,Letter of Credit,A 4+,29-04-2026,LOW,LOW,MEDIUM,57,7.0,Steel & Metals
Rishabh Metals & Chemicals Pvt. Ltd.,ACUITE,Term Loan,BB,29-04-2026,LOW,LOW,MEDIUM,57,9.0,Steel & Metals
Rishi Auto Sales Pvt. Ltd.,BRICKWORK,Fund-Based,C,10-04-2026,LOW,LOW,MEDIUM,76,12.0,Automobiles
Rockdrill Projects Pvt. Ltd.,CARE,Bank Guarantee,A 4,22-04-2026,LOW,LOW,MEDIUM,64,32.0,Other
Rohan Dyes & Intermediates Ltd.,BRICKWORK,Bank Guarantee,A 4,02-04-2026,LOW,MEDIUM,MEDIUM,84,,Chemicals/Pharma
Rohan Dyes & Intermediates Ltd.,BRICKWORK,Letter of Credit,A 4,02-04-2026,LOW,MEDIUM,MEDIUM,84,4.0,Chemicals/Pharma
Rohan Dyes & Intermediates Ltd.,BRICKWORK,Non-Fund-Based,A 4,02-04-2026,LOW,MEDIUM,MEDIUM,84,0.25,Chemicals/Pharma
Rohan Dyes & Intermediates Ltd.,ACUITE,Letter of Credit,A 4,24-04-2026,LOW,LOW,MEDIUM,62,4.0,Chemicals/Pharma
Rohan Dyes & Intermediates Ltd.,ACUITE,Term Loan,A 4,24-04-2026,LOW,LOW,MEDIUM,62,0.25,Chemicals/Pharma
Rohan Dyes & Intermediates Ltd.,ACUITE,Term Loan,C,24-04-2026,LOW,LOW,MEDIUM,62,32.0,Chemicals/Pharma
Rolex Processors Pvt. Ltd.,CARE,Term Loan,B-,15-04-2026,LOW,LOW,MEDIUM,71,25.17,Other
Ronch Polymers Pvt. Ltd.,CARE,Bank Guarantee,A 2,10-04-2026,LOW,LOW,MEDIUM,76,21.5,Chemicals/Pharma
Ronch Polymers Pvt. Ltd.,CARE,Bank Guarantee,A 2,10-04-2026,LOW,LOW,MEDIUM,76,5.15,Chemicals/Pharma
Ronch Polymers Pvt. Ltd.,CARE,Term Loan,BBB+,10-04-2026,LOW,LOW,MEDIUM,76,,Chemicals/Pharma
Rudra Ecovation Ltd.,CARE,Letter of Credit,D,17-04-2026,LOW,LOW,MEDIUM,69,5.0,Other
Rudra Ecovation Ltd.,CARE,Term Loan,D,17-04-2026,LOW,LOW,MEDIUM,69,7.0,Other
S B W Udyog Ltd.,CARE,Bank Guarantee,A 4,09-04-2026,LOW,LOW,MEDIUM,77,5.0,Other
S B W Udyog Ltd.,CARE,Term Loan,BB-,09-04-2026,LOW,LOW,MEDIUM,77,13.1,Other
S C T Ltd.,IND-RA,NCD/Bond,B-/A4,02-04-2026,LOW,MEDIUM,MEDIUM,84,15.0,Other
S D M Projects Pvt. Ltd.,IND-RA,NCD/Bond,B-/A4,02-04-2026,LOW,MEDIUM,MEDIUM,84,7.0,Other
S J B Automobiles Pvt. Ltd.,ACUITE,Bank Guarantee,A 4,14-04-2026,LOW,LOW,MEDIUM,72,6.05,Automobiles
S J B Automobiles Pvt. Ltd.,ACUITE,Term Loan,B-,14-04-2026,LOW,LOW,MEDIUM,72,3.0,Automobiles
S J S Healthcare Ltd.,CRISIL,Term Loan,BB-,14-04-2026,LOW,LOW,MEDIUM,72,20.0,Healthcare
S J S Healthcare Ltd.,CRISIL,Term Loan,BB-,14-04-2026,LOW,LOW,MEDIUM,72,5.0,Healthcare
S K S Power Generation (Chhattisgarh) Ltd.,ICRA,Non-Fund-Based,D,02-04-2026,LOW,MEDIUM,MEDIUM,84,535.0,Energy
S K S Power Generation (Chhattisgarh) Ltd.,ICRA,Term Loan,D,02-04-2026,LOW,MEDIUM,MEDIUM,84,1600.0,Energy
S K Translines Pvt. Ltd.,IND-RA,NCD/Bond,B-/A4,02-04-2026,LOW,MEDIUM,MEDIUM,84,10.33,Other
S M Interior Pvt. Ltd.,CARE,Bank Guarantee,D,28-04-2026,LOW,LOW,MEDIUM,58,30.0,Other
S M Interior Pvt. Ltd.,CARE,Term Loan,D,28-04-2026,LOW,LOW,MEDIUM,58,2.0,Other
S M Interior Pvt. Ltd.,CRISIL,Bank Guarantee,D,29-04-2026,LOW,LOW,MEDIUM,57,2.7,Other
S M Interior Pvt. Ltd.,CRISIL,Fund-Based,D,29-04-2026,LOW,LOW,MEDIUM,57,0.3,Other
S M J Eximp Ltd.,CRISIL,Bank Guarantee,A 4,28-04-2026,LOW,LOW,MEDIUM,58,10.0,Other
S M J Eximp Ltd.,CRISIL,Letter of Credit,A 4,28-04-2026,LOW,LOW,MEDIUM,58,40.0,Other
S N S Infracon Pvt. Ltd.,CRISIL,Bank Guarantee,A 4,09-04-2026,LOW,LOW,MEDIUM,77,32.5,Construction
S O W I L Ltd.,IND-RA,NCD/Bond,B-/A4,02-04-2026,LOW,MEDIUM,MEDIUM,84,8.04,Other
S P G Multi Trade Pvt. Ltd.,ACUITE,Letter of Credit,D,06-04-2026,LOW,LOW,MEDIUM,80,50.0,Trading/Exports
S P G V Petrochem (India) Pvt. Ltd.,CARE,NCD/Bond,D,13-04-2026,LOW,LOW,MEDIUM,73,20.0,Chemicals/Pharma
S P G V Petrochem (India) Pvt. Ltd.,CARE,NCD/Bond,D,13-04-2026,LOW,LOW,MEDIUM,73,4.8,Chemicals/Pharma
S Pal Enterprises Pvt. Ltd.,CARE,Bank Guarantee,A 4,23-04-2026,LOW,LOW,MEDIUM,63,5.5,Other
S Pal Enterprises Pvt. Ltd.,CARE,Letter of Credit,A 4,23-04-2026,LOW,LOW,MEDIUM,63,5.0,Other
S Pal Enterprises Pvt. Ltd.,CARE,Term Loan,B-,23-04-2026,LOW,LOW,MEDIUM,63,2.69,Other
S R Foils & Tissue Ltd.,CRISIL,Letter of Credit,D,30-04-2026,LOW,LOW,MEDIUM,56,120.0,Other
S R Foils & Tissue Ltd.,CRISIL,Term Loan,D,30-04-2026,LOW,LOW,MEDIUM,56,76.0,Other
S R M Power Pvt. Ltd.,IND-RA,Term Loan,D,02-04-2026,LOW,MEDIUM,MEDIUM,84,22.72,Energy
S S Agri Business Pvt. Ltd.,CARE,Term Loan,B-,13-04-2026,LOW,LOW,MEDIUM,73,5.93,Other
S S Chauhans Construction Pvt. Ltd.,BRICKWORK,Bank Guarantee,A 4,07-04-2026,LOW,LOW,MEDIUM,79,7.0,Construction
S S Chauhans Construction Pvt. Ltd.,BRICKWORK,Term Loan,C,07-04-2026,LOW,LOW,MEDIUM,79,1.48,Construction
S S Civil Construction Pvt. Ltd.,CRISIL,Bank Guarantee,A 4,30-04-2026,LOW,LOW,MEDIUM,56,6.0,Construction
S S Fruits Intl. Pvt. Ltd.,BRICKWORK,Letter of Credit,A 4,10-04-2026,LOW,LOW,MEDIUM,76,10.5,Other
S S G Pharma Pvt. Ltd.,ACUITE,Term Loan,B-,10-04-2026,LOW,LOW,MEDIUM,76,7.0,Chemicals/Pharma
S S G Pharma Pvt. Ltd.,CRISIL,Term Loan,B,30-04-2026,LOW,LOW,MEDIUM,56,10.4,Chemicals/Pharma
S S K Infotech Pvt. Ltd.,ACUITE,Term Loan,D,07-04-2026,LOW,LOW,MEDIUM,79,15.0,IT/Technology
S S V Spinners Pvt. Ltd.,IND-RA,NCD/Bond,B-/A4,02-04-2026,LOW,MEDIUM,MEDIUM,84,30.7,Other
S V Agro Foods Pvt. Ltd.,BRICKWORK,Term Loan,C,07-04-2026,LOW,LOW,MEDIUM,79,2.39,Agro/Food
S V E Drilling Tools Pvt. Ltd.,CARE,Term Loan,B-,28-04-2026,LOW,LOW,MEDIUM,58,10.0,Other
S V M Motors Pvt. Ltd.,ACUITE,Term Loan,B-,28-04-2026,LOW,LOW,MEDIUM,58,2.65,Automobiles
S V R Drugs Pvt. Ltd.,ICRA,Non-Fund-Based,B+,24-04-2026,LOW,LOW,MEDIUM,62,2.5,Chemicals/Pharma
S V R Drugs Pvt. Ltd.,ICRA,Term Loan,B+,24-04-2026,LOW,LOW,MEDIUM,62,5.48,Chemicals/Pharma
S V R Laboratories Pvt. Ltd.,ICRA,Non-Fund-Based,A 4,24-04-2026,LOW,LOW,MEDIUM,62,1.9,Healthcare
S V R Laboratories Pvt. Ltd.,ICRA,NCD/Bond,B+/A4,24-04-2026,LOW,LOW,MEDIUM,62,5.1,Healthcare
Saam Textiles Pvt. Ltd.,CRISIL,Letter of Credit,A 4,28-04-2026,LOW,LOW,MEDIUM,58,2.0,Construction
Saam Textiles Pvt. Ltd.,CRISIL,Term Loan,B,28-04-2026,LOW,LOW,MEDIUM,58,0.65,Construction
Sab Media Networks Pvt. Ltd.,ACUITE,Term Loan,D,24-04-2026,LOW,LOW,MEDIUM,62,100.0,IT/Technology
Sadbhav Vidarbha Highway Ltd.,CARE,Term Loan,D,17-04-2026,LOW,LOW,MEDIUM,69,514.0,Other
Safal Flexibond Pvt. Ltd.,CRISIL,Term Loan,D,28-04-2026,LOW,LOW,MEDIUM,58,1.0,Other
Safal Seeds & Biotech Ltd.,CRISIL,Term Loan,B,28-04-2026,LOW,LOW,MEDIUM,58,2.0,Agro/Food
Safe & Secure Logistic Pvt. Ltd.,CARE,Bank Guarantee,A 4,14-04-2026,LOW,LOW,MEDIUM,72,0.5,Logistics
Saffron Lifestyle Traders Pvt. Ltd.,CRISIL,Term Loan,B,29-04-2026,LOW,LOW,MEDIUM,57,3.0,Trading/Exports
Sahara Engineering Pvt. Ltd.,IND-RA,NCD/Bond,B-/A4,02-04-2026,LOW,MEDIUM,MEDIUM,84,12.25,Manufacturing
Sahib Tradelinks Pvt. Ltd.,CRISIL,Bank Guarantee,A 4,28-04-2026,LOW,LOW,MEDIUM,58,10.0,Paper/Packaging
Sahib Tradelinks Pvt. Ltd.,CRISIL,Term Loan,B,28-04-2026,LOW,LOW,MEDIUM,58,0.25,Paper/Packaging
Saiyed Paper Mills Ltd.,ACUITE,Term Loan,D,16-04-2026,LOW,LOW,MEDIUM,70,0.34,Paper/Packaging
Saiyed Paper Mills Ltd.,ACUITE,Term Loan,D,16-04-2026,LOW,LOW,MEDIUM,70,5.91,Paper/Packaging
Saka Embroidery Pvt. Ltd.,CARE,Term Loan,D,21-04-2026,LOW,LOW,MEDIUM,65,5.58,Other
Salasar Agropanel Pvt. Ltd.,IND-RA,Term Loan,B-,02-04-2026,LOW,MEDIUM,MEDIUM,84,12.5,Agro/Food
Salet Seafoods Pvt. Ltd.,CRISIL,Letter of Credit,A 4,30-04-2026,LOW,LOW,MEDIUM,56,2.45,Agro/Food
Samay Project Services Ltd.,CRISIL,Bank Guarantee,A 4,28-04-2026,LOW,LOW,MEDIUM,58,6.25,Other
Samay Project Services Ltd.,CRISIL,Term Loan,B,28-04-2026,LOW,LOW,MEDIUM,58,1.65,Other
Samrakshana Electricals Ltd.,CRISIL,Bank Guarantee,A 4,10-04-2026,LOW,LOW,MEDIUM,76,1.75,Energy
Samrakshana Electricals Ltd.,CRISIL,Letter of Credit,A 4,10-04-2026,LOW,LOW,MEDIUM,76,4.0,Energy
Samrakshana Electricals Ltd.,CRISIL,Term Loan,B-,10-04-2026,LOW,LOW,MEDIUM,76,27.12,Energy
Samrat Irons Pvt. Ltd.,IND-RA,NCD/Bond,B/A4,02-04-2026,LOW,MEDIUM,MEDIUM,84,67.25,Steel & Metals
Samruddhi Industries Ltd.,ACUITE,Letter of Credit,A 4,16-04-2026,LOW,LOW,MEDIUM,70,15.0,Other
Samruddhi Industries Ltd.,ACUITE,Term Loan,B,16-04-2026,LOW,LOW,MEDIUM,70,4.0,Other
Samruddhi Industries Ltd.,ACUITE,Term Loan,A 4,16-04-2026,LOW,LOW,MEDIUM,70,2.0,Other
Samruddhi Industries Ltd.,ACUITE,Term Loan,B,16-04-2026,LOW,LOW,MEDIUM,70,7.18,Other
Sandwoods Infratech Projects Pvt. Ltd.,BRICKWORK,Term Loan,D,08-04-2026,LOW,LOW,MEDIUM,78,35.4,Construction
Sanei Motors Pvt. Ltd.,CRISIL,Fund-Based,B,28-04-2026,LOW,LOW,MEDIUM,58,14.0,Automobiles
Sangam Rice Pvt. Ltd.,CRISIL,Fund-Based,B,28-04-2026,LOW,LOW,MEDIUM,58,11.0,Agro/Food
Sangam Rice Pvt. Ltd.,CRISIL,Term Loan,B,28-04-2026,LOW,LOW,MEDIUM,58,0.55,Agro/Food
Sangam Rice Pvt. Ltd.,CRISIL,Term Loan,B,28-04-2026,LOW,LOW,MEDIUM,58,1.45,Agro/Food
Sangita Sales Pvt. Ltd.,BRICKWORK,Fund-Based,B+,08-04-2026,LOW,LOW,MEDIUM,78,12.8,Other
Sangita Sales Pvt. Ltd.,BRICKWORK,Letter of Credit,A 4,08-04-2026,LOW,LOW,MEDIUM,78,,Other
Sangram Auto Components Pvt. Ltd.,CRISIL,Fund-Based,B,28-04-2026,LOW,LOW,MEDIUM,58,15.0,Manufacturing
Saravana Stores Gold Palace Pvt. Ltd.,ACUITE,Term Loan,D,09-04-2026,LOW,LOW,MEDIUM,77,20.0,Jewellery/Gems
Saravana Stores Gold Palace Pvt. Ltd.,ACUITE,Term Loan,D,09-04-2026,LOW,LOW,MEDIUM,77,50.0,Jewellery/Gems
Sarvodaya Polymers Pvt. Ltd.,ICRA,Term Loan,B+,29-04-2026,LOW,LOW,MEDIUM,57,5.0,Chemicals/Pharma
Saswad Mali Sugar Factory Ltd.,CRISIL,Term Loan,B-,28-04-2026,LOW,LOW,MEDIUM,58,88.53,Agro/Food
Sathy Silks Pvt. Ltd.,CARE,Term Loan,BB+,15-04-2026,LOW,LOW,MEDIUM,71,114.85,Textiles
Satia Synthetics Ltd.,ACUITE,Bank Guarantee,D,13-04-2026,LOW,LOW,MEDIUM,73,1.5,Other
Satia Synthetics Ltd.,ACUITE,Letter of Credit,D,13-04-2026,LOW,LOW,MEDIUM,73,17.0,Other
Satia Synthetics Ltd.,ACUITE,Term Loan,D,13-04-2026,LOW,LOW,MEDIUM,73,22.62,Other
Sattva Engineering Construction Ltd.,BRICKWORK,Bank Guarantee,A 4,01-04-2026,LOW,MEDIUM,MEDIUM,85,27.5,Construction
Satya Power & Ispat Ltd.,BRICKWORK,Bank Guarantee,A 4,06-04-2026,LOW,LOW,MEDIUM,80,,Energy
Satya Power & Ispat Ltd.,BRICKWORK,Letter of Credit,A 4,06-04-2026,LOW,LOW,MEDIUM,80,15.0,Energy
Savair Energy Ltd.,CARE,NCD/Bond,D,09-04-2026,LOW,LOW,MEDIUM,77,47.0,Energy
Seftech India Pvt. Ltd.,CRISIL,Bank Guarantee,A 4,29-04-2026,LOW,LOW,MEDIUM,57,20.0,IT/Technology
Seftech India Pvt. Ltd.,CRISIL,Term Loan,B,29-04-2026,LOW,LOW,MEDIUM,57,5.0,IT/Technology
Senbo Engineering Ltd.,CARE,Bank Guarantee,D,10-04-2026,LOW,LOW,MEDIUM,76,24.68,Manufacturing
Senbo Engineering Ltd.,CARE,Bank Guarantee,D,10-04-2026,LOW,LOW,MEDIUM,76,157.32,Manufacturing
Seshsayi Foods Pvt. Ltd.,IND-RA,NCD/Bond,B/A4,02-04-2026,LOW,MEDIUM,MEDIUM,84,49.02,Agro/Food
Seven Seas Distillery Pvt. Ltd.,CARE,Bank Guarantee,B,17-04-2026,LOW,LOW,MEDIUM,69,0.13,Other
Sevenhills Healthcare Pvt. Ltd.,CRISIL,Term Loan,D,30-04-2026,LOW,LOW,MEDIUM,56,106.81,Healthcare
Sevenhills Healthcare Pvt. Ltd.,CRISIL,Term Loan,D,30-04-2026,LOW,LOW,MEDIUM,56,56.44,Healthcare
Sevenhills Healthcare Pvt. Ltd.,CRISIL,Term Loan,D,30-04-2026,LOW,LOW,MEDIUM,56,510.11,Healthcare
Sew Bellary Highways Ltd.,BRICKWORK,Term Loan,B,01-04-2026,LOW,MEDIUM,MEDIUM,85,27.43,Other
Sew Infrastructure Ltd.,BRICKWORK,Fund-Based,D,01-04-2026,LOW,MEDIUM,MEDIUM,85,600.0,Construction
Sew Infrastructure Ltd.,BRICKWORK,Non-Fund-Based,D,01-04-2026,LOW,MEDIUM,MEDIUM,85,2800.0,Construction
Shah Group Builders Ltd.,IND-RA,Term Loan,D,02-04-2026,LOW,MEDIUM,MEDIUM,84,135.0,Construction
Shakti Apifoods Pvt. Ltd.,ACUITE,Letter of Credit,A 4+,29-04-2026,LOW,LOW,MEDIUM,57,5.0,Agro/Food
Shakti Apifoods Pvt. Ltd.,ACUITE,Term Loan,BB,29-04-2026,LOW,LOW,MEDIUM,57,0.32,Agro/Food
Shakti Apifoods Pvt. Ltd.,ACUITE,Term Loan,BB,29-04-2026,LOW,LOW,MEDIUM,57,4.68,Agro/Food
Shakti Hormann Pvt. Ltd.,ICRA,Non-Fund-Based,A 4,22-04-2026,LOW,LOW,MEDIUM,64,24.0,Other
Shalimar Works (1980) Ltd.,CRISIL,Bank Guarantee,A 4,10-04-2026,LOW,LOW,MEDIUM,76,14.0,Other
Shalimar Works (1980) Ltd.,CRISIL,Term Loan,C,10-04-2026,LOW,LOW,MEDIUM,76,39.75,Other
Shalivahana Wind Energy Ltd.,IND-RA,Term Loan,B-,02-04-2026,LOW,MEDIUM,MEDIUM,84,7.06,Energy
Shamanur Sugars Ltd.,BRICKWORK,Bank Guarantee,A 4,01-04-2026,LOW,MEDIUM,MEDIUM,85,2.73,Agro/Food
Shanmugappriya Textiles Pvt. Ltd.,CRISIL,Term Loan,B,28-04-2026,LOW,LOW,MEDIUM,58,0.1,Construction
Shimnit India Pvt. Ltd.,CRISIL,Bank Guarantee,A 4,10-04-2026,LOW,LOW,MEDIUM,76,8.5,Other
Shimnit India Pvt. Ltd.,CRISIL,Letter of Credit,A 4,10-04-2026,LOW,LOW,MEDIUM,76,1.0,Other
Shinde Developers Pvt. Ltd.,IND-RA,NCD/Bond,B-/A4,02-04-2026,LOW,MEDIUM,MEDIUM,84,53.0,Construction
Shining Engineers & Founders Pvt. Ltd.,CRISIL,Letter of Credit,A 4,27-04-2026,LOW,LOW,MEDIUM,59,1.5,Manufacturing
Shining Engineers & Founders Pvt. Ltd.,CRISIL,Term Loan,B,27-04-2026,LOW,LOW,MEDIUM,59,0.78,Manufacturing
Shining Engineers & Founders Pvt. Ltd.,CRISIL,Term Loan,B,27-04-2026,LOW,LOW,MEDIUM,59,4.72,Manufacturing
Shiv Edibles Ltd.,CARE,Fund-Based,B-,10-04-2026,LOW,LOW,MEDIUM,76,40.0,Other
Shiv Gorakh Timber Pvt. Ltd.,ACUITE,Letter of Credit,A 4,09-04-2026,LOW,LOW,MEDIUM,77,10.0,Other
Shiv Gorakh Timber Pvt. Ltd.,ACUITE,Term Loan,C,09-04-2026,LOW,LOW,MEDIUM,77,1.0,Other
Shiva Industrial Security Agency (Gujarat) Ltd.,CARE,Bank Guarantee,D,27-04-2026,LOW,LOW,MEDIUM,59,2.5,Manufacturing
Shiva Industrial Security Agency (Gujarat) Ltd.,CARE,NCD/Bond,D,27-04-2026,LOW,LOW,MEDIUM,59,14.0,Manufacturing
Shiva Speciality Yarns Ltd.,CARE,Bank Guarantee,D,06-04-2026,LOW,LOW,MEDIUM,80,1.0,Textiles
Shiva Speciality Yarns Ltd.,CARE,Term Loan,D,06-04-2026,LOW,LOW,MEDIUM,80,29.97,Textiles
Shiva-Parvati Poultry Feed Pvt. Ltd.,IND-RA,NCD/Bond,B-/A4,02-04-2026,LOW,MEDIUM,MEDIUM,84,41.07,Agro/Food
Shivani Trendz Pvt. Ltd.,IND-RA,Term Loan,D,02-04-2026,LOW,MEDIUM,MEDIUM,84,20.0,Other
Shivank Udyog Ltd.,CRISIL,Non-Fund-Based,A 4,23-04-2026,LOW,LOW,MEDIUM,63,0.8,Other
Shivmahal Textiles Pvt. Ltd.,CARE,Term Loan,B-,20-04-2026,LOW,LOW,MEDIUM,66,3.77,Construction
Shivmani Exports Pvt. Ltd.,CARE,Bank Guarantee,B,06-04-2026,LOW,LOW,MEDIUM,80,0.4,Logistics
Shoe Technik Intl. Corpn. Ltd.,CARE,Bank Guarantee,B-,21-04-2026,LOW,LOW,MEDIUM,65,0.25,IT/Technology
Shree Bharat Motors Ltd.,CARE,Term Loan,D,29-04-2026,LOW,LOW,MEDIUM,57,10.56,Automobiles
Shree Bharka (India) Ltd.,IND-RA,NCD/Bond,B/A4,02-04-2026,LOW,MEDIUM,MEDIUM,84,24.0,Other
Shree Dulichand Chemicals Pvt. Ltd.,IND-RA,NCD/Bond,B-/A4,02-04-2026,LOW,MEDIUM,MEDIUM,84,7.5,Chemicals/Pharma
Shree Hari Infraprojects Pvt. Ltd.,CARE,Letter of Credit,A 4,16-04-2026,LOW,LOW,MEDIUM,70,17.0,Construction
Shree Hari Infraprojects Pvt. Ltd.,CARE,NCD/Bond,BB/A4,16-04-2026,LOW,LOW,MEDIUM,70,6.5,Construction
Shree Hari Infraprojects Pvt. Ltd.,CARE,NCD/Bond,BB/A4,16-04-2026,LOW,LOW,MEDIUM,70,73.5,Construction
Shree Hari Infraprojects Pvt. Ltd.,CARE,NCD/Bond,BB/A4,16-04-2026,LOW,LOW,MEDIUM,70,323.0,Construction
Shree Hari Spintex Ltd.,CARE,Bank Guarantee,A 4,13-04-2026,LOW,LOW,MEDIUM,73,0.5,Other
Shree Hari Spintex Ltd.,CARE,Term Loan,B-,13-04-2026,LOW,LOW,MEDIUM,73,3.92,Other
Shree Ishan Equipment Pvt. Ltd.,CRISIL,Bank Guarantee,A 4,24-04-2026,LOW,LOW,MEDIUM,62,37.5,Manufacturing
Shree Ishan Equipment Pvt. Ltd.,CRISIL,Fund-Based,B-,24-04-2026,LOW,LOW,MEDIUM,62,6.0,Manufacturing
Shree Maheshwar Hydel Power Corpn. Ltd.,CARE,Term Loan,D,15-04-2026,LOW,LOW,MEDIUM,71,451.0,Energy
Shree Naman Securities & Finance Pvt. Ltd.,BRICKWORK,Bank Guarantee,A 4,03-04-2026,LOW,MEDIUM,MEDIUM,83,10.5,BFSI
Shree Naman Securities & Finance Pvt. Ltd.,BRICKWORK,Fund-Based,C,03-04-2026,LOW,MEDIUM,MEDIUM,83,2.0,BFSI
Shree Ram Proteins Ltd.,ICRA,Bank Guarantee,D,24-04-2026,LOW,LOW,MEDIUM,62,0.1,Other
Shree Ram Proteins Ltd.,ICRA,Term Loan,D,24-04-2026,LOW,LOW,MEDIUM,62,6.15,Other
Shree Ram Shipping Inds. Pvt. Ltd.,BRICKWORK,Letter of Credit,A 4,03-04-2026,LOW,MEDIUM,MEDIUM,83,100.0,Logistics
Shree Ram Shipping Inds. Pvt. Ltd.,BRICKWORK,Non-Fund-Based,A 4,03-04-2026,LOW,MEDIUM,MEDIUM,83,,Logistics
Shree Ram Vessel Scrap Pvt. Ltd.,BRICKWORK,Non-Fund-Based,A 4,03-04-2026,LOW,MEDIUM,MEDIUM,83,4.0,Other
Shree Ram Vessel Scrap Pvt. Ltd.,BRICKWORK,NCD/Bond,BB/A4,03-04-2026,LOW,MEDIUM,MEDIUM,83,370.0,Other
Shree Saishraddha Cements Pvt. Ltd.,CRISIL,Term Loan,B,30-04-2026,LOW,LOW,MEDIUM,56,20.0,Construction
Shree Sant Kripa Appliances Pvt. Ltd.,ACUITE,Letter of Credit,D,07-04-2026,LOW,LOW,MEDIUM,79,20.0,IT/Technology
Shreejee Sarees Pvt. Ltd.,IND-RA,Term Loan,B-,02-04-2026,LOW,MEDIUM,MEDIUM,84,9.0,Other
Shreeji Infrastructure India Pvt. Ltd.,IND-RA,NCD/Bond,B-/A4,02-04-2026,LOW,MEDIUM,MEDIUM,84,199.0,Construction
Shreela Diamonds & Jewels Pvt. Ltd.,CRISIL,Term Loan,A 4,28-04-2026,LOW,LOW,MEDIUM,58,6.0,Jewellery/Gems
Shreyans Oils Pvt. Ltd.,ICRA,NCD/Bond,B+/A4,27-04-2026,LOW,LOW,MEDIUM,59,2.5,Other
Shri Govindaraja Mills Pvt. Ltd.,BRICKWORK,Bank Guarantee,D,02-04-2026,LOW,MEDIUM,MEDIUM,84,153.08,Other
Shri Govindaraja Mills Pvt. Ltd.,BRICKWORK,Term Loan,D,02-04-2026,LOW,MEDIUM,MEDIUM,84,159.33,Other
Shri Jatadhari Rice Mill Pvt. Ltd. [Merged],ACUITE,Bank Guarantee,A 4+,02-04-2026,LOW,MEDIUM,MEDIUM,84,4.1,Agro/Food
Shri Jatadhari Rice Mill Pvt. Ltd. [Merged],ACUITE,Term Loan,A 4+,02-04-2026,LOW,MEDIUM,MEDIUM,84,2.0,Agro/Food
Shri Jatadhari Rice Mill Pvt. Ltd. [Merged],ACUITE,Term Loan,BB-,02-04-2026,LOW,MEDIUM,MEDIUM,84,15.0,Agro/Food
Shri Kannan Departmental Store Ltd.,IND-RA,NCD/Bond,B-/A4,02-04-2026,LOW,MEDIUM,MEDIUM,84,81.17,Other
Shri Mahabir Dyeing & Prtg. Mills Pvt. Ltd.,IND-RA,Term Loan,B-,02-04-2026,LOW,MEDIUM,MEDIUM,84,30.0,Chemicals/Pharma
Shri Mahavir Iron & Steel Pvt. Ltd.,CARE,Term Loan,BB-,27-04-2026,LOW,LOW,MEDIUM,59,28.0,Steel & Metals
Shri Ram Autotech Pvt. Ltd.,CARE,Fund-Based,D,14-04-2026,LOW,LOW,MEDIUM,72,2.0,IT/Technology
Shri Veerganapathi Steels Pvt. Ltd.,ACUITE,Bank Guarantee,A 4,17-04-2026,LOW,LOW,MEDIUM,69,5.0,Steel & Metals
Shri Veerganapathi Steels Pvt. Ltd.,ACUITE,Letter of Credit,A 4,17-04-2026,LOW,LOW,MEDIUM,69,10.0,Steel & Metals
Shriniwasa Proteins Pvt. Ltd.,IND-RA,NCD/Bond,B-/A4,02-04-2026,LOW,MEDIUM,MEDIUM,84,82.0,Other
Shrishti Eletromech Pvt. Ltd.,CRISIL,Term Loan,B,29-04-2026,LOW,LOW,MEDIUM,57,1.41,Other
Shrishti Eletromech Pvt. Ltd.,CRISIL,Term Loan,B,29-04-2026,LOW,LOW,MEDIUM,57,9.19,Other
Shrishti Eletromech Pvt. Ltd.,CRISIL,Term Loan,A 4,29-04-2026,LOW,LOW,MEDIUM,57,1.0,Other
Shruti Fashions Pvt. Ltd.,CARE,Bank Guarantee,A 4,10-04-2026,LOW,LOW,MEDIUM,76,0.34,Textiles
Shruti Fashions Pvt. Ltd.,CARE,Term Loan,B-,10-04-2026,LOW,LOW,MEDIUM,76,2.29,Textiles
Shruti Fashions Pvt. Ltd.,CARE,Term Loan,B-,10-04-2026,LOW,LOW,MEDIUM,76,1.01,Textiles
Shubhang Oils Pvt. Ltd.,IND-RA,Term Loan,B-,02-04-2026,LOW,MEDIUM,MEDIUM,84,8.5,Other
Siddharth Carbochem Products Ltd.,ACUITE,Letter of Credit,A 4+,29-04-2026,LOW,LOW,MEDIUM,57,46.56,Chemicals/Pharma
Siddhartha Innopack Inds. Pvt. Ltd.,IND-RA,NCD/Bond,B-/A4,02-04-2026,LOW,MEDIUM,MEDIUM,84,25.48,Other
Sidhivinayak Chemtech Pvt. Ltd.,ACUITE,Bank Guarantee,A 4,13-04-2026,LOW,LOW,MEDIUM,73,3.0,Chemicals/Pharma
Sidwin Fabric Pvt. Ltd.,ICRA,NCD/Bond,B+/A4,16-04-2026,LOW,LOW,MEDIUM,70,5.03,Textiles
Sikko Industries Ltd.,IND-RA,NCD/Bond,B-/A4,02-04-2026,LOW,MEDIUM,MEDIUM,84,7.0,Other
Sikko Industries Ltd.,IND-RA,NCD/Bond,B-/A4,21-04-2026,LOW,LOW,MEDIUM,65,7.0,Other
Singh Cycle & Motor Co. Pvt. Ltd.,ACUITE,Fund-Based,D,10-04-2026,LOW,LOW,MEDIUM,76,14.95,Automobiles
Singh Cycle & Motor Co. Pvt. Ltd.,ACUITE,Term Loan,D,10-04-2026,LOW,LOW,MEDIUM,76,0.26,Automobiles
Singh Cycle & Motor Co. Pvt. Ltd.,ACUITE,Term Loan,D,10-04-2026,LOW,LOW,MEDIUM,76,11.8,Automobiles
Singlacherra Tea Co. Pvt. Ltd.,CARE,Term Loan,C,27-04-2026,LOW,LOW,MEDIUM,59,11.56,Agro/Food
Singrauli Finlease Pvt. Ltd.,CARE,Bank Guarantee,D,06-04-2026,LOW,LOW,MEDIUM,80,5.0,Other
Siri Constructions Infrastructure Pvt. Ltd.,IND-RA,NCD/Bond,B-/A4,02-04-2026,LOW,MEDIUM,MEDIUM,84,35.0,Construction
Sivana Steel & Power Pvt. Ltd.,CARE,Term Loan,B-,27-04-2026,LOW,LOW,MEDIUM,59,0.69,Steel & Metals
Skywin Spinning Pvt. Ltd.,IND-RA,NCD/Bond,B/A4,02-04-2026,LOW,MEDIUM,MEDIUM,84,49.3,Textiles
Slidewell Meilleur-Tech Pvt. Ltd.,CRISIL,Fund-Based,B,09-04-2026,LOW,LOW,MEDIUM,77,1.0,IT/Technology
Slidewell Meilleur-Tech Pvt. Ltd.,CRISIL,Term Loan,B,09-04-2026,LOW,LOW,MEDIUM,77,12.67,IT/Technology
Slidewell Meilleur-Tech Pvt. Ltd.,CRISIL,Term Loan,B,09-04-2026,LOW,LOW,MEDIUM,77,27.83,IT/Technology
Smaco Engineering Pvt. Ltd.,CRISIL,Bank Guarantee,A 4,28-04-2026,LOW,LOW,MEDIUM,58,7.0,Manufacturing
Smaco Engineering Pvt. Ltd.,CRISIL,Term Loan,B,28-04-2026,LOW,LOW,MEDIUM,58,2.0,Manufacturing
Smart Stainless Tubes Pvt. Ltd.,CARE,Bank Guarantee,A 4,10-04-2026,LOW,LOW,MEDIUM,76,0.25,Steel & Metals
Smart Stainless Tubes Pvt. Ltd.,CARE,Term Loan,B-,10-04-2026,LOW,LOW,MEDIUM,76,2.04,Steel & Metals
Smita Steels Rolling Mills Pvt. Ltd.,IND-RA,NCD/Bond,B-/A4,02-04-2026,LOW,MEDIUM,MEDIUM,84,18.5,Steel & Metals
Soorajmull Baijnath Pvt. Ltd.,CRISIL,Bank Guarantee,A 4,09-04-2026,LOW,LOW,MEDIUM,77,15.0,Other
Soorajmull Baijnath Pvt. Ltd.,CRISIL,Letter of Credit,A 4,09-04-2026,LOW,LOW,MEDIUM,77,5.0,Other
Sowparnika Projects & Infrastructure Pvt. Ltd.,ICRA,Term Loan,B+,20-04-2026,LOW,LOW,MEDIUM,66,41.3,Construction
Span Pumps Pvt. Ltd.,CARE,Bank Guarantee,A 4,14-04-2026,LOW,LOW,MEDIUM,72,,Other
Span Pumps Pvt. Ltd.,CARE,Letter of Credit,A 4,14-04-2026,LOW,LOW,MEDIUM,72,,Other
Spansules Formulations India Pvt. Ltd.,CARE,NCD/Bond,BB-/A4,27-04-2026,LOW,LOW,MEDIUM,59,24.13,Other
Spansules Formulations India Pvt. Ltd.,CARE,Term Loan,BB-,27-04-2026,LOW,LOW,MEDIUM,59,4.72,Other
Spansules Pharmatech Pvt. Ltd.,CARE,NCD/Bond,BB-/A4,27-04-2026,LOW,LOW,MEDIUM,59,34.63,Chemicals/Pharma
Spansules Pharmatech Pvt. Ltd.,CARE,Term Loan,BB-,27-04-2026,LOW,LOW,MEDIUM,59,15.54,Chemicals/Pharma
Sparklet Engineers Pvt. Ltd.,CRISIL,Bank Guarantee,D,30-04-2026,LOW,LOW,MEDIUM,56,6.0,Manufacturing
Sparklet Engineers Pvt. Ltd.,CRISIL,Letter of Credit,D,30-04-2026,LOW,LOW,MEDIUM,56,3.65,Manufacturing
Spartan Engineering Inds. Pvt. Ltd.,ACUITE,Letter of Credit,D,07-04-2026,LOW,LOW,MEDIUM,79,14.0,Manufacturing
Spartan Engineering Inds. Pvt. Ltd.,ACUITE,Term Loan,D,07-04-2026,LOW,LOW,MEDIUM,79,2.79,Manufacturing
Spartan Engineering Inds. Pvt. Ltd.,ACUITE,Term Loan,D,07-04-2026,LOW,LOW,MEDIUM,79,7.21,Manufacturing
Special Ceramics Pvt. Ltd.,ACUITE,Term Loan,B-,15-04-2026,LOW,LOW,MEDIUM,71,1.81,Other
Special Ceramics Pvt. Ltd.,ACUITE,Term Loan,B-,15-04-2026,LOW,LOW,MEDIUM,71,4.39,Other
Spine Arthoscopic & Joint Replacement Centre Pvt. Ltd.,BRICKWORK,Term Loan,C,01-04-2026,LOW,MEDIUM,MEDIUM,85,7.82,Construction
Spinora Tiles Pvt. Ltd.,CARE,Bank Guarantee,A 4,29-04-2026,LOW,LOW,MEDIUM,57,1.75,Construction
Spinora Tiles Pvt. Ltd.,CARE,Term Loan,B-,29-04-2026,LOW,LOW,MEDIUM,57,9.63,Construction
Sree Astalaxmi Spinning Mills Pvt. Ltd.,CARE,Term Loan,B-,08-04-2026,LOW,LOW,MEDIUM,78,1.84,Textiles
Sree Krishna Automotives Hyderabad Pvt. Ltd.,IND-RA,NCD/Bond,B/A4,02-04-2026,LOW,MEDIUM,MEDIUM,84,85.0,Automobiles
Sree Mangayarkarasi Mills Pvt. Ltd.,BRICKWORK,Bank Guarantee,A 4,07-04-2026,LOW,LOW,MEDIUM,79,0.05,Other
Sree Mangayarkarasi Mills Pvt. Ltd.,BRICKWORK,Letter of Credit,A 4,07-04-2026,LOW,LOW,MEDIUM,79,4.0,Other
Sree Mangayarkarasi Mills Pvt. Ltd.,BRICKWORK,Term Loan,C,07-04-2026,LOW,LOW,MEDIUM,79,2.48,Other
Sree Mangayarkarasi Mills Pvt. Ltd.,CARE,Letter of Credit,A 4,13-04-2026,LOW,LOW,MEDIUM,73,4.0,Other
Sree Mangayarkarasi Mills Pvt. Ltd.,CARE,Term Loan,B-,13-04-2026,LOW,LOW,MEDIUM,73,2.27,Other
Sri Anagha Refineries Pvt. Ltd.,CARE,Letter of Credit,A 4,20-04-2026,LOW,LOW,MEDIUM,66,85.6,Other
Sri Anagha Refineries Pvt. Ltd.,CARE,Non-Fund-Based,A 4,20-04-2026,LOW,LOW,MEDIUM,66,0.4,Other
Sri Durga Condev Pvt. Ltd.,CRISIL,Bank Guarantee,A 4,28-04-2026,LOW,LOW,MEDIUM,58,109.5,Other
Sri Durga Condev Pvt. Ltd.,CRISIL,Fund-Based,B,28-04-2026,LOW,LOW,MEDIUM,58,2.5,Other
Sri Jayalakshmi Automotives Pvt. Ltd.,ICRA,Term Loan,B+,29-04-2026,LOW,LOW,MEDIUM,57,108.86,Automobiles
Sri Karpagam Mills India Pvt. Ltd.,CARE,Bank Guarantee,D,13-04-2026,LOW,LOW,MEDIUM,73,0.5,Other
Sri Karpagam Mills India Pvt. Ltd.,CARE,Letter of Credit,D,13-04-2026,LOW,LOW,MEDIUM,73,5.95,Other
Sri Karpagam Mills India Pvt. Ltd.,CARE,Term Loan,D,13-04-2026,LOW,LOW,MEDIUM,73,19.6,Other
Sri Power Generation (India) Pvt. Ltd. [Merged],IND-RA,NCD/Bond,B-/A4,02-04-2026,LOW,MEDIUM,MEDIUM,84,8.25,Energy
Sri Seshasai Spg. Mills Pvt. Ltd.,CRISIL,Fund-Based,B,30-04-2026,LOW,LOW,MEDIUM,56,0.32,Other
Sri Seshasai Spg. Mills Pvt. Ltd.,CRISIL,Term Loan,B,30-04-2026,LOW,LOW,MEDIUM,56,6.68,Other
Sri Vaishnavi Spintex (India) Pvt. Ltd.,IND-RA,NCD/Bond,B-/A4,02-04-2026,LOW,MEDIUM,MEDIUM,84,14.0,Other
Sri Venkata Srinivasa Oils Pvt. Ltd.,CARE,Term Loan,B+,08-04-2026,LOW,LOW,MEDIUM,78,9.5,Other
Sri Venkata Umasankar Spintex Pvt. Ltd.,ICRA,Term Loan,D,27-04-2026,LOW,LOW,MEDIUM,59,33.0,Other
Sri Venkatesh Granites Pvt. Ltd.,CRISIL,Term Loan,B,30-04-2026,LOW,LOW,MEDIUM,56,8.0,Mining/Minerals
Srikar Laboratories Pvt. Ltd.,IND-RA,Term Loan,D,02-04-2026,LOW,MEDIUM,MEDIUM,84,9.06,Healthcare
Star Agro Marine Exports Pvt. Ltd.,CRISIL,Letter of Credit,D,10-04-2026,LOW,LOW,MEDIUM,76,14.0,Agro/Food
Star Agro Marine Exports Pvt. Ltd.,CRISIL,Letter of Credit,D,10-04-2026,LOW,LOW,MEDIUM,76,96.0,Agro/Food
Star Agro Marine Exports Pvt. Ltd.,CRISIL,Term Loan,D,10-04-2026,LOW,LOW,MEDIUM,76,17.45,Agro/Food
Star Engineers (India) Pvt. Ltd.,CARE,Letter of Credit,A 4,10-04-2026,LOW,LOW,MEDIUM,76,3.0,Manufacturing
Star Engineers (India) Pvt. Ltd.,CARE,NCD/Bond,BB/A4,10-04-2026,LOW,LOW,MEDIUM,76,9.0,Manufacturing
Star Engineers (India) Pvt. Ltd.,CARE,Term Loan,BB,10-04-2026,LOW,LOW,MEDIUM,76,6.15,Manufacturing
Starcon Infra Projects India Pvt. Ltd.,CRISIL,Bank Guarantee,A 4,29-04-2026,LOW,LOW,MEDIUM,57,15.0,Construction
Starline Cars Pvt. Ltd.,CRISIL,Fund-Based,B,09-04-2026,LOW,LOW,MEDIUM,77,67.0,Other
Starwing Plastic & Chemicals Pvt. Ltd.,IND-RA,NCD/Bond,B-/A4,02-04-2026,LOW,MEDIUM,MEDIUM,84,15.0,Chemicals/Pharma
Steamline Industries Ltd.,BRICKWORK,Bank Guarantee,D,01-04-2026,LOW,MEDIUM,MEDIUM,85,1.5,Agro/Food
Steamline Industries Ltd.,BRICKWORK,Letter of Credit,D,01-04-2026,LOW,MEDIUM,MEDIUM,85,35.0,Agro/Food
Stellar Innovative Transportation Solutions Pvt. Ltd.,CRISIL,Bank Guarantee,A 4,20-04-2026,LOW,LOW,MEDIUM,66,0.3,Logistics
Stellar Innovative Transportation Solutions Pvt. Ltd.,CRISIL,Term Loan,B,20-04-2026,LOW,LOW,MEDIUM,66,4.5,Logistics
Stellence Pharmscience Pvt. Ltd.,BRICKWORK,Term Loan,D,06-04-2026,LOW,LOW,MEDIUM,80,16.6,Other
Straddle Industries Pvt. Ltd.,IND-RA,NCD/Bond,B-/A4,02-04-2026,LOW,MEDIUM,MEDIUM,84,20.0,Trading/Exports
Strongbuilt Constructions Pvt. Ltd.,ACUITE,Bank Guarantee,A 4+,13-04-2026,LOW,LOW,MEDIUM,73,7.5,Construction
Strongbuilt Constructions Pvt. Ltd.,ACUITE,Letter of Credit,A 4+,13-04-2026,LOW,LOW,MEDIUM,73,5.0,Construction
Strongbuilt Constructions Pvt. Ltd.,ACUITE,Term Loan,A 4+,13-04-2026,LOW,LOW,MEDIUM,73,25.0,Construction
Su-Solartech Systems Pvt. Ltd.,ACUITE,Bank Guarantee,A 4,23-04-2026,LOW,LOW,MEDIUM,63,3.0,Energy
Su-Solartech Systems Pvt. Ltd.,ACUITE,Letter of Credit,A 4,23-04-2026,LOW,LOW,MEDIUM,63,1.5,Energy
Su-Solartech Systems Pvt. Ltd.,ACUITE,Term Loan,B-,23-04-2026,LOW,LOW,MEDIUM,63,1.5,Energy
Su-Solartech Systems Pvt. Ltd.,ACUITE,Term Loan,A 4,23-04-2026,LOW,LOW,MEDIUM,63,4.5,Energy
Su-Solartech Systems Pvt. Ltd.,CRISIL,Bank Guarantee,A 4,30-04-2026,LOW,LOW,MEDIUM,56,7.0,Energy
Su-Solartech Systems Pvt. Ltd.,CRISIL,Bank Guarantee,A 4,30-04-2026,LOW,LOW,MEDIUM,56,4.0,Energy
Su-Solartech Systems Pvt. Ltd.,CRISIL,Fund-Based,B,30-04-2026,LOW,LOW,MEDIUM,56,2.0,Energy
Subhash Distributors Ltd.,BRICKWORK,Bank Guarantee,A 4,02-04-2026,LOW,MEDIUM,MEDIUM,84,5.25,Trading/Exports
Subray Catal Chem Pvt. Ltd.,CRISIL,Letter of Credit,A 4,28-04-2026,LOW,LOW,MEDIUM,58,30.0,Chemicals/Pharma
Subray Catal Chem Pvt. Ltd.,CRISIL,Non-Fund-Based,A 4,28-04-2026,LOW,LOW,MEDIUM,58,0.3,Chemicals/Pharma
Sujata Udit Builders Pvt. Ltd.,CARE,Bank Guarantee,A 4,17-04-2026,LOW,LOW,MEDIUM,69,4.31,Construction
Sukata Tractor Parts Pvt. Ltd.,IND-RA,NCD/Bond,B-/A4,02-04-2026,LOW,MEDIUM,MEDIUM,84,6.44,Other
Sumeet Facilities Ltd.,BRICKWORK,Bank Guarantee,A 4,08-04-2026,LOW,LOW,MEDIUM,78,24.24,Other
Sumeet Facilities Ltd.,BRICKWORK,Term Loan,B+,08-04-2026,LOW,LOW,MEDIUM,78,4.46,Other
Sundaram Mahadeo Autoworld Pvt. Ltd.,CRISIL,Fund-Based,B,28-04-2026,LOW,LOW,MEDIUM,58,4.0,Automobiles
Sundaram Mahadeo Autoworld Pvt. Ltd.,CRISIL,Term Loan,B,28-04-2026,LOW,LOW,MEDIUM,58,1.5,Automobiles
Sundaram Steels Pvt. Ltd.,CARE,Term Loan,B,24-04-2026,LOW,LOW,MEDIUM,62,12.07,Steel & Metals
Sunplast Electronics Pvt. Ltd.,BRICKWORK,NCD/Bond,B+/A4,07-04-2026,LOW,LOW,MEDIUM,79,34.0,Other
Sunplast Electronics Pvt. Ltd.,BRICKWORK,NCD/Bond,B+/A4,07-04-2026,LOW,LOW,MEDIUM,79,15.0,Other
Sunrise Integrated Facility Pvt. Ltd.,BRICKWORK,Bank Guarantee,A 4,07-04-2026,LOW,LOW,MEDIUM,79,0.5,Other
Super Hoze Inds. Pvt. Ltd.,CRISIL,Letter of Credit,A 4,09-04-2026,LOW,LOW,MEDIUM,77,4.0,Other
Super Hoze Inds. Pvt. Ltd.,CRISIL,Term Loan,B,09-04-2026,LOW,LOW,MEDIUM,77,24.0,Other
Super Screws Pvt. Ltd.,CRISIL,Letter of Credit,A 4,09-04-2026,LOW,LOW,MEDIUM,77,8.5,Other
Super Screws Pvt. Ltd.,CRISIL,Term Loan,B,09-04-2026,LOW,LOW,MEDIUM,77,26.5,Other
Supermint Exports Pvt. Ltd.,CARE,NCD/Bond,B/A4,08-04-2026,LOW,LOW,MEDIUM,78,4.11,Logistics
Supermint Exports Pvt. Ltd.,CARE,Term Loan,A 4,08-04-2026,LOW,LOW,MEDIUM,78,24.23,Logistics
Supermint Exports Pvt. Ltd.,CARE,Term Loan,B,08-04-2026,LOW,LOW,MEDIUM,78,12.91,Logistics
Supreme Manor Wada Bhiwandi Infrastructure Pvt. Ltd.,CRISIL,Term Loan,D,06-04-2026,LOW,LOW,MEDIUM,80,377.0,Construction
Surana Telecom & Power Ltd.,CARE,Bank Guarantee,A 4,07-04-2026,LOW,LOW,MEDIUM,79,3.5,Energy
Surana Telecom & Power Ltd.,CARE,Term Loan,BB-,07-04-2026,LOW,LOW,MEDIUM,79,32.21,Energy
Surya Contractors Pvt. Ltd.,BRICKWORK,Bank Guarantee,B,02-04-2026,LOW,MEDIUM,MEDIUM,84,30.0,Other
Surya Global Hospitals Pvt. Ltd.,ACUITE,Term Loan,B-,15-04-2026,LOW,LOW,MEDIUM,71,10.0,Healthcare
Suyash Chemical & Fertilizer Pvt. Ltd.,BRICKWORK,Bank Guarantee,B+,06-04-2026,LOW,LOW,MEDIUM,80,11.16,Agro/Food
Suyash Chemical & Fertilizer Pvt. Ltd.,BRICKWORK,Fund-Based,B+,06-04-2026,LOW,LOW,MEDIUM,80,5.8,Agro/Food
Suyash Chemical & Fertilizer Pvt. Ltd.,BRICKWORK,Term Loan,B+,06-04-2026,LOW,LOW,MEDIUM,80,5.27,Agro/Food
Suyash Chemical & Fertilizer Pvt. Ltd.,CARE,Bank Guarantee,B,16-04-2026,LOW,LOW,MEDIUM,70,2.37,Agro/Food
Suyash Chemical & Fertilizer Pvt. Ltd.,CARE,Term Loan,B,16-04-2026,LOW,LOW,MEDIUM,70,2.61,Agro/Food
Swadesh Green Infra Ltd.,ICRA,Bank Guarantee,D,24-04-2026,LOW,LOW,MEDIUM,62,2.0,Construction
Swadesh Green Infra Ltd.,ICRA,Term Loan,D,24-04-2026,LOW,LOW,MEDIUM,62,7.0,Construction
Swadeshi Textiles Pvt. Ltd.,IND-RA,Term Loan,B-,02-04-2026,LOW,MEDIUM,MEDIUM,84,10.0,Construction
Swapna Printing Works Pvt. Ltd.,IND-RA,NCD/Bond,B-/A4,02-04-2026,LOW,MEDIUM,MEDIUM,84,9.0,Steel & Metals
Swastik Oil Refinery Pvt. Ltd.,CARE,Bank Guarantee,D,30-04-2026,LOW,LOW,MEDIUM,56,,Energy
Swastik Oil Refinery Pvt. Ltd.,CARE,Letter of Credit,D,30-04-2026,LOW,LOW,MEDIUM,56,,Energy
Swastik Oil Refinery Pvt. Ltd.,CARE,Term Loan,D,30-04-2026,LOW,LOW,MEDIUM,56,,Energy
Sweety Infrastructure Pvt. Ltd.,CARE,Bank Guarantee,D,24-04-2026,LOW,LOW,MEDIUM,62,80.0,Construction
Swelore Engineering Pvt. Ltd.,CRISIL,Bank Guarantee,A 4,09-04-2026,LOW,LOW,MEDIUM,77,18.0,Manufacturing
Synergy Agri Products Pvt. Ltd.,IND-RA,Term Loan,D,02-04-2026,LOW,MEDIUM,MEDIUM,84,10.12,Other
T Abdul Wahid Tanneries Pvt. Ltd.,ACUITE,Letter of Credit,A 4,02-04-2026,LOW,MEDIUM,MEDIUM,84,3.0,Other
T B P R Infra Projects Pvt. Ltd.,ACUITE,Bank Guarantee,D,20-04-2026,LOW,LOW,MEDIUM,66,12.0,Construction
T C Motors Pvt. Ltd.,CARE,Fund-Based,B-,08-04-2026,LOW,LOW,MEDIUM,78,18.23,Automobiles
T C Motors Pvt. Ltd.,CARE,Term Loan,B-,08-04-2026,LOW,LOW,MEDIUM,78,3.21,Automobiles
T K Toll Road Pvt. Ltd.,ICRA,Term Loan,D,16-04-2026,LOW,LOW,MEDIUM,70,370.95,Other
T M I Healthcare Pvt. Ltd.,BRICKWORK,Term Loan,C,06-04-2026,LOW,LOW,MEDIUM,80,9.8,Healthcare
Taiko Plastic Technologies Pvt. Ltd.,CRISIL,Term Loan,B,30-04-2026,LOW,LOW,MEDIUM,56,11.5,Chemicals/Pharma
Tara Footwears Pvt. Ltd.,CRISIL,Term Loan,B,30-04-2026,LOW,LOW,MEDIUM,56,10.0,Other
Tara Syntex Pvt. Ltd.,IND-RA,Term Loan,B-,02-04-2026,LOW,MEDIUM,MEDIUM,84,5.0,Other
Tarang Engineering Pvt. Ltd.,CRISIL,Letter of Credit,A 4,30-04-2026,LOW,LOW,MEDIUM,56,0.5,Manufacturing
Tarang Engineering Pvt. Ltd.,CRISIL,Term Loan,B,30-04-2026,LOW,LOW,MEDIUM,56,0.81,Manufacturing
Technoplast Packaging Pvt. Ltd.,IND-RA,Non-Fund-Based,A 3+,20-04-2026,LOW,LOW,MEDIUM,66,19.0,IT/Technology
Technoplast Packaging Pvt. Ltd.,IND-RA,Term Loan,BBB,20-04-2026,LOW,LOW,MEDIUM,66,72.5,IT/Technology
Telawne Power Equipments Pvt. Ltd.,IND-RA,NCD/Bond,B/A4,28-04-2026,LOW,LOW,MEDIUM,58,28.0,Manufacturing
Texaco Synthetics Pvt. Ltd.,IND-RA,NCD/Bond,B-/A4,02-04-2026,LOW,MEDIUM,MEDIUM,84,18.14,Other
Thenpandian Spinning Mills India Pvt. Ltd.,IND-RA,Non-Fund-Based,A 4+,06-04-2026,LOW,LOW,MEDIUM,80,1.0,Textiles
Thenpandian Spinning Mills India Pvt. Ltd.,IND-RA,Term Loan,BB+,06-04-2026,LOW,LOW,MEDIUM,80,47.35,Textiles
Titanium Merchant Pvt. Ltd.,BRICKWORK,Term Loan,D,02-04-2026,LOW,MEDIUM,MEDIUM,84,35.67,Trading/Exports
Tomar Builders & Contractors Pvt. Ltd.,CRISIL,Bank Guarantee,B,23-04-2026,LOW,LOW,MEDIUM,63,40.0,Construction
Tomar Builders & Contractors Pvt. Ltd.,CRISIL,Bank Guarantee,B,23-04-2026,LOW,LOW,MEDIUM,63,20.0,Construction
Top Detergent Inds. Pvt. Ltd.,CRISIL,Letter of Credit,D,28-04-2026,LOW,LOW,MEDIUM,58,3.0,Other
Top Detergent Inds. Pvt. Ltd.,CRISIL,Term Loan,D,28-04-2026,LOW,LOW,MEDIUM,58,20.0,Other
Toshniwal Enterprises Controls Ltd.,IND-RA,Term Loan,D,02-04-2026,LOW,MEDIUM,MEDIUM,84,27.0,Other
Transglobal Securities Ltd.,ICRA,NCD/Bond,B+/A4,27-04-2026,LOW,LOW,MEDIUM,59,21.0,BFSI
Tranter India Pvt. Ltd.,CRISIL,Letter of Credit,A 4+,30-04-2026,LOW,LOW,MEDIUM,56,30.0,Other
Travancore Titanium Products Ltd.,CRISIL,Term Loan,B,10-04-2026,LOW,LOW,MEDIUM,76,82.0,Other
Trie-Viz Infracon Pvt. Ltd.,ACUITE,Bank Guarantee,A 4,24-04-2026,LOW,LOW,MEDIUM,62,23.0,Construction
Trimurti Flour Mill Pvt. Ltd.,IND-RA,Term Loan,D,02-04-2026,LOW,MEDIUM,MEDIUM,84,7.48,Agro/Food
Trishul Exotic Pvt. Ltd.,CRISIL,Bank Guarantee,A 4,10-04-2026,LOW,LOW,MEDIUM,76,0.1,Other
Trishul Exotic Pvt. Ltd.,CRISIL,Term Loan,B,10-04-2026,LOW,LOW,MEDIUM,76,0.75,Other
Trishul Exotic Pvt. Ltd.,CRISIL,Term Loan,B,10-04-2026,LOW,LOW,MEDIUM,76,1.0,Other
Trisquare Switchgears Pvt. Ltd.,CARE,NCD/Bond,BB-/A4,28-04-2026,LOW,LOW,MEDIUM,58,20.0,Other
Trisquare Switchgears Pvt. Ltd.,CARE,Term Loan,BB-,28-04-2026,LOW,LOW,MEDIUM,58,4.5,Other
Triveni Knits Pvt. Ltd.,CRISIL,Term Loan,B,30-04-2026,LOW,LOW,MEDIUM,56,6.0,Other
Triveni Smelters Pvt. Ltd.,CRISIL,Letter of Credit,A 4,30-04-2026,LOW,LOW,MEDIUM,56,0.5,Other
Triveni Smelters Pvt. Ltd.,CRISIL,Term Loan,B,30-04-2026,LOW,LOW,MEDIUM,56,4.5,Other
Trucap Finance Ltd.,CARE,Fund-Based,D,02-04-2026,LOW,MEDIUM,MEDIUM,84,750.0,BFSI
Turbovent Industries Pvt. Ltd.,ICRA,Non-Fund-Based,A 4,24-04-2026,LOW,LOW,MEDIUM,62,6.5,Other
Turbovent Industries Pvt. Ltd.,ICRA,NCD/Bond,B+/A4,24-04-2026,LOW,LOW,MEDIUM,62,6.88,Other
Turbovent Industries Pvt. Ltd.,ICRA,Term Loan,B+,24-04-2026,LOW,LOW,MEDIUM,62,1.21,Other
Ultimate Chem (India) Pvt. Ltd.,CARE,Letter of Credit,A 4,13-04-2026,LOW,LOW,MEDIUM,73,4.0,Chemicals/Pharma
Umashakti Steels Pvt. Ltd.,CARE,Fund-Based,B-,16-04-2026,LOW,LOW,MEDIUM,70,5.55,Steel & Metals
Umashakti Steels Pvt. Ltd.,CARE,Term Loan,B-,16-04-2026,LOW,LOW,MEDIUM,70,4.7,Steel & Metals
Union Roller Flour Mills Pvt. Ltd.,CRISIL,Term Loan,B,30-04-2026,LOW,LOW,MEDIUM,56,0.5,Agro/Food
Union Roller Flour Mills Pvt. Ltd.,CRISIL,Term Loan,B,30-04-2026,LOW,LOW,MEDIUM,56,4.5,Agro/Food
Unique Punch Systems Pvt. Ltd.,CRISIL,Bank Guarantee,A 4,28-04-2026,LOW,LOW,MEDIUM,58,1.0,Other
Unique Punch Systems Pvt. Ltd.,CRISIL,Term Loan,B,28-04-2026,LOW,LOW,MEDIUM,58,13.0,Other
Unique Punch Systems Pvt. Ltd.,CRISIL,Term Loan,B,28-04-2026,LOW,LOW,MEDIUM,58,11.0,Other
United Engineering Inds. Pvt. Ltd.,ACUITE,Bank Guarantee,D,15-04-2026,LOW,LOW,MEDIUM,71,2.8,Manufacturing
United Engineering Inds. Pvt. Ltd.,ACUITE,Term Loan,D,15-04-2026,LOW,LOW,MEDIUM,71,1.75,Manufacturing
United Project Construction Ltd.,CRISIL,Bank Guarantee,A 4,30-04-2026,LOW,LOW,MEDIUM,56,4.0,Construction
Universal Cartons Solutions Pvt. Ltd.,CRISIL,Letter of Credit,A 4,30-04-2026,LOW,LOW,MEDIUM,56,15.0,Paper/Packaging
Universal Construction Machinery & Equipment Ltd.,CRISIL,Bank Guarantee,D,30-04-2026,LOW,LOW,MEDIUM,56,3.0,Construction
Universal Construction Machinery & Equipment Ltd.,CRISIL,Letter of Credit,D,30-04-2026,LOW,LOW,MEDIUM,56,5.0,Construction
Universal Seaport Pvt. Ltd.,CARE,Fund-Based,B,10-04-2026,LOW,LOW,MEDIUM,76,1.1,Logistics
Universal Seaport Pvt. Ltd.,CARE,Term Loan,B,10-04-2026,LOW,LOW,MEDIUM,76,6.4,Logistics
Uniworld Sugars Pvt. Ltd. [Merged],CARE,Term Loan,D,06-04-2026,LOW,LOW,MEDIUM,80,60.0,Agro/Food
Utility Forms Pvt. Ltd.,ICRA,Non-Fund-Based,A 4,16-04-2026,LOW,LOW,MEDIUM,70,2.0,Other
Utility Forms Pvt. Ltd.,ICRA,NCD/Bond,B+/A4,16-04-2026,LOW,LOW,MEDIUM,70,1.24,Other
Utility Forms Pvt. Ltd.,ICRA,Term Loan,B+,16-04-2026,LOW,LOW,MEDIUM,70,2.76,Other
Utkal Healthcare Pvt. Ltd.,CRISIL,Term Loan,B,30-04-2026,LOW,LOW,MEDIUM,56,45.0,Healthcare
Uttamenergy Ltd.,CRISIL,Bank Guarantee,A 4,30-04-2026,LOW,LOW,MEDIUM,56,58.0,Energy
Uttamenergy Ltd.,CRISIL,Fund-Based,B,30-04-2026,LOW,LOW,MEDIUM,56,10.0,Energy
Uttamenergy Ltd.,CRISIL,Letter of Credit,A 4,30-04-2026,LOW,LOW,MEDIUM,56,25.0,Energy
Uttamenergy Ltd.,CRISIL,Letter of Credit,A 4,30-04-2026,LOW,LOW,MEDIUM,56,10.0,Energy
Uttamenergy Ltd.,CRISIL,Non-Fund-Based,A 4,30-04-2026,LOW,LOW,MEDIUM,56,60.0,Energy
V J Automobiles Pvt. Ltd.,CRISIL,Term Loan,B,30-04-2026,LOW,LOW,MEDIUM,56,2.0,Automobiles
V J Automobiles Pvt. Ltd.,CRISIL,Term Loan,B,30-04-2026,LOW,LOW,MEDIUM,56,1.0,Automobiles
V M Matere Infrastructures (India) Pvt. Ltd.,ACUITE,Bank Guarantee,A 4,06-04-2026,LOW,LOW,MEDIUM,80,59.8,Construction
V M Matere Infrastructures (India) Pvt. Ltd.,ACUITE,Term Loan,C,06-04-2026,LOW,LOW,MEDIUM,80,75.29,Construction
V M Matere Infrastructures (India) Pvt. Ltd.,ACUITE,Term Loan,C,06-04-2026,LOW,LOW,MEDIUM,80,13.71,Construction
V R G Industries Pvt. Ltd.,ACUITE,Term Loan,B-,28-04-2026,LOW,LOW,MEDIUM,58,6.0,Other
V T R Marketing Pvt. Ltd.,CARE,Term Loan,C,10-04-2026,LOW,LOW,MEDIUM,76,2.17,Steel & Metals
Vaishno Devi Food Products Pvt. Ltd.,BRICKWORK,Term Loan,D,07-04-2026,LOW,LOW,MEDIUM,79,5.0,Agro/Food
Vajrateja Rice Cluster Pvt. Ltd.,IND-RA,NCD/Bond,B/A4,02-04-2026,LOW,MEDIUM,MEDIUM,84,105.44,Agro/Food
Vallabh Steels Ltd.,ACUITE,Letter of Credit,D,23-04-2026,LOW,LOW,MEDIUM,63,6.0,Steel & Metals
Vallabh Steels Ltd.,ACUITE,Term Loan,D,23-04-2026,LOW,LOW,MEDIUM,63,9.0,Steel & Metals
Vallabh Steels Ltd.,ACUITE,Term Loan,D,23-04-2026,LOW,LOW,MEDIUM,63,7.0,Steel & Metals
Vannsh Life Sciences Pvt. Ltd.,CRISIL,Term Loan,B,09-04-2026,LOW,LOW,MEDIUM,77,19.9,Healthcare
Vantage Spinners Pvt. Ltd.,CARE,Term Loan,D,10-04-2026,LOW,LOW,MEDIUM,76,42.25,Other
Vardhan Agro Processing Ltd.,CRISIL,Bank Guarantee,D,30-04-2026,LOW,LOW,MEDIUM,56,1.32,Agro/Food
Vardhan Agro Processing Ltd.,CRISIL,Fund-Based,D,30-04-2026,LOW,LOW,MEDIUM,56,1.85,Agro/Food
Vardhan Agro Processing Ltd.,CRISIL,Term Loan,D,30-04-2026,LOW,LOW,MEDIUM,56,28.83,Agro/Food
Vardhman Rice Exports Pvt. Ltd.,ACUITE,Term Loan,B-,22-04-2026,LOW,LOW,MEDIUM,64,4.5,Agro/Food
Vardhman Rice Exports Pvt. Ltd.,CRISIL,Fund-Based,B,30-04-2026,LOW,LOW,MEDIUM,56,2.17,Agro/Food
Vardhman Rice Exports Pvt. Ltd.,CRISIL,Term Loan,B,30-04-2026,LOW,LOW,MEDIUM,56,2.83,Agro/Food
Vardhman Textile Components Ltd.,CARE,Term Loan,B+,06-04-2026,LOW,LOW,MEDIUM,80,2.29,Manufacturing
Vasani Polymers Pvt. Ltd.,ACUITE,Term Loan,B-,16-04-2026,LOW,LOW,MEDIUM,70,0.85,Chemicals/Pharma
Vasani Polymers Pvt. Ltd.,ACUITE,Term Loan,B-,16-04-2026,LOW,LOW,MEDIUM,70,2.35,Chemicals/Pharma
Vashu Yarn Mills India Pvt. Ltd.,IND-RA,NCD/Bond,D,02-04-2026,LOW,MEDIUM,MEDIUM,84,14.05,Textiles
Vatika Seven Elements Pvt. Ltd.,CARE,Term Loan,D,23-04-2026,LOW,LOW,MEDIUM,63,225.0,Other
Vazron Industries Pvt. Ltd.,CARE,Term Loan,B+,13-04-2026,LOW,LOW,MEDIUM,73,85.0,Other
Ved Cellulose Ltd.,IND-RA,NCD/Bond,C/A4,02-04-2026,LOW,MEDIUM,MEDIUM,84,24.23,Other
Ved Parkash & Sons Lumbers Pvt. Ltd.,CARE,Letter of Credit,A 4,17-04-2026,LOW,LOW,MEDIUM,69,12.5,Other
Veda Biofuel Ltd.,IND-RA,Term Loan,D,02-04-2026,LOW,MEDIUM,MEDIUM,84,77.3,Energy
Veda Biofuel Ltd.,BRICKWORK,Term Loan,D,08-04-2026,LOW,LOW,MEDIUM,78,77.07,Energy
Veerabhadra Minerals Pvt. Ltd.,CRISIL,Bank Guarantee,A 4,30-04-2026,LOW,LOW,MEDIUM,56,0.08,Mining/Minerals
Veerabhadra Minerals Pvt. Ltd.,CRISIL,Letter of Credit,B,30-04-2026,LOW,LOW,MEDIUM,56,1.5,Mining/Minerals
Veerabhadra Minerals Pvt. Ltd.,CRISIL,Term Loan,B,30-04-2026,LOW,LOW,MEDIUM,56,1.62,Mining/Minerals
Veesons Energy Systems Pvt. Ltd.,CRISIL,Bank Guarantee,D,10-04-2026,LOW,LOW,MEDIUM,76,14.0,Energy
Veesons Energy Systems Pvt. Ltd.,CRISIL,Letter of Credit,D,10-04-2026,LOW,LOW,MEDIUM,76,16.5,Energy
Veesons Energy Systems Pvt. Ltd.,CRISIL,Term Loan,D,10-04-2026,LOW,LOW,MEDIUM,76,3.83,Energy
Veesons Energy Systems Pvt. Ltd.,CRISIL,Term Loan,D,10-04-2026,LOW,LOW,MEDIUM,76,30.23,Energy
Venkateswara Steels & Springs (India) Pvt. Ltd.,ACUITE,Bank Guarantee,A 4,09-04-2026,LOW,LOW,MEDIUM,77,0.15,Steel & Metals
Venkateswara Steels & Springs (India) Pvt. Ltd.,ACUITE,Term Loan,B,09-04-2026,LOW,LOW,MEDIUM,77,3.86,Steel & Metals
Venus Industrial Corpn. Pvt. Ltd.,CRISIL,Fund-Based,B,10-04-2026,LOW,LOW,MEDIUM,76,8.5,Manufacturing
Venus Industrial Corpn. Pvt. Ltd.,CRISIL,Letter of Credit,A 4,10-04-2026,LOW,LOW,MEDIUM,76,0.5,Manufacturing
Venus Industrial Corpn. Pvt. Ltd.,CRISIL,Term Loan,B,10-04-2026,LOW,LOW,MEDIUM,76,24.0,Manufacturing
Versant Online Solutions Pvt. Ltd.,CARE,Term Loan,B-,21-04-2026,LOW,LOW,MEDIUM,65,2.95,Other
Victory Spinning Mills Pvt. Ltd.,ACUITE,Bank Guarantee,A 4,01-04-2026,LOW,MEDIUM,MEDIUM,85,2.23,Textiles
Victory Spinning Mills Pvt. Ltd.,ACUITE,Letter of Credit,A 4,01-04-2026,LOW,MEDIUM,MEDIUM,85,1.0,Textiles
Victory Spinning Mills Pvt. Ltd.,ACUITE,Term Loan,B,01-04-2026,LOW,MEDIUM,MEDIUM,85,4.34,Textiles
Victory Spinning Mills Pvt. Ltd.,ACUITE,Term Loan,B,01-04-2026,LOW,MEDIUM,MEDIUM,85,36.43,Textiles
Vidarbha Industries Power Ltd.,ICRA,Non-Fund-Based,D,10-04-2026,LOW,LOW,MEDIUM,76,110.0,Energy
Vidarbha Industries Power Ltd.,ICRA,Term Loan,D,10-04-2026,LOW,LOW,MEDIUM,76,2654.24,Energy
Vijai Electricals Ltd.,CARE,NCD/Bond,BB-/A4,10-04-2026,LOW,LOW,MEDIUM,76,61.0,Energy
Vijai Electricals Ltd.,CARE,NCD/Bond,BB-/A4,10-04-2026,LOW,LOW,MEDIUM,76,285.78,Energy
Vijai Electricals Ltd.,CARE,Term Loan,BB-,10-04-2026,LOW,LOW,MEDIUM,76,149.28,Energy
Vijay Jindal Builders Pvt. Ltd.,IND-RA,NCD/Bond,B/A4,02-04-2026,LOW,MEDIUM,MEDIUM,84,6.0,Agro/Food
Vijay Sheets & Strips Pvt. Ltd.,IND-RA,NCD/Bond,B-/A4,02-04-2026,LOW,MEDIUM,MEDIUM,84,40.0,Other
Vikram Roller Flour Mills Ltd.,CARE,NCD/Bond,B-/A4,29-04-2026,LOW,LOW,MEDIUM,57,47.5,Agro/Food
Vikrma Impex Pvt. Ltd.,ACUITE,Bank Guarantee,A 4,17-04-2026,LOW,LOW,MEDIUM,69,1.0,Other
Vikrma Impex Pvt. Ltd.,ACUITE,Letter of Credit,A 4,17-04-2026,LOW,LOW,MEDIUM,69,1.0,Other
Vikrma Impex Pvt. Ltd.,ACUITE,Term Loan,B+,17-04-2026,LOW,LOW,MEDIUM,69,3.0,Other
Vimal Coal Pvt. Ltd.,CARE,Letter of Credit,A 4,16-04-2026,LOW,LOW,MEDIUM,70,49.99,Energy
Vimal Coal Pvt. Ltd.,CARE,NCD/Bond,BB-/A4,16-04-2026,LOW,LOW,MEDIUM,70,50.0,Energy
Vimal Coal Pvt. Ltd.,CARE,NCD/Bond,BB-/A4,16-04-2026,LOW,LOW,MEDIUM,70,10.0,Energy
Vimal Coal Pvt. Ltd.,CARE,NCD/Bond,BB-/A4,16-04-2026,LOW,LOW,MEDIUM,70,39.96,Energy
Vimla Fuels & Metals Ltd.,ACUITE,Letter of Credit,D,17-04-2026,LOW,LOW,MEDIUM,69,25.0,Steel & Metals
Vimla Fuels & Metals Ltd.,ACUITE,Letter of Credit,D,17-04-2026,LOW,LOW,MEDIUM,69,46.75,Steel & Metals
Vimla Fuels & Metals Ltd.,ACUITE,Term Loan,D,17-04-2026,LOW,LOW,MEDIUM,69,0.99,Steel & Metals
Vinayak Oil & Fats Pvt. Ltd.,CRISIL,Letter of Credit,A 2,09-04-2026,LOW,LOW,MEDIUM,77,15.0,Energy
Vinishma Technologies Pvt. Ltd.,ACUITE,Bank Guarantee,A 4,06-04-2026,LOW,LOW,MEDIUM,80,12.5,IT/Technology
Vipul Motors Pvt. Ltd.,CARE,NCD/Bond,B/A4,22-04-2026,LOW,LOW,MEDIUM,64,45.0,Automobiles
Viraj Alchohol & Allied Inds. Ltd.,CRISIL,Term Loan,D,30-04-2026,LOW,LOW,MEDIUM,56,5.5,Other
Viraj Alchohol & Allied Inds. Ltd.,CRISIL,Term Loan,D,30-04-2026,LOW,LOW,MEDIUM,56,11.5,Other
Vishnu Carriers Pvt. Ltd.,CRISIL,Bank Guarantee,A 4,30-04-2026,LOW,LOW,MEDIUM,56,3.0,Other
Vishnu Vidyuth India Ltd.,CRISIL,Term Loan,D,30-04-2026,LOW,LOW,MEDIUM,56,26.0,Other
Vishrambhai Gorasia Construction Pvt. Ltd.,IND-RA,NCD/Bond,B-/A4,02-04-2026,LOW,MEDIUM,MEDIUM,84,7.98,Construction
Vishwakarma Automotive Pvt. Ltd.,CARE,Term Loan,B-,27-04-2026,LOW,LOW,MEDIUM,59,18.63,Automobiles
Vista Information Systems Pvt. Ltd.,CARE,NCD/Bond,BBB/A3,06-04-2026,LOW,LOW,MEDIUM,80,17.9,Other
3 G Telecom Infra India Pvt. Ltd.,IND-RA,NCD/Bond,B-/A4,02-04-2026,LOW,MEDIUM,MEDIUM,84,6.04,Construction
A & T Infracon Pvt. Ltd.,IND-RA,Non-Fund-Based,A 3,08-04-2026,LOW,LOW,MEDIUM,78,45.0,Construction
A & T Infracon Pvt. Ltd.,IND-RA,Term Loan,BBB-,08-04-2026,LOW,LOW,MEDIUM,78,0.9,Construction
A & T Infracon Pvt. Ltd.,IND-RA,Term Loan,BBB-,08-04-2026,LOW,LOW,MEDIUM,78,1.1,Construction
A G S Transact Technologies Ltd.,CRISIL,Term Loan,D,17-04-2026,LOW,LOW,MEDIUM,69,153.76,IT/Technology
A G S Transact Technologies Ltd.,CRISIL,Term Loan,D,17-04-2026,LOW,LOW,MEDIUM,69,552.44,IT/Technology
A I Champdany Inds. Ltd.,CARE,Bank Guarantee,D,29-04-2026,LOW,LOW,MEDIUM,57,7.77,Other
A K Lumbers Ltd.,IND-RA,NCD/Bond,B-/A4,02-04-2026,LOW,MEDIUM,MEDIUM,84,13.5,Other
A K R Impex Pvt. Ltd.,ICRA,NCD/Bond,D,29-04-2026,LOW,LOW,MEDIUM,57,5.45,Other
Aaradhya Disposal Inds. Ltd.,CRISIL,Term Loan,B,28-04-2026,LOW,LOW,MEDIUM,58,7.75,Other
Aarti Suitings Pvt. Ltd.,CARE,Bank Guarantee,D,24-04-2026,LOW,LOW,MEDIUM,62,0.05,Steel & Metals
Aarti Suitings Pvt. Ltd.,CARE,Letter of Credit,D,24-04-2026,LOW,LOW,MEDIUM,62,0.5,Steel & Metals
Aarti Suitings Pvt. Ltd.,CARE,Term Loan,D,24-04-2026,LOW,LOW,MEDIUM,62,4.12,Steel & Metals
Abhay Solvents Pvt. Ltd.,ACUITE,Term Loan,B+,29-04-2026,LOW,LOW,MEDIUM,57,15.7,Chemicals/Pharma
Abhay Solvents Pvt. Ltd.,ACUITE,Term Loan,BB-,29-04-2026,LOW,LOW,MEDIUM,57,6.3,Chemicals/Pharma
Abhijit Auto Agency India Pvt. Ltd.,CRISIL,Fund-Based,A 4,09-04-2026,LOW,LOW,MEDIUM,77,10.0,Automobiles
Abhijit Auto Agency India Pvt. Ltd.,CRISIL,Fund-Based,B,09-04-2026,LOW,LOW,MEDIUM,77,6.0,Automobiles
Abhishek Propbuild Pvt. Ltd.,CARE,Term Loan,D,02-04-2026,LOW,MEDIUM,MEDIUM,84,129.3,Construction
Abhishek Propbuild Pvt. Ltd.,CARE,Term Loan,D,23-04-2026,LOW,LOW,MEDIUM,63,129.3,Construction
Ace Commercial Co. Pvt. Ltd.,IND-RA,NCD/Bond,B/A4,02-04-2026,LOW,MEDIUM,MEDIUM,84,40.46,Other
Adarsha Specialty Chemicals Pvt. Ltd.,ACUITE,Letter of Credit,A 4,20-04-2026,LOW,LOW,MEDIUM,66,3.5,Chemicals/Pharma
Adarsha Specialty Chemicals Pvt. Ltd.,ACUITE,Term Loan,B-,20-04-2026,LOW,LOW,MEDIUM,66,1.0,Chemicals/Pharma
Adhik Resort India Pvt. Ltd.,CRISIL,Bank Guarantee,A 4,20-04-2026,LOW,LOW,MEDIUM,66,0.75,Hotels/Tourism
Adhik Resort India Pvt. Ltd.,CRISIL,Term Loan,B,20-04-2026,LOW,LOW,MEDIUM,66,4.05,Hotels/Tourism
Adie Broswon Breweries Pvt. Ltd.,ICRA,Non-Fund-Based,A 4,10-04-2026,LOW,LOW,MEDIUM,76,7.0,Other
Adie Broswon Breweries Pvt. Ltd.,ICRA,Term Loan,B+,10-04-2026,LOW,LOW,MEDIUM,76,72.14,Other
Adig Jemtex Pvt. Ltd.,CARE,Term Loan,D,24-04-2026,LOW,LOW,MEDIUM,62,15.43,Other
Adil Textiles Pvt. Ltd.,CRISIL,Term Loan,A 4,21-04-2026,LOW,LOW,MEDIUM,65,4.3,Construction
Aditya Auto Engineering Pvt. Ltd.,CARE,Bank Guarantee,D,16-04-2026,LOW,LOW,MEDIUM,70,0.75,Manufacturing
Aditya Auto Engineering Pvt. Ltd.,CARE,Letter of Credit,D,16-04-2026,LOW,LOW,MEDIUM,70,1.0,Manufacturing
Aditya Exim Ltd.,BRICKWORK,Bank Guarantee,D,08-04-2026,LOW,LOW,MEDIUM,78,1.0,Other
Aditya Exim Ltd.,BRICKWORK,Letter of Credit,D,08-04-2026,LOW,LOW,MEDIUM,78,,Other
Aditya Exim Ltd.,BRICKWORK,Non-Fund-Based,D,08-04-2026,LOW,LOW,MEDIUM,78,0.72,Other
Aditya Exim Ltd.,BRICKWORK,Term Loan,D,08-04-2026,LOW,LOW,MEDIUM,78,5.81,Other
Aditya Vidyut Appliances Ltd.,ICRA,Non-Fund-Based,D,28-04-2026,LOW,LOW,MEDIUM,58,123.0,IT/Technology
Aditya Vidyut Appliances Ltd.,ICRA,Term Loan,D,28-04-2026,LOW,LOW,MEDIUM,58,44.0,IT/Technology
Affluence Commodities Pvt. Ltd.,ACUITE,Bank Guarantee,A 4,15-04-2026,LOW,LOW,MEDIUM,71,9.43,Other
Agarwal Polysacks Ltd.,BRICKWORK,Letter of Credit,A 4,03-04-2026,LOW,MEDIUM,MEDIUM,83,1.6,Paper/Packaging
Agarwal Toughened Glass India Ltd.,CRISIL,Fund-Based,B,28-04-2026,LOW,LOW,MEDIUM,58,2.0,Other
Agarwal Toughened Glass India Ltd.,CRISIL,Letter of Credit,B,28-04-2026,LOW,LOW,MEDIUM,58,0.45,Other
Agarwal Toughened Glass India Ltd.,CRISIL,Term Loan,B,28-04-2026,LOW,LOW,MEDIUM,58,3.25,Other
Agmotex Fabrics Pvt. Ltd.,CRISIL,Term Loan,B,21-04-2026,LOW,LOW,MEDIUM,65,7.0,Textiles
Agri-Best India Ltd.,CARE,Fund-Based,D,29-04-2026,LOW,LOW,MEDIUM,57,7.0,Other
Agri-Best India Ltd.,CARE,NCD/Bond,D,29-04-2026,LOW,LOW,MEDIUM,57,10.0,Other
Agsons Agencies (India) Pvt. Ltd.,CRISIL,Letter of Credit,D,21-04-2026,LOW,LOW,MEDIUM,65,85.0,Other
Agventure Enterprises Pvt. Ltd.,CRISIL,Fund-Based,B,21-04-2026,LOW,LOW,MEDIUM,65,6.2,Other
Agventure Enterprises Pvt. Ltd.,CRISIL,Term Loan,B,21-04-2026,LOW,LOW,MEDIUM,65,3.8,Other
Ahinsa Infrastructure & Developers Ltd.,ACUITE,Term Loan,B-,13-04-2026,LOW,LOW,MEDIUM,73,63.0,Construction
Ainwesha Engineering & Projects Ltd.,IND-RA,NCD/Bond,D,02-04-2026,LOW,MEDIUM,MEDIUM,84,326.04,Manufacturing
Ajanta Spintex Pvt. Ltd.,ACUITE,Term Loan,D,15-04-2026,LOW,LOW,MEDIUM,71,16.26,Other
Ajay Protech Pvt. Ltd.,CRISIL,Bank Guarantee,D,13-04-2026,LOW,LOW,MEDIUM,73,21.0,IT/Technology
Al-Nasir Exports Pvt. Ltd.,CARE,Term Loan,D,21-04-2026,LOW,LOW,MEDIUM,65,5.0,Logistics
Alamelu Balaji Spg. Mills Pvt. Ltd.,BRICKWORK,Letter of Credit,A 4,01-04-2026,LOW,MEDIUM,MEDIUM,85,0.2,Other
Alamelu Balaji Spg. Mills Pvt. Ltd.,BRICKWORK,Non-Fund-Based,A 4,01-04-2026,LOW,MEDIUM,MEDIUM,85,0.2,Other
Alamelu Balaji Spg. Mills Pvt. Ltd.,BRICKWORK,Term Loan,C-,01-04-2026,LOW,MEDIUM,MEDIUM,85,4.4,Other
Alchemist Hospitals Ltd.,CARE,Term Loan,B,08-04-2026,LOW,LOW,MEDIUM,78,31.6,Chemicals/Pharma
Alcob India Pvt. Ltd.,ACUITE,Bank Guarantee,D,15-04-2026,LOW,LOW,MEDIUM,71,10.0,Other
Alcob India Pvt. Ltd.,ACUITE,Letter of Credit,D,15-04-2026,LOW,LOW,MEDIUM,71,4.4,Other
Alcob India Pvt. Ltd.,ACUITE,Term Loan,D,15-04-2026,LOW,LOW,MEDIUM,71,3.0,Other
Alfa Flexitubes Pvt. Ltd.,CARE,NCD/Bond,B-/A4,08-04-2026,LOW,LOW,MEDIUM,78,8.5,Steel & Metals
Alfa Flexitubes Pvt. Ltd.,CARE,NCD/Bond,B-/A4,08-04-2026,LOW,LOW,MEDIUM,78,6.0,Steel & Metals
Alfa Flexitubes Pvt. Ltd.,CARE,Term Loan,B-,08-04-2026,LOW,LOW,MEDIUM,78,1.0,Steel & Metals
Alom Extrusions Ltd.,ACUITE,Bank Guarantee,A 4,09-04-2026,LOW,LOW,MEDIUM,77,1.75,Other
Alom Extrusions Ltd.,ACUITE,Letter of Credit,A 4,09-04-2026,LOW,LOW,MEDIUM,77,21.0,Other
Alom Poly Extrusions Ltd.,ACUITE,Term Loan,B-,24-04-2026,LOW,LOW,MEDIUM,62,0.5,Other
Alom Poly Extrusions Ltd.,ACUITE,Term Loan,B-,24-04-2026,LOW,LOW,MEDIUM,62,2.69,Other
Alpha Milkfoods Pvt. Ltd.,ICRA,Term Loan,B+,27-04-2026,LOW,LOW,MEDIUM,59,24.0,Agro/Food
Amar Jewellers Pvt. Ltd.,CRISIL,Term Loan,B,21-04-2026,LOW,LOW,MEDIUM,65,25.0,Jewellery/Gems
Amar Prakaash Developerss Pvt. Ltd.,IND-RA,Term Loan,D,02-04-2026,LOW,MEDIUM,MEDIUM,84,288.67,Construction
Ambica Jute Mills Ltd.,IND-RA,Non-Fund-Based,A 3+,14-04-2026,LOW,LOW,MEDIUM,72,20.0,Textiles
Ambica Jute Mills Ltd.,IND-RA,Term Loan,BBB,14-04-2026,LOW,LOW,MEDIUM,72,259.61,Textiles
Amnet Systems Pvt. Ltd.,CRISIL,Term Loan,B,21-04-2026,LOW,LOW,MEDIUM,65,2.5,Other
Anand Carbo Pvt. Ltd.,CARE,Bank Guarantee,A 4,15-04-2026,LOW,LOW,MEDIUM,71,52.0,Other
Anand Mine Tools Pvt. Ltd.,IND-RA,NCD/Bond,D,02-04-2026,LOW,MEDIUM,MEDIUM,84,17.35,Other
Anand Motor Agencies Ltd.,CARE,Fund-Based,B+,10-04-2026,LOW,LOW,MEDIUM,76,25.0,Automobiles
Anand Motor Agencies Ltd.,CARE,Letter of Credit,A 4,10-04-2026,LOW,LOW,MEDIUM,76,3.0,Automobiles
Anand Motor Agencies Ltd.,CARE,Term Loan,B+,10-04-2026,LOW,LOW,MEDIUM,76,1.59,Automobiles
Andhra Ferro Alloys Ltd.,ICRA,Non-Fund-Based,D,10-04-2026,LOW,LOW,MEDIUM,76,25.0,Steel & Metals
Andhra Ferro Alloys Ltd.,ICRA,NCD/Bond,D,10-04-2026,LOW,LOW,MEDIUM,76,33.5,Steel & Metals
Andhra Ferro Alloys Ltd.,ICRA,Term Loan,D,10-04-2026,LOW,LOW,MEDIUM,76,15.0,Steel & Metals
Andhra Polymers Pvt. Ltd.,ICRA,Non-Fund-Based,A 4,29-04-2026,LOW,LOW,MEDIUM,57,11.5,Chemicals/Pharma
Andhra Polymers Pvt. Ltd.,ICRA,NCD/Bond,B+,29-04-2026,LOW,LOW,MEDIUM,57,0.51,Chemicals/Pharma
Andhra Polymers Pvt. Ltd.,ICRA,Term Loan,B+,29-04-2026,LOW,LOW,MEDIUM,57,0.69,Chemicals/Pharma
Anjalee Granites Pvt. Ltd.,ICRA,Fund-Based,BB,16-04-2026,LOW,LOW,MEDIUM,70,5.6,Mining/Minerals
Anjalee Granites Pvt. Ltd.,ICRA,NCD/Bond,BB/A4,16-04-2026,LOW,LOW,MEDIUM,70,15.0,Mining/Minerals
Anjalee Granites Pvt. Ltd.,ICRA,NCD/Bond,BB/A4,16-04-2026,LOW,LOW,MEDIUM,70,22.0,Mining/Minerals
Anjalee Granites Pvt. Ltd.,ICRA,Term Loan,BB,16-04-2026,LOW,LOW,MEDIUM,70,3.4,Mining/Minerals
Ankit Pulps & Boards Pvt. Ltd.,ICRA,Term Loan,B+,24-04-2026,LOW,LOW,MEDIUM,62,,Other
Ankit Pulps & Boards Pvt. Ltd.,ICRA,Term Loan,B+,24-04-2026,LOW,LOW,MEDIUM,62,1.75,Other
Ankur Iron (India) Pvt. Ltd.,CRISIL,Letter of Credit,D,21-04-2026,LOW,LOW,MEDIUM,65,5.0,Steel & Metals
Ankur Iron (India) Pvt. Ltd.,CRISIL,Term Loan,D,21-04-2026,LOW,LOW,MEDIUM,65,2.12,Steel & Metals
Ankur Iron (India) Pvt. Ltd.,CRISIL,Term Loan,D,21-04-2026,LOW,LOW,MEDIUM,65,0.38,Steel & Metals
Anmol Feeds Pvt. Ltd.,CRISIL,Letter of Credit,A 4,21-04-2026,LOW,LOW,MEDIUM,65,3.0,Other
Anmol Industries Ltd.,CRISIL,Term Loan,B,15-04-2026,LOW,LOW,MEDIUM,71,16.0,Other
Anmol Industries Ltd.,CRISIL,Term Loan,A 4,15-04-2026,LOW,LOW,MEDIUM,71,5.0,Other
Antonova Tiles (India) Pvt. Ltd.,CARE,Bank Guarantee,A 4,10-04-2026,LOW,LOW,MEDIUM,76,2.05,Construction
Antonova Tiles (India) Pvt. Ltd.,CARE,Term Loan,B,10-04-2026,LOW,LOW,MEDIUM,76,7.65,Construction
Antony Road Transport Solutions Pvt. Ltd.,CARE,Term Loan,B-,15-04-2026,LOW,LOW,MEDIUM,71,41.43,Logistics
Anubhav Plast Ltd.,CRISIL,Bank Guarantee,A 4,23-04-2026,LOW,LOW,MEDIUM,63,1.5,Other
Anukul Agrotech Pvt. Ltd.,CRISIL,Letter of Credit,B,21-04-2026,LOW,LOW,MEDIUM,65,2.0,Agro/Food
Anup Malleables Ltd.,CARE,Bank Guarantee,A 4,16-04-2026,LOW,LOW,MEDIUM,70,3.2,Other
Anup Malleables Ltd.,CARE,Term Loan,B-,16-04-2026,LOW,LOW,MEDIUM,70,4.27,Other
Anvitha Life Care Pvt. Ltd.,CRISIL,Term Loan,B,09-04-2026,LOW,LOW,MEDIUM,77,4.0,Other
Aparna Constructions & Estates Pvt. Ltd.,CRISIL,Term Loan,BB+,16-04-2026,LOW,LOW,MEDIUM,70,120.0,Construction
Aparna Constructions & Estates Pvt. Ltd.,CRISIL,Term Loan,BB+,16-04-2026,LOW,LOW,MEDIUM,70,30.0,Construction
Apex Structure Pvt. Ltd.,CRISIL,Bank Guarantee,A 4,14-04-2026,LOW,LOW,MEDIUM,72,167.9,Other
Apex Welcare Pvt. Ltd.,CRISIL,Term Loan,B,21-04-2026,LOW,LOW,MEDIUM,65,5.4,Other
Apex Welcare Pvt. Ltd.,CRISIL,Term Loan,B,21-04-2026,LOW,LOW,MEDIUM,65,11.3,Other
Apollo Polyvinyl Pvt. Ltd.,CARE,Letter of Credit,D,13-04-2026,LOW,LOW,MEDIUM,73,13.0,Other
Apollo Polyvinyl Pvt. Ltd.,CARE,Term Loan,D,13-04-2026,LOW,LOW,MEDIUM,73,43.88,Other
Apurvakriti Infrastructure Pvt. Ltd.,ACUITE,Bank Guarantee,A 4,09-04-2026,LOW,LOW,MEDIUM,77,15.0,Construction
Apurvakriti Infrastructure Pvt. Ltd.,ACUITE,Bank Guarantee,A 4,09-04-2026,LOW,LOW,MEDIUM,77,5.0,Construction
Apurvakriti Infrastructure Pvt. Ltd.,CARE,Bank Guarantee,A 4,09-04-2026,LOW,LOW,MEDIUM,77,15.0,Construction
Apurvakriti Infrastructure Pvt. Ltd.,CARE,Bank Guarantee,A 4,09-04-2026,LOW,LOW,MEDIUM,77,5.0,Construction
Archana Hospitals Pvt. Ltd.,CRISIL,Term Loan,B,21-04-2026,LOW,LOW,MEDIUM,65,8.69,Healthcare
Archana Hospitals Pvt. Ltd.,CRISIL,Term Loan,B,21-04-2026,LOW,LOW,MEDIUM,65,1.31,Healthcare
Archana Motors Pvt. Ltd.,ACUITE,Fund-Based,D,08-04-2026,LOW,LOW,MEDIUM,78,3.45,Automobiles
Archon Powerinfra India Pvt. Ltd.,CRISIL,Bank Guarantee,A 4+,09-04-2026,LOW,LOW,MEDIUM,77,2.0,Construction
Arena Lifestyles Pvt. Ltd.,IND-RA,NCD/Bond,B-/A4,02-04-2026,LOW,MEDIUM,MEDIUM,84,29.0,Other
Aries Corporate Services Pvt. Ltd.,CARE,NCD/Bond,B-/A4,09-04-2026,LOW,LOW,MEDIUM,77,13.0,Other
Armstrong Spinning Mills Pvt. Ltd.,CRISIL,Bank Guarantee,A 4,21-04-2026,LOW,LOW,MEDIUM,65,0.2,Textiles
Armstrong Spinning Mills Pvt. Ltd.,CRISIL,Letter of Credit,A 4,21-04-2026,LOW,LOW,MEDIUM,65,2.0,Textiles
Armstrong Spinning Mills Pvt. Ltd.,CRISIL,Term Loan,B,21-04-2026,LOW,LOW,MEDIUM,65,4.5,Textiles
Armstrong Spinning Mills Pvt. Ltd.,CRISIL,Term Loan,B,21-04-2026,LOW,LOW,MEDIUM,65,9.74,Textiles
Aromatics India Pvt. Ltd.,CRISIL,Letter of Credit,A 4,21-04-2026,LOW,LOW,MEDIUM,65,8.5,Other
Aromatics India Pvt. Ltd.,CRISIL,Term Loan,B,21-04-2026,LOW,LOW,MEDIUM,65,0.1,Other
Arora Udyog Ltd.,BRICKWORK,Term Loan,B-,06-04-2026,LOW,LOW,MEDIUM,80,49.83,Other
Arrow Constructions Ltd.,IND-RA,NCD/Bond,D,02-04-2026,LOW,MEDIUM,MEDIUM,84,10.0,Construction
Arth Micro Finance Pvt. Ltd.,ACUITE,Term Loan,D,01-04-2026,LOW,MEDIUM,MEDIUM,85,4.86,BFSI
Arth Micro Finance Pvt. Ltd.,ACUITE,Term Loan,D,01-04-2026,LOW,MEDIUM,MEDIUM,85,44.75,BFSI
Arth Micro Finance Pvt. Ltd.,ACUITE,Term Loan,C,01-04-2026,LOW,MEDIUM,MEDIUM,85,0.3,BFSI
Arth Micro Finance Pvt. Ltd.,ACUITE,Term Loan,C,01-04-2026,LOW,MEDIUM,MEDIUM,85,55.45,BFSI
Arthanari Loom Centre (Textile) Pvt. Ltd.,BRICKWORK,Letter of Credit,A 4,07-04-2026,LOW,LOW,MEDIUM,79,,Textiles
Arthanari Loom Centre (Textile) Pvt. Ltd.,BRICKWORK,Fund-Based,BB,07-04-2026,LOW,LOW,MEDIUM,79,21.42,Textiles
Arthanari Loom Centre (Textile) Pvt. Ltd.,BRICKWORK,Term Loan,BB,07-04-2026,LOW,LOW,MEDIUM,79,115.21,Textiles
Arun Spinning Mills Pvt. Ltd.,ACUITE,Term Loan,B-,17-04-2026,LOW,LOW,MEDIUM,69,1.2,Textiles
Arunachala Spinning Mills India Pvt. Ltd.,CARE,Term Loan,B,21-04-2026,LOW,LOW,MEDIUM,65,15.07,Textiles
Arunodaya Print Pack Pvt. Ltd.,IND-RA,NCD/Bond,B-/A4,02-04-2026,LOW,MEDIUM,MEDIUM,84,7.12,Paper/Packaging
Arya Steels Rolling (India) Pvt. Ltd.,CARE,Bank Guarantee,BB-,10-04-2026,LOW,LOW,MEDIUM,76,3.0,Steel & Metals
Arya Steels Rolling (India) Pvt. Ltd.,CRISIL,Letter of Credit,A 4,21-04-2026,LOW,LOW,MEDIUM,65,5.0,Steel & Metals
Aryan Castings Pvt. Ltd.,ACUITE,Letter of Credit,D,24-04-2026,LOW,LOW,MEDIUM,62,5.0,Steel & Metals
Ashcons Infrastructure Pvt. Ltd.,CRISIL,Bank Guarantee,A 4,23-04-2026,LOW,LOW,MEDIUM,63,5.0,Construction
Ashcons Infrastructure Pvt. Ltd.,CRISIL,Term Loan,B,23-04-2026,LOW,LOW,MEDIUM,63,4.5,Construction
Ashish Infracon Pvt. Ltd.,BRICKWORK,Bank Guarantee,A 4,02-04-2026,LOW,MEDIUM,MEDIUM,84,60.0,Construction
Ashish Infracon Pvt. Ltd.,BRICKWORK,Fund-Based,B+,02-04-2026,LOW,MEDIUM,MEDIUM,84,1.83,Construction
Ashish Infracon Pvt. Ltd.,BRICKWORK,Letter of Credit,A 4,02-04-2026,LOW,MEDIUM,MEDIUM,84,,Construction
Welcome Distilleries Pvt. Ltd.,ICRA,Non-Fund-Based,A 4,27-04-2026,LOW,LOW,MEDIUM,59,2.0,Other
Welcome Distilleries Pvt. Ltd.,ICRA,NCD/Bond,B+/A4,27-04-2026,LOW,LOW,MEDIUM,59,13.2,Other
Whitelotus Industries Ltd.,ACUITE,Term Loan,B-,15-04-2026,LOW,LOW,MEDIUM,71,12.67,Other
Wood Kraft (India) Pvt. Ltd.,CRISIL,Fund-Based,B,30-04-2026,LOW,LOW,MEDIUM,56,5.0,Other
Wood Kraft (India) Pvt. Ltd.,CRISIL,Term Loan,B,30-04-2026,LOW,LOW,MEDIUM,56,22.5,Other
Woodhill Infrastructure Ltd.,BRICKWORK,Bank Guarantee,D,02-04-2026,LOW,MEDIUM,MEDIUM,84,87.0,Construction
Wyan Industries Pvt. Ltd.,BRICKWORK,Term Loan,C,03-04-2026,LOW,MEDIUM,MEDIUM,83,5.83,Other
X L Laboratories Pvt. Ltd.,CRISIL,Bank Guarantee,A 4,30-04-2026,LOW,LOW,MEDIUM,56,1.5,Healthcare
X L Laboratories Pvt. Ltd.,CRISIL,Term Loan,B,30-04-2026,LOW,LOW,MEDIUM,56,1.84,Healthcare
X L Laboratories Pvt. Ltd.,CRISIL,Term Loan,B,30-04-2026,LOW,LOW,MEDIUM,56,2.0,Healthcare
X L Laboratories Pvt. Ltd.,CRISIL,Term Loan,B,30-04-2026,LOW,LOW,MEDIUM,56,4.04,Healthcare
Yadu Sugar Ltd.,IND-RA,Term Loan,D,02-04-2026,LOW,MEDIUM,MEDIUM,84,102.0,Agro/Food
Yamuna Cable Accessories Pvt. Ltd.,IND-RA,NCD/Bond,B/A4,02-04-2026,LOW,MEDIUM,MEDIUM,84,16.82,Other
Yash Vegetable Oils Pvt. Ltd.,BRICKWORK,Letter of Credit,A 4,01-04-2026,LOW,MEDIUM,MEDIUM,85,13.0,Other
Yashwant Dugdh Prakriya Ltd.,ACUITE,Term Loan,D,10-04-2026,LOW,LOW,MEDIUM,76,21.49,Other
Yashwant Dugdh Prakriya Ltd.,ACUITE,Term Loan,D,10-04-2026,LOW,LOW,MEDIUM,76,0.51,Other
Yogiji Digi Ltd.,ICRA,Non-Fund-Based,A 4,21-04-2026,LOW,LOW,MEDIUM,65,12.5,Other
Yogiji Digi Ltd.,ICRA,NCD/Bond,B+,21-04-2026,LOW,LOW,MEDIUM,65,18.0,Other
Yogiji Digi Ltd.,ICRA,Term Loan,B+,21-04-2026,LOW,LOW,MEDIUM,65,4.5,Other
Zebra Pack Pvt. Ltd.,ACUITE,Bank Guarantee,A 4,06-04-2026,LOW,LOW,MEDIUM,80,0.5,Other
Zebra Pack Pvt. Ltd.,ACUITE,Letter of Credit,A 4,06-04-2026,LOW,LOW,MEDIUM,80,2.0,Other
Zebra Pack Pvt. Ltd.,ACUITE,Term Loan,B-,06-04-2026,LOW,LOW,MEDIUM,80,4.18,Other
Zebra Pack Pvt. Ltd.,ACUITE,Term Loan,B-,06-04-2026,LOW,LOW,MEDIUM,80,0.5,Other
Zen Shipping & Ports India Pvt. Ltd.,IND-RA,NCD/Bond,B-/A4,02-04-2026,LOW,MEDIUM,MEDIUM,84,35.3,Logistics
Zenith Leisure Holidays Ltd.,CRISIL,Bank Guarantee,A 4,17-04-2026,LOW,LOW,MEDIUM,69,19.0,Other
Zenith Leisure Holidays Ltd.,CRISIL,Bank Guarantee,B,17-04-2026,LOW,LOW,MEDIUM,69,1.15,Other
Zenith Leisure Holidays Ltd.,CRISIL,Term Loan,B,17-04-2026,LOW,LOW,MEDIUM,69,8.3,Other
