Company Name,RM_Tier,Aug_Week,Amt_Cr,NCD,Rev_Avg_Lakhs,Sector,Agency,Windows,Window_Count,Urgency,Why_Target,Pitch
Kaleshwaram Irrigation Project Corpn. Ltd.,TIER 1 — Senior RM,Aug Wk1 (Aug 3-7),18751.38,0,5.0,Construction,ACUITE,October 2026,1,MEDIUM,INC rating hits ULTRA HOT threshold on 2026-10-17 — first call window,Get ahead of the Oct/Nov renewal rush; start ACER process now before ACUITE backlog builds
I H B Ltd.,TIER 1 — Senior RM,Aug Wk1 (Aug 3-7),6725.0,0,5.0,Other,IND-RA,Q1 2027,1,LOW/MEDIUM,INC rating hits ULTRA HOT on 2027-03-31 — prime Q1 2027 renewal target,Your Term Loan at IND-RA goes critical in Mar 2027. Start ACER process in Sep 2026 — before the Q1 rush.
Senvion Wind Technology Pvt. Ltd.,TIER 1 — Senior RM,Aug Wk1 (Aug 3-7),3000.0,1,20.0,Energy,CARE,Q1 2027,1,LOW/MEDIUM,INC rating hits ULTRA HOT on 2027-03-10 — prime Q1 2027 renewal target,Your NCD/Bond at CARE goes critical in Mar 2027. Start ACER process in Sep 2026 — before the Q1 rush.
Power Company Of Karnataka Ltd.,TIER 1 — Senior RM,Aug Wk1 (Aug 3-7),2944.3,0,5.0,Energy,BRICKWORK,October 2026,1,MEDIUM,INC rating hits ULTRA HOT threshold on 2026-11-19 — first call window,Get ahead of the Oct/Nov renewal rush; start ACER process now before BRICKWORK backlog builds
Sew Infrastructure Ltd.,TIER 1 — Senior RM,Aug Wk1 (Aug 3-7),2800.0,0,3.0,Construction,BRICKWORK,Q2 2027,1,LOW (<90 days),"INC since Apr 2026 (88 days). MEDIUM by Oct 2026, HOT by Jan 2027, ULTRA HOT by Apr 2027.",Your Non-fund-based financial facility/instrument at BRICKWORK hits ULTRA HOT in Apr 2027. Start ACER process by Jan 2027 to be ahead of Q2 2027 renewal rush.
Vidarbha Industries Power Ltd.,TIER 1 — Senior RM,Aug Wk1 (Aug 3-7),2654.24,0,5.0,Energy/Power,ICRA,Q2 2027,1,LOW (<90 days),"INC since Apr 2026 (79 days). MEDIUM by Oct 2026, HOT by Jan 2027, ULTRA HOT by Apr 2027.",Your Term loans at ICRA hits ULTRA HOT in Apr 2027. Start ACER process by Jan 2027 to be ahead of Q2 2027 renewal rush.
Divyasree N S L Infrastructure Pvt. Ltd.,TIER 1 — Senior RM,Aug Wk1 (Aug 3-7),2402.0,0,5.0,Construction,ICRA,October 2026,1,LOW,INC rating hits HOT threshold on 2026-11-22 — first call window,Get ahead of the Oct/Nov renewal rush; start ACER process now before ICRA backlog builds
G M R Rajahmundry Energy Ltd.,TIER 1 — Senior RM,Aug Wk1 (Aug 3-7),2352.39,0,5.0,Energy/Power,CARE,Q2 2027,1,LOW (<90 days),"INC since Apr 2026 (81 days). MEDIUM by Oct 2026, HOT by Jan 2027, ULTRA HOT by Apr 2027.",Your Term loans at CARE hits ULTRA HOT in Apr 2027. Start ACER process by Jan 2027 to be ahead of Q2 2027 renewal rush.
Bangalore Electricity Supply Co. Ltd.,TIER 1 — Senior RM,Aug Wk1 (Aug 3-7),2257.09,1,5.0,Energy,CARE,October 2026,1,MEDIUM,INC rating hits ULTRA HOT threshold on 2026-10-20 — first call window,Get ahead of the Oct/Nov renewal rush; start ACER process now before CARE backlog builds
I L & F S Engg. & Construction Co. Ltd.,TIER 1 — Senior RM,Aug Wk1 (Aug 3-7),2188.52,0,3.0,Construction,CARE,Q2 2027,1,LOW (<90 days),"INC since Apr 2026 (73 days). MEDIUM by Oct 2026, HOT by Jan 2027, ULTRA HOT by Apr 2027.",Your Non-fund based working capital limit at CARE hits ULTRA HOT in Apr 2027. Start ACER process by Jan 2027 to be ahead of Q2 2027 renewal rush.
Telangana Fiber Grid Corpn. Ltd.,TIER 1 — Senior RM,Aug Wk1 (Aug 3-7),2183.53,0,5.0,Textiles,IND-RA,October 2026,1,MEDIUM,INC rating hits ULTRA HOT threshold on 2026-10-08 — first call window,Get ahead of the Oct/Nov renewal rush; start ACER process now before IND-RA backlog builds
Pink City Expressway Pvt. Ltd.,TIER 1 — Senior RM,Aug Wk1 (Aug 3-7),1760.55,0,5.0,Other,CARE,Q2 2027,1,LOW (<90 days),"INC since Apr 2026 (81 days). MEDIUM by Oct 2026, HOT by Jan 2027, ULTRA HOT by Apr 2027.",Your Term loans at CARE hits ULTRA HOT in Apr 2027. Start ACER process by Jan 2027 to be ahead of Q2 2027 renewal rush.
Cloudtail India Pvt. Ltd.,TIER 1 — Senior RM,Aug Wk1 (Aug 3-7),1750.0,1,20.0,Other,ICRA,Q1 2027,1,LOW/MEDIUM,INC rating hits ULTRA HOT on 2027-03-31 — prime Q1 2027 renewal target,Your NCD/Bond at ICRA goes critical in Mar 2027. Start ACER process in Sep 2026 — before the Q1 rush.
S K S Power Generation (Chhattisgarh) Ltd.,TIER 1 — Senior RM,Aug Wk1 (Aug 3-7),1600.0,0,5.0,Energy/Power,ICRA,Q2 2027,1,LOW (<90 days),"INC since Apr 2026 (87 days). MEDIUM by Oct 2026, HOT by Jan 2027, ULTRA HOT by Apr 2027.",Your Term loans at ICRA hits ULTRA HOT in Apr 2027. Start ACER process by Jan 2027 to be ahead of Q2 2027 renewal rush.
Madhya Pradesh Power Generating Company Limited,TIER 1 — Senior RM,Aug Wk1 (Aug 3-7),1300.0,0,5.0,Energy,Infomerics,Q1 2027,1,LOW/MEDIUM,INC rating hits ULTRA HOT on 2026-12-31 — exclusive Q1 2027 whitespace lead,Your Infomerics INC rating goes critical in Dec 2026. ACER is your best alternative — no competitor has approached you.
Pace Digitek Infra Pvt. Ltd.,TIER 1 — Senior RM,Aug Wk1 (Aug 3-7),1163.0,0,4.0,Construction,ACUITE,October 2026,1,MEDIUM,INC rating hits ULTRA HOT threshold on 2026-10-30 — first call window,Get ahead of the Oct/Nov renewal rush; start ACER process now before ACUITE backlog builds
Energo Engineering Projects Ltd.,TIER 1 — Senior RM,Aug Wk1 (Aug 3-7),1150.0,0,3.0,Other,ICRA,Q2 2027,1,LOW (<90 days),"INC since Apr 2026 (79 days). MEDIUM by Oct 2026, HOT by Jan 2027, ULTRA HOT by Apr 2027.",Your Non-fund-based financial facility/instrument at ICRA hits ULTRA HOT in Apr 2027. Start ACER process by Jan 2027 to be ahead of Q2 2027 renewal rush.
Kundli Manesar Expressway Ltd.,TIER 1 — Senior RM,Aug Wk1 (Aug 3-7),1114.16,0,5.0,Other,IND-RA,Q2 2027,1,LOW (<90 days),"INC since Apr 2026 (87 days). MEDIUM by Oct 2026, HOT by Jan 2027, ULTRA HOT by Apr 2027.",Your Term loans at IND-RA hits ULTRA HOT in Apr 2027. Start ACER process by Jan 2027 to be ahead of Q2 2027 renewal rush.
I L & F S Energy Development Co. Ltd.,TIER 1 — Senior RM,Aug Wk1 (Aug 3-7),1037.85,0,5.0,Energy/Power,CARE,Q2 2027,1,LOW (<90 days),"INC since Apr 2026 (75 days). MEDIUM by Oct 2026, HOT by Jan 2027, ULTRA HOT by Apr 2027.",Your Term loans at CARE hits ULTRA HOT in Apr 2027. Start ACER process by Jan 2027 to be ahead of Q2 2027 renewal rush.
Bhoruka Power Corpn. Ltd.,TIER 1 — Senior RM,Aug Wk1 (Aug 3-7),1012.82,0,5.0,Energy/Power,IND-RA,Q2 2027,1,LOW (<90 days),"INC since Apr 2026 (87 days). MEDIUM by Oct 2026, HOT by Jan 2027, ULTRA HOT by Apr 2027.",Your Term loans at IND-RA hits ULTRA HOT in Apr 2027. Start ACER process by Jan 2027 to be ahead of Q2 2027 renewal rush.
Gensol Engineering Ltd.,TIER 1 — Senior RM,Aug Wk1 (Aug 3-7),925.0,1,5.0,Other,ICRA,Q2 2027,1,LOW (<90 days),"INC since Apr 2026 (66 days). MEDIUM by Oct 2026, HOT by Jan 2027, ULTRA HOT by Apr 2027.",Your Term loans at ICRA hits ULTRA HOT in Apr 2027. Start ACER process by Jan 2027 to be ahead of Q2 2027 renewal rush.
Chhapra-Hajipur Expressways Ltd.,TIER 1 — Senior RM,Aug Wk1 (Aug 3-7),857.0,0,5.0,Other,ICRA,Q2 2027,1,LOW (<90 days),"INC since Apr 2026 (59 days). MEDIUM by Oct 2026, HOT by Jan 2027, ULTRA HOT by Apr 2027.",Your Term loans at ICRA hits ULTRA HOT in Apr 2027. Start ACER process by Jan 2027 to be ahead of Q2 2027 renewal rush.
Bijapur-Hungund Tollway Pvt. Ltd.,TIER 1 — Senior RM,Aug Wk1 (Aug 3-7),846.5,0,5.0,Infrastructure,ACUITE,October 2026,1,LOW,INC rating hits HOT threshold on 2026-10-27 — first call window,Get ahead of the Oct/Nov renewal rush; start ACER process now before ACUITE backlog builds
Helios Photo Voltaic Ltd.,TIER 1 — Senior RM,Aug Wk1 (Aug 3-7),824.71,0,5.0,Other,CARE,Q2 2027,1,LOW (<90 days),"INC since Apr 2026 (67 days). MEDIUM by Oct 2026, HOT by Jan 2027, ULTRA HOT by Apr 2027.",Your Term loans at CARE hits ULTRA HOT in Apr 2027. Start ACER process by Jan 2027 to be ahead of Q2 2027 renewal rush.
G H V (India) Pvt. Ltd.,TIER 1 — Senior RM,Aug Wk1 (Aug 3-7),820.0,0,4.0,Other,BRICKWORK,October 2026,1,MEDIUM,INC rating hits ULTRA HOT threshold on 2026-10-31 — first call window,Get ahead of the Oct/Nov renewal rush; start ACER process now before BRICKWORK backlog builds
Kanpur Edibles Pvt. Ltd.,TIER 1 — Senior RM,Aug Wk1 (Aug 3-7),800.0,0,3.0,Agro & Food,CARE,Q1 2027,1,LOW/MEDIUM,INC rating hits ULTRA HOT on 2027-03-13 — prime Q1 2027 renewal target,Your Letter of Credit at CARE goes critical in Mar 2027. Start ACER process in Sep 2026 — before the Q1 rush.
Magnite Developers Private Limited,TIER 1 — Senior RM,Aug Wk1 (Aug 3-7),800.0,1,3.0,Other,Infomerics,Q1 2027,1,LOW/MEDIUM,INC rating hits ULTRA HOT on 2027-01-01 — exclusive Q1 2027 whitespace lead,Your Infomerics INC rating goes critical in Jan 2027. ACER is your best alternative — no competitor has approached you.
Trucap Finance Ltd.,TIER 1 — Senior RM,Aug Wk1 (Aug 3-7),750.0,0,5.0,BFSI/NBFC,CARE,Q2 2027,1,LOW (<90 days),"INC since Apr 2026 (87 days). MEDIUM by Oct 2026, HOT by Jan 2027, ULTRA HOT by Apr 2027.",Your Fund based financial facility/instrument at CARE hits ULTRA HOT in Apr 2027. Start ACER process by Jan 2027 to be ahead of Q2 2027 renewal rush.
C D S Infra Projects Ltd.,TIER 1 — Senior RM,Aug Wk1 (Aug 3-7),725.0,0,4.0,Construction,BRICKWORK,October 2026,1,MEDIUM,INC rating hits ULTRA HOT threshold on 2026-10-30 — first call window,Get ahead of the Oct/Nov renewal rush; start ACER process now before BRICKWORK backlog builds
Entertainment City Ltd.,TIER 1 — Senior RM,Aug Wk1 (Aug 3-7),673.42,0,5.0,Other,BRICKWORK,Q2 2027,1,LOW (<90 days),"INC since Apr 2026 (86 days). MEDIUM by Oct 2026, HOT by Jan 2027, ULTRA HOT by Apr 2027.",Your Term loans at BRICKWORK hits ULTRA HOT in Apr 2027. Start ACER process by Jan 2027 to be ahead of Q2 2027 renewal rush.
MEP Longjian VTR Private Limited,TIER 1 — Senior RM,Aug Wk1 (Aug 3-7),646.93,0,3.0,Other,Infomerics,October 2026,1,MEDIUM,INC rating hits ULTRA HOT threshold on 2026-10-29 — first call window,Get ahead of the Oct/Nov renewal rush; start ACER process now before Infomerics backlog builds
Future Enterprises Ltd.,TIER 1 — Senior RM,Aug Wk1 (Aug 3-7),602.0,0,4.0,Other,CARE,Q2 2027,1,LOW (<90 days),"INC since Apr 2026 (66 days). MEDIUM by Oct 2026, HOT by Jan 2027, ULTRA HOT by Apr 2027.",Your Bank Guarantee at CARE hits ULTRA HOT in Apr 2027. Start ACER process by Jan 2027 to be ahead of Q2 2027 renewal rush.
Mayfair Hotels & Resorts Ltd.,TIER 1 — Senior RM,Aug Wk1 (Aug 3-7),600.06,0,5.0,Hotels & Tourism,ICRA,October 2026,1,MEDIUM,INC rating hits ULTRA HOT threshold on 2026-10-16 — first call window,Get ahead of the Oct/Nov renewal rush; start ACER process now before ICRA backlog builds
Aparna Infrahousing Pvt. Ltd.,TIER 1 — Senior RM,Aug Wk1 (Aug 3-7),600.0,0,5.0,Construction,CRISIL,October 2026,1,MEDIUM,INC rating hits ULTRA HOT threshold on 2026-10-17 — first call window,Get ahead of the Oct/Nov renewal rush; start ACER process now before CRISIL backlog builds
Radius Sumer Developers Pvt. Ltd.,TIER 1 — Senior RM,Aug Wk1 (Aug 3-7),600.0,0,5.0,Other,BRICKWORK,Q2 2027,1,LOW (<90 days),"INC since Apr 2026 (88 days). MEDIUM by Oct 2026, HOT by Jan 2027, ULTRA HOT by Apr 2027.",Your Term loans at BRICKWORK hits ULTRA HOT in Apr 2027. Start ACER process by Jan 2027 to be ahead of Q2 2027 renewal rush.
Gimatex Industries Pvt. Ltd.,TIER 1 — Senior RM,Aug Wk1 (Aug 3-7),598.0,0,5.0,Manufacturing,BRICKWORK,October 2026,1,MEDIUM,INC rating hits ULTRA HOT threshold on 2026-11-18 — first call window,Get ahead of the Oct/Nov renewal rush; start ACER process now before BRICKWORK backlog builds
Raghava Constructions India Private Limited,TIER 1 — Senior RM,Aug Wk1 (Aug 3-7),584.0,0,3.0,Construction,Infomerics,October 2026,1,MEDIUM,INC rating hits ULTRA HOT threshold on 2026-10-16 — first call window,Get ahead of the Oct/Nov renewal rush; start ACER process now before Infomerics backlog builds
Caprihans India Ltd.,TIER 1 — Senior RM,Aug Wk1 (Aug 3-7),570.0,1,5.0,Other,CARE,Q1 2027,1,LOW/MEDIUM,INC rating hits ULTRA HOT on 2027-03-12 — prime Q1 2027 renewal target,Your Term Loan at CARE goes critical in Mar 2027. Start ACER process in Sep 2026 — before the Q1 rush.
A G S Transact Technologies Ltd.,TIER 1 — Senior RM,Aug Wk1 (Aug 3-7),552.44,0,5.0,IT/Technology,CRISIL,Q2 2027,1,LOW (<90 days),"INC since Apr 2026 (72 days). MEDIUM by Oct 2026, HOT by Jan 2027, ULTRA HOT by Apr 2027.",Your Term loans at CRISIL hits ULTRA HOT in Apr 2027. Start ACER process by Jan 2027 to be ahead of Q2 2027 renewal rush.
Shri Ambalika Sugar Pvt. Ltd.,TIER 1 — Senior RM,Aug Wk1 (Aug 3-7),550.0,1,20.0,Agro & Food,IND-RA,October 2026,1,MEDIUM,INC rating hits ULTRA HOT threshold on 2026-11-24 — first call window,Get ahead of the Oct/Nov renewal rush; start ACER process now before IND-RA backlog builds
Akbar Travels Of India Pvt. Ltd.,TIER 1 — Senior RM,Aug Wk1 (Aug 3-7),544.5,0,5.0,Hotels & Tourism,BRICKWORK,October 2026,1,MEDIUM,INC rating hits ULTRA HOT threshold on 2026-10-07 — first call window,Get ahead of the Oct/Nov renewal rush; start ACER process now before BRICKWORK backlog builds
C S Construction Co. Pvt. Ltd.,TIER 1 — Senior RM,Aug Wk1 (Aug 3-7),532.0,0,4.0,Construction,CRISIL,October 2026,1,MEDIUM,INC rating hits ULTRA HOT threshold on 2026-10-30 — first call window,Get ahead of the Oct/Nov renewal rush; start ACER process now before CRISIL backlog builds
Electronics Corpn. Of Tamil Nadu Ltd.,TIER 1 — Senior RM,Aug Wk1 (Aug 3-7),520.0,0,5.0,Other,IND-RA,Q1 2027,1,LOW/MEDIUM,INC rating hits ULTRA HOT on 2027-03-09 — prime Q1 2027 renewal target,Your Term Loan at IND-RA goes critical in Mar 2027. Start ACER process in Sep 2026 — before the Q1 rush.
MEP Longjian Loha Waranga Road Private Limited,TIER 1 — Senior RM,Aug Wk1 (Aug 3-7),515.09,0,3.0,Construction,Infomerics,October 2026,1,MEDIUM,INC rating hits ULTRA HOT threshold on 2026-10-29 — first call window,Get ahead of the Oct/Nov renewal rush; start ACER process now before Infomerics backlog builds
Sadbhav Vidarbha Highway Ltd.,TIER 1 — Senior RM,Aug Wk1 (Aug 3-7),514.0,0,5.0,Construction,CARE,Q2 2027,1,LOW (<90 days),"INC since Apr 2026 (72 days). MEDIUM by Oct 2026, HOT by Jan 2027, ULTRA HOT by Apr 2027.",Your Term loans at CARE hits ULTRA HOT in Apr 2027. Start ACER process by Jan 2027 to be ahead of Q2 2027 renewal rush.
Sevenhills Healthcare Pvt. Ltd.,TIER 1 — Senior RM,Aug Wk1 (Aug 3-7),510.11,0,5.0,Healthcare,CRISIL,Q2 2027,1,LOW (<90 days),"INC since Apr 2026 (59 days). MEDIUM by Oct 2026, HOT by Jan 2027, ULTRA HOT by Apr 2027.",Your Term loans at CRISIL hits ULTRA HOT in Apr 2027. Start ACER process by Jan 2027 to be ahead of Q2 2027 renewal rush.
Ecstasy Realty Pvt. Ltd.,TIER 1 — Senior RM,Aug Wk1 (Aug 3-7),500.0,0,5.0,Construction,CARE,October 2026,1,LOW,INC rating hits HOT threshold on 2026-11-30 — first call window,Get ahead of the Oct/Nov renewal rush; start ACER process now before CARE backlog builds
Shyama Power India Ltd.,TIER 1 — Senior RM,Aug Wk1 (Aug 3-7),469.44,1,20.0,Energy,IND-RA,October 2026,1,LOW,INC rating hits HOT threshold on 2026-11-24 — first call window,Get ahead of the Oct/Nov renewal rush; start ACER process now before IND-RA backlog builds
Shashi Cables Ltd.,TIER 1 — Senior RM,Aug Wk1 (Aug 3-7),457.11,1,20.0,Infrastructure,IND-RA,October 2026,1,LOW,INC rating hits HOT threshold on 2026-10-09 — first call window,Get ahead of the Oct/Nov renewal rush; start ACER process now before IND-RA backlog builds
Tamilnadu Transmission Corpn. Ltd.,TIER 1 — Senior RM,Aug Wk1 (Aug 3-7),448.87,1,5.0,Other,BRICKWORK,October 2026,1,MEDIUM,INC rating hits ULTRA HOT threshold on 2026-10-30 — first call window,Get ahead of the Oct/Nov renewal rush; start ACER process now before BRICKWORK backlog builds
Fabworth Promoters Pvt. Ltd.,TIER 1 — Senior RM,Aug Wk1 (Aug 3-7),380.0,1,5.0,Other,CARE,October 2026,1,MEDIUM,INC rating hits ULTRA HOT threshold on 2026-11-04 — first call window,Get ahead of the Oct/Nov renewal rush; start ACER process now before CARE backlog builds
Shree Ram Vessel Scrap Pvt. Ltd.,TIER 1 — Senior RM,Aug Wk1 (Aug 3-7),370.0,1,20.0,Other,BRICKWORK,Q2 2027,1,LOW (<90 days),"INC since Apr 2026 (86 days). MEDIUM by Oct 2026, HOT by Jan 2027, ULTRA HOT by Apr 2027.",Your Non-government debt at BRICKWORK hits ULTRA HOT in Apr 2027. Start ACER process by Jan 2027 to be ahead of Q2 2027 renewal rush.
B L Agro Inds. Ltd.,TIER 1 — Senior RM,Aug Wk1 (Aug 3-7),352.0,1,20.0,Agro & Food,IND-RA,October 2026,1,MEDIUM,INC rating hits ULTRA HOT threshold on 2026-11-24 — first call window,Get ahead of the Oct/Nov renewal rush; start ACER process now before IND-RA backlog builds
Ainwesha Engineering & Projects Ltd.,TIER 1 — Senior RM,Aug Wk1 (Aug 3-7),326.04,1,20.0,Other,IND-RA,Q2 2027,1,LOW (<90 days),"INC since Apr 2026 (87 days). MEDIUM by Oct 2026, HOT by Jan 2027, ULTRA HOT by Apr 2027.",Your Non-government debt at IND-RA hits ULTRA HOT in Apr 2027. Start ACER process by Jan 2027 to be ahead of Q2 2027 renewal rush.
G R Engineering Pvt. Ltd.,TIER 1 — Senior RM,Aug Wk1 (Aug 3-7),322.62,1,20.0,Other,IND-RA,Q2 2027,1,LOW (<90 days),"INC since Apr 2026 (87 days). MEDIUM by Oct 2026, HOT by Jan 2027, ULTRA HOT by Apr 2027.",Your Non-government debt at IND-RA hits ULTRA HOT in Apr 2027. Start ACER process by Jan 2027 to be ahead of Q2 2027 renewal rush.
Tribeni Constructions Ltd.,TIER 1 — Senior RM,Aug Wk1 (Aug 3-7),304.0,1,20.0,Construction,ICRA,October 2026,1,MEDIUM,INC rating hits ULTRA HOT threshold on 2026-11-13 — first call window,Get ahead of the Oct/Nov renewal rush; start ACER process now before ICRA backlog builds
Advant I T Park Pvt. Ltd.,TIER 1 — Senior RM,Aug Wk1 (Aug 3-7),300.0,1,20.0,Other,BRICKWORK,Q1 2027,1,LOW/MEDIUM,INC rating hits ULTRA HOT on 2027-03-20 — prime Q1 2027 renewal target,Your NCD/Bond at BRICKWORK goes critical in Mar 2027. Start ACER process in Sep 2026 — before the Q1 rush.
Rai Bahadur Narain Singh Sugar Mills Ltd.,TIER 1 — Senior RM,Aug Wk1 (Aug 3-7),275.02,1,20.0,Agro & Food,CARE,October 2026,1,MEDIUM,INC rating hits ULTRA HOT threshold on 2026-11-03 — first call window,Get ahead of the Oct/Nov renewal rush; start ACER process now before CARE backlog builds
U M S L Ltd.,TIER 1 — Senior RM,Aug Wk1 (Aug 3-7),273.0,1,3.0,Other,ICRA,October 2026,1,MEDIUM,INC rating hits ULTRA HOT threshold on 2026-10-27 — first call window,Get ahead of the Oct/Nov renewal rush; start ACER process now before ICRA backlog builds
Flexituff Ventures Intl. Ltd.,TIER 1 — Senior RM,Aug Wk1 (Aug 3-7),251.17,1,20.0,Other,CARE,Q2 2027,1,LOW (<90 days),"INC since Apr 2026 (72 days). MEDIUM by Oct 2026, HOT by Jan 2027, ULTRA HOT by Apr 2027.",Your Non-government debt at CARE hits ULTRA HOT in Apr 2027. Start ACER process by Jan 2027 to be ahead of Q2 2027 renewal rush.
Etco Denim Pvt. Ltd.,TIER 1 — Senior RM,Aug Wk1 (Aug 3-7),246.45,1,5.0,Textiles,CARE,Q2 2027,1,LOW (<90 days),"INC since Apr 2026 (80 days). MEDIUM by Oct 2026, HOT by Jan 2027, ULTRA HOT by Apr 2027.",Your Term loans at CARE hits ULTRA HOT in Apr 2027. Start ACER process by Jan 2027 to be ahead of Q2 2027 renewal rush.
Nandan Petrochem Ltd.,TIER 1 — Senior RM,Aug Wk1 (Aug 3-7),245.0,1,20.0,Chemicals & Pharma,ICRA,Q1 2027,1,LOW/MEDIUM,INC rating hits ULTRA HOT on 2027-03-20 — prime Q1 2027 renewal target,Your NCD/Bond at ICRA goes critical in Mar 2027. Start ACER process in Sep 2026 — before the Q1 rush.
Aarti Distilleries Pvt. Ltd.,TIER 1 — Senior RM,Aug Wk1 (Aug 3-7),221.78,1,5.0,Other,ICRA,October 2026,1,MEDIUM,INC rating hits ULTRA HOT threshold on 2026-11-25 — first call window,Get ahead of the Oct/Nov renewal rush; start ACER process now before ICRA backlog builds
K G S Sugar & Infra Corpn. Ltd.,TIER 1 — Senior RM,Aug Wk1 (Aug 3-7),210.81,1,5.0,Construction,ICRA,Q2 2027,1,LOW (<90 days),"INC since Apr 2026 (73 days). MEDIUM by Oct 2026, HOT by Jan 2027, ULTRA HOT by Apr 2027.",Your Term loans at ICRA hits ULTRA HOT in Apr 2027. Start ACER process by Jan 2027 to be ahead of Q2 2027 renewal rush.
Shreeji Infrastructure India Pvt. Ltd.,TIER 1 — Senior RM,Aug Wk1 (Aug 3-7),199.0,1,20.0,Construction,IND-RA,Q2 2027,1,LOW (<90 days),"INC since Apr 2026 (87 days). MEDIUM by Oct 2026, HOT by Jan 2027, ULTRA HOT by Apr 2027.",Your Non-government debt at IND-RA hits ULTRA HOT in Apr 2027. Start ACER process by Jan 2027 to be ahead of Q2 2027 renewal rush.
Transaction Solutions Intl. (India) Pvt. Ltd.,TIER 1 — Senior RM,Aug Wk1 (Aug 3-7),186.04,1,5.0,Other,CARE,October 2026,1,LOW,INC rating hits HOT threshold on 2026-11-21 — first call window,Get ahead of the Oct/Nov renewal rush; start ACER process now before CARE backlog builds
R S A Infraproject Pvt. Ltd.,TIER 1 — Senior RM,Aug Wk1 (Aug 3-7),175.0,1,20.0,Construction,CARE,October 2026,1,MEDIUM,INC rating hits ULTRA HOT threshold on 2026-11-07 — first call window,Get ahead of the Oct/Nov renewal rush; start ACER process now before CARE backlog builds
Standard Infratech India Pvt. Ltd.,TIER 1 — Senior RM,Aug Wk1 (Aug 3-7),163.05,1,20.0,Construction,IND-RA,October 2026,1,MEDIUM,INC rating hits ULTRA HOT threshold on 2026-10-06 — first call window,Get ahead of the Oct/Nov renewal rush; start ACER process now before IND-RA backlog builds
Machino Plastics Ltd.,TIER 1 — Senior RM,Aug Wk1 (Aug 3-7),162.2,1,5.0,Chemicals & Pharma,ICRA+CRISIL,Q1 2027,1,LOW/MEDIUM,INC rating hits ULTRA HOT on 2027-03-11 — prime Q1 2027 renewal target,Your Term Loan at ICRA goes critical in Mar 2027. Start ACER process in Sep 2026 — before the Q1 rush.
Technosys Security Systems Pvt. Ltd.,TIER 1 — Senior RM,Aug Wk1 (Aug 3-7),155.0,1,20.0,IT/Technology,IND-RA,October 2026,1,LOW,INC rating hits HOT threshold on 2026-11-24 — first call window,Get ahead of the Oct/Nov renewal rush; start ACER process now before IND-RA backlog builds
Lok Chemicals Pvt. Ltd.,TIER 1 — Senior RM,Aug Wk1 (Aug 3-7),151.0,1,20.0,Chemicals & Pharma,CARE,October 2026,1,MEDIUM,INC rating hits ULTRA HOT threshold on 2026-10-01 — first call window,Get ahead of the Oct/Nov renewal rush; start ACER process now before CARE backlog builds
Sunalco Alloys Pvt. Ltd.,TIER 1 — Senior RM,Aug Wk1 (Aug 3-7),135.0,1,20.0,Steel & Metals,CARE,October 2026,1,LOW,INC rating hits HOT threshold on 2026-11-22 — first call window,Get ahead of the Oct/Nov renewal rush; start ACER process now before CARE backlog builds
D M L Exim Pvt. Ltd.,TIER 1 — Senior RM,Aug Wk1 (Aug 3-7),130.0,1,20.0,Other,IND-RA,Q2 2027,1,LOW (<90 days),"INC since Apr 2026 (87 days). MEDIUM by Oct 2026, HOT by Jan 2027, ULTRA HOT by Apr 2027.",Your Non-government debt at IND-RA hits ULTRA HOT in Apr 2027. Start ACER process by Jan 2027 to be ahead of Q2 2027 renewal rush.
Gina Engineering Co. Pvt. Ltd.,TIER 1 — Senior RM,Aug Wk1 (Aug 3-7),130.0,1,20.0,Manufacturing,ICRA,Q1 2027,1,LOW/MEDIUM,INC rating hits ULTRA HOT on 2027-03-19 — prime Q1 2027 renewal target,Your NCD/Bond at ICRA goes critical in Mar 2027. Start ACER process in Sep 2026 — before the Q1 rush.
S G G D Projects Devp. Pvt. Ltd.,TIER 1 — Senior RM,Aug Wk1 (Aug 3-7),127.5,1,20.0,Construction,BRICKWORK,October 2026,1,MEDIUM,INC rating hits ULTRA HOT threshold on 2026-10-09 — first call window,Get ahead of the Oct/Nov renewal rush; start ACER process now before BRICKWORK backlog builds
Tejas Cargo India Ltd.,TIER 1 — Senior RM,Aug Wk1 (Aug 3-7),124.3,1,5.0,Logistics,CARE,Q1 2027,1,LOW/MEDIUM,INC rating hits ULTRA HOT on 2027-03-20 — prime Q1 2027 renewal target,Your Term Loan at CARE goes critical in Mar 2027. Start ACER process in Sep 2026 — before the Q1 rush.
Victoria Foods Pvt. Ltd.,TIER 1 — Senior RM,Aug Wk1 (Aug 3-7),124.1,1,4.0,Agro & Food,CARE,October 2026,1,MEDIUM,INC rating hits ULTRA HOT threshold on 2026-11-21 — first call window,Get ahead of the Oct/Nov renewal rush; start ACER process now before CARE backlog builds
Lulu India Shopping Mall Pvt. Ltd.,TIER 1 — Senior RM,Aug Wk1 (Aug 3-7),120.0,1,20.0,Other,IND-RA,Q1 2027,1,LOW/MEDIUM,INC rating hits ULTRA HOT on 2027-03-11 — prime Q1 2027 renewal target,Your NCD/Bond at IND-RA goes critical in Mar 2027. Start ACER process in Sep 2026 — before the Q1 rush.
Siddhi Vinayak Knots & Prints Pvt. Ltd.,TIER 1 — Senior RM,Aug Wk1 (Aug 3-7),119.47,1,20.0,Paper/Packaging,IND-RA,October 2026,1,LOW,INC rating hits HOT threshold on 2026-11-06 — first call window,Get ahead of the Oct/Nov renewal rush; start ACER process now before IND-RA backlog builds
Pragati Infra Solutions Pvt. Ltd.,TIER 1 — Senior RM,Aug Wk1 (Aug 3-7),119.0,1,20.0,Construction,CARE,October 2026,1,LOW,INC rating hits HOT threshold on 2026-11-22 — first call window,Get ahead of the Oct/Nov renewal rush; start ACER process now before CARE backlog builds
Lodz Denim Pvt. Ltd.,TIER 1 — Senior RM,Aug Wk1 (Aug 3-7),118.0,1,20.0,Textiles,IND-RA,October 2026,1,LOW,INC rating hits HOT threshold on 2026-11-24 — first call window,Get ahead of the Oct/Nov renewal rush; start ACER process now before IND-RA backlog builds
Davariya Brothers Pvt. Ltd.,TIER 1 — Senior RM,Aug Wk1 (Aug 3-7),115.19,1,20.0,Other,ICRA,Q1 2027,1,LOW/MEDIUM,INC rating hits ULTRA HOT on 2027-03-30 — prime Q1 2027 renewal target,Your NCD/Bond at ICRA goes critical in Mar 2027. Start ACER process in Sep 2026 — before the Q1 rush.
K T M Jewellery Ltd.,TIER 1 — Senior RM,Aug Wk1 (Aug 3-7),115.0,1,20.0,Jewellery,CARE,Q1 2027,1,LOW/MEDIUM,INC rating hits ULTRA HOT on 2027-03-23 — prime Q1 2027 renewal target,Your NCD/Bond at CARE goes critical in Mar 2027. Start ACER process in Sep 2026 — before the Q1 rush.
A R L Infratech Ltd.,TIER 1 — Senior RM,Aug Wk1 (Aug 3-7),110.0,1,20.0,Construction,CARE,October 2026,1,MEDIUM,INC rating hits ULTRA HOT threshold on 2026-10-01 — first call window,Get ahead of the Oct/Nov renewal rush; start ACER process now before CARE backlog builds
Vajrateja Rice Cluster Pvt. Ltd.,TIER 1 — Senior RM,Aug Wk1 (Aug 3-7),105.44,1,20.0,Agro & Food,IND-RA,Q2 2027,1,LOW (<90 days),"INC since Apr 2026 (87 days). MEDIUM by Oct 2026, HOT by Jan 2027, ULTRA HOT by Apr 2027.",Your Non-government debt at IND-RA hits ULTRA HOT in Apr 2027. Start ACER process by Jan 2027 to be ahead of Q2 2027 renewal rush.
Mackintosh Burn Ltd.,TIER 1 — Senior RM,Aug Wk1 (Aug 3-7),100.0,1,3.0,Other,ICRA,October 2026,1,LOW,INC rating hits HOT threshold on 2026-11-10 — first call window,Get ahead of the Oct/Nov renewal rush; start ACER process now before ICRA backlog builds
Trineva Infra Projects Pvt. Ltd.,TIER 1 — Senior RM,Aug Wk1 (Aug 3-7),91.5,1,3.0,Construction,ICRA,October 2026,1,LOW,INC rating hits HOT threshold on 2026-11-22 — first call window,Get ahead of the Oct/Nov renewal rush; start ACER process now before ICRA backlog builds
Advaith Aerospace Pvt. Ltd.,TIER 1 — Senior RM,Aug Wk1 (Aug 3-7),90.0,1,20.0,Other,CARE,October 2026,1,LOW,INC rating hits HOT threshold on 2026-11-30 — first call window,Get ahead of the Oct/Nov renewal rush; start ACER process now before CARE backlog builds
N K Agro Exports (India) Pvt. Ltd.,TIER 1 — Senior RM,Aug Wk1 (Aug 3-7),90.0,1,20.0,Agro & Food,CARE,Q2 2027,1,LOW (<90 days),"INC since Apr 2026 (87 days). MEDIUM by Oct 2026, HOT by Jan 2027, ULTRA HOT by Apr 2027.",Your Non-government debt at CARE hits ULTRA HOT in Apr 2027. Start ACER process by Jan 2027 to be ahead of Q2 2027 renewal rush.
R K R Gold Pvt. Ltd.,TIER 1 — Senior RM,Aug Wk1 (Aug 3-7),90.0,1,20.0,Other,IND-RA,Q2 2027,1,LOW (<90 days),"INC since Apr 2026 (87 days). MEDIUM by Oct 2026, HOT by Jan 2027, ULTRA HOT by Apr 2027.",Your Non-government debt at IND-RA hits ULTRA HOT in Apr 2027. Start ACER process by Jan 2027 to be ahead of Q2 2027 renewal rush.
Shah Nanji Nagsi Overseas Pvt. Ltd.,TIER 1 — Senior RM,Aug Wk1 (Aug 3-7),90.0,1,20.0,Other,BRICKWORK,October 2026,1,MEDIUM,INC rating hits ULTRA HOT threshold on 2026-11-13 — first call window,Get ahead of the Oct/Nov renewal rush; start ACER process now before BRICKWORK backlog builds
International Coil Ltd.,TIER 1 — Senior RM,Aug Wk1 (Aug 3-7),88.0,1,20.0,Other,IND-RA,Q2 2027,1,LOW (<90 days),"INC since Apr 2026 (87 days). MEDIUM by Oct 2026, HOT by Jan 2027, ULTRA HOT by Apr 2027.",Your Non-government debt at IND-RA hits ULTRA HOT in Apr 2027. Start ACER process by Jan 2027 to be ahead of Q2 2027 renewal rush.
Kay Jay Forgings Ltd.,TIER 1 — Senior RM,Aug Wk1 (Aug 3-7),87.0,1,20.0,Steel & Metals,ICRA,October 2026,1,MEDIUM,INC rating hits ULTRA HOT threshold on 2026-10-29 — first call window,Get ahead of the Oct/Nov renewal rush; start ACER process now before ICRA backlog builds
Shri Murlidhar Inds. Pvt. Ltd.,TIER 1 — Senior RM,Aug Wk1 (Aug 3-7),86.0,1,20.0,Other,IND-RA,October 2026,1,LOW,INC rating hits HOT threshold on 2026-10-13 — first call window,Get ahead of the Oct/Nov renewal rush; start ACER process now before IND-RA backlog builds
Atmastco Ltd.,TIER 1 — Senior RM,Aug Wk1 (Aug 3-7),85.75,1,20.0,Other,IND-RA,October 2026,1,LOW,INC rating hits HOT threshold on 2026-11-24 — first call window,Get ahead of the Oct/Nov renewal rush; start ACER process now before IND-RA backlog builds
Bombay Super Hybrid Seeds Ltd.,TIER 1 — Senior RM,Aug Wk1 (Aug 3-7),85.0,1,20.0,Other,CARE,Q1 2027,1,LOW/MEDIUM,INC rating hits ULTRA HOT on 2027-03-25 — prime Q1 2027 renewal target,Your NCD/Bond at CARE goes critical in Mar 2027. Start ACER process in Sep 2026 — before the Q1 rush.
J U Agri Sciences Pvt. Ltd.,TIER 1 — Senior RM,Aug Wk1 (Aug 3-7),85.0,1,20.0,Agro & Food,CARE,October 2026,1,MEDIUM,INC rating hits ULTRA HOT threshold on 2026-11-03 — first call window,Get ahead of the Oct/Nov renewal rush; start ACER process now before CARE backlog builds
Mohan Mutha Exports Pvt. Ltd.,TIER 1 — Senior RM,Aug Wk1 (Aug 3-7),85.0,1,3.0,Logistics,ICRA,October 2026,1,MEDIUM,INC rating hits ULTRA HOT threshold on 2026-11-28 — first call window,Get ahead of the Oct/Nov renewal rush; start ACER process now before ICRA backlog builds
Sree Krishna Automotives Hyderabad Pvt. Ltd.,TIER 1 — Senior RM,Aug Wk1 (Aug 3-7),85.0,1,20.0,Automobiles,IND-RA,Q2 2027,1,LOW (<90 days),"INC since Apr 2026 (87 days). MEDIUM by Oct 2026, HOT by Jan 2027, ULTRA HOT by Apr 2027.",Your Non-government debt at IND-RA hits ULTRA HOT in Apr 2027. Start ACER process by Jan 2027 to be ahead of Q2 2027 renewal rush.
Multitex Filteration Engineers Ltd.,TIER 1 — Senior RM,Aug Wk1 (Aug 3-7),84.4,1,20.0,Manufacturing,IND-RA,October 2026,1,LOW,INC rating hits HOT threshold on 2026-10-13 — first call window,Get ahead of the Oct/Nov renewal rush; start ACER process now before IND-RA backlog builds
Elysium Pharmaceuticals Ltd.,TIER 1 — Senior RM,Aug Wk1 (Aug 3-7),82.65,1,20.0,Chemicals & Pharma,IND-RA,Q2 2027,1,LOW (<90 days),"INC since Apr 2026 (87 days). MEDIUM by Oct 2026, HOT by Jan 2027, ULTRA HOT by Apr 2027.",Your Non-government debt at IND-RA hits ULTRA HOT in Apr 2027. Start ACER process by Jan 2027 to be ahead of Q2 2027 renewal rush.
Shriniwasa Proteins Pvt. Ltd.,TIER 1 — Senior RM,Aug Wk1 (Aug 3-7),82.0,1,20.0,Other,IND-RA,Q2 2027,1,LOW (<90 days),"INC since Apr 2026 (87 days). MEDIUM by Oct 2026, HOT by Jan 2027, ULTRA HOT by Apr 2027.",Your Non-government debt at IND-RA hits ULTRA HOT in Apr 2027. Start ACER process by Jan 2027 to be ahead of Q2 2027 renewal rush.
Shri Kannan Departmental Store Ltd.,TIER 1 — Senior RM,Aug Wk1 (Aug 3-7),81.17,1,20.0,Mining & Minerals,IND-RA,Q2 2027,1,LOW (<90 days),"INC since Apr 2026 (87 days). MEDIUM by Oct 2026, HOT by Jan 2027, ULTRA HOT by Apr 2027.",Your Non-government debt at IND-RA hits ULTRA HOT in Apr 2027. Start ACER process by Jan 2027 to be ahead of Q2 2027 renewal rush.
Jagruti Sugar & Allied Inds. Ltd.,TIER 1 — Senior RM,Aug Wk1 (Aug 3-7),75.0,1,20.0,Agro & Food,IND-RA,October 2026,1,LOW,INC rating hits HOT threshold on 2026-10-09 — first call window,Get ahead of the Oct/Nov renewal rush; start ACER process now before IND-RA backlog builds
Akshara Enterprises India Pvt. Ltd.,TIER 1 — Senior RM,Aug Wk1 (Aug 3-7),74.51,1,20.0,Other,CARE,Q1 2027,1,LOW/MEDIUM,INC rating hits ULTRA HOT on 2027-03-19 — prime Q1 2027 renewal target,Your NCD/Bond at CARE goes critical in Mar 2027. Start ACER process in Sep 2026 — before the Q1 rush.
George Maijo Inds. Pvt. Ltd.,TIER 1 — Senior RM,Aug Wk1 (Aug 3-7),74.32,1,20.0,Other,IND-RA,October 2026,1,LOW,INC rating hits HOT threshold on 2026-10-13 — first call window,Get ahead of the Oct/Nov renewal rush; start ACER process now before IND-RA backlog builds
Chemi Tech Engineers Pvt. Ltd.,TIER 1 — Senior RM,Aug Wk1 (Aug 3-7),74.0,1,20.0,Manufacturing,BRICKWORK,October 2026,1,LOW,INC rating hits HOT threshold on 2026-11-22 — first call window,Get ahead of the Oct/Nov renewal rush; start ACER process now before BRICKWORK backlog builds
Indian Pulp & Paper Pvt. Ltd.,TIER 1 — Senior RM,Aug Wk1 (Aug 3-7),70.02,1,20.0,Paper/Packaging,IND-RA,Q2 2027,1,LOW (<90 days),"INC since Apr 2026 (87 days). MEDIUM by Oct 2026, HOT by Jan 2027, ULTRA HOT by Apr 2027.",Your Non-government debt at IND-RA hits ULTRA HOT in Apr 2027. Start ACER process by Jan 2027 to be ahead of Q2 2027 renewal rush.
Samrat Irons Pvt. Ltd.,TIER 1 — Senior RM,Aug Wk1 (Aug 3-7),67.25,1,20.0,Steel & Metals,IND-RA,Q2 2027,1,LOW (<90 days),"INC since Apr 2026 (87 days). MEDIUM by Oct 2026, HOT by Jan 2027, ULTRA HOT by Apr 2027.",Your Non-government debt at IND-RA hits ULTRA HOT in Apr 2027. Start ACER process by Jan 2027 to be ahead of Q2 2027 renewal rush.
G M W Pvt. Ltd.,TIER 1 — Senior RM,Aug Wk1 (Aug 3-7),66.26,1,20.0,Other,IND-RA,Q2 2027,1,LOW (<90 days),"INC since Apr 2026 (87 days). MEDIUM by Oct 2026, HOT by Jan 2027, ULTRA HOT by Apr 2027.",Your Non-government debt at IND-RA hits ULTRA HOT in Apr 2027. Start ACER process by Jan 2027 to be ahead of Q2 2027 renewal rush.
Shiv Aum Steels Ltd.,TIER 1 — Senior RM,Aug Wk1 (Aug 3-7),65.0,1,20.0,Steel & Metals,IND-RA,October 2026,1,MEDIUM,INC rating hits ULTRA HOT threshold on 2026-11-24 — first call window,Get ahead of the Oct/Nov renewal rush; start ACER process now before IND-RA backlog builds
Preeti Buildcon Pvt. Ltd.,TIER 1 — Senior RM,Aug Wk1 (Aug 3-7),64.15,1,20.0,Construction,CARE,October 2026,1,LOW,INC rating hits HOT threshold on 2026-11-08 — first call window,Get ahead of the Oct/Nov renewal rush; start ACER process now before CARE backlog builds
Kannappan Iron & Steel Co. Pvt. Ltd.,TIER 1 — Senior RM,Aug Wk1 (Aug 3-7),63.4,1,20.0,Steel & Metals,IND-RA,October 2026,1,LOW,INC rating hits HOT threshold on 2026-10-13 — first call window,Get ahead of the Oct/Nov renewal rush; start ACER process now before IND-RA backlog builds
Carbon Edge Inds. Ltd.,TIER 1 — Senior RM,Aug Wk1 (Aug 3-7),60.0,1,3.0,Automobiles,ICRA,October 2026,1,MEDIUM,INC rating hits ULTRA HOT threshold on 2026-10-21 — first call window,Get ahead of the Oct/Nov renewal rush; start ACER process now before ICRA backlog builds
Fides Distribution Pvt. Ltd.,TIER 1 — Senior RM,Aug Wk1 (Aug 3-7),60.0,1,20.0,Trading/Exports,CARE,October 2026,1,MEDIUM,INC rating hits ULTRA HOT threshold on 2026-11-18 — first call window,Get ahead of the Oct/Nov renewal rush; start ACER process now before CARE backlog builds
Nani Agrofoods Pvt. Ltd.,TIER 1 — Senior RM,Aug Wk1 (Aug 3-7),60.0,1,20.0,Agro & Food,IND-RA,Q2 2027,1,LOW (<90 days),"INC since Apr 2026 (87 days). MEDIUM by Oct 2026, HOT by Jan 2027, ULTRA HOT by Apr 2027.",Your Non-government debt at IND-RA hits ULTRA HOT in Apr 2027. Start ACER process by Jan 2027 to be ahead of Q2 2027 renewal rush.
Kandui Industries Pvt. Ltd.,TIER 1 — Senior RM,Aug Wk1 (Aug 3-7),56.89,1,20.0,Manufacturing,IND-RA,October 2026,1,MEDIUM,INC rating hits ULTRA HOT threshold on 2026-11-24 — first call window,Get ahead of the Oct/Nov renewal rush; start ACER process now before IND-RA backlog builds
Encorp Powertrans Pvt. Ltd.,TIER 1 — Senior RM,Aug Wk1 (Aug 3-7),55.0,1,20.0,Energy,IND-RA,October 2026,1,LOW,INC rating hits HOT threshold on 2026-10-13 — first call window,Get ahead of the Oct/Nov renewal rush; start ACER process now before IND-RA backlog builds
Trijal Enterprise Pvt. Ltd.,TIER 1 — Senior RM,Aug Wk1 (Aug 3-7),55.0,1,20.0,Other,IND-RA,October 2026,1,MEDIUM,INC rating hits ULTRA HOT threshold on 2026-11-24 — first call window,Get ahead of the Oct/Nov renewal rush; start ACER process now before IND-RA backlog builds
Creations Jewellery Mfg. Pvt. Ltd.,TIER 1 — Senior RM,Aug Wk1 (Aug 3-7),54.0,1,20.0,Jewellery/Gems,ICRA,October 2026,1,LOW,INC rating hits HOT threshold on 2026-10-24 — first call window,Get ahead of the Oct/Nov renewal rush; start ACER process now before ICRA backlog builds
Diamond Textile Mills Pvt. Ltd.,TIER 1 — Senior RM,Aug Wk1 (Aug 3-7),53.0,1,20.0,Textiles,IND-RA,October 2026,1,LOW,INC rating hits HOT threshold on 2026-11-24 — first call window,Get ahead of the Oct/Nov renewal rush; start ACER process now before IND-RA backlog builds
Shyam Spectra Pvt. Ltd.,TIER 1 — Senior RM,Aug Wk1 (Aug 3-7),52.17,1,20.0,Other,IND-RA,October 2026,1,MEDIUM,INC rating hits ULTRA HOT threshold on 2026-11-28 — first call window,Get ahead of the Oct/Nov renewal rush; start ACER process now before IND-RA backlog builds
Vijai Construction (India) Pvt. Ltd.,TIER 1 — Senior RM,Aug Wk1 (Aug 3-7),52.0,1,20.0,Construction,IND-RA,October 2026,1,LOW,INC rating hits HOT threshold on 2026-10-13 — first call window,Get ahead of the Oct/Nov renewal rush; start ACER process now before IND-RA backlog builds
Darshan Overseas Pvt. Ltd.,TIER 1 — Senior RM,Aug Wk1 (Aug 3-7),50.0,1,20.0,Other,IND-RA,Q2 2027,1,LOW (<90 days),"INC since Apr 2026 (87 days). MEDIUM by Oct 2026, HOT by Jan 2027, ULTRA HOT by Apr 2027.",Your Non-government debt at IND-RA hits ULTRA HOT in Apr 2027. Start ACER process by Jan 2027 to be ahead of Q2 2027 renewal rush.
Kuldeep Motors Pvt. Ltd.,TIER 1 — Senior RM,Aug Wk1 (Aug 3-7),50.0,1,20.0,Other,CARE,Q1 2027,1,LOW/MEDIUM,INC rating hits ULTRA HOT on 2027-01-02 — prime Q1 2027 renewal target,Your NCD/Bond at CARE goes critical in Jan 2027. Start ACER process in Sep 2026 — before the Q1 rush.
Medsmart Logistics Pvt. Ltd. [Merged],TIER 1 — Senior RM,Aug Wk1 (Aug 3-7),50.0,1,20.0,Logistics,IND-RA,Q2 2027,1,LOW (<90 days),"INC since Apr 2026 (87 days). MEDIUM by Oct 2026, HOT by Jan 2027, ULTRA HOT by Apr 2027.",Your Non-government debt at IND-RA hits ULTRA HOT in Apr 2027. Start ACER process by Jan 2027 to be ahead of Q2 2027 renewal rush.
Stanadyne India Pvt. Ltd.,TIER 1 — Senior RM,Aug Wk1 (Aug 3-7),50.0,1,20.0,Other,CARE,October 2026,1,MEDIUM,INC rating hits ULTRA HOT threshold on 2026-11-20 — first call window,Get ahead of the Oct/Nov renewal rush; start ACER process now before CARE backlog builds
V S Ferrous Enterprises Pvt. Ltd.,TIER 1 — Senior RM,Aug Wk1 (Aug 3-7),50.0,1,20.0,Other,ICRA,Q1 2027,1,LOW/MEDIUM,INC rating hits ULTRA HOT on 2027-03-12 — prime Q1 2027 renewal target,Your NCD/Bond at ICRA goes critical in Mar 2027. Start ACER process in Sep 2026 — before the Q1 rush.
Asclepius Hospitals & Health Care Pvt. Ltd.,TIER 1 — Senior RM,Aug Wk1 (Aug 3-7),49.81,1,20.0,Healthcare,IND-RA,Q1 2027,1,LOW/MEDIUM,INC rating hits ULTRA HOT on 2027-03-27 — prime Q1 2027 renewal target,Your NCD/Bond at IND-RA goes critical in Mar 2027. Start ACER process in Sep 2026 — before the Q1 rush.
Skywin Spinning Pvt. Ltd.,TIER 1 — Senior RM,Aug Wk1 (Aug 3-7),49.3,1,20.0,Textiles,IND-RA,Q2 2027,1,LOW (<90 days),"INC since Apr 2026 (87 days). MEDIUM by Oct 2026, HOT by Jan 2027, ULTRA HOT by Apr 2027.",Your Non-government debt at IND-RA hits ULTRA HOT in Apr 2027. Start ACER process by Jan 2027 to be ahead of Q2 2027 renewal rush.
Seshsayi Foods Pvt. Ltd.,TIER 1 — Senior RM,Aug Wk1 (Aug 3-7),49.02,1,20.0,Agro & Food,IND-RA,Q2 2027,1,LOW (<90 days),"INC since Apr 2026 (87 days). MEDIUM by Oct 2026, HOT by Jan 2027, ULTRA HOT by Apr 2027.",Your Non-government debt at IND-RA hits ULTRA HOT in Apr 2027. Start ACER process by Jan 2027 to be ahead of Q2 2027 renewal rush.
Power Max (India) Pvt. Ltd.,TIER 1 — Senior RM,Aug Wk1 (Aug 3-7),48.15,1,20.0,Energy/Power,IND-RA,Q2 2027,1,LOW (<90 days),"INC since Apr 2026 (87 days). MEDIUM by Oct 2026, HOT by Jan 2027, ULTRA HOT by Apr 2027.",Your Non-government debt at IND-RA hits ULTRA HOT in Apr 2027. Start ACER process by Jan 2027 to be ahead of Q2 2027 renewal rush.
Hindustan Adhesives Ltd.,TIER 1 — Senior RM,Aug Wk1 (Aug 3-7),47.94,1,20.0,Other,IND-RA,Q2 2027,1,LOW (<90 days),"INC since Apr 2026 (87 days). MEDIUM by Oct 2026, HOT by Jan 2027, ULTRA HOT by Apr 2027.",Your Non-government debt at IND-RA hits ULTRA HOT in Apr 2027. Start ACER process by Jan 2027 to be ahead of Q2 2027 renewal rush.
Sangeeth Textiles Pvt. Ltd.,TIER 1 — Senior RM,Aug Wk1 (Aug 3-7),47.04,1,20.0,Construction,IND-RA,October 2026,1,LOW,INC rating hits HOT threshold on 2026-10-13 — first call window,Get ahead of the Oct/Nov renewal rush; start ACER process now before IND-RA backlog builds
Rajesh Power Services Ltd.,TIER 1 — Senior RM,Aug Wk1 (Aug 3-7),47.0,1,20.0,Energy,IND-RA,October 2026,1,LOW,INC rating hits HOT threshold on 2026-11-24 — first call window,Get ahead of the Oct/Nov renewal rush; start ACER process now before IND-RA backlog builds
Savair Energy Ltd.,TIER 1 — Senior RM,Aug Wk1 (Aug 3-7),47.0,1,20.0,Energy/Power,CARE,Q2 2027,1,LOW (<90 days),"INC since Apr 2026 (80 days). MEDIUM by Oct 2026, HOT by Jan 2027, ULTRA HOT by Apr 2027.",Your Non-government debt at CARE hits ULTRA HOT in Apr 2027. Start ACER process by Jan 2027 to be ahead of Q2 2027 renewal rush.
Space Wood Furnishers Pvt. Ltd.,TIER 1 — Senior RM,Aug Wk1 (Aug 3-7),46.5,1,20.0,Other,CARE,October 2026,1,MEDIUM,INC rating hits ULTRA HOT threshold on 2026-10-01 — first call window,Get ahead of the Oct/Nov renewal rush; start ACER process now before CARE backlog builds
G S C O Infrastructure Pvt. Ltd.,TIER 1 — Senior RM,Aug Wk1 (Aug 3-7),46.4,1,20.0,Construction,IND-RA,Q2 2027,1,LOW (<90 days),"INC since Apr 2026 (87 days). MEDIUM by Oct 2026, HOT by Jan 2027, ULTRA HOT by Apr 2027.",Your Non-government debt at IND-RA hits ULTRA HOT in Apr 2027. Start ACER process by Jan 2027 to be ahead of Q2 2027 renewal rush.
Manjeet Fibers Pvt. Ltd.,TIER 1 — Senior RM,Aug Wk1 (Aug 3-7),46.11,1,20.0,Other,IND-RA,Q2 2027,1,LOW (<90 days),"INC since Apr 2026 (87 days). MEDIUM by Oct 2026, HOT by Jan 2027, ULTRA HOT by Apr 2027.",Your Non-government debt at IND-RA hits ULTRA HOT in Apr 2027. Start ACER process by Jan 2027 to be ahead of Q2 2027 renewal rush.
C 5 Engineering Pvt. Ltd.,TIER 1 — Senior RM,Aug Wk1 (Aug 3-7),45.0,1,20.0,Manufacturing,CARE,October 2026,1,MEDIUM,INC rating hits ULTRA HOT threshold on 2026-10-17 — first call window,Get ahead of the Oct/Nov renewal rush; start ACER process now before CARE backlog builds
Mazda Colours Ltd.,TIER 1 — Senior RM,Aug Wk1 (Aug 3-7),45.0,1,20.0,Other,ICRA,October 2026,1,LOW,INC rating hits HOT threshold on 2026-10-27 — first call window,Get ahead of the Oct/Nov renewal rush; start ACER process now before ICRA backlog builds
Ratnesh Ispat Services Pvt. Ltd.,TIER 1 — Senior RM,Aug Wk1 (Aug 3-7),45.0,1,20.0,Other,IND-RA,October 2026,1,LOW,INC rating hits HOT threshold on 2026-10-13 — first call window,Get ahead of the Oct/Nov renewal rush; start ACER process now before IND-RA backlog builds
Sai Smaran Foods Pvt. Ltd.,TIER 1 — Senior RM,Aug Wk1 (Aug 3-7),45.0,1,20.0,Agro & Food,IND-RA,October 2026,1,LOW,INC rating hits HOT threshold on 2026-10-13 — first call window,Get ahead of the Oct/Nov renewal rush; start ACER process now before IND-RA backlog builds
Siflon Pharma Pvt. Ltd.,TIER 1 — Senior RM,Aug Wk1 (Aug 3-7),45.0,1,20.0,Chemicals & Pharma,ICRA,October 2026,1,MEDIUM,INC rating hits ULTRA HOT threshold on 2026-11-10 — first call window,Get ahead of the Oct/Nov renewal rush; start ACER process now before ICRA backlog builds
Ashok Bricks Inds. Pvt. Ltd.,TIER 1 — Senior RM,Aug Wk1 (Aug 3-7),44.0,1,20.0,Other,IND-RA,Q2 2027,1,LOW (<90 days),"INC since Apr 2026 (87 days). MEDIUM by Oct 2026, HOT by Jan 2027, ULTRA HOT by Apr 2027.",Your Non-government debt at IND-RA hits ULTRA HOT in Apr 2027. Start ACER process by Jan 2027 to be ahead of Q2 2027 renewal rush.
Everon Castings Pvt. Ltd.,TIER 1 — Senior RM,Aug Wk1 (Aug 3-7),43.67,1,20.0,Other,IND-RA,Q2 2027,1,LOW (<90 days),"INC since Apr 2026 (87 days). MEDIUM by Oct 2026, HOT by Jan 2027, ULTRA HOT by Apr 2027.",Your Non-government debt at IND-RA hits ULTRA HOT in Apr 2027. Start ACER process by Jan 2027 to be ahead of Q2 2027 renewal rush.
Kumar Spintex Pvt. Ltd.,TIER 1 — Senior RM,Aug Wk1 (Aug 3-7),43.27,1,20.0,Other,IND-RA,October 2026,1,MEDIUM,INC rating hits ULTRA HOT threshold on 2026-11-11 — first call window,Get ahead of the Oct/Nov renewal rush; start ACER process now before IND-RA backlog builds
P R G Buildcon India Pvt. Ltd.,TIER 1 — Senior RM,Aug Wk1 (Aug 3-7),43.0,1,20.0,Construction,IND-RA,Q2 2027,1,LOW (<90 days),"INC since Apr 2026 (87 days). MEDIUM by Oct 2026, HOT by Jan 2027, ULTRA HOT by Apr 2027.",Your Non-government debt at IND-RA hits ULTRA HOT in Apr 2027. Start ACER process by Jan 2027 to be ahead of Q2 2027 renewal rush.
Sivaguru Spinning Mills Pvt. Ltd.,TIER 1 — Senior RM,Aug Wk1 (Aug 3-7),43.0,1,20.0,Textiles,IND-RA,October 2026,1,LOW,INC rating hits HOT threshold on 2026-10-09 — first call window,Get ahead of the Oct/Nov renewal rush; start ACER process now before IND-RA backlog builds
Safety Controls & Devices Ltd.,TIER 1 — Senior RM,Aug Wk1 (Aug 3-7),42.0,1,20.0,Other,IND-RA,October 2026,1,MEDIUM,INC rating hits ULTRA HOT threshold on 2026-11-24 — first call window,Get ahead of the Oct/Nov renewal rush; start ACER process now before IND-RA backlog builds
Eldyne Electro-Systems Pvt. Ltd.,TIER 1 — Senior RM,Aug Wk1 (Aug 3-7),41.32,1,20.0,Other,CARE,October 2026,1,MEDIUM,INC rating hits ULTRA HOT threshold on 2026-11-05 — first call window,Get ahead of the Oct/Nov renewal rush; start ACER process now before CARE backlog builds
Harihar Alloys Pvt. Ltd.,TIER 1 — Senior RM,Aug Wk1 (Aug 3-7),41.31,1,20.0,Steel & Metals,IND-RA,October 2026,1,MEDIUM,INC rating hits ULTRA HOT threshold on 2026-11-24 — first call window,Get ahead of the Oct/Nov renewal rush; start ACER process now before IND-RA backlog builds
Shiva-Parvati Poultry Feed Pvt. Ltd.,TIER 1 — Senior RM,Aug Wk1 (Aug 3-7),41.07,1,20.0,Other,IND-RA,Q2 2027,1,LOW (<90 days),"INC since Apr 2026 (87 days). MEDIUM by Oct 2026, HOT by Jan 2027, ULTRA HOT by Apr 2027.",Your Non-government debt at IND-RA hits ULTRA HOT in Apr 2027. Start ACER process by Jan 2027 to be ahead of Q2 2027 renewal rush.
Ace Commercial Co. Pvt. Ltd.,TIER 1 — Senior RM,Aug Wk1 (Aug 3-7),40.46,1,20.0,Other,IND-RA,Q2 2027,1,LOW (<90 days),"INC since Apr 2026 (87 days). MEDIUM by Oct 2026, HOT by Jan 2027, ULTRA HOT by Apr 2027.",Your Non-government debt at IND-RA hits ULTRA HOT in Apr 2027. Start ACER process by Jan 2027 to be ahead of Q2 2027 renewal rush.
B T W-Atlanta Transformers India Pvt. Ltd.,TIER 1 — Senior RM,Aug Wk1 (Aug 3-7),40.0,1,20.0,Other,CARE,October 2026,1,LOW,INC rating hits HOT threshold on 2026-11-23 — first call window,Get ahead of the Oct/Nov renewal rush; start ACER process now before CARE backlog builds
Continental Milkose (India) Ltd.,TIER 1 — Senior RM,Aug Wk1 (Aug 3-7),40.0,1,20.0,Steel & Metals,IND-RA,October 2026,1,LOW,INC rating hits HOT threshold on 2026-10-13 — first call window,Get ahead of the Oct/Nov renewal rush; start ACER process now before IND-RA backlog builds
Dirco Polymers Pvt. Ltd.,TIER 1 — Senior RM,Aug Wk1 (Aug 3-7),40.0,1,3.0,Chemicals & Pharma,CARE,October 2026,1,LOW,INC rating hits HOT threshold on 2026-10-02 — first call window,Get ahead of the Oct/Nov renewal rush; start ACER process now before CARE backlog builds
Golden Seams Inds. Pvt. Ltd.,TIER 1 — Senior RM,Aug Wk1 (Aug 3-7),40.0,1,20.0,Jewellery/Gems,IND-RA,October 2026,1,LOW,INC rating hits HOT threshold on 2026-11-24 — first call window,Get ahead of the Oct/Nov renewal rush; start ACER process now before IND-RA backlog builds
Hindustan Prefab Ltd.,TIER 1 — Senior RM,Aug Wk1 (Aug 3-7),40.0,1,20.0,Other,IND-RA,October 2026,1,MEDIUM,INC rating hits ULTRA HOT threshold on 2026-10-17 — first call window,Get ahead of the Oct/Nov renewal rush; start ACER process now before IND-RA backlog builds
K N K Construction Pvt. Ltd.,TIER 1 — Senior RM,Aug Wk1 (Aug 3-7),40.0,1,3.0,Construction,ICRA,Q2 2027,1,LOW (<90 days),"INC since Apr 2026 (72 days). MEDIUM by Oct 2026, HOT by Jan 2027, ULTRA HOT by Apr 2027.",Your Non-fund-based financial facility/instrument at ICRA hits ULTRA HOT in Apr 2027. Start ACER process by Jan 2027 to be ahead of Q2 2027 renewal rush.
Kerafibertex International Pvt. Ltd.,TIER 1 — Senior RM,Aug Wk1 (Aug 3-7),40.0,1,20.0,Textiles,CARE,October 2026,1,LOW,INC rating hits HOT threshold on 2026-11-30 — first call window,Get ahead of the Oct/Nov renewal rush; start ACER process now before CARE backlog builds
Piyush Infratech Pvt. Ltd.,TIER 1 — Senior RM,Aug Wk1 (Aug 3-7),40.0,1,20.0,Construction,IND-RA,October 2026,1,MEDIUM,INC rating hits ULTRA HOT threshold on 2026-10-17 — first call window,Get ahead of the Oct/Nov renewal rush; start ACER process now before IND-RA backlog builds
Prashu Minerals & Services Pvt. Ltd.,TIER 1 — Senior RM,Aug Wk1 (Aug 3-7),40.0,1,20.0,Mining & Minerals,IND-RA,October 2026,1,MEDIUM,INC rating hits ULTRA HOT threshold on 2026-11-24 — first call window,Get ahead of the Oct/Nov renewal rush; start ACER process now before IND-RA backlog builds
Vijay Sheets & Strips Pvt. Ltd.,TIER 1 — Senior RM,Aug Wk1 (Aug 3-7),40.0,1,20.0,Other,IND-RA,Q2 2027,1,LOW (<90 days),"INC since Apr 2026 (87 days). MEDIUM by Oct 2026, HOT by Jan 2027, ULTRA HOT by Apr 2027.",Your Non-government debt at IND-RA hits ULTRA HOT in Apr 2027. Start ACER process by Jan 2027 to be ahead of Q2 2027 renewal rush.
B C Sen & Co. Ltd.,TIER 1 — Senior RM,Aug Wk1 (Aug 3-7),39.5,1,20.0,Other,IND-RA,October 2026,1,LOW,INC rating hits HOT threshold on 2026-11-24 — first call window,Get ahead of the Oct/Nov renewal rush; start ACER process now before IND-RA backlog builds
Durga Polysters Pvt. Ltd. [Merged],TIER 1 — Senior RM,Aug Wk1 (Aug 3-7),38.21,1,5.0,Other,ICRA,October 2026,1,MEDIUM,INC rating hits ULTRA HOT threshold on 2026-11-19 — first call window,Get ahead of the Oct/Nov renewal rush; start ACER process now before ICRA backlog builds
Kineta Global Ltd.,TIER 1 — Senior RM,Aug Wk1 (Aug 3-7),38.0,1,20.0,Other,IND-RA,Q2 2027,1,LOW (<90 days),"INC since Apr 2026 (87 days). MEDIUM by Oct 2026, HOT by Jan 2027, ULTRA HOT by Apr 2027.",Your Non-government debt at IND-RA hits ULTRA HOT in Apr 2027. Start ACER process by Jan 2027 to be ahead of Q2 2027 renewal rush.
S & I B Services Pvt. Ltd.,TIER 1 — Senior RM,Aug Wk1 (Aug 3-7),38.0,1,20.0,Other,ICRA,October 2026,1,MEDIUM,INC rating hits ULTRA HOT threshold on 2026-11-19 — first call window,Get ahead of the Oct/Nov renewal rush; start ACER process now before ICRA backlog builds
Noble Moulds Pvt. Ltd.,TIER 1 — Senior RM,Aug Wk1 (Aug 3-7),37.87,1,20.0,Other,BRICKWORK,Q1 2027,1,LOW/MEDIUM,INC rating hits ULTRA HOT on 2027-01-02 — prime Q1 2027 renewal target,Your NCD/Bond at BRICKWORK goes critical in Jan 2027. Start ACER process in Sep 2026 — before the Q1 rush.
Oriental Edumed Pvt. Ltd.,TIER 1 — Senior RM,Aug Wk1 (Aug 3-7),37.82,1,20.0,Other,CARE,Q1 2027,1,LOW/MEDIUM,INC rating hits ULTRA HOT on 2027-03-26 — prime Q1 2027 renewal target,Your NCD/Bond at CARE goes critical in Mar 2027. Start ACER process in Sep 2026 — before the Q1 rush.
Infres Methodex Pvt. Ltd.,TIER 1 — Senior RM,Aug Wk1 (Aug 3-7),37.8,1,20.0,Other,IND-RA,Q2 2027,1,LOW (<90 days),"INC since Apr 2026 (87 days). MEDIUM by Oct 2026, HOT by Jan 2027, ULTRA HOT by Apr 2027.",Your Non-government debt at IND-RA hits ULTRA HOT in Apr 2027. Start ACER process by Jan 2027 to be ahead of Q2 2027 renewal rush.
Vipul Organics Ltd.,TIER 1 — Senior RM,Aug Wk1 (Aug 3-7),37.15,1,20.0,Other,IND-RA,Q1 2027,1,LOW/MEDIUM,INC rating hits ULTRA HOT on 2027-03-25 — prime Q1 2027 renewal target,Your NCD/Bond at IND-RA goes critical in Mar 2027. Start ACER process in Sep 2026 — before the Q1 rush.
J P Sortex Pvt. Ltd.,TIER 1 — Senior RM,Aug Wk1 (Aug 3-7),37.0,1,20.0,Other,ICRA,October 2026,1,MEDIUM,INC rating hits ULTRA HOT threshold on 2026-10-13 — first call window,Get ahead of the Oct/Nov renewal rush; start ACER process now before ICRA backlog builds
U B Cotton Pvt. Ltd.,TIER 1 — Senior RM,Aug Wk1 (Aug 3-7),37.0,1,20.0,Agro & Food,CARE,October 2026,1,LOW,INC rating hits HOT threshold on 2026-10-06 — first call window,Get ahead of the Oct/Nov renewal rush; start ACER process now before CARE backlog builds
Ganadhi Pati Construction Pvt. Ltd.,TIER 1 — Senior RM,Aug Wk1 (Aug 3-7),36.0,1,20.0,Construction,ICRA,October 2026,1,LOW,INC rating hits HOT threshold on 2026-10-24 — first call window,Get ahead of the Oct/Nov renewal rush; start ACER process now before ICRA backlog builds
Sri Mouli Textiles Pvt. Ltd.,TIER 1 — Senior RM,Aug Wk1 (Aug 3-7),36.0,1,20.0,Construction,IND-RA,October 2026,1,LOW,INC rating hits HOT threshold on 2026-10-13 — first call window,Get ahead of the Oct/Nov renewal rush; start ACER process now before IND-RA backlog builds
Zen Shipping & Ports India Pvt. Ltd.,TIER 1 — Senior RM,Aug Wk1 (Aug 3-7),35.3,1,20.0,Logistics,IND-RA,Q2 2027,1,LOW (<90 days),"INC since Apr 2026 (87 days). MEDIUM by Oct 2026, HOT by Jan 2027, ULTRA HOT by Apr 2027.",Your Non-government debt at IND-RA hits ULTRA HOT in Apr 2027. Start ACER process by Jan 2027 to be ahead of Q2 2027 renewal rush.
Akansha Shipbreaking Pvt. Ltd.,TIER 1 — Senior RM,Aug Wk1 (Aug 3-7),35.0,1,20.0,Other,BRICKWORK,Q1 2027,1,LOW/MEDIUM,INC rating hits ULTRA HOT on 2027-03-31 — prime Q1 2027 renewal target,Your NCD/Bond at BRICKWORK goes critical in Mar 2027. Start ACER process in Sep 2026 — before the Q1 rush.
Mehadia Sales Trade Corpn. Pvt. Ltd.,TIER 1 — Senior RM,Aug Wk1 (Aug 3-7),35.0,1,20.0,Other,IND-RA,Q2 2027,1,LOW (<90 days),"INC since Apr 2026 (87 days). MEDIUM by Oct 2026, HOT by Jan 2027, ULTRA HOT by Apr 2027.",Your Non-government debt at IND-RA hits ULTRA HOT in Apr 2027. Start ACER process by Jan 2027 to be ahead of Q2 2027 renewal rush.
R S G Exports Pvt. Ltd.,TIER 1 — Senior RM,Aug Wk1 (Aug 3-7),35.0,1,20.0,Logistics,IND-RA,October 2026,1,MEDIUM,INC rating hits ULTRA HOT threshold on 2026-11-24 — first call window,Get ahead of the Oct/Nov renewal rush; start ACER process now before IND-RA backlog builds
Surajbhan Rajkumar Pvt. Ltd.,TIER 1 — Senior RM,Aug Wk1 (Aug 3-7),35.0,1,20.0,Other,ICRA,Q1 2027,1,LOW/MEDIUM,INC rating hits ULTRA HOT on 2027-03-16 — prime Q1 2027 renewal target,Your NCD/Bond at ICRA goes critical in Mar 2027. Start ACER process in Sep 2026 — before the Q1 rush.
Speedy Multimodes Ltd.,TIER 1 — Senior RM,Aug Wk1 (Aug 3-7),34.5,1,20.0,Other,IND-RA,October 2026,1,MEDIUM,INC rating hits ULTRA HOT threshold on 2026-11-24 — first call window,Get ahead of the Oct/Nov renewal rush; start ACER process now before IND-RA backlog builds
Tara Tarini Constructions Pvt. Ltd.,TIER 1 — Senior RM,Aug Wk1 (Aug 3-7),34.38,1,20.0,Construction,CARE,October 2026,1,LOW,INC rating hits HOT threshold on 2026-10-31 — first call window,Get ahead of the Oct/Nov renewal rush; start ACER process now before CARE backlog builds
India Home Loan Limited,TIER 1 — Senior RM,Aug Wk1 (Aug 3-7),34.29,1,3.0,Other,Infomerics,Q1 2027,1,LOW/MEDIUM,INC rating hits ULTRA HOT on 2027-01-23 — exclusive Q1 2027 whitespace lead,Your Infomerics INC rating goes critical in Jan 2027. ACER is your best alternative — no competitor has approached you.
Hetro Spinners Pvt. Ltd.,TIER 1 — Senior RM,Aug Wk1 (Aug 3-7),34.27,1,20.0,Other,IND-RA,Q2 2027,1,LOW (<90 days),"INC since Apr 2026 (87 days). MEDIUM by Oct 2026, HOT by Jan 2027, ULTRA HOT by Apr 2027.",Your Non-government debt at IND-RA hits ULTRA HOT in Apr 2027. Start ACER process by Jan 2027 to be ahead of Q2 2027 renewal rush.
Oriilon India Pvt. Ltd.,TIER 1 — Senior RM,Aug Wk1 (Aug 3-7),34.18,1,20.0,Other,CARE,October 2026,1,LOW,INC rating hits HOT threshold on 2026-10-17 — first call window,Get ahead of the Oct/Nov renewal rush; start ACER process now before CARE backlog builds
Pyrotech Workspace Solutions Pvt. Ltd.,TIER 1 — Senior RM,Aug Wk1 (Aug 3-7),34.0,1,20.0,IT/Technology,CARE,October 2026,1,LOW,INC rating hits HOT threshold on 2026-10-27 — first call window,Get ahead of the Oct/Nov renewal rush; start ACER process now before CARE backlog builds
Andhra Ferro Alloys Ltd.,TIER 1 — Senior RM,Aug Wk1 (Aug 3-7),33.5,1,20.0,Steel & Metals,ICRA,Q2 2027,1,LOW (<90 days),"INC since Apr 2026 (79 days). MEDIUM by Oct 2026, HOT by Jan 2027, ULTRA HOT by Apr 2027.",Your Non-government debt at ICRA hits ULTRA HOT in Apr 2027. Start ACER process by Jan 2027 to be ahead of Q2 2027 renewal rush.
Mittapally Agro Products Pvt. Ltd.,TIER 1 — Senior RM,Aug Wk1 (Aug 3-7),32.5,1,20.0,Agro & Food,CARE+CRISIL,Q2 2027,1,LOW (<90 days),"INC since Apr 2026 (75 days). MEDIUM by Oct 2026, HOT by Jan 2027, ULTRA HOT by Apr 2027.",Your Non-government debt at CARE hits ULTRA HOT in Apr 2027. Start ACER process by Jan 2027 to be ahead of Q2 2027 renewal rush.
Balaji Oil Industries Pvt. Ltd.,TIER 1 — Senior RM,Aug Wk1 (Aug 3-7),32.39,1,20.0,Energy,IND-RA,October 2026,1,LOW,INC rating hits HOT threshold on 2026-11-24 — first call window,Get ahead of the Oct/Nov renewal rush; start ACER process now before IND-RA backlog builds
Central India Engg. Pvt. Ltd.,TIER 1 — Senior RM,Aug Wk1 (Aug 3-7),32.32,1,20.0,Other,CARE,Q1 2027,1,LOW/MEDIUM,INC rating hits ULTRA HOT on 2027-03-27 — prime Q1 2027 renewal target,Your NCD/Bond at CARE goes critical in Mar 2027. Start ACER process in Sep 2026 — before the Q1 rush.
S G S Motors Pvt. Ltd.,TIER 1 — Senior RM,Aug Wk1 (Aug 3-7),32.0,1,20.0,Automobiles,IND-RA,October 2026,1,LOW,INC rating hits HOT threshold on 2026-10-13 — first call window,Get ahead of the Oct/Nov renewal rush; start ACER process now before IND-RA backlog builds
Translite Energy Ltd.,TIER 1 — Senior RM,Aug Wk1 (Aug 3-7),32.0,1,20.0,Energy,CARE,October 2026,1,LOW,INC rating hits HOT threshold on 2026-10-20 — first call window,Get ahead of the Oct/Nov renewal rush; start ACER process now before CARE backlog builds
Prime Retail India Ltd.,TIER 1 — Senior RM,Aug Wk1 (Aug 3-7),31.75,1,20.0,Other,IND-RA,Q2 2027,1,LOW (<90 days),"INC since Apr 2026 (87 days). MEDIUM by Oct 2026, HOT by Jan 2027, ULTRA HOT by Apr 2027.",Your Non-government debt at IND-RA hits ULTRA HOT in Apr 2027. Start ACER process by Jan 2027 to be ahead of Q2 2027 renewal rush.
Patiala Cotspin Pvt. Ltd.,TIER 1 — Senior RM,Aug Wk1 (Aug 3-7),31.65,1,20.0,Other,IND-RA,Q2 2027,1,LOW (<90 days),"INC since Apr 2026 (87 days). MEDIUM by Oct 2026, HOT by Jan 2027, ULTRA HOT by Apr 2027.",Your Non-government debt at IND-RA hits ULTRA HOT in Apr 2027. Start ACER process by Jan 2027 to be ahead of Q2 2027 renewal rush.
S S V Spinners Pvt. Ltd.,TIER 1 — Senior RM,Aug Wk1 (Aug 3-7),30.7,1,20.0,Other,IND-RA,Q2 2027,1,LOW (<90 days),"INC since Apr 2026 (87 days). MEDIUM by Oct 2026, HOT by Jan 2027, ULTRA HOT by Apr 2027.",Your Non-government debt at IND-RA hits ULTRA HOT in Apr 2027. Start ACER process by Jan 2027 to be ahead of Q2 2027 renewal rush.
B N T Connections Impex Ltd.,TIER 1 — Senior RM,Aug Wk1 (Aug 3-7),30.55,1,20.0,Other,IND-RA,Q2 2027,1,LOW (<90 days),"INC since Apr 2026 (87 days). MEDIUM by Oct 2026, HOT by Jan 2027, ULTRA HOT by Apr 2027.",Your Non-government debt at IND-RA hits ULTRA HOT in Apr 2027. Start ACER process by Jan 2027 to be ahead of Q2 2027 renewal rush.
Sri Venkateswara Spintex Pvt. Ltd.,TIER 1 — Senior RM,Aug Wk1 (Aug 3-7),30.34,1,20.0,Other,IND-RA,October 2026,1,LOW,INC rating hits HOT threshold on 2026-10-13 — first call window,Get ahead of the Oct/Nov renewal rush; start ACER process now before IND-RA backlog builds
A S Motors Pvt. Ltd.,TIER 1 — Senior RM,Aug Wk1 (Aug 3-7),30.29,1,20.0,Other,CARE,Q1 2027,1,LOW/MEDIUM,INC rating hits ULTRA HOT on 2027-03-26 — prime Q1 2027 renewal target,Your NCD/Bond at CARE goes critical in Mar 2027. Start ACER process in Sep 2026 — before the Q1 rush.
Akhil Shipbreakers Pvt. Ltd.,TIER 1 — Senior RM,Aug Wk1 (Aug 3-7),30.0,1,20.0,Other,BRICKWORK,October 2026,1,LOW,INC rating hits HOT threshold on 2026-10-20 — first call window,Get ahead of the Oct/Nov renewal rush; start ACER process now before BRICKWORK backlog builds
Ashish Vessel Demolition Pvt. Ltd.,TIER 1 — Senior RM,Aug Wk1 (Aug 3-7),30.0,1,20.0,Logistics,CARE,October 2026,1,LOW,INC rating hits HOT threshold on 2026-10-26 — first call window,Get ahead of the Oct/Nov renewal rush; start ACER process now before CARE backlog builds
Balaji Fiber Reinforce Pvt. Ltd.,TIER 1 — Senior RM,Aug Wk1 (Aug 3-7),30.0,1,20.0,Other,IND-RA,Q2 2027,1,LOW (<90 days),"INC since Apr 2026 (87 days). MEDIUM by Oct 2026, HOT by Jan 2027, ULTRA HOT by Apr 2027.",Your Non-government debt at IND-RA hits ULTRA HOT in Apr 2027. Start ACER process by Jan 2027 to be ahead of Q2 2027 renewal rush.
Chetana Education Ltd.,TIER 1 — Senior RM,Aug Wk1 (Aug 3-7),30.0,1,20.0,Education,ICRA,October 2026,1,LOW,INC rating hits HOT threshold on 2026-10-16 — first call window,Get ahead of the Oct/Nov renewal rush; start ACER process now before ICRA backlog builds
P E Erectors Pvt. Ltd.,TIER 1 — Senior RM,Aug Wk1 (Aug 3-7),30.0,1,20.0,Other,IND-RA,Q2 2027,1,LOW (<90 days),"INC since Apr 2026 (87 days). MEDIUM by Oct 2026, HOT by Jan 2027, ULTRA HOT by Apr 2027.",Your Non-government debt at IND-RA hits ULTRA HOT in Apr 2027. Start ACER process by Jan 2027 to be ahead of Q2 2027 renewal rush.
Servotech India Ltd.,TIER 1 — Senior RM,Aug Wk1 (Aug 3-7),30.0,1,20.0,IT/Technology,IND-RA,October 2026,1,LOW,INC rating hits HOT threshold on 2026-10-13 — first call window,Get ahead of the Oct/Nov renewal rush; start ACER process now before IND-RA backlog builds
Shubha Proteins Pvt. Ltd.,TIER 1 — Senior RM,Aug Wk1 (Aug 3-7),30.0,1,20.0,Other,BRICKWORK,October 2026,1,LOW,INC rating hits HOT threshold on 2026-11-22 — first call window,Get ahead of the Oct/Nov renewal rush; start ACER process now before BRICKWORK backlog builds
T L G Agro Traders Pvt. Ltd.,TIER 1 — Senior RM,Aug Wk1 (Aug 3-7),30.0,1,20.0,Agro & Food,BRICKWORK,Q1 2027,1,LOW/MEDIUM,INC rating hits ULTRA HOT on 2027-03-11 — prime Q1 2027 renewal target,Your NCD/Bond at BRICKWORK goes critical in Mar 2027. Start ACER process in Sep 2026 — before the Q1 rush.
Savla Foods & Cold Storage Pvt. Ltd.,TIER 1 — Senior RM,Aug Wk1 (Aug 3-7),29.39,1,20.0,Agro & Food,ICRA,Q1 2027,1,LOW/MEDIUM,INC rating hits ULTRA HOT on 2027-03-26 — prime Q1 2027 renewal target,Your NCD/Bond at ICRA goes critical in Mar 2027. Start ACER process in Sep 2026 — before the Q1 rush.
Arena Lifestyles Pvt. Ltd.,TIER 1 — Senior RM,Aug Wk1 (Aug 3-7),29.0,1,20.0,Other,IND-RA,Q2 2027,1,LOW (<90 days),"INC since Apr 2026 (87 days). MEDIUM by Oct 2026, HOT by Jan 2027, ULTRA HOT by Apr 2027.",Your Non-government debt at IND-RA hits ULTRA HOT in Apr 2027. Start ACER process by Jan 2027 to be ahead of Q2 2027 renewal rush.
Dali & Samir Engg. Pvt. Ltd.,TIER 1 — Senior RM,Aug Wk1 (Aug 3-7),28.22,1,20.0,Agro & Food,CARE,October 2026,1,MEDIUM,INC rating hits ULTRA HOT threshold on 2026-10-01 — first call window,Get ahead of the Oct/Nov renewal rush; start ACER process now before CARE backlog builds
Klassik Lamitex Pvt. Ltd.,TIER 1 — Senior RM,Aug Wk1 (Aug 3-7),27.76,1,20.0,Other,IND-RA,Q2 2027,1,LOW (<90 days),"INC since Apr 2026 (87 days). MEDIUM by Oct 2026, HOT by Jan 2027, ULTRA HOT by Apr 2027.",Your Non-government debt at IND-RA hits ULTRA HOT in Apr 2027. Start ACER process by Jan 2027 to be ahead of Q2 2027 renewal rush.
Paracoat Products Ltd.,TIER 1 — Senior RM,Aug Wk1 (Aug 3-7),27.5,1,20.0,Manufacturing,IND-RA,October 2026,1,LOW,INC rating hits HOT threshold on 2026-10-13 — first call window,Get ahead of the Oct/Nov renewal rush; start ACER process now before IND-RA backlog builds
Sekhani Industries Pvt. Ltd.,TIER 1 — Senior RM,Aug Wk1 (Aug 3-7),26.58,1,5.0,Manufacturing,CARE,October 2026,1,MEDIUM,INC rating hits ULTRA HOT threshold on 2026-10-09 — first call window,Get ahead of the Oct/Nov renewal rush; start ACER process now before CARE backlog builds
Bon Ton Softwares Pvt. Ltd.,TIER 1 — Senior RM,Aug Wk1 (Aug 3-7),26.14,1,20.0,IT/Technology,IND-RA,October 2026,1,LOW,INC rating hits HOT threshold on 2026-11-24 — first call window,Get ahead of the Oct/Nov renewal rush; start ACER process now before IND-RA backlog builds
Meena Agency Ltd.,TIER 1 — Senior RM,Aug Wk1 (Aug 3-7),26.0,1,20.0,Other,CARE,Q1 2027,1,LOW/MEDIUM,INC rating hits ULTRA HOT on 2027-03-30 — prime Q1 2027 renewal target,Your NCD/Bond at CARE goes critical in Mar 2027. Start ACER process in Sep 2026 — before the Q1 rush.
Techno Global Services Pvt. Ltd.,TIER 1 — Senior RM,Aug Wk1 (Aug 3-7),26.0,1,4.0,IT/Technology,CARE,October 2026,1,MEDIUM,INC rating hits ULTRA HOT threshold on 2026-10-10 — first call window,Get ahead of the Oct/Nov renewal rush; start ACER process now before CARE backlog builds
Ramya Reprographic Pvt. Ltd.,TIER 1 — Senior RM,Aug Wk1 (Aug 3-7),25.5,1,20.0,Other,IND-RA,October 2026,1,LOW,INC rating hits HOT threshold on 2026-11-24 — first call window,Get ahead of the Oct/Nov renewal rush; start ACER process now before IND-RA backlog builds
Siddhartha Innopack Inds. Pvt. Ltd.,TIER 1 — Senior RM,Aug Wk1 (Aug 3-7),25.48,1,20.0,Other,IND-RA,Q2 2027,1,LOW (<90 days),"INC since Apr 2026 (87 days). MEDIUM by Oct 2026, HOT by Jan 2027, ULTRA HOT by Apr 2027.",Your Non-government debt at IND-RA hits ULTRA HOT in Apr 2027. Start ACER process by Jan 2027 to be ahead of Q2 2027 renewal rush.
Leopard Vitrified Pvt. Ltd.,TIER 1 — Senior RM,Aug Wk1 (Aug 3-7),25.32,1,5.0,Other,CARE,October 2026,1,LOW,INC rating hits HOT threshold on 2026-11-14 — first call window,Get ahead of the Oct/Nov renewal rush; start ACER process now before CARE backlog builds
Primitus Industries Pvt. Ltd.,TIER 1 — Senior RM,Aug Wk1 (Aug 3-7),25.0,1,20.0,Other,IND-RA,Q2 2027,1,LOW (<90 days),"INC since Apr 2026 (87 days). MEDIUM by Oct 2026, HOT by Jan 2027, ULTRA HOT by Apr 2027.",Your Non-government debt at IND-RA hits ULTRA HOT in Apr 2027. Start ACER process by Jan 2027 to be ahead of Q2 2027 renewal rush.
Super Hygiene Products Pvt. Ltd.,TIER 1 — Senior RM,Aug Wk1 (Aug 3-7),25.0,1,20.0,Manufacturing,IND-RA,October 2026,1,LOW,INC rating hits HOT threshold on 2026-10-13 — first call window,Get ahead of the Oct/Nov renewal rush; start ACER process now before IND-RA backlog builds
Swift Securitas Pvt. Ltd.,TIER 1 — Senior RM,Aug Wk1 (Aug 3-7),24.35,1,20.0,BFSI,CARE,October 2026,1,LOW,INC rating hits HOT threshold on 2026-11-23 — first call window,Get ahead of the Oct/Nov renewal rush; start ACER process now before CARE backlog builds
Ved Cellulose Ltd.,TIER 1 — Senior RM,Aug Wk1 (Aug 3-7),24.23,1,20.0,Other,IND-RA,Q2 2027,1,LOW (<90 days),"INC since Apr 2026 (87 days). MEDIUM by Oct 2026, HOT by Jan 2027, ULTRA HOT by Apr 2027.",Your Non-government debt at IND-RA hits ULTRA HOT in Apr 2027. Start ACER process by Jan 2027 to be ahead of Q2 2027 renewal rush.
Bharat Electrodrives Pvt. Ltd.,TIER 1 — Senior RM,Aug Wk1 (Aug 3-7),24.19,1,5.0,Other,CARE,October 2026,1,LOW,INC rating hits HOT threshold on 2026-11-02 — first call window,Get ahead of the Oct/Nov renewal rush; start ACER process now before CARE backlog builds
V K S-Gormi Udotgarh Corridor Pvt. Ltd.,TIER 1 — Senior RM,Aug Wk1 (Aug 3-7),24.04,1,5.0,Other,CARE,October 2026,1,MEDIUM,INC rating hits ULTRA HOT threshold on 2026-11-11 — first call window,Get ahead of the Oct/Nov renewal rush; start ACER process now before CARE backlog builds
Spg Infraprojects Ltd.,TIER 1 — Senior RM,Aug Wk1 (Aug 3-7),24.0,1,20.0,Construction,CARE,October 2026,1,MEDIUM,INC rating hits ULTRA HOT threshold on 2026-10-31 — first call window,Get ahead of the Oct/Nov renewal rush; start ACER process now before CARE backlog builds
Suvarna Shilpi Jewellers Pvt. Ltd.,TIER 1 — Senior RM,Aug Wk1 (Aug 3-7),24.0,1,20.0,Jewellery,BRICKWORK,Q1 2027,1,LOW/MEDIUM,INC rating hits ULTRA HOT on 2027-03-23 — prime Q1 2027 renewal target,Your NCD/Bond at BRICKWORK goes critical in Mar 2027. Start ACER process in Sep 2026 — before the Q1 rush.
Dhanlaxmi Electricals Pvt. Ltd.,TIER 1 — Senior RM,Aug Wk1 (Aug 3-7),23.0,1,20.0,Energy/Power,IND-RA,Q2 2027,1,LOW (<90 days),"INC since Apr 2026 (87 days). MEDIUM by Oct 2026, HOT by Jan 2027, ULTRA HOT by Apr 2027.",Your Non-government debt at IND-RA hits ULTRA HOT in Apr 2027. Start ACER process by Jan 2027 to be ahead of Q2 2027 renewal rush.
Geetha Krishna Spg. Mills Pvt. Ltd.,TIER 1 — Senior RM,Aug Wk1 (Aug 3-7),23.0,1,20.0,Other,IND-RA,Q2 2027,1,LOW (<90 days),"INC since Apr 2026 (87 days). MEDIUM by Oct 2026, HOT by Jan 2027, ULTRA HOT by Apr 2027.",Your Non-government debt at IND-RA hits ULTRA HOT in Apr 2027. Start ACER process by Jan 2027 to be ahead of Q2 2027 renewal rush.
P P Pandey Infrastructure Pvt. Ltd.,TIER 1 — Senior RM,Aug Wk1 (Aug 3-7),22.6,1,20.0,Construction,IND-RA,Q2 2027,1,LOW (<90 days),"INC since Apr 2026 (87 days). MEDIUM by Oct 2026, HOT by Jan 2027, ULTRA HOT by Apr 2027.",Your Non-government debt at IND-RA hits ULTRA HOT in Apr 2027. Start ACER process by Jan 2027 to be ahead of Q2 2027 renewal rush.
Puneet Iron & Steel Pvt. Ltd.,TIER 1 — Senior RM,Aug Wk1 (Aug 3-7),22.0,1,20.0,Steel & Metals,IND-RA,October 2026,1,LOW,INC rating hits HOT threshold on 2026-10-13 — first call window,Get ahead of the Oct/Nov renewal rush; start ACER process now before IND-RA backlog builds
Shivam Motors Pvt. Ltd.,TIER 1 — Senior RM,Aug Wk1 (Aug 3-7),22.0,1,20.0,Automobiles,ICRA,October 2026,1,MEDIUM,INC rating hits ULTRA HOT threshold on 2026-11-28 — first call window,Get ahead of the Oct/Nov renewal rush; start ACER process now before ICRA backlog builds
Survi Projects Pvt. Ltd.,TIER 1 — Senior RM,Aug Wk1 (Aug 3-7),22.0,1,20.0,Construction,CARE,October 2026,1,MEDIUM,INC rating hits ULTRA HOT threshold on 2026-10-10 — first call window,Get ahead of the Oct/Nov renewal rush; start ACER process now before CARE backlog builds
Zenith Exports Ltd.,TIER 1 — Senior RM,Aug Wk1 (Aug 3-7),22.0,1,20.0,Logistics,ICRA,October 2026,1,LOW,INC rating hits HOT threshold on 2026-11-22 — first call window,Get ahead of the Oct/Nov renewal rush; start ACER process now before ICRA backlog builds
Pearl International Services Pvt. Ltd.,TIER 1 — Senior RM,Aug Wk1 (Aug 3-7),21.5,1,20.0,Other,IND-RA,October 2026,1,LOW,INC rating hits HOT threshold on 2026-10-13 — first call window,Get ahead of the Oct/Nov renewal rush; start ACER process now before IND-RA backlog builds
New Field Industrial Equipment Pvt. Ltd.,TIER 1 — Senior RM,Aug Wk1 (Aug 3-7),21.25,1,20.0,Manufacturing,IND-RA,October 2026,1,LOW,INC rating hits HOT threshold on 2026-10-13 — first call window,Get ahead of the Oct/Nov renewal rush; start ACER process now before IND-RA backlog builds
Pragati Marine Services Pvt. Ltd.,TIER 1 — Senior RM,Aug Wk1 (Aug 3-7),21.05,1,20.0,Other,ICRA,Q2 2027,1,LOW (<90 days),"INC since Apr 2026 (74 days). MEDIUM by Oct 2026, HOT by Jan 2027, ULTRA HOT by Apr 2027.",Your Non-government debt at ICRA hits ULTRA HOT in Apr 2027. Start ACER process by Jan 2027 to be ahead of Q2 2027 renewal rush.
Anand Construwell Pvt. Ltd.,TIER 1 — Senior RM,Aug Wk1 (Aug 3-7),21.0,1,20.0,Other,IND-RA,October 2026,1,LOW,INC rating hits HOT threshold on 2026-10-13 — first call window,Get ahead of the Oct/Nov renewal rush; start ACER process now before IND-RA backlog builds
Patdiam Jewellery Ltd.,TIER 1 — Senior RM,Aug Wk1 (Aug 3-7),21.0,1,20.0,Jewellery/Gems,IND-RA,October 2026,1,MEDIUM,INC rating hits ULTRA HOT threshold on 2026-11-24 — first call window,Get ahead of the Oct/Nov renewal rush; start ACER process now before IND-RA backlog builds
S S V Fab Inds. Pvt. Ltd.,TIER 1 — Senior RM,Aug Wk1 (Aug 3-7),21.0,1,20.0,Other,IND-RA,Q1 2027,1,LOW/MEDIUM,INC rating hits ULTRA HOT on 2027-03-24 — prime Q1 2027 renewal target,Your NCD/Bond at IND-RA goes critical in Mar 2027. Start ACER process in Sep 2026 — before the Q1 rush.
Sri Saravana Tex Exports India Pvt. Ltd.,TIER 1 — Senior RM,Aug Wk1 (Aug 3-7),21.0,1,20.0,Other,BRICKWORK,Q1 2027,1,LOW/MEDIUM,INC rating hits ULTRA HOT on 2027-03-11 — prime Q1 2027 renewal target,Your NCD/Bond at BRICKWORK goes critical in Mar 2027. Start ACER process in Sep 2026 — before the Q1 rush.
A A A Textiles Pvt. Ltd.,TIER 1 — Senior RM,Aug Wk1 (Aug 3-7),20.63,1,5.0,Construction,IND-RA,October 2026,1,MEDIUM,INC rating hits ULTRA HOT threshold on 2026-10-08 — first call window,Get ahead of the Oct/Nov renewal rush; start ACER process now before IND-RA backlog builds
Medipol Pharmaceutical India Pvt. Ltd.,TIER 1 — Senior RM,Aug Wk1 (Aug 3-7),20.5,1,20.0,Chemicals & Pharma,CARE,Q1 2027,1,LOW/MEDIUM,INC rating hits ULTRA HOT on 2027-03-26 — prime Q1 2027 renewal target,Your NCD/Bond at CARE goes critical in Mar 2027. Start ACER process in Sep 2026 — before the Q1 rush.
D M L World Trade Pvt. Ltd.,TIER 1 — Senior RM,Aug Wk1 (Aug 3-7),20.0,1,20.0,Other,IND-RA,Q2 2027,1,LOW (<90 days),"INC since Apr 2026 (87 days). MEDIUM by Oct 2026, HOT by Jan 2027, ULTRA HOT by Apr 2027.",Your Non-government debt at IND-RA hits ULTRA HOT in Apr 2027. Start ACER process by Jan 2027 to be ahead of Q2 2027 renewal rush.
Eneroil Offshore Drilling Ltd.,TIER 1 — Senior RM,Aug Wk1 (Aug 3-7),20.0,1,20.0,Energy,CARE,Q1 2027,1,LOW/MEDIUM,INC rating hits ULTRA HOT on 2027-03-20 — prime Q1 2027 renewal target,Your NCD/Bond at CARE goes critical in Mar 2027. Start ACER process in Sep 2026 — before the Q1 rush.
Harihara Metalloys Pvt. Ltd.,TIER 1 — Senior RM,Aug Wk1 (Aug 3-7),20.0,1,20.0,Steel & Metals,IND-RA,Q2 2027,1,LOW (<90 days),"INC since Apr 2026 (87 days). MEDIUM by Oct 2026, HOT by Jan 2027, ULTRA HOT by Apr 2027.",Your Non-government debt at IND-RA hits ULTRA HOT in Apr 2027. Start ACER process by Jan 2027 to be ahead of Q2 2027 renewal rush.
Hind Tradex Ltd.,TIER 1 — Senior RM,Aug Wk1 (Aug 3-7),20.0,1,20.0,Trading/Exports,BRICKWORK,October 2026,1,LOW,INC rating hits HOT threshold on 2026-11-29 — first call window,Get ahead of the Oct/Nov renewal rush; start ACER process now before BRICKWORK backlog builds
Inventive Software Solutions Pvt. Ltd.,TIER 1 — Senior RM,Aug Wk1 (Aug 3-7),20.0,1,20.0,IT/Technology,CARE,Q1 2027,1,LOW/MEDIUM,INC rating hits ULTRA HOT on 2027-03-10 — prime Q1 2027 renewal target,Your NCD/Bond at CARE goes critical in Mar 2027. Start ACER process in Sep 2026 — before the Q1 rush.
Maya Construction Co. Pvt. Ltd.,TIER 1 — Senior RM,Aug Wk1 (Aug 3-7),20.0,1,20.0,Construction,IND-RA,October 2026,1,LOW,INC rating hits HOT threshold on 2026-10-13 — first call window,Get ahead of the Oct/Nov renewal rush; start ACER process now before IND-RA backlog builds
S P G V Petrochem (India) Pvt. Ltd.,TIER 1 — Senior RM,Aug Wk1 (Aug 3-7),20.0,1,20.0,Chemicals & Pharma,CARE,Q2 2027,1,LOW (<90 days),"INC since Apr 2026 (76 days). MEDIUM by Oct 2026, HOT by Jan 2027, ULTRA HOT by Apr 2027.",Your Non-government debt at CARE hits ULTRA HOT in Apr 2027. Start ACER process by Jan 2027 to be ahead of Q2 2027 renewal rush.
Straddle Industries Pvt. Ltd.,TIER 1 — Senior RM,Aug Wk1 (Aug 3-7),20.0,1,20.0,Other,IND-RA,Q2 2027,1,LOW (<90 days),"INC since Apr 2026 (87 days). MEDIUM by Oct 2026, HOT by Jan 2027, ULTRA HOT by Apr 2027.",Your Non-government debt at IND-RA hits ULTRA HOT in Apr 2027. Start ACER process by Jan 2027 to be ahead of Q2 2027 renewal rush.
Svasca Industries (India) Ltd.,TIER 1 — Senior RM,Aug Wk1 (Aug 3-7),20.0,1,20.0,Manufacturing,CARE,October 2026,1,MEDIUM,INC rating hits ULTRA HOT threshold on 2026-10-30 — first call window,Get ahead of the Oct/Nov renewal rush; start ACER process now before CARE backlog builds
Radius Water Ltd.,TIER 1 — Senior RM,Aug Wk1 (Aug 3-7),19.94,1,5.0,Other,ICRA,Q2 2027,1,LOW (<90 days),"INC since Apr 2026 (62 days). MEDIUM by Oct 2026, HOT by Jan 2027, ULTRA HOT by Apr 2027.",Your Term loans at ICRA hits ULTRA HOT in Apr 2027. Start ACER process by Jan 2027 to be ahead of Q2 2027 renewal rush.
Karnataka Commercial & Indl. Corpn. Pvt. Ltd.,TIER 1 — Senior RM,Aug Wk1 (Aug 3-7),19.7,1,20.0,Other,ICRA,October 2026,1,MEDIUM,INC rating hits ULTRA HOT threshold on 2026-11-28 — first call window,Get ahead of the Oct/Nov renewal rush; start ACER process now before ICRA backlog builds
Jimcap Electronics Pvt. Ltd.,TIER 1 — Senior RM,Aug Wk1 (Aug 3-7),19.39,1,20.0,Other,CARE,Q1 2027,1,LOW/MEDIUM,INC rating hits ULTRA HOT on 2027-03-11 — prime Q1 2027 renewal target,Your NCD/Bond at CARE goes critical in Mar 2027. Start ACER process in Sep 2026 — before the Q1 rush.
Gemus Engineering Ltd.,TIER 1 — Senior RM,Aug Wk1 (Aug 3-7),19.3,1,20.0,Other,IND-RA,Q2 2027,1,LOW (<90 days),"INC since Apr 2026 (87 days). MEDIUM by Oct 2026, HOT by Jan 2027, ULTRA HOT by Apr 2027.",Your Non-government debt at IND-RA hits ULTRA HOT in Apr 2027. Start ACER process by Jan 2027 to be ahead of Q2 2027 renewal rush.
Amartex Industries Ltd.,TIER 1 — Senior RM,Aug Wk1 (Aug 3-7),19.21,1,20.0,Manufacturing,BRICKWORK,October 2026,1,LOW,INC rating hits HOT threshold on 2026-11-16 — first call window,Get ahead of the Oct/Nov renewal rush; start ACER process now before BRICKWORK backlog builds
George Maijo Automobiles Pvt. Ltd.,TIER 1 — Senior RM,Aug Wk1 (Aug 3-7),19.11,1,5.0,Manufacturing,CARE,Q1 2027,1,LOW/MEDIUM,INC rating hits ULTRA HOT on 2027-03-16 — prime Q1 2027 renewal target,Your Term Loan at CARE goes critical in Mar 2027. Start ACER process in Sep 2026 — before the Q1 rush.
Madhu Industries Ltd.,TIER 1 — Senior RM,Aug Wk1 (Aug 3-7),19.0,1,20.0,Manufacturing,CARE,October 2026,1,MEDIUM,INC rating hits ULTRA HOT threshold on 2026-11-06 — first call window,Get ahead of the Oct/Nov renewal rush; start ACER process now before CARE backlog builds
Manishri Refractories & Ceramics Pvt. Ltd.,TIER 1 — Senior RM,Aug Wk1 (Aug 3-7),19.0,1,3.0,Other,ICRA,Q1 2027,1,LOW/MEDIUM,INC rating hits ULTRA HOT on 2027-03-24 — prime Q1 2027 renewal target,Your Non-Fund-Based at ICRA goes critical in Mar 2027. Start ACER process in Sep 2026 — before the Q1 rush.
Sakshi Markfin Pvt. Ltd.,TIER 1 — Senior RM,Aug Wk1 (Aug 3-7),19.0,1,20.0,Other,BRICKWORK,October 2026,1,LOW,INC rating hits HOT threshold on 2026-11-03 — first call window,Get ahead of the Oct/Nov renewal rush; start ACER process now before BRICKWORK backlog builds
Sempertrans India Pvt. Ltd.,TIER 1 — Senior RM,Aug Wk1 (Aug 3-7),19.0,1,20.0,Other,CARE,October 2026,1,MEDIUM,INC rating hits ULTRA HOT threshold on 2026-11-07 — first call window,Get ahead of the Oct/Nov renewal rush; start ACER process now before CARE backlog builds
Hemant Surgical Inds. Ltd.,TIER 1 — Senior RM,Aug Wk1 (Aug 3-7),18.35,1,20.0,Other,IND-RA,Q2 2027,1,LOW (<90 days),"INC since Apr 2026 (87 days). MEDIUM by Oct 2026, HOT by Jan 2027, ULTRA HOT by Apr 2027.",Your Non-government debt at IND-RA hits ULTRA HOT in Apr 2027. Start ACER process by Jan 2027 to be ahead of Q2 2027 renewal rush.
Jasmine Towels Pvt. Ltd.,TIER 1 — Senior RM,Aug Wk1 (Aug 3-7),18.25,1,20.0,Other,IND-RA,October 2026,1,MEDIUM,INC rating hits ULTRA HOT threshold on 2026-11-24 — first call window,Get ahead of the Oct/Nov renewal rush; start ACER process now before IND-RA backlog builds
Nainital Motors Pvt. Ltd.,TIER 1 — Senior RM,Aug Wk1 (Aug 3-7),18.25,1,20.0,Automobiles,IND-RA,Q2 2027,1,LOW (<90 days),"INC since Apr 2026 (87 days). MEDIUM by Oct 2026, HOT by Jan 2027, ULTRA HOT by Apr 2027.",Your Non-government debt at IND-RA hits ULTRA HOT in Apr 2027. Start ACER process by Jan 2027 to be ahead of Q2 2027 renewal rush.
Texaco Synthetics Pvt. Ltd.,TIER 1 — Senior RM,Aug Wk1 (Aug 3-7),18.14,1,20.0,Other,IND-RA,Q2 2027,1,LOW (<90 days),"INC since Apr 2026 (87 days). MEDIUM by Oct 2026, HOT by Jan 2027, ULTRA HOT by Apr 2027.",Your Non-government debt at IND-RA hits ULTRA HOT in Apr 2027. Start ACER process by Jan 2027 to be ahead of Q2 2027 renewal rush.
A-I Enterprises Pvt. Ltd.,TIER 1 — Senior RM,Aug Wk1 (Aug 3-7),18.0,1,20.0,Other,CARE,October 2026,1,MEDIUM,INC rating hits ULTRA HOT threshold on 2026-11-10 — first call window,Get ahead of the Oct/Nov renewal rush; start ACER process now before CARE backlog builds
Bawa Float Glass Ltd.,TIER 1 — Senior RM,Aug Wk1 (Aug 3-7),18.0,1,20.0,Other,CARE,October 2026,1,LOW,INC rating hits HOT threshold on 2026-10-03 — first call window,Get ahead of the Oct/Nov renewal rush; start ACER process now before CARE backlog builds
Euro Leder Fashion Ltd.,TIER 1 — Senior RM,Aug Wk1 (Aug 3-7),18.0,1,20.0,Textiles,BRICKWORK,October 2026,1,LOW,INC rating hits HOT threshold on 2026-11-21 — first call window,Get ahead of the Oct/Nov renewal rush; start ACER process now before BRICKWORK backlog builds
Har Auto Pvt. Ltd.,TIER 1 — Senior RM,Aug Wk1 (Aug 3-7),18.0,1,20.0,Automobiles,IND-RA,October 2026,1,LOW,INC rating hits HOT threshold on 2026-10-13 — first call window,Get ahead of the Oct/Nov renewal rush; start ACER process now before IND-RA backlog builds
M S Graphics Pvt. Ltd.,TIER 1 — Senior RM,Aug Wk1 (Aug 3-7),18.0,1,20.0,Other,IND-RA,October 2026,1,LOW,INC rating hits HOT threshold on 2026-11-24 — first call window,Get ahead of the Oct/Nov renewal rush; start ACER process now before IND-RA backlog builds
Mining Associates Pvt. Ltd.,TIER 1 — Senior RM,Aug Wk1 (Aug 3-7),18.0,1,20.0,Mining & Minerals,ICRA,October 2026,1,LOW,INC rating hits HOT threshold on 2026-10-26 — first call window,Get ahead of the Oct/Nov renewal rush; start ACER process now before ICRA backlog builds
Premier Seafoods Exim Pvt. Ltd.,TIER 1 — Senior RM,Aug Wk1 (Aug 3-7),18.0,1,20.0,Agro & Food,IND-RA,October 2026,1,MEDIUM,INC rating hits ULTRA HOT threshold on 2026-11-24 — first call window,Get ahead of the Oct/Nov renewal rush; start ACER process now before IND-RA backlog builds
Vijay Engineering Equipment India Pvt. Ltd.,TIER 1 — Senior RM,Aug Wk1 (Aug 3-7),17.92,1,20.0,Manufacturing,IND-RA,October 2026,1,LOW,INC rating hits HOT threshold on 2026-10-13 — first call window,Get ahead of the Oct/Nov renewal rush; start ACER process now before IND-RA backlog builds
Maruti Products Pvt. Ltd.,TIER 1 — Senior RM,Aug Wk1 (Aug 3-7),17.5,1,20.0,Manufacturing,ICRA,October 2026,1,MEDIUM,INC rating hits ULTRA HOT threshold on 2026-11-26 — first call window,Get ahead of the Oct/Nov renewal rush; start ACER process now before ICRA backlog builds
Sun Steel Inds. Pvt. Ltd.,TIER 1 — Senior RM,Aug Wk1 (Aug 3-7),17.5,1,20.0,Steel & Metals,IND-RA,October 2026,1,LOW,INC rating hits HOT threshold on 2026-10-13 — first call window,Get ahead of the Oct/Nov renewal rush; start ACER process now before IND-RA backlog builds
T I Medical Pvt. Ltd.,TIER 1 — Senior RM,Aug Wk1 (Aug 3-7),17.5,1,20.0,Healthcare,BRICKWORK,October 2026,1,LOW,INC rating hits HOT threshold on 2026-10-16 — first call window,Get ahead of the Oct/Nov renewal rush; start ACER process now before BRICKWORK backlog builds
Anand Mine Tools Pvt. Ltd.,TIER 1 — Senior RM,Aug Wk1 (Aug 3-7),17.35,1,20.0,Other,IND-RA,Q2 2027,1,LOW (<90 days),"INC since Apr 2026 (87 days). MEDIUM by Oct 2026, HOT by Jan 2027, ULTRA HOT by Apr 2027.",Your Non-government debt at IND-RA hits ULTRA HOT in Apr 2027. Start ACER process by Jan 2027 to be ahead of Q2 2027 renewal rush.
Sonale Fabrics Pvt. Ltd.,TIER 1 — Senior RM,Aug Wk1 (Aug 3-7),17.1,1,20.0,Textiles,IND-RA,October 2026,1,LOW,INC rating hits HOT threshold on 2026-10-13 — first call window,Get ahead of the Oct/Nov renewal rush; start ACER process now before IND-RA backlog builds
Quality Tea Plantations Pvt. Ltd.,TIER 1 — Senior RM,Aug Wk1 (Aug 3-7),16.77,1,20.0,Agro & Food,IND-RA,October 2026,1,LOW,INC rating hits HOT threshold on 2026-10-13 — first call window,Get ahead of the Oct/Nov renewal rush; start ACER process now before IND-RA backlog builds
Pes Installations Pvt. Ltd.,TIER 1 — Senior RM,Aug Wk1 (Aug 3-7),16.5,1,20.0,Other,CARE,October 2026,1,MEDIUM,INC rating hits ULTRA HOT threshold on 2026-11-28 — first call window,Get ahead of the Oct/Nov renewal rush; start ACER process now before CARE backlog builds
Sanauto Engineers (India) Pvt. Ltd.,TIER 1 — Senior RM,Aug Wk1 (Aug 3-7),16.4,1,5.0,Manufacturing,CARE,October 2026,1,LOW,INC rating hits HOT threshold on 2026-11-06 — first call window,Get ahead of the Oct/Nov renewal rush; start ACER process now before CARE backlog builds
Nandan Saha Steel Pvt. Ltd.,TIER 1 — Senior RM,Aug Wk1 (Aug 3-7),16.2,1,20.0,Steel & Metals,ICRA,October 2026,1,MEDIUM,INC rating hits ULTRA HOT threshold on 2026-10-29 — first call window,Get ahead of the Oct/Nov renewal rush; start ACER process now before ICRA backlog builds
Millennium Babycares Pvt. Ltd.,TIER 1 — Senior RM,Aug Wk1 (Aug 3-7),16.11,1,5.0,Automobiles,CARE,October 2026,1,LOW,INC rating hits HOT threshold on 2026-11-21 — first call window,Get ahead of the Oct/Nov renewal rush; start ACER process now before CARE backlog builds
Aimco Pesticides Ltd.,TIER 1 — Senior RM,Aug Wk1 (Aug 3-7),16.0,1,20.0,Agro & Food,CARE,October 2026,1,MEDIUM,INC rating hits ULTRA HOT threshold on 2026-10-06 — first call window,Get ahead of the Oct/Nov renewal rush; start ACER process now before CARE backlog builds
Friends Timber Pvt. Ltd.,TIER 1 — Senior RM,Aug Wk1 (Aug 3-7),16.0,1,3.0,Other,CARE,October 2026,1,MEDIUM,INC rating hits ULTRA HOT threshold on 2026-11-19 — first call window,Get ahead of the Oct/Nov renewal rush; start ACER process now before CARE backlog builds
Western Coffee Curers & Exports Pvt. Ltd.,TIER 1 — Senior RM,Aug Wk1 (Aug 3-7),16.0,1,20.0,Agro & Food,CARE,October 2026,1,MEDIUM,INC rating hits ULTRA HOT threshold on 2026-11-04 — first call window,Get ahead of the Oct/Nov renewal rush; start ACER process now before CARE backlog builds
Jindal Wood Products Pvt. Ltd.,TIER 1 — Senior RM,Aug Wk1 (Aug 3-7),15.97,1,20.0,Other,IND-RA,Q2 2027,1,LOW (<90 days),"INC since Apr 2026 (87 days). MEDIUM by Oct 2026, HOT by Jan 2027, ULTRA HOT by Apr 2027.",Your Non-government debt at IND-RA hits ULTRA HOT in Apr 2027. Start ACER process by Jan 2027 to be ahead of Q2 2027 renewal rush.
Sparten Granito Pvt. Ltd.,TIER 1 — Senior RM,Aug Wk1 (Aug 3-7),15.96,1,5.0,Other,CARE,Q1 2027,1,LOW/MEDIUM,INC rating hits ULTRA HOT on 2027-03-13 — prime Q1 2027 renewal target,Your Term Loan at CARE goes critical in Mar 2027. Start ACER process in Sep 2026 — before the Q1 rush.
M K Roy & Bros. Projects Ltd.,TIER 1 — Senior RM,Aug Wk1 (Aug 3-7),15.65,1,20.0,Other,IND-RA,Q2 2027,1,LOW (<90 days),"INC since Apr 2026 (87 days). MEDIUM by Oct 2026, HOT by Jan 2027, ULTRA HOT by Apr 2027.",Your Non-government debt at IND-RA hits ULTRA HOT in Apr 2027. Start ACER process by Jan 2027 to be ahead of Q2 2027 renewal rush.
Padia Exports Pvt. Ltd.,TIER 1 — Senior RM,Aug Wk1 (Aug 3-7),15.5,1,20.0,Logistics,ICRA,October 2026,1,LOW,INC rating hits HOT threshold on 2026-11-24 — first call window,Get ahead of the Oct/Nov renewal rush; start ACER process now before ICRA backlog builds
Ultima Switchgears Ltd.,TIER 1 — Senior RM,Aug Wk1 (Aug 3-7),15.5,1,20.0,Other,IND-RA,October 2026,1,LOW,INC rating hits HOT threshold on 2026-10-13 — first call window,Get ahead of the Oct/Nov renewal rush; start ACER process now before IND-RA backlog builds
Elastochemie Impex Pvt. Ltd.,TIER 1 — Senior RM,Aug Wk1 (Aug 3-7),15.4,1,20.0,Chemicals & Pharma,IND-RA,October 2026,1,LOW,INC rating hits HOT threshold on 2026-10-13 — first call window,Get ahead of the Oct/Nov renewal rush; start ACER process now before IND-RA backlog builds
Cennet Biopharma Pvt. Ltd.,TIER 1 — Senior RM,Aug Wk1 (Aug 3-7),15.0,1,20.0,Chemicals & Pharma,IND-RA,October 2026,1,LOW,INC rating hits HOT threshold on 2026-11-24 — first call window,Get ahead of the Oct/Nov renewal rush; start ACER process now before IND-RA backlog builds
Fiza Developers & Infrastructure Pvt. Ltd.,TIER 1 — Senior RM,Aug Wk1 (Aug 3-7),15.0,1,20.0,Construction,IND-RA,October 2026,1,MEDIUM,INC rating hits ULTRA HOT threshold on 2026-11-24 — first call window,Get ahead of the Oct/Nov renewal rush; start ACER process now before IND-RA backlog builds
G M A Pinnacle Automotives Pvt. Ltd.,TIER 1 — Senior RM,Aug Wk1 (Aug 3-7),15.0,1,20.0,Automobiles,IND-RA,Q2 2027,1,LOW (<90 days),"INC since Apr 2026 (87 days). MEDIUM by Oct 2026, HOT by Jan 2027, ULTRA HOT by Apr 2027.",Your Non-government debt at IND-RA hits ULTRA HOT in Apr 2027. Start ACER process by Jan 2027 to be ahead of Q2 2027 renewal rush.
Ginni Gold Pvt. Ltd.,TIER 1 — Senior RM,Aug Wk1 (Aug 3-7),15.0,1,20.0,Other,ICRA,Q2 2027,1,LOW (<90 days),"INC since Apr 2026 (79 days). MEDIUM by Oct 2026, HOT by Jan 2027, ULTRA HOT by Apr 2027.",Your Non-government debt at ICRA hits ULTRA HOT in Apr 2027. Start ACER process by Jan 2027 to be ahead of Q2 2027 renewal rush.
Grentex & Co. Pvt. Ltd.,TIER 1 — Senior RM,Aug Wk1 (Aug 3-7),15.0,1,20.0,Other,ICRA,Q1 2027,1,LOW/MEDIUM,INC rating hits ULTRA HOT on 2027-03-30 — prime Q1 2027 renewal target,Your NCD/Bond at ICRA goes critical in Mar 2027. Start ACER process in Sep 2026 — before the Q1 rush.
J R Transformers Pvt. Ltd.,TIER 1 — Senior RM,Aug Wk1 (Aug 3-7),15.0,1,20.0,Other,BRICKWORK,Q1 2027,1,LOW/MEDIUM,INC rating hits ULTRA HOT on 2027-03-27 — prime Q1 2027 renewal target,Your NCD/Bond at BRICKWORK goes critical in Mar 2027. Start ACER process in Sep 2026 — before the Q1 rush.
Kolluri Impex Pvt. Ltd.,TIER 1 — Senior RM,Aug Wk1 (Aug 3-7),15.0,1,20.0,Other,IND-RA,October 2026,1,LOW,INC rating hits HOT threshold on 2026-10-13 — first call window,Get ahead of the Oct/Nov renewal rush; start ACER process now before IND-RA backlog builds
Kwality Overseas Pvt. Ltd.,TIER 1 — Senior RM,Aug Wk1 (Aug 3-7),15.0,1,20.0,Other,BRICKWORK,Q2 2027,1,LOW (<90 days),"INC since Apr 2026 (83 days). MEDIUM by Oct 2026, HOT by Jan 2027, ULTRA HOT by Apr 2027.",Your Non-government debt at BRICKWORK hits ULTRA HOT in Apr 2027. Start ACER process by Jan 2027 to be ahead of Q2 2027 renewal rush.
Magadh Precision Equipment Ltd.,TIER 1 — Senior RM,Aug Wk1 (Aug 3-7),15.0,1,20.0,Manufacturing,CARE,October 2026,1,MEDIUM,INC rating hits ULTRA HOT threshold on 2026-11-07 — first call window,Get ahead of the Oct/Nov renewal rush; start ACER process now before CARE backlog builds
Mahamaya Steel Inds. Ltd.,TIER 1 — Senior RM,Aug Wk1 (Aug 3-7),15.0,1,20.0,Steel & Metals,CARE,October 2026,1,MEDIUM,INC rating hits ULTRA HOT threshold on 2026-11-27 — first call window,Get ahead of the Oct/Nov renewal rush; start ACER process now before CARE backlog builds
Manjeera Constructions Ltd.,TIER 1 — Senior RM,Aug Wk1 (Aug 3-7),15.0,1,20.0,Construction,IND-RA,Q2 2027,1,LOW (<90 days),"INC since Apr 2026 (87 days). MEDIUM by Oct 2026, HOT by Jan 2027, ULTRA HOT by Apr 2027.",Your Non-government debt at IND-RA hits ULTRA HOT in Apr 2027. Start ACER process by Jan 2027 to be ahead of Q2 2027 renewal rush.
Sahyog Ginning & Pressing Pvt. Ltd.,TIER 1 — Senior RM,Aug Wk1 (Aug 3-7),15.0,1,20.0,Hotels & Tourism,BRICKWORK,October 2026,1,LOW,INC rating hits HOT threshold on 2026-11-21 — first call window,Get ahead of the Oct/Nov renewal rush; start ACER process now before BRICKWORK backlog builds
Starwing Plastic & Chemicals Pvt. Ltd.,TIER 1 — Senior RM,Aug Wk1 (Aug 3-7),15.0,1,20.0,Chemicals & Pharma,IND-RA,Q2 2027,1,LOW (<90 days),"INC since Apr 2026 (87 days). MEDIUM by Oct 2026, HOT by Jan 2027, ULTRA HOT by Apr 2027.",Your Non-government debt at IND-RA hits ULTRA HOT in Apr 2027. Start ACER process by Jan 2027 to be ahead of Q2 2027 renewal rush.
T C Communication Pvt. Ltd.,TIER 1 — Senior RM,Aug Wk1 (Aug 3-7),15.0,1,20.0,IT/Technology,IND-RA,October 2026,1,LOW,INC rating hits HOT threshold on 2026-10-13 — first call window,Get ahead of the Oct/Nov renewal rush; start ACER process now before IND-RA backlog builds
Velko Infratek Projects Pvt. Ltd.,TIER 1 — Senior RM,Aug Wk1 (Aug 3-7),15.0,1,3.0,Construction,ICRA,October 2026,1,LOW,INC rating hits HOT threshold on 2026-10-16 — first call window,Get ahead of the Oct/Nov renewal rush; start ACER process now before ICRA backlog builds
Egwood Boards & Panels Pvt. Ltd.,TIER 1 — Senior RM,Aug Wk1 (Aug 3-7),14.27,1,20.0,Paper/Packaging,IND-RA,October 2026,1,LOW,INC rating hits HOT threshold on 2026-10-13 — first call window,Get ahead of the Oct/Nov renewal rush; start ACER process now before IND-RA backlog builds
Vashu Yarn Mills India Pvt. Ltd.,TIER 1 — Senior RM,Aug Wk1 (Aug 3-7),14.05,1,20.0,Textiles,IND-RA,Q2 2027,1,LOW (<90 days),"INC since Apr 2026 (87 days). MEDIUM by Oct 2026, HOT by Jan 2027, ULTRA HOT by Apr 2027.",Your Non-government debt at IND-RA hits ULTRA HOT in Apr 2027. Start ACER process by Jan 2027 to be ahead of Q2 2027 renewal rush.
Unicon Technology Intl. Pvt. Ltd.,TIER 1 — Senior RM,Aug Wk1 (Aug 3-7),14.04,1,20.0,IT/Technology,IND-RA,October 2026,1,LOW,INC rating hits HOT threshold on 2026-10-13 — first call window,Get ahead of the Oct/Nov renewal rush; start ACER process now before IND-RA backlog builds
Corodex Infrastructure Pvt. Ltd.,TIER 1 — Senior RM,Aug Wk1 (Aug 3-7),14.0,1,20.0,Construction,CARE,Q2 2027,1,LOW (<90 days),"INC since Apr 2026 (65 days). MEDIUM by Oct 2026, HOT by Jan 2027, ULTRA HOT by Apr 2027.",Your Non-government debt at CARE hits ULTRA HOT in Apr 2027. Start ACER process by Jan 2027 to be ahead of Q2 2027 renewal rush.
Kinjal Chemicals Pvt. Ltd.,TIER 1 — Senior RM,Aug Wk1 (Aug 3-7),14.0,1,20.0,Chemicals & Pharma,IND-RA,October 2026,1,LOW,INC rating hits HOT threshold on 2026-10-13 — first call window,Get ahead of the Oct/Nov renewal rush; start ACER process now before IND-RA backlog builds
Rajaramsevak Multipurpose Cold Storage Pvt. Ltd.,TIER 1 — Senior RM,Aug Wk1 (Aug 3-7),14.0,1,20.0,Other,IND-RA,Q2 2027,1,LOW (<90 days),"INC since Apr 2026 (87 days). MEDIUM by Oct 2026, HOT by Jan 2027, ULTRA HOT by Apr 2027.",Your Non-government debt at IND-RA hits ULTRA HOT in Apr 2027. Start ACER process by Jan 2027 to be ahead of Q2 2027 renewal rush.
Shiva Industrial Security Agency (Gujarat) Ltd.,TIER 1 — Senior RM,Aug Wk1 (Aug 3-7),14.0,1,20.0,Other,CARE,Q2 2027,1,LOW (<90 days),"INC since Apr 2026 (62 days). MEDIUM by Oct 2026, HOT by Jan 2027, ULTRA HOT by Apr 2027.",Your Non-government debt at CARE hits ULTRA HOT in Apr 2027. Start ACER process by Jan 2027 to be ahead of Q2 2027 renewal rush.
Shubh Aluminium Pvt. Ltd.,TIER 1 — Senior RM,Aug Wk1 (Aug 3-7),14.0,1,20.0,Steel & Metals,CARE,October 2026,1,LOW,INC rating hits HOT threshold on 2026-11-03 — first call window,Get ahead of the Oct/Nov renewal rush; start ACER process now before CARE backlog builds
Ramnik Power & Alloys Pvt. Ltd.,TIER 1 — Senior RM,Aug Wk1 (Aug 3-7),13.77,1,20.0,Steel & Metals,IND-RA,October 2026,1,MEDIUM,INC rating hits ULTRA HOT threshold on 2026-10-08 — first call window,Get ahead of the Oct/Nov renewal rush; start ACER process now before IND-RA backlog builds
A K Lumbers Ltd.,TIER 1 — Senior RM,Aug Wk1 (Aug 3-7),13.5,1,20.0,Other,IND-RA,Q2 2027,1,LOW (<90 days),"INC since Apr 2026 (87 days). MEDIUM by Oct 2026, HOT by Jan 2027, ULTRA HOT by Apr 2027.",Your Non-government debt at IND-RA hits ULTRA HOT in Apr 2027. Start ACER process by Jan 2027 to be ahead of Q2 2027 renewal rush.
Ajay (India) Ltd.,TIER 1 — Senior RM,Aug Wk1 (Aug 3-7),13.5,1,20.0,Other,CARE,October 2026,1,LOW,INC rating hits HOT threshold on 2026-11-02 — first call window,Get ahead of the Oct/Nov renewal rush; start ACER process now before CARE backlog builds
Alleppey Company Ltd.,TIER 1 — Senior RM,Aug Wk1 (Aug 3-7),13.5,1,20.0,Other,CARE,October 2026,1,MEDIUM,INC rating hits ULTRA HOT threshold on 2026-10-16 — first call window,Get ahead of the Oct/Nov renewal rush; start ACER process now before CARE backlog builds
Chetan Overseas Pvt. Ltd.,TIER 1 — Senior RM,Aug Wk1 (Aug 3-7),13.5,1,20.0,Other,IND-RA,Q2 2027,1,LOW (<90 days),"INC since Apr 2026 (87 days). MEDIUM by Oct 2026, HOT by Jan 2027, ULTRA HOT by Apr 2027.",Your Non-government debt at IND-RA hits ULTRA HOT in Apr 2027. Start ACER process by Jan 2027 to be ahead of Q2 2027 renewal rush.
Prits Leather Art Pvt. Ltd.,TIER 1 — Senior RM,Aug Wk1 (Aug 3-7),13.5,1,20.0,Other,IND-RA,October 2026,1,LOW,INC rating hits HOT threshold on 2026-11-24 — first call window,Get ahead of the Oct/Nov renewal rush; start ACER process now before IND-RA backlog builds
Lyka B D R Intl. Ltd.,TIER 1 — Senior RM,Aug Wk1 (Aug 3-7),13.4,1,20.0,Other,IND-RA,Q2 2027,1,LOW (<90 days),"INC since Apr 2026 (87 days). MEDIUM by Oct 2026, HOT by Jan 2027, ULTRA HOT by Apr 2027.",Your Non-government debt at IND-RA hits ULTRA HOT in Apr 2027. Start ACER process by Jan 2027 to be ahead of Q2 2027 renewal rush.
Akal Spring Ltd.,TIER 1 — Senior RM,Aug Wk1 (Aug 3-7),13.37,1,20.0,Other,IND-RA,October 2026,1,MEDIUM,INC rating hits ULTRA HOT threshold on 2026-10-17 — first call window,Get ahead of the Oct/Nov renewal rush; start ACER process now before IND-RA backlog builds
Sri Shyam Fashion India Pvt. Ltd.,TIER 1 — Senior RM,Aug Wk1 (Aug 3-7),13.34,1,5.0,Other,BRICKWORK,Q1 2027,1,LOW/MEDIUM,INC rating hits ULTRA HOT on 2027-03-13 — prime Q1 2027 renewal target,Your Term Loan at BRICKWORK goes critical in Mar 2027. Start ACER process in Sep 2026 — before the Q1 rush.
Bemco Sleepers Ltd.,TIER 1 — Senior RM,Aug Wk1 (Aug 3-7),13.1,1,20.0,Other,IND-RA,October 2026,1,MEDIUM,INC rating hits ULTRA HOT threshold on 2026-11-24 — first call window,Get ahead of the Oct/Nov renewal rush; start ACER process now before IND-RA backlog builds
James Retail Pvt. Ltd.,TIER 1 — Senior RM,Aug Wk1 (Aug 3-7),13.0,1,20.0,Other,IND-RA,Q2 2027,1,LOW (<90 days),"INC since Apr 2026 (87 days). MEDIUM by Oct 2026, HOT by Jan 2027, ULTRA HOT by Apr 2027.",Your Non-government debt at IND-RA hits ULTRA HOT in Apr 2027. Start ACER process by Jan 2027 to be ahead of Q2 2027 renewal rush.
Raghuveer Metal Inds. Ltd.,TIER 1 — Senior RM,Aug Wk1 (Aug 3-7),13.0,1,20.0,Steel & Metals,IND-RA,Q2 2027,1,LOW (<90 days),"INC since Apr 2026 (87 days). MEDIUM by Oct 2026, HOT by Jan 2027, ULTRA HOT by Apr 2027.",Your Non-government debt at IND-RA hits ULTRA HOT in Apr 2027. Start ACER process by Jan 2027 to be ahead of Q2 2027 renewal rush.
Style Marketing Pvt. Ltd.,TIER 1 — Senior RM,Aug Wk1 (Aug 3-7),13.0,1,20.0,Steel & Metals,IND-RA,October 2026,1,LOW,INC rating hits HOT threshold on 2026-10-13 — first call window,Get ahead of the Oct/Nov renewal rush; start ACER process now before IND-RA backlog builds
Mega Vitrified Pvt. Ltd.,TIER 1 — Senior RM,Aug Wk1 (Aug 3-7),12.84,1,20.0,Other,IND-RA,October 2026,1,LOW,INC rating hits HOT threshold on 2026-10-13 — first call window,Get ahead of the Oct/Nov renewal rush; start ACER process now before IND-RA backlog builds
Strawberry Studio Exports Pvt. Ltd.,TIER 1 — Senior RM,Aug Wk1 (Aug 3-7),12.7,1,20.0,Other,ICRA,Q1 2027,1,LOW/MEDIUM,INC rating hits ULTRA HOT on 2027-03-16 — prime Q1 2027 renewal target,Your NCD/Bond at ICRA goes critical in Mar 2027. Start ACER process in Sep 2026 — before the Q1 rush.
Ganges Gardens Realtors Pvt. Ltd.,TIER 1 — Senior RM,Aug Wk1 (Aug 3-7),12.5,1,20.0,Other,IND-RA,Q2 2027,1,LOW (<90 days),"INC since Apr 2026 (87 days). MEDIUM by Oct 2026, HOT by Jan 2027, ULTRA HOT by Apr 2027.",Your Non-government debt at IND-RA hits ULTRA HOT in Apr 2027. Start ACER process by Jan 2027 to be ahead of Q2 2027 renewal rush.
Narayanadri Hospitals & Research Institute Pvt. Ltd.,TIER 1 — Senior RM,Aug Wk1 (Aug 3-7),12.36,1,20.0,Healthcare,IND-RA,Q2 2027,1,LOW (<90 days),"INC since Apr 2026 (87 days). MEDIUM by Oct 2026, HOT by Jan 2027, ULTRA HOT by Apr 2027.",Your Non-government debt at IND-RA hits ULTRA HOT in Apr 2027. Start ACER process by Jan 2027 to be ahead of Q2 2027 renewal rush.
Sahara Engineering Pvt. Ltd.,TIER 1 — Senior RM,Aug Wk1 (Aug 3-7),12.25,1,20.0,Other,IND-RA,Q2 2027,1,LOW (<90 days),"INC since Apr 2026 (87 days). MEDIUM by Oct 2026, HOT by Jan 2027, ULTRA HOT by Apr 2027.",Your Non-government debt at IND-RA hits ULTRA HOT in Apr 2027. Start ACER process by Jan 2027 to be ahead of Q2 2027 renewal rush.
Emdee Digitronics Pvt. Ltd.,TIER 1 — Senior RM,Aug Wk1 (Aug 3-7),12.15,1,20.0,Other,IND-RA,October 2026,1,LOW,INC rating hits HOT threshold on 2026-10-13 — first call window,Get ahead of the Oct/Nov renewal rush; start ACER process now before IND-RA backlog builds
Hercules Hospitalities Pvt. Ltd.,TIER 1 — Senior RM,Aug Wk1 (Aug 3-7),12.02,1,20.0,Healthcare,IND-RA,Q2 2027,1,LOW (<90 days),"INC since Apr 2026 (87 days). MEDIUM by Oct 2026, HOT by Jan 2027, ULTRA HOT by Apr 2027.",Your Non-government debt at IND-RA hits ULTRA HOT in Apr 2027. Start ACER process by Jan 2027 to be ahead of Q2 2027 renewal rush.
Aarti Infrastructure & Buildcon Ltd.,TIER 1 — Senior RM,Aug Wk1 (Aug 3-7),12.0,1,20.0,Construction,IND-RA,October 2026,1,LOW,INC rating hits HOT threshold on 2026-10-13 — first call window,Get ahead of the Oct/Nov renewal rush; start ACER process now before IND-RA backlog builds
Adya Dairy Products Pvt. Ltd.,TIER 1 — Senior RM,Aug Wk1 (Aug 3-7),12.0,1,20.0,Agro & Food,ICRA,October 2026,1,MEDIUM,INC rating hits ULTRA HOT threshold on 2026-11-14 — first call window,Get ahead of the Oct/Nov renewal rush; start ACER process now before ICRA backlog builds
D C S Techno Services Pvt. Ltd.,TIER 1 — Senior RM,Aug Wk1 (Aug 3-7),12.0,1,20.0,IT/Technology,IND-RA,Q2 2027,1,LOW (<90 days),"INC since Apr 2026 (87 days). MEDIUM by Oct 2026, HOT by Jan 2027, ULTRA HOT by Apr 2027.",Your Non-government debt at IND-RA hits ULTRA HOT in Apr 2027. Start ACER process by Jan 2027 to be ahead of Q2 2027 renewal rush.
Maxheal Pharmaceuticals (India) Ltd.,TIER 1 — Senior RM,Aug Wk1 (Aug 3-7),12.0,1,20.0,Chemicals & Pharma,CARE,Q1 2027,1,LOW/MEDIUM,INC rating hits ULTRA HOT on 2027-03-10 — prime Q1 2027 renewal target,Your NCD/Bond at CARE goes critical in Mar 2027. Start ACER process in Sep 2026 — before the Q1 rush.
S V R Electricals Pvt. Ltd.,TIER 1 — Senior RM,Aug Wk1 (Aug 3-7),12.0,1,3.0,Energy,ICRA,October 2026,1,LOW,INC rating hits HOT threshold on 2026-10-18 — first call window,Get ahead of the Oct/Nov renewal rush; start ACER process now before ICRA backlog builds
G M W Engineers Pvt. Ltd.,TIER 1 — Senior RM,Aug Wk1 (Aug 3-7),11.88,1,20.0,Manufacturing,IND-RA,October 2026,1,LOW,INC rating hits HOT threshold on 2026-10-13 — first call window,Get ahead of the Oct/Nov renewal rush; start ACER process now before IND-RA backlog builds
Dhara Petrochemicals Pvt. Ltd. [Merged],TIER 1 — Senior RM,Aug Wk1 (Aug 3-7),11.5,1,20.0,Chemicals & Pharma,IND-RA,October 2026,1,LOW,INC rating hits HOT threshold on 2026-10-13 — first call window,Get ahead of the Oct/Nov renewal rush; start ACER process now before IND-RA backlog builds
Sun Metallics & Alloys Pvt. Ltd. [Merged],TIER 1 — Senior RM,Aug Wk1 (Aug 3-7),11.5,1,3.0,Steel & Metals,ICRA,October 2026,1,LOW,INC rating hits HOT threshold on 2026-11-23 — first call window,Get ahead of the Oct/Nov renewal rush; start ACER process now before ICRA backlog builds
K P Polyolefin Sacks Pvt. Ltd.,TIER 1 — Senior RM,Aug Wk1 (Aug 3-7),11.48,1,20.0,Other,IND-RA,Q2 2027,1,LOW (<90 days),"INC since Apr 2026 (87 days). MEDIUM by Oct 2026, HOT by Jan 2027, ULTRA HOT by Apr 2027.",Your Non-government debt at IND-RA hits ULTRA HOT in Apr 2027. Start ACER process by Jan 2027 to be ahead of Q2 2027 renewal rush.
Triveni Pattern Glass Pvt. Ltd.,TIER 1 — Senior RM,Aug Wk1 (Aug 3-7),11.42,1,5.0,Other,CARE,October 2026,1,LOW,INC rating hits HOT threshold on 2026-11-17 — first call window,Get ahead of the Oct/Nov renewal rush; start ACER process now before CARE backlog builds
Pai-Aim Solder (India) Pvt. Ltd.,TIER 1 — Senior RM,Aug Wk1 (Aug 3-7),11.0,1,20.0,Other,CARE,October 2026,1,LOW,INC rating hits HOT threshold on 2026-10-05 — first call window,Get ahead of the Oct/Nov renewal rush; start ACER process now before CARE backlog builds
Rekha Corporation Pvt. Ltd.,TIER 1 — Senior RM,Aug Wk1 (Aug 3-7),11.0,1,20.0,Other,IND-RA,October 2026,1,LOW,INC rating hits HOT threshold on 2026-10-13 — first call window,Get ahead of the Oct/Nov renewal rush; start ACER process now before IND-RA backlog builds
Supreme Glazes Pvt. Ltd.,TIER 1 — Senior RM,Aug Wk1 (Aug 3-7),11.0,1,20.0,Other,IND-RA,October 2026,1,LOW,INC rating hits HOT threshold on 2026-10-13 — first call window,Get ahead of the Oct/Nov renewal rush; start ACER process now before IND-RA backlog builds
Maini Construction Equipments Pvt. Ltd.,TIER 1 — Senior RM,Aug Wk1 (Aug 3-7),10.9,1,20.0,Construction,IND-RA,Q2 2027,1,LOW (<90 days),"INC since Apr 2026 (87 days). MEDIUM by Oct 2026, HOT by Jan 2027, ULTRA HOT by Apr 2027.",Your Non-government debt at IND-RA hits ULTRA HOT in Apr 2027. Start ACER process by Jan 2027 to be ahead of Q2 2027 renewal rush.
Quality Wovensacks Pvt. Ltd.,TIER 1 — Senior RM,Aug Wk1 (Aug 3-7),10.85,1,20.0,Paper/Packaging,ICRA,October 2026,1,LOW,INC rating hits HOT threshold on 2026-11-10 — first call window,Get ahead of the Oct/Nov renewal rush; start ACER process now before ICRA backlog builds
Kapilansh Dhatu Udyog Pvt. Ltd.,TIER 1 — Senior RM,Aug Wk1 (Aug 3-7),10.82,1,5.0,Other,CARE,October 2026,1,MEDIUM,INC rating hits ULTRA HOT threshold on 2026-10-14 — first call window,Get ahead of the Oct/Nov renewal rush; start ACER process now before CARE backlog builds
Shree Sita Ram Paper Mills Ltd.,TIER 1 — Senior RM,Aug Wk1 (Aug 3-7),10.75,1,20.0,Paper/Packaging,IND-RA,October 2026,1,LOW,INC rating hits HOT threshold on 2026-10-13 — first call window,Get ahead of the Oct/Nov renewal rush; start ACER process now before IND-RA backlog builds
Brindha Cotton Mills Pvt. Ltd.,TIER 1 — Senior RM,Aug Wk1 (Aug 3-7),10.57,1,20.0,Agro & Food,IND-RA,Q2 2027,1,LOW (<90 days),"INC since Apr 2026 (87 days). MEDIUM by Oct 2026, HOT by Jan 2027, ULTRA HOT by Apr 2027.",Your Non-government debt at IND-RA hits ULTRA HOT in Apr 2027. Start ACER process by Jan 2027 to be ahead of Q2 2027 renewal rush.
Premier Poultry Products Pvt. Ltd.,TIER 1 — Senior RM,Aug Wk1 (Aug 3-7),10.56,1,20.0,Agro & Food,IND-RA,October 2026,1,LOW,INC rating hits HOT threshold on 2026-10-13 — first call window,Get ahead of the Oct/Nov renewal rush; start ACER process now before IND-RA backlog builds
Athulitha Laboratories Pvt. Ltd.,TIER 1 — Senior RM,Aug Wk1 (Aug 3-7),10.52,1,20.0,Healthcare,IND-RA,October 2026,1,LOW,INC rating hits HOT threshold on 2026-10-13 — first call window,Get ahead of the Oct/Nov renewal rush; start ACER process now before IND-RA backlog builds
Lenz Ceramic Pvt. Ltd.,TIER 1 — Senior RM,Aug Wk1 (Aug 3-7),10.5,1,20.0,Other,IND-RA,Q2 2027,1,LOW (<90 days),"INC since Apr 2026 (87 days). MEDIUM by Oct 2026, HOT by Jan 2027, ULTRA HOT by Apr 2027.",Your Non-government debt at IND-RA hits ULTRA HOT in Apr 2027. Start ACER process by Jan 2027 to be ahead of Q2 2027 renewal rush.
Pack Paper Agencies Pvt. Ltd.,TIER 1 — Senior RM,Aug Wk1 (Aug 3-7),10.5,1,20.0,Paper/Packaging,CARE,October 2026,1,LOW,INC rating hits HOT threshold on 2026-11-13 — first call window,Get ahead of the Oct/Nov renewal rush; start ACER process now before CARE backlog builds
Vinayak International Housewares Pvt. Ltd.,TIER 1 — Senior RM,Aug Wk1 (Aug 3-7),10.5,1,20.0,Other,CARE,October 2026,1,MEDIUM,INC rating hits ULTRA HOT threshold on 2026-10-29 — first call window,Get ahead of the Oct/Nov renewal rush; start ACER process now before CARE backlog builds
Kings Infra Ventures Limited,TIER 1 — Senior RM,Aug Wk1 (Aug 3-7),10.4,1,5.0,Construction,Infomerics,October 2026,1,MEDIUM,INC rating hits ULTRA HOT threshold on 2026-10-10 — first call window,Get ahead of the Oct/Nov renewal rush; start ACER process now before Infomerics backlog builds
Goodwear Fashions Pvt. Ltd.,TIER 1 — Senior RM,Aug Wk1 (Aug 3-7),10.35,1,20.0,Textiles,IND-RA,October 2026,1,LOW,INC rating hits HOT threshold on 2026-10-13 — first call window,Get ahead of the Oct/Nov renewal rush; start ACER process now before IND-RA backlog builds
S K Translines Pvt. Ltd.,TIER 1 — Senior RM,Aug Wk1 (Aug 3-7),10.33,1,20.0,Other,IND-RA,Q2 2027,1,LOW (<90 days),"INC since Apr 2026 (87 days). MEDIUM by Oct 2026, HOT by Jan 2027, ULTRA HOT by Apr 2027.",Your Non-government debt at IND-RA hits ULTRA HOT in Apr 2027. Start ACER process by Jan 2027 to be ahead of Q2 2027 renewal rush.
Chanakya Technos Pvt. Ltd.,TIER 1 — Senior RM,Aug Wk1 (Aug 3-7),10.3,1,20.0,IT/Technology,IND-RA,October 2026,1,LOW,INC rating hits HOT threshold on 2026-10-13 — first call window,Get ahead of the Oct/Nov renewal rush; start ACER process now before IND-RA backlog builds
Sohn Steel Pvt. Ltd.,TIER 1 — Senior RM,Aug Wk1 (Aug 3-7),10.2,1,5.0,Steel & Metals,CARE,October 2026,1,MEDIUM,INC rating hits ULTRA HOT threshold on 2026-10-30 — first call window,Get ahead of the Oct/Nov renewal rush; start ACER process now before CARE backlog builds
Agri-Best India Ltd.,TIER 1 — Senior RM,Aug Wk1 (Aug 3-7),10.0,1,20.0,Other,CARE,Q2 2027,1,LOW (<90 days),"INC since Apr 2026 (60 days). MEDIUM by Oct 2026, HOT by Jan 2027, ULTRA HOT by Apr 2027.",Your Non-government debt at CARE hits ULTRA HOT in Apr 2027. Start ACER process by Jan 2027 to be ahead of Q2 2027 renewal rush.
Arrow Constructions Ltd.,TIER 1 — Senior RM,Aug Wk1 (Aug 3-7),10.0,1,20.0,Construction,IND-RA,Q2 2027,1,LOW (<90 days),"INC since Apr 2026 (87 days). MEDIUM by Oct 2026, HOT by Jan 2027, ULTRA HOT by Apr 2027.",Your Non-government debt at IND-RA hits ULTRA HOT in Apr 2027. Start ACER process by Jan 2027 to be ahead of Q2 2027 renewal rush.
Bhartia Yarns Pvt. Ltd.,TIER 1 — Senior RM,Aug Wk1 (Aug 3-7),10.0,1,20.0,Textiles,IND-RA,Q2 2027,1,LOW (<90 days),"INC since Apr 2026 (87 days). MEDIUM by Oct 2026, HOT by Jan 2027, ULTRA HOT by Apr 2027.",Your Non-government debt at IND-RA hits ULTRA HOT in Apr 2027. Start ACER process by Jan 2027 to be ahead of Q2 2027 renewal rush.
Bhopal Tractors Pvt. Ltd.,TIER 1 — Senior RM,Aug Wk1 (Aug 3-7),10.0,1,20.0,Automobiles,IND-RA,Q2 2027,1,LOW (<90 days),"INC since Apr 2026 (87 days). MEDIUM by Oct 2026, HOT by Jan 2027, ULTRA HOT by Apr 2027.",Your Non-government debt at IND-RA hits ULTRA HOT in Apr 2027. Start ACER process by Jan 2027 to be ahead of Q2 2027 renewal rush.
Commercial Auto Products Pvt. Ltd.,TIER 1 — Senior RM,Aug Wk1 (Aug 3-7),10.0,1,20.0,Automobiles,IND-RA,October 2026,1,LOW,INC rating hits HOT threshold on 2026-10-13 — first call window,Get ahead of the Oct/Nov renewal rush; start ACER process now before IND-RA backlog builds
Eapro Global Ltd.,TIER 1 — Senior RM,Aug Wk1 (Aug 3-7),10.0,1,20.0,Other,IND-RA,October 2026,1,LOW,INC rating hits HOT threshold on 2026-10-13 — first call window,Get ahead of the Oct/Nov renewal rush; start ACER process now before IND-RA backlog builds
Ezentech India Pvt. Ltd.,TIER 1 — Senior RM,Aug Wk1 (Aug 3-7),10.0,1,3.0,IT/Technology,CARE,October 2026,1,LOW,INC rating hits HOT threshold on 2026-10-24 — first call window,Get ahead of the Oct/Nov renewal rush; start ACER process now before CARE backlog builds
General Optics (Asia) Ltd.,TIER 1 — Senior RM,Aug Wk1 (Aug 3-7),10.0,1,20.0,Other,CARE,October 2026,1,MEDIUM,INC rating hits ULTRA HOT threshold on 2026-11-06 — first call window,Get ahead of the Oct/Nov renewal rush; start ACER process now before CARE backlog builds
Glitter Metals Pvt. Ltd.,TIER 1 — Senior RM,Aug Wk1 (Aug 3-7),10.0,1,20.0,Steel & Metals,ICRA,Q1 2027,1,LOW/MEDIUM,INC rating hits ULTRA HOT on 2027-03-18 — prime Q1 2027 renewal target,Your NCD/Bond at ICRA goes critical in Mar 2027. Start ACER process in Sep 2026 — before the Q1 rush.
Indian Additives Ltd.,TIER 1 — Senior RM,Aug Wk1 (Aug 3-7),10.0,1,20.0,Other,CARE,October 2026,1,LOW,INC rating hits HOT threshold on 2026-11-08 — first call window,Get ahead of the Oct/Nov renewal rush; start ACER process now before CARE backlog builds
Millenium Marbles Pvt. Ltd.,TIER 1 — Senior RM,Aug Wk1 (Aug 3-7),10.0,1,20.0,Other,IND-RA,Q2 2027,1,LOW (<90 days),"INC since Apr 2026 (87 days). MEDIUM by Oct 2026, HOT by Jan 2027, ULTRA HOT by Apr 2027.",Your Non-government debt at IND-RA hits ULTRA HOT in Apr 2027. Start ACER process by Jan 2027 to be ahead of Q2 2027 renewal rush.
Optech Engineering Pvt. Ltd.,TIER 1 — Senior RM,Aug Wk1 (Aug 3-7),10.0,1,20.0,Manufacturing,IND-RA,October 2026,1,LOW,INC rating hits HOT threshold on 2026-10-13 — first call window,Get ahead of the Oct/Nov renewal rush; start ACER process now before IND-RA backlog builds
Ozone Diamonds Pvt. Ltd.,TIER 1 — Senior RM,Aug Wk1 (Aug 3-7),10.0,1,20.0,Jewellery/Gems,IND-RA,October 2026,1,LOW,INC rating hits HOT threshold on 2026-10-13 — first call window,Get ahead of the Oct/Nov renewal rush; start ACER process now before IND-RA backlog builds
Rasi Electrodes Ltd.,TIER 1 — Senior RM,Aug Wk1 (Aug 3-7),10.0,1,20.0,Other,ICRA,Q1 2027,1,LOW/MEDIUM,INC rating hits ULTRA HOT on 2027-03-30 — prime Q1 2027 renewal target,Your NCD/Bond at ICRA goes critical in Mar 2027. Start ACER process in Sep 2026 — before the Q1 rush.
Sachdev Food Products Pvt. Ltd.,TIER 1 — Senior RM,Aug Wk1 (Aug 3-7),10.0,1,4.0,Agro & Food,CARE,October 2026,1,MEDIUM,INC rating hits ULTRA HOT threshold on 2026-10-07 — first call window,Get ahead of the Oct/Nov renewal rush; start ACER process now before CARE backlog builds
Trident Fabricators Pvt. Ltd.,TIER 1 — Senior RM,Aug Wk1 (Aug 3-7),9.95,1,20.0,Manufacturing,IND-RA,October 2026,1,LOW,INC rating hits HOT threshold on 2026-10-13 — first call window,Get ahead of the Oct/Nov renewal rush; start ACER process now before IND-RA backlog builds
Niyati Engineering Pvt. Ltd.,TIER 1 — Senior RM,Aug Wk1 (Aug 3-7),9.75,1,20.0,Manufacturing,IND-RA,October 2026,1,LOW,INC rating hits HOT threshold on 2026-10-13 — first call window,Get ahead of the Oct/Nov renewal rush; start ACER process now before IND-RA backlog builds
Suvarna Fibrotech Pvt. Ltd.,TIER 1 — Senior RM,Aug Wk1 (Aug 3-7),9.75,1,20.0,IT/Technology,CARE,October 2026,1,LOW,INC rating hits HOT threshold on 2026-10-26 — first call window,Get ahead of the Oct/Nov renewal rush; start ACER process now before CARE backlog builds
Fortune Foam Pvt. Ltd.,TIER 1 — Senior RM,Aug Wk1 (Aug 3-7),9.51,1,5.0,Other,ICRA,October 2026,1,LOW,INC rating hits HOT threshold on 2026-10-24 — first call window,Get ahead of the Oct/Nov renewal rush; start ACER process now before ICRA backlog builds
Sangotra Fashions Pvt. Ltd.,TIER 1 — Senior RM,Aug Wk1 (Aug 3-7),9.5,1,20.0,Textiles,CARE,October 2026,1,MEDIUM,INC rating hits ULTRA HOT threshold on 2026-10-13 — first call window,Get ahead of the Oct/Nov renewal rush; start ACER process now before CARE backlog builds
Motorsales Ltd.,TIER 1 — Senior RM,Aug Wk1 (Aug 3-7),9.1,1,20.0,Automobiles,IND-RA,October 2026,1,LOW,INC rating hits HOT threshold on 2026-10-13 — first call window,Get ahead of the Oct/Nov renewal rush; start ACER process now before IND-RA backlog builds
Cabisco Plast Pvt. Ltd.,TIER 1 — Senior RM,Aug Wk1 (Aug 3-7),9.0,1,20.0,Other,BRICKWORK,October 2026,1,LOW,INC rating hits HOT threshold on 2026-11-20 — first call window,Get ahead of the Oct/Nov renewal rush; start ACER process now before BRICKWORK backlog builds
Sharma Pharmaceutical Pvt. Ltd.,TIER 1 — Senior RM,Aug Wk1 (Aug 3-7),9.0,1,20.0,Chemicals & Pharma,IND-RA,October 2026,1,LOW,INC rating hits HOT threshold on 2026-10-13 — first call window,Get ahead of the Oct/Nov renewal rush; start ACER process now before IND-RA backlog builds
Smilax Laboratories Ltd.,TIER 1 — Senior RM,Aug Wk1 (Aug 3-7),9.0,1,3.0,Healthcare,CARE,October 2026,1,LOW,INC rating hits HOT threshold on 2026-10-03 — first call window,Get ahead of the Oct/Nov renewal rush; start ACER process now before CARE backlog builds
Sunrise Seafoods India Pvt. Ltd.,TIER 1 — Senior RM,Aug Wk1 (Aug 3-7),9.0,1,20.0,Agro & Food,ICRA,October 2026,1,MEDIUM,INC rating hits ULTRA HOT threshold on 2026-10-22 — first call window,Get ahead of the Oct/Nov renewal rush; start ACER process now before ICRA backlog builds
Tashkent Oil Co. Pvt. Ltd.,TIER 1 — Senior RM,Aug Wk1 (Aug 3-7),9.0,1,20.0,Energy,IND-RA,October 2026,1,LOW,INC rating hits HOT threshold on 2026-10-13 — first call window,Get ahead of the Oct/Nov renewal rush; start ACER process now before IND-RA backlog builds
Trimoorty Foamtech Ltd.,TIER 1 — Senior RM,Aug Wk1 (Aug 3-7),9.0,1,20.0,IT/Technology,CARE,October 2026,1,MEDIUM,INC rating hits ULTRA HOT threshold on 2026-10-17 — first call window,Get ahead of the Oct/Nov renewal rush; start ACER process now before CARE backlog builds
Biomedix Optotechnik & Devices Pvt. Ltd.,TIER 1 — Senior RM,Aug Wk1 (Aug 3-7),8.91,1,20.0,IT/Technology,IND-RA,Q2 2027,1,LOW (<90 days),"INC since Apr 2026 (87 days). MEDIUM by Oct 2026, HOT by Jan 2027, ULTRA HOT by Apr 2027.",Your Non-government debt at IND-RA hits ULTRA HOT in Apr 2027. Start ACER process by Jan 2027 to be ahead of Q2 2027 renewal rush.
Mridul International Pvt. Ltd.,TIER 1 — Senior RM,Aug Wk1 (Aug 3-7),8.83,1,20.0,Other,ICRA,October 2026,1,LOW,INC rating hits HOT threshold on 2026-11-24 — first call window,Get ahead of the Oct/Nov renewal rush; start ACER process now before ICRA backlog builds
Jai Kumar Arun Kumar Pvt. Ltd.,TIER 1 — Senior RM,Aug Wk1 (Aug 3-7),8.75,1,20.0,Other,IND-RA,October 2026,1,LOW,INC rating hits HOT threshold on 2026-10-13 — first call window,Get ahead of the Oct/Nov renewal rush; start ACER process now before IND-RA backlog builds
Super Seal Flexible Hose Ltd.,TIER 1 — Senior RM,Aug Wk1 (Aug 3-7),8.5,1,20.0,Other,BRICKWORK,October 2026,1,LOW,INC rating hits HOT threshold on 2026-11-02 — first call window,Get ahead of the Oct/Nov renewal rush; start ACER process now before BRICKWORK backlog builds
Sri Power Generation (India) Pvt. Ltd. [Merged],TIER 1 — Senior RM,Aug Wk1 (Aug 3-7),8.25,1,20.0,Energy/Power,IND-RA,Q2 2027,1,LOW (<90 days),"INC since Apr 2026 (87 days). MEDIUM by Oct 2026, HOT by Jan 2027, ULTRA HOT by Apr 2027.",Your Non-government debt at IND-RA hits ULTRA HOT in Apr 2027. Start ACER process by Jan 2027 to be ahead of Q2 2027 renewal rush.
Gayatri Microns Pvt. Ltd.,TIER 1 — Senior RM,Aug Wk1 (Aug 3-7),8.24,1,20.0,Other,IND-RA,October 2026,1,LOW,INC rating hits HOT threshold on 2026-10-13 — first call window,Get ahead of the Oct/Nov renewal rush; start ACER process now before IND-RA backlog builds
Omkar Infracon Pvt. Ltd.,TIER 1 — Senior RM,Aug Wk1 (Aug 3-7),8.21,1,20.0,Construction,IND-RA,October 2026,1,LOW,INC rating hits HOT threshold on 2026-10-13 — first call window,Get ahead of the Oct/Nov renewal rush; start ACER process now before IND-RA backlog builds
S O W I L Ltd.,TIER 1 — Senior RM,Aug Wk1 (Aug 3-7),8.04,1,20.0,Other,IND-RA,Q2 2027,1,LOW (<90 days),"INC since Apr 2026 (87 days). MEDIUM by Oct 2026, HOT by Jan 2027, ULTRA HOT by Apr 2027.",Your Non-government debt at IND-RA hits ULTRA HOT in Apr 2027. Start ACER process by Jan 2027 to be ahead of Q2 2027 renewal rush.
Asha Enterprises Pvt. Ltd.,TIER 1 — Senior RM,Aug Wk1 (Aug 3-7),8.0,1,20.0,Other,CARE,October 2026,1,LOW,INC rating hits HOT threshold on 2026-11-09 — first call window,Get ahead of the Oct/Nov renewal rush; start ACER process now before CARE backlog builds
Coirfoam (India) Pvt. Ltd.,TIER 1 — Senior RM,Aug Wk1 (Aug 3-7),8.0,1,20.0,Other,IND-RA,Q2 2027,1,LOW (<90 days),"INC since Apr 2026 (87 days). MEDIUM by Oct 2026, HOT by Jan 2027, ULTRA HOT by Apr 2027.",Your Non-government debt at IND-RA hits ULTRA HOT in Apr 2027. Start ACER process by Jan 2027 to be ahead of Q2 2027 renewal rush.
Ganga Papers India Ltd.,TIER 1 — Senior RM,Aug Wk1 (Aug 3-7),8.0,1,20.0,Paper/Packaging,ICRA,October 2026,1,LOW,INC rating hits HOT threshold on 2026-10-18 — first call window,Get ahead of the Oct/Nov renewal rush; start ACER process now before ICRA backlog builds
Jatson Power Pvt. Ltd.,TIER 1 — Senior RM,Aug Wk1 (Aug 3-7),8.0,1,20.0,Energy,IND-RA,October 2026,1,LOW,INC rating hits HOT threshold on 2026-10-13 — first call window,Get ahead of the Oct/Nov renewal rush; start ACER process now before IND-RA backlog builds
Maniyar Refinery Pvt. Ltd.,TIER 1 — Senior RM,Aug Wk1 (Aug 3-7),8.0,1,20.0,Other,IND-RA,October 2026,1,LOW,INC rating hits HOT threshold on 2026-10-13 — first call window,Get ahead of the Oct/Nov renewal rush; start ACER process now before IND-RA backlog builds
Notandas Gems Pvt. Ltd.,TIER 1 — Senior RM,Aug Wk1 (Aug 3-7),8.0,1,20.0,Jewellery/Gems,IND-RA,October 2026,1,LOW,INC rating hits HOT threshold on 2026-10-13 — first call window,Get ahead of the Oct/Nov renewal rush; start ACER process now before IND-RA backlog builds
Q I Network Enterprise Pvt. Ltd.,TIER 1 — Senior RM,Aug Wk1 (Aug 3-7),8.0,1,3.0,IT/Technology,ICRA,October 2026,1,MEDIUM,INC rating hits ULTRA HOT threshold on 2026-10-22 — first call window,Get ahead of the Oct/Nov renewal rush; start ACER process now before ICRA backlog builds
Rukmani Power & Steel Pvt. Ltd.,TIER 1 — Senior RM,Aug Wk1 (Aug 3-7),8.0,1,20.0,Steel & Metals,BRICKWORK,October 2026,1,LOW,INC rating hits HOT threshold on 2026-11-17 — first call window,Get ahead of the Oct/Nov renewal rush; start ACER process now before BRICKWORK backlog builds
Vishrambhai Gorasia Construction Pvt. Ltd.,TIER 1 — Senior RM,Aug Wk1 (Aug 3-7),7.98,1,20.0,Construction,IND-RA,Q2 2027,1,LOW (<90 days),"INC since Apr 2026 (87 days). MEDIUM by Oct 2026, HOT by Jan 2027, ULTRA HOT by Apr 2027.",Your Non-government debt at IND-RA hits ULTRA HOT in Apr 2027. Start ACER process by Jan 2027 to be ahead of Q2 2027 renewal rush.
Jajoo Surgicals Pvt. Ltd.,TIER 1 — Senior RM,Aug Wk1 (Aug 3-7),7.96,1,20.0,Other,IND-RA,Q2 2027,1,LOW (<90 days),"INC since Apr 2026 (87 days). MEDIUM by Oct 2026, HOT by Jan 2027, ULTRA HOT by Apr 2027.",Your Non-government debt at IND-RA hits ULTRA HOT in Apr 2027. Start ACER process by Jan 2027 to be ahead of Q2 2027 renewal rush.
S V Ispat Pvt. Ltd.,TIER 1 — Senior RM,Aug Wk1 (Aug 3-7),7.95,1,20.0,Other,IND-RA,October 2026,1,LOW,INC rating hits HOT threshold on 2026-10-13 — first call window,Get ahead of the Oct/Nov renewal rush; start ACER process now before IND-RA backlog builds
Blue Duck Textiles Pvt. Ltd.,TIER 1 — Senior RM,Aug Wk1 (Aug 3-7),7.83,1,20.0,Textiles,IND-RA,Q2 2027,1,LOW (<90 days),"INC since Apr 2026 (87 days). MEDIUM by Oct 2026, HOT by Jan 2027, ULTRA HOT by Apr 2027.",Your Non-government debt at IND-RA hits ULTRA HOT in Apr 2027. Start ACER process by Jan 2027 to be ahead of Q2 2027 renewal rush.
Haldia Nirman Projects Pvt. Ltd.,TIER 1 — Senior RM,Aug Wk1 (Aug 3-7),7.65,1,20.0,Other,IND-RA,Q2 2027,1,LOW (<90 days),"INC since Apr 2026 (87 days). MEDIUM by Oct 2026, HOT by Jan 2027, ULTRA HOT by Apr 2027.",Your Non-government debt at IND-RA hits ULTRA HOT in Apr 2027. Start ACER process by Jan 2027 to be ahead of Q2 2027 renewal rush.
Wintop Vitrified Pvt. Ltd.,TIER 1 — Senior RM,Aug Wk1 (Aug 3-7),7.63,1,20.0,Other,ICRA,October 2026,1,MEDIUM,INC rating hits ULTRA HOT threshold on 2026-11-25 — first call window,Get ahead of the Oct/Nov renewal rush; start ACER process now before ICRA backlog builds
Nalari Ferro Alloys Pvt. Ltd.,TIER 1 — Senior RM,Aug Wk1 (Aug 3-7),7.5,1,3.0,Steel & Metals,ICRA,October 2026,1,LOW,INC rating hits HOT threshold on 2026-11-23 — first call window,Get ahead of the Oct/Nov renewal rush; start ACER process now before ICRA backlog builds
Shree Dulichand Chemicals Pvt. Ltd.,TIER 1 — Senior RM,Aug Wk1 (Aug 3-7),7.5,1,20.0,Chemicals & Pharma,IND-RA,Q2 2027,1,LOW (<90 days),"INC since Apr 2026 (87 days). MEDIUM by Oct 2026, HOT by Jan 2027, ULTRA HOT by Apr 2027.",Your Non-government debt at IND-RA hits ULTRA HOT in Apr 2027. Start ACER process by Jan 2027 to be ahead of Q2 2027 renewal rush.
Kothari Metsol Pvt. Ltd.,TIER 1 — Senior RM,Aug Wk1 (Aug 3-7),7.4,1,20.0,Other,ICRA,October 2026,1,MEDIUM,INC rating hits ULTRA HOT threshold on 2026-10-21 — first call window,Get ahead of the Oct/Nov renewal rush; start ACER process now before ICRA backlog builds
T K Precision Pvt. Ltd.,TIER 1 — Senior RM,Aug Wk1 (Aug 3-7),7.36,1,5.0,Other,CARE,Q1 2027,1,LOW/MEDIUM,INC rating hits ULTRA HOT on 2027-03-12 — prime Q1 2027 renewal target,Your Term Loan at CARE goes critical in Mar 2027. Start ACER process in Sep 2026 — before the Q1 rush.
Arunodaya Print Pack Pvt. Ltd.,TIER 1 — Senior RM,Aug Wk1 (Aug 3-7),7.12,1,20.0,Paper/Packaging,IND-RA,Q2 2027,1,LOW (<90 days),"INC since Apr 2026 (87 days). MEDIUM by Oct 2026, HOT by Jan 2027, ULTRA HOT by Apr 2027.",Your Non-government debt at IND-RA hits ULTRA HOT in Apr 2027. Start ACER process by Jan 2027 to be ahead of Q2 2027 renewal rush.
Champion El Com Pvt. Ltd.,TIER 1 — Senior RM,Aug Wk1 (Aug 3-7),7.0,1,20.0,Other,BRICKWORK,Q1 2027,1,LOW/MEDIUM,INC rating hits ULTRA HOT on 2027-03-06 — prime Q1 2027 renewal target,Your NCD/Bond at BRICKWORK goes critical in Mar 2027. Start ACER process in Sep 2026 — before the Q1 rush.
S D M Projects Pvt. Ltd.,TIER 1 — Senior RM,Aug Wk1 (Aug 3-7),7.0,1,20.0,Other,IND-RA,Q2 2027,1,LOW (<90 days),"INC since Apr 2026 (87 days). MEDIUM by Oct 2026, HOT by Jan 2027, ULTRA HOT by Apr 2027.",Your Non-government debt at IND-RA hits ULTRA HOT in Apr 2027. Start ACER process by Jan 2027 to be ahead of Q2 2027 renewal rush.
Singhal Commodities Pvt. Ltd.,TIER 1 — Senior RM,Aug Wk1 (Aug 3-7),7.0,1,3.0,Trading/Exports,CARE,October 2026,1,LOW,INC rating hits HOT threshold on 2026-10-31 — first call window,Get ahead of the Oct/Nov renewal rush; start ACER process now before CARE backlog builds
Vapi Care Pharma Pvt. Ltd.,TIER 1 — Senior RM,Aug Wk1 (Aug 3-7),7.0,1,20.0,Chemicals & Pharma,CARE,October 2026,1,MEDIUM,INC rating hits ULTRA HOT threshold on 2026-10-16 — first call window,Get ahead of the Oct/Nov renewal rush; start ACER process now before CARE backlog builds
R K Natural Fibre Pvt. Ltd.,TIER 1 — Senior RM,Aug Wk1 (Aug 3-7),6.8,1,20.0,Other,IND-RA,Q2 2027,1,LOW (<90 days),"INC since Apr 2026 (87 days). MEDIUM by Oct 2026, HOT by Jan 2027, ULTRA HOT by Apr 2027.",Your Non-government debt at IND-RA hits ULTRA HOT in Apr 2027. Start ACER process by Jan 2027 to be ahead of Q2 2027 renewal rush.
Alpha Pacific Systems Pvt. Ltd.,TIER 1 — Senior RM,Aug Wk1 (Aug 3-7),6.7,1,20.0,Other,IND-RA,October 2026,1,LOW,INC rating hits HOT threshold on 2026-10-13 — first call window,Get ahead of the Oct/Nov renewal rush; start ACER process now before IND-RA backlog builds
Sansaara Weaves & Filaments Pvt. Ltd.,TIER 1 — Senior RM,Aug Wk1 (Aug 3-7),6.67,1,20.0,Textiles,IND-RA,October 2026,1,LOW,INC rating hits HOT threshold on 2026-10-13 — first call window,Get ahead of the Oct/Nov renewal rush; start ACER process now before IND-RA backlog builds
Dwarka Gems Ltd.,TIER 1 — Senior RM,Aug Wk1 (Aug 3-7),6.5,1,20.0,Jewellery/Gems,CARE,October 2026,1,LOW,INC rating hits HOT threshold on 2026-11-23 — first call window,Get ahead of the Oct/Nov renewal rush; start ACER process now before CARE backlog builds
Standard Cartons Pvt. Ltd.,TIER 1 — Senior RM,Aug Wk1 (Aug 3-7),6.34,1,20.0,Paper/Packaging,IND-RA,October 2026,1,MEDIUM,INC rating hits ULTRA HOT threshold on 2026-11-24 — first call window,Get ahead of the Oct/Nov renewal rush; start ACER process now before IND-RA backlog builds
Price & Buckland (India) Pvt. Ltd.,TIER 1 — Senior RM,Aug Wk1 (Aug 3-7),6.3,1,20.0,Agro & Food,IND-RA,Q2 2027,1,LOW (<90 days),"INC since Apr 2026 (87 days). MEDIUM by Oct 2026, HOT by Jan 2027, ULTRA HOT by Apr 2027.",Your Non-government debt at IND-RA hits ULTRA HOT in Apr 2027. Start ACER process by Jan 2027 to be ahead of Q2 2027 renewal rush.
Narmada Agrobase Ltd.,TIER 1 — Senior RM,Aug Wk1 (Aug 3-7),6.23,1,20.0,Agro & Food,IND-RA,Q2 2027,1,LOW (<90 days),"INC since Apr 2026 (87 days). MEDIUM by Oct 2026, HOT by Jan 2027, ULTRA HOT by Apr 2027.",Your Non-government debt at IND-RA hits ULTRA HOT in Apr 2027. Start ACER process by Jan 2027 to be ahead of Q2 2027 renewal rush.
Paramount Blankets Pvt. Ltd.,TIER 1 — Senior RM,Aug Wk1 (Aug 3-7),6.14,1,5.0,Other,CARE,Q2 2027,1,LOW (<90 days),"INC since Apr 2026 (60 days). MEDIUM by Oct 2026, HOT by Jan 2027, ULTRA HOT by Apr 2027.",Your Term loans at CARE hits ULTRA HOT in Apr 2027. Start ACER process by Jan 2027 to be ahead of Q2 2027 renewal rush.
Sangat Printers Pvt. Ltd.,TIER 1 — Senior RM,Aug Wk1 (Aug 3-7),6.1,1,20.0,Paper/Packaging,IND-RA,October 2026,1,MEDIUM,INC rating hits ULTRA HOT threshold on 2026-11-24 — first call window,Get ahead of the Oct/Nov renewal rush; start ACER process now before IND-RA backlog builds
3 G Telecom Infra India Pvt. Ltd.,TIER 1 — Senior RM,Aug Wk1 (Aug 3-7),6.04,1,20.0,Construction,IND-RA,Q2 2027,1,LOW (<90 days),"INC since Apr 2026 (87 days). MEDIUM by Oct 2026, HOT by Jan 2027, ULTRA HOT by Apr 2027.",Your Non-government debt at IND-RA hits ULTRA HOT in Apr 2027. Start ACER process by Jan 2027 to be ahead of Q2 2027 renewal rush.
Cleantec Infra Pvt. Ltd.,TIER 1 — Senior RM,Aug Wk1 (Aug 3-7),6.0,1,20.0,Construction,IND-RA,Q2 2027,1,LOW (<90 days),"INC since Apr 2026 (87 days). MEDIUM by Oct 2026, HOT by Jan 2027, ULTRA HOT by Apr 2027.",Your Non-government debt at IND-RA hits ULTRA HOT in Apr 2027. Start ACER process by Jan 2027 to be ahead of Q2 2027 renewal rush.
Dev'S Chem Tec Pvt. Ltd.,TIER 1 — Senior RM,Aug Wk1 (Aug 3-7),6.0,1,20.0,Chemicals & Pharma,IND-RA,October 2026,1,MEDIUM,INC rating hits ULTRA HOT threshold on 2026-11-24 — first call window,Get ahead of the Oct/Nov renewal rush; start ACER process now before IND-RA backlog builds
Rushabh Flour Mills Pvt. Ltd.,TIER 1 — Senior RM,Aug Wk1 (Aug 3-7),6.0,1,20.0,Agro & Food,IND-RA,October 2026,1,MEDIUM,INC rating hits ULTRA HOT threshold on 2026-11-24 — first call window,Get ahead of the Oct/Nov renewal rush; start ACER process now before IND-RA backlog builds
S K M Infraventure Pvt. Ltd.,TIER 1 — Senior RM,Aug Wk1 (Aug 3-7),6.0,1,20.0,Construction,IND-RA,October 2026,1,MEDIUM,INC rating hits ULTRA HOT threshold on 2026-11-24 — first call window,Get ahead of the Oct/Nov renewal rush; start ACER process now before IND-RA backlog builds
Vijay Jindal Builders Pvt. Ltd.,TIER 1 — Senior RM,Aug Wk1 (Aug 3-7),6.0,1,20.0,Construction,IND-RA,Q2 2027,1,LOW (<90 days),"INC since Apr 2026 (87 days). MEDIUM by Oct 2026, HOT by Jan 2027, ULTRA HOT by Apr 2027.",Your Non-government debt at IND-RA hits ULTRA HOT in Apr 2027. Start ACER process by Jan 2027 to be ahead of Q2 2027 renewal rush.
Wellcare Oil Tools Pvt. Ltd.,TIER 1 — Senior RM,Aug Wk1 (Aug 3-7),6.0,1,20.0,Energy,CARE,October 2026,1,MEDIUM,INC rating hits ULTRA HOT threshold on 2026-10-14 — first call window,Get ahead of the Oct/Nov renewal rush; start ACER process now before CARE backlog builds
Precise Automation & Control Pvt. Ltd.,TIER 1 — Senior RM,Aug Wk1 (Aug 3-7),5.89,1,20.0,Automobiles,IND-RA,October 2026,1,MEDIUM,INC rating hits ULTRA HOT threshold on 2026-11-24 — first call window,Get ahead of the Oct/Nov renewal rush; start ACER process now before IND-RA backlog builds
Siddarth Organisation Ltd.,TIER 1 — Senior RM,Aug Wk1 (Aug 3-7),5.8,1,20.0,Other,ICRA,Q1 2027,1,LOW/MEDIUM,INC rating hits ULTRA HOT on 2027-03-09 — prime Q1 2027 renewal target,Your NCD/Bond at ICRA goes critical in Mar 2027. Start ACER process in Sep 2026 — before the Q1 rush.
Ecokrin Hygiene Pvt. Ltd.,TIER 1 — Senior RM,Aug Wk1 (Aug 3-7),5.75,1,20.0,Other,IND-RA,October 2026,1,LOW,INC rating hits HOT threshold on 2026-10-13 — first call window,Get ahead of the Oct/Nov renewal rush; start ACER process now before IND-RA backlog builds
Aikya Chemicals Pvt. Ltd.,TIER 1 — Senior RM,Aug Wk1 (Aug 3-7),5.5,1,20.0,Chemicals & Pharma,IND-RA,October 2026,1,MEDIUM,INC rating hits ULTRA HOT threshold on 2026-11-24 — first call window,Get ahead of the Oct/Nov renewal rush; start ACER process now before IND-RA backlog builds
Associated Works Infra Pvt. Ltd.,TIER 1 — Senior RM,Aug Wk1 (Aug 3-7),5.5,1,20.0,Construction,ICRA,October 2026,1,MEDIUM,INC rating hits ULTRA HOT threshold on 2026-10-23 — first call window,Get ahead of the Oct/Nov renewal rush; start ACER process now before ICRA backlog builds
Buildon Plasters Pvt. Ltd.,TIER 1 — Senior RM,Aug Wk1 (Aug 3-7),5.5,1,20.0,Construction,CARE,October 2026,1,LOW,INC rating hits HOT threshold on 2026-10-04 — first call window,Get ahead of the Oct/Nov renewal rush; start ACER process now before CARE backlog builds
Punjab Metal Works Pvt. Ltd.,TIER 1 — Senior RM,Aug Wk1 (Aug 3-7),5.5,1,20.0,Steel & Metals,IND-RA,Q2 2027,1,LOW (<90 days),"INC since Apr 2026 (87 days). MEDIUM by Oct 2026, HOT by Jan 2027, ULTRA HOT by Apr 2027.",Your Non-government debt at IND-RA hits ULTRA HOT in Apr 2027. Start ACER process by Jan 2027 to be ahead of Q2 2027 renewal rush.
Technobit Industries Pvt. Ltd.,TIER 1 — Senior RM,Aug Wk1 (Aug 3-7),5.5,1,5.0,IT/Technology,CARE,October 2026,1,LOW,INC rating hits HOT threshold on 2026-11-14 — first call window,Get ahead of the Oct/Nov renewal rush; start ACER process now before CARE backlog builds
Arti Silk Mills Pvt. Ltd.,TIER 1 — Senior RM,Aug Wk1 (Aug 3-7),5.47,1,5.0,Textiles,CARE,October 2026,1,LOW,INC rating hits HOT threshold on 2026-10-09 — first call window,Get ahead of the Oct/Nov renewal rush; start ACER process now before CARE backlog builds
A K R Impex Pvt. Ltd.,TIER 1 — Senior RM,Aug Wk1 (Aug 3-7),5.45,1,20.0,Other,ICRA,Q2 2027,1,LOW (<90 days),"INC since Apr 2026 (60 days). MEDIUM by Oct 2026, HOT by Jan 2027, ULTRA HOT by Apr 2027.",Your Non-government debt at ICRA hits ULTRA HOT in Apr 2027. Start ACER process by Jan 2027 to be ahead of Q2 2027 renewal rush.
Pooja Cotspin Pvt. Ltd.,TIER 1 — Senior RM,Aug Wk1 (Aug 3-7),5.42,1,5.0,Other,CARE,October 2026,1,MEDIUM,INC rating hits ULTRA HOT threshold on 2026-10-09 — first call window,Get ahead of the Oct/Nov renewal rush; start ACER process now before CARE backlog builds
Regrow Biosciences Pvt. Ltd.,TIER 1 — Senior RM,Aug Wk1 (Aug 3-7),5.2,1,20.0,Other,IND-RA,Q2 2027,1,LOW (<90 days),"INC since Apr 2026 (87 days). MEDIUM by Oct 2026, HOT by Jan 2027, ULTRA HOT by Apr 2027.",Your Non-government debt at IND-RA hits ULTRA HOT in Apr 2027. Start ACER process by Jan 2027 to be ahead of Q2 2027 renewal rush.
Akash Steel Crafts Pvt. Ltd.,TIER 1 — Senior RM,Aug Wk1 (Aug 3-7),5.0,1,20.0,Steel & Metals,BRICKWORK,October 2026,1,MEDIUM,INC rating hits ULTRA HOT threshold on 2026-10-24 — first call window,Get ahead of the Oct/Nov renewal rush; start ACER process now before BRICKWORK backlog builds
Anabond Ltd.,TIER 1 — Senior RM,Aug Wk1 (Aug 3-7),5.0,1,3.0,Other,CARE,October 2026,1,MEDIUM,INC rating hits ULTRA HOT threshold on 2026-11-07 — first call window,Get ahead of the Oct/Nov renewal rush; start ACER process now before CARE backlog builds
B A S S Minerals India Pvt. Ltd.,TIER 1 — Senior RM,Aug Wk1 (Aug 3-7),5.0,1,20.0,Mining & Minerals,IND-RA,Q2 2027,1,LOW (<90 days),"INC since Apr 2026 (87 days). MEDIUM by Oct 2026, HOT by Jan 2027, ULTRA HOT by Apr 2027.",Your Non-government debt at IND-RA hits ULTRA HOT in Apr 2027. Start ACER process by Jan 2027 to be ahead of Q2 2027 renewal rush.
Disruptive Health Solutions Pvt. Ltd.,TIER 1 — Senior RM,Aug Wk1 (Aug 3-7),5.0,1,20.0,Healthcare,CARE,October 2026,1,MEDIUM,INC rating hits ULTRA HOT threshold on 2026-11-06 — first call window,Get ahead of the Oct/Nov renewal rush; start ACER process now before CARE backlog builds
V N M Jewel Crafts Ltd.,TIER 1 — Senior RM,Aug Wk1 (Aug 3-7),5.0,1,20.0,Jewellery/Gems,IND-RA,October 2026,1,LOW,INC rating hits HOT threshold on 2026-10-13 — first call window,Get ahead of the Oct/Nov renewal rush; start ACER process now before IND-RA backlog builds
Digilogic Systems Ltd.,TIER 1 — Senior RM,Aug Wk1 (Aug 3-7),4.8,1,20.0,Other,IND-RA,October 2026,1,MEDIUM,INC rating hits ULTRA HOT threshold on 2026-11-24 — first call window,Get ahead of the Oct/Nov renewal rush; start ACER process now before IND-RA backlog builds
Valencia Ceramic Pvt. Ltd.,TIER 1 — Senior RM,Aug Wk1 (Aug 3-7),4.71,1,20.0,Other,ICRA,October 2026,1,LOW,INC rating hits HOT threshold on 2026-11-13 — first call window,Get ahead of the Oct/Nov renewal rush; start ACER process now before ICRA backlog builds
Shri Banke Bihari Polyfab Pvt. Ltd.,TIER 1 — Senior RM,Aug Wk1 (Aug 3-7),4.65,1,20.0,BFSI,ICRA,October 2026,1,LOW,INC rating hits HOT threshold on 2026-11-16 — first call window,Get ahead of the Oct/Nov renewal rush; start ACER process now before ICRA backlog builds
Som Shiva (Impex) Ltd.,TIER 1 — Senior RM,Aug Wk1 (Aug 3-7),4.5,1,20.0,Other,BRICKWORK,October 2026,1,MEDIUM,INC rating hits ULTRA HOT threshold on 2026-10-29 — first call window,Get ahead of the Oct/Nov renewal rush; start ACER process now before BRICKWORK backlog builds
Garg Duplex & Paper Mills Pvt. Ltd.,TIER 1 — Senior RM,Aug Wk1 (Aug 3-7),4.25,1,5.0,Paper/Packaging,ICRA,October 2026,1,MEDIUM,INC rating hits ULTRA HOT threshold on 2026-11-28 — first call window,Get ahead of the Oct/Nov renewal rush; start ACER process now before ICRA backlog builds
Kalinga Breeding Farms Pvt. Ltd.,TIER 1 — Senior RM,Aug Wk1 (Aug 3-7),4.13,1,5.0,Agro & Food,ICRA,October 2026,1,LOW,INC rating hits HOT threshold on 2026-10-24 — first call window,Get ahead of the Oct/Nov renewal rush; start ACER process now before ICRA backlog builds
Accurate Gauging & Instruments Pvt. Ltd.,TIER 1 — Senior RM,Aug Wk1 (Aug 3-7),4.0,1,4.0,Other,CARE,October 2026,1,MEDIUM,INC rating hits ULTRA HOT threshold on 2026-11-21 — first call window,Get ahead of the Oct/Nov renewal rush; start ACER process now before CARE backlog builds
Ailsinghani Transport Pvt. Ltd.,TIER 1 — Senior RM,Aug Wk1 (Aug 3-7),4.0,1,20.0,Logistics,IND-RA,October 2026,1,MEDIUM,INC rating hits ULTRA HOT threshold on 2026-11-24 — first call window,Get ahead of the Oct/Nov renewal rush; start ACER process now before IND-RA backlog builds
Kishore Vadilal Pvt. Ltd.,TIER 1 — Senior RM,Aug Wk1 (Aug 3-7),4.0,1,3.0,Other,CARE,October 2026,1,MEDIUM,INC rating hits ULTRA HOT threshold on 2026-11-26 — first call window,Get ahead of the Oct/Nov renewal rush; start ACER process now before CARE backlog builds
P S Bedi & Co. Pvt. Ltd.,TIER 1 — Senior RM,Aug Wk1 (Aug 3-7),4.0,1,4.0,Other,CARE,October 2026,1,MEDIUM,INC rating hits ULTRA HOT threshold on 2026-10-03 — first call window,Get ahead of the Oct/Nov renewal rush; start ACER process now before CARE backlog builds
Pack Print Inds. (India) Pvt. Ltd.,TIER 1 — Senior RM,Aug Wk1 (Aug 3-7),4.0,1,20.0,Paper/Packaging,CARE,October 2026,1,MEDIUM,INC rating hits ULTRA HOT threshold on 2026-11-27 — first call window,Get ahead of the Oct/Nov renewal rush; start ACER process now before CARE backlog builds
R S K Industries Pvt. Ltd.,TIER 1 — Senior RM,Aug Wk1 (Aug 3-7),4.0,1,20.0,Manufacturing,CARE,October 2026,1,LOW,INC rating hits HOT threshold on 2026-11-29 — first call window,Get ahead of the Oct/Nov renewal rush; start ACER process now before CARE backlog builds
Premium Laminators Pvt. Ltd.,TIER 1 — Senior RM,Aug Wk1 (Aug 3-7),3.71,1,5.0,Other,CARE,October 2026,1,LOW,INC rating hits HOT threshold on 2026-10-30 — first call window,Get ahead of the Oct/Nov renewal rush; start ACER process now before CARE backlog builds
Rishi Ice & Cold Storage Pvt. Ltd.,TIER 1 — Senior RM,Aug Wk1 (Aug 3-7),3.66,1,20.0,Other,IND-RA,October 2026,1,LOW,INC rating hits HOT threshold on 2026-11-24 — first call window,Get ahead of the Oct/Nov renewal rush; start ACER process now before IND-RA backlog builds
Baldev Textile Mills Pvt. Ltd.,TIER 1 — Senior RM,Aug Wk1 (Aug 3-7),3.65,1,20.0,Textiles,ICRA,October 2026,1,MEDIUM,INC rating hits ULTRA HOT threshold on 2026-11-28 — first call window,Get ahead of the Oct/Nov renewal rush; start ACER process now before ICRA backlog builds
K Mohan & Co. (Exports) Pvt. Ltd.,TIER 1 — Senior RM,Aug Wk1 (Aug 3-7),3.5,1,20.0,Other,ICRA,Q2 2027,1,LOW (<90 days),"INC since Apr 2026 (72 days). MEDIUM by Oct 2026, HOT by Jan 2027, ULTRA HOT by Apr 2027.",Your Non-government debt at ICRA hits ULTRA HOT in Apr 2027. Start ACER process by Jan 2027 to be ahead of Q2 2027 renewal rush.
Kniss Laboratories Pvt. Ltd.,TIER 1 — Senior RM,Aug Wk1 (Aug 3-7),3.5,1,20.0,Other,CARE,Q2 2027,1,LOW (<90 days),"INC since Apr 2026 (74 days). MEDIUM by Oct 2026, HOT by Jan 2027, ULTRA HOT by Apr 2027.",Your Non-government debt at CARE hits ULTRA HOT in Apr 2027. Start ACER process by Jan 2027 to be ahead of Q2 2027 renewal rush.
Kuber Casting Pvt. Ltd.,TIER 1 — Senior RM,Aug Wk1 (Aug 3-7),3.5,1,3.0,Steel & Metals,CARE,October 2026,1,LOW,INC rating hits HOT threshold on 2026-11-09 — first call window,Get ahead of the Oct/Nov renewal rush; start ACER process now before CARE backlog builds
Landmark Royal Engg. (India) Pvt. Ltd.,TIER 1 — Senior RM,Aug Wk1 (Aug 3-7),3.5,1,20.0,Other,IND-RA,October 2026,1,LOW,INC rating hits HOT threshold on 2026-10-13 — first call window,Get ahead of the Oct/Nov renewal rush; start ACER process now before IND-RA backlog builds
Dhaulagiree Polyolefins Pvt. Ltd.,TIER 1 — Senior RM,Aug Wk1 (Aug 3-7),3.4,1,20.0,Other,IND-RA,October 2026,1,MEDIUM,INC rating hits ULTRA HOT threshold on 2026-11-24 — first call window,Get ahead of the Oct/Nov renewal rush; start ACER process now before IND-RA backlog builds
Prabhu Poly Color Ltd. (2004),TIER 1 — Senior RM,Aug Wk1 (Aug 3-7),3.02,1,5.0,Other,ICRA,October 2026,1,LOW,INC rating hits HOT threshold on 2026-11-16 — first call window,Get ahead of the Oct/Nov renewal rush; start ACER process now before ICRA backlog builds
Udayam Medical Centre (Trichy) Pvt. Ltd.,TIER 1 — Senior RM,Aug Wk1 (Aug 3-7),2.99,1,20.0,Healthcare,ICRA,October 2026,1,MEDIUM,INC rating hits ULTRA HOT threshold on 2026-10-10 — first call window,Get ahead of the Oct/Nov renewal rush; start ACER process now before ICRA backlog builds
Venkar Chemicals Pvt. Ltd.,TIER 1 — Senior RM,Aug Wk1 (Aug 3-7),2.95,1,20.0,Chemicals & Pharma,ICRA,October 2026,1,LOW,INC rating hits HOT threshold on 2026-11-16 — first call window,Get ahead of the Oct/Nov renewal rush; start ACER process now before ICRA backlog builds
Hero Mindmine Institute Pvt. Ltd.,TIER 1 — Senior RM,Aug Wk1 (Aug 3-7),2.5,1,3.0,Education,ICRA,October 2026,1,LOW,INC rating hits HOT threshold on 2026-10-24 — first call window,Get ahead of the Oct/Nov renewal rush; start ACER process now before ICRA backlog builds
Supreme Hydro Engg. Pvt. Ltd.,TIER 1 — Senior RM,Aug Wk1 (Aug 3-7),2.5,1,20.0,Energy,CARE,October 2026,1,LOW,INC rating hits HOT threshold on 2026-11-15 — first call window,Get ahead of the Oct/Nov renewal rush; start ACER process now before CARE backlog builds
Mahalaxmi Automotives Wheels Pvt. Ltd.,TIER 1 — Senior RM,Aug Wk1 (Aug 3-7),2.3,1,20.0,Automobiles,IND-RA,Q2 2027,1,LOW (<90 days),"INC since Apr 2026 (87 days). MEDIUM by Oct 2026, HOT by Jan 2027, ULTRA HOT by Apr 2027.",Your Non-government debt at IND-RA hits ULTRA HOT in Apr 2027. Start ACER process by Jan 2027 to be ahead of Q2 2027 renewal rush.
Darpan Infrastructure Pvt. Ltd.,TIER 1 — Senior RM,Aug Wk1 (Aug 3-7),2.25,1,3.0,Construction,ICRA,October 2026,1,LOW,INC rating hits HOT threshold on 2026-11-10 — first call window,Get ahead of the Oct/Nov renewal rush; start ACER process now before ICRA backlog builds
Pioneer Tea & Exports Ltd.,TIER 1 — Senior RM,Aug Wk1 (Aug 3-7),2.1,1,20.0,Agro & Food,ICRA,October 2026,1,MEDIUM,INC rating hits ULTRA HOT threshold on 2026-11-17 — first call window,Get ahead of the Oct/Nov renewal rush; start ACER process now before ICRA backlog builds
Needle Industries (India) Pvt. Ltd.,TIER 1 — Senior RM,Aug Wk1 (Aug 3-7),2.0,1,3.0,Manufacturing,ICRA,October 2026,1,MEDIUM,INC rating hits ULTRA HOT threshold on 2026-10-16 — first call window,Get ahead of the Oct/Nov renewal rush; start ACER process now before ICRA backlog builds
Ramsons Castings Pvt. Ltd.,TIER 1 — Senior RM,Aug Wk1 (Aug 3-7),2.0,1,3.0,Steel & Metals,ICRA,October 2026,1,MEDIUM,INC rating hits ULTRA HOT threshold on 2026-11-19 — first call window,Get ahead of the Oct/Nov renewal rush; start ACER process now before ICRA backlog builds
Tiger Logistics (India) Ltd.,TIER 1 — Senior RM,Aug Wk1 (Aug 3-7),2.0,1,20.0,Logistics,CARE,October 2026,1,MEDIUM,INC rating hits ULTRA HOT threshold on 2026-10-10 — first call window,Get ahead of the Oct/Nov renewal rush; start ACER process now before CARE backlog builds
B R Guar Gum Pvt. Ltd.,TIER 1 — Senior RM,Aug Wk1 (Aug 3-7),1.0,1,20.0,Other,ICRA,October 2026,1,MEDIUM,INC rating hits ULTRA HOT threshold on 2026-10-23 — first call window,Get ahead of the Oct/Nov renewal rush; start ACER process now before ICRA backlog builds
Kanak Pipe Inds. Pvt. Ltd.,TIER 1 — Senior RM,Aug Wk1 (Aug 3-7),1.0,1,5.0,Steel & Metals,CARE,October 2026,1,MEDIUM,INC rating hits ULTRA HOT threshold on 2026-10-13 — first call window,Get ahead of the Oct/Nov renewal rush; start ACER process now before CARE backlog builds
Vinayak Ultraflex Pvt. Ltd.,TIER 1 — Senior RM,Aug Wk1 (Aug 3-7),0.75,1,3.0,Other,CARE,October 2026,1,MEDIUM,INC rating hits ULTRA HOT threshold on 2026-10-31 — first call window,Get ahead of the Oct/Nov renewal rush; start ACER process now before CARE backlog builds
Antique Cottex Pvt. Ltd.,TIER 1 — Senior RM,Aug Wk1 (Aug 3-7),0.66,1,20.0,Other,ICRA,Q1 2027,1,LOW/MEDIUM,INC rating hits ULTRA HOT on 2026-12-30 — prime Q1 2027 renewal target,Your NCD/Bond at ICRA goes critical in Dec 2026. Start ACER process in Sep 2026 — before the Q1 rush.
Sarveshwari Exports Pvt. Ltd.,TIER 1 — Senior RM,Aug Wk1 (Aug 3-7),0.38,1,3.0,Logistics,ICRA,October 2026,1,MEDIUM,INC rating hits ULTRA HOT threshold on 2026-10-08 — first call window,Get ahead of the Oct/Nov renewal rush; start ACER process now before ICRA backlog builds
Euro Safety Footwear (India) Ltd.,TIER 1 — Senior RM,Aug Wk1 (Aug 3-7),0.0,1,20.0,Other,CARE,October 2026,1,LOW,INC rating hits HOT threshold on 2026-10-02 — first call window,Get ahead of the Oct/Nov renewal rush; start ACER process now before CARE backlog builds
Quippo Oil & Gas Infrastructure Ltd.,TIER 1 — Senior RM,Aug Wk1 (Aug 3-7),0.0,1,20.0,Construction,CARE,October 2026,1,MEDIUM,INC rating hits ULTRA HOT threshold on 2026-11-13 — first call window,Get ahead of the Oct/Nov renewal rush; start ACER process now before CARE backlog builds
Vikran Engineering Ltd.,TIER 1 — Senior RM,Aug Wk1 (Aug 3-7),0.0,1,3.0,Manufacturing,CARE,October 2026,1,LOW,INC rating hits HOT threshold on 2026-10-25 — first call window,Get ahead of the Oct/Nov renewal rush; start ACER process now before CARE backlog builds
Nilkanth Mining Co.,TIER 2 — Mid-RM,Aug Wk2 (Aug 10-14),488.49,0,5.0,Mining & Minerals,Infomerics,October 2026,1,MEDIUM,INC rating hits ULTRA HOT threshold on 2026-11-13 — first call window,Get ahead of the Oct/Nov renewal rush; start ACER process now before Infomerics backlog builds
K M Toll Road Pvt. Ltd.,TIER 2 — Mid-RM,Aug Wk2 (Aug 10-14),481.03,0,5.0,Construction,BRICKWORK,Q2 2027,1,LOW (<90 days),"INC since Apr 2026 (87 days). MEDIUM by Oct 2026, HOT by Jan 2027, ULTRA HOT by Apr 2027.",Your Term loans at BRICKWORK hits ULTRA HOT in Apr 2027. Start ACER process by Jan 2027 to be ahead of Q2 2027 renewal rush.
MEP Longjian CLR Private Limited,TIER 2 — Mid-RM,Aug Wk2 (Aug 10-14),480.05,0,3.0,Other,Infomerics,October 2026,1,MEDIUM,INC rating hits ULTRA HOT threshold on 2026-10-29 — first call window,Get ahead of the Oct/Nov renewal rush; start ACER process now before Infomerics backlog builds
Shree Maheshwar Hydel Power Corpn. Ltd.,TIER 2 — Mid-RM,Aug Wk2 (Aug 10-14),451.0,0,5.0,Energy/Power,CARE,Q2 2027,1,LOW (<90 days),"INC since Apr 2026 (74 days). MEDIUM by Oct 2026, HOT by Jan 2027, ULTRA HOT by Apr 2027.",Your Term loans at CARE hits ULTRA HOT in Apr 2027. Start ACER process by Jan 2027 to be ahead of Q2 2027 renewal rush.
Sadbhav Bhavnagar Highway Ltd.,TIER 2 — Mid-RM,Aug Wk2 (Aug 10-14),434.49,0,5.0,Construction,CRISIL,October 2026,1,LOW,INC rating hits HOT threshold on 2026-11-24 — first call window,Get ahead of the Oct/Nov renewal rush; start ACER process now before CRISIL backlog builds
K M C Constructions Ltd.,TIER 2 — Mid-RM,Aug Wk2 (Aug 10-14),426.0,0,3.0,Construction,ICRA,October 2026,1,LOW,INC rating hits HOT threshold on 2026-10-16 — first call window,Get ahead of the Oct/Nov renewal rush; start ACER process now before ICRA backlog builds
Khalghat Sendhwa Tollways Pvt. Ltd.,TIER 2 — Mid-RM,Aug Wk2 (Aug 10-14),416.51,0,5.0,Other,BRICKWORK,Q1 2027,1,LOW/MEDIUM,INC rating hits ULTRA HOT on 2027-03-24 — prime Q1 2027 renewal target,Your Term Loan at BRICKWORK goes critical in Mar 2027. Start ACER process in Sep 2026 — before the Q1 rush.
MEP Longjian ACR Private Limited,TIER 2 — Mid-RM,Aug Wk2 (Aug 10-14),407.34,0,3.0,Other,Infomerics,October 2026,1,MEDIUM,INC rating hits ULTRA HOT threshold on 2026-11-03 — first call window,Get ahead of the Oct/Nov renewal rush; start ACER process now before Infomerics backlog builds
Candeur Constructions Pvt. Ltd.,TIER 2 — Mid-RM,Aug Wk2 (Aug 10-14),400.0,0,5.0,Construction,ICRA,October 2026,1,LOW,INC rating hits HOT threshold on 2026-11-10 — first call window,Get ahead of the Oct/Nov renewal rush; start ACER process now before ICRA backlog builds
Prompt Enterprises Pvt. Ltd.,TIER 2 — Mid-RM,Aug Wk2 (Aug 10-14),395.97,0,5.0,Other,BRICKWORK,Q1 2027,1,LOW/MEDIUM,INC rating hits ULTRA HOT on 2027-03-17 — prime Q1 2027 renewal target,Your Fund-Based at BRICKWORK goes critical in Mar 2027. Start ACER process in Sep 2026 — before the Q1 rush.
Shri S M Autade Pvt. Ltd.,TIER 2 — Mid-RM,Aug Wk2 (Aug 10-14),390.0,0,4.0,Other,CRISIL,Q1 2027,1,LOW/MEDIUM,INC rating hits ULTRA HOT on 2027-03-24 — prime Q1 2027 renewal target,Your Bank Guarantee at CRISIL goes critical in Mar 2027. Start ACER process in Sep 2026 — before the Q1 rush.
Supreme Manor Wada Bhiwandi Infrastructure Pvt. Ltd.,TIER 2 — Mid-RM,Aug Wk2 (Aug 10-14),377.0,0,5.0,Construction,CRISIL,Q2 2027,1,LOW (<90 days),"INC since Apr 2026 (83 days). MEDIUM by Oct 2026, HOT by Jan 2027, ULTRA HOT by Apr 2027.",Your Term loans at CRISIL hits ULTRA HOT in Apr 2027. Start ACER process by Jan 2027 to be ahead of Q2 2027 renewal rush.
P & Y Enterprises Pvt. Ltd.,TIER 2 — Mid-RM,Aug Wk2 (Aug 10-14),374.78,0,5.0,Other,IND-RA,Q2 2027,1,LOW (<90 days),"INC since Apr 2026 (87 days). MEDIUM by Oct 2026, HOT by Jan 2027, ULTRA HOT by Apr 2027.",Your Term loans at IND-RA hits ULTRA HOT in Apr 2027. Start ACER process by Jan 2027 to be ahead of Q2 2027 renewal rush.
T K Toll Road Pvt. Ltd.,TIER 2 — Mid-RM,Aug Wk2 (Aug 10-14),370.95,0,5.0,Construction,ICRA,Q2 2027,1,LOW (<90 days),"INC since Apr 2026 (73 days). MEDIUM by Oct 2026, HOT by Jan 2027, ULTRA HOT by Apr 2027.",Your Term loans at ICRA hits ULTRA HOT in Apr 2027. Start ACER process by Jan 2027 to be ahead of Q2 2027 renewal rush.
Cabbana Infrastructures Pvt. Ltd.,TIER 2 — Mid-RM,Aug Wk2 (Aug 10-14),363.72,0,5.0,Construction,IND-RA,Q2 2027,1,LOW (<90 days),"INC since Apr 2026 (87 days). MEDIUM by Oct 2026, HOT by Jan 2027, ULTRA HOT by Apr 2027.",Your Term loans at IND-RA hits ULTRA HOT in Apr 2027. Start ACER process by Jan 2027 to be ahead of Q2 2027 renewal rush.
J P Infra Realty Pvt. Ltd.,TIER 2 — Mid-RM,Aug Wk2 (Aug 10-14),350.0,0,5.0,Construction,IND-RA,Q2 2027,1,LOW (<90 days),"INC since Apr 2026 (87 days). MEDIUM by Oct 2026, HOT by Jan 2027, ULTRA HOT by Apr 2027.",Your Term loans at IND-RA hits ULTRA HOT in Apr 2027. Start ACER process by Jan 2027 to be ahead of Q2 2027 renewal rush.
Haryana Power Generation Corpn. Ltd.,TIER 2 — Mid-RM,Aug Wk2 (Aug 10-14),340.15,0,5.0,Energy,BRICKWORK,October 2026,1,LOW,INC rating hits HOT threshold on 2026-10-13 — first call window,Get ahead of the Oct/Nov renewal rush; start ACER process now before BRICKWORK backlog builds
Halder Venture Ltd.,TIER 2 — Mid-RM,Aug Wk2 (Aug 10-14),337.27,0,5.0,Other,CRISIL,October 2026,1,LOW,INC rating hits HOT threshold on 2026-10-18 — first call window,Get ahead of the Oct/Nov renewal rush; start ACER process now before CRISIL backlog builds
Kanakia Hotels & Resorts Pvt. Ltd.,TIER 2 — Mid-RM,Aug Wk2 (Aug 10-14),322.5,0,5.0,Hotels & Tourism,BRICKWORK,October 2026,1,MEDIUM,INC rating hits ULTRA HOT threshold on 2026-11-03 — first call window,Get ahead of the Oct/Nov renewal rush; start ACER process now before BRICKWORK backlog builds
Southern Power Distribution Co. Of Telangana Ltd.,TIER 2 — Mid-RM,Aug Wk2 (Aug 10-14),300.0,0,3.0,Energy,CARE,Q1 2027,1,LOW/MEDIUM,INC rating hits ULTRA HOT on 2027-03-13 — prime Q1 2027 renewal target,Your Letter of Credit at CARE goes critical in Mar 2027. Start ACER process in Sep 2026 — before the Q1 rush.
Reliable Exports (India) Pvt. Ltd.,TIER 2 — Mid-RM,Aug Wk2 (Aug 10-14),289.99,0,5.0,Logistics,BRICKWORK,October 2026,1,LOW,INC rating hits HOT threshold on 2026-11-22 — first call window,Get ahead of the Oct/Nov renewal rush; start ACER process now before BRICKWORK backlog builds
M E P Sanjose Talaja Mahuva Road Pvt. Ltd.,TIER 2 — Mid-RM,Aug Wk2 (Aug 10-14),289.37,0,5.0,Construction,ACUITE,October 2026,1,MEDIUM,INC rating hits ULTRA HOT threshold on 2026-11-19 — first call window,Get ahead of the Oct/Nov renewal rush; start ACER process now before ACUITE backlog builds
Amar Prakaash Developerss Pvt. Ltd.,TIER 2 — Mid-RM,Aug Wk2 (Aug 10-14),288.67,0,5.0,Other,IND-RA,Q2 2027,1,LOW (<90 days),"INC since Apr 2026 (87 days). MEDIUM by Oct 2026, HOT by Jan 2027, ULTRA HOT by Apr 2027.",Your Term loans at IND-RA hits ULTRA HOT in Apr 2027. Start ACER process by Jan 2027 to be ahead of Q2 2027 renewal rush.
Infinity Infotech Parks Ltd.,TIER 2 — Mid-RM,Aug Wk2 (Aug 10-14),287.24,0,5.0,IT/Technology,BRICKWORK,October 2026,1,MEDIUM,INC rating hits ULTRA HOT threshold on 2026-11-27 — first call window,Get ahead of the Oct/Nov renewal rush; start ACER process now before BRICKWORK backlog builds
Grand Canyon SEZ Private Limited,TIER 2 — Mid-RM,Aug Wk2 (Aug 10-14),283.03,0,3.0,Other,Infomerics,October 2026,1,MEDIUM,INC rating hits ULTRA HOT threshold on 2026-10-14 — first call window,Get ahead of the Oct/Nov renewal rush; start ACER process now before Infomerics backlog builds
Prathima Infrastructure Ltd.,TIER 2 — Mid-RM,Aug Wk2 (Aug 10-14),280.0,0,4.0,Construction,ACUITE,October 2026,1,MEDIUM,INC rating hits ULTRA HOT threshold on 2026-10-10 — first call window,Get ahead of the Oct/Nov renewal rush; start ACER process now before ACUITE backlog builds
M S Khurana Engg. Ltd.,TIER 2 — Mid-RM,Aug Wk2 (Aug 10-14),275.0,0,4.0,Other,BRICKWORK,October 2026,1,MEDIUM,INC rating hits ULTRA HOT threshold on 2026-10-28 — first call window,Get ahead of the Oct/Nov renewal rush; start ACER process now before BRICKWORK backlog builds
M E P Sanjose Mahuva Kagavadar Road Pvt. Ltd.,TIER 2 — Mid-RM,Aug Wk2 (Aug 10-14),272.11,0,5.0,Construction,ACUITE,October 2026,1,MEDIUM,INC rating hits ULTRA HOT threshold on 2026-11-20 — first call window,Get ahead of the Oct/Nov renewal rush; start ACER process now before ACUITE backlog builds
Kute Sons Dairys Limited,TIER 2 — Mid-RM,Aug Wk2 (Aug 10-14),269.17,0,5.0,Agro & Food,Infomerics,Q1 2027,1,LOW/MEDIUM,INC rating hits ULTRA HOT on 2027-01-12 — exclusive Q1 2027 whitespace lead,Your Infomerics INC rating goes critical in Jan 2027. ACER is your best alternative — no competitor has approached you.
Gem Sugars Ltd.,TIER 2 — Mid-RM,Aug Wk2 (Aug 10-14),264.0,0,5.0,Agro & Food,BRICKWORK,October 2026,1,LOW,INC rating hits HOT threshold on 2026-11-28 — first call window,Get ahead of the Oct/Nov renewal rush; start ACER process now before BRICKWORK backlog builds
Jai Hind Sugar Pvt. Ltd.,TIER 2 — Mid-RM,Aug Wk2 (Aug 10-14),259.29,0,5.0,Agro & Food,BRICKWORK,Q1 2027,1,LOW/MEDIUM,INC rating hits ULTRA HOT on 2026-12-31 — prime Q1 2027 renewal target,Your Fund-Based at BRICKWORK goes critical in Dec 2026. Start ACER process in Sep 2026 — before the Q1 rush.
Yatin Steels India Pvt. Ltd.,TIER 2 — Mid-RM,Aug Wk2 (Aug 10-14),250.5,0,3.0,Steel & Metals,ACUITE,October 2026,1,LOW,INC rating hits HOT threshold on 2026-11-22 — first call window,Get ahead of the Oct/Nov renewal rush; start ACER process now before ACUITE backlog builds
Renuka Realtors,TIER 2 — Mid-RM,Aug Wk2 (Aug 10-14),250.0,0,3.0,Construction,Infomerics,October 2026,1,MEDIUM,INC rating hits ULTRA HOT threshold on 2026-10-16 — first call window,Get ahead of the Oct/Nov renewal rush; start ACER process now before Infomerics backlog builds
Yashnand Engineers & Contractors Pvt. Ltd.,TIER 2 — Mid-RM,Aug Wk2 (Aug 10-14),249.5,0,4.0,Manufacturing,CRISIL,October 2026,1,LOW,INC rating hits HOT threshold on 2026-11-29 — first call window,Get ahead of the Oct/Nov renewal rush; start ACER process now before CRISIL backlog builds
Asian Hotels (West) Ltd.,TIER 2 — Mid-RM,Aug Wk2 (Aug 10-14),247.76,0,5.0,Hotels & Tourism,IND-RA,Q2 2027,1,LOW (<90 days),"INC since Apr 2026 (87 days). MEDIUM by Oct 2026, HOT by Jan 2027, ULTRA HOT by Apr 2027.",Your Term loans at IND-RA hits ULTRA HOT in Apr 2027. Start ACER process by Jan 2027 to be ahead of Q2 2027 renewal rush.
Jay Shree Tea & Inds. Ltd.,TIER 2 — Mid-RM,Aug Wk2 (Aug 10-14),247.0,0,5.0,Agro & Food,BRICKWORK,October 2026,1,MEDIUM,INC rating hits ULTRA HOT threshold on 2026-11-18 — first call window,Get ahead of the Oct/Nov renewal rush; start ACER process now before BRICKWORK backlog builds
Jaywant Sugars Ltd.,TIER 2 — Mid-RM,Aug Wk2 (Aug 10-14),244.48,0,5.0,Agro & Food,CRISIL,October 2026,1,MEDIUM,INC rating hits ULTRA HOT threshold on 2026-11-13 — first call window,Get ahead of the Oct/Nov renewal rush; start ACER process now before CRISIL backlog builds
Jayantisuper Construction Pvt. Ltd.,TIER 2 — Mid-RM,Aug Wk2 (Aug 10-14),240.5,0,3.0,Construction,BRICKWORK,October 2026,1,MEDIUM,INC rating hits ULTRA HOT threshold on 2026-11-27 — first call window,Get ahead of the Oct/Nov renewal rush; start ACER process now before BRICKWORK backlog builds
F Robin Power Solutions Pvt. Ltd.,TIER 2 — Mid-RM,Aug Wk2 (Aug 10-14),235.0,0,5.0,Energy,IND-RA,Q1 2027,1,LOW/MEDIUM,INC rating hits ULTRA HOT on 2027-03-30 — prime Q1 2027 renewal target,Your Term Loan at IND-RA goes critical in Mar 2027. Start ACER process in Sep 2026 — before the Q1 rush.
M/S Idupulapadu Cotton Mills Private Limited,TIER 2 — Mid-RM,Aug Wk2 (Aug 10-14),233.0,0,5.0,Agro & Food,Infomerics,October 2026,1,MEDIUM,INC rating hits ULTRA HOT threshold on 2026-10-16 — first call window,Get ahead of the Oct/Nov renewal rush; start ACER process now before Infomerics backlog builds
Indoshell Mould Ltd.,TIER 2 — Mid-RM,Aug Wk2 (Aug 10-14),231.44,0,5.0,Other,BRICKWORK,Q1 2027,1,LOW/MEDIUM,INC rating hits ULTRA HOT on 2027-03-17 — prime Q1 2027 renewal target,Your Term Loan at BRICKWORK goes critical in Mar 2027. Start ACER process in Sep 2026 — before the Q1 rush.
Mantri Developers Pvt. Ltd.,TIER 2 — Mid-RM,Aug Wk2 (Aug 10-14),230.0,0,5.0,Other,CARE,Q2 2027,1,LOW (<90 days),"INC since Apr 2026 (87 days). MEDIUM by Oct 2026, HOT by Jan 2027, ULTRA HOT by Apr 2027.",Your Fund based financial facility/instrument at CARE hits ULTRA HOT in Apr 2027. Start ACER process by Jan 2027 to be ahead of Q2 2027 renewal rush.
Shrinath Rotopack Pvt. Ltd.,TIER 2 — Mid-RM,Aug Wk2 (Aug 10-14),230.0,0,5.0,Other,IND-RA,October 2026,1,MEDIUM,INC rating hits ULTRA HOT threshold on 2026-10-16 — first call window,Get ahead of the Oct/Nov renewal rush; start ACER process now before IND-RA backlog builds
Bansal Ship Breakers Pvt. Ltd.,TIER 2 — Mid-RM,Aug Wk2 (Aug 10-14),227.46,0,3.0,Other,IND-RA,October 2026,1,MEDIUM,INC rating hits ULTRA HOT threshold on 2026-11-12 — first call window,Get ahead of the Oct/Nov renewal rush; start ACER process now before IND-RA backlog builds
Kiran Infra Engineers Ltd.,TIER 2 — Mid-RM,Aug Wk2 (Aug 10-14),225.0,0,4.0,Construction,CRISIL,October 2026,1,LOW,INC rating hits HOT threshold on 2026-11-23 — first call window,Get ahead of the Oct/Nov renewal rush; start ACER process now before CRISIL backlog builds
Malbros International Pvt. Ltd.,TIER 2 — Mid-RM,Aug Wk2 (Aug 10-14),225.0,0,5.0,Other,ACUITE,Q1 2027,1,LOW/MEDIUM,INC rating hits ULTRA HOT on 2027-03-11 — prime Q1 2027 renewal target,Your Term Loan at ACUITE goes critical in Mar 2027. Start ACER process in Sep 2026 — before the Q1 rush.
Vatika Seven Elements Pvt. Ltd.,TIER 2 — Mid-RM,Aug Wk2 (Aug 10-14),225.0,0,5.0,Other,CARE,Q2 2027,1,LOW (<90 days),"INC since Apr 2026 (66 days). MEDIUM by Oct 2026, HOT by Jan 2027, ULTRA HOT by Apr 2027.",Your Term loans at CARE hits ULTRA HOT in Apr 2027. Start ACER process by Jan 2027 to be ahead of Q2 2027 renewal rush.
Miot Hospitals Pvt. Ltd.,TIER 2 — Mid-RM,Aug Wk2 (Aug 10-14),221.89,0,5.0,Healthcare,CARE,October 2026,1,LOW,INC rating hits HOT threshold on 2026-10-06 — first call window,Get ahead of the Oct/Nov renewal rush; start ACER process now before CARE backlog builds
Assago Industries Pvt. Ltd.,TIER 2 — Mid-RM,Aug Wk2 (Aug 10-14),220.0,0,5.0,Other,CARE,Q1 2027,1,LOW/MEDIUM,INC rating hits ULTRA HOT on 2027-03-31 — prime Q1 2027 renewal target,Your Term Loan at CARE goes critical in Mar 2027. Start ACER process in Sep 2026 — before the Q1 rush.
Vishwaraj Sugar Inds. Ltd.,TIER 2 — Mid-RM,Aug Wk2 (Aug 10-14),215.0,0,5.0,Agro & Food,IND-RA,October 2026,1,MEDIUM,INC rating hits ULTRA HOT threshold on 2026-11-24 — first call window,Get ahead of the Oct/Nov renewal rush; start ACER process now before IND-RA backlog builds
Sri Avantika Contractors (I) Limited,TIER 2 — Mid-RM,Aug Wk2 (Aug 10-14),214.0,0,2.5,Automobiles,Infomerics,October 2026,1,MEDIUM,INC rating hits ULTRA HOT threshold on 2026-10-31 — first call window,Get ahead of the Oct/Nov renewal rush; start ACER process now before Infomerics backlog builds
Pioneer Power Corpn. Ltd.,TIER 2 — Mid-RM,Aug Wk2 (Aug 10-14),213.21,0,5.0,Energy,ACUITE,October 2026,1,MEDIUM,INC rating hits ULTRA HOT threshold on 2026-10-28 — first call window,Get ahead of the Oct/Nov renewal rush; start ACER process now before ACUITE backlog builds
R K Engineers Sales Ltd.,TIER 2 — Mid-RM,Aug Wk2 (Aug 10-14),209.0,0,4.0,Manufacturing,CRISIL,October 2026,1,MEDIUM,INC rating hits ULTRA HOT threshold on 2026-11-03 — first call window,Get ahead of the Oct/Nov renewal rush; start ACER process now before CRISIL backlog builds
Wagad Infraprojects Pvt. Ltd.,TIER 2 — Mid-RM,Aug Wk2 (Aug 10-14),207.0,0,4.0,Construction,CRISIL,October 2026,1,LOW,INC rating hits HOT threshold on 2026-10-03 — first call window,Get ahead of the Oct/Nov renewal rush; start ACER process now before CRISIL backlog builds
R S A L Steel Pvt. Ltd.,TIER 2 — Mid-RM,Aug Wk2 (Aug 10-14),206.55,0,3.0,Steel & Metals,ICRA,Q2 2027,1,LOW (<90 days),"INC since Apr 2026 (60 days). MEDIUM by Oct 2026, HOT by Jan 2027, ULTRA HOT by Apr 2027.",Your Non-fund-based financial facility/instrument at ICRA hits ULTRA HOT in Apr 2027. Start ACER process by Jan 2027 to be ahead of Q2 2027 renewal rush.
Aditya Construction Co. India Pvt. Ltd.,TIER 2 — Mid-RM,Aug Wk2 (Aug 10-14),204.0,0,5.0,Construction,BRICKWORK,October 2026,1,LOW,INC rating hits HOT threshold on 2026-11-01 — first call window,Get ahead of the Oct/Nov renewal rush; start ACER process now before BRICKWORK backlog builds
Hild Energy Pvt. Ltd.,TIER 2 — Mid-RM,Aug Wk2 (Aug 10-14),203.9,0,3.0,Energy,CRISIL,Q1 2027,1,LOW/MEDIUM,INC rating hits ULTRA HOT on 2027-03-11 — prime Q1 2027 renewal target,Your Letter of Credit at CRISIL goes critical in Mar 2027. Start ACER process in Sep 2026 — before the Q1 rush.
Shri Prabhulingeshwar Sugars & Chemicals Ltd.,TIER 2 — Mid-RM,Aug Wk2 (Aug 10-14),201.32,0,5.0,Agro & Food,ACUITE,Q1 2027,1,LOW/MEDIUM,INC rating hits ULTRA HOT on 2027-03-12 — prime Q1 2027 renewal target,Your Term Loan at ACUITE goes critical in Mar 2027. Start ACER process in Sep 2026 — before the Q1 rush.
Wave Beverages Pvt. Ltd.,TIER 2 — Mid-RM,Aug Wk2 (Aug 10-14),197.5,0,5.0,Other,IND-RA,October 2026,1,MEDIUM,INC rating hits ULTRA HOT threshold on 2026-11-06 — first call window,Get ahead of the Oct/Nov renewal rush; start ACER process now before IND-RA backlog builds
Sri Raja Rajeswari Constructions (India) Pvt. Ltd.,TIER 2 — Mid-RM,Aug Wk2 (Aug 10-14),197.0,0,4.0,Construction,CRISIL,October 2026,1,MEDIUM,INC rating hits ULTRA HOT threshold on 2026-10-29 — first call window,Get ahead of the Oct/Nov renewal rush; start ACER process now before CRISIL backlog builds
KLSR Infratech Limited,TIER 2 — Mid-RM,Aug Wk2 (Aug 10-14),192.0,0,3.0,Construction,Infomerics,October 2026,1,MEDIUM,INC rating hits ULTRA HOT threshold on 2026-11-03 — first call window,Get ahead of the Oct/Nov renewal rush; start ACER process now before Infomerics backlog builds
Texport Syndicate India Limited,TIER 2 — Mid-RM,Aug Wk2 (Aug 10-14),190.24,0,2.5,Logistics,Infomerics,October 2026,1,MEDIUM,INC rating hits ULTRA HOT threshold on 2026-10-31 — first call window,Get ahead of the Oct/Nov renewal rush; start ACER process now before Infomerics backlog builds
Bindra Steel Private Limited,TIER 2 — Mid-RM,Aug Wk2 (Aug 10-14),190.0,0,5.0,Steel & Metals,Infomerics,October 2026,1,MEDIUM,INC rating hits ULTRA HOT threshold on 2026-11-17 — first call window,Get ahead of the Oct/Nov renewal rush; start ACER process now before Infomerics backlog builds
Ananda Dairy Intl. Ltd.,TIER 2 — Mid-RM,Aug Wk2 (Aug 10-14),187.5,0,5.0,Agro & Food,BRICKWORK,October 2026,1,MEDIUM,INC rating hits ULTRA HOT threshold on 2026-11-18 — first call window,Get ahead of the Oct/Nov renewal rush; start ACER process now before BRICKWORK backlog builds
Pravara Renewable Energy Ltd.,TIER 2 — Mid-RM,Aug Wk2 (Aug 10-14),186.08,0,5.0,Energy/Power,CARE,Q2 2027,1,LOW (<90 days),"INC since Apr 2026 (74 days). MEDIUM by Oct 2026, HOT by Jan 2027, ULTRA HOT by Apr 2027.",Your Term loans at CARE hits ULTRA HOT in Apr 2027. Start ACER process by Jan 2027 to be ahead of Q2 2027 renewal rush.
Unitech Power Transmission Ltd.,TIER 2 — Mid-RM,Aug Wk2 (Aug 10-14),185.0,0,4.0,Energy,BRICKWORK,October 2026,1,MEDIUM,INC rating hits ULTRA HOT threshold on 2026-10-09 — first call window,Get ahead of the Oct/Nov renewal rush; start ACER process now before BRICKWORK backlog builds
P S K Infrastructures & Projects Pvt. Ltd.,TIER 2 — Mid-RM,Aug Wk2 (Aug 10-14),184.0,0,3.0,Construction,ICRA,October 2026,1,LOW,INC rating hits HOT threshold on 2026-10-26 — first call window,Get ahead of the Oct/Nov renewal rush; start ACER process now before ICRA backlog builds
Cygnet Industries Ltd.,TIER 2 — Mid-RM,Aug Wk2 (Aug 10-14),181.65,0,5.0,Other,BRICKWORK,Q1 2027,1,LOW/MEDIUM,INC rating hits ULTRA HOT on 2027-03-06 — prime Q1 2027 renewal target,Your Term Loan at BRICKWORK goes critical in Mar 2027. Start ACER process in Sep 2026 — before the Q1 rush.
Atria Wind (Kadambur) Pvt. Ltd.,TIER 2 — Mid-RM,Aug Wk2 (Aug 10-14),179.33,0,5.0,Energy,IND-RA,October 2026,1,MEDIUM,INC rating hits ULTRA HOT threshold on 2026-11-24 — first call window,Get ahead of the Oct/Nov renewal rush; start ACER process now before IND-RA backlog builds
Orbit Resorts Ltd.,TIER 2 — Mid-RM,Aug Wk2 (Aug 10-14),177.08,0,5.0,Hotels & Tourism,BRICKWORK,October 2026,1,MEDIUM,INC rating hits ULTRA HOT threshold on 2026-11-21 — first call window,Get ahead of the Oct/Nov renewal rush; start ACER process now before BRICKWORK backlog builds
Cybercity Builders & Developers Pvt. Ltd.,TIER 2 — Mid-RM,Aug Wk2 (Aug 10-14),175.0,0,5.0,Construction,IND-RA,Q2 2027,1,LOW (<90 days),"INC since Apr 2026 (87 days). MEDIUM by Oct 2026, HOT by Jan 2027, ULTRA HOT by Apr 2027.",Your Term loans at IND-RA hits ULTRA HOT in Apr 2027. Start ACER process by Jan 2027 to be ahead of Q2 2027 renewal rush.
Alex Astral Power Pvt. Ltd.,TIER 2 — Mid-RM,Aug Wk2 (Aug 10-14),172.5,0,5.0,Energy,ACUITE,October 2026,1,LOW,INC rating hits HOT threshold on 2026-11-02 — first call window,Get ahead of the Oct/Nov renewal rush; start ACER process now before ACUITE backlog builds
Mani Square Ltd.,TIER 2 — Mid-RM,Aug Wk2 (Aug 10-14),170.0,0,5.0,Other,CARE,Q2 2027,1,LOW (<90 days),"INC since Apr 2026 (74 days). MEDIUM by Oct 2026, HOT by Jan 2027, ULTRA HOT by Apr 2027.",Your Term loans at CARE hits ULTRA HOT in Apr 2027. Start ACER process by Jan 2027 to be ahead of Q2 2027 renewal rush.
SRC Company Infra Private Limited,TIER 2 — Mid-RM,Aug Wk2 (Aug 10-14),170.0,0,2.5,Construction,Infomerics,October 2026,1,MEDIUM,INC rating hits ULTRA HOT threshold on 2026-11-28 — first call window,Get ahead of the Oct/Nov renewal rush; start ACER process now before Infomerics backlog builds
South India Paper Mills Ltd.,TIER 2 — Mid-RM,Aug Wk2 (Aug 10-14),166.77,0,5.0,Paper/Packaging,ICRA,October 2026,1,LOW,INC rating hits HOT threshold on 2026-11-15 — first call window,Get ahead of the Oct/Nov renewal rush; start ACER process now before ICRA backlog builds
Sau Mathurabai Bhausaheb Thorat Sevabhavi Trust,TIER 2 — Mid-RM,Aug Wk2 (Aug 10-14),165.65,0,5.0,Other,Infomerics,October 2026,1,MEDIUM,INC rating hits ULTRA HOT threshold on 2026-10-31 — first call window,Get ahead of the Oct/Nov renewal rush; start ACER process now before Infomerics backlog builds
Signet Industries Ltd.,TIER 2 — Mid-RM,Aug Wk2 (Aug 10-14),165.0,0,3.0,Manufacturing,CRISIL,October 2026,1,MEDIUM,INC rating hits ULTRA HOT threshold on 2026-10-24 — first call window,Get ahead of the Oct/Nov renewal rush; start ACER process now before CRISIL backlog builds
Mahakaleshwar Tollways Pvt. Ltd.,TIER 2 — Mid-RM,Aug Wk2 (Aug 10-14),164.84,0,5.0,Construction,CARE,Q2 2027,1,LOW (<90 days),"INC since Apr 2026 (73 days). MEDIUM by Oct 2026, HOT by Jan 2027, ULTRA HOT by Apr 2027.",Your Term loans at CARE hits ULTRA HOT in Apr 2027. Start ACER process by Jan 2027 to be ahead of Q2 2027 renewal rush.
SVP Industries Limited,TIER 2 — Mid-RM,Aug Wk2 (Aug 10-14),163.77,0,5.0,Manufacturing,Infomerics,October 2026,1,MEDIUM,INC rating hits ULTRA HOT threshold on 2026-11-04 — first call window,Get ahead of the Oct/Nov renewal rush; start ACER process now before Infomerics backlog builds
T. K. Engineering Consortium Private Limited,TIER 2 — Mid-RM,Aug Wk2 (Aug 10-14),163.59,0,2.5,Manufacturing,Infomerics,Q1 2027,1,LOW/MEDIUM,INC rating hits ULTRA HOT on 2027-01-19 — exclusive Q1 2027 whitespace lead,Your Infomerics INC rating goes critical in Jan 2027. ACER is your best alternative — no competitor has approached you.
Pioneer Genco Ltd.,TIER 2 — Mid-RM,Aug Wk2 (Aug 10-14),161.03,0,5.0,Other,ACUITE,October 2026,1,MEDIUM,INC rating hits ULTRA HOT threshold on 2026-10-28 — first call window,Get ahead of the Oct/Nov renewal rush; start ACER process now before ACUITE backlog builds
Shri Govindaraja Mills Pvt. Ltd.,TIER 2 — Mid-RM,Aug Wk2 (Aug 10-14),159.33,0,5.0,Other,BRICKWORK,Q2 2027,1,LOW (<90 days),"INC since Apr 2026 (87 days). MEDIUM by Oct 2026, HOT by Jan 2027, ULTRA HOT by Apr 2027.",Your Term loans at BRICKWORK hits ULTRA HOT in Apr 2027. Start ACER process by Jan 2027 to be ahead of Q2 2027 renewal rush.
Neo Metaliks Ltd.,TIER 2 — Mid-RM,Aug Wk2 (Aug 10-14),158.2,0,3.0,Steel & Metals,CRISIL,Q1 2027,1,LOW/MEDIUM,INC rating hits ULTRA HOT on 2027-03-11 — prime Q1 2027 renewal target,Your Letter of Credit at CRISIL goes critical in Mar 2027. Start ACER process in Sep 2026 — before the Q1 rush.
Krishna Corpindia Pvt. Ltd.,TIER 2 — Mid-RM,Aug Wk2 (Aug 10-14),157.9,0,4.0,Other,CRISIL,October 2026,1,MEDIUM,INC rating hits ULTRA HOT threshold on 2026-11-19 — first call window,Get ahead of the Oct/Nov renewal rush; start ACER process now before CRISIL backlog builds
Senbo Engineering Ltd.,TIER 2 — Mid-RM,Aug Wk2 (Aug 10-14),157.32,0,4.0,Other,CARE,Q2 2027,1,LOW (<90 days),"INC since Apr 2026 (79 days). MEDIUM by Oct 2026, HOT by Jan 2027, ULTRA HOT by Apr 2027.",Your Bank Guarantee at CARE hits ULTRA HOT in Apr 2027. Start ACER process by Jan 2027 to be ahead of Q2 2027 renewal rush.
Karuna Management Services Ltd.,TIER 2 — Mid-RM,Aug Wk2 (Aug 10-14),155.0,0,5.0,Jewellery/Gems,CRISIL,October 2026,1,LOW,INC rating hits HOT threshold on 2026-10-17 — first call window,Get ahead of the Oct/Nov renewal rush; start ACER process now before CRISIL backlog builds
Heritage Hospitals Ltd.,TIER 2 — Mid-RM,Aug Wk2 (Aug 10-14),153.75,0,5.0,Healthcare,BRICKWORK,October 2026,1,MEDIUM,INC rating hits ULTRA HOT threshold on 2026-11-14 — first call window,Get ahead of the Oct/Nov renewal rush; start ACER process now before BRICKWORK backlog builds
Avinash Developers Pvt. Ltd.,TIER 2 — Mid-RM,Aug Wk2 (Aug 10-14),151.79,0,5.0,Construction,ACUITE,October 2026,1,LOW,INC rating hits HOT threshold on 2026-11-29 — first call window,Get ahead of the Oct/Nov renewal rush; start ACER process now before ACUITE backlog builds
Axis Energy Ventures India Pvt. Ltd.,TIER 2 — Mid-RM,Aug Wk2 (Aug 10-14),150.0,0,4.0,Energy,BRICKWORK,October 2026,1,MEDIUM,INC rating hits ULTRA HOT threshold on 2026-10-15 — first call window,Get ahead of the Oct/Nov renewal rush; start ACER process now before BRICKWORK backlog builds
Bell Finvest (India) Ltd.,TIER 2 — Mid-RM,Aug Wk2 (Aug 10-14),150.0,0,5.0,BFSI/NBFC,CARE,Q2 2027,1,LOW (<90 days),"INC since Apr 2026 (88 days). MEDIUM by Oct 2026, HOT by Jan 2027, ULTRA HOT by Apr 2027.",Your Term loans at CARE hits ULTRA HOT in Apr 2027. Start ACER process by Jan 2027 to be ahead of Q2 2027 renewal rush.
L T K Industries Pvt. Ltd.,TIER 2 — Mid-RM,Aug Wk2 (Aug 10-14),150.0,0,5.0,Manufacturing,CRISIL,Q1 2027,1,LOW/MEDIUM,INC rating hits ULTRA HOT on 2027-03-20 — prime Q1 2027 renewal target,Your Term Loan at CRISIL goes critical in Mar 2027. Start ACER process in Sep 2026 — before the Q1 rush.
Sharda Construction & Corpn. Pvt. Ltd.,TIER 2 — Mid-RM,Aug Wk2 (Aug 10-14),150.0,0,4.0,Construction,CARE,October 2026,1,LOW,INC rating hits HOT threshold on 2026-11-24 — first call window,Get ahead of the Oct/Nov renewal rush; start ACER process now before CARE backlog builds
Sterling Distillers Pvt. Ltd.,TIER 2 — Mid-RM,Aug Wk2 (Aug 10-14),150.0,0,5.0,Other,ICRA,Q1 2027,1,LOW/MEDIUM,INC rating hits ULTRA HOT on 2027-03-19 — prime Q1 2027 renewal target,Your Term Loan at ICRA goes critical in Mar 2027. Start ACER process in Sep 2026 — before the Q1 rush.
Kalthia Infra Projects Pvt. Ltd.,TIER 2 — Mid-RM,Aug Wk2 (Aug 10-14),147.86,0,5.0,Construction,ICRA,October 2026,1,LOW,INC rating hits HOT threshold on 2026-11-03 — first call window,Get ahead of the Oct/Nov renewal rush; start ACER process now before ICRA backlog builds
Heavy Metals & Tubes Ltd.,TIER 2 — Mid-RM,Aug Wk2 (Aug 10-14),146.57,0,5.0,Steel & Metals,CARE,Q2 2027,1,LOW (<90 days),"INC since Apr 2026 (79 days). MEDIUM by Oct 2026, HOT by Jan 2027, ULTRA HOT by Apr 2027.",Your Term loans at CARE hits ULTRA HOT in Apr 2027. Start ACER process by Jan 2027 to be ahead of Q2 2027 renewal rush.
Welspun Michigan Engineers Ltd.,TIER 2 — Mid-RM,Aug Wk2 (Aug 10-14),145.0,0,4.0,Manufacturing,ACUITE,October 2026,1,MEDIUM,INC rating hits ULTRA HOT threshold on 2026-10-10 — first call window,Get ahead of the Oct/Nov renewal rush; start ACER process now before ACUITE backlog builds
Chendhoor Murughan Yarn Tex India Pvt. Ltd.,TIER 2 — Mid-RM,Aug Wk2 (Aug 10-14),143.5,0,5.0,Textiles,CRISIL,October 2026,1,LOW,INC rating hits HOT threshold on 2026-10-09 — first call window,Get ahead of the Oct/Nov renewal rush; start ACER process now before CRISIL backlog builds
Lohiya Edible Oils Pvt. Ltd.,TIER 2 — Mid-RM,Aug Wk2 (Aug 10-14),142.5,0,3.0,Agro & Food,BRICKWORK,Q1 2027,1,LOW/MEDIUM,INC rating hits ULTRA HOT on 2027-03-17 — prime Q1 2027 renewal target,Your Letter of Credit at BRICKWORK goes critical in Mar 2027. Start ACER process in Sep 2026 — before the Q1 rush.
Auric Motors Pvt. Ltd.,TIER 2 — Mid-RM,Aug Wk2 (Aug 10-14),139.3,0,5.0,Automobiles,BRICKWORK,October 2026,1,LOW,INC rating hits HOT threshold on 2026-10-25 — first call window,Get ahead of the Oct/Nov renewal rush; start ACER process now before BRICKWORK backlog builds
Narbheram Power & Steel Pvt. Ltd.,TIER 2 — Mid-RM,Aug Wk2 (Aug 10-14),137.85,0,5.0,Steel & Metals,ACUITE,October 2026,1,MEDIUM,INC rating hits ULTRA HOT threshold on 2026-11-13 — first call window,Get ahead of the Oct/Nov renewal rush; start ACER process now before ACUITE backlog builds
Autometers Alliance Ltd.,TIER 2 — Mid-RM,Aug Wk2 (Aug 10-14),135.0,0,4.0,Automobiles,ACUITE,October 2026,1,LOW,INC rating hits HOT threshold on 2026-10-13 — first call window,Get ahead of the Oct/Nov renewal rush; start ACER process now before ACUITE backlog builds
Shah Group Builders Ltd.,TIER 2 — Mid-RM,Aug Wk2 (Aug 10-14),135.0,0,5.0,Construction,IND-RA,Q2 2027,1,LOW (<90 days),"INC since Apr 2026 (87 days). MEDIUM by Oct 2026, HOT by Jan 2027, ULTRA HOT by Apr 2027.",Your Term loans at IND-RA hits ULTRA HOT in Apr 2027. Start ACER process by Jan 2027 to be ahead of Q2 2027 renewal rush.
Aakash Polyfilms Ltd.,TIER 2 — Mid-RM,Aug Wk2 (Aug 10-14),132.63,0,5.0,Other,BRICKWORK,October 2026,1,LOW,INC rating hits HOT threshold on 2026-11-01 — first call window,Get ahead of the Oct/Nov renewal rush; start ACER process now before BRICKWORK backlog builds
Kintech Synergy Pvt. Ltd.,TIER 2 — Mid-RM,Aug Wk2 (Aug 10-14),130.0,0,4.0,IT/Technology,CRISIL,October 2026,1,LOW,INC rating hits HOT threshold on 2026-10-27 — first call window,Get ahead of the Oct/Nov renewal rush; start ACER process now before CRISIL backlog builds
Uttar Bharat Hydro Power Pvt. Ltd.,TIER 2 — Mid-RM,Aug Wk2 (Aug 10-14),130.0,0,5.0,Energy,CRISIL,October 2026,1,LOW,INC rating hits HOT threshold on 2026-11-01 — first call window,Get ahead of the Oct/Nov renewal rush; start ACER process now before CRISIL backlog builds
Abhishek Propbuild Pvt. Ltd.,TIER 2 — Mid-RM,Aug Wk2 (Aug 10-14),129.3,0,5.0,Construction,CARE,Q2 2027,1,LOW (<90 days),"INC since Apr 2026 (87 days). MEDIUM by Oct 2026, HOT by Jan 2027, ULTRA HOT by Apr 2027.",Your Term loans at CARE hits ULTRA HOT in Apr 2027. Start ACER process by Jan 2027 to be ahead of Q2 2027 renewal rush.
Grospinz Fabz Limited,TIER 2 — Mid-RM,Aug Wk2 (Aug 10-14),125.5,0,2.5,Other,Infomerics,October 2026,1,MEDIUM,INC rating hits ULTRA HOT threshold on 2026-11-28 — first call window,Get ahead of the Oct/Nov renewal rush; start ACER process now before Infomerics backlog builds
Green Urja Pvt. Ltd.,TIER 2 — Mid-RM,Aug Wk2 (Aug 10-14),125.4,0,5.0,Other,CRISIL,October 2026,1,LOW,INC rating hits HOT threshold on 2026-10-30 — first call window,Get ahead of the Oct/Nov renewal rush; start ACER process now before CRISIL backlog builds
Corporate Leisure & Property Devp. Pvt. Ltd.,TIER 2 — Mid-RM,Aug Wk2 (Aug 10-14),125.0,0,5.0,Construction,CRISIL,October 2026,1,MEDIUM,INC rating hits ULTRA HOT threshold on 2026-10-17 — first call window,Get ahead of the Oct/Nov renewal rush; start ACER process now before CRISIL backlog builds
Theni Guru Krishna Textile Mills Pvt. Ltd.,TIER 2 — Mid-RM,Aug Wk2 (Aug 10-14),123.52,0,5.0,Textiles,ACUITE,October 2026,1,MEDIUM,INC rating hits ULTRA HOT threshold on 2026-11-14 — first call window,Get ahead of the Oct/Nov renewal rush; start ACER process now before ACUITE backlog builds
Capital Electech Pvt. Ltd.,TIER 2 — Mid-RM,Aug Wk2 (Aug 10-14),123.5,0,4.0,BFSI/NBFC,BRICKWORK,Q2 2027,1,LOW (<90 days),"INC since Apr 2026 (86 days). MEDIUM by Oct 2026, HOT by Jan 2027, ULTRA HOT by Apr 2027.",Your Bank Guarantee at BRICKWORK hits ULTRA HOT in Apr 2027. Start ACER process by Jan 2027 to be ahead of Q2 2027 renewal rush.
ATMASTCO Limited,TIER 2 — Mid-RM,Aug Wk2 (Aug 10-14),123.0,0,2.5,Other,Infomerics,October 2026,1,MEDIUM,INC rating hits ULTRA HOT threshold on 2026-11-24 — first call window,Get ahead of the Oct/Nov renewal rush; start ACER process now before Infomerics backlog builds
Aditya Vidyut Appliances Ltd.,TIER 2 — Mid-RM,Aug Wk2 (Aug 10-14),123.0,0,3.0,Other,ICRA,Q2 2027,1,LOW (<90 days),"INC since Apr 2026 (61 days). MEDIUM by Oct 2026, HOT by Jan 2027, ULTRA HOT by Apr 2027.",Your Non-fund-based financial facility/instrument at ICRA hits ULTRA HOT in Apr 2027. Start ACER process by Jan 2027 to be ahead of Q2 2027 renewal rush.
Infants Travels Pvt. Ltd.,TIER 2 — Mid-RM,Aug Wk2 (Aug 10-14),123.0,0,5.0,Hotels & Tourism,ACUITE,October 2026,1,MEDIUM,INC rating hits ULTRA HOT threshold on 2026-11-06 — first call window,Get ahead of the Oct/Nov renewal rush; start ACER process now before ACUITE backlog builds
S R S C Infra Pvt. Ltd.,TIER 2 — Mid-RM,Aug Wk2 (Aug 10-14),123.0,0,4.0,Construction,CRISIL,October 2026,1,MEDIUM,INC rating hits ULTRA HOT threshold on 2026-11-11 — first call window,Get ahead of the Oct/Nov renewal rush; start ACER process now before CRISIL backlog builds
S I S L Infotech Pvt. Ltd.,TIER 2 — Mid-RM,Aug Wk2 (Aug 10-14),122.0,0,4.0,IT/Technology,CARE,October 2026,1,LOW,INC rating hits HOT threshold on 2026-11-23 — first call window,Get ahead of the Oct/Nov renewal rush; start ACER process now before CARE backlog builds
Pearl Distillery Pvt. Ltd.,TIER 2 — Mid-RM,Aug Wk2 (Aug 10-14),120.0,0,5.0,Other,ACUITE,Q1 2027,1,LOW/MEDIUM,INC rating hits ULTRA HOT on 2027-03-23 — prime Q1 2027 renewal target,Your Term Loan at ACUITE goes critical in Mar 2027. Start ACER process in Sep 2026 — before the Q1 rush.
S R Foils & Tissue Ltd.,TIER 2 — Mid-RM,Aug Wk2 (Aug 10-14),120.0,0,3.0,Agro & Food,CRISIL,Q2 2027,1,LOW (<90 days),"INC since Apr 2026 (59 days). MEDIUM by Oct 2026, HOT by Jan 2027, ULTRA HOT by Apr 2027.",Your Letter Of credit at CRISIL hits ULTRA HOT in Apr 2027. Start ACER process by Jan 2027 to be ahead of Q2 2027 renewal rush.
SISL Infotech Private Limited,TIER 2 — Mid-RM,Aug Wk2 (Aug 10-14),120.0,0,2.5,IT/Technology,Infomerics,October 2026,1,MEDIUM,INC rating hits ULTRA HOT threshold on 2026-10-31 — first call window,Get ahead of the Oct/Nov renewal rush; start ACER process now before Infomerics backlog builds
Wave Industries Pvt. Ltd.,TIER 2 — Mid-RM,Aug Wk2 (Aug 10-14),120.0,0,5.0,Manufacturing,CRISIL,October 2026,1,MEDIUM,INC rating hits ULTRA HOT threshold on 2026-11-27 — first call window,Get ahead of the Oct/Nov renewal rush; start ACER process now before CRISIL backlog builds
Prathista Inds. Ltd.,TIER 2 — Mid-RM,Aug Wk2 (Aug 10-14),119.79,0,5.0,Other,CRISIL,October 2026,1,LOW,INC rating hits HOT threshold on 2026-11-20 — first call window,Get ahead of the Oct/Nov renewal rush; start ACER process now before CRISIL backlog builds
United Ciigma Institute Of Medical Sciences Pvt. Ltd.,TIER 2 — Mid-RM,Aug Wk2 (Aug 10-14),118.94,0,5.0,Healthcare,BRICKWORK,October 2026,1,LOW,INC rating hits HOT threshold on 2026-10-10 — first call window,Get ahead of the Oct/Nov renewal rush; start ACER process now before BRICKWORK backlog builds
D M W C N C Solutions India Pvt. Ltd.,TIER 2 — Mid-RM,Aug Wk2 (Aug 10-14),118.33,0,5.0,Other,CRISIL,October 2026,1,LOW,INC rating hits HOT threshold on 2026-10-18 — first call window,Get ahead of the Oct/Nov renewal rush; start ACER process now before CRISIL backlog builds
Oswal Cables Private Limited,TIER 2 — Mid-RM,Aug Wk2 (Aug 10-14),118.0,0,3.0,Infrastructure,Infomerics,October 2026,1,MEDIUM,INC rating hits ULTRA HOT threshold on 2026-10-22 — first call window,Get ahead of the Oct/Nov renewal rush; start ACER process now before Infomerics backlog builds
Chevrox Constructions Pvt. Ltd.,TIER 2 — Mid-RM,Aug Wk2 (Aug 10-14),117.0,0,3.0,Construction,ICRA,October 2026,1,MEDIUM,INC rating hits ULTRA HOT threshold on 2026-11-19 — first call window,Get ahead of the Oct/Nov renewal rush; start ACER process now before ICRA backlog builds
Shree Manglam Buildcon (I) Pvt. Ltd.,TIER 2 — Mid-RM,Aug Wk2 (Aug 10-14),117.0,0,4.0,Construction,BRICKWORK,October 2026,1,LOW,INC rating hits HOT threshold on 2026-10-31 — first call window,Get ahead of the Oct/Nov renewal rush; start ACER process now before BRICKWORK backlog builds
Sunny Trexim Pvt. Ltd.,TIER 2 — Mid-RM,Aug Wk2 (Aug 10-14),116.9,0,5.0,Other,IND-RA,October 2026,1,LOW,INC rating hits HOT threshold on 2026-10-13 — first call window,Get ahead of the Oct/Nov renewal rush; start ACER process now before IND-RA backlog builds
Soham Leisure Ventures Pvt. Ltd.,TIER 2 — Mid-RM,Aug Wk2 (Aug 10-14),116.65,0,5.0,Other,BRICKWORK,October 2026,1,MEDIUM,INC rating hits ULTRA HOT threshold on 2026-11-25 — first call window,Get ahead of the Oct/Nov renewal rush; start ACER process now before BRICKWORK backlog builds
Mayar Infrastructure Devp. Pvt. Ltd.,TIER 2 — Mid-RM,Aug Wk2 (Aug 10-14),115.68,0,5.0,Construction,CRISIL,October 2026,1,MEDIUM,INC rating hits ULTRA HOT threshold on 2026-11-24 — first call window,Get ahead of the Oct/Nov renewal rush; start ACER process now before CRISIL backlog builds
Shreegluco Biotech Pvt. Ltd.,TIER 2 — Mid-RM,Aug Wk2 (Aug 10-14),114.05,0,5.0,Healthcare,CARE,October 2026,1,MEDIUM,INC rating hits ULTRA HOT threshold on 2026-11-14 — first call window,Get ahead of the Oct/Nov renewal rush; start ACER process now before CARE backlog builds
Mirha Exports Pvt. Ltd.,TIER 2 — Mid-RM,Aug Wk2 (Aug 10-14),114.0,0,5.0,Logistics,ICRA,October 2026,1,LOW,INC rating hits HOT threshold on 2026-10-20 — first call window,Get ahead of the Oct/Nov renewal rush; start ACER process now before ICRA backlog builds
Satluj Spintex Ltd.,TIER 2 — Mid-RM,Aug Wk2 (Aug 10-14),113.75,0,5.0,Other,CRISIL,October 2026,1,MEDIUM,INC rating hits ULTRA HOT threshold on 2026-10-06 — first call window,Get ahead of the Oct/Nov renewal rush; start ACER process now before CRISIL backlog builds
Honer Developers Pvt. Ltd.,TIER 2 — Mid-RM,Aug Wk2 (Aug 10-14),113.0,0,5.0,Construction,ACUITE,October 2026,1,LOW,INC rating hits HOT threshold on 2026-11-23 — first call window,Get ahead of the Oct/Nov renewal rush; start ACER process now before ACUITE backlog builds
Rodic Consultants Pvt. Ltd.,TIER 2 — Mid-RM,Aug Wk2 (Aug 10-14),110.1,0,4.0,Other,CARE,Q1 2027,1,LOW/MEDIUM,INC rating hits ULTRA HOT on 2027-03-12 — prime Q1 2027 renewal target,Your Bank Guarantee at CARE goes critical in Mar 2027. Start ACER process in Sep 2026 — before the Q1 rush.
Apna Sahakari Bank Ltd.,TIER 2 — Mid-RM,Aug Wk2 (Aug 10-14),110.0,0,4.0,BFSI,CRISIL,October 2026,1,LOW,INC rating hits HOT threshold on 2026-11-17 — first call window,Get ahead of the Oct/Nov renewal rush; start ACER process now before CRISIL backlog builds
Bespoke Art Studio Private Limited,TIER 2 — Mid-RM,Aug Wk2 (Aug 10-14),110.0,0,3.0,Other,Infomerics,October 2026,1,MEDIUM,INC rating hits ULTRA HOT threshold on 2026-11-24 — first call window,Get ahead of the Oct/Nov renewal rush; start ACER process now before Infomerics backlog builds
Purti Vanaspati Pvt. Ltd.,TIER 2 — Mid-RM,Aug Wk2 (Aug 10-14),110.0,0,3.0,Other,CARE,October 2026,1,MEDIUM,INC rating hits ULTRA HOT threshold on 2026-10-31 — first call window,Get ahead of the Oct/Nov renewal rush; start ACER process now before CARE backlog builds
Rakshak Securitas Pvt. Ltd.,TIER 2 — Mid-RM,Aug Wk2 (Aug 10-14),110.0,0,4.0,Other,CARE,Q1 2027,1,LOW/MEDIUM,INC rating hits ULTRA HOT on 2027-01-02 — prime Q1 2027 renewal target,Your Bank Guarantee at CARE goes critical in Jan 2027. Start ACER process in Sep 2026 — before the Q1 rush.
Shreesatya Mines Private Limited,TIER 2 — Mid-RM,Aug Wk2 (Aug 10-14),109.5,0,3.0,Other,Infomerics,October 2026,1,MEDIUM,INC rating hits ULTRA HOT threshold on 2026-11-28 — first call window,Get ahead of the Oct/Nov renewal rush; start ACER process now before Infomerics backlog builds
Mohit Diamonds Pvt. Ltd.,TIER 2 — Mid-RM,Aug Wk2 (Aug 10-14),108.78,0,5.0,Jewellery/Gems,CRISIL,October 2026,1,MEDIUM,INC rating hits ULTRA HOT threshold on 2026-10-29 — first call window,Get ahead of the Oct/Nov renewal rush; start ACER process now before CRISIL backlog builds
Kashmirilal Constructions Pvt. Ltd.,TIER 2 — Mid-RM,Aug Wk2 (Aug 10-14),108.0,0,4.0,Construction,CRISIL,October 2026,1,LOW,INC rating hits HOT threshold on 2026-10-27 — first call window,Get ahead of the Oct/Nov renewal rush; start ACER process now before CRISIL backlog builds
Shah Sponge & Power Ltd.,TIER 2 — Mid-RM,Aug Wk2 (Aug 10-14),107.86,0,5.0,Energy,CRISIL,October 2026,1,MEDIUM,INC rating hits ULTRA HOT threshold on 2026-11-25 — first call window,Get ahead of the Oct/Nov renewal rush; start ACER process now before CRISIL backlog builds
S T Cottex Exports Pvt. Ltd.,TIER 2 — Mid-RM,Aug Wk2 (Aug 10-14),107.04,0,5.0,Logistics,BRICKWORK,October 2026,1,MEDIUM,INC rating hits ULTRA HOT threshold on 2026-11-12 — first call window,Get ahead of the Oct/Nov renewal rush; start ACER process now before BRICKWORK backlog builds
K K B Projects Pvt. Ltd.,TIER 2 — Mid-RM,Aug Wk2 (Aug 10-14),106.0,0,4.0,Construction,CRISIL,October 2026,1,MEDIUM,INC rating hits ULTRA HOT threshold on 2026-10-16 — first call window,Get ahead of the Oct/Nov renewal rush; start ACER process now before CRISIL backlog builds
Shakti Nutritions Private Limited (Erstwhile Shakti Industries),TIER 2 — Mid-RM,Aug Wk2 (Aug 10-14),105.95,0,5.0,Manufacturing,Infomerics,October 2026,1,MEDIUM,INC rating hits ULTRA HOT threshold on 2026-10-30 — first call window,Get ahead of the Oct/Nov renewal rush; start ACER process now before Infomerics backlog builds
H M B Ispat Pvt. Ltd.,TIER 2 — Mid-RM,Aug Wk2 (Aug 10-14),105.0,0,5.0,Other,BRICKWORK,Q1 2027,1,LOW/MEDIUM,INC rating hits ULTRA HOT on 2027-03-24 — prime Q1 2027 renewal target,Your Fund-Based at BRICKWORK goes critical in Mar 2027. Start ACER process in Sep 2026 — before the Q1 rush.
Sushee Hi-Tech Projects Pvt. Ltd.,TIER 2 — Mid-RM,Aug Wk2 (Aug 10-14),104.42,0,5.0,IT/Technology,CRISIL,Q1 2027,1,LOW/MEDIUM,INC rating hits ULTRA HOT on 2027-03-17 — prime Q1 2027 renewal target,Your Term Loan at CRISIL goes critical in Mar 2027. Start ACER process in Sep 2026 — before the Q1 rush.
V D B Projects Pvt. Ltd.,TIER 2 — Mid-RM,Aug Wk2 (Aug 10-14),104.0,0,4.0,Construction,CRISIL,October 2026,1,MEDIUM,INC rating hits ULTRA HOT threshold on 2026-10-30 — first call window,Get ahead of the Oct/Nov renewal rush; start ACER process now before CRISIL backlog builds
Therapiva Pvt. Ltd.,TIER 2 — Mid-RM,Aug Wk2 (Aug 10-14),103.8,0,5.0,Other,ICRA,Q1 2027,1,LOW/MEDIUM,INC rating hits ULTRA HOT on 2027-03-20 — prime Q1 2027 renewal target,Your Term Loan at ICRA goes critical in Mar 2027. Start ACER process in Sep 2026 — before the Q1 rush.
Narmada Sugar Pvt. Ltd.,TIER 2 — Mid-RM,Aug Wk2 (Aug 10-14),103.73,0,5.0,Agro & Food,CRISIL,October 2026,1,LOW,INC rating hits HOT threshold on 2026-10-16 — first call window,Get ahead of the Oct/Nov renewal rush; start ACER process now before CRISIL backlog builds
Venkateshwara Power Project Ltd.,TIER 2 — Mid-RM,Aug Wk2 (Aug 10-14),103.39,0,5.0,Energy,CARE,October 2026,1,LOW,INC rating hits HOT threshold on 2026-11-13 — first call window,Get ahead of the Oct/Nov renewal rush; start ACER process now before CARE backlog builds
Petchem Products Pvt. Ltd.,TIER 2 — Mid-RM,Aug Wk2 (Aug 10-14),103.0,0,3.0,Chemicals & Pharma,CRISIL,October 2026,1,LOW,INC rating hits HOT threshold on 2026-10-18 — first call window,Get ahead of the Oct/Nov renewal rush; start ACER process now before CRISIL backlog builds
Growing Opportunity Finance (India) Pvt. Ltd.,TIER 2 — Mid-RM,Aug Wk2 (Aug 10-14),102.68,0,5.0,BFSI,CARE,October 2026,1,MEDIUM,INC rating hits ULTRA HOT threshold on 2026-10-29 — first call window,Get ahead of the Oct/Nov renewal rush; start ACER process now before CARE backlog builds
Yadu Sugar Ltd.,TIER 2 — Mid-RM,Aug Wk2 (Aug 10-14),102.0,0,5.0,Agro & Food,IND-RA,Q2 2027,1,LOW (<90 days),"INC since Apr 2026 (87 days). MEDIUM by Oct 2026, HOT by Jan 2027, ULTRA HOT by Apr 2027.",Your Term loans at IND-RA hits ULTRA HOT in Apr 2027. Start ACER process by Jan 2027 to be ahead of Q2 2027 renewal rush.
Broadcast Engineering Consultants India Ltd.,TIER 2 — Mid-RM,Aug Wk2 (Aug 10-14),100.0,0,4.0,Manufacturing,BRICKWORK,October 2026,1,LOW,INC rating hits HOT threshold on 2026-11-16 — first call window,Get ahead of the Oct/Nov renewal rush; start ACER process now before BRICKWORK backlog builds
Excell Autovista Pvt. Ltd.,TIER 2 — Mid-RM,Aug Wk2 (Aug 10-14),100.0,0,5.0,Automobiles,BRICKWORK,October 2026,1,MEDIUM,INC rating hits ULTRA HOT threshold on 2026-11-12 — first call window,Get ahead of the Oct/Nov renewal rush; start ACER process now before BRICKWORK backlog builds
Ghaziabad Ship Breakers Pvt. Ltd.,TIER 2 — Mid-RM,Aug Wk2 (Aug 10-14),100.0,0,3.0,Other,BRICKWORK,October 2026,1,LOW,INC rating hits HOT threshold on 2026-10-18 — first call window,Get ahead of the Oct/Nov renewal rush; start ACER process now before BRICKWORK backlog builds
M P Entertainment & Developers Pvt. Ltd.,TIER 2 — Mid-RM,Aug Wk2 (Aug 10-14),100.0,0,5.0,Construction,IND-RA,October 2026,1,MEDIUM,INC rating hits ULTRA HOT threshold on 2026-11-05 — first call window,Get ahead of the Oct/Nov renewal rush; start ACER process now before IND-RA backlog builds
New Consolidated Construction Co. Ltd.,TIER 2 — Mid-RM,Aug Wk2 (Aug 10-14),100.0,0,4.0,Construction,BRICKWORK,October 2026,1,LOW,INC rating hits HOT threshold on 2026-10-19 — first call window,Get ahead of the Oct/Nov renewal rush; start ACER process now before BRICKWORK backlog builds
P V R Projects Ltd.,TIER 2 — Mid-RM,Aug Wk2 (Aug 10-14),100.0,0,4.0,Construction,ICRA,October 2026,1,MEDIUM,INC rating hits ULTRA HOT threshold on 2026-10-08 — first call window,Get ahead of the Oct/Nov renewal rush; start ACER process now before ICRA backlog builds
Sab Media Networks Pvt. Ltd.,TIER 2 — Mid-RM,Aug Wk2 (Aug 10-14),100.0,0,5.0,Other,ACUITE,Q2 2027,1,LOW (<90 days),"INC since Apr 2026 (65 days). MEDIUM by Oct 2026, HOT by Jan 2027, ULTRA HOT by Apr 2027.",Your Term loans at ACUITE hits ULTRA HOT in Apr 2027. Start ACER process by Jan 2027 to be ahead of Q2 2027 renewal rush.
Shree Ram Shipping Inds. Pvt. Ltd.,TIER 2 — Mid-RM,Aug Wk2 (Aug 10-14),100.0,0,3.0,Logistics,BRICKWORK,Q2 2027,1,LOW (<90 days),"INC since Apr 2026 (86 days). MEDIUM by Oct 2026, HOT by Jan 2027, ULTRA HOT by Apr 2027.",Your Letter Of credit at BRICKWORK hits ULTRA HOT in Apr 2027. Start ACER process by Jan 2027 to be ahead of Q2 2027 renewal rush.
Rajalakshmi Wind Energy Ltd.,TIER 3 — Junior RM / Tele-sales,Aug Wk4 (Aug 24-31),99.47,0,5.0,Energy,BRICKWORK,October 2026,1,LOW,INC rating hits HOT threshold on 2026-10-18 — first call window,Get ahead of the Oct/Nov renewal rush; start ACER process now before BRICKWORK backlog builds
Stellar Autohaus Pvt. Ltd.,TIER 3 — Junior RM / Tele-sales,Aug Wk3 (Aug 17-21),99.35,0,5.0,Automobiles,CRISIL,October 2026,1,MEDIUM,INC rating hits ULTRA HOT threshold on 2026-11-20 — first call window,Get ahead of the Oct/Nov renewal rush; start ACER process now before CRISIL backlog builds
S M L Films Ltd.,TIER 3 — Junior RM / Tele-sales,Aug Wk3 (Aug 17-21),99.18,0,5.0,Other,BRICKWORK,October 2026,1,MEDIUM,INC rating hits ULTRA HOT threshold on 2026-10-24 — first call window,Get ahead of the Oct/Nov renewal rush; start ACER process now before BRICKWORK backlog builds
Shakti Precision Components (India) Pvt. Ltd.,TIER 3 — Junior RM / Tele-sales,Aug Wk4 (Aug 24-31),99.13,0,5.0,Manufacturing,CARE,Q1 2027,1,LOW/MEDIUM,INC rating hits ULTRA HOT on 2027-03-23 — prime Q1 2027 renewal target,Your Term Loan at CARE goes critical in Mar 2027. Start ACER process in Sep 2026 — before the Q1 rush.
Atam Manohar Ship Breakers Pvt. Ltd.,TIER 3 — Junior RM / Tele-sales,Aug Wk4 (Aug 24-31),98.5,0,3.0,Other,BRICKWORK,Q1 2027,1,LOW/MEDIUM,INC rating hits ULTRA HOT on 2027-03-18 — prime Q1 2027 renewal target,Your Letter of Credit at BRICKWORK goes critical in Mar 2027. Start ACER process in Sep 2026 — before the Q1 rush.
Khayati Steel Inds. Ltd.,TIER 3 — Junior RM / Tele-sales,Aug Wk4 (Aug 24-31),98.14,0,5.0,Steel & Metals,CARE,October 2026,1,LOW,INC rating hits HOT threshold on 2026-11-29 — first call window,Get ahead of the Oct/Nov renewal rush; start ACER process now before CARE backlog builds
Ranka Jewellers Private Limited,TIER 3 — Junior RM / Tele-sales,Aug Wk3 (Aug 17-21),97.95,0,5.0,Jewellery/Gems,Infomerics,October 2026,1,MEDIUM,INC rating hits ULTRA HOT threshold on 2026-10-17 — first call window,Get ahead of the Oct/Nov renewal rush; start ACER process now before Infomerics backlog builds
Sivanssh Infrastructure Development Private Limited,TIER 3 — Junior RM / Tele-sales,Aug Wk3 (Aug 17-21),97.75,0,2.5,Construction,Infomerics,October 2026,1,MEDIUM,INC rating hits ULTRA HOT threshold on 2026-10-30 — first call window,Get ahead of the Oct/Nov renewal rush; start ACER process now before Infomerics backlog builds
Nexxbase Marketing Pvt. Ltd.,TIER 3 — Junior RM / Tele-sales,Aug Wk3 (Aug 17-21),97.5,0,5.0,Steel & Metals,CRISIL,October 2026,1,MEDIUM,INC rating hits ULTRA HOT threshold on 2026-10-24 — first call window,Get ahead of the Oct/Nov renewal rush; start ACER process now before CRISIL backlog builds
Star Agro Marine Exports Pvt. Ltd.,TIER 3 — Junior RM / Tele-sales,Aug Wk4 (Aug 24-31),96.0,0,3.0,Agro & Food,CRISIL,Q2 2027,1,LOW (<90 days),"INC since Apr 2026 (79 days). MEDIUM by Oct 2026, HOT by Jan 2027, ULTRA HOT by Apr 2027.",Your Letter Of credit at CRISIL hits ULTRA HOT in Apr 2027. Start ACER process by Jan 2027 to be ahead of Q2 2027 renewal rush.
Dalmia Laminators Ltd.,TIER 3 — Junior RM / Tele-sales,Aug Wk4 (Aug 24-31),95.4,0,5.0,Agro & Food,ACUITE,October 2026,1,LOW,INC rating hits HOT threshold on 2026-11-21 — first call window,Get ahead of the Oct/Nov renewal rush; start ACER process now before ACUITE backlog builds
Hills Cement Co. Ltd.,TIER 3 — Junior RM / Tele-sales,Aug Wk4 (Aug 24-31),95.39,0,5.0,Construction,BRICKWORK,October 2026,1,LOW,INC rating hits HOT threshold on 2026-11-15 — first call window,Get ahead of the Oct/Nov renewal rush; start ACER process now before BRICKWORK backlog builds
Ganges Internationale Pvt. Ltd.,TIER 3 — Junior RM / Tele-sales,Aug Wk3 (Aug 17-21),95.0,0,4.0,Other,BRICKWORK,October 2026,1,MEDIUM,INC rating hits ULTRA HOT threshold on 2026-10-07 — first call window,Get ahead of the Oct/Nov renewal rush; start ACER process now before BRICKWORK backlog builds
J J Poly Impex Pvt. Ltd.,TIER 3 — Junior RM / Tele-sales,Aug Wk3 (Aug 17-21),95.0,0,3.0,Other,BRICKWORK,October 2026,1,MEDIUM,INC rating hits ULTRA HOT threshold on 2026-11-10 — first call window,Get ahead of the Oct/Nov renewal rush; start ACER process now before BRICKWORK backlog builds
Vishal Pipes Ltd.,TIER 3 — Junior RM / Tele-sales,Aug Wk4 (Aug 24-31),95.0,0,3.0,Steel & Metals,CRISIL,Q1 2027,1,LOW/MEDIUM,INC rating hits ULTRA HOT on 2027-03-24 — prime Q1 2027 renewal target,Your Letter of Credit at CRISIL goes critical in Mar 2027. Start ACER process in Sep 2026 — before the Q1 rush.
Sneh Polymers Private Limited,TIER 3 — Junior RM / Tele-sales,Aug Wk3 (Aug 17-21),94.82,0,5.0,Chemicals & Pharma,Infomerics,October 2026,1,MEDIUM,INC rating hits ULTRA HOT threshold on 2026-11-06 — first call window,Get ahead of the Oct/Nov renewal rush; start ACER process now before Infomerics backlog builds
Shree Automotive Pvt. Ltd.,TIER 3 — Junior RM / Tele-sales,Aug Wk4 (Aug 24-31),94.5,0,5.0,Automobiles,CARE,October 2026,1,LOW,INC rating hits HOT threshold on 2026-11-09 — first call window,Get ahead of the Oct/Nov renewal rush; start ACER process now before CARE backlog builds
Intact Transport Pvt. Ltd.,TIER 3 — Junior RM / Tele-sales,Aug Wk4 (Aug 24-31),92.48,0,5.0,Logistics,CARE,October 2026,1,LOW,INC rating hits HOT threshold on 2026-10-18 — first call window,Get ahead of the Oct/Nov renewal rush; start ACER process now before CARE backlog builds
M G Housing Pvt. Ltd.,TIER 3 — Junior RM / Tele-sales,Aug Wk4 (Aug 24-31),92.36,0,5.0,Construction,BRICKWORK,Q2 2027,1,LOW (<90 days),"INC since Apr 2026 (86 days). MEDIUM by Oct 2026, HOT by Jan 2027, ULTRA HOT by Apr 2027.",Your Term loans at BRICKWORK hits ULTRA HOT in Apr 2027. Start ACER process by Jan 2027 to be ahead of Q2 2027 renewal rush.
Ojas Tradelease & Mall Mgmt. Pvt. Ltd.,TIER 3 — Junior RM / Tele-sales,Aug Wk4 (Aug 24-31),92.06,0,5.0,Trading/Exports,ACUITE,October 2026,1,LOW,INC rating hits HOT threshold on 2026-10-30 — first call window,Get ahead of the Oct/Nov renewal rush; start ACER process now before ACUITE backlog builds
S G A Cars India Pvt. Ltd.,TIER 3 — Junior RM / Tele-sales,Aug Wk3 (Aug 17-21),92.0,0,5.0,Automobiles,CRISIL,October 2026,1,MEDIUM,INC rating hits ULTRA HOT threshold on 2026-11-13 — first call window,Get ahead of the Oct/Nov renewal rush; start ACER process now before CRISIL backlog builds
Visakhapatnam Port Logistics Park Ltd.,TIER 3 — Junior RM / Tele-sales,Aug Wk3 (Aug 17-21),91.51,0,5.0,Logistics,ICRA,October 2026,1,MEDIUM,INC rating hits ULTRA HOT threshold on 2026-11-11 — first call window,Get ahead of the Oct/Nov renewal rush; start ACER process now before ICRA backlog builds
Swastik Pipe Limited,TIER 3 — Junior RM / Tele-sales,Aug Wk4 (Aug 24-31),90.81,0,3.0,Other,Infomerics,Q1 2027,1,LOW/MEDIUM,INC rating hits ULTRA HOT on 2027-01-20 — exclusive Q1 2027 whitespace lead,Your Infomerics INC rating goes critical in Jan 2027. ACER is your best alternative — no competitor has approached you.
Green Power Sugars Ltd.,TIER 3 — Junior RM / Tele-sales,Aug Wk3 (Aug 17-21),90.0,0,5.0,Agro & Food,CRISIL,October 2026,1,MEDIUM,INC rating hits ULTRA HOT threshold on 2026-11-13 — first call window,Get ahead of the Oct/Nov renewal rush; start ACER process now before CRISIL backlog builds
Pilot Industries Ltd.,TIER 3 — Junior RM / Tele-sales,Aug Wk3 (Aug 17-21),90.0,0,3.0,Manufacturing,IND-RA,October 2026,1,MEDIUM,INC rating hits ULTRA HOT threshold on 2026-10-10 — first call window,Get ahead of the Oct/Nov renewal rush; start ACER process now before IND-RA backlog builds
Ratnadeep Retail Pvt. Ltd.,TIER 3 — Junior RM / Tele-sales,Aug Wk3 (Aug 17-21),90.0,0,5.0,Media/Retail,CRISIL,October 2026,1,MEDIUM,INC rating hits ULTRA HOT threshold on 2026-10-29 — first call window,Get ahead of the Oct/Nov renewal rush; start ACER process now before CRISIL backlog builds
Sky Textiles India Pvt. Ltd.,TIER 3 — Junior RM / Tele-sales,Aug Wk4 (Aug 24-31),90.0,0,5.0,Construction,CARE,October 2026,1,LOW,INC rating hits HOT threshold on 2026-11-14 — first call window,Get ahead of the Oct/Nov renewal rush; start ACER process now before CARE backlog builds
Tenshi Kaizen Pvt. Ltd.,TIER 3 — Junior RM / Tele-sales,Aug Wk4 (Aug 24-31),90.0,0,5.0,Other,ICRA,Q1 2027,1,LOW/MEDIUM,INC rating hits ULTRA HOT on 2027-03-30 — prime Q1 2027 renewal target,Your Term Loan at ICRA goes critical in Mar 2027. Start ACER process in Sep 2026 — before the Q1 rush.
Undavalli Constructions Pvt. Ltd.,TIER 3 — Junior RM / Tele-sales,Aug Wk4 (Aug 24-31),90.0,0,5.0,Construction,IND-RA,October 2026,1,LOW,INC rating hits HOT threshold on 2026-10-13 — first call window,Get ahead of the Oct/Nov renewal rush; start ACER process now before IND-RA backlog builds
Siddhi Knitfab Pvt. Ltd.,TIER 3 — Junior RM / Tele-sales,Aug Wk3 (Aug 17-21),89.83,0,5.0,Textiles,BRICKWORK,October 2026,1,MEDIUM,INC rating hits ULTRA HOT threshold on 2026-11-25 — first call window,Get ahead of the Oct/Nov renewal rush; start ACER process now before BRICKWORK backlog builds
Jodhani Papers Pvt. Ltd.,TIER 3 — Junior RM / Tele-sales,Aug Wk4 (Aug 24-31),89.46,0,5.0,Paper/Packaging,IND-RA,Q1 2027,1,LOW/MEDIUM,INC rating hits ULTRA HOT on 2027-03-11 — prime Q1 2027 renewal target,Your Term Loan at IND-RA goes critical in Mar 2027. Start ACER process in Sep 2026 — before the Q1 rush.
Shri Santhosh Meenakshi Textiles Pvt. Ltd.,TIER 3 — Junior RM / Tele-sales,Aug Wk3 (Aug 17-21),89.36,0,5.0,Construction,CRISIL,October 2026,1,MEDIUM,INC rating hits ULTRA HOT threshold on 2026-11-20 — first call window,Get ahead of the Oct/Nov renewal rush; start ACER process now before CRISIL backlog builds
R K S Motor Pvt. Ltd.,TIER 3 — Junior RM / Tele-sales,Aug Wk3 (Aug 17-21),89.25,0,5.0,Automobiles,CRISIL,October 2026,1,MEDIUM,INC rating hits ULTRA HOT threshold on 2026-10-23 — first call window,Get ahead of the Oct/Nov renewal rush; start ACER process now before CRISIL backlog builds
Ansr Global Corpn. Pvt. Ltd.,TIER 3 — Junior RM / Tele-sales,Aug Wk4 (Aug 24-31),89.0,0,5.0,Other,ICRA,October 2026,1,LOW,INC rating hits HOT threshold on 2026-10-24 — first call window,Get ahead of the Oct/Nov renewal rush; start ACER process now before ICRA backlog builds
Kalika Steel Alloys Pvt. Ltd.,TIER 3 — Junior RM / Tele-sales,Aug Wk4 (Aug 24-31),88.15,0,5.0,Steel & Metals,CARE,October 2026,1,LOW,INC rating hits HOT threshold on 2026-11-08 — first call window,Get ahead of the Oct/Nov renewal rush; start ACER process now before CARE backlog builds
OSRM Tech Pack Private Limited,TIER 3 — Junior RM / Tele-sales,Aug Wk3 (Aug 17-21),87.43,0,5.0,IT/Technology,Infomerics,October 2026,1,MEDIUM,INC rating hits ULTRA HOT threshold on 2026-10-14 — first call window,Get ahead of the Oct/Nov renewal rush; start ACER process now before Infomerics backlog builds
Woodhill Infrastructure Ltd.,TIER 3 — Junior RM / Tele-sales,Aug Wk4 (Aug 24-31),87.0,0,4.0,Construction,BRICKWORK,Q2 2027,1,LOW (<90 days),"INC since Apr 2026 (87 days). MEDIUM by Oct 2026, HOT by Jan 2027, ULTRA HOT by Apr 2027.",Your Bank Guarantee at BRICKWORK hits ULTRA HOT in Apr 2027. Start ACER process by Jan 2027 to be ahead of Q2 2027 renewal rush.
Jakraya Sugar Ltd.,TIER 3 — Junior RM / Tele-sales,Aug Wk3 (Aug 17-21),86.29,0,5.0,Agro & Food,BRICKWORK,October 2026,1,MEDIUM,INC rating hits ULTRA HOT threshold on 2026-10-16 — first call window,Get ahead of the Oct/Nov renewal rush; start ACER process now before BRICKWORK backlog builds
Aisshpra Life Spaces,TIER 3 — Junior RM / Tele-sales,Aug Wk3 (Aug 17-21),86.0,0,3.0,Other,Infomerics,October 2026,1,MEDIUM,INC rating hits ULTRA HOT threshold on 2026-10-15 — first call window,Get ahead of the Oct/Nov renewal rush; start ACER process now before Infomerics backlog builds
Vaswani Industries Ltd.,TIER 3 — Junior RM / Tele-sales,Aug Wk4 (Aug 24-31),85.2,0,5.0,Manufacturing,CRISIL,October 2026,1,LOW,INC rating hits HOT threshold on 2026-10-11 — first call window,Get ahead of the Oct/Nov renewal rush; start ACER process now before CRISIL backlog builds
Agsons Agencies (India) Pvt. Ltd.,TIER 3 — Junior RM / Tele-sales,Aug Wk4 (Aug 24-31),85.0,0,3.0,Other,CRISIL,Q2 2027,1,LOW (<90 days),"INC since Apr 2026 (68 days). MEDIUM by Oct 2026, HOT by Jan 2027, ULTRA HOT by Apr 2027.",Your Letter Of credit at CRISIL hits ULTRA HOT in Apr 2027. Start ACER process by Jan 2027 to be ahead of Q2 2027 renewal rush.
Boxovia Pvt. Ltd.,TIER 3 — Junior RM / Tele-sales,Aug Wk4 (Aug 24-31),85.0,0,5.0,Other,IND-RA,October 2026,1,LOW,INC rating hits HOT threshold on 2026-11-24 — first call window,Get ahead of the Oct/Nov renewal rush; start ACER process now before IND-RA backlog builds
Inkel Ltd.,TIER 3 — Junior RM / Tele-sales,Aug Wk4 (Aug 24-31),85.0,0,4.0,Other,CARE,Q1 2027,1,LOW/MEDIUM,INC rating hits ULTRA HOT on 2027-03-26 — prime Q1 2027 renewal target,Your Bank Guarantee at CARE goes critical in Mar 2027. Start ACER process in Sep 2026 — before the Q1 rush.
Manickavel Edible Oils Pvt. Ltd.,TIER 3 — Junior RM / Tele-sales,Aug Wk4 (Aug 24-31),85.0,0,3.0,Agro & Food,ACUITE,October 2026,1,LOW,INC rating hits HOT threshold on 2026-11-17 — first call window,Get ahead of the Oct/Nov renewal rush; start ACER process now before ACUITE backlog builds
P J B Engineers Pvt. Ltd.,TIER 3 — Junior RM / Tele-sales,Aug Wk4 (Aug 24-31),85.0,0,4.0,Manufacturing,BRICKWORK,October 2026,1,LOW,INC rating hits HOT threshold on 2026-11-20 — first call window,Get ahead of the Oct/Nov renewal rush; start ACER process now before BRICKWORK backlog builds
Rajasthan Cricket Association,TIER 3 — Junior RM / Tele-sales,Aug Wk3 (Aug 17-21),85.0,0,5.0,Other,Infomerics,October 2026,1,MEDIUM,INC rating hits ULTRA HOT threshold on 2026-10-30 — first call window,Get ahead of the Oct/Nov renewal rush; start ACER process now before Infomerics backlog builds
S R C Projects Pvt. Ltd.,TIER 3 — Junior RM / Tele-sales,Aug Wk3 (Aug 17-21),85.0,0,3.0,Construction,ICRA,October 2026,1,MEDIUM,INC rating hits ULTRA HOT threshold on 2026-10-27 — first call window,Get ahead of the Oct/Nov renewal rush; start ACER process now before ICRA backlog builds
Saraswati Agro Chemicals (India) Pvt. Ltd.,TIER 3 — Junior RM / Tele-sales,Aug Wk4 (Aug 24-31),85.0,0,3.0,Agro & Food,BRICKWORK,October 2026,1,LOW,INC rating hits HOT threshold on 2026-10-06 — first call window,Get ahead of the Oct/Nov renewal rush; start ACER process now before BRICKWORK backlog builds
Ganjam Nagappa And Son Private Limited,TIER 3 — Junior RM / Tele-sales,Aug Wk4 (Aug 24-31),84.5,0,5.0,Other,Infomerics,Q1 2027,1,LOW/MEDIUM,INC rating hits ULTRA HOT on 2027-01-16 — exclusive Q1 2027 whitespace lead,Your Infomerics INC rating goes critical in Jan 2027. ACER is your best alternative — no competitor has approached you.
Ketul Chem Private Limited,TIER 3 — Junior RM / Tele-sales,Aug Wk3 (Aug 17-21),84.0,0,3.0,Chemicals & Pharma,Infomerics,October 2026,1,MEDIUM,INC rating hits ULTRA HOT threshold on 2026-11-20 — first call window,Get ahead of the Oct/Nov renewal rush; start ACER process now before Infomerics backlog builds
R B A Finance Pvt. Ltd.,TIER 3 — Junior RM / Tele-sales,Aug Wk4 (Aug 24-31),83.75,0,5.0,BFSI,CRISIL,October 2026,1,LOW,INC rating hits HOT threshold on 2026-10-27 — first call window,Get ahead of the Oct/Nov renewal rush; start ACER process now before CRISIL backlog builds
Sai Sudha Motors Pvt. Ltd.,TIER 3 — Junior RM / Tele-sales,Aug Wk4 (Aug 24-31),83.5,0,5.0,Automobiles,CRISIL,October 2026,1,LOW,INC rating hits HOT threshold on 2026-11-10 — first call window,Get ahead of the Oct/Nov renewal rush; start ACER process now before CRISIL backlog builds
Perfect Infracorp Pvt. Ltd.,TIER 3 — Junior RM / Tele-sales,Aug Wk3 (Aug 17-21),83.0,0,4.0,Construction,CRISIL,October 2026,1,MEDIUM,INC rating hits ULTRA HOT threshold on 2026-11-05 — first call window,Get ahead of the Oct/Nov renewal rush; start ACER process now before CRISIL backlog builds
Himalayan Rolling Steel Inds. Pvt. Ltd.,TIER 3 — Junior RM / Tele-sales,Aug Wk4 (Aug 24-31),82.62,0,5.0,Steel & Metals,BRICKWORK,Q2 2027,1,LOW (<90 days),"INC since Apr 2026 (83 days). MEDIUM by Oct 2026, HOT by Jan 2027, ULTRA HOT by Apr 2027.",Your Term loans at BRICKWORK hits ULTRA HOT in Apr 2027. Start ACER process by Jan 2027 to be ahead of Q2 2027 renewal rush.
Amjey Chem Trade Pvt. Ltd.,TIER 3 — Junior RM / Tele-sales,Aug Wk3 (Aug 17-21),82.5,0,3.0,Chemicals & Pharma,CRISIL,October 2026,1,MEDIUM,INC rating hits ULTRA HOT threshold on 2026-10-24 — first call window,Get ahead of the Oct/Nov renewal rush; start ACER process now before CRISIL backlog builds
Ghodawat Enterprises Pvt. Ltd.,TIER 3 — Junior RM / Tele-sales,Aug Wk4 (Aug 24-31),82.3,0,5.0,Other,BRICKWORK,Q1 2027,1,LOW/MEDIUM,INC rating hits ULTRA HOT on 2027-03-11 — prime Q1 2027 renewal target,Your Fund-Based at BRICKWORK goes critical in Mar 2027. Start ACER process in Sep 2026 — before the Q1 rush.
Aruppukottai Sri Jaya Vilas Pvt. Ltd.,TIER 3 — Junior RM / Tele-sales,Aug Wk3 (Aug 17-21),81.59,0,5.0,Other,BRICKWORK,October 2026,1,MEDIUM,INC rating hits ULTRA HOT threshold on 2026-10-07 — first call window,Get ahead of the Oct/Nov renewal rush; start ACER process now before BRICKWORK backlog builds
R & H Spaces Pvt. Ltd.,TIER 3 — Junior RM / Tele-sales,Aug Wk4 (Aug 24-31),81.09,0,5.0,Other,BRICKWORK,October 2026,1,LOW,INC rating hits HOT threshold on 2026-10-10 — first call window,Get ahead of the Oct/Nov renewal rush; start ACER process now before BRICKWORK backlog builds
Ayoki Fabricon Private Limited,TIER 3 — Junior RM / Tele-sales,Aug Wk3 (Aug 17-21),81.0,0,3.0,Textiles,Infomerics,October 2026,1,MEDIUM,INC rating hits ULTRA HOT threshold on 2026-11-17 — first call window,Get ahead of the Oct/Nov renewal rush; start ACER process now before Infomerics backlog builds
Prime Polychem Pvt. Ltd.,TIER 3 — Junior RM / Tele-sales,Aug Wk3 (Aug 17-21),81.0,0,3.0,Chemicals & Pharma,CRISIL,October 2026,1,MEDIUM,INC rating hits ULTRA HOT threshold on 2026-10-09 — first call window,Get ahead of the Oct/Nov renewal rush; start ACER process now before CRISIL backlog builds
S S C Projects Pvt. Ltd.,TIER 3 — Junior RM / Tele-sales,Aug Wk4 (Aug 24-31),81.0,0,3.0,Construction,BRICKWORK,October 2026,1,LOW,INC rating hits HOT threshold on 2026-10-17 — first call window,Get ahead of the Oct/Nov renewal rush; start ACER process now before BRICKWORK backlog builds
Win Power Infra Pvt. Ltd.,TIER 3 — Junior RM / Tele-sales,Aug Wk3 (Aug 17-21),80.5,0,4.0,Construction,BRICKWORK,October 2026,1,MEDIUM,INC rating hits ULTRA HOT threshold on 2026-11-13 — first call window,Get ahead of the Oct/Nov renewal rush; start ACER process now before BRICKWORK backlog builds
J B Rolling Mills Ltd.,TIER 3 — Junior RM / Tele-sales,Aug Wk3 (Aug 17-21),80.38,0,5.0,Steel & Metals,CRISIL,October 2026,1,MEDIUM,INC rating hits ULTRA HOT threshold on 2026-10-13 — first call window,Get ahead of the Oct/Nov renewal rush; start ACER process now before CRISIL backlog builds
Bhagwati Fats & Edible Oils Pvt. Ltd.,TIER 3 — Junior RM / Tele-sales,Aug Wk3 (Aug 17-21),80.0,0,3.0,Agro & Food,CRISIL,October 2026,1,MEDIUM,INC rating hits ULTRA HOT threshold on 2026-10-14 — first call window,Get ahead of the Oct/Nov renewal rush; start ACER process now before CRISIL backlog builds
J V S Comatsco Inds. Pvt. Ltd.,TIER 3 — Junior RM / Tele-sales,Aug Wk3 (Aug 17-21),80.0,0,5.0,Other,IND-RA,October 2026,1,MEDIUM,INC rating hits ULTRA HOT threshold on 2026-11-05 — first call window,Get ahead of the Oct/Nov renewal rush; start ACER process now before IND-RA backlog builds
Kanpur Fertilizers & Chemicals Ltd.,TIER 3 — Junior RM / Tele-sales,Aug Wk4 (Aug 24-31),80.0,0,4.0,Agro & Food,BRICKWORK,October 2026,1,LOW,INC rating hits HOT threshold on 2026-10-19 — first call window,Get ahead of the Oct/Nov renewal rush; start ACER process now before BRICKWORK backlog builds
Ramlal Durgadutt Motors Pvt. Ltd.,TIER 3 — Junior RM / Tele-sales,Aug Wk3 (Aug 17-21),80.0,0,5.0,Automobiles,CRISIL,October 2026,1,MEDIUM,INC rating hits ULTRA HOT threshold on 2026-11-12 — first call window,Get ahead of the Oct/Nov renewal rush; start ACER process now before CRISIL backlog builds
Sri Andal Paper Mills Pvt. Ltd.,TIER 3 — Junior RM / Tele-sales,Aug Wk4 (Aug 24-31),80.0,0,5.0,Agro & Food,IND-RA,Q1 2027,1,LOW/MEDIUM,INC rating hits ULTRA HOT on 2027-03-30 — prime Q1 2027 renewal target,Your Term Loan at IND-RA goes critical in Mar 2027. Start ACER process in Sep 2026 — before the Q1 rush.
Sweety Infrastructure Pvt. Ltd.,TIER 3 — Junior RM / Tele-sales,Aug Wk4 (Aug 24-31),80.0,0,4.0,Construction,CARE,Q2 2027,1,LOW (<90 days),"INC since Apr 2026 (65 days). MEDIUM by Oct 2026, HOT by Jan 2027, ULTRA HOT by Apr 2027.",Your Bank Guarantee at CARE hits ULTRA HOT in Apr 2027. Start ACER process by Jan 2027 to be ahead of Q2 2027 renewal rush.
Randhawa Automobile Engg. Pvt. Ltd.,TIER 3 — Junior RM / Tele-sales,Aug Wk4 (Aug 24-31),79.0,0,5.0,Manufacturing,CRISIL,Q1 2027,1,LOW/MEDIUM,INC rating hits ULTRA HOT on 2027-03-10 — prime Q1 2027 renewal target,Your Fund-Based at CRISIL goes critical in Mar 2027. Start ACER process in Sep 2026 — before the Q1 rush.
Shahlon Silk Inds. Ltd.,TIER 3 — Junior RM / Tele-sales,Aug Wk4 (Aug 24-31),78.0,0,5.0,Textiles,CRISIL,Q1 2027,1,LOW/MEDIUM,INC rating hits ULTRA HOT on 2026-12-30 — prime Q1 2027 renewal target,Your Term Loan at CRISIL goes critical in Dec 2026. Start ACER process in Sep 2026 — before the Q1 rush.
Yentop Manickam Edible Oils Pvt. Ltd.,TIER 3 — Junior RM / Tele-sales,Aug Wk3 (Aug 17-21),78.0,0,3.0,Agro & Food,ACUITE,October 2026,1,MEDIUM,INC rating hits ULTRA HOT threshold on 2026-11-20 — first call window,Get ahead of the Oct/Nov renewal rush; start ACER process now before ACUITE backlog builds
Veda Biofuel Ltd.,TIER 3 — Junior RM / Tele-sales,Aug Wk4 (Aug 24-31),77.3,0,5.0,Energy/Power,IND-RA+BRICKWORK,Q2 2027,1,LOW (<90 days),"INC since Apr 2026 (87 days). MEDIUM by Oct 2026, HOT by Jan 2027, ULTRA HOT by Apr 2027.",Your Term loans at IND-RA hits ULTRA HOT in Apr 2027. Start ACER process by Jan 2027 to be ahead of Q2 2027 renewal rush.
Lakshmi Precision Screws Ltd.,TIER 3 — Junior RM / Tele-sales,Aug Wk4 (Aug 24-31),77.0,0,4.0,Other,CARE,Q2 2027,1,LOW (<90 days),"INC since Apr 2026 (80 days). MEDIUM by Oct 2026, HOT by Jan 2027, ULTRA HOT by Apr 2027.",Your Bank Guarantee at CARE hits ULTRA HOT in Apr 2027. Start ACER process by Jan 2027 to be ahead of Q2 2027 renewal rush.
Maruti Texprocess India Pvt. Ltd.,TIER 3 — Junior RM / Tele-sales,Aug Wk4 (Aug 24-31),77.0,0,5.0,Other,CARE,October 2026,1,LOW,INC rating hits HOT threshold on 2026-11-22 — first call window,Get ahead of the Oct/Nov renewal rush; start ACER process now before CARE backlog builds
Maruti Papers Pvt. Ltd.,TIER 3 — Junior RM / Tele-sales,Aug Wk3 (Aug 17-21),76.53,0,5.0,Paper/Packaging,BRICKWORK,October 2026,1,MEDIUM,INC rating hits ULTRA HOT threshold on 2026-11-12 — first call window,Get ahead of the Oct/Nov renewal rush; start ACER process now before BRICKWORK backlog builds
Bhagirathi Transcorpo Pvt. Ltd.,TIER 3 — Junior RM / Tele-sales,Aug Wk3 (Aug 17-21),76.37,0,5.0,Other,CRISIL,October 2026,1,MEDIUM,INC rating hits ULTRA HOT threshold on 2026-11-19 — first call window,Get ahead of the Oct/Nov renewal rush; start ACER process now before CRISIL backlog builds
Aavri Overseas Private Limited (erstwhile Logan Minerals Private Limited),TIER 3 — Junior RM / Tele-sales,Aug Wk3 (Aug 17-21),76.14,0,2.5,Mining & Minerals,Infomerics,October 2026,1,MEDIUM,INC rating hits ULTRA HOT threshold on 2026-10-06 — first call window,Get ahead of the Oct/Nov renewal rush; start ACER process now before Infomerics backlog builds
Nightingale Finvest Private Limited,TIER 3 — Junior RM / Tele-sales,Aug Wk3 (Aug 17-21),76.04,0,5.0,Steel & Metals,Infomerics,October 2026,1,MEDIUM,INC rating hits ULTRA HOT threshold on 2026-10-17 — first call window,Get ahead of the Oct/Nov renewal rush; start ACER process now before Infomerics backlog builds
R A H Infotech Pvt. Ltd.,TIER 3 — Junior RM / Tele-sales,Aug Wk3 (Aug 17-21),75.7,0,3.0,IT/Technology,CRISIL,October 2026,1,MEDIUM,INC rating hits ULTRA HOT threshold on 2026-10-29 — first call window,Get ahead of the Oct/Nov renewal rush; start ACER process now before CRISIL backlog builds
Express Publications (Madurai) Pvt. Ltd.,TIER 3 — Junior RM / Tele-sales,Aug Wk4 (Aug 24-31),75.58,0,5.0,Other,BRICKWORK,Q1 2027,1,LOW/MEDIUM,INC rating hits ULTRA HOT on 2027-03-13 — prime Q1 2027 renewal target,Your Term Loan at BRICKWORK goes critical in Mar 2027. Start ACER process in Sep 2026 — before the Q1 rush.
T P S Infrastructure Ltd.,TIER 3 — Junior RM / Tele-sales,Aug Wk3 (Aug 17-21),75.5,0,4.0,Construction,BRICKWORK,October 2026,1,MEDIUM,INC rating hits ULTRA HOT threshold on 2026-11-26 — first call window,Get ahead of the Oct/Nov renewal rush; start ACER process now before BRICKWORK backlog builds
Active Clothing Company Limited,TIER 3 — Junior RM / Tele-sales,Aug Wk3 (Aug 17-21),75.0,0,3.0,Textiles,Infomerics,October 2026,1,MEDIUM,INC rating hits ULTRA HOT threshold on 2026-11-12 — first call window,Get ahead of the Oct/Nov renewal rush; start ACER process now before Infomerics backlog builds
Eden Realty Ventures Private Limited,TIER 3 — Junior RM / Tele-sales,Aug Wk3 (Aug 17-21),75.0,0,3.0,Construction,Infomerics,October 2026,1,MEDIUM,INC rating hits ULTRA HOT threshold on 2026-10-23 — first call window,Get ahead of the Oct/Nov renewal rush; start ACER process now before Infomerics backlog builds
R S R Infra Works (India) Pvt. Ltd.,TIER 3 — Junior RM / Tele-sales,Aug Wk4 (Aug 24-31),75.0,0,4.0,Construction,CARE,Q2 2027,1,LOW (<90 days),"INC since Apr 2026 (87 days). MEDIUM by Oct 2026, HOT by Jan 2027, ULTRA HOT by Apr 2027.",Your Bank Guarantee at CARE hits ULTRA HOT in Apr 2027. Start ACER process by Jan 2027 to be ahead of Q2 2027 renewal rush.
Ruhrpumpen India Pvt. Ltd.,TIER 3 — Junior RM / Tele-sales,Aug Wk4 (Aug 24-31),75.0,0,4.0,Other,CRISIL,October 2026,1,LOW,INC rating hits HOT threshold on 2026-10-20 — first call window,Get ahead of the Oct/Nov renewal rush; start ACER process now before CRISIL backlog builds
Vallabhaneni Constructions Pvt. Ltd.,TIER 3 — Junior RM / Tele-sales,Aug Wk4 (Aug 24-31),75.0,0,4.0,Construction,CRISIL,October 2026,1,LOW,INC rating hits HOT threshold on 2026-11-25 — first call window,Get ahead of the Oct/Nov renewal rush; start ACER process now before CRISIL backlog builds
Mittal Soya Protein Pvt. Ltd.,TIER 3 — Junior RM / Tele-sales,Aug Wk4 (Aug 24-31),74.8,0,5.0,Other,IND-RA,October 2026,1,LOW,INC rating hits HOT threshold on 2026-10-09 — first call window,Get ahead of the Oct/Nov renewal rush; start ACER process now before IND-RA backlog builds
J C T Ltd.,TIER 3 — Junior RM / Tele-sales,Aug Wk4 (Aug 24-31),74.28,0,4.0,Other,CARE,Q2 2027,1,LOW (<90 days),"INC since Apr 2026 (80 days). MEDIUM by Oct 2026, HOT by Jan 2027, ULTRA HOT by Apr 2027.",Your Bank Guarantee at CARE hits ULTRA HOT in Apr 2027. Start ACER process by Jan 2027 to be ahead of Q2 2027 renewal rush.
Dewar'S Garage Ltd.,TIER 3 — Junior RM / Tele-sales,Aug Wk4 (Aug 24-31),73.5,0,5.0,Other,ACUITE,Q1 2027,1,LOW/MEDIUM,INC rating hits ULTRA HOT on 2027-03-24 — prime Q1 2027 renewal target,Your Fund-Based at ACUITE goes critical in Mar 2027. Start ACER process in Sep 2026 — before the Q1 rush.
Radhika Opto Electronics Ltd.,TIER 3 — Junior RM / Tele-sales,Aug Wk4 (Aug 24-31),73.11,0,3.0,Other,CARE,October 2026,1,LOW,INC rating hits HOT threshold on 2026-10-19 — first call window,Get ahead of the Oct/Nov renewal rush; start ACER process now before CARE backlog builds
Adishakti Cars Pvt. Ltd.,TIER 3 — Junior RM / Tele-sales,Aug Wk4 (Aug 24-31),73.0,0,5.0,Automobiles,CRISIL,October 2026,1,LOW,INC rating hits HOT threshold on 2026-11-07 — first call window,Get ahead of the Oct/Nov renewal rush; start ACER process now before CRISIL backlog builds
Genesis Institute Of Medical Science Pvt. Ltd.,TIER 3 — Junior RM / Tele-sales,Aug Wk3 (Aug 17-21),72.92,0,5.0,Healthcare,BRICKWORK,October 2026,1,MEDIUM,INC rating hits ULTRA HOT threshold on 2026-10-16 — first call window,Get ahead of the Oct/Nov renewal rush; start ACER process now before BRICKWORK backlog builds
Goodluck Carbon Pvt. Ltd.,TIER 3 — Junior RM / Tele-sales,Aug Wk4 (Aug 24-31),72.74,0,5.0,Other,ICRA,Q2 2027,1,LOW (<90 days),"INC since Apr 2026 (61 days). MEDIUM by Oct 2026, HOT by Jan 2027, ULTRA HOT by Apr 2027.",Your Term loans at ICRA hits ULTRA HOT in Apr 2027. Start ACER process by Jan 2027 to be ahead of Q2 2027 renewal rush.
Apus Realties Private Limited,TIER 3 — Junior RM / Tele-sales,Aug Wk3 (Aug 17-21),72.24,0,5.0,Construction,Infomerics,October 2026,1,MEDIUM,INC rating hits ULTRA HOT threshold on 2026-10-08 — first call window,Get ahead of the Oct/Nov renewal rush; start ACER process now before Infomerics backlog builds
Bhumi Tex Inds. Pvt. Ltd.,TIER 3 — Junior RM / Tele-sales,Aug Wk3 (Aug 17-21),72.0,0,5.0,Other,CRISIL,October 2026,1,MEDIUM,INC rating hits ULTRA HOT threshold on 2026-11-24 — first call window,Get ahead of the Oct/Nov renewal rush; start ACER process now before CRISIL backlog builds
S T Electricals Pvt. Ltd.,TIER 3 — Junior RM / Tele-sales,Aug Wk3 (Aug 17-21),72.0,0,4.0,Energy,BRICKWORK,October 2026,1,MEDIUM,INC rating hits ULTRA HOT threshold on 2026-11-25 — first call window,Get ahead of the Oct/Nov renewal rush; start ACER process now before BRICKWORK backlog builds
N K Power & Infrastructure Pvt. Ltd.,TIER 3 — Junior RM / Tele-sales,Aug Wk3 (Aug 17-21),71.0,0,3.0,Construction,CRISIL,October 2026,1,MEDIUM,INC rating hits ULTRA HOT threshold on 2026-11-24 — first call window,Get ahead of the Oct/Nov renewal rush; start ACER process now before CRISIL backlog builds
R C Plasto Tanks & Pipes Pvt. Ltd.,TIER 3 — Junior RM / Tele-sales,Aug Wk4 (Aug 24-31),71.0,0,3.0,Steel & Metals,CRISIL,October 2026,1,LOW,INC rating hits HOT threshold on 2026-11-01 — first call window,Get ahead of the Oct/Nov renewal rush; start ACER process now before CRISIL backlog builds
S R B Consultancy Private Limited,TIER 3 — Junior RM / Tele-sales,Aug Wk3 (Aug 17-21),71.0,0,5.0,Other,Infomerics,October 2026,1,MEDIUM,INC rating hits ULTRA HOT threshold on 2026-10-16 — first call window,Get ahead of the Oct/Nov renewal rush; start ACER process now before Infomerics backlog builds
Modern India Concast Ltd.,TIER 3 — Junior RM / Tele-sales,Aug Wk4 (Aug 24-31),70.0,0,5.0,Other,CRISIL,October 2026,1,LOW,INC rating hits HOT threshold on 2026-10-31 — first call window,Get ahead of the Oct/Nov renewal rush; start ACER process now before CRISIL backlog builds
Saamy Developers Private Limited,TIER 3 — Junior RM / Tele-sales,Aug Wk3 (Aug 17-21),70.0,0,5.0,Construction,Infomerics,October 2026,1,MEDIUM,INC rating hits ULTRA HOT threshold on 2026-11-06 — first call window,Get ahead of the Oct/Nov renewal rush; start ACER process now before Infomerics backlog builds
Tab India Granites Pvt. Ltd.,TIER 3 — Junior RM / Tele-sales,Aug Wk4 (Aug 24-31),70.0,0,5.0,Mining & Minerals,CRISIL,October 2026,1,LOW,INC rating hits HOT threshold on 2026-10-18 — first call window,Get ahead of the Oct/Nov renewal rush; start ACER process now before CRISIL backlog builds
Ticel Biopark Ltd.,TIER 3 — Junior RM / Tele-sales,Aug Wk3 (Aug 17-21),70.0,0,5.0,Other,CRISIL,October 2026,1,MEDIUM,INC rating hits ULTRA HOT threshold on 2026-11-20 — first call window,Get ahead of the Oct/Nov renewal rush; start ACER process now before CRISIL backlog builds
Vaibhav Ginning and Spinning Mill Private Limited,TIER 3 — Junior RM / Tele-sales,Aug Wk4 (Aug 24-31),69.29,0,5.0,Agro & Food,Infomerics,Q1 2027,1,LOW/MEDIUM,INC rating hits ULTRA HOT on 2027-01-16 — exclusive Q1 2027 whitespace lead,Your Infomerics INC rating goes critical in Jan 2027. ACER is your best alternative — no competitor has approached you.
Narayan Spinning Mills Pvt. Ltd.,TIER 3 — Junior RM / Tele-sales,Aug Wk4 (Aug 24-31),68.7,0,5.0,Textiles,BRICKWORK,October 2026,1,LOW,INC rating hits HOT threshold on 2026-11-29 — first call window,Get ahead of the Oct/Nov renewal rush; start ACER process now before BRICKWORK backlog builds
Promac Engineering Inds. Ltd.,TIER 3 — Junior RM / Tele-sales,Aug Wk3 (Aug 17-21),68.0,0,4.0,Manufacturing,ACUITE,October 2026,1,MEDIUM,INC rating hits ULTRA HOT threshold on 2026-11-12 — first call window,Get ahead of the Oct/Nov renewal rush; start ACER process now before ACUITE backlog builds
Humana Financial Services Pvt. Ltd.,TIER 3 — Junior RM / Tele-sales,Aug Wk3 (Aug 17-21),67.5,0,5.0,BFSI,ACUITE,October 2026,1,MEDIUM,INC rating hits ULTRA HOT threshold on 2026-11-19 — first call window,Get ahead of the Oct/Nov renewal rush; start ACER process now before ACUITE backlog builds
Royal Imports and Exports,TIER 3 — Junior RM / Tele-sales,Aug Wk3 (Aug 17-21),67.0,0,5.0,Logistics,Infomerics,October 2026,1,MEDIUM,INC rating hits ULTRA HOT threshold on 2026-11-17 — first call window,Get ahead of the Oct/Nov renewal rush; start ACER process now before Infomerics backlog builds
Asianet News Network Pvt. Ltd.,TIER 3 — Junior RM / Tele-sales,Aug Wk4 (Aug 24-31),66.73,0,5.0,Other,BRICKWORK,Q1 2027,1,LOW/MEDIUM,INC rating hits ULTRA HOT on 2027-03-12 — prime Q1 2027 renewal target,Your Fund-Based at BRICKWORK goes critical in Mar 2027. Start ACER process in Sep 2026 — before the Q1 rush.
Matsyodari Steel & Alloys Pvt. Ltd.,TIER 3 — Junior RM / Tele-sales,Aug Wk4 (Aug 24-31),65.8,0,5.0,Steel & Metals,CRISIL,October 2026,1,LOW,INC rating hits HOT threshold on 2026-10-04 — first call window,Get ahead of the Oct/Nov renewal rush; start ACER process now before CRISIL backlog builds
Doddanavar Global Energy Pvt. Ltd.,TIER 3 — Junior RM / Tele-sales,Aug Wk4 (Aug 24-31),65.76,0,5.0,Energy,IND-RA,October 2026,1,LOW,INC rating hits HOT threshold on 2026-11-29 — first call window,Get ahead of the Oct/Nov renewal rush; start ACER process now before IND-RA backlog builds
Shweta Infrastructure & Housing (India) Pvt. Ltd.,TIER 3 — Junior RM / Tele-sales,Aug Wk3 (Aug 17-21),65.62,0,5.0,Construction,CRISIL,October 2026,1,MEDIUM,INC rating hits ULTRA HOT threshold on 2026-11-13 — first call window,Get ahead of the Oct/Nov renewal rush; start ACER process now before CRISIL backlog builds
Celebrity Breweries Pvt. Ltd.,TIER 3 — Junior RM / Tele-sales,Aug Wk4 (Aug 24-31),65.55,0,5.0,Other,CRISIL,October 2026,1,LOW,INC rating hits HOT threshold on 2026-10-09 — first call window,Get ahead of the Oct/Nov renewal rush; start ACER process now before CRISIL backlog builds
Kalthia Priyheer Infrastructure Pvt. Ltd.,TIER 3 — Junior RM / Tele-sales,Aug Wk4 (Aug 24-31),65.49,0,5.0,Construction,ACUITE,October 2026,1,LOW,INC rating hits HOT threshold on 2026-11-09 — first call window,Get ahead of the Oct/Nov renewal rush; start ACER process now before ACUITE backlog builds
Jeewan Motors Pvt. Ltd.,TIER 3 — Junior RM / Tele-sales,Aug Wk4 (Aug 24-31),65.32,0,5.0,Other,BRICKWORK,Q1 2027,1,LOW/MEDIUM,INC rating hits ULTRA HOT on 2027-03-25 — prime Q1 2027 renewal target,Your Fund-Based at BRICKWORK goes critical in Mar 2027. Start ACER process in Sep 2026 — before the Q1 rush.
Astron Paper & Board Mill Limited,TIER 3 — Junior RM / Tele-sales,Aug Wk4 (Aug 24-31),65.0,0,2.5,Agro & Food,Infomerics,Q1 2027,1,LOW/MEDIUM,INC rating hits ULTRA HOT on 2027-01-14 — exclusive Q1 2027 whitespace lead,Your Infomerics INC rating goes critical in Jan 2027. ACER is your best alternative — no competitor has approached you.
Bonanza Portfolio Ltd.,TIER 3 — Junior RM / Tele-sales,Aug Wk4 (Aug 24-31),65.0,0,4.0,Logistics,CARE,October 2026,1,LOW,INC rating hits HOT threshold on 2026-11-07 — first call window,Get ahead of the Oct/Nov renewal rush; start ACER process now before CARE backlog builds
Gajanan Oil Pvt. Ltd.,TIER 3 — Junior RM / Tele-sales,Aug Wk4 (Aug 24-31),65.0,0,3.0,Other,CRISIL,Q2 2027,1,LOW (<90 days),"INC since Apr 2026 (79 days). MEDIUM by Oct 2026, HOT by Jan 2027, ULTRA HOT by Apr 2027.",Your Letter Of credit at CRISIL hits ULTRA HOT in Apr 2027. Start ACER process by Jan 2027 to be ahead of Q2 2027 renewal rush.
Lemon Electronics Ltd.,TIER 3 — Junior RM / Tele-sales,Aug Wk4 (Aug 24-31),65.0,0,3.0,Other,CARE,Q2 2027,1,LOW (<90 days),"INC since Apr 2026 (69 days). MEDIUM by Oct 2026, HOT by Jan 2027, ULTRA HOT by Apr 2027.",Your Letter Of credit at CARE hits ULTRA HOT in Apr 2027. Start ACER process by Jan 2027 to be ahead of Q2 2027 renewal rush.
Shreesatya Sponge & Power Private Limited,TIER 3 — Junior RM / Tele-sales,Aug Wk3 (Aug 17-21),64.88,0,5.0,Energy,Infomerics,October 2026,1,MEDIUM,INC rating hits ULTRA HOT threshold on 2026-11-26 — first call window,Get ahead of the Oct/Nov renewal rush; start ACER process now before Infomerics backlog builds
Periyasamy Pillai Educational Trust,TIER 3 — Junior RM / Tele-sales,Aug Wk3 (Aug 17-21),64.5,0,5.0,Education,Infomerics,October 2026,1,MEDIUM,INC rating hits ULTRA HOT threshold on 2026-11-03 — first call window,Get ahead of the Oct/Nov renewal rush; start ACER process now before Infomerics backlog builds
Pashupati Cotspin Ltd.,TIER 3 — Junior RM / Tele-sales,Aug Wk4 (Aug 24-31),64.2,0,5.0,Other,BRICKWORK,October 2026,1,LOW,INC rating hits HOT threshold on 2026-11-21 — first call window,Get ahead of the Oct/Nov renewal rush; start ACER process now before BRICKWORK backlog builds
Fable Food Products Private Limited,TIER 3 — Junior RM / Tele-sales,Aug Wk3 (Aug 17-21),64.0,0,5.0,Agro & Food,Infomerics,October 2026,1,MEDIUM,INC rating hits ULTRA HOT threshold on 2026-11-28 — first call window,Get ahead of the Oct/Nov renewal rush; start ACER process now before Infomerics backlog builds
Khyber Industries Pvt. Ltd.,TIER 3 — Junior RM / Tele-sales,Aug Wk4 (Aug 24-31),64.0,0,5.0,Manufacturing,CRISIL,October 2026,1,LOW,INC rating hits HOT threshold on 2026-10-18 — first call window,Get ahead of the Oct/Nov renewal rush; start ACER process now before CRISIL backlog builds
Saa Vishnu Bakers Pvt. Ltd.,TIER 3 — Junior RM / Tele-sales,Aug Wk3 (Aug 17-21),63.87,0,5.0,Other,ACUITE,October 2026,1,MEDIUM,INC rating hits ULTRA HOT threshold on 2026-10-16 — first call window,Get ahead of the Oct/Nov renewal rush; start ACER process now before ACUITE backlog builds
Megha Fruit Processing Pvt. Ltd.,TIER 3 — Junior RM / Tele-sales,Aug Wk3 (Aug 17-21),63.81,0,5.0,Other,ACUITE,October 2026,1,MEDIUM,INC rating hits ULTRA HOT threshold on 2026-11-24 — first call window,Get ahead of the Oct/Nov renewal rush; start ACER process now before ACUITE backlog builds
Mahadev Shipbreakers Pvt. Ltd.,TIER 3 — Junior RM / Tele-sales,Aug Wk4 (Aug 24-31),63.75,0,3.0,Other,CRISIL,Q1 2027,1,LOW/MEDIUM,INC rating hits ULTRA HOT on 2027-03-17 — prime Q1 2027 renewal target,Your Letter of Credit at CRISIL goes critical in Mar 2027. Start ACER process in Sep 2026 — before the Q1 rush.
Mobile Communication (India) Pvt. Ltd.,TIER 3 — Junior RM / Tele-sales,Aug Wk4 (Aug 24-31),63.45,0,4.0,IT/Technology,ACUITE,October 2026,1,LOW,INC rating hits HOT threshold on 2026-10-10 — first call window,Get ahead of the Oct/Nov renewal rush; start ACER process now before ACUITE backlog builds
Shri Dakshineshwari Maa Polyfabs Ltd.,TIER 3 — Junior RM / Tele-sales,Aug Wk3 (Aug 17-21),63.41,0,5.0,Other,ACUITE,October 2026,1,MEDIUM,INC rating hits ULTRA HOT threshold on 2026-11-28 — first call window,Get ahead of the Oct/Nov renewal rush; start ACER process now before ACUITE backlog builds
Lineage Power Pvt. Ltd.,TIER 3 — Junior RM / Tele-sales,Aug Wk3 (Aug 17-21),63.0,0,3.0,Energy,ACUITE,October 2026,1,MEDIUM,INC rating hits ULTRA HOT threshold on 2026-10-30 — first call window,Get ahead of the Oct/Nov renewal rush; start ACER process now before ACUITE backlog builds
Silvertoan Papers Ltd.,TIER 3 — Junior RM / Tele-sales,Aug Wk3 (Aug 17-21),62.71,0,5.0,Jewellery/Gems,CARE,October 2026,1,MEDIUM,INC rating hits ULTRA HOT threshold on 2026-11-21 — first call window,Get ahead of the Oct/Nov renewal rush; start ACER process now before CARE backlog builds
Rajsamadhiyala Spintex Pvt. Ltd.,TIER 3 — Junior RM / Tele-sales,Aug Wk4 (Aug 24-31),62.0,0,5.0,Other,ICRA,Q1 2027,1,LOW/MEDIUM,INC rating hits ULTRA HOT on 2026-12-30 — prime Q1 2027 renewal target,Your Term Loan at ICRA goes critical in Dec 2026. Start ACER process in Sep 2026 — before the Q1 rush.
Sriavantika Contractors Highways (Anuskura) Pvt. Ltd.,TIER 3 — Junior RM / Tele-sales,Aug Wk3 (Aug 17-21),61.6,0,5.0,Construction,IND-RA,October 2026,1,MEDIUM,INC rating hits ULTRA HOT threshold on 2026-11-24 — first call window,Get ahead of the Oct/Nov renewal rush; start ACER process now before IND-RA backlog builds
Pavan Motors Pvt. Ltd.,TIER 3 — Junior RM / Tele-sales,Aug Wk4 (Aug 24-31),61.5,0,5.0,Automobiles,CRISIL,Q1 2027,1,LOW/MEDIUM,INC rating hits ULTRA HOT on 2027-03-09 — prime Q1 2027 renewal target,Your Fund-Based at CRISIL goes critical in Mar 2027. Start ACER process in Sep 2026 — before the Q1 rush.
A K R Industries Pvt. Ltd.,TIER 3 — Junior RM / Tele-sales,Aug Wk3 (Aug 17-21),61.02,0,5.0,Manufacturing,BRICKWORK,October 2026,1,MEDIUM,INC rating hits ULTRA HOT threshold on 2026-10-24 — first call window,Get ahead of the Oct/Nov renewal rush; start ACER process now before BRICKWORK backlog builds
Hartek Power Pvt. Ltd.,TIER 3 — Junior RM / Tele-sales,Aug Wk4 (Aug 24-31),61.0,0,4.0,Energy,BRICKWORK,Q1 2027,1,LOW/MEDIUM,INC rating hits ULTRA HOT on 2027-03-10 — prime Q1 2027 renewal target,Your Bank Guarantee at BRICKWORK goes critical in Mar 2027. Start ACER process in Sep 2026 — before the Q1 rush.
Udayshivakumar Infra Ltd.,TIER 3 — Junior RM / Tele-sales,Aug Wk4 (Aug 24-31),61.0,0,4.0,Construction,BRICKWORK,October 2026,1,LOW,INC rating hits HOT threshold on 2026-11-14 — first call window,Get ahead of the Oct/Nov renewal rush; start ACER process now before BRICKWORK backlog builds
P O C L Enterprises Ltd.,TIER 3 — Junior RM / Tele-sales,Aug Wk3 (Aug 17-21),60.77,0,5.0,Other,BRICKWORK,October 2026,1,MEDIUM,INC rating hits ULTRA HOT threshold on 2026-11-20 — first call window,Get ahead of the Oct/Nov renewal rush; start ACER process now before BRICKWORK backlog builds
Paras Railtech Pvt. Ltd.,TIER 3 — Junior RM / Tele-sales,Aug Wk4 (Aug 24-31),60.7,0,4.0,IT/Technology,CRISIL,October 2026,1,LOW,INC rating hits HOT threshold on 2026-10-28 — first call window,Get ahead of the Oct/Nov renewal rush; start ACER process now before CRISIL backlog builds
Landmark Corporation Pvt. Ltd.,TIER 3 — Junior RM / Tele-sales,Aug Wk4 (Aug 24-31),60.66,0,4.0,Other,CRISIL,October 2026,1,LOW,INC rating hits HOT threshold on 2026-11-23 — first call window,Get ahead of the Oct/Nov renewal rush; start ACER process now before CRISIL backlog builds
Vishal Papertech India Limited,TIER 3 — Junior RM / Tele-sales,Aug Wk3 (Aug 17-21),60.52,0,5.0,IT/Technology,Infomerics,October 2026,1,MEDIUM,INC rating hits ULTRA HOT threshold on 2026-10-03 — first call window,Get ahead of the Oct/Nov renewal rush; start ACER process now before Infomerics backlog builds
Chintpurni Steel Private Limited,TIER 3 — Junior RM / Tele-sales,Aug Wk3 (Aug 17-21),60.5,0,5.0,Steel & Metals,Infomerics,October 2026,1,MEDIUM,INC rating hits ULTRA HOT threshold on 2026-10-17 — first call window,Get ahead of the Oct/Nov renewal rush; start ACER process now before Infomerics backlog builds
Snow World Marine Exports Private Limited,TIER 3 — Junior RM / Tele-sales,Aug Wk3 (Aug 17-21),60.5,0,2.5,Logistics,Infomerics,October 2026,1,MEDIUM,INC rating hits ULTRA HOT threshold on 2026-10-07 — first call window,Get ahead of the Oct/Nov renewal rush; start ACER process now before Infomerics backlog builds
Galva Deco Parts Pvt. Ltd.,TIER 3 — Junior RM / Tele-sales,Aug Wk4 (Aug 24-31),60.26,0,5.0,Other,ACUITE,October 2026,1,LOW,INC rating hits HOT threshold on 2026-10-03 — first call window,Get ahead of the Oct/Nov renewal rush; start ACER process now before ACUITE backlog builds
Numero Uno Clothing Ltd.,TIER 3 — Junior RM / Tele-sales,Aug Wk4 (Aug 24-31),60.02,0,5.0,Textiles,BRICKWORK,October 2026,1,LOW,INC rating hits HOT threshold on 2026-11-30 — first call window,Get ahead of the Oct/Nov renewal rush; start ACER process now before BRICKWORK backlog builds
A S L Enterprises Ltd.,TIER 3 — Junior RM / Tele-sales,Aug Wk4 (Aug 24-31),60.0,0,5.0,Other,CRISIL,October 2026,1,LOW,INC rating hits HOT threshold on 2026-10-20 — first call window,Get ahead of the Oct/Nov renewal rush; start ACER process now before CRISIL backlog builds
Ashish Infracon Pvt. Ltd.,TIER 3 — Junior RM / Tele-sales,Aug Wk4 (Aug 24-31),60.0,0,4.0,Construction,BRICKWORK,Q2 2027,1,LOW (<90 days),"INC since Apr 2026 (87 days). MEDIUM by Oct 2026, HOT by Jan 2027, ULTRA HOT by Apr 2027.",Your Bank Guarantee at BRICKWORK hits ULTRA HOT in Apr 2027. Start ACER process by Jan 2027 to be ahead of Q2 2027 renewal rush.
Keltech Energies Ltd.,TIER 3 — Junior RM / Tele-sales,Aug Wk4 (Aug 24-31),60.0,0,3.0,IT/Technology,ICRA,October 2026,1,LOW,INC rating hits HOT threshold on 2026-11-20 — first call window,Get ahead of the Oct/Nov renewal rush; start ACER process now before ICRA backlog builds
Konark Structural Engineers Pvt. Ltd.,TIER 3 — Junior RM / Tele-sales,Aug Wk4 (Aug 24-31),60.0,0,4.0,Other,BRICKWORK,Q2 2027,1,LOW (<90 days),"INC since Apr 2026 (87 days). MEDIUM by Oct 2026, HOT by Jan 2027, ULTRA HOT by Apr 2027.",Your Bank Guarantee at BRICKWORK hits ULTRA HOT in Apr 2027. Start ACER process by Jan 2027 to be ahead of Q2 2027 renewal rush.
Mahesh Industries Pvt. Ltd.,TIER 3 — Junior RM / Tele-sales,Aug Wk4 (Aug 24-31),60.0,0,3.0,Other,CRISIL,Q2 2027,1,LOW (<90 days),"INC since Apr 2026 (65 days). MEDIUM by Oct 2026, HOT by Jan 2027, ULTRA HOT by Apr 2027.",Your Letter Of credit at CRISIL hits ULTRA HOT in Apr 2027. Start ACER process by Jan 2027 to be ahead of Q2 2027 renewal rush.
Regent Garage Pvt. Ltd.,TIER 3 — Junior RM / Tele-sales,Aug Wk4 (Aug 24-31),60.0,0,5.0,Other,CRISIL,October 2026,1,LOW,INC rating hits HOT threshold on 2026-11-07 — first call window,Get ahead of the Oct/Nov renewal rush; start ACER process now before CRISIL backlog builds
Sambaragi Traders,TIER 3 — Junior RM / Tele-sales,Aug Wk3 (Aug 17-21),60.0,0,5.0,Trading/Exports,Infomerics,October 2026,1,MEDIUM,INC rating hits ULTRA HOT threshold on 2026-11-12 — first call window,Get ahead of the Oct/Nov renewal rush; start ACER process now before Infomerics backlog builds
Uniworld Sugars Pvt. Ltd. [Merged],TIER 3 — Junior RM / Tele-sales,Aug Wk4 (Aug 24-31),60.0,0,5.0,Agro & Food,CARE,Q2 2027,1,LOW (<90 days),"INC since Apr 2026 (83 days). MEDIUM by Oct 2026, HOT by Jan 2027, ULTRA HOT by Apr 2027.",Your Term loans at CARE hits ULTRA HOT in Apr 2027. Start ACER process by Jan 2027 to be ahead of Q2 2027 renewal rush.
Bhakti Extractions Private Limited,TIER 3 — Junior RM / Tele-sales,Aug Wk3 (Aug 17-21),59.85,0,5.0,Other,Infomerics,October 2026,1,MEDIUM,INC rating hits ULTRA HOT threshold on 2026-10-16 — first call window,Get ahead of the Oct/Nov renewal rush; start ACER process now before Infomerics backlog builds
PHN Technology Private Limited,TIER 3 — Junior RM / Tele-sales,Aug Wk3 (Aug 17-21),59.78,0,3.0,IT/Technology,Infomerics,October 2026,1,MEDIUM,INC rating hits ULTRA HOT threshold on 2026-10-23 — first call window,Get ahead of the Oct/Nov renewal rush; start ACER process now before Infomerics backlog builds
Bateli Tea Co. Ltd.,TIER 3 — Junior RM / Tele-sales,Aug Wk4 (Aug 24-31),59.56,0,5.0,Agro & Food,ACUITE,October 2026,1,LOW,INC rating hits HOT threshold on 2026-11-21 — first call window,Get ahead of the Oct/Nov renewal rush; start ACER process now before ACUITE backlog builds
Reliable Cashew Company Private Limited,TIER 3 — Junior RM / Tele-sales,Aug Wk4 (Aug 24-31),59.47,0,5.0,Other,Infomerics,Q1 2027,1,LOW/MEDIUM,INC rating hits ULTRA HOT on 2027-02-03 — exclusive Q1 2027 whitespace lead,Your Infomerics INC rating goes critical in Feb 2027. ACER is your best alternative — no competitor has approached you.
Annakoot Properties Pvt. Ltd.,TIER 3 — Junior RM / Tele-sales,Aug Wk3 (Aug 17-21),59.1,0,5.0,Other,CRISIL,October 2026,1,MEDIUM,INC rating hits ULTRA HOT threshold on 2026-10-08 — first call window,Get ahead of the Oct/Nov renewal rush; start ACER process now before CRISIL backlog builds
Bony Polymers Pvt. Ltd.,TIER 3 — Junior RM / Tele-sales,Aug Wk4 (Aug 24-31),58.94,0,5.0,Chemicals & Pharma,CARE,October 2026,1,LOW,INC rating hits HOT threshold on 2026-10-02 — first call window,Get ahead of the Oct/Nov renewal rush; start ACER process now before CARE backlog builds
Soni Auto & Allied Inds. Ltd.,TIER 3 — Junior RM / Tele-sales,Aug Wk3 (Aug 17-21),58.57,0,5.0,Automobiles,CRISIL,October 2026,1,MEDIUM,INC rating hits ULTRA HOT threshold on 2026-11-03 — first call window,Get ahead of the Oct/Nov renewal rush; start ACER process now before CRISIL backlog builds
Dairy India Pvt. Ltd.,TIER 3 — Junior RM / Tele-sales,Aug Wk3 (Aug 17-21),58.25,0,5.0,Agro & Food,BRICKWORK,October 2026,1,MEDIUM,INC rating hits ULTRA HOT threshold on 2026-11-18 — first call window,Get ahead of the Oct/Nov renewal rush; start ACER process now before BRICKWORK backlog builds
ECR Buildtech Private Limited,TIER 3 — Junior RM / Tele-sales,Aug Wk3 (Aug 17-21),58.0,0,5.0,Construction,Infomerics,October 2026,1,MEDIUM,INC rating hits ULTRA HOT threshold on 2026-11-28 — first call window,Get ahead of the Oct/Nov renewal rush; start ACER process now before Infomerics backlog builds
I G E (India) Pvt. Ltd.,TIER 3 — Junior RM / Tele-sales,Aug Wk3 (Aug 17-21),57.86,0,5.0,Other,BRICKWORK,October 2026,1,MEDIUM,INC rating hits ULTRA HOT threshold on 2026-10-09 — first call window,Get ahead of the Oct/Nov renewal rush; start ACER process now before BRICKWORK backlog builds
RKF InfoServices Private Limited,TIER 3 — Junior RM / Tele-sales,Aug Wk3 (Aug 17-21),57.6,0,5.0,Other,Infomerics,October 2026,1,MEDIUM,INC rating hits ULTRA HOT threshold on 2026-10-16 — first call window,Get ahead of the Oct/Nov renewal rush; start ACER process now before Infomerics backlog builds
Pallavapuram Tambaram M S W Pvt. Ltd.,TIER 3 — Junior RM / Tele-sales,Aug Wk4 (Aug 24-31),57.59,0,5.0,Other,BRICKWORK,Q2 2027,1,LOW (<90 days),"INC since Apr 2026 (88 days). MEDIUM by Oct 2026, HOT by Jan 2027, ULTRA HOT by Apr 2027.",Your Term loans at BRICKWORK hits ULTRA HOT in Apr 2027. Start ACER process by Jan 2027 to be ahead of Q2 2027 renewal rush.
Century Aluminium Mfg. Co. Ltd.,TIER 3 — Junior RM / Tele-sales,Aug Wk4 (Aug 24-31),57.5,0,3.0,Other,BRICKWORK,Q2 2027,1,LOW (<90 days),"INC since Apr 2026 (87 days). MEDIUM by Oct 2026, HOT by Jan 2027, ULTRA HOT by Apr 2027.",Your Letter Of credit at BRICKWORK hits ULTRA HOT in Apr 2027. Start ACER process by Jan 2027 to be ahead of Q2 2027 renewal rush.
Hasti Petro Chemical & Shipping Ltd.,TIER 3 — Junior RM / Tele-sales,Aug Wk4 (Aug 24-31),57.34,0,5.0,Chemicals & Pharma,BRICKWORK,October 2026,1,LOW,INC rating hits HOT threshold on 2026-10-30 — first call window,Get ahead of the Oct/Nov renewal rush; start ACER process now before BRICKWORK backlog builds
Sushma Buildtech Ltd.,TIER 3 — Junior RM / Tele-sales,Aug Wk4 (Aug 24-31),57.03,0,5.0,Construction,BRICKWORK,October 2026,1,LOW,INC rating hits HOT threshold on 2026-10-06 — first call window,Get ahead of the Oct/Nov renewal rush; start ACER process now before BRICKWORK backlog builds
S L N Coffee Pvt. Ltd.,TIER 3 — Junior RM / Tele-sales,Aug Wk4 (Aug 24-31),57.0,0,5.0,Other,BRICKWORK,Q1 2027,1,LOW/MEDIUM,INC rating hits ULTRA HOT on 2026-12-31 — prime Q1 2027 renewal target,Your Term Loan at BRICKWORK goes critical in Dec 2026. Start ACER process in Sep 2026 — before the Q1 rush.
Ramkrishna Cotspin Private Limited,TIER 3 — Junior RM / Tele-sales,Aug Wk3 (Aug 17-21),56.98,0,5.0,Other,Infomerics,October 2026,1,MEDIUM,INC rating hits ULTRA HOT threshold on 2026-11-07 — first call window,Get ahead of the Oct/Nov renewal rush; start ACER process now before Infomerics backlog builds
RP Multimetals Private Limited,TIER 3 — Junior RM / Tele-sales,Aug Wk3 (Aug 17-21),56.47,0,5.0,Steel & Metals,Infomerics,October 2026,1,MEDIUM,INC rating hits ULTRA HOT threshold on 2026-11-03 — first call window,Get ahead of the Oct/Nov renewal rush; start ACER process now before Infomerics backlog builds
Amarpali Cylinders Private Limited,TIER 3 — Junior RM / Tele-sales,Aug Wk3 (Aug 17-21),56.39,0,5.0,Other,Infomerics,October 2026,1,MEDIUM,INC rating hits ULTRA HOT threshold on 2026-10-22 — first call window,Get ahead of the Oct/Nov renewal rush; start ACER process now before Infomerics backlog builds
Ozone P B Spintex Ltd.,TIER 3 — Junior RM / Tele-sales,Aug Wk3 (Aug 17-21),56.22,0,5.0,Other,BRICKWORK,October 2026,1,MEDIUM,INC rating hits ULTRA HOT threshold on 2026-11-28 — first call window,Get ahead of the Oct/Nov renewal rush; start ACER process now before BRICKWORK backlog builds
Orion Conmerx Pvt. Ltd.,TIER 3 — Junior RM / Tele-sales,Aug Wk4 (Aug 24-31),56.2,0,5.0,Other,CRISIL,October 2026,1,LOW,INC rating hits HOT threshold on 2026-11-23 — first call window,Get ahead of the Oct/Nov renewal rush; start ACER process now before CRISIL backlog builds
R P P Infra Projects Ltd.,TIER 3 — Junior RM / Tele-sales,Aug Wk3 (Aug 17-21),56.07,0,5.0,Construction,BRICKWORK,October 2026,1,MEDIUM,INC rating hits ULTRA HOT threshold on 2026-11-27 — first call window,Get ahead of the Oct/Nov renewal rush; start ACER process now before BRICKWORK backlog builds
Youngman Woollen Mills Private Limited,TIER 3 — Junior RM / Tele-sales,Aug Wk3 (Aug 17-21),55.95,0,5.0,Other,Infomerics,October 2026,1,MEDIUM,INC rating hits ULTRA HOT threshold on 2026-11-10 — first call window,Get ahead of the Oct/Nov renewal rush; start ACER process now before Infomerics backlog builds
Arth Micro Finance Pvt. Ltd.,TIER 3 — Junior RM / Tele-sales,Aug Wk4 (Aug 24-31),55.45,0,5.0,BFSI/NBFC,ACUITE,Q2 2027,1,LOW (<90 days),"INC since Apr 2026 (88 days). MEDIUM by Oct 2026, HOT by Jan 2027, ULTRA HOT by Apr 2027.",Your Term loans at ACUITE hits ULTRA HOT in Apr 2027. Start ACER process by Jan 2027 to be ahead of Q2 2027 renewal rush.
Hira Steels Ltd.,TIER 3 — Junior RM / Tele-sales,Aug Wk3 (Aug 17-21),55.2,0,5.0,Steel & Metals,ACUITE,October 2026,1,MEDIUM,INC rating hits ULTRA HOT threshold on 2026-10-15 — first call window,Get ahead of the Oct/Nov renewal rush; start ACER process now before ACUITE backlog builds
Chinagate Restaurants Pvt. Ltd.,TIER 3 — Junior RM / Tele-sales,Aug Wk3 (Aug 17-21),55.0,0,5.0,Hotels & Tourism,CRISIL,October 2026,1,MEDIUM,INC rating hits ULTRA HOT threshold on 2026-10-23 — first call window,Get ahead of the Oct/Nov renewal rush; start ACER process now before CRISIL backlog builds
G E P L Capital Pvt. Ltd.,TIER 3 — Junior RM / Tele-sales,Aug Wk3 (Aug 17-21),55.0,0,4.0,BFSI,BRICKWORK,October 2026,1,MEDIUM,INC rating hits ULTRA HOT threshold on 2026-11-13 — first call window,Get ahead of the Oct/Nov renewal rush; start ACER process now before BRICKWORK backlog builds
Harji Engineering Works Pvt. Ltd.,TIER 3 — Junior RM / Tele-sales,Aug Wk4 (Aug 24-31),55.0,0,4.0,Other,ACUITE,Q2 2027,1,LOW (<90 days),"INC since Apr 2026 (79 days). MEDIUM by Oct 2026, HOT by Jan 2027, ULTRA HOT by Apr 2027.",Your Bank Guarantee at ACUITE hits ULTRA HOT in Apr 2027. Start ACER process by Jan 2027 to be ahead of Q2 2027 renewal rush.
Metro Superspeciality Hospitals Pvt. Ltd.,TIER 3 — Junior RM / Tele-sales,Aug Wk3 (Aug 17-21),55.0,0,5.0,Healthcare,CRISIL,October 2026,1,MEDIUM,INC rating hits ULTRA HOT threshold on 2026-11-20 — first call window,Get ahead of the Oct/Nov renewal rush; start ACER process now before CRISIL backlog builds
Royal Infraengineering Pvt. Ltd.,TIER 3 — Junior RM / Tele-sales,Aug Wk4 (Aug 24-31),55.0,0,4.0,Construction,ACUITE,October 2026,1,LOW,INC rating hits HOT threshold on 2026-11-02 — first call window,Get ahead of the Oct/Nov renewal rush; start ACER process now before ACUITE backlog builds
Jathar Spinners Private Limited,TIER 3 — Junior RM / Tele-sales,Aug Wk3 (Aug 17-21),54.76,0,5.0,Hotels & Tourism,Infomerics,October 2026,1,MEDIUM,INC rating hits ULTRA HOT threshold on 2026-11-10 — first call window,Get ahead of the Oct/Nov renewal rush; start ACER process now before Infomerics backlog builds
Color Granito Pvt. Ltd.,TIER 3 — Junior RM / Tele-sales,Aug Wk4 (Aug 24-31),54.69,0,5.0,Other,BRICKWORK,October 2026,1,LOW,INC rating hits HOT threshold on 2026-11-27 — first call window,Get ahead of the Oct/Nov renewal rush; start ACER process now before BRICKWORK backlog builds
Shree Sarvaloka Textiles Pvt. Ltd.,TIER 3 — Junior RM / Tele-sales,Aug Wk4 (Aug 24-31),54.49,0,5.0,Construction,IND-RA,October 2026,1,LOW,INC rating hits HOT threshold on 2026-10-30 — first call window,Get ahead of the Oct/Nov renewal rush; start ACER process now before IND-RA backlog builds
KHFM Hospitality & Facility Management Services Limited,TIER 3 — Junior RM / Tele-sales,Aug Wk4 (Aug 24-31),54.18,0,5.0,Healthcare,Infomerics,Q1 2027,1,LOW/MEDIUM,INC rating hits ULTRA HOT on 2027-01-13 — exclusive Q1 2027 whitespace lead,Your Infomerics INC rating goes critical in Jan 2027. ACER is your best alternative — no competitor has approached you.
Shivashakti Sugars Ltd.,TIER 3 — Junior RM / Tele-sales,Aug Wk4 (Aug 24-31),54.15,0,5.0,Agro & Food,CARE,October 2026,1,LOW,INC rating hits HOT threshold on 2026-11-01 — first call window,Get ahead of the Oct/Nov renewal rush; start ACER process now before CARE backlog builds
R E Infra Private Limited,TIER 3 — Junior RM / Tele-sales,Aug Wk3 (Aug 17-21),54.0,0,2.5,Construction,Infomerics,October 2026,1,MEDIUM,INC rating hits ULTRA HOT threshold on 2026-11-20 — first call window,Get ahead of the Oct/Nov renewal rush; start ACER process now before Infomerics backlog builds
Omax Cotspin Pvt. Ltd.,TIER 3 — Junior RM / Tele-sales,Aug Wk4 (Aug 24-31),53.01,0,5.0,Other,IND-RA,Q1 2027,1,LOW/MEDIUM,INC rating hits ULTRA HOT on 2027-03-09 — prime Q1 2027 renewal target,Your Term Loan at IND-RA goes critical in Mar 2027. Start ACER process in Sep 2026 — before the Q1 rush.
Trinity Fructa Pvt. Ltd.,TIER 3 — Junior RM / Tele-sales,Aug Wk3 (Aug 17-21),52.76,0,5.0,Other,CRISIL,October 2026,1,MEDIUM,INC rating hits ULTRA HOT threshold on 2026-10-09 — first call window,Get ahead of the Oct/Nov renewal rush; start ACER process now before CRISIL backlog builds
Shrushti Contech Private Limited,TIER 3 — Junior RM / Tele-sales,Aug Wk3 (Aug 17-21),52.51,0,3.0,IT/Technology,Infomerics,October 2026,1,MEDIUM,INC rating hits ULTRA HOT threshold on 2026-11-26 — first call window,Get ahead of the Oct/Nov renewal rush; start ACER process now before Infomerics backlog builds
K K Silk Mills Ltd.,TIER 3 — Junior RM / Tele-sales,Aug Wk3 (Aug 17-21),52.5,0,5.0,Textiles,CARE,October 2026,1,MEDIUM,INC rating hits ULTRA HOT threshold on 2026-10-06 — first call window,Get ahead of the Oct/Nov renewal rush; start ACER process now before CARE backlog builds
Exicom Technologies India Pvt. Ltd.,TIER 3 — Junior RM / Tele-sales,Aug Wk4 (Aug 24-31),52.0,0,5.0,IT/Technology,CRISIL,Q1 2027,1,LOW/MEDIUM,INC rating hits ULTRA HOT on 2027-03-17 — prime Q1 2027 renewal target,Your Fund-Based at CRISIL goes critical in Mar 2027. Start ACER process in Sep 2026 — before the Q1 rush.
One Capitall Ltd.,TIER 3 — Junior RM / Tele-sales,Aug Wk4 (Aug 24-31),52.0,0,5.0,BFSI/NBFC,ICRA,Q2 2027,1,LOW (<90 days),"INC since Apr 2026 (60 days). MEDIUM by Oct 2026, HOT by Jan 2027, ULTRA HOT by Apr 2027.",Your Term loans at ICRA hits ULTRA HOT in Apr 2027. Start ACER process by Jan 2027 to be ahead of Q2 2027 renewal rush.
Prince Corp Pvt. Ltd.,TIER 3 — Junior RM / Tele-sales,Aug Wk4 (Aug 24-31),52.0,0,3.0,Other,ACUITE,October 2026,1,LOW,INC rating hits HOT threshold on 2026-11-02 — first call window,Get ahead of the Oct/Nov renewal rush; start ACER process now before ACUITE backlog builds
Youngman Woollen Mills Pvt. Ltd.,TIER 3 — Junior RM / Tele-sales,Aug Wk3 (Aug 17-21),52.0,0,5.0,Other,BRICKWORK,October 2026,1,MEDIUM,INC rating hits ULTRA HOT threshold on 2026-10-27 — first call window,Get ahead of the Oct/Nov renewal rush; start ACER process now before BRICKWORK backlog builds
Dr. Kamakshi Memorial Hospital Pvt. Ltd.,TIER 3 — Junior RM / Tele-sales,Aug Wk3 (Aug 17-21),51.64,0,5.0,Healthcare,BRICKWORK,October 2026,1,MEDIUM,INC rating hits ULTRA HOT threshold on 2026-10-17 — first call window,Get ahead of the Oct/Nov renewal rush; start ACER process now before BRICKWORK backlog builds
J M W India Pvt. Ltd.,TIER 3 — Junior RM / Tele-sales,Aug Wk4 (Aug 24-31),51.46,0,5.0,Other,BRICKWORK,October 2026,1,LOW,INC rating hits HOT threshold on 2026-11-21 — first call window,Get ahead of the Oct/Nov renewal rush; start ACER process now before BRICKWORK backlog builds
Life Line Feeds (India) Pvt. Ltd.,TIER 3 — Junior RM / Tele-sales,Aug Wk4 (Aug 24-31),51.37,0,5.0,Other,CRISIL,October 2026,1,LOW,INC rating hits HOT threshold on 2026-10-24 — first call window,Get ahead of the Oct/Nov renewal rush; start ACER process now before CRISIL backlog builds
Expanded Polymer Systems Pvt. Ltd.,TIER 3 — Junior RM / Tele-sales,Aug Wk4 (Aug 24-31),51.0,0,3.0,Chemicals & Pharma,BRICKWORK,October 2026,1,LOW,INC rating hits HOT threshold on 2026-11-24 — first call window,Get ahead of the Oct/Nov renewal rush; start ACER process now before BRICKWORK backlog builds
Wellcome Fisheries Ltd.,TIER 3 — Junior RM / Tele-sales,Aug Wk3 (Aug 17-21),50.87,0,5.0,Agro & Food,CRISIL,October 2026,1,MEDIUM,INC rating hits ULTRA HOT threshold on 2026-10-30 — first call window,Get ahead of the Oct/Nov renewal rush; start ACER process now before CRISIL backlog builds
Sidharth Papers Pvt. Ltd.,TIER 3 — Junior RM / Tele-sales,Aug Wk4 (Aug 24-31),50.85,0,5.0,Paper/Packaging,CRISIL,October 2026,1,LOW,INC rating hits HOT threshold on 2026-10-27 — first call window,Get ahead of the Oct/Nov renewal rush; start ACER process now before CRISIL backlog builds
Maa Mahamaya Alloys Pvt. Ltd.,TIER 3 — Junior RM / Tele-sales,Aug Wk4 (Aug 24-31),50.71,0,4.0,Steel & Metals,CARE,Q1 2027,1,LOW/MEDIUM,INC rating hits ULTRA HOT on 2027-03-25 — prime Q1 2027 renewal target,Your Bank Guarantee at CARE goes critical in Mar 2027. Start ACER process in Sep 2026 — before the Q1 rush.
Grospinz Fabz Ltd.,TIER 3 — Junior RM / Tele-sales,Aug Wk4 (Aug 24-31),50.7,0,5.0,Other,ACUITE,October 2026,1,LOW,INC rating hits HOT threshold on 2026-11-23 — first call window,Get ahead of the Oct/Nov renewal rush; start ACER process now before ACUITE backlog builds
S R M Contractors Ltd.,TIER 3 — Junior RM / Tele-sales,Aug Wk4 (Aug 24-31),50.5,0,4.0,Automobiles,ACUITE,October 2026,1,LOW,INC rating hits HOT threshold on 2026-10-30 — first call window,Get ahead of the Oct/Nov renewal rush; start ACER process now before ACUITE backlog builds
Vimla Fuels & Metals Limited,TIER 3 — Junior RM / Tele-sales,Aug Wk4 (Aug 24-31),50.3,0,3.0,Steel & Metals,Infomerics,Q1 2027,1,LOW/MEDIUM,INC rating hits ULTRA HOT on 2027-02-10 — exclusive Q1 2027 whitespace lead,Your Infomerics INC rating goes critical in Feb 2027. ACER is your best alternative — no competitor has approached you.
Ken Enterprises Ltd.,TIER 3 — Junior RM / Tele-sales,Aug Wk4 (Aug 24-31),50.28,0,5.0,Other,IND-RA,October 2026,1,LOW,INC rating hits HOT threshold on 2026-10-17 — first call window,Get ahead of the Oct/Nov renewal rush; start ACER process now before IND-RA backlog builds
Shree Ramdoot Rollers Pvt. Ltd.,TIER 3 — Junior RM / Tele-sales,Aug Wk3 (Aug 17-21),50.2,0,5.0,Other,CRISIL,October 2026,1,MEDIUM,INC rating hits ULTRA HOT threshold on 2026-11-26 — first call window,Get ahead of the Oct/Nov renewal rush; start ACER process now before CRISIL backlog builds
B K Sons Infrastructure Pvt. Ltd.,TIER 3 — Junior RM / Tele-sales,Aug Wk4 (Aug 24-31),50.0,0,4.0,Construction,CARE,Q2 2027,1,LOW (<90 days),"INC since Apr 2026 (68 days). MEDIUM by Oct 2026, HOT by Jan 2027, ULTRA HOT by Apr 2027.",Your Bank Guarantee at CARE hits ULTRA HOT in Apr 2027. Start ACER process by Jan 2027 to be ahead of Q2 2027 renewal rush.
Bengal Peerless Housing Devp. Co. Ltd.,TIER 3 — Junior RM / Tele-sales,Aug Wk4 (Aug 24-31),50.0,0,5.0,Construction,ACUITE,October 2026,1,LOW,INC rating hits HOT threshold on 2026-10-25 — first call window,Get ahead of the Oct/Nov renewal rush; start ACER process now before ACUITE backlog builds
Delton Cables Ltd.,TIER 3 — Junior RM / Tele-sales,Aug Wk3 (Aug 17-21),50.0,0,3.0,Infrastructure,BRICKWORK,October 2026,1,MEDIUM,INC rating hits ULTRA HOT threshold on 2026-11-18 — first call window,Get ahead of the Oct/Nov renewal rush; start ACER process now before BRICKWORK backlog builds
Eakansh Motors Pvt. Ltd.,TIER 3 — Junior RM / Tele-sales,Aug Wk4 (Aug 24-31),50.0,0,5.0,Automobiles,CRISIL,Q1 2027,1,LOW/MEDIUM,INC rating hits ULTRA HOT on 2027-03-11 — prime Q1 2027 renewal target,Your Fund-Based at CRISIL goes critical in Mar 2027. Start ACER process in Sep 2026 — before the Q1 rush.
Fortune Chemicals Limited,TIER 3 — Junior RM / Tele-sales,Aug Wk3 (Aug 17-21),50.0,0,3.0,Chemicals & Pharma,Infomerics,October 2026,1,MEDIUM,INC rating hits ULTRA HOT threshold on 2026-11-24 — first call window,Get ahead of the Oct/Nov renewal rush; start ACER process now before Infomerics backlog builds
Harman Finochem Limited,TIER 3 — Junior RM / Tele-sales,Aug Wk3 (Aug 17-21),50.0,0,5.0,Chemicals & Pharma,Infomerics,October 2026,1,MEDIUM,INC rating hits ULTRA HOT threshold on 2026-10-09 — first call window,Get ahead of the Oct/Nov renewal rush; start ACER process now before Infomerics backlog builds
Hella Infra Market Ltd.,TIER 3 — Junior RM / Tele-sales,Aug Wk3 (Aug 17-21),50.0,0,5.0,Construction,IND-RA,October 2026,1,MEDIUM,INC rating hits ULTRA HOT threshold on 2026-10-16 — first call window,Get ahead of the Oct/Nov renewal rush; start ACER process now before IND-RA backlog builds
Hindusthan Microfinance Pvt. Ltd.,TIER 3 — Junior RM / Tele-sales,Aug Wk4 (Aug 24-31),50.0,0,5.0,BFSI,BRICKWORK,Q1 2027,1,LOW/MEDIUM,INC rating hits ULTRA HOT on 2027-01-02 — prime Q1 2027 renewal target,Your Term Loan at BRICKWORK goes critical in Jan 2027. Start ACER process in Sep 2026 — before the Q1 rush.
Indexone Industries Ltd.,TIER 3 — Junior RM / Tele-sales,Aug Wk4 (Aug 24-31),50.0,0,3.0,Manufacturing,CRISIL,Q1 2027,1,LOW/MEDIUM,INC rating hits ULTRA HOT on 2027-03-10 — prime Q1 2027 renewal target,Your Letter of Credit at CRISIL goes critical in Mar 2027. Start ACER process in Sep 2026 — before the Q1 rush.
Maplewood Trading Pvt. Ltd.,TIER 3 — Junior RM / Tele-sales,Aug Wk4 (Aug 24-31),50.0,0,3.0,Trading/Exports,BRICKWORK,October 2026,1,LOW,INC rating hits HOT threshold on 2026-11-21 — first call window,Get ahead of the Oct/Nov renewal rush; start ACER process now before BRICKWORK backlog builds
Masterchef Exports,TIER 3 — Junior RM / Tele-sales,Aug Wk3 (Aug 17-21),50.0,0,2.5,Logistics,Infomerics,October 2026,1,MEDIUM,INC rating hits ULTRA HOT threshold on 2026-10-07 — first call window,Get ahead of the Oct/Nov renewal rush; start ACER process now before Infomerics backlog builds
Matrix Wind Energy Pvt. Ltd.,TIER 3 — Junior RM / Tele-sales,Aug Wk3 (Aug 17-21),50.0,0,5.0,Energy,CRISIL,October 2026,1,MEDIUM,INC rating hits ULTRA HOT threshold on 2026-11-26 — first call window,Get ahead of the Oct/Nov renewal rush; start ACER process now before CRISIL backlog builds
Moka Business Pvt. Ltd.,TIER 3 — Junior RM / Tele-sales,Aug Wk4 (Aug 24-31),50.0,0,3.0,Automobiles,CRISIL,October 2026,1,LOW,INC rating hits HOT threshold on 2026-10-27 — first call window,Get ahead of the Oct/Nov renewal rush; start ACER process now before CRISIL backlog builds
Pragnya South City Projects Pvt. Ltd.,TIER 3 — Junior RM / Tele-sales,Aug Wk4 (Aug 24-31),50.0,0,5.0,Construction,ACUITE,October 2026,1,LOW,INC rating hits HOT threshold on 2026-10-26 — first call window,Get ahead of the Oct/Nov renewal rush; start ACER process now before ACUITE backlog builds
S P G Multi Trade Pvt. Ltd.,TIER 3 — Junior RM / Tele-sales,Aug Wk4 (Aug 24-31),50.0,0,3.0,Other,ACUITE,Q2 2027,1,LOW (<90 days),"INC since Apr 2026 (83 days). MEDIUM by Oct 2026, HOT by Jan 2027, ULTRA HOT by Apr 2027.",Your Letter Of credit at ACUITE hits ULTRA HOT in Apr 2027. Start ACER process by Jan 2027 to be ahead of Q2 2027 renewal rush.
Saravana Stores Gold Palace Pvt. Ltd.,TIER 3 — Junior RM / Tele-sales,Aug Wk4 (Aug 24-31),50.0,0,5.0,Mining & Minerals,ACUITE,Q2 2027,1,LOW (<90 days),"INC since Apr 2026 (80 days). MEDIUM by Oct 2026, HOT by Jan 2027, ULTRA HOT by Apr 2027.",Your Term loans at ACUITE hits ULTRA HOT in Apr 2027. Start ACER process by Jan 2027 to be ahead of Q2 2027 renewal rush.
Sigma Metal & Power Pvt. Ltd.,TIER 3 — Junior RM / Tele-sales,Aug Wk4 (Aug 24-31),50.0,0,5.0,Steel & Metals,CARE,Q1 2027,1,LOW/MEDIUM,INC rating hits ULTRA HOT on 2027-03-30 — prime Q1 2027 renewal target,Your Term Loan at CARE goes critical in Mar 2027. Start ACER process in Sep 2026 — before the Q1 rush.
Sri Pathy Associates Pvt. Ltd.,TIER 3 — Junior RM / Tele-sales,Aug Wk4 (Aug 24-31),50.0,0,4.0,Other,CRISIL,October 2026,1,LOW,INC rating hits HOT threshold on 2026-11-24 — first call window,Get ahead of the Oct/Nov renewal rush; start ACER process now before CRISIL backlog builds
Ubitech Pvt. Ltd.,TIER 3 — Junior RM / Tele-sales,Aug Wk4 (Aug 24-31),50.0,0,4.0,IT/Technology,BRICKWORK,Q1 2027,1,LOW/MEDIUM,INC rating hits ULTRA HOT on 2027-03-11 — prime Q1 2027 renewal target,Your Bank Guarantee at BRICKWORK goes critical in Mar 2027. Start ACER process in Sep 2026 — before the Q1 rush.
Wave Distilleries & Breweries Ltd.,TIER 3 — Junior RM / Tele-sales,Aug Wk3 (Aug 17-21),50.0,0,5.0,Other,CRISIL,October 2026,1,MEDIUM,INC rating hits ULTRA HOT threshold on 2026-10-30 — first call window,Get ahead of the Oct/Nov renewal rush; start ACER process now before CRISIL backlog builds
Darshana Solvent Extraction Pvt. Ltd.,TIER 3 — Junior RM / Tele-sales,Aug Wk4 (Aug 24-31),49.93,0,5.0,Chemicals & Pharma,BRICKWORK,October 2026,1,LOW,INC rating hits HOT threshold on 2026-11-22 — first call window,Get ahead of the Oct/Nov renewal rush; start ACER process now before BRICKWORK backlog builds
Inditrade Fincorp Ltd.,TIER 3 — Junior RM / Tele-sales,Aug Wk3 (Aug 17-21),49.84,0,5.0,Trading/Exports,ACUITE,October 2026,1,MEDIUM,INC rating hits ULTRA HOT threshold on 2026-10-10 — first call window,Get ahead of the Oct/Nov renewal rush; start ACER process now before ACUITE backlog builds
Crescent Foundry Co. Pvt. Ltd.,TIER 3 — Junior RM / Tele-sales,Aug Wk3 (Aug 17-21),49.35,0,5.0,Steel & Metals,CRISIL,October 2026,1,MEDIUM,INC rating hits ULTRA HOT threshold on 2026-11-06 — first call window,Get ahead of the Oct/Nov renewal rush; start ACER process now before CRISIL backlog builds
Dondaicha Betawad Annuity Infrastructure Pvt. Ltd.,TIER 3 — Junior RM / Tele-sales,Aug Wk3 (Aug 17-21),49.0,0,5.0,Construction,CARE,October 2026,1,MEDIUM,INC rating hits ULTRA HOT threshold on 2026-11-11 — first call window,Get ahead of the Oct/Nov renewal rush; start ACER process now before CARE backlog builds
Nemcare Hospitals Pvt. Ltd.,TIER 3 — Junior RM / Tele-sales,Aug Wk4 (Aug 24-31),49.0,0,5.0,Healthcare,IND-RA,Q2 2027,1,LOW (<90 days),"INC since Apr 2026 (87 days). MEDIUM by Oct 2026, HOT by Jan 2027, ULTRA HOT by Apr 2027.",Your Term loans at IND-RA hits ULTRA HOT in Apr 2027. Start ACER process by Jan 2027 to be ahead of Q2 2027 renewal rush.
Voltech Manufacturing Co. Pvt. Ltd.,TIER 3 — Junior RM / Tele-sales,Aug Wk4 (Aug 24-31),49.0,0,3.0,Manufacturing,BRICKWORK,October 2026,1,LOW,INC rating hits HOT threshold on 2026-11-30 — first call window,Get ahead of the Oct/Nov renewal rush; start ACER process now before BRICKWORK backlog builds
Prolific Papers Private Limited,TIER 3 — Junior RM / Tele-sales,Aug Wk3 (Aug 17-21),48.97,0,5.0,Paper/Packaging,Infomerics,October 2026,1,MEDIUM,INC rating hits ULTRA HOT threshold on 2026-10-07 — first call window,Get ahead of the Oct/Nov renewal rush; start ACER process now before Infomerics backlog builds
K B S Industries Ltd.,TIER 3 — Junior RM / Tele-sales,Aug Wk3 (Aug 17-21),48.5,0,3.0,Manufacturing,ACUITE,October 2026,1,MEDIUM,INC rating hits ULTRA HOT threshold on 2026-10-06 — first call window,Get ahead of the Oct/Nov renewal rush; start ACER process now before ACUITE backlog builds
Silvertech Cotspin Private Limited,TIER 3 — Junior RM / Tele-sales,Aug Wk4 (Aug 24-31),48.47,0,3.0,IT/Technology,Infomerics,Q1 2027,1,LOW/MEDIUM,INC rating hits ULTRA HOT on 2027-01-01 — exclusive Q1 2027 whitespace lead,Your Infomerics INC rating goes critical in Jan 2027. ACER is your best alternative — no competitor has approached you.
Aastha Infracity Ltd.,TIER 3 — Junior RM / Tele-sales,Aug Wk4 (Aug 24-31),48.0,0,5.0,Construction,ICRA,October 2026,1,LOW,INC rating hits HOT threshold on 2026-11-30 — first call window,Get ahead of the Oct/Nov renewal rush; start ACER process now before ICRA backlog builds
Future Automobile Agency Pvt. Ltd.,TIER 3 — Junior RM / Tele-sales,Aug Wk3 (Aug 17-21),48.0,0,5.0,Automobiles,CRISIL,October 2026,1,MEDIUM,INC rating hits ULTRA HOT threshold on 2026-11-21 — first call window,Get ahead of the Oct/Nov renewal rush; start ACER process now before CRISIL backlog builds
Karbonsteel Engineering Limited,TIER 3 — Junior RM / Tele-sales,Aug Wk3 (Aug 17-21),48.0,0,2.5,Steel & Metals,Infomerics,October 2026,1,MEDIUM,INC rating hits ULTRA HOT threshold on 2026-11-14 — first call window,Get ahead of the Oct/Nov renewal rush; start ACER process now before Infomerics backlog builds
G Surgiwear Ltd.,TIER 3 — Junior RM / Tele-sales,Aug Wk4 (Aug 24-31),47.94,0,5.0,Other,BRICKWORK,Q1 2027,1,LOW/MEDIUM,INC rating hits ULTRA HOT on 2027-03-24 — prime Q1 2027 renewal target,Your Term Loan at BRICKWORK goes critical in Mar 2027. Start ACER process in Sep 2026 — before the Q1 rush.
Ganpati Infrastructure Devp. Co. Ltd.,TIER 3 — Junior RM / Tele-sales,Aug Wk4 (Aug 24-31),47.75,0,5.0,Construction,IND-RA,October 2026,1,LOW,INC rating hits HOT threshold on 2026-10-04 — first call window,Get ahead of the Oct/Nov renewal rush; start ACER process now before IND-RA backlog builds
D K Infrastructure Pvt. Ltd.,TIER 3 — Junior RM / Tele-sales,Aug Wk3 (Aug 17-21),47.0,0,4.0,Construction,CRISIL,October 2026,1,MEDIUM,INC rating hits ULTRA HOT threshold on 2026-11-14 — first call window,Get ahead of the Oct/Nov renewal rush; start ACER process now before CRISIL backlog builds
Navagiri Spinning Mills Pvt. Ltd.,TIER 3 — Junior RM / Tele-sales,Aug Wk4 (Aug 24-31),47.0,0,5.0,Textiles,IND-RA,October 2026,1,LOW,INC rating hits HOT threshold on 2026-11-24 — first call window,Get ahead of the Oct/Nov renewal rush; start ACER process now before IND-RA backlog builds
Prerana Motors Pvt. Ltd.,TIER 3 — Junior RM / Tele-sales,Aug Wk3 (Aug 17-21),47.0,0,5.0,Automobiles,ACUITE,October 2026,1,MEDIUM,INC rating hits ULTRA HOT threshold on 2026-10-28 — first call window,Get ahead of the Oct/Nov renewal rush; start ACER process now before ACUITE backlog builds
Tejpal Motors Pvt. Ltd.,TIER 3 — Junior RM / Tele-sales,Aug Wk4 (Aug 24-31),47.0,0,5.0,Automobiles,CRISIL,Q1 2027,1,LOW/MEDIUM,INC rating hits ULTRA HOT on 2027-03-30 — prime Q1 2027 renewal target,Your Fund-Based at CRISIL goes critical in Mar 2027. Start ACER process in Sep 2026 — before the Q1 rush.
Vimla Fuels & Metals Ltd.,TIER 3 — Junior RM / Tele-sales,Aug Wk4 (Aug 24-31),46.75,0,3.0,Steel & Metals,ACUITE,Q2 2027,1,LOW (<90 days),"INC since Apr 2026 (72 days). MEDIUM by Oct 2026, HOT by Jan 2027, ULTRA HOT by Apr 2027.",Your Letter Of credit at ACUITE hits ULTRA HOT in Apr 2027. Start ACER process by Jan 2027 to be ahead of Q2 2027 renewal rush.
A C Roy Shipbuilders Pvt. Ltd.,TIER 3 — Junior RM / Tele-sales,Aug Wk3 (Aug 17-21),46.5,0,4.0,Construction,CRISIL,October 2026,1,MEDIUM,INC rating hits ULTRA HOT threshold on 2026-10-14 — first call window,Get ahead of the Oct/Nov renewal rush; start ACER process now before CRISIL backlog builds
Adinath Cars Private Limited,TIER 3 — Junior RM / Tele-sales,Aug Wk3 (Aug 17-21),46.5,0,2.5,Automobiles,Infomerics,October 2026,1,MEDIUM,INC rating hits ULTRA HOT threshold on 2026-10-22 — first call window,Get ahead of the Oct/Nov renewal rush; start ACER process now before Infomerics backlog builds
K C V R Infra Projects Pvt. Ltd.,TIER 3 — Junior RM / Tele-sales,Aug Wk4 (Aug 24-31),46.0,0,4.0,Construction,ACUITE,October 2026,1,LOW,INC rating hits HOT threshold on 2026-10-30 — first call window,Get ahead of the Oct/Nov renewal rush; start ACER process now before ACUITE backlog builds
Konark Gujarat P V Pvt. Ltd.,TIER 3 — Junior RM / Tele-sales,Aug Wk3 (Aug 17-21),46.0,0,5.0,Other,CRISIL,October 2026,1,MEDIUM,INC rating hits ULTRA HOT threshold on 2026-11-20 — first call window,Get ahead of the Oct/Nov renewal rush; start ACER process now before CRISIL backlog builds
Shreevari Energy Systems Pvt. Ltd.,TIER 3 — Junior RM / Tele-sales,Aug Wk3 (Aug 17-21),45.5,0,5.0,Energy,IND-RA,October 2026,1,MEDIUM,INC rating hits ULTRA HOT threshold on 2026-10-17 — first call window,Get ahead of the Oct/Nov renewal rush; start ACER process now before IND-RA backlog builds
Neptune Ispat Private Limited,TIER 3 — Junior RM / Tele-sales,Aug Wk3 (Aug 17-21),45.37,0,5.0,Other,Infomerics,October 2026,1,MEDIUM,INC rating hits ULTRA HOT threshold on 2026-11-26 — first call window,Get ahead of the Oct/Nov renewal rush; start ACER process now before Infomerics backlog builds
Cumbum Valley Winery Pvt. Ltd.,TIER 3 — Junior RM / Tele-sales,Aug Wk3 (Aug 17-21),45.3,0,5.0,Other,IND-RA,October 2026,1,MEDIUM,INC rating hits ULTRA HOT threshold on 2026-10-17 — first call window,Get ahead of the Oct/Nov renewal rush; start ACER process now before IND-RA backlog builds
Odi-Ray Industries Ltd.,TIER 3 — Junior RM / Tele-sales,Aug Wk3 (Aug 17-21),45.04,0,5.0,Manufacturing,CRISIL,October 2026,1,MEDIUM,INC rating hits ULTRA HOT threshold on 2026-11-13 — first call window,Get ahead of the Oct/Nov renewal rush; start ACER process now before CRISIL backlog builds
A S Wood Impex Pvt. Ltd.,TIER 3 — Junior RM / Tele-sales,Aug Wk4 (Aug 24-31),45.0,0,3.0,Other,CARE,October 2026,1,LOW,INC rating hits HOT threshold on 2026-11-06 — first call window,Get ahead of the Oct/Nov renewal rush; start ACER process now before CARE backlog builds
Bulland Buildtech Pvt. Ltd.,TIER 3 — Junior RM / Tele-sales,Aug Wk4 (Aug 24-31),45.0,0,5.0,Construction,CARE,Q2 2027,1,LOW (<90 days),"INC since Apr 2026 (61 days). MEDIUM by Oct 2026, HOT by Jan 2027, ULTRA HOT by Apr 2027.",Your Fund based financial facility/instrument at CARE hits ULTRA HOT in Apr 2027. Start ACER process by Jan 2027 to be ahead of Q2 2027 renewal rush.
M J R Builders Pvt. Ltd.,TIER 3 — Junior RM / Tele-sales,Aug Wk4 (Aug 24-31),45.0,0,5.0,Construction,CRISIL,October 2026,1,LOW,INC rating hits HOT threshold on 2026-11-23 — first call window,Get ahead of the Oct/Nov renewal rush; start ACER process now before CRISIL backlog builds
Millennium Automation Systems Ltd.,TIER 3 — Junior RM / Tele-sales,Aug Wk4 (Aug 24-31),45.0,0,5.0,Automobiles,CRISIL,October 2026,1,LOW,INC rating hits HOT threshold on 2026-11-23 — first call window,Get ahead of the Oct/Nov renewal rush; start ACER process now before CRISIL backlog builds
Pratham Heera Sales Private Limited,TIER 3 — Junior RM / Tele-sales,Aug Wk4 (Aug 24-31),45.0,0,5.0,Other,Infomerics,Q1 2027,1,LOW/MEDIUM,INC rating hits ULTRA HOT on 2027-01-29 — exclusive Q1 2027 whitespace lead,Your Infomerics INC rating goes critical in Jan 2027. ACER is your best alternative — no competitor has approached you.
Redco Hotels Pvt. Ltd.,TIER 3 — Junior RM / Tele-sales,Aug Wk3 (Aug 17-21),45.0,0,5.0,Hotels & Tourism,CRISIL,October 2026,1,MEDIUM,INC rating hits ULTRA HOT threshold on 2026-10-20 — first call window,Get ahead of the Oct/Nov renewal rush; start ACER process now before CRISIL backlog builds
Santlal Industries Ltd.,TIER 3 — Junior RM / Tele-sales,Aug Wk4 (Aug 24-31),45.0,0,5.0,Other,ACUITE,Q1 2027,1,LOW/MEDIUM,INC rating hits ULTRA HOT on 2027-03-27 — prime Q1 2027 renewal target,Your Term Loan at ACUITE goes critical in Mar 2027. Start ACER process in Sep 2026 — before the Q1 rush.
V U B Engiineering Ltd.,TIER 3 — Junior RM / Tele-sales,Aug Wk4 (Aug 24-31),45.0,0,4.0,Other,BRICKWORK,Q1 2027,1,LOW/MEDIUM,INC rating hits ULTRA HOT on 2027-03-24 — prime Q1 2027 renewal target,Your Bank Guarantee at BRICKWORK goes critical in Mar 2027. Start ACER process in Sep 2026 — before the Q1 rush.
Neva Garments Ltd.,TIER 3 — Junior RM / Tele-sales,Aug Wk3 (Aug 17-21),44.96,0,5.0,Textiles,BRICKWORK,October 2026,1,MEDIUM,INC rating hits ULTRA HOT threshold on 2026-11-12 — first call window,Get ahead of the Oct/Nov renewal rush; start ACER process now before BRICKWORK backlog builds
Kute Sons Fresh Dairy Private Limited,TIER 3 — Junior RM / Tele-sales,Aug Wk4 (Aug 24-31),44.9,0,5.0,Agro & Food,Infomerics,Q1 2027,1,LOW/MEDIUM,INC rating hits ULTRA HOT on 2027-01-12 — exclusive Q1 2027 whitespace lead,Your Infomerics INC rating goes critical in Jan 2027. ACER is your best alternative — no competitor has approached you.
Adwaith Textiles Pvt. Ltd.,TIER 3 — Junior RM / Tele-sales,Aug Wk4 (Aug 24-31),44.6,0,5.0,Construction,IND-RA,October 2026,1,LOW,INC rating hits HOT threshold on 2026-10-06 — first call window,Get ahead of the Oct/Nov renewal rush; start ACER process now before IND-RA backlog builds
Viraaj Projects (India) Pvt. Ltd.,TIER 3 — Junior RM / Tele-sales,Aug Wk3 (Aug 17-21),44.6,0,5.0,Construction,CRISIL,October 2026,1,MEDIUM,INC rating hits ULTRA HOT threshold on 2026-10-17 — first call window,Get ahead of the Oct/Nov renewal rush; start ACER process now before CRISIL backlog builds
Yentop Manickavel Sons Edible Oils Pvt. Ltd.,TIER 3 — Junior RM / Tele-sales,Aug Wk3 (Aug 17-21),44.0,0,3.0,Agro & Food,CARE,October 2026,1,MEDIUM,INC rating hits ULTRA HOT threshold on 2026-11-20 — first call window,Get ahead of the Oct/Nov renewal rush; start ACER process now before CARE backlog builds
Batliboi Ltd.,TIER 3 — Junior RM / Tele-sales,Aug Wk4 (Aug 24-31),43.9,0,3.0,Other,CRISIL,October 2026,1,LOW,INC rating hits HOT threshold on 2026-11-24 — first call window,Get ahead of the Oct/Nov renewal rush; start ACER process now before CRISIL backlog builds
Apollo Polyvinyl Pvt. Ltd.,TIER 3 — Junior RM / Tele-sales,Aug Wk4 (Aug 24-31),43.88,0,5.0,Other,CARE,Q2 2027,1,LOW (<90 days),"INC since Apr 2026 (76 days). MEDIUM by Oct 2026, HOT by Jan 2027, ULTRA HOT by Apr 2027.",Your Term loans at CARE hits ULTRA HOT in Apr 2027. Start ACER process by Jan 2027 to be ahead of Q2 2027 renewal rush.
Jammu Pigments Ltd.,TIER 3 — Junior RM / Tele-sales,Aug Wk4 (Aug 24-31),43.79,0,5.0,Chemicals & Pharma,BRICKWORK,October 2026,1,LOW,INC rating hits HOT threshold on 2026-11-27 — first call window,Get ahead of the Oct/Nov renewal rush; start ACER process now before BRICKWORK backlog builds
U P Money Ltd.,TIER 3 — Junior RM / Tele-sales,Aug Wk4 (Aug 24-31),43.25,0,5.0,Other,ACUITE,Q1 2027,1,LOW/MEDIUM,INC rating hits ULTRA HOT on 2027-03-18 — prime Q1 2027 renewal target,Your Term Loan at ACUITE goes critical in Mar 2027. Start ACER process in Sep 2026 — before the Q1 rush.
L M J Services Ltd.,TIER 3 — Junior RM / Tele-sales,Aug Wk4 (Aug 24-31),43.19,0,5.0,Other,CRISIL,October 2026,1,LOW,INC rating hits HOT threshold on 2026-10-18 — first call window,Get ahead of the Oct/Nov renewal rush; start ACER process now before CRISIL backlog builds
M P Agarwala Pvt. Ltd.,TIER 3 — Junior RM / Tele-sales,Aug Wk4 (Aug 24-31),43.0,0,4.0,Other,CARE,Q1 2027,1,LOW/MEDIUM,INC rating hits ULTRA HOT on 2027-03-27 — prime Q1 2027 renewal target,Your Bank Guarantee at CARE goes critical in Mar 2027. Start ACER process in Sep 2026 — before the Q1 rush.
Secunderabad Hotels Pvt. Ltd.,TIER 3 — Junior RM / Tele-sales,Aug Wk3 (Aug 17-21),43.0,0,5.0,Hotels & Tourism,CRISIL,October 2026,1,MEDIUM,INC rating hits ULTRA HOT threshold on 2026-11-12 — first call window,Get ahead of the Oct/Nov renewal rush; start ACER process now before CRISIL backlog builds
Shushrusha Citizens' Co-Op. Hospital Ltd.,TIER 3 — Junior RM / Tele-sales,Aug Wk4 (Aug 24-31),43.0,0,5.0,Healthcare,CRISIL,October 2026,1,LOW,INC rating hits HOT threshold on 2026-10-28 — first call window,Get ahead of the Oct/Nov renewal rush; start ACER process now before CRISIL backlog builds
Nikita Papers Ltd.,TIER 3 — Junior RM / Tele-sales,Aug Wk3 (Aug 17-21),42.75,0,5.0,Paper/Packaging,CRISIL,October 2026,1,MEDIUM,INC rating hits ULTRA HOT threshold on 2026-11-24 — first call window,Get ahead of the Oct/Nov renewal rush; start ACER process now before CRISIL backlog builds
Chanakya Bakery Products Pvt. Ltd.,TIER 3 — Junior RM / Tele-sales,Aug Wk4 (Aug 24-31),42.73,0,5.0,Manufacturing,BRICKWORK,October 2026,1,LOW,INC rating hits HOT threshold on 2026-11-30 — first call window,Get ahead of the Oct/Nov renewal rush; start ACER process now before BRICKWORK backlog builds
Accord Vitrified Pvt. Ltd.,TIER 3 — Junior RM / Tele-sales,Aug Wk3 (Aug 17-21),42.6,0,5.0,Other,CRISIL,October 2026,1,MEDIUM,INC rating hits ULTRA HOT threshold on 2026-10-06 — first call window,Get ahead of the Oct/Nov renewal rush; start ACER process now before CRISIL backlog builds
Kafila Hospitality & Travels Pvt. Ltd.,TIER 3 — Junior RM / Tele-sales,Aug Wk3 (Aug 17-21),42.5,0,5.0,Healthcare,IND-RA,October 2026,1,MEDIUM,INC rating hits ULTRA HOT threshold on 2026-11-24 — first call window,Get ahead of the Oct/Nov renewal rush; start ACER process now before IND-RA backlog builds
Vantage Spinners Pvt. Ltd.,TIER 3 — Junior RM / Tele-sales,Aug Wk4 (Aug 24-31),42.25,0,5.0,Other,CARE,Q2 2027,1,LOW (<90 days),"INC since Apr 2026 (79 days). MEDIUM by Oct 2026, HOT by Jan 2027, ULTRA HOT by Apr 2027.",Your Term loans at CARE hits ULTRA HOT in Apr 2027. Start ACER process by Jan 2027 to be ahead of Q2 2027 renewal rush.
Melzer Chemicals Private Limited,TIER 3 — Junior RM / Tele-sales,Aug Wk4 (Aug 24-31),42.04,0,5.0,Chemicals & Pharma,Infomerics,Q1 2027,1,LOW/MEDIUM,INC rating hits ULTRA HOT on 2027-01-02 — exclusive Q1 2027 whitespace lead,Your Infomerics INC rating goes critical in Jan 2027. ACER is your best alternative — no competitor has approached you.
Apollo Vikas Steels Pvt. Ltd.,TIER 3 — Junior RM / Tele-sales,Aug Wk3 (Aug 17-21),42.0,0,3.0,Steel & Metals,BRICKWORK,October 2026,1,MEDIUM,INC rating hits ULTRA HOT threshold on 2026-10-15 — first call window,Get ahead of the Oct/Nov renewal rush; start ACER process now before BRICKWORK backlog builds
Kamala Ginning and Oil Industries Private Limited,TIER 3 — Junior RM / Tele-sales,Aug Wk3 (Aug 17-21),42.0,0,5.0,Energy,Infomerics,October 2026,1,MEDIUM,INC rating hits ULTRA HOT threshold on 2026-11-14 — first call window,Get ahead of the Oct/Nov renewal rush; start ACER process now before Infomerics backlog builds
Online Instruments (India) Pvt. Ltd.,TIER 3 — Junior RM / Tele-sales,Aug Wk3 (Aug 17-21),42.0,0,5.0,Other,CRISIL,October 2026,1,MEDIUM,INC rating hits ULTRA HOT threshold on 2026-10-20 — first call window,Get ahead of the Oct/Nov renewal rush; start ACER process now before CRISIL backlog builds
Amber Spintex Pvt. Ltd.,TIER 3 — Junior RM / Tele-sales,Aug Wk4 (Aug 24-31),41.75,0,5.0,Other,CRISIL,October 2026,1,LOW,INC rating hits HOT threshold on 2026-10-20 — first call window,Get ahead of the Oct/Nov renewal rush; start ACER process now before CRISIL backlog builds
Madhav Tex Spin Pvt. Ltd.,TIER 3 — Junior RM / Tele-sales,Aug Wk4 (Aug 24-31),41.7,0,5.0,Other,BRICKWORK,Q1 2027,1,LOW/MEDIUM,INC rating hits ULTRA HOT on 2027-03-17 — prime Q1 2027 renewal target,Your Term Loan at BRICKWORK goes critical in Mar 2027. Start ACER process in Sep 2026 — before the Q1 rush.
Itaan Pharma Pvt. Ltd.,TIER 3 — Junior RM / Tele-sales,Aug Wk4 (Aug 24-31),41.54,0,5.0,Chemicals & Pharma,IND-RA,Q1 2027,1,LOW/MEDIUM,INC rating hits ULTRA HOT on 2027-03-20 — prime Q1 2027 renewal target,Your Term Loan at IND-RA goes critical in Mar 2027. Start ACER process in Sep 2026 — before the Q1 rush.
K & R Rail Engg. Ltd.,TIER 3 — Junior RM / Tele-sales,Aug Wk3 (Aug 17-21),41.5,0,4.0,Infrastructure,CRISIL,October 2026,1,MEDIUM,INC rating hits ULTRA HOT threshold on 2026-10-31 — first call window,Get ahead of the Oct/Nov renewal rush; start ACER process now before CRISIL backlog builds
Durairaj Mills Ltd.,TIER 3 — Junior RM / Tele-sales,Aug Wk4 (Aug 24-31),41.44,0,5.0,Other,ACUITE,Q2 2027,1,LOW (<90 days),"INC since Apr 2026 (79 days). MEDIUM by Oct 2026, HOT by Jan 2027, ULTRA HOT by Apr 2027.",Your Term loans at ACUITE hits ULTRA HOT in Apr 2027. Start ACER process by Jan 2027 to be ahead of Q2 2027 renewal rush.
Elixir Enterprises & Hotels Pvt. Ltd.,TIER 3 — Junior RM / Tele-sales,Aug Wk3 (Aug 17-21),41.25,0,5.0,Hotels & Tourism,BRICKWORK,October 2026,1,MEDIUM,INC rating hits ULTRA HOT threshold on 2026-10-30 — first call window,Get ahead of the Oct/Nov renewal rush; start ACER process now before BRICKWORK backlog builds
Cruso Granito Pvt. Ltd.,TIER 3 — Junior RM / Tele-sales,Aug Wk4 (Aug 24-31),41.11,0,5.0,Other,CARE,Q1 2027,1,LOW/MEDIUM,INC rating hits ULTRA HOT on 2027-03-13 — prime Q1 2027 renewal target,Your Term Loan at CARE goes critical in Mar 2027. Start ACER process in Sep 2026 — before the Q1 rush.
Jay Bee Laminations Ltd.,TIER 3 — Junior RM / Tele-sales,Aug Wk3 (Aug 17-21),41.0,0,3.0,Other,BRICKWORK,October 2026,1,MEDIUM,INC rating hits ULTRA HOT threshold on 2026-11-11 — first call window,Get ahead of the Oct/Nov renewal rush; start ACER process now before BRICKWORK backlog builds
Namdhari Seeds Pvt. Ltd.,TIER 3 — Junior RM / Tele-sales,Aug Wk4 (Aug 24-31),41.0,0,5.0,Agro & Food,CRISIL,Q1 2027,1,LOW/MEDIUM,INC rating hits ULTRA HOT on 2027-03-27 — prime Q1 2027 renewal target,Your Term Loan at CRISIL goes critical in Mar 2027. Start ACER process in Sep 2026 — before the Q1 rush.
Patel Motors (Indore) Pvt. Ltd.,TIER 3 — Junior RM / Tele-sales,Aug Wk4 (Aug 24-31),41.0,0,5.0,Automobiles,CRISIL,October 2026,1,LOW,INC rating hits HOT threshold on 2026-11-23 — first call window,Get ahead of the Oct/Nov renewal rush; start ACER process now before CRISIL backlog builds
B Patel Infrastructure Pvt. Ltd.,TIER 3 — Junior RM / Tele-sales,Aug Wk3 (Aug 17-21),40.81,0,4.0,Construction,CRISIL,October 2026,1,MEDIUM,INC rating hits ULTRA HOT threshold on 2026-10-09 — first call window,Get ahead of the Oct/Nov renewal rush; start ACER process now before CRISIL backlog builds
Rameshwar Transport Co Pvt. Ltd.,TIER 3 — Junior RM / Tele-sales,Aug Wk3 (Aug 17-21),40.68,0,5.0,Logistics,ACUITE,October 2026,1,MEDIUM,INC rating hits ULTRA HOT threshold on 2026-10-29 — first call window,Get ahead of the Oct/Nov renewal rush; start ACER process now before ACUITE backlog builds
Rohan Motors Ltd.,TIER 3 — Junior RM / Tele-sales,Aug Wk4 (Aug 24-31),40.5,0,5.0,Automobiles,CRISIL,October 2026,1,LOW,INC rating hits HOT threshold on 2026-10-05 — first call window,Get ahead of the Oct/Nov renewal rush; start ACER process now before CRISIL backlog builds
Saket Engineers Pvt. Ltd.,TIER 3 — Junior RM / Tele-sales,Aug Wk3 (Aug 17-21),40.5,0,5.0,Manufacturing,CRISIL,October 2026,1,MEDIUM,INC rating hits ULTRA HOT threshold on 2026-10-13 — first call window,Get ahead of the Oct/Nov renewal rush; start ACER process now before CRISIL backlog builds
F T Textiles Pvt. Ltd.,TIER 3 — Junior RM / Tele-sales,Aug Wk4 (Aug 24-31),40.48,0,5.0,Textiles,BRICKWORK,Q1 2027,1,LOW/MEDIUM,INC rating hits ULTRA HOT on 2027-03-13 — prime Q1 2027 renewal target,Your Term Loan at BRICKWORK goes critical in Mar 2027. Start ACER process in Sep 2026 — before the Q1 rush.
Babu Banarasi Das Educational Society,TIER 3 — Junior RM / Tele-sales,Aug Wk3 (Aug 17-21),40.42,0,3.0,Education,Infomerics,October 2026,1,MEDIUM,INC rating hits ULTRA HOT threshold on 2026-11-24 — first call window,Get ahead of the Oct/Nov renewal rush; start ACER process now before Infomerics backlog builds
Paramount Minerals & Chemicals Ltd.,TIER 3 — Junior RM / Tele-sales,Aug Wk4 (Aug 24-31),40.22,0,3.0,Chemicals & Pharma,CRISIL,Q2 2027,1,LOW (<90 days),"INC since Apr 2026 (79 days). MEDIUM by Oct 2026, HOT by Jan 2027, ULTRA HOT by Apr 2027.",Your Letter Of credit at CRISIL hits ULTRA HOT in Apr 2027. Start ACER process by Jan 2027 to be ahead of Q2 2027 renewal rush.
Athena Cars & Tours Pvt. Ltd.,TIER 3 — Junior RM / Tele-sales,Aug Wk4 (Aug 24-31),40.0,0,5.0,Other,CRISIL,Q1 2027,1,LOW/MEDIUM,INC rating hits ULTRA HOT on 2027-03-11 — prime Q1 2027 renewal target,Your Term Loan at CRISIL goes critical in Mar 2027. Start ACER process in Sep 2026 — before the Q1 rush.
Ecofil Technologies India Pvt. Ltd.,TIER 3 — Junior RM / Tele-sales,Aug Wk4 (Aug 24-31),40.0,0,4.0,IT/Technology,BRICKWORK,Q1 2027,1,LOW/MEDIUM,INC rating hits ULTRA HOT on 2027-03-17 — prime Q1 2027 renewal target,Your Bank Guarantee at BRICKWORK goes critical in Mar 2027. Start ACER process in Sep 2026 — before the Q1 rush.
Euro Pratik Ispat (India) Pvt. Ltd.,TIER 3 — Junior RM / Tele-sales,Aug Wk3 (Aug 17-21),40.0,0,3.0,Other,ACUITE,October 2026,1,MEDIUM,INC rating hits ULTRA HOT threshold on 2026-10-22 — first call window,Get ahead of the Oct/Nov renewal rush; start ACER process now before ACUITE backlog builds
Geo Foundations & Structures Pvt. Ltd.,TIER 3 — Junior RM / Tele-sales,Aug Wk3 (Aug 17-21),40.0,0,4.0,Other,BRICKWORK,October 2026,1,MEDIUM,INC rating hits ULTRA HOT threshold on 2026-10-09 — first call window,Get ahead of the Oct/Nov renewal rush; start ACER process now before BRICKWORK backlog builds
Global Ores & Alloys Industries Private Limited,TIER 3 — Junior RM / Tele-sales,Aug Wk3 (Aug 17-21),40.0,0,2.5,Steel & Metals,Infomerics,October 2026,1,MEDIUM,INC rating hits ULTRA HOT threshold on 2026-11-07 — first call window,Get ahead of the Oct/Nov renewal rush; start ACER process now before Infomerics backlog builds
Global Vectra Helicorp Ltd.,TIER 3 — Junior RM / Tele-sales,Aug Wk3 (Aug 17-21),40.0,0,4.0,Other,BRICKWORK,October 2026,1,MEDIUM,INC rating hits ULTRA HOT threshold on 2026-11-18 — first call window,Get ahead of the Oct/Nov renewal rush; start ACER process now before BRICKWORK backlog builds
Heera Ind Trading Private Limited,TIER 3 — Junior RM / Tele-sales,Aug Wk4 (Aug 24-31),40.0,0,5.0,Other,Infomerics,Q1 2027,1,LOW/MEDIUM,INC rating hits ULTRA HOT on 2027-01-29 — exclusive Q1 2027 whitespace lead,Your Infomerics INC rating goes critical in Jan 2027. ACER is your best alternative — no competitor has approached you.
Kedia Texfab & Inds. Pvt. Ltd.,TIER 3 — Junior RM / Tele-sales,Aug Wk4 (Aug 24-31),40.0,0,3.0,Other,ACUITE,October 2026,1,LOW,INC rating hits HOT threshold on 2026-11-27 — first call window,Get ahead of the Oct/Nov renewal rush; start ACER process now before ACUITE backlog builds
Kruti Power Projects Pvt. Ltd.,TIER 3 — Junior RM / Tele-sales,Aug Wk3 (Aug 17-21),40.0,0,4.0,Energy,CRISIL,October 2026,1,MEDIUM,INC rating hits ULTRA HOT threshold on 2026-11-11 — first call window,Get ahead of the Oct/Nov renewal rush; start ACER process now before CRISIL backlog builds
N C C Urban Infrastructure Ltd.,TIER 3 — Junior RM / Tele-sales,Aug Wk4 (Aug 24-31),40.0,0,5.0,Construction,CRISIL,October 2026,1,LOW,INC rating hits HOT threshold on 2026-10-16 — first call window,Get ahead of the Oct/Nov renewal rush; start ACER process now before CRISIL backlog builds
Shri Krishna Spinning Mills (India) Pvt. Ltd.,TIER 3 — Junior RM / Tele-sales,Aug Wk3 (Aug 17-21),40.0,0,5.0,Textiles,CRISIL,October 2026,1,MEDIUM,INC rating hits ULTRA HOT threshold on 2026-11-12 — first call window,Get ahead of the Oct/Nov renewal rush; start ACER process now before CRISIL backlog builds
Voora Property Developers Pvt. Ltd.,TIER 3 — Junior RM / Tele-sales,Aug Wk4 (Aug 24-31),40.0,0,5.0,Construction,ACUITE,October 2026,1,LOW,INC rating hits HOT threshold on 2026-11-01 — first call window,Get ahead of the Oct/Nov renewal rush; start ACER process now before ACUITE backlog builds
Yashodhara Super-Speciality Hospital Pvt. Ltd.,TIER 3 — Junior RM / Tele-sales,Aug Wk4 (Aug 24-31),40.0,0,5.0,Healthcare,ICRA,October 2026,1,LOW,INC rating hits HOT threshold on 2026-11-13 — first call window,Get ahead of the Oct/Nov renewal rush; start ACER process now before ICRA backlog builds
Shreeji Ginning and Pressing Factory,TIER 3 — Junior RM / Tele-sales,Aug Wk3 (Aug 17-21),39.79,0,5.0,Hotels & Tourism,Infomerics,October 2026,1,MEDIUM,INC rating hits ULTRA HOT threshold on 2026-10-28 — first call window,Get ahead of the Oct/Nov renewal rush; start ACER process now before Infomerics backlog builds
Eagle Steels Rolling Mills Private Limited,TIER 3 — Junior RM / Tele-sales,Aug Wk4 (Aug 24-31),39.5,0,5.0,Steel & Metals,Infomerics,Q1 2027,1,LOW/MEDIUM,INC rating hits ULTRA HOT on 2027-01-28 — exclusive Q1 2027 whitespace lead,Your Infomerics INC rating goes critical in Jan 2027. ACER is your best alternative — no competitor has approached you.
Fratelli Wines Pvt. Ltd.,TIER 3 — Junior RM / Tele-sales,Aug Wk4 (Aug 24-31),39.5,0,5.0,Other,ACUITE,Q1 2027,1,LOW/MEDIUM,INC rating hits ULTRA HOT on 2027-03-27 — prime Q1 2027 renewal target,Your Term Loan at ACUITE goes critical in Mar 2027. Start ACER process in Sep 2026 — before the Q1 rush.
Sri Vasave Kanyaka Parameshwari Rice Mills Private Limited,TIER 3 — Junior RM / Tele-sales,Aug Wk3 (Aug 17-21),39.5,0,5.0,Agro & Food,Infomerics,October 2026,1,MEDIUM,INC rating hits ULTRA HOT threshold on 2026-11-06 — first call window,Get ahead of the Oct/Nov renewal rush; start ACER process now before Infomerics backlog builds
Garg Heart & Multispeciality Hospital Pvt. Ltd.,TIER 3 — Junior RM / Tele-sales,Aug Wk4 (Aug 24-31),39.36,0,5.0,Healthcare,BRICKWORK,October 2026,1,LOW,INC rating hits HOT threshold on 2026-11-20 — first call window,Get ahead of the Oct/Nov renewal rush; start ACER process now before BRICKWORK backlog builds
K A S Industries India Ltd.,TIER 3 — Junior RM / Tele-sales,Aug Wk4 (Aug 24-31),39.26,0,5.0,Manufacturing,CARE,October 2026,1,LOW,INC rating hits HOT threshold on 2026-10-31 — first call window,Get ahead of the Oct/Nov renewal rush; start ACER process now before CARE backlog builds
Reliable Automotive Pvt. Ltd.,TIER 3 — Junior RM / Tele-sales,Aug Wk4 (Aug 24-31),39.0,0,5.0,Manufacturing,CRISIL,Q1 2027,1,LOW/MEDIUM,INC rating hits ULTRA HOT on 2027-03-20 — prime Q1 2027 renewal target,Your Fund-Based at CRISIL goes critical in Mar 2027. Start ACER process in Sep 2026 — before the Q1 rush.
Shanker International Pvt. Ltd.,TIER 3 — Junior RM / Tele-sales,Aug Wk4 (Aug 24-31),39.0,0,3.0,Other,ACUITE,October 2026,1,LOW,INC rating hits HOT threshold on 2026-10-20 — first call window,Get ahead of the Oct/Nov renewal rush; start ACER process now before ACUITE backlog builds
Suvidhi Rayons Pvt. Ltd.,TIER 3 — Junior RM / Tele-sales,Aug Wk4 (Aug 24-31),39.0,0,5.0,Other,CRISIL,October 2026,1,LOW,INC rating hits HOT threshold on 2026-11-10 — first call window,Get ahead of the Oct/Nov renewal rush; start ACER process now before CRISIL backlog builds
N G Feeds Pvt. Ltd.,TIER 3 — Junior RM / Tele-sales,Aug Wk4 (Aug 24-31),38.65,0,5.0,Other,BRICKWORK,Q1 2027,1,LOW/MEDIUM,INC rating hits ULTRA HOT on 2027-03-24 — prime Q1 2027 renewal target,Your Term Loan at BRICKWORK goes critical in Mar 2027. Start ACER process in Sep 2026 — before the Q1 rush.
Royal Orchid Hotels Ltd.,TIER 3 — Junior RM / Tele-sales,Aug Wk3 (Aug 17-21),38.48,0,5.0,Hotels & Tourism,CARE,October 2026,1,MEDIUM,INC rating hits ULTRA HOT threshold on 2026-10-01 — first call window,Get ahead of the Oct/Nov renewal rush; start ACER process now before CARE backlog builds
Kedareshwar Khandsari Udyog Private Limited,TIER 3 — Junior RM / Tele-sales,Aug Wk3 (Aug 17-21),38.35,0,3.0,Other,Infomerics,October 2026,1,MEDIUM,INC rating hits ULTRA HOT threshold on 2026-11-14 — first call window,Get ahead of the Oct/Nov renewal rush; start ACER process now before Infomerics backlog builds
Silpa Projects & Infrastructure (India) Private Limited,TIER 3 — Junior RM / Tele-sales,Aug Wk3 (Aug 17-21),38.22,0,3.0,Construction,Infomerics,October 2026,1,MEDIUM,INC rating hits ULTRA HOT threshold on 2026-10-29 — first call window,Get ahead of the Oct/Nov renewal rush; start ACER process now before Infomerics backlog builds
Delta Paper Mills Ltd.,TIER 3 — Junior RM / Tele-sales,Aug Wk4 (Aug 24-31),38.0,0,5.0,Paper/Packaging,CRISIL,October 2026,1,LOW,INC rating hits HOT threshold on 2026-10-18 — first call window,Get ahead of the Oct/Nov renewal rush; start ACER process now before CRISIL backlog builds
Iserve Solutions & Services Pvt. Ltd.,TIER 3 — Junior RM / Tele-sales,Aug Wk3 (Aug 17-21),38.0,0,5.0,Other,ACUITE,October 2026,1,MEDIUM,INC rating hits ULTRA HOT threshold on 2026-10-17 — first call window,Get ahead of the Oct/Nov renewal rush; start ACER process now before ACUITE backlog builds
K A I International Pvt. Ltd.,TIER 3 — Junior RM / Tele-sales,Aug Wk3 (Aug 17-21),38.0,0,3.0,Other,CARE,October 2026,1,MEDIUM,INC rating hits ULTRA HOT threshold on 2026-10-31 — first call window,Get ahead of the Oct/Nov renewal rush; start ACER process now before CARE backlog builds
M J & Sons Distilliery & Breweries Pvt. Ltd.,TIER 3 — Junior RM / Tele-sales,Aug Wk3 (Aug 17-21),38.0,0,5.0,Other,CRISIL,October 2026,1,MEDIUM,INC rating hits ULTRA HOT threshold on 2026-10-24 — first call window,Get ahead of the Oct/Nov renewal rush; start ACER process now before CRISIL backlog builds
Sharad Constructions Pvt. Ltd.,TIER 3 — Junior RM / Tele-sales,Aug Wk3 (Aug 17-21),38.0,0,4.0,Construction,CRISIL,October 2026,1,MEDIUM,INC rating hits ULTRA HOT threshold on 2026-11-10 — first call window,Get ahead of the Oct/Nov renewal rush; start ACER process now before CRISIL backlog builds
B R F M India Pvt. Ltd.,TIER 3 — Junior RM / Tele-sales,Aug Wk3 (Aug 17-21),37.88,0,5.0,Other,ACUITE,October 2026,1,MEDIUM,INC rating hits ULTRA HOT threshold on 2026-10-07 — first call window,Get ahead of the Oct/Nov renewal rush; start ACER process now before ACUITE backlog builds
Hayagreevas Fabrics Pvt. Ltd.,TIER 3 — Junior RM / Tele-sales,Aug Wk4 (Aug 24-31),37.5,0,5.0,Textiles,CRISIL,Q1 2027,1,LOW/MEDIUM,INC rating hits ULTRA HOT on 2027-03-10 — prime Q1 2027 renewal target,Your Term Loan at CRISIL goes critical in Mar 2027. Start ACER process in Sep 2026 — before the Q1 rush.
Farm India Impex Pvt. Ltd.,TIER 3 — Junior RM / Tele-sales,Aug Wk3 (Aug 17-21),37.0,0,3.0,Agro & Food,ICRA,October 2026,1,MEDIUM,INC rating hits ULTRA HOT threshold on 2026-10-06 — first call window,Get ahead of the Oct/Nov renewal rush; start ACER process now before ICRA backlog builds
Kaveri Garage Pvt. Ltd.,TIER 3 — Junior RM / Tele-sales,Aug Wk4 (Aug 24-31),37.0,0,5.0,Other,CRISIL,Q1 2027,1,LOW/MEDIUM,INC rating hits ULTRA HOT on 2027-03-20 — prime Q1 2027 renewal target,Your Fund-Based at CRISIL goes critical in Mar 2027. Start ACER process in Sep 2026 — before the Q1 rush.
S L M I Infraprojects Pvt. Ltd.,TIER 3 — Junior RM / Tele-sales,Aug Wk3 (Aug 17-21),37.0,0,4.0,Construction,CRISIL,October 2026,1,MEDIUM,INC rating hits ULTRA HOT threshold on 2026-11-05 — first call window,Get ahead of the Oct/Nov renewal rush; start ACER process now before CRISIL backlog builds
United Electricals & Engg. Pvt. Ltd.,TIER 3 — Junior RM / Tele-sales,Aug Wk4 (Aug 24-31),37.0,0,3.0,Energy,ICRA,October 2026,1,LOW,INC rating hits HOT threshold on 2026-10-13 — first call window,Get ahead of the Oct/Nov renewal rush; start ACER process now before ICRA backlog builds
Shakti Sugar Mill Pvt. Ltd.,TIER 3 — Junior RM / Tele-sales,Aug Wk4 (Aug 24-31),36.72,0,5.0,Agro & Food,CRISIL,October 2026,1,LOW,INC rating hits HOT threshold on 2026-10-16 — first call window,Get ahead of the Oct/Nov renewal rush; start ACER process now before CRISIL backlog builds
Austin Plywood Pvt. Ltd.,TIER 3 — Junior RM / Tele-sales,Aug Wk4 (Aug 24-31),36.5,0,5.0,Other,CRISIL,Q1 2027,1,LOW/MEDIUM,INC rating hits ULTRA HOT on 2027-03-11 — prime Q1 2027 renewal target,Your Fund-Based at CRISIL goes critical in Mar 2027. Start ACER process in Sep 2026 — before the Q1 rush.
Victory Spinning Mills Pvt. Ltd.,TIER 3 — Junior RM / Tele-sales,Aug Wk4 (Aug 24-31),36.43,0,5.0,Textiles,ACUITE,Q2 2027,1,LOW (<90 days),"INC since Apr 2026 (88 days). MEDIUM by Oct 2026, HOT by Jan 2027, ULTRA HOT by Apr 2027.",Your Term loans at ACUITE hits ULTRA HOT in Apr 2027. Start ACER process by Jan 2027 to be ahead of Q2 2027 renewal rush.
Peaks Auto Pvt. Ltd.,TIER 3 — Junior RM / Tele-sales,Aug Wk3 (Aug 17-21),36.11,0,5.0,Automobiles,BRICKWORK,October 2026,1,MEDIUM,INC rating hits ULTRA HOT threshold on 2026-10-17 — first call window,Get ahead of the Oct/Nov renewal rush; start ACER process now before BRICKWORK backlog builds
Finecrete Eco Blocks Pvt. Ltd. [Merged],TIER 3 — Junior RM / Tele-sales,Aug Wk4 (Aug 24-31),36.0,0,5.0,Other,CRISIL,Q2 2027,1,LOW (<90 days),"INC since Apr 2026 (79 days). MEDIUM by Oct 2026, HOT by Jan 2027, ULTRA HOT by Apr 2027.",Your Term loans at CRISIL hits ULTRA HOT in Apr 2027. Start ACER process by Jan 2027 to be ahead of Q2 2027 renewal rush.
Sophisticated Industrial Materials Analytic Labs Pvt. Ltd.,TIER 3 — Junior RM / Tele-sales,Aug Wk4 (Aug 24-31),36.0,0,4.0,Manufacturing,CRISIL,October 2026,1,LOW,INC rating hits HOT threshold on 2026-10-27 — first call window,Get ahead of the Oct/Nov renewal rush; start ACER process now before CRISIL backlog builds
Savera Auto Comps Private Limited,TIER 3 — Junior RM / Tele-sales,Aug Wk3 (Aug 17-21),35.8,0,5.0,Automobiles,Infomerics,October 2026,1,MEDIUM,INC rating hits ULTRA HOT threshold on 2026-11-03 — first call window,Get ahead of the Oct/Nov renewal rush; start ACER process now before Infomerics backlog builds
Datacipher Ltd.,TIER 3 — Junior RM / Tele-sales,Aug Wk4 (Aug 24-31),35.75,0,3.0,IT/Technology,ICRA,Q2 2027,1,LOW (<90 days),"INC since Apr 2026 (74 days). MEDIUM by Oct 2026, HOT by Jan 2027, ULTRA HOT by Apr 2027.",Your Non-fund-based financial facility/instrument at ICRA hits ULTRA HOT in Apr 2027. Start ACER process by Jan 2027 to be ahead of Q2 2027 renewal rush.
Padmaja Packaging Inds. Ltd.,TIER 3 — Junior RM / Tele-sales,Aug Wk4 (Aug 24-31),35.75,0,5.0,Paper/Packaging,CRISIL,October 2026,1,LOW,INC rating hits HOT threshold on 2026-10-18 — first call window,Get ahead of the Oct/Nov renewal rush; start ACER process now before CRISIL backlog builds
Yedeshwari Agro Products Ltd.,TIER 3 — Junior RM / Tele-sales,Aug Wk4 (Aug 24-31),35.7,0,5.0,Agro & Food,ICRA,Q1 2027,1,LOW/MEDIUM,INC rating hits ULTRA HOT on 2027-03-30 — prime Q1 2027 renewal target,Your Term Loan at ICRA goes critical in Mar 2027. Start ACER process in Sep 2026 — before the Q1 rush.
Titanium Merchant Pvt. Ltd.,TIER 3 — Junior RM / Tele-sales,Aug Wk4 (Aug 24-31),35.67,0,5.0,Other,BRICKWORK,Q2 2027,1,LOW (<90 days),"INC since Apr 2026 (87 days). MEDIUM by Oct 2026, HOT by Jan 2027, ULTRA HOT by Apr 2027.",Your Term loans at BRICKWORK hits ULTRA HOT in Apr 2027. Start ACER process by Jan 2027 to be ahead of Q2 2027 renewal rush.
Sandwoods Infratech Projects Pvt. Ltd.,TIER 3 — Junior RM / Tele-sales,Aug Wk4 (Aug 24-31),35.4,0,5.0,Construction,BRICKWORK,Q2 2027,1,LOW (<90 days),"INC since Apr 2026 (81 days). MEDIUM by Oct 2026, HOT by Jan 2027, ULTRA HOT by Apr 2027.",Your Term loans at BRICKWORK hits ULTRA HOT in Apr 2027. Start ACER process by Jan 2027 to be ahead of Q2 2027 renewal rush.
M A F Clothing Pvt. Ltd.,TIER 3 — Junior RM / Tele-sales,Aug Wk3 (Aug 17-21),35.34,0,5.0,Textiles,CRISIL,October 2026,1,MEDIUM,INC rating hits ULTRA HOT threshold on 2026-11-19 — first call window,Get ahead of the Oct/Nov renewal rush; start ACER process now before CRISIL backlog builds
Tinna Trade Limited,TIER 3 — Junior RM / Tele-sales,Aug Wk3 (Aug 17-21),35.2,0,5.0,Steel & Metals,Infomerics,October 2026,1,MEDIUM,INC rating hits ULTRA HOT threshold on 2026-11-26 — first call window,Get ahead of the Oct/Nov renewal rush; start ACER process now before Infomerics backlog builds
Bhagyalaxmi Steeltech Pvt. Ltd.,TIER 3 — Junior RM / Tele-sales,Aug Wk4 (Aug 24-31),35.0,0,5.0,Steel & Metals,CARE,October 2026,1,LOW,INC rating hits HOT threshold on 2026-11-01 — first call window,Get ahead of the Oct/Nov renewal rush; start ACER process now before CARE backlog builds
Exclusive Leasing & Finance Pvt. Ltd.,TIER 3 — Junior RM / Tele-sales,Aug Wk3 (Aug 17-21),35.0,0,5.0,BFSI,CRISIL,October 2026,1,MEDIUM,INC rating hits ULTRA HOT threshold on 2026-11-26 — first call window,Get ahead of the Oct/Nov renewal rush; start ACER process now before CRISIL backlog builds
Immense Industries Pvt. Ltd.,TIER 3 — Junior RM / Tele-sales,Aug Wk4 (Aug 24-31),35.0,0,3.0,Other,CRISIL,Q2 2027,1,LOW (<90 days),"INC since Apr 2026 (69 days). MEDIUM by Oct 2026, HOT by Jan 2027, ULTRA HOT by Apr 2027.",Your Letter Of credit at CRISIL hits ULTRA HOT in Apr 2027. Start ACER process by Jan 2027 to be ahead of Q2 2027 renewal rush.
Mathiyan Construction Pvt. Ltd.,TIER 3 — Junior RM / Tele-sales,Aug Wk3 (Aug 17-21),35.0,0,3.0,Construction,ICRA,October 2026,1,MEDIUM,INC rating hits ULTRA HOT threshold on 2026-10-30 — first call window,Get ahead of the Oct/Nov renewal rush; start ACER process now before ICRA backlog builds
Mona Townships Pvt. Ltd.,TIER 3 — Junior RM / Tele-sales,Aug Wk3 (Aug 17-21),35.0,0,5.0,Construction,CRISIL,October 2026,1,MEDIUM,INC rating hits ULTRA HOT threshold on 2026-10-09 — first call window,Get ahead of the Oct/Nov renewal rush; start ACER process now before CRISIL backlog builds
Prime Gold Intl. Ltd.,TIER 3 — Junior RM / Tele-sales,Aug Wk4 (Aug 24-31),35.0,0,5.0,Jewellery,ACUITE,Q1 2027,1,LOW/MEDIUM,INC rating hits ULTRA HOT on 2027-03-17 — prime Q1 2027 renewal target,Your Term Loan at ACUITE goes critical in Mar 2027. Start ACER process in Sep 2026 — before the Q1 rush.
Seagull Maritime Agencies Private Limited,TIER 3 — Junior RM / Tele-sales,Aug Wk4 (Aug 24-31),35.0,0,3.0,Other,Infomerics,Q1 2027,1,LOW/MEDIUM,INC rating hits ULTRA HOT on 2027-01-28 — exclusive Q1 2027 whitespace lead,Your Infomerics INC rating goes critical in Jan 2027. ACER is your best alternative — no competitor has approached you.
Shri Nivas (Gujarat) Laboratories Pvt. .Ltd,TIER 3 — Junior RM / Tele-sales,Aug Wk3 (Aug 17-21),35.0,0,5.0,Healthcare,ICRA,October 2026,1,MEDIUM,INC rating hits ULTRA HOT threshold on 2026-11-20 — first call window,Get ahead of the Oct/Nov renewal rush; start ACER process now before ICRA backlog builds
Steamline Industries Ltd.,TIER 3 — Junior RM / Tele-sales,Aug Wk4 (Aug 24-31),35.0,0,3.0,Other,BRICKWORK,Q2 2027,1,LOW (<90 days),"INC since Apr 2026 (88 days). MEDIUM by Oct 2026, HOT by Jan 2027, ULTRA HOT by Apr 2027.",Your Letter Of credit at BRICKWORK hits ULTRA HOT in Apr 2027. Start ACER process by Jan 2027 to be ahead of Q2 2027 renewal rush.
Tarapur Environment Protection Society,TIER 3 — Junior RM / Tele-sales,Aug Wk4 (Aug 24-31),35.0,0,5.0,Steel & Metals,CRISIL,Q1 2027,1,LOW/MEDIUM,INC rating hits ULTRA HOT on 2027-03-31 — prime Q1 2027 renewal target,Your Term Loan at CRISIL goes critical in Mar 2027. Start ACER process in Sep 2026 — before the Q1 rush.
Satya Trucking Pvt. Ltd.,TIER 3 — Junior RM / Tele-sales,Aug Wk3 (Aug 17-21),34.95,0,5.0,Logistics,CRISIL,October 2026,1,MEDIUM,INC rating hits ULTRA HOT threshold on 2026-11-13 — first call window,Get ahead of the Oct/Nov renewal rush; start ACER process now before CRISIL backlog builds
Siva Foods Impex Private Limited,TIER 3 — Junior RM / Tele-sales,Aug Wk4 (Aug 24-31),34.62,0,5.0,Agro & Food,Infomerics,Q1 2027,1,LOW/MEDIUM,INC rating hits ULTRA HOT on 2027-01-12 — exclusive Q1 2027 whitespace lead,Your Infomerics INC rating goes critical in Jan 2027. ACER is your best alternative — no competitor has approached you.
Som Distilleries & Breweries Ltd.,TIER 3 — Junior RM / Tele-sales,Aug Wk3 (Aug 17-21),34.52,0,5.0,Other,BRICKWORK,October 2026,1,MEDIUM,INC rating hits ULTRA HOT threshold on 2026-11-20 — first call window,Get ahead of the Oct/Nov renewal rush; start ACER process now before BRICKWORK backlog builds
Frontier Warehousing Ltd.,TIER 3 — Junior RM / Tele-sales,Aug Wk4 (Aug 24-31),34.5,0,5.0,Construction,IND-RA,October 2026,1,LOW,INC rating hits HOT threshold on 2026-10-13 — first call window,Get ahead of the Oct/Nov renewal rush; start ACER process now before IND-RA backlog builds
Algon Agro Foods,TIER 3 — Junior RM / Tele-sales,Aug Wk3 (Aug 17-21),34.35,0,5.0,Agro & Food,Infomerics,October 2026,1,MEDIUM,INC rating hits ULTRA HOT threshold on 2026-10-16 — first call window,Get ahead of the Oct/Nov renewal rush; start ACER process now before Infomerics backlog builds
Shetkari Sakhar Karkhana (Chandapuri) Ltd.,TIER 3 — Junior RM / Tele-sales,Aug Wk4 (Aug 24-31),34.27,0,5.0,Other,CRISIL,October 2026,1,LOW,INC rating hits HOT threshold on 2026-11-24 — first call window,Get ahead of the Oct/Nov renewal rush; start ACER process now before CRISIL backlog builds
Del Trade Intl. Pvt. Ltd.,TIER 3 — Junior RM / Tele-sales,Aug Wk3 (Aug 17-21),34.0,0,3.0,Trading/Exports,ACUITE,October 2026,1,MEDIUM,INC rating hits ULTRA HOT threshold on 2026-10-24 — first call window,Get ahead of the Oct/Nov renewal rush; start ACER process now before ACUITE backlog builds
Mac-Chem Products (India) Pvt. Ltd.,TIER 3 — Junior RM / Tele-sales,Aug Wk3 (Aug 17-21),34.0,0,5.0,Chemicals & Pharma,CRISIL,October 2026,1,MEDIUM,INC rating hits ULTRA HOT threshold on 2026-11-13 — first call window,Get ahead of the Oct/Nov renewal rush; start ACER process now before CRISIL backlog builds
Samaro Global Inds. Pvt. Ltd.,TIER 3 — Junior RM / Tele-sales,Aug Wk3 (Aug 17-21),34.0,0,5.0,Other,IND-RA,October 2026,1,MEDIUM,INC rating hits ULTRA HOT threshold on 2026-10-17 — first call window,Get ahead of the Oct/Nov renewal rush; start ACER process now before IND-RA backlog builds
Velatal Industries Pvt. Ltd.,TIER 3 — Junior RM / Tele-sales,Aug Wk3 (Aug 17-21),33.8,0,5.0,Manufacturing,CRISIL,October 2026,1,MEDIUM,INC rating hits ULTRA HOT threshold on 2026-11-24 — first call window,Get ahead of the Oct/Nov renewal rush; start ACER process now before CRISIL backlog builds
Avon Tubetech Pvt. Ltd.,TIER 3 — Junior RM / Tele-sales,Aug Wk4 (Aug 24-31),33.71,0,3.0,Steel & Metals,ACUITE,October 2026,1,LOW,INC rating hits HOT threshold on 2026-11-13 — first call window,Get ahead of the Oct/Nov renewal rush; start ACER process now before ACUITE backlog builds
Luxor Writing Instruments Pvt. Ltd.,TIER 3 — Junior RM / Tele-sales,Aug Wk4 (Aug 24-31),33.69,0,5.0,Steel & Metals,CRISIL,October 2026,1,LOW,INC rating hits HOT threshold on 2026-10-18 — first call window,Get ahead of the Oct/Nov renewal rush; start ACER process now before CRISIL backlog builds
Green Gold Timbers Pvt. Ltd.,TIER 3 — Junior RM / Tele-sales,Aug Wk3 (Aug 17-21),33.5,0,3.0,Jewellery/Gems,BRICKWORK,October 2026,1,MEDIUM,INC rating hits ULTRA HOT threshold on 2026-10-09 — first call window,Get ahead of the Oct/Nov renewal rush; start ACER process now before BRICKWORK backlog builds
K S Motors Pvt. Ltd.,TIER 3 — Junior RM / Tele-sales,Aug Wk4 (Aug 24-31),33.5,0,5.0,Automobiles,CRISIL,Q1 2027,1,LOW/MEDIUM,INC rating hits ULTRA HOT on 2027-03-18 — prime Q1 2027 renewal target,Your Fund-Based at CRISIL goes critical in Mar 2027. Start ACER process in Sep 2026 — before the Q1 rush.
Guntur Spinning Mills Pvt. Ltd.,TIER 3 — Junior RM / Tele-sales,Aug Wk3 (Aug 17-21),33.47,0,5.0,Textiles,ACUITE,October 2026,1,MEDIUM,INC rating hits ULTRA HOT threshold on 2026-10-03 — first call window,Get ahead of the Oct/Nov renewal rush; start ACER process now before ACUITE backlog builds
Enem Nostrum Remedies Pvt. Ltd.,TIER 3 — Junior RM / Tele-sales,Aug Wk4 (Aug 24-31),33.06,0,5.0,Other,IND-RA,Q2 2027,1,LOW (<90 days),"INC since Apr 2026 (87 days). MEDIUM by Oct 2026, HOT by Jan 2027, ULTRA HOT by Apr 2027.",Your Term loans at IND-RA hits ULTRA HOT in Apr 2027. Start ACER process by Jan 2027 to be ahead of Q2 2027 renewal rush.
N J R Constructions Pvt. Ltd.,TIER 3 — Junior RM / Tele-sales,Aug Wk3 (Aug 17-21),33.0,0,5.0,Construction,CARE,October 2026,1,MEDIUM,INC rating hits ULTRA HOT threshold on 2026-11-11 — first call window,Get ahead of the Oct/Nov renewal rush; start ACER process now before CARE backlog builds
Team Colence Technical Textile Pvt. Ltd.,TIER 3 — Junior RM / Tele-sales,Aug Wk3 (Aug 17-21),33.0,0,5.0,Agro & Food,CRISIL,October 2026,1,MEDIUM,INC rating hits ULTRA HOT threshold on 2026-11-11 — first call window,Get ahead of the Oct/Nov renewal rush; start ACER process now before CRISIL backlog builds
Nadisons Resorts Pvt. Ltd.,TIER 3 — Junior RM / Tele-sales,Aug Wk4 (Aug 24-31),32.97,0,5.0,Hotels & Tourism,BRICKWORK,Q1 2027,1,LOW/MEDIUM,INC rating hits ULTRA HOT on 2027-03-11 — prime Q1 2027 renewal target,Your Term Loan at BRICKWORK goes critical in Mar 2027. Start ACER process in Sep 2026 — before the Q1 rush.
Tirupur Textiles Pvt. Ltd.,TIER 3 — Junior RM / Tele-sales,Aug Wk4 (Aug 24-31),32.91,0,5.0,Construction,CARE,October 2026,1,LOW,INC rating hits HOT threshold on 2026-10-10 — first call window,Get ahead of the Oct/Nov renewal rush; start ACER process now before CARE backlog builds
Amit Auto Wheels Pvt. Ltd.,TIER 3 — Junior RM / Tele-sales,Aug Wk4 (Aug 24-31),32.5,0,5.0,Manufacturing,BRICKWORK,Q1 2027,1,LOW/MEDIUM,INC rating hits ULTRA HOT on 2027-03-24 — prime Q1 2027 renewal target,Your Fund-Based at BRICKWORK goes critical in Mar 2027. Start ACER process in Sep 2026 — before the Q1 rush.
Meenakshi Polymers Pvt. Ltd.,TIER 3 — Junior RM / Tele-sales,Aug Wk4 (Aug 24-31),32.5,0,5.0,Chemicals & Pharma,CRISIL,Q1 2027,1,LOW/MEDIUM,INC rating hits ULTRA HOT on 2027-03-30 — prime Q1 2027 renewal target,Your Term Loan at CRISIL goes critical in Mar 2027. Start ACER process in Sep 2026 — before the Q1 rush.
Ace Kudale Corporation Limited,TIER 3 — Junior RM / Tele-sales,Aug Wk3 (Aug 17-21),32.43,0,5.0,Agro & Food,Infomerics,October 2026,1,MEDIUM,INC rating hits ULTRA HOT threshold on 2026-11-26 — first call window,Get ahead of the Oct/Nov renewal rush; start ACER process now before Infomerics backlog builds
Opera Global Private Limited,TIER 3 — Junior RM / Tele-sales,Aug Wk3 (Aug 17-21),32.4,0,3.0,Other,Infomerics,October 2026,1,MEDIUM,INC rating hits ULTRA HOT threshold on 2026-10-17 — first call window,Get ahead of the Oct/Nov renewal rush; start ACER process now before Infomerics backlog builds
Shivganga Drillers Ltd.,TIER 3 — Junior RM / Tele-sales,Aug Wk4 (Aug 24-31),32.23,0,4.0,Other,BRICKWORK,Q1 2027,1,LOW/MEDIUM,INC rating hits ULTRA HOT on 2027-01-02 — prime Q1 2027 renewal target,Your Bank Guarantee at BRICKWORK goes critical in Jan 2027. Start ACER process in Sep 2026 — before the Q1 rush.
Raichur Bio-Energies Pvt. Ltd.,TIER 3 — Junior RM / Tele-sales,Aug Wk4 (Aug 24-31),32.2,0,5.0,Other,IND-RA,Q2 2027,1,LOW (<90 days),"INC since Apr 2026 (87 days). MEDIUM by Oct 2026, HOT by Jan 2027, ULTRA HOT by Apr 2027.",Your Term loans at IND-RA hits ULTRA HOT in Apr 2027. Start ACER process by Jan 2027 to be ahead of Q2 2027 renewal rush.
G R T Hotels & Resorts Pvt. Ltd.,TIER 3 — Junior RM / Tele-sales,Aug Wk3 (Aug 17-21),32.08,0,5.0,Hotels & Tourism,IND-RA,October 2026,1,MEDIUM,INC rating hits ULTRA HOT threshold on 2026-11-11 — first call window,Get ahead of the Oct/Nov renewal rush; start ACER process now before IND-RA backlog builds
Diwanka Energy Pvt. Ltd.,TIER 3 — Junior RM / Tele-sales,Aug Wk4 (Aug 24-31),32.0,0,5.0,Energy,CRISIL,Q1 2027,1,LOW/MEDIUM,INC rating hits ULTRA HOT on 2027-03-27 — prime Q1 2027 renewal target,Your Term Loan at CRISIL goes critical in Mar 2027. Start ACER process in Sep 2026 — before the Q1 rush.
Mekalsuta Sugars Pvt. Ltd.,TIER 3 — Junior RM / Tele-sales,Aug Wk4 (Aug 24-31),31.93,0,5.0,Agro & Food,CRISIL,October 2026,1,LOW,INC rating hits HOT threshold on 2026-10-16 — first call window,Get ahead of the Oct/Nov renewal rush; start ACER process now before CRISIL backlog builds
Khandoba Distilleries Pvt. Ltd.,TIER 3 — Junior RM / Tele-sales,Aug Wk3 (Aug 17-21),31.82,0,5.0,Other,BRICKWORK,October 2026,1,MEDIUM,INC rating hits ULTRA HOT threshold on 2026-10-10 — first call window,Get ahead of the Oct/Nov renewal rush; start ACER process now before BRICKWORK backlog builds
R L J Concast Pvt. Ltd.,TIER 3 — Junior RM / Tele-sales,Aug Wk3 (Aug 17-21),31.8,0,4.0,Other,CRISIL,October 2026,1,MEDIUM,INC rating hits ULTRA HOT threshold on 2026-10-09 — first call window,Get ahead of the Oct/Nov renewal rush; start ACER process now before CRISIL backlog builds
Jiya Agro Pvt. Ltd.,TIER 3 — Junior RM / Tele-sales,Aug Wk4 (Aug 24-31),31.75,0,5.0,Agro & Food,CRISIL,Q2 2027,1,LOW (<90 days),"INC since Apr 2026 (69 days). MEDIUM by Oct 2026, HOT by Jan 2027, ULTRA HOT by Apr 2027.",Your Long term Loans at CRISIL hits ULTRA HOT in Apr 2027. Start ACER process by Jan 2027 to be ahead of Q2 2027 renewal rush.
C K S Medicare Pvt. Ltd.,TIER 3 — Junior RM / Tele-sales,Aug Wk3 (Aug 17-21),31.74,0,5.0,Automobiles,BRICKWORK,October 2026,1,MEDIUM,INC rating hits ULTRA HOT threshold on 2026-10-13 — first call window,Get ahead of the Oct/Nov renewal rush; start ACER process now before BRICKWORK backlog builds
Dynamic Ship Recyclers Pvt. Ltd.,TIER 3 — Junior RM / Tele-sales,Aug Wk4 (Aug 24-31),31.64,0,3.0,Other,BRICKWORK,Q1 2027,1,LOW/MEDIUM,INC rating hits ULTRA HOT on 2027-03-16 — prime Q1 2027 renewal target,Your Letter of Credit at BRICKWORK goes critical in Mar 2027. Start ACER process in Sep 2026 — before the Q1 rush.
J C Graphics Pvt. Ltd.,TIER 3 — Junior RM / Tele-sales,Aug Wk3 (Aug 17-21),31.46,0,5.0,Other,BRICKWORK,October 2026,1,MEDIUM,INC rating hits ULTRA HOT threshold on 2026-11-28 — first call window,Get ahead of the Oct/Nov renewal rush; start ACER process now before BRICKWORK backlog builds
Ginni Global Pvt. Ltd.,TIER 3 — Junior RM / Tele-sales,Aug Wk3 (Aug 17-21),31.43,0,5.0,Hotels & Tourism,CRISIL,October 2026,1,MEDIUM,INC rating hits ULTRA HOT threshold on 2026-10-23 — first call window,Get ahead of the Oct/Nov renewal rush; start ACER process now before CRISIL backlog builds
Hindusthan Infrastructure Projects & Engg. Pvt. Ltd.,TIER 3 — Junior RM / Tele-sales,Aug Wk3 (Aug 17-21),31.22,0,5.0,Construction,BRICKWORK,October 2026,1,MEDIUM,INC rating hits ULTRA HOT threshold on 2026-10-08 — first call window,Get ahead of the Oct/Nov renewal rush; start ACER process now before BRICKWORK backlog builds
Severn Glocon India Pvt. Ltd.,TIER 3 — Junior RM / Tele-sales,Aug Wk4 (Aug 24-31),31.0,0,4.0,Other,BRICKWORK,October 2026,1,LOW,INC rating hits HOT threshold on 2026-10-20 — first call window,Get ahead of the Oct/Nov renewal rush; start ACER process now before BRICKWORK backlog builds
Azam Rubber Products Pvt. Ltd.,TIER 3 — Junior RM / Tele-sales,Aug Wk4 (Aug 24-31),30.8,0,3.0,Other,CARE,Q2 2027,1,LOW (<90 days),"INC since Apr 2026 (74 days). MEDIUM by Oct 2026, HOT by Jan 2027, ULTRA HOT by Apr 2027.",Your Non-fund-based financial facility/instrument at CARE hits ULTRA HOT in Apr 2027. Start ACER process by Jan 2027 to be ahead of Q2 2027 renewal rush.
B Das & Associates Pvt. Ltd.,TIER 3 — Junior RM / Tele-sales,Aug Wk4 (Aug 24-31),30.8,0,4.0,Other,BRICKWORK,Q1 2027,1,LOW/MEDIUM,INC rating hits ULTRA HOT on 2027-03-13 — prime Q1 2027 renewal target,Your Bank Guarantee at BRICKWORK goes critical in Mar 2027. Start ACER process in Sep 2026 — before the Q1 rush.
Dhanraj Solvex Pvt. Ltd.,TIER 3 — Junior RM / Tele-sales,Aug Wk4 (Aug 24-31),30.49,0,5.0,Other,ACUITE,October 2026,1,LOW,INC rating hits HOT threshold on 2026-10-31 — first call window,Get ahead of the Oct/Nov renewal rush; start ACER process now before ACUITE backlog builds
Veesons Energy Systems Pvt. Ltd.,TIER 3 — Junior RM / Tele-sales,Aug Wk4 (Aug 24-31),30.23,0,5.0,Energy/Power,CRISIL,Q2 2027,1,LOW (<90 days),"INC since Apr 2026 (79 days). MEDIUM by Oct 2026, HOT by Jan 2027, ULTRA HOT by Apr 2027.",Your Term loans at CRISIL hits ULTRA HOT in Apr 2027. Start ACER process by Jan 2027 to be ahead of Q2 2027 renewal rush.
G D Foods Mfg. (India) Pvt. Ltd.,TIER 3 — Junior RM / Tele-sales,Aug Wk4 (Aug 24-31),30.17,0,5.0,Agro & Food,ACUITE,October 2026,1,LOW,INC rating hits HOT threshold on 2026-10-30 — first call window,Get ahead of the Oct/Nov renewal rush; start ACER process now before ACUITE backlog builds
Mahalakshmi Spintex Pvt. Ltd.,TIER 3 — Junior RM / Tele-sales,Aug Wk4 (Aug 24-31),30.14,0,5.0,Other,CRISIL,October 2026,1,LOW,INC rating hits HOT threshold on 2026-10-09 — first call window,Get ahead of the Oct/Nov renewal rush; start ACER process now before CRISIL backlog builds
Associated Broadcasting Co. Pvt. Ltd.,TIER 3 — Junior RM / Tele-sales,Aug Wk3 (Aug 17-21),30.0,0,5.0,Steel & Metals,ICRA,October 2026,1,MEDIUM,INC rating hits ULTRA HOT threshold on 2026-11-17 — first call window,Get ahead of the Oct/Nov renewal rush; start ACER process now before ICRA backlog builds
Beckhaul Digital Technologies Pvt. Ltd.,TIER 3 — Junior RM / Tele-sales,Aug Wk4 (Aug 24-31),30.0,0,4.0,IT/Technology,CRISIL,October 2026,1,LOW,INC rating hits HOT threshold on 2026-10-18 — first call window,Get ahead of the Oct/Nov renewal rush; start ACER process now before CRISIL backlog builds
Bharath Hi-Tecch Builders Private Limited,TIER 3 — Junior RM / Tele-sales,Aug Wk3 (Aug 17-21),30.0,0,5.0,Construction,Infomerics,October 2026,1,MEDIUM,INC rating hits ULTRA HOT threshold on 2026-11-14 — first call window,Get ahead of the Oct/Nov renewal rush; start ACER process now before Infomerics backlog builds
Brs Enterprises & Trading Ltd.,TIER 3 — Junior RM / Tele-sales,Aug Wk4 (Aug 24-31),30.0,0,3.0,Other,ACUITE,Q2 2027,1,LOW (<90 days),"INC since Apr 2026 (72 days). MEDIUM by Oct 2026, HOT by Jan 2027, ULTRA HOT by Apr 2027.",Your Letter Of credit at ACUITE hits ULTRA HOT in Apr 2027. Start ACER process by Jan 2027 to be ahead of Q2 2027 renewal rush.
Caspro Metal Inds. Pvt. Ltd.,TIER 3 — Junior RM / Tele-sales,Aug Wk4 (Aug 24-31),30.0,0,5.0,Steel & Metals,CRISIL,October 2026,1,LOW,INC rating hits HOT threshold on 2026-10-09 — first call window,Get ahead of the Oct/Nov renewal rush; start ACER process now before CRISIL backlog builds
Cosmo Granites Pvt. Ltd.,TIER 3 — Junior RM / Tele-sales,Aug Wk3 (Aug 17-21),30.0,0,5.0,Mining & Minerals,CRISIL,October 2026,1,MEDIUM,INC rating hits ULTRA HOT threshold on 2026-10-24 — first call window,Get ahead of the Oct/Nov renewal rush; start ACER process now before CRISIL backlog builds
D H D Infracon Pvt. Ltd.,TIER 3 — Junior RM / Tele-sales,Aug Wk3 (Aug 17-21),30.0,0,4.0,Construction,CRISIL,October 2026,1,MEDIUM,INC rating hits ULTRA HOT threshold on 2026-10-10 — first call window,Get ahead of the Oct/Nov renewal rush; start ACER process now before CRISIL backlog builds
D T C Securities Pvt. Ltd.,TIER 3 — Junior RM / Tele-sales,Aug Wk4 (Aug 24-31),30.0,0,5.0,BFSI,ACUITE,October 2026,1,LOW,INC rating hits HOT threshold on 2026-11-07 — first call window,Get ahead of the Oct/Nov renewal rush; start ACER process now before ACUITE backlog builds
Devi Construction Co. Pvt. Ltd.,TIER 3 — Junior RM / Tele-sales,Aug Wk3 (Aug 17-21),30.0,0,4.0,Construction,BRICKWORK,October 2026,1,MEDIUM,INC rating hits ULTRA HOT threshold on 2026-10-28 — first call window,Get ahead of the Oct/Nov renewal rush; start ACER process now before BRICKWORK backlog builds
Durgapur Medical Centre Pvt. Ltd.,TIER 3 — Junior RM / Tele-sales,Aug Wk3 (Aug 17-21),30.0,0,5.0,Healthcare,CRISIL,October 2026,1,MEDIUM,INC rating hits ULTRA HOT threshold on 2026-11-12 — first call window,Get ahead of the Oct/Nov renewal rush; start ACER process now before CRISIL backlog builds
Haldia Steels Pvt. Ltd.,TIER 3 — Junior RM / Tele-sales,Aug Wk4 (Aug 24-31),30.0,0,4.0,Steel & Metals,BRICKWORK,Q1 2027,1,LOW/MEDIUM,INC rating hits ULTRA HOT on 2027-03-06 — prime Q1 2027 renewal target,Your Bank Guarantee at BRICKWORK goes critical in Mar 2027. Start ACER process in Sep 2026 — before the Q1 rush.
Highlink Investment Pvt. Ltd.,TIER 3 — Junior RM / Tele-sales,Aug Wk3 (Aug 17-21),30.0,0,5.0,Paper/Packaging,CRISIL,October 2026,1,MEDIUM,INC rating hits ULTRA HOT threshold on 2026-10-26 — first call window,Get ahead of the Oct/Nov renewal rush; start ACER process now before CRISIL backlog builds
Jell Pharmaceuticals Pvt. Ltd.,TIER 3 — Junior RM / Tele-sales,Aug Wk4 (Aug 24-31),30.0,0,3.0,Chemicals & Pharma,ICRA,Q1 2027,1,LOW/MEDIUM,INC rating hits ULTRA HOT on 2027-03-30 — prime Q1 2027 renewal target,Your Non-Fund-Based at ICRA goes critical in Mar 2027. Start ACER process in Sep 2026 — before the Q1 rush.
Kamdar Carz Pvt. Ltd.,TIER 3 — Junior RM / Tele-sales,Aug Wk3 (Aug 17-21),30.0,0,5.0,Automobiles,CRISIL,October 2026,1,MEDIUM,INC rating hits ULTRA HOT threshold on 2026-10-24 — first call window,Get ahead of the Oct/Nov renewal rush; start ACER process now before CRISIL backlog builds
Khokhar Infrastructure Pvt. Ltd.,TIER 3 — Junior RM / Tele-sales,Aug Wk4 (Aug 24-31),30.0,0,3.0,Construction,IND-RA,Q2 2027,1,LOW (<90 days),"INC since Apr 2026 (87 days). MEDIUM by Oct 2026, HOT by Jan 2027, ULTRA HOT by Apr 2027.",Your Non-fund based working capital limit at IND-RA hits ULTRA HOT in Apr 2027. Start ACER process by Jan 2027 to be ahead of Q2 2027 renewal rush.
Manisha Infrastructure Pvt. Ltd.,TIER 3 — Junior RM / Tele-sales,Aug Wk3 (Aug 17-21),30.0,0,4.0,Construction,BRICKWORK,October 2026,1,MEDIUM,INC rating hits ULTRA HOT threshold on 2026-11-26 — first call window,Get ahead of the Oct/Nov renewal rush; start ACER process now before BRICKWORK backlog builds
Marinelines Shipbreakers Pvt. Ltd.,TIER 3 — Junior RM / Tele-sales,Aug Wk3 (Aug 17-21),30.0,0,3.0,Other,CRISIL,October 2026,1,MEDIUM,INC rating hits ULTRA HOT threshold on 2026-11-24 — first call window,Get ahead of the Oct/Nov renewal rush; start ACER process now before CRISIL backlog builds
Mourya Aquex Pvt. Ltd.,TIER 3 — Junior RM / Tele-sales,Aug Wk3 (Aug 17-21),30.0,0,5.0,Other,ACUITE,October 2026,1,MEDIUM,INC rating hits ULTRA HOT threshold on 2026-10-10 — first call window,Get ahead of the Oct/Nov renewal rush; start ACER process now before ACUITE backlog builds
Nav Jyoti Agro Foods Pvt. Ltd.,TIER 3 — Junior RM / Tele-sales,Aug Wk4 (Aug 24-31),30.0,0,5.0,Agro & Food,CRISIL,Q2 2027,1,LOW (<90 days),"INC since Apr 2026 (79 days). MEDIUM by Oct 2026, HOT by Jan 2027, ULTRA HOT by Apr 2027.",Your Fund based financial facility/instrument at CRISIL hits ULTRA HOT in Apr 2027. Start ACER process by Jan 2027 to be ahead of Q2 2027 renewal rush.
New India Cables Trdg. Pvt. Ltd.,TIER 3 — Junior RM / Tele-sales,Aug Wk3 (Aug 17-21),30.0,0,5.0,Infrastructure,CRISIL,October 2026,1,MEDIUM,INC rating hits ULTRA HOT threshold on 2026-10-09 — first call window,Get ahead of the Oct/Nov renewal rush; start ACER process now before CRISIL backlog builds
R K Lumbers Pvt. Ltd.,TIER 3 — Junior RM / Tele-sales,Aug Wk4 (Aug 24-31),30.0,0,3.0,Other,BRICKWORK,Q1 2027,1,LOW/MEDIUM,INC rating hits ULTRA HOT on 2027-03-16 — prime Q1 2027 renewal target,Your Letter of Credit at BRICKWORK goes critical in Mar 2027. Start ACER process in Sep 2026 — before the Q1 rush.
R R Industrial Corpn. (India) Pvt. Ltd.,TIER 3 — Junior RM / Tele-sales,Aug Wk3 (Aug 17-21),30.0,0,5.0,Manufacturing,CRISIL,October 2026,1,MEDIUM,INC rating hits ULTRA HOT threshold on 2026-11-26 — first call window,Get ahead of the Oct/Nov renewal rush; start ACER process now before CRISIL backlog builds
Ramesh Iron & Steel Co. India Pvt. Ltd.,TIER 3 — Junior RM / Tele-sales,Aug Wk3 (Aug 17-21),30.0,0,5.0,Steel & Metals,CARE,October 2026,1,MEDIUM,INC rating hits ULTRA HOT threshold on 2026-11-21 — first call window,Get ahead of the Oct/Nov renewal rush; start ACER process now before CARE backlog builds
Ramky Wavoo Developers Pvt. Ltd.,TIER 3 — Junior RM / Tele-sales,Aug Wk4 (Aug 24-31),30.0,0,5.0,Construction,BRICKWORK,October 2026,1,LOW,INC rating hits HOT threshold on 2026-10-24 — first call window,Get ahead of the Oct/Nov renewal rush; start ACER process now before BRICKWORK backlog builds
Reliance Chemotex Inds. Ltd.,TIER 3 — Junior RM / Tele-sales,Aug Wk3 (Aug 17-21),30.0,0,3.0,Chemicals & Pharma,CRISIL,October 2026,1,MEDIUM,INC rating hits ULTRA HOT threshold on 2026-11-27 — first call window,Get ahead of the Oct/Nov renewal rush; start ACER process now before CRISIL backlog builds
S M Interior Pvt. Ltd.,TIER 3 — Junior RM / Tele-sales,Aug Wk4 (Aug 24-31),30.0,0,4.0,Other,CARE+CRISIL,Q2 2027,1,LOW (<90 days),"INC since Apr 2026 (61 days). MEDIUM by Oct 2026, HOT by Jan 2027, ULTRA HOT by Apr 2027.",Your Bank Guarantee at CARE hits ULTRA HOT in Apr 2027. Start ACER process by Jan 2027 to be ahead of Q2 2027 renewal rush.
S M W Metal Pvt. Ltd.,TIER 3 — Junior RM / Tele-sales,Aug Wk4 (Aug 24-31),30.0,0,3.0,Steel & Metals,BRICKWORK,Q1 2027,1,LOW/MEDIUM,INC rating hits ULTRA HOT on 2027-03-12 — prime Q1 2027 renewal target,Your Letter of Credit at BRICKWORK goes critical in Mar 2027. Start ACER process in Sep 2026 — before the Q1 rush.
Sagar Industries & Distilleries Pvt. Ltd.,TIER 3 — Junior RM / Tele-sales,Aug Wk3 (Aug 17-21),30.0,0,5.0,Manufacturing,CARE,October 2026,1,MEDIUM,INC rating hits ULTRA HOT threshold on 2026-10-06 — first call window,Get ahead of the Oct/Nov renewal rush; start ACER process now before CARE backlog builds
Sandeep Trucks Pvt. Ltd.,TIER 3 — Junior RM / Tele-sales,Aug Wk4 (Aug 24-31),30.0,0,5.0,Construction,CRISIL,October 2026,1,LOW,INC rating hits HOT threshold on 2026-11-24 — first call window,Get ahead of the Oct/Nov renewal rush; start ACER process now before CRISIL backlog builds
Saraswati Plastotech India Pvt. Ltd.,TIER 3 — Junior RM / Tele-sales,Aug Wk4 (Aug 24-31),30.0,0,3.0,IT/Technology,BRICKWORK,October 2026,1,LOW,INC rating hits HOT threshold on 2026-10-06 — first call window,Get ahead of the Oct/Nov renewal rush; start ACER process now before BRICKWORK backlog builds
Segam Tiles Pvt. Ltd.,TIER 3 — Junior RM / Tele-sales,Aug Wk4 (Aug 24-31),30.0,0,5.0,Construction,CARE,October 2026,1,LOW,INC rating hits HOT threshold on 2026-11-06 — first call window,Get ahead of the Oct/Nov renewal rush; start ACER process now before CARE backlog builds
Sharada Erectors Pvt. Ltd.,TIER 3 — Junior RM / Tele-sales,Aug Wk4 (Aug 24-31),30.0,0,5.0,Other,BRICKWORK,October 2026,1,LOW,INC rating hits HOT threshold on 2026-10-04 — first call window,Get ahead of the Oct/Nov renewal rush; start ACER process now before BRICKWORK backlog builds
Shri Mahabir Dyeing & Prtg. Mills Pvt. Ltd.,TIER 3 — Junior RM / Tele-sales,Aug Wk4 (Aug 24-31),30.0,0,5.0,Other,IND-RA,Q2 2027,1,LOW (<90 days),"INC since Apr 2026 (87 days). MEDIUM by Oct 2026, HOT by Jan 2027, ULTRA HOT by Apr 2027.",Your Term loans at IND-RA hits ULTRA HOT in Apr 2027. Start ACER process by Jan 2027 to be ahead of Q2 2027 renewal rush.
Shri Swami Samarth Engineers Ltd.,TIER 3 — Junior RM / Tele-sales,Aug Wk3 (Aug 17-21),30.0,0,4.0,Manufacturing,BRICKWORK,October 2026,1,MEDIUM,INC rating hits ULTRA HOT threshold on 2026-10-14 — first call window,Get ahead of the Oct/Nov renewal rush; start ACER process now before BRICKWORK backlog builds
Singla Timbers Pvt. Ltd.,TIER 3 — Junior RM / Tele-sales,Aug Wk4 (Aug 24-31),30.0,0,3.0,Other,CRISIL,October 2026,1,LOW,INC rating hits HOT threshold on 2026-11-24 — first call window,Get ahead of the Oct/Nov renewal rush; start ACER process now before CRISIL backlog builds
Surya Contractors Pvt. Ltd.,TIER 3 — Junior RM / Tele-sales,Aug Wk4 (Aug 24-31),30.0,0,4.0,Automobiles,BRICKWORK,Q2 2027,1,LOW (<90 days),"INC since Apr 2026 (87 days). MEDIUM by Oct 2026, HOT by Jan 2027, ULTRA HOT by Apr 2027.",Your Bank Guarantee at BRICKWORK hits ULTRA HOT in Apr 2027. Start ACER process by Jan 2027 to be ahead of Q2 2027 renewal rush.
Teleindia Networks Pvt. Ltd.,TIER 3 — Junior RM / Tele-sales,Aug Wk3 (Aug 17-21),30.0,0,5.0,IT/Technology,CRISIL,October 2026,1,MEDIUM,INC rating hits ULTRA HOT threshold on 2026-11-25 — first call window,Get ahead of the Oct/Nov renewal rush; start ACER process now before CRISIL backlog builds
Shiva Speciality Yarns Ltd.,TIER 3 — Junior RM / Tele-sales,Aug Wk4 (Aug 24-31),29.97,0,5.0,Textiles,CARE,Q2 2027,1,LOW (<90 days),"INC since Apr 2026 (83 days). MEDIUM by Oct 2026, HOT by Jan 2027, ULTRA HOT by Apr 2027.",Your Term loans at CARE hits ULTRA HOT in Apr 2027. Start ACER process by Jan 2027 to be ahead of Q2 2027 renewal rush.
J B S Enterprises Ltd.,TIER 3 — Junior RM / Tele-sales,Aug Wk3 (Aug 17-21),29.5,0,4.0,Other,CRISIL,October 2026,1,MEDIUM,INC rating hits ULTRA HOT threshold on 2026-11-13 — first call window,Get ahead of the Oct/Nov renewal rush; start ACER process now before CRISIL backlog builds
Manglam Paper Pvt. Ltd.,TIER 3 — Junior RM / Tele-sales,Aug Wk4 (Aug 24-31),29.5,0,5.0,Paper/Packaging,IND-RA,Q2 2027,1,LOW (<90 days),"INC since Apr 2026 (87 days). MEDIUM by Oct 2026, HOT by Jan 2027, ULTRA HOT by Apr 2027.",Your Term loans at IND-RA hits ULTRA HOT in Apr 2027. Start ACER process by Jan 2027 to be ahead of Q2 2027 renewal rush.
UK Farmer Producer Company Limited,TIER 3 — Junior RM / Tele-sales,Aug Wk4 (Aug 24-31),29.2,0,5.0,Agro & Food,Infomerics,Q1 2027,1,LOW/MEDIUM,INC rating hits ULTRA HOT on 2027-01-22 — exclusive Q1 2027 whitespace lead,Your Infomerics INC rating goes critical in Jan 2027. ACER is your best alternative — no competitor has approached you.
V Thangavel & Sons Pvt. Ltd.,TIER 3 — Junior RM / Tele-sales,Aug Wk4 (Aug 24-31),29.16,0,5.0,Other,ACUITE,October 2026,1,LOW,INC rating hits HOT threshold on 2026-11-17 — first call window,Get ahead of the Oct/Nov renewal rush; start ACER process now before ACUITE backlog builds
Spica Projects & Infrastructures Pvt. Ltd.,TIER 3 — Junior RM / Tele-sales,Aug Wk3 (Aug 17-21),29.13,0,4.0,Construction,CRISIL,October 2026,1,MEDIUM,INC rating hits ULTRA HOT threshold on 2026-10-29 — first call window,Get ahead of the Oct/Nov renewal rush; start ACER process now before CRISIL backlog builds
B V S Distilleries Pvt. Ltd.,TIER 3 — Junior RM / Tele-sales,Aug Wk4 (Aug 24-31),29.0,0,5.0,Other,IND-RA,Q2 2027,1,LOW (<90 days),"INC since Apr 2026 (87 days). MEDIUM by Oct 2026, HOT by Jan 2027, ULTRA HOT by Apr 2027.",Your Term loans at IND-RA hits ULTRA HOT in Apr 2027. Start ACER process by Jan 2027 to be ahead of Q2 2027 renewal rush.
S T Constructions Pvt. Ltd.,TIER 3 — Junior RM / Tele-sales,Aug Wk3 (Aug 17-21),29.0,0,4.0,Construction,ACUITE,October 2026,1,MEDIUM,INC rating hits ULTRA HOT threshold on 2026-10-17 — first call window,Get ahead of the Oct/Nov renewal rush; start ACER process now before ACUITE backlog builds
Sai Sidhi Swagat Health Services Pvt. Ltd.,TIER 3 — Junior RM / Tele-sales,Aug Wk4 (Aug 24-31),29.0,0,5.0,Healthcare,CRISIL,October 2026,1,LOW,INC rating hits HOT threshold on 2026-11-06 — first call window,Get ahead of the Oct/Nov renewal rush; start ACER process now before CRISIL backlog builds
Salonah Tea Pvt. Ltd.,TIER 3 — Junior RM / Tele-sales,Aug Wk4 (Aug 24-31),29.0,0,5.0,Agro & Food,IND-RA,October 2026,1,LOW,INC rating hits HOT threshold on 2026-10-13 — first call window,Get ahead of the Oct/Nov renewal rush; start ACER process now before IND-RA backlog builds
Venkateswara Electrical Inds. Pvt. Ltd.,TIER 3 — Junior RM / Tele-sales,Aug Wk4 (Aug 24-31),29.0,0,4.0,Energy,CRISIL,Q1 2027,1,LOW/MEDIUM,INC rating hits ULTRA HOT on 2027-03-11 — prime Q1 2027 renewal target,Your Bank Guarantee at CRISIL goes critical in Mar 2027. Start ACER process in Sep 2026 — before the Q1 rush.
Auto Profiles Ltd.,TIER 3 — Junior RM / Tele-sales,Aug Wk4 (Aug 24-31),28.92,0,5.0,Manufacturing,CRISIL,Q1 2027,1,LOW/MEDIUM,INC rating hits ULTRA HOT on 2027-03-11 — prime Q1 2027 renewal target,Your Term Loan at CRISIL goes critical in Mar 2027. Start ACER process in Sep 2026 — before the Q1 rush.
Bliss Hotels Ltd.,TIER 3 — Junior RM / Tele-sales,Aug Wk4 (Aug 24-31),28.9,0,5.0,Hotels & Tourism,CRISIL,October 2026,1,LOW,INC rating hits HOT threshold on 2026-11-17 — first call window,Get ahead of the Oct/Nov renewal rush; start ACER process now before CRISIL backlog builds
Raghava Life Sciences Pvt. Ltd.,TIER 3 — Junior RM / Tele-sales,Aug Wk4 (Aug 24-31),28.84,0,5.0,Healthcare,ICRA,October 2026,1,LOW,INC rating hits HOT threshold on 2026-11-21 — first call window,Get ahead of the Oct/Nov renewal rush; start ACER process now before ICRA backlog builds
Vardhan Agro Processing Ltd.,TIER 3 — Junior RM / Tele-sales,Aug Wk4 (Aug 24-31),28.83,0,5.0,Agro & Food,CRISIL,Q2 2027,1,LOW (<90 days),"INC since Apr 2026 (59 days). MEDIUM by Oct 2026, HOT by Jan 2027, ULTRA HOT by Apr 2027.",Your Term loans at CRISIL hits ULTRA HOT in Apr 2027. Start ACER process by Jan 2027 to be ahead of Q2 2027 renewal rush.
SSNR Power Private Limited,TIER 3 — Junior RM / Tele-sales,Aug Wk3 (Aug 17-21),28.79,0,5.0,Energy,Infomerics,October 2026,1,MEDIUM,INC rating hits ULTRA HOT threshold on 2026-11-20 — first call window,Get ahead of the Oct/Nov renewal rush; start ACER process now before Infomerics backlog builds
Sharda Timber Pvt. Ltd.,TIER 3 — Junior RM / Tele-sales,Aug Wk4 (Aug 24-31),28.5,0,3.0,Other,ACUITE,October 2026,1,LOW,INC rating hits HOT threshold on 2026-10-17 — first call window,Get ahead of the Oct/Nov renewal rush; start ACER process now before ACUITE backlog builds
Olive Bar & Kitchen Pvt. Ltd.,TIER 3 — Junior RM / Tele-sales,Aug Wk4 (Aug 24-31),28.42,0,5.0,Other,IND-RA,Q2 2027,1,LOW (<90 days),"INC since Apr 2026 (87 days). MEDIUM by Oct 2026, HOT by Jan 2027, ULTRA HOT by Apr 2027.",Your Term loans at IND-RA hits ULTRA HOT in Apr 2027. Start ACER process by Jan 2027 to be ahead of Q2 2027 renewal rush.
Tirupati Sugars Ltd.,TIER 3 — Junior RM / Tele-sales,Aug Wk4 (Aug 24-31),28.27,0,5.0,Agro & Food,ACUITE,October 2026,1,LOW,INC rating hits HOT threshold on 2026-10-16 — first call window,Get ahead of the Oct/Nov renewal rush; start ACER process now before ACUITE backlog builds
Virat Weaving Pvt. Ltd.,TIER 3 — Junior RM / Tele-sales,Aug Wk4 (Aug 24-31),28.27,0,5.0,Textiles,CRISIL,Q1 2027,1,LOW/MEDIUM,INC rating hits ULTRA HOT on 2027-03-11 — prime Q1 2027 renewal target,Your Term Loan at CRISIL goes critical in Mar 2027. Start ACER process in Sep 2026 — before the Q1 rush.
J H Parabia (Transport) Pvt. Ltd.,TIER 3 — Junior RM / Tele-sales,Aug Wk4 (Aug 24-31),28.13,0,5.0,Logistics,CRISIL,Q1 2027,1,LOW/MEDIUM,INC rating hits ULTRA HOT on 2027-03-17 — prime Q1 2027 renewal target,Your Term Loan at CRISIL goes critical in Mar 2027. Start ACER process in Sep 2026 — before the Q1 rush.
Gujarat Polyfilms Pvt. Ltd.,TIER 3 — Junior RM / Tele-sales,Aug Wk4 (Aug 24-31),28.12,0,5.0,Other,CRISIL,Q1 2027,1,LOW/MEDIUM,INC rating hits ULTRA HOT on 2027-03-27 — prime Q1 2027 renewal target,Your Term Loan at CRISIL goes critical in Mar 2027. Start ACER process in Sep 2026 — before the Q1 rush.
Harsha International,TIER 3 — Junior RM / Tele-sales,Aug Wk4 (Aug 24-31),28.08,0,5.0,Other,Infomerics,Q1 2027,1,LOW/MEDIUM,INC rating hits ULTRA HOT on 2027-01-19 — exclusive Q1 2027 whitespace lead,Your Infomerics INC rating goes critical in Jan 2027. ACER is your best alternative — no competitor has approached you.
Rotech Healthcare Pvt. Ltd.,TIER 3 — Junior RM / Tele-sales,Aug Wk4 (Aug 24-31),28.02,0,5.0,Healthcare,CRISIL,October 2026,1,LOW,INC rating hits HOT threshold on 2026-11-16 — first call window,Get ahead of the Oct/Nov renewal rush; start ACER process now before CRISIL backlog builds
Allied Infrastructures & Projects Pvt. Ltd.,TIER 3 — Junior RM / Tele-sales,Aug Wk3 (Aug 17-21),28.0,0,4.0,Construction,CRISIL,October 2026,1,MEDIUM,INC rating hits ULTRA HOT threshold on 2026-10-14 — first call window,Get ahead of the Oct/Nov renewal rush; start ACER process now before CRISIL backlog builds
Chemrow India Pvt. Ltd.,TIER 3 — Junior RM / Tele-sales,Aug Wk3 (Aug 17-21),28.0,0,3.0,Chemicals & Pharma,CARE,October 2026,1,MEDIUM,INC rating hits ULTRA HOT threshold on 2026-10-13 — first call window,Get ahead of the Oct/Nov renewal rush; start ACER process now before CARE backlog builds
Cottage Industries Exposition Ltd.,TIER 3 — Junior RM / Tele-sales,Aug Wk4 (Aug 24-31),28.0,0,5.0,Other,CARE,Q1 2027,1,LOW/MEDIUM,INC rating hits ULTRA HOT on 2027-03-09 — prime Q1 2027 renewal target,Your Term Loan at CARE goes critical in Mar 2027. Start ACER process in Sep 2026 — before the Q1 rush.
Hitesh Plastics Pvt. Ltd.,TIER 3 — Junior RM / Tele-sales,Aug Wk3 (Aug 17-21),28.0,0,5.0,Chemicals & Pharma,ICRA,October 2026,1,MEDIUM,INC rating hits ULTRA HOT threshold on 2026-11-12 — first call window,Get ahead of the Oct/Nov renewal rush; start ACER process now before ICRA backlog builds
Kailash Devbuild (India) Pvt. Ltd.,TIER 3 — Junior RM / Tele-sales,Aug Wk3 (Aug 17-21),28.0,0,3.0,Construction,ICRA,October 2026,1,MEDIUM,INC rating hits ULTRA HOT threshold on 2026-10-29 — first call window,Get ahead of the Oct/Nov renewal rush; start ACER process now before ICRA backlog builds
Om Sree Papertek Pvt. Ltd.,TIER 3 — Junior RM / Tele-sales,Aug Wk3 (Aug 17-21),28.0,0,5.0,Paper/Packaging,CRISIL,October 2026,1,MEDIUM,INC rating hits ULTRA HOT threshold on 2026-11-26 — first call window,Get ahead of the Oct/Nov renewal rush; start ACER process now before CRISIL backlog builds
Rashmi Rare Earth Ltd.,TIER 3 — Junior RM / Tele-sales,Aug Wk4 (Aug 24-31),28.0,0,5.0,Other,ACUITE,October 2026,1,LOW,INC rating hits HOT threshold on 2026-10-02 — first call window,Get ahead of the Oct/Nov renewal rush; start ACER process now before ACUITE backlog builds
Turboatom T P S Projects Ltd.,TIER 3 — Junior RM / Tele-sales,Aug Wk4 (Aug 24-31),28.0,0,5.0,Construction,CRISIL,October 2026,1,LOW,INC rating hits HOT threshold on 2026-10-28 — first call window,Get ahead of the Oct/Nov renewal rush; start ACER process now before CRISIL backlog builds
Meenakshi Udyog (India) Pvt. Ltd.,TIER 3 — Junior RM / Tele-sales,Aug Wk3 (Aug 17-21),27.87,0,5.0,Other,IND-RA,October 2026,1,MEDIUM,INC rating hits ULTRA HOT threshold on 2026-10-06 — first call window,Get ahead of the Oct/Nov renewal rush; start ACER process now before IND-RA backlog builds
Wadi Surgicals Pvt. Ltd.,TIER 3 — Junior RM / Tele-sales,Aug Wk4 (Aug 24-31),27.79,0,5.0,Other,IND-RA,October 2026,1,LOW,INC rating hits HOT threshold on 2026-11-21 — first call window,Get ahead of the Oct/Nov renewal rush; start ACER process now before IND-RA backlog builds
Luxor International Pvt. Ltd.,TIER 3 — Junior RM / Tele-sales,Aug Wk4 (Aug 24-31),27.75,0,5.0,Other,CRISIL,October 2026,1,LOW,INC rating hits HOT threshold on 2026-10-18 — first call window,Get ahead of the Oct/Nov renewal rush; start ACER process now before CRISIL backlog builds
Hansa Metallics Ltd.,TIER 3 — Junior RM / Tele-sales,Aug Wk3 (Aug 17-21),27.5,0,3.0,Steel & Metals,BRICKWORK,October 2026,1,MEDIUM,INC rating hits ULTRA HOT threshold on 2026-10-10 — first call window,Get ahead of the Oct/Nov renewal rush; start ACER process now before BRICKWORK backlog builds
Sattva Engineering Construction Ltd.,TIER 3 — Junior RM / Tele-sales,Aug Wk4 (Aug 24-31),27.5,0,4.0,Construction,BRICKWORK,Q2 2027,1,LOW (<90 days),"INC since Apr 2026 (88 days). MEDIUM by Oct 2026, HOT by Jan 2027, ULTRA HOT by Apr 2027.",Your Bank Guarantee at BRICKWORK hits ULTRA HOT in Apr 2027. Start ACER process by Jan 2027 to be ahead of Q2 2027 renewal rush.
Sew Bellary Highways Ltd.,TIER 3 — Junior RM / Tele-sales,Aug Wk4 (Aug 24-31),27.43,0,5.0,Construction,BRICKWORK,Q2 2027,1,LOW (<90 days),"INC since Apr 2026 (88 days). MEDIUM by Oct 2026, HOT by Jan 2027, ULTRA HOT by Apr 2027.",Your Term loans at BRICKWORK hits ULTRA HOT in Apr 2027. Start ACER process by Jan 2027 to be ahead of Q2 2027 renewal rush.
Wardwizard Innovations & Mobility Ltd.,TIER 3 — Junior RM / Tele-sales,Aug Wk4 (Aug 24-31),27.25,0,5.0,Other,CRISIL,Q1 2027,1,LOW/MEDIUM,INC rating hits ULTRA HOT on 2027-03-31 — prime Q1 2027 renewal target,Your Term Loan at CRISIL goes critical in Mar 2027. Start ACER process in Sep 2026 — before the Q1 rush.
Skaf Construction Pvt. Ltd.,TIER 3 — Junior RM / Tele-sales,Aug Wk4 (Aug 24-31),27.0,0,4.0,Construction,CRISIL,October 2026,1,LOW,INC rating hits HOT threshold on 2026-10-02 — first call window,Get ahead of the Oct/Nov renewal rush; start ACER process now before CRISIL backlog builds
Smart Agro Food Park Pvt. Ltd.,TIER 3 — Junior RM / Tele-sales,Aug Wk3 (Aug 17-21),27.0,0,5.0,Agro & Food,CRISIL,October 2026,1,MEDIUM,INC rating hits ULTRA HOT threshold on 2026-10-24 — first call window,Get ahead of the Oct/Nov renewal rush; start ACER process now before CRISIL backlog builds
Suryodaya Infra Projects (I) Pvt. Ltd.,TIER 3 — Junior RM / Tele-sales,Aug Wk3 (Aug 17-21),27.0,0,4.0,Construction,ACUITE,October 2026,1,MEDIUM,INC rating hits ULTRA HOT threshold on 2026-10-03 — first call window,Get ahead of the Oct/Nov renewal rush; start ACER process now before ACUITE backlog builds
Toshniwal Enterprises Controls Ltd.,TIER 3 — Junior RM / Tele-sales,Aug Wk4 (Aug 24-31),27.0,0,5.0,Other,IND-RA,Q2 2027,1,LOW (<90 days),"INC since Apr 2026 (87 days). MEDIUM by Oct 2026, HOT by Jan 2027, ULTRA HOT by Apr 2027.",Your Term loans at IND-RA hits ULTRA HOT in Apr 2027. Start ACER process by Jan 2027 to be ahead of Q2 2027 renewal rush.
Advance Panels & Switchgears Pvt. Ltd.,TIER 3 — Junior RM / Tele-sales,Aug Wk3 (Aug 17-21),26.9,0,4.0,Other,CRISIL,October 2026,1,MEDIUM,INC rating hits ULTRA HOT threshold on 2026-10-17 — first call window,Get ahead of the Oct/Nov renewal rush; start ACER process now before CRISIL backlog builds
Ganpati Sponge Iron Pvt. Ltd.,TIER 3 — Junior RM / Tele-sales,Aug Wk3 (Aug 17-21),26.83,0,5.0,Steel & Metals,ACUITE,October 2026,1,MEDIUM,INC rating hits ULTRA HOT threshold on 2026-10-15 — first call window,Get ahead of the Oct/Nov renewal rush; start ACER process now before ACUITE backlog builds
Itacon Granito Pvt. Ltd.,TIER 3 — Junior RM / Tele-sales,Aug Wk4 (Aug 24-31),26.7,0,5.0,Other,BRICKWORK,October 2026,1,LOW,INC rating hits HOT threshold on 2026-11-17 — first call window,Get ahead of the Oct/Nov renewal rush; start ACER process now before BRICKWORK backlog builds
Ramdev Sugars Pvt. Ltd.,TIER 3 — Junior RM / Tele-sales,Aug Wk4 (Aug 24-31),26.69,0,5.0,Agro & Food,CRISIL,October 2026,1,LOW,INC rating hits HOT threshold on 2026-10-16 — first call window,Get ahead of the Oct/Nov renewal rush; start ACER process now before CRISIL backlog builds
Universal Infra & Agri Oils Private Limited,TIER 3 — Junior RM / Tele-sales,Aug Wk3 (Aug 17-21),26.62,0,5.0,Construction,Infomerics,October 2026,1,MEDIUM,INC rating hits ULTRA HOT threshold on 2026-11-10 — first call window,Get ahead of the Oct/Nov renewal rush; start ACER process now before Infomerics backlog builds
Gupta Threads Ltd.,TIER 3 — Junior RM / Tele-sales,Aug Wk3 (Aug 17-21),26.53,0,5.0,Textiles,CRISIL,October 2026,1,MEDIUM,INC rating hits ULTRA HOT threshold on 2026-10-23 — first call window,Get ahead of the Oct/Nov renewal rush; start ACER process now before CRISIL backlog builds
Shreesatya Metals & Alloys Private Limited,TIER 3 — Junior RM / Tele-sales,Aug Wk3 (Aug 17-21),26.52,0,5.0,Steel & Metals,Infomerics,October 2026,1,MEDIUM,INC rating hits ULTRA HOT threshold on 2026-11-26 — first call window,Get ahead of the Oct/Nov renewal rush; start ACER process now before Infomerics backlog builds
Innovative Textiles Ltd.,TIER 3 — Junior RM / Tele-sales,Aug Wk4 (Aug 24-31),26.5,0,5.0,Textiles,CRISIL,Q1 2027,1,LOW/MEDIUM,INC rating hits ULTRA HOT on 2027-03-18 — prime Q1 2027 renewal target,Your Term Loan at CRISIL goes critical in Mar 2027. Start ACER process in Sep 2026 — before the Q1 rush.
O S L Automotives Pvt. Ltd.,TIER 3 — Junior RM / Tele-sales,Aug Wk4 (Aug 24-31),26.5,0,5.0,Automobiles,CRISIL,October 2026,1,LOW,INC rating hits HOT threshold on 2026-10-20 — first call window,Get ahead of the Oct/Nov renewal rush; start ACER process now before CRISIL backlog builds
Sai Shipping Co. Pvt. Ltd.,TIER 3 — Junior RM / Tele-sales,Aug Wk3 (Aug 17-21),26.5,0,5.0,Logistics,CRISIL,October 2026,1,MEDIUM,INC rating hits ULTRA HOT threshold on 2026-10-07 — first call window,Get ahead of the Oct/Nov renewal rush; start ACER process now before CRISIL backlog builds
Radhalaxmi Spintex Pvt. Ltd.,TIER 3 — Junior RM / Tele-sales,Aug Wk3 (Aug 17-21),26.46,0,5.0,Other,BRICKWORK,October 2026,1,MEDIUM,INC rating hits ULTRA HOT threshold on 2026-11-07 — first call window,Get ahead of the Oct/Nov renewal rush; start ACER process now before BRICKWORK backlog builds
Sara Suole Pvt. Ltd.,TIER 3 — Junior RM / Tele-sales,Aug Wk3 (Aug 17-21),26.27,0,5.0,Other,CRISIL,October 2026,1,MEDIUM,INC rating hits ULTRA HOT threshold on 2026-11-13 — first call window,Get ahead of the Oct/Nov renewal rush; start ACER process now before CRISIL backlog builds
Maya Ventures Pvt. Ltd.,TIER 3 — Junior RM / Tele-sales,Aug Wk3 (Aug 17-21),26.2,0,5.0,Other,CRISIL,October 2026,1,MEDIUM,INC rating hits ULTRA HOT threshold on 2026-10-31 — first call window,Get ahead of the Oct/Nov renewal rush; start ACER process now before CRISIL backlog builds
Intergen Energy Ltd.,TIER 3 — Junior RM / Tele-sales,Aug Wk4 (Aug 24-31),26.1,0,4.0,Energy,BRICKWORK,October 2026,1,LOW,INC rating hits HOT threshold on 2026-10-31 — first call window,Get ahead of the Oct/Nov renewal rush; start ACER process now before BRICKWORK backlog builds
A P Y Medi Services Pvt. Ltd.,TIER 3 — Junior RM / Tele-sales,Aug Wk3 (Aug 17-21),26.0,0,5.0,Other,IND-RA,October 2026,1,MEDIUM,INC rating hits ULTRA HOT threshold on 2026-10-17 — first call window,Get ahead of the Oct/Nov renewal rush; start ACER process now before IND-RA backlog builds
Hercules Plastic Pvt. Ltd.,TIER 3 — Junior RM / Tele-sales,Aug Wk4 (Aug 24-31),26.0,0,5.0,Chemicals & Pharma,CRISIL,October 2026,1,LOW,INC rating hits HOT threshold on 2026-11-22 — first call window,Get ahead of the Oct/Nov renewal rush; start ACER process now before CRISIL backlog builds
Sameera Hotels (Chennai) Pvt. Ltd.,TIER 3 — Junior RM / Tele-sales,Aug Wk3 (Aug 17-21),26.0,0,5.0,Hotels & Tourism,CRISIL,October 2026,1,MEDIUM,INC rating hits ULTRA HOT threshold on 2026-10-23 — first call window,Get ahead of the Oct/Nov renewal rush; start ACER process now before CRISIL backlog builds
Sarjan Infracon Pvt. Ltd.,TIER 3 — Junior RM / Tele-sales,Aug Wk3 (Aug 17-21),26.0,0,4.0,Construction,ACUITE,October 2026,1,MEDIUM,INC rating hits ULTRA HOT threshold on 2026-11-03 — first call window,Get ahead of the Oct/Nov renewal rush; start ACER process now before ACUITE backlog builds
Shri Maa Polyfabs Ltd.,TIER 3 — Junior RM / Tele-sales,Aug Wk3 (Aug 17-21),26.0,0,5.0,Other,ACUITE,October 2026,1,MEDIUM,INC rating hits ULTRA HOT threshold on 2026-11-28 — first call window,Get ahead of the Oct/Nov renewal rush; start ACER process now before ACUITE backlog builds
Vishnu Vidyuth India Ltd.,TIER 3 — Junior RM / Tele-sales,Aug Wk4 (Aug 24-31),26.0,0,5.0,Other,CRISIL,Q2 2027,1,LOW (<90 days),"INC since Apr 2026 (59 days). MEDIUM by Oct 2026, HOT by Jan 2027, ULTRA HOT by Apr 2027.",Your Term loans at CRISIL hits ULTRA HOT in Apr 2027. Start ACER process by Jan 2027 to be ahead of Q2 2027 renewal rush.
Msjathin Infra Pvt. Ltd.,TIER 3 — Junior RM / Tele-sales,Aug Wk3 (Aug 17-21),25.72,0,4.0,Construction,CARE,October 2026,1,MEDIUM,INC rating hits ULTRA HOT threshold on 2026-10-03 — first call window,Get ahead of the Oct/Nov renewal rush; start ACER process now before CARE backlog builds
Akashganga Infraventures India Pvt. Ltd.,TIER 3 — Junior RM / Tele-sales,Aug Wk4 (Aug 24-31),25.5,0,4.0,Construction,BRICKWORK,October 2026,1,LOW,INC rating hits HOT threshold on 2026-11-06 — first call window,Get ahead of the Oct/Nov renewal rush; start ACER process now before BRICKWORK backlog builds
Crevita Granito Pvt. Ltd.,TIER 3 — Junior RM / Tele-sales,Aug Wk4 (Aug 24-31),25.5,0,5.0,Other,ICRA,October 2026,1,LOW,INC rating hits HOT threshold on 2026-11-15 — first call window,Get ahead of the Oct/Nov renewal rush; start ACER process now before ICRA backlog builds
Oxford Golf & Resorts Pvt. Ltd.,TIER 3 — Junior RM / Tele-sales,Aug Wk4 (Aug 24-31),25.47,0,5.0,Hotels & Tourism,BRICKWORK,Q1 2027,1,LOW/MEDIUM,INC rating hits ULTRA HOT on 2027-03-10 — prime Q1 2027 renewal target,Your Fund-Based at BRICKWORK goes critical in Mar 2027. Start ACER process in Sep 2026 — before the Q1 rush.
Sri Shyam Fashion India Private Limited,TIER 3 — Junior RM / Tele-sales,Aug Wk3 (Aug 17-21),25.44,0,5.0,Textiles,Infomerics,October 2026,1,MEDIUM,INC rating hits ULTRA HOT threshold on 2026-10-17 — first call window,Get ahead of the Oct/Nov renewal rush; start ACER process now before Infomerics backlog builds
Blue Ocean Biotech Pvt. Ltd.,TIER 3 — Junior RM / Tele-sales,Aug Wk4 (Aug 24-31),25.4,0,5.0,Healthcare,CRISIL,October 2026,1,LOW,INC rating hits HOT threshold on 2026-11-22 — first call window,Get ahead of the Oct/Nov renewal rush; start ACER process now before CRISIL backlog builds
Pune Polymers Pvt. Ltd.,TIER 3 — Junior RM / Tele-sales,Aug Wk4 (Aug 24-31),25.27,0,5.0,Chemicals & Pharma,CARE,Q1 2027,1,LOW/MEDIUM,INC rating hits ULTRA HOT on 2027-03-27 — prime Q1 2027 renewal target,Your Term Loan at CARE goes critical in Mar 2027. Start ACER process in Sep 2026 — before the Q1 rush.
Sai Silks (Kalamandir) Ltd.,TIER 3 — Junior RM / Tele-sales,Aug Wk4 (Aug 24-31),25.23,0,5.0,Agro & Food,IND-RA,October 2026,1,LOW,INC rating hits HOT threshold on 2026-10-13 — first call window,Get ahead of the Oct/Nov renewal rush; start ACER process now before IND-RA backlog builds
Pannageshwar Sugar Mills Ltd.,TIER 3 — Junior RM / Tele-sales,Aug Wk4 (Aug 24-31),25.14,0,5.0,Agro & Food,ICRA,Q2 2027,1,LOW (<90 days),"INC since Apr 2026 (79 days). MEDIUM by Oct 2026, HOT by Jan 2027, ULTRA HOT by Apr 2027.",Your Term loans at ICRA hits ULTRA HOT in Apr 2027. Start ACER process by Jan 2027 to be ahead of Q2 2027 renewal rush.
Trinity Cleantech Pvt. Ltd.,TIER 3 — Junior RM / Tele-sales,Aug Wk3 (Aug 17-21),25.1,0,5.0,IT/Technology,CRISIL,October 2026,1,MEDIUM,INC rating hits ULTRA HOT threshold on 2026-10-06 — first call window,Get ahead of the Oct/Nov renewal rush; start ACER process now before CRISIL backlog builds
Methods (India) Pvt. Ltd.,TIER 3 — Junior RM / Tele-sales,Aug Wk4 (Aug 24-31),25.04,0,4.0,Other,BRICKWORK,October 2026,1,LOW,INC rating hits HOT threshold on 2026-11-27 — first call window,Get ahead of the Oct/Nov renewal rush; start ACER process now before BRICKWORK backlog builds
Aman Rolling Mills Private Limited,TIER 3 — Junior RM / Tele-sales,Aug Wk3 (Aug 17-21),25.0,0,5.0,Steel & Metals,Infomerics,October 2026,1,MEDIUM,INC rating hits ULTRA HOT threshold on 2026-11-14 — first call window,Get ahead of the Oct/Nov renewal rush; start ACER process now before Infomerics backlog builds
Ambashakti Udyog Ltd.,TIER 3 — Junior RM / Tele-sales,Aug Wk3 (Aug 17-21),25.0,0,3.0,Other,BRICKWORK,October 2026,1,MEDIUM,INC rating hits ULTRA HOT threshold on 2026-10-30 — first call window,Get ahead of the Oct/Nov renewal rush; start ACER process now before BRICKWORK backlog builds
Ciscons Constructions Pvt. Ltd.,TIER 3 — Junior RM / Tele-sales,Aug Wk3 (Aug 17-21),25.0,0,4.0,Construction,ACUITE,October 2026,1,MEDIUM,INC rating hits ULTRA HOT threshold on 2026-10-29 — first call window,Get ahead of the Oct/Nov renewal rush; start ACER process now before ACUITE backlog builds
Crescent Auto Repairs & Services India Pvt. Ltd.,TIER 3 — Junior RM / Tele-sales,Aug Wk4 (Aug 24-31),25.0,0,5.0,Automobiles,CRISIL,October 2026,1,LOW,INC rating hits HOT threshold on 2026-11-23 — first call window,Get ahead of the Oct/Nov renewal rush; start ACER process now before CRISIL backlog builds
Dakshin Budhakali Improvement Society,TIER 3 — Junior RM / Tele-sales,Aug Wk4 (Aug 24-31),25.0,0,5.0,Other,Infomerics,Q1 2027,1,LOW/MEDIUM,INC rating hits ULTRA HOT on 2027-02-06 — exclusive Q1 2027 whitespace lead,Your Infomerics INC rating goes critical in Feb 2027. ACER is your best alternative — no competitor has approached you.
Dureza Granito Pvt. Ltd.,TIER 3 — Junior RM / Tele-sales,Aug Wk4 (Aug 24-31),25.0,0,5.0,Other,ICRA,Q1 2027,1,LOW/MEDIUM,INC rating hits ULTRA HOT on 2027-03-13 — prime Q1 2027 renewal target,Your Term Loan at ICRA goes critical in Mar 2027. Start ACER process in Sep 2026 — before the Q1 rush.
Glowmore Finance Pvt. Ltd.,TIER 3 — Junior RM / Tele-sales,Aug Wk3 (Aug 17-21),25.0,0,5.0,BFSI,IND-RA,October 2026,1,MEDIUM,INC rating hits ULTRA HOT threshold on 2026-11-10 — first call window,Get ahead of the Oct/Nov renewal rush; start ACER process now before IND-RA backlog builds
Gurudeo Exports Corpn. Pvt. Ltd.,TIER 3 — Junior RM / Tele-sales,Aug Wk4 (Aug 24-31),25.0,0,3.0,Logistics,ACUITE,October 2026,1,LOW,INC rating hits HOT threshold on 2026-11-14 — first call window,Get ahead of the Oct/Nov renewal rush; start ACER process now before ACUITE backlog builds
Imperial Constrafin Pvt. Ltd.,TIER 3 — Junior RM / Tele-sales,Aug Wk4 (Aug 24-31),25.0,0,4.0,Other,BRICKWORK,Q1 2027,1,LOW/MEDIUM,INC rating hits ULTRA HOT on 2027-03-16 — prime Q1 2027 renewal target,Your Bank Guarantee at BRICKWORK goes critical in Mar 2027. Start ACER process in Sep 2026 — before the Q1 rush.
Indermani Mineral India Pvt. Ltd.,TIER 3 — Junior RM / Tele-sales,Aug Wk4 (Aug 24-31),25.0,0,3.0,Mining,BRICKWORK,Q1 2027,1,LOW/MEDIUM,INC rating hits ULTRA HOT on 2027-03-12 — prime Q1 2027 renewal target,Your Letter of Credit at BRICKWORK goes critical in Mar 2027. Start ACER process in Sep 2026 — before the Q1 rush.
Indian Furniture Products Ltd.,TIER 3 — Junior RM / Tele-sales,Aug Wk3 (Aug 17-21),25.0,0,3.0,Manufacturing,ICRA,October 2026,1,MEDIUM,INC rating hits ULTRA HOT threshold on 2026-11-12 — first call window,Get ahead of the Oct/Nov renewal rush; start ACER process now before ICRA backlog builds
Ivis International Pvt. Ltd.,TIER 3 — Junior RM / Tele-sales,Aug Wk4 (Aug 24-31),25.0,0,5.0,Other,CRISIL,October 2026,1,LOW,INC rating hits HOT threshold on 2026-11-20 — first call window,Get ahead of the Oct/Nov renewal rush; start ACER process now before CRISIL backlog builds
K V Joseph & Sons Pvt. Ltd.,TIER 3 — Junior RM / Tele-sales,Aug Wk4 (Aug 24-31),25.0,0,4.0,Other,CRISIL,October 2026,1,LOW,INC rating hits HOT threshold on 2026-10-18 — first call window,Get ahead of the Oct/Nov renewal rush; start ACER process now before CRISIL backlog builds
Kimiya Engineers Pvt. Ltd.,TIER 3 — Junior RM / Tele-sales,Aug Wk4 (Aug 24-31),25.0,0,4.0,Other,CRISIL,Q2 2027,1,LOW (<90 days),"INC since Apr 2026 (66 days). MEDIUM by Oct 2026, HOT by Jan 2027, ULTRA HOT by Apr 2027.",Your Bank Guarantee at CRISIL hits ULTRA HOT in Apr 2027. Start ACER process by Jan 2027 to be ahead of Q2 2027 renewal rush.
Kotak Petro-Chem Pvt. Ltd.,TIER 3 — Junior RM / Tele-sales,Aug Wk4 (Aug 24-31),25.0,0,3.0,Chemicals & Pharma,BRICKWORK,October 2026,1,LOW,INC rating hits HOT threshold on 2026-11-14 — first call window,Get ahead of the Oct/Nov renewal rush; start ACER process now before BRICKWORK backlog builds
Man Cott Pvt. Ltd.,TIER 3 — Junior RM / Tele-sales,Aug Wk4 (Aug 24-31),25.0,0,5.0,Other,IND-RA,Q2 2027,1,LOW (<90 days),"INC since Apr 2026 (87 days). MEDIUM by Oct 2026, HOT by Jan 2027, ULTRA HOT by Apr 2027.",Your Term loans at IND-RA hits ULTRA HOT in Apr 2027. Start ACER process by Jan 2027 to be ahead of Q2 2027 renewal rush.
My Car (Bhopal) Pvt. Ltd.,TIER 3 — Junior RM / Tele-sales,Aug Wk4 (Aug 24-31),25.0,0,5.0,Other,CRISIL,Q2 2027,1,LOW (<90 days),"INC since Apr 2026 (65 days). MEDIUM by Oct 2026, HOT by Jan 2027, ULTRA HOT by Apr 2027.",Your Fund based financial facility/instrument at CRISIL hits ULTRA HOT in Apr 2027. Start ACER process by Jan 2027 to be ahead of Q2 2027 renewal rush.
Northern Sky Properties Pvt. Ltd.,TIER 3 — Junior RM / Tele-sales,Aug Wk4 (Aug 24-31),25.0,0,5.0,Other,CRISIL,Q1 2027,1,LOW/MEDIUM,INC rating hits ULTRA HOT on 2027-03-25 — prime Q1 2027 renewal target,Your Term Loan at CRISIL goes critical in Mar 2027. Start ACER process in Sep 2026 — before the Q1 rush.
Placero International Pvt. Ltd.,TIER 3 — Junior RM / Tele-sales,Aug Wk4 (Aug 24-31),25.0,0,5.0,Other,CRISIL,October 2026,1,LOW,INC rating hits HOT threshold on 2026-11-16 — first call window,Get ahead of the Oct/Nov renewal rush; start ACER process now before CRISIL backlog builds
Rashmi Ispat Pvt. Ltd.,TIER 3 — Junior RM / Tele-sales,Aug Wk4 (Aug 24-31),25.0,0,5.0,Other,ACUITE,October 2026,1,LOW,INC rating hits HOT threshold on 2026-11-16 — first call window,Get ahead of the Oct/Nov renewal rush; start ACER process now before ACUITE backlog builds
Rattan Singh Builders Pvt. Ltd.,TIER 3 — Junior RM / Tele-sales,Aug Wk3 (Aug 17-21),25.0,0,4.0,Construction,CRISIL,October 2026,1,MEDIUM,INC rating hits ULTRA HOT threshold on 2026-10-10 — first call window,Get ahead of the Oct/Nov renewal rush; start ACER process now before CRISIL backlog builds
Rockwell Industries Ltd.,TIER 3 — Junior RM / Tele-sales,Aug Wk3 (Aug 17-21),25.0,0,3.0,Manufacturing,CRISIL,October 2026,1,MEDIUM,INC rating hits ULTRA HOT threshold on 2026-11-27 — first call window,Get ahead of the Oct/Nov renewal rush; start ACER process now before CRISIL backlog builds
S P R Construction Pvt. Ltd.,TIER 3 — Junior RM / Tele-sales,Aug Wk3 (Aug 17-21),25.0,0,4.0,Construction,BRICKWORK,October 2026,1,MEDIUM,INC rating hits ULTRA HOT threshold on 2026-11-12 — first call window,Get ahead of the Oct/Nov renewal rush; start ACER process now before BRICKWORK backlog builds
Salvo Industries Pvt. Ltd.,TIER 3 — Junior RM / Tele-sales,Aug Wk4 (Aug 24-31),25.0,0,5.0,Manufacturing,CRISIL,Q1 2027,1,LOW/MEDIUM,INC rating hits ULTRA HOT on 2027-03-30 — prime Q1 2027 renewal target,Your Term Loan at CRISIL goes critical in Mar 2027. Start ACER process in Sep 2026 — before the Q1 rush.
Sandhya Chemplast Pvt. Ltd.,TIER 3 — Junior RM / Tele-sales,Aug Wk3 (Aug 17-21),25.0,0,5.0,Construction,CRISIL,October 2026,1,MEDIUM,INC rating hits ULTRA HOT threshold on 2026-11-04 — first call window,Get ahead of the Oct/Nov renewal rush; start ACER process now before CRISIL backlog builds
Shardashree Ispat Ltd.,TIER 3 — Junior RM / Tele-sales,Aug Wk4 (Aug 24-31),25.0,0,5.0,Other,ACUITE,Q1 2027,1,LOW/MEDIUM,INC rating hits ULTRA HOT on 2027-03-11 — prime Q1 2027 renewal target,Your Term Loan at ACUITE goes critical in Mar 2027. Start ACER process in Sep 2026 — before the Q1 rush.
Sheetal Cool Products Ltd.,TIER 3 — Junior RM / Tele-sales,Aug Wk4 (Aug 24-31),25.0,0,5.0,Other,CRISIL,Q1 2027,1,LOW/MEDIUM,INC rating hits ULTRA HOT on 2027-03-31 — prime Q1 2027 renewal target,Your Term Loan at CRISIL goes critical in Mar 2027. Start ACER process in Sep 2026 — before the Q1 rush.
Udit Infraworld Pvt. Ltd.,TIER 3 — Junior RM / Tele-sales,Aug Wk4 (Aug 24-31),25.0,0,4.0,Construction,BRICKWORK,October 2026,1,LOW,INC rating hits HOT threshold on 2026-10-19 — first call window,Get ahead of the Oct/Nov renewal rush; start ACER process now before BRICKWORK backlog builds
Vijay Deep Hotels Pvt. Ltd.,TIER 3 — Junior RM / Tele-sales,Aug Wk4 (Aug 24-31),25.0,0,5.0,Hotels & Tourism,CRISIL,October 2026,1,LOW,INC rating hits HOT threshold on 2026-10-18 — first call window,Get ahead of the Oct/Nov renewal rush; start ACER process now before CRISIL backlog builds
Magnum Spinning Mills India Pvt. Ltd.,TIER 3 — Junior RM / Tele-sales,Aug Wk4 (Aug 24-31),24.95,0,5.0,Textiles,BRICKWORK,October 2026,1,LOW,INC rating hits HOT threshold on 2026-11-24 — first call window,Get ahead of the Oct/Nov renewal rush; start ACER process now before BRICKWORK backlog builds
Federal Agro Industries Pvt. Ltd.,TIER 3 — Junior RM / Tele-sales,Aug Wk4 (Aug 24-31),24.79,0,5.0,Agro & Food,CRISIL,Q1 2027,1,LOW/MEDIUM,INC rating hits ULTRA HOT on 2027-03-12 — prime Q1 2027 renewal target,Your Term Loan at CRISIL goes critical in Mar 2027. Start ACER process in Sep 2026 — before the Q1 rush.
Rukshmani Syntex Pvt. Ltd.,TIER 3 — Junior RM / Tele-sales,Aug Wk4 (Aug 24-31),24.7,0,5.0,Other,CRISIL,October 2026,1,LOW,INC rating hits HOT threshold on 2026-10-18 — first call window,Get ahead of the Oct/Nov renewal rush; start ACER process now before CRISIL backlog builds
Dhruv Cotton Processing Pvt. Ltd.,TIER 3 — Junior RM / Tele-sales,Aug Wk4 (Aug 24-31),24.62,0,5.0,Agro & Food,CRISIL,October 2026,1,LOW,INC rating hits HOT threshold on 2026-11-07 — first call window,Get ahead of the Oct/Nov renewal rush; start ACER process now before CRISIL backlog builds
Unitech Cotspin Ltd.,TIER 3 — Junior RM / Tele-sales,Aug Wk4 (Aug 24-31),24.32,0,5.0,IT/Technology,ICRA,October 2026,1,LOW,INC rating hits HOT threshold on 2026-10-30 — first call window,Get ahead of the Oct/Nov renewal rush; start ACER process now before ICRA backlog builds
Shree Ganesh Bakery Nandani Pvt. Ltd.,TIER 3 — Junior RM / Tele-sales,Aug Wk4 (Aug 24-31),24.16,0,5.0,Other,CRISIL,Q1 2027,1,LOW/MEDIUM,INC rating hits ULTRA HOT on 2027-03-27 — prime Q1 2027 renewal target,Your Term Loan at CRISIL goes critical in Mar 2027. Start ACER process in Sep 2026 — before the Q1 rush.
Indreshwar Sugar Mills Limited,TIER 3 — Junior RM / Tele-sales,Aug Wk3 (Aug 17-21),24.0,0,5.0,Agro & Food,Infomerics,October 2026,1,MEDIUM,INC rating hits ULTRA HOT threshold on 2026-10-28 — first call window,Get ahead of the Oct/Nov renewal rush; start ACER process now before Infomerics backlog builds
Inrhythm Energy Pvt. Ltd.,TIER 3 — Junior RM / Tele-sales,Aug Wk4 (Aug 24-31),24.0,0,5.0,Energy,IND-RA,October 2026,1,LOW,INC rating hits HOT threshold on 2026-10-13 — first call window,Get ahead of the Oct/Nov renewal rush; start ACER process now before IND-RA backlog builds
Metropole Vinimay Pvt. Ltd.,TIER 3 — Junior RM / Tele-sales,Aug Wk3 (Aug 17-21),24.0,0,5.0,Infrastructure,CRISIL,October 2026,1,MEDIUM,INC rating hits ULTRA HOT threshold on 2026-10-09 — first call window,Get ahead of the Oct/Nov renewal rush; start ACER process now before CRISIL backlog builds
Modern Prefab Systems Pvt. Ltd.,TIER 3 — Junior RM / Tele-sales,Aug Wk3 (Aug 17-21),24.0,0,4.0,Other,ACUITE,October 2026,1,MEDIUM,INC rating hits ULTRA HOT threshold on 2026-10-16 — first call window,Get ahead of the Oct/Nov renewal rush; start ACER process now before ACUITE backlog builds
N J A Inds. Pvt. Ltd.,TIER 3 — Junior RM / Tele-sales,Aug Wk4 (Aug 24-31),24.0,0,4.0,Other,CRISIL,October 2026,1,LOW,INC rating hits HOT threshold on 2026-10-05 — first call window,Get ahead of the Oct/Nov renewal rush; start ACER process now before CRISIL backlog builds
Realply Industries Pvt. Ltd.,TIER 3 — Junior RM / Tele-sales,Aug Wk4 (Aug 24-31),24.0,0,3.0,Manufacturing,CRISIL,October 2026,1,LOW,INC rating hits HOT threshold on 2026-11-16 — first call window,Get ahead of the Oct/Nov renewal rush; start ACER process now before CRISIL backlog builds
Siliguri Builders Pvt. Ltd.,TIER 3 — Junior RM / Tele-sales,Aug Wk4 (Aug 24-31),24.0,0,5.0,Construction,CRISIL,October 2026,1,LOW,INC rating hits HOT threshold on 2026-10-20 — first call window,Get ahead of the Oct/Nov renewal rush; start ACER process now before CRISIL backlog builds
Vishal Manufacturer Pvt. Ltd.,TIER 3 — Junior RM / Tele-sales,Aug Wk3 (Aug 17-21),23.93,0,5.0,Manufacturing,BRICKWORK,October 2026,1,MEDIUM,INC rating hits ULTRA HOT threshold on 2026-10-09 — first call window,Get ahead of the Oct/Nov renewal rush; start ACER process now before BRICKWORK backlog builds
Screen-o-Tex (India) Private Limited,TIER 3 — Junior RM / Tele-sales,Aug Wk3 (Aug 17-21),23.91,0,3.0,Other,Infomerics,October 2026,1,MEDIUM,INC rating hits ULTRA HOT threshold on 2026-10-30 — first call window,Get ahead of the Oct/Nov renewal rush; start ACER process now before Infomerics backlog builds
Shreesatya Steel & Power Private Limited,TIER 3 — Junior RM / Tele-sales,Aug Wk3 (Aug 17-21),23.56,0,5.0,Steel & Metals,Infomerics,October 2026,1,MEDIUM,INC rating hits ULTRA HOT threshold on 2026-11-26 — first call window,Get ahead of the Oct/Nov renewal rush; start ACER process now before Infomerics backlog builds
Premier Carworld Pvt. Ltd.,TIER 3 — Junior RM / Tele-sales,Aug Wk4 (Aug 24-31),23.5,0,5.0,Other,CRISIL,Q1 2027,1,LOW/MEDIUM,INC rating hits ULTRA HOT on 2027-03-30 — prime Q1 2027 renewal target,Your Term Loan at CRISIL goes critical in Mar 2027. Start ACER process in Sep 2026 — before the Q1 rush.
Uma Motors Pvt. Ltd.,TIER 3 — Junior RM / Tele-sales,Aug Wk3 (Aug 17-21),23.5,0,5.0,Automobiles,CRISIL,October 2026,1,MEDIUM,INC rating hits ULTRA HOT threshold on 2026-10-06 — first call window,Get ahead of the Oct/Nov renewal rush; start ACER process now before CRISIL backlog builds
Modi Car Agencies Pvt. Ltd.,TIER 3 — Junior RM / Tele-sales,Aug Wk3 (Aug 17-21),23.48,0,5.0,Automobiles,CRISIL,October 2026,1,MEDIUM,INC rating hits ULTRA HOT threshold on 2026-11-20 — first call window,Get ahead of the Oct/Nov renewal rush; start ACER process now before CRISIL backlog builds
PSAA Constructions Private Limited,TIER 3 — Junior RM / Tele-sales,Aug Wk3 (Aug 17-21),23.4,0,2.5,Construction,Infomerics,October 2026,1,MEDIUM,INC rating hits ULTRA HOT threshold on 2026-10-22 — first call window,Get ahead of the Oct/Nov renewal rush; start ACER process now before Infomerics backlog builds
Commercial Automobiles Pvt. Ltd.,TIER 3 — Junior RM / Tele-sales,Aug Wk4 (Aug 24-31),23.32,0,5.0,Automobiles,ICRA,October 2026,1,LOW,INC rating hits HOT threshold on 2026-10-19 — first call window,Get ahead of the Oct/Nov renewal rush; start ACER process now before ICRA backlog builds
Vivek Pharma-Chem(India) Ltd.,TIER 3 — Junior RM / Tele-sales,Aug Wk3 (Aug 17-21),23.3,0,4.0,Chemicals & Pharma,CRISIL,October 2026,1,MEDIUM,INC rating hits ULTRA HOT threshold on 2026-11-24 — first call window,Get ahead of the Oct/Nov renewal rush; start ACER process now before CRISIL backlog builds
Kerala Cars Pvt. Ltd.,TIER 3 — Junior RM / Tele-sales,Aug Wk4 (Aug 24-31),23.15,0,5.0,Automobiles,CRISIL,October 2026,1,LOW,INC rating hits HOT threshold on 2026-11-23 — first call window,Get ahead of the Oct/Nov renewal rush; start ACER process now before CRISIL backlog builds
K G Gupta Infrastructure Pvt. Ltd.,TIER 3 — Junior RM / Tele-sales,Aug Wk4 (Aug 24-31),23.1,0,4.0,Construction,BRICKWORK,October 2026,1,LOW,INC rating hits HOT threshold on 2026-10-19 — first call window,Get ahead of the Oct/Nov renewal rush; start ACER process now before BRICKWORK backlog builds
Adwalpalkar Constructions & Resorts Pvt. Ltd.,TIER 3 — Junior RM / Tele-sales,Aug Wk4 (Aug 24-31),23.05,0,5.0,Construction,ACUITE,October 2026,1,LOW,INC rating hits HOT threshold on 2026-10-24 — first call window,Get ahead of the Oct/Nov renewal rush; start ACER process now before ACUITE backlog builds
J P M Industries Ltd.,TIER 3 — Junior RM / Tele-sales,Aug Wk3 (Aug 17-21),23.0,0,3.0,Manufacturing,BRICKWORK,October 2026,1,MEDIUM,INC rating hits ULTRA HOT threshold on 2026-10-16 — first call window,Get ahead of the Oct/Nov renewal rush; start ACER process now before BRICKWORK backlog builds
J P Mukharjee & Associates Pvt. Ltd.,TIER 3 — Junior RM / Tele-sales,Aug Wk4 (Aug 24-31),23.0,0,4.0,Other,CRISIL,October 2026,1,LOW,INC rating hits HOT threshold on 2026-11-20 — first call window,Get ahead of the Oct/Nov renewal rush; start ACER process now before CRISIL backlog builds
Maharaja Agrofoods Pvt. Ltd.,TIER 3 — Junior RM / Tele-sales,Aug Wk4 (Aug 24-31),23.0,0,5.0,Agro & Food,CRISIL,Q2 2027,1,LOW (<90 days),"INC since Apr 2026 (66 days). MEDIUM by Oct 2026, HOT by Jan 2027, ULTRA HOT by Apr 2027.",Your Term loans at CRISIL hits ULTRA HOT in Apr 2027. Start ACER process by Jan 2027 to be ahead of Q2 2027 renewal rush.
Nikhil Footwears Pvt. Ltd.,TIER 3 — Junior RM / Tele-sales,Aug Wk4 (Aug 24-31),23.0,0,3.0,Other,CRISIL,Q2 2027,1,LOW (<90 days),"INC since Apr 2026 (79 days). MEDIUM by Oct 2026, HOT by Jan 2027, ULTRA HOT by Apr 2027.",Your Letter Of credit at CRISIL hits ULTRA HOT in Apr 2027. Start ACER process by Jan 2027 to be ahead of Q2 2027 renewal rush.
Shyan Engineers Project Pvt. Ltd.,TIER 3 — Junior RM / Tele-sales,Aug Wk3 (Aug 17-21),23.0,0,4.0,Manufacturing,CRISIL,October 2026,1,MEDIUM,INC rating hits ULTRA HOT threshold on 2026-11-13 — first call window,Get ahead of the Oct/Nov renewal rush; start ACER process now before CRISIL backlog builds
Value Ingredients Private Limited,TIER 3 — Junior RM / Tele-sales,Aug Wk3 (Aug 17-21),23.0,0,3.0,Other,Infomerics,October 2026,1,MEDIUM,INC rating hits ULTRA HOT threshold on 2026-10-13 — first call window,Get ahead of the Oct/Nov renewal rush; start ACER process now before Infomerics backlog builds
Swiss Garnier Biotech Pvt. Ltd.,TIER 3 — Junior RM / Tele-sales,Aug Wk4 (Aug 24-31),22.87,0,5.0,Healthcare,CARE,October 2026,1,LOW,INC rating hits HOT threshold on 2026-11-13 — first call window,Get ahead of the Oct/Nov renewal rush; start ACER process now before CARE backlog builds
Om Esha Agro Products Pvt. Ltd.,TIER 3 — Junior RM / Tele-sales,Aug Wk4 (Aug 24-31),22.84,0,5.0,Agro & Food,IND-RA,October 2026,1,LOW,INC rating hits HOT threshold on 2026-10-13 — first call window,Get ahead of the Oct/Nov renewal rush; start ACER process now before IND-RA backlog builds
S R M Power Pvt. Ltd.,TIER 3 — Junior RM / Tele-sales,Aug Wk4 (Aug 24-31),22.72,0,5.0,Energy/Power,IND-RA,Q2 2027,1,LOW (<90 days),"INC since Apr 2026 (87 days). MEDIUM by Oct 2026, HOT by Jan 2027, ULTRA HOT by Apr 2027.",Your Term loans at IND-RA hits ULTRA HOT in Apr 2027. Start ACER process by Jan 2027 to be ahead of Q2 2027 renewal rush.
Satia Synthetics Ltd.,TIER 3 — Junior RM / Tele-sales,Aug Wk4 (Aug 24-31),22.62,0,5.0,Other,ACUITE,Q2 2027,1,LOW (<90 days),"INC since Apr 2026 (76 days). MEDIUM by Oct 2026, HOT by Jan 2027, ULTRA HOT by Apr 2027.",Your Term loans at ACUITE hits ULTRA HOT in Apr 2027. Start ACER process by Jan 2027 to be ahead of Q2 2027 renewal rush.
Alpine Shoes Pvt. Ltd.,TIER 3 — Junior RM / Tele-sales,Aug Wk3 (Aug 17-21),22.58,0,5.0,Other,IND-RA,October 2026,1,MEDIUM,INC rating hits ULTRA HOT threshold on 2026-11-05 — first call window,Get ahead of the Oct/Nov renewal rush; start ACER process now before IND-RA backlog builds
Mozart Vitrified Pvt. Ltd.,TIER 3 — Junior RM / Tele-sales,Aug Wk4 (Aug 24-31),22.5,0,5.0,Other,CRISIL,Q1 2027,1,LOW/MEDIUM,INC rating hits ULTRA HOT on 2027-03-30 — prime Q1 2027 renewal target,Your Term Loan at CRISIL goes critical in Mar 2027. Start ACER process in Sep 2026 — before the Q1 rush.
Oriental Textile Processing Co. Pvt. Ltd.,TIER 3 — Junior RM / Tele-sales,Aug Wk4 (Aug 24-31),22.5,0,5.0,Textiles,CRISIL,October 2026,1,LOW,INC rating hits HOT threshold on 2026-10-28 — first call window,Get ahead of the Oct/Nov renewal rush; start ACER process now before CRISIL backlog builds
Pellet-Energy Systems Pvt. Ltd.,TIER 3 — Junior RM / Tele-sales,Aug Wk4 (Aug 24-31),22.5,0,5.0,Energy/Power,CARE,Q2 2027,1,LOW (<90 days),"INC since Apr 2026 (65 days). MEDIUM by Oct 2026, HOT by Jan 2027, ULTRA HOT by Apr 2027.",Your Term loans at CARE hits ULTRA HOT in Apr 2027. Start ACER process by Jan 2027 to be ahead of Q2 2027 renewal rush.
Trinity Engineers Pvt. Ltd.,TIER 3 — Junior RM / Tele-sales,Aug Wk3 (Aug 17-21),22.5,0,5.0,Manufacturing,CRISIL,October 2026,1,MEDIUM,INC rating hits ULTRA HOT threshold on 2026-11-13 — first call window,Get ahead of the Oct/Nov renewal rush; start ACER process now before CRISIL backlog builds
Uttam Cylinders Pvt. Ltd.,TIER 3 — Junior RM / Tele-sales,Aug Wk4 (Aug 24-31),22.11,0,5.0,Other,ACUITE,October 2026,1,LOW,INC rating hits HOT threshold on 2026-10-03 — first call window,Get ahead of the Oct/Nov renewal rush; start ACER process now before ACUITE backlog builds
Vsoft Technologies Pvt. Ltd.,TIER 3 — Junior RM / Tele-sales,Aug Wk4 (Aug 24-31),22.07,0,4.0,IT/Technology,ACUITE,October 2026,1,LOW,INC rating hits HOT threshold on 2026-10-11 — first call window,Get ahead of the Oct/Nov renewal rush; start ACER process now before ACUITE backlog builds
H A Q Steels Pvt. Ltd.,TIER 3 — Junior RM / Tele-sales,Aug Wk4 (Aug 24-31),22.0,0,5.0,Steel & Metals,ACUITE,Q1 2027,1,LOW/MEDIUM,INC rating hits ULTRA HOT on 2027-03-06 — prime Q1 2027 renewal target,Your Term Loan at ACUITE goes critical in Mar 2027. Start ACER process in Sep 2026 — before the Q1 rush.
Kargwal Constructions Pvt. Ltd.,TIER 3 — Junior RM / Tele-sales,Aug Wk4 (Aug 24-31),22.0,0,4.0,Construction,CARE,October 2026,1,LOW,INC rating hits HOT threshold on 2026-10-02 — first call window,Get ahead of the Oct/Nov renewal rush; start ACER process now before CARE backlog builds
Paradigmit Technology Services Pvt. Ltd.,TIER 3 — Junior RM / Tele-sales,Aug Wk3 (Aug 17-21),22.0,0,4.0,IT/Technology,ACUITE,October 2026,1,MEDIUM,INC rating hits ULTRA HOT threshold on 2026-10-16 — first call window,Get ahead of the Oct/Nov renewal rush; start ACER process now before ACUITE backlog builds
Bhaarathi Spintex India Pvt. Ltd.,TIER 3 — Junior RM / Tele-sales,Aug Wk4 (Aug 24-31),21.92,0,5.0,Other,CARE,October 2026,1,LOW,INC rating hits HOT threshold on 2026-10-27 — first call window,Get ahead of the Oct/Nov renewal rush; start ACER process now before CARE backlog builds
Yamir Packaging Pvt. Ltd.,TIER 3 — Junior RM / Tele-sales,Aug Wk4 (Aug 24-31),21.9,0,5.0,Paper/Packaging,CRISIL,Q1 2027,1,LOW/MEDIUM,INC rating hits ULTRA HOT on 2027-03-31 — prime Q1 2027 renewal target,Your Term Loan at CRISIL goes critical in Mar 2027. Start ACER process in Sep 2026 — before the Q1 rush.
Niki Resorts Pvt. Ltd.,TIER 3 — Junior RM / Tele-sales,Aug Wk3 (Aug 17-21),21.85,0,5.0,Hotels & Tourism,IND-RA,October 2026,1,MEDIUM,INC rating hits ULTRA HOT threshold on 2026-10-17 — first call window,Get ahead of the Oct/Nov renewal rush; start ACER process now before IND-RA backlog builds
East India Holdings Pvt. Ltd.,TIER 3 — Junior RM / Tele-sales,Aug Wk4 (Aug 24-31),21.75,0,5.0,Other,CARE,Q1 2027,1,LOW/MEDIUM,INC rating hits ULTRA HOT on 2027-03-23 — prime Q1 2027 renewal target,Your Term Loan at CARE goes critical in Mar 2027. Start ACER process in Sep 2026 — before the Q1 rush.
Ganapati India Intl. Pvt. Ltd.,TIER 3 — Junior RM / Tele-sales,Aug Wk3 (Aug 17-21),21.56,0,5.0,Other,CARE,October 2026,1,MEDIUM,INC rating hits ULTRA HOT threshold on 2026-11-17 — first call window,Get ahead of the Oct/Nov renewal rush; start ACER process now before CARE backlog builds
Agrasen Shipbreakers Pvt. Ltd.,TIER 3 — Junior RM / Tele-sales,Aug Wk4 (Aug 24-31),21.5,0,3.0,Other,CRISIL,October 2026,1,LOW,INC rating hits HOT threshold on 2026-11-07 — first call window,Get ahead of the Oct/Nov renewal rush; start ACER process now before CRISIL backlog builds
Kisan Shakti Krushi Udyog Pvt. Ltd.,TIER 3 — Junior RM / Tele-sales,Aug Wk3 (Aug 17-21),21.5,0,5.0,Other,CRISIL,October 2026,1,MEDIUM,INC rating hits ULTRA HOT threshold on 2026-10-08 — first call window,Get ahead of the Oct/Nov renewal rush; start ACER process now before CRISIL backlog builds
Rangotsav Lifestyle Pvt. Ltd.,TIER 3 — Junior RM / Tele-sales,Aug Wk4 (Aug 24-31),21.5,0,5.0,Other,IND-RA,Q2 2027,1,LOW (<90 days),"INC since Apr 2026 (87 days). MEDIUM by Oct 2026, HOT by Jan 2027, ULTRA HOT by Apr 2027.",Your Term loans at IND-RA hits ULTRA HOT in Apr 2027. Start ACER process by Jan 2027 to be ahead of Q2 2027 renewal rush.
Yashwant Dugdh Prakriya Ltd.,TIER 3 — Junior RM / Tele-sales,Aug Wk4 (Aug 24-31),21.49,0,5.0,Other,ACUITE,Q2 2027,1,LOW (<90 days),"INC since Apr 2026 (79 days). MEDIUM by Oct 2026, HOT by Jan 2027, ULTRA HOT by Apr 2027.",Your Term loans at ACUITE hits ULTRA HOT in Apr 2027. Start ACER process by Jan 2027 to be ahead of Q2 2027 renewal rush.
Planet Automotive Pvt. Ltd.,TIER 3 — Junior RM / Tele-sales,Aug Wk3 (Aug 17-21),21.46,0,5.0,Automobiles,CRISIL,October 2026,1,MEDIUM,INC rating hits ULTRA HOT threshold on 2026-10-23 — first call window,Get ahead of the Oct/Nov renewal rush; start ACER process now before CRISIL backlog builds
Mahalaxmi Polypack Pvt. Ltd.,TIER 3 — Junior RM / Tele-sales,Aug Wk4 (Aug 24-31),21.44,0,5.0,Other,BRICKWORK,Q1 2027,1,LOW/MEDIUM,INC rating hits ULTRA HOT on 2027-03-06 — prime Q1 2027 renewal target,Your Fund-Based at BRICKWORK goes critical in Mar 2027. Start ACER process in Sep 2026 — before the Q1 rush.
V G P Marine Kingdom Pvt. Ltd.,TIER 3 — Junior RM / Tele-sales,Aug Wk4 (Aug 24-31),21.33,0,5.0,Other,IND-RA,October 2026,1,LOW,INC rating hits HOT threshold on 2026-10-13 — first call window,Get ahead of the Oct/Nov renewal rush; start ACER process now before IND-RA backlog builds
S R G Apparels Ltd.,TIER 3 — Junior RM / Tele-sales,Aug Wk4 (Aug 24-31),21.13,0,5.0,Textiles,BRICKWORK,October 2026,1,LOW,INC rating hits HOT threshold on 2026-11-02 — first call window,Get ahead of the Oct/Nov renewal rush; start ACER process now before BRICKWORK backlog builds
Sri Venkata Sivaparvathi Spg. Mills Pvt. Ltd.,TIER 3 — Junior RM / Tele-sales,Aug Wk3 (Aug 17-21),21.04,0,5.0,Other,CARE,October 2026,1,MEDIUM,INC rating hits ULTRA HOT threshold on 2026-10-10 — first call window,Get ahead of the Oct/Nov renewal rush; start ACER process now before CARE backlog builds
Cerebra Integrated Technologies Limited,TIER 3 — Junior RM / Tele-sales,Aug Wk4 (Aug 24-31),21.01,0,3.0,IT/Technology,Infomerics,Q1 2027,1,LOW/MEDIUM,INC rating hits ULTRA HOT on 2027-01-23 — exclusive Q1 2027 whitespace lead,Your Infomerics INC rating goes critical in Jan 2027. ACER is your best alternative — no competitor has approached you.
Ajay Protech Pvt. Ltd.,TIER 3 — Junior RM / Tele-sales,Aug Wk4 (Aug 24-31),21.0,0,4.0,IT/Technology,CRISIL,Q2 2027,1,LOW (<90 days),"INC since Apr 2026 (76 days). MEDIUM by Oct 2026, HOT by Jan 2027, ULTRA HOT by Apr 2027.",Your Bank Guarantee at CRISIL hits ULTRA HOT in Apr 2027. Start ACER process by Jan 2027 to be ahead of Q2 2027 renewal rush.
D T C Projects Pvt. Ltd.,TIER 3 — Junior RM / Tele-sales,Aug Wk4 (Aug 24-31),21.0,0,5.0,Construction,ACUITE,October 2026,1,LOW,INC rating hits HOT threshold on 2026-11-07 — first call window,Get ahead of the Oct/Nov renewal rush; start ACER process now before ACUITE backlog builds
Gurudev Motors Pvt. Ltd.,TIER 3 — Junior RM / Tele-sales,Aug Wk3 (Aug 17-21),21.0,0,5.0,Automobiles,CRISIL,October 2026,1,MEDIUM,INC rating hits ULTRA HOT threshold on 2026-10-13 — first call window,Get ahead of the Oct/Nov renewal rush; start ACER process now before CRISIL backlog builds
Hana Motor Plaza Pvt. Ltd.,TIER 3 — Junior RM / Tele-sales,Aug Wk4 (Aug 24-31),21.0,0,5.0,Automobiles,CRISIL,October 2026,1,LOW,INC rating hits HOT threshold on 2026-11-20 — first call window,Get ahead of the Oct/Nov renewal rush; start ACER process now before CRISIL backlog builds
K D A C Chem Pvt. Ltd.,TIER 3 — Junior RM / Tele-sales,Aug Wk4 (Aug 24-31),21.0,0,5.0,Chemicals & Pharma,CRISIL,October 2026,1,LOW,INC rating hits HOT threshold on 2026-11-20 — first call window,Get ahead of the Oct/Nov renewal rush; start ACER process now before CRISIL backlog builds
Marsons Energy Pvt. Ltd.,TIER 3 — Junior RM / Tele-sales,Aug Wk4 (Aug 24-31),21.0,0,4.0,Energy,CRISIL,Q1 2027,1,LOW/MEDIUM,INC rating hits ULTRA HOT on 2027-03-27 — prime Q1 2027 renewal target,Your Bank Guarantee at CRISIL goes critical in Mar 2027. Start ACER process in Sep 2026 — before the Q1 rush.
Millenium Steel India Pvt. Ltd.,TIER 3 — Junior RM / Tele-sales,Aug Wk3 (Aug 17-21),21.0,0,3.0,Steel & Metals,CARE,October 2026,1,MEDIUM,INC rating hits ULTRA HOT threshold on 2026-10-09 — first call window,Get ahead of the Oct/Nov renewal rush; start ACER process now before CARE backlog builds
Sangrur Agro Ltd.,TIER 3 — Junior RM / Tele-sales,Aug Wk4 (Aug 24-31),21.0,0,4.0,Agro & Food,CRISIL,Q1 2027,1,LOW/MEDIUM,INC rating hits ULTRA HOT on 2027-03-13 — prime Q1 2027 renewal target,Your Bank Guarantee at CRISIL goes critical in Mar 2027. Start ACER process in Sep 2026 — before the Q1 rush.
Shiva Structures Pvt. Ltd.,TIER 3 — Junior RM / Tele-sales,Aug Wk3 (Aug 17-21),21.0,0,4.0,Other,CRISIL,October 2026,1,MEDIUM,INC rating hits ULTRA HOT threshold on 2026-11-25 — first call window,Get ahead of the Oct/Nov renewal rush; start ACER process now before CRISIL backlog builds
Shivam Autozone (India) Pvt. Ltd.,TIER 3 — Junior RM / Tele-sales,Aug Wk4 (Aug 24-31),21.0,0,5.0,Automobiles,BRICKWORK,October 2026,1,LOW,INC rating hits HOT threshold on 2026-11-16 — first call window,Get ahead of the Oct/Nov renewal rush; start ACER process now before BRICKWORK backlog builds
Shivshiva Steel Pvt. Ltd.,TIER 3 — Junior RM / Tele-sales,Aug Wk4 (Aug 24-31),21.0,0,5.0,Steel & Metals,CARE,October 2026,1,LOW,INC rating hits HOT threshold on 2026-11-13 — first call window,Get ahead of the Oct/Nov renewal rush; start ACER process now before CARE backlog builds
Shri Balaji Rollings Pvt. Ltd.,TIER 3 — Junior RM / Tele-sales,Aug Wk3 (Aug 17-21),21.0,0,3.0,Steel & Metals,BRICKWORK,October 2026,1,MEDIUM,INC rating hits ULTRA HOT threshold on 2026-10-24 — first call window,Get ahead of the Oct/Nov renewal rush; start ACER process now before BRICKWORK backlog builds
Shri Girija Smelters Ltd.,TIER 3 — Junior RM / Tele-sales,Aug Wk4 (Aug 24-31),21.0,0,3.0,Other,CARE,October 2026,1,LOW,INC rating hits HOT threshold on 2026-11-02 — first call window,Get ahead of the Oct/Nov renewal rush; start ACER process now before CARE backlog builds
Shanti Gopal Concast Ltd.,TIER 3 — Junior RM / Tele-sales,Aug Wk4 (Aug 24-31),20.89,0,4.0,Other,BRICKWORK,Q1 2027,1,LOW/MEDIUM,INC rating hits ULTRA HOT on 2027-03-13 — prime Q1 2027 renewal target,Your Bank Guarantee at BRICKWORK goes critical in Mar 2027. Start ACER process in Sep 2026 — before the Q1 rush.
Lloyds Engineering Corpn. Pvt. Ltd.,TIER 3 — Junior RM / Tele-sales,Aug Wk4 (Aug 24-31),20.75,0,5.0,Manufacturing,CARE,October 2026,1,LOW,INC rating hits HOT threshold on 2026-11-01 — first call window,Get ahead of the Oct/Nov renewal rush; start ACER process now before CARE backlog builds
G M P Weaving Mills Pvt. Ltd.,TIER 3 — Junior RM / Tele-sales,Aug Wk3 (Aug 17-21),20.6,0,5.0,Textiles,CRISIL,October 2026,1,MEDIUM,INC rating hits ULTRA HOT threshold on 2026-10-23 — first call window,Get ahead of the Oct/Nov renewal rush; start ACER process now before CRISIL backlog builds
Siddhi Weaves Pvt. Ltd.,TIER 3 — Junior RM / Tele-sales,Aug Wk4 (Aug 24-31),20.58,0,5.0,Other,BRICKWORK,Q1 2027,1,LOW/MEDIUM,INC rating hits ULTRA HOT on 2026-12-30 — prime Q1 2027 renewal target,Your Term Loan at BRICKWORK goes critical in Dec 2026. Start ACER process in Sep 2026 — before the Q1 rush.
Vandemataram Projects Pvt. Ltd.,TIER 3 — Junior RM / Tele-sales,Aug Wk4 (Aug 24-31),20.5,0,4.0,Construction,ACUITE,October 2026,1,LOW,INC rating hits HOT threshold on 2026-11-03 — first call window,Get ahead of the Oct/Nov renewal rush; start ACER process now before ACUITE backlog builds
Dalmia Tea Plantation & Inds. Ltd.,TIER 3 — Junior RM / Tele-sales,Aug Wk4 (Aug 24-31),20.47,0,5.0,Agro & Food,ACUITE,October 2026,1,LOW,INC rating hits HOT threshold on 2026-11-21 — first call window,Get ahead of the Oct/Nov renewal rush; start ACER process now before ACUITE backlog builds
Gen Next Motors Ltd.,TIER 3 — Junior RM / Tele-sales,Aug Wk4 (Aug 24-31),20.34,0,5.0,Automobiles,IND-RA,Q2 2027,1,LOW (<90 days),"INC since Apr 2026 (87 days). MEDIUM by Oct 2026, HOT by Jan 2027, ULTRA HOT by Apr 2027.",Your Term loans at IND-RA hits ULTRA HOT in Apr 2027. Start ACER process by Jan 2027 to be ahead of Q2 2027 renewal rush.
India Steel Continental Pvt. Ltd.,TIER 3 — Junior RM / Tele-sales,Aug Wk3 (Aug 17-21),20.21,0,5.0,Steel & Metals,CARE,October 2026,1,MEDIUM,INC rating hits ULTRA HOT threshold on 2026-11-04 — first call window,Get ahead of the Oct/Nov renewal rush; start ACER process now before CARE backlog builds
Ratnapriya Dyeing & Printing Mills Pvt. Ltd.,TIER 3 — Junior RM / Tele-sales,Aug Wk4 (Aug 24-31),20.21,0,5.0,Agro & Food,CRISIL,Q1 2027,1,LOW/MEDIUM,INC rating hits ULTRA HOT on 2027-03-30 — prime Q1 2027 renewal target,Your Term Loan at CRISIL goes critical in Mar 2027. Start ACER process in Sep 2026 — before the Q1 rush.
Samdariya Builders Pvt. Ltd.,TIER 3 — Junior RM / Tele-sales,Aug Wk4 (Aug 24-31),20.19,0,5.0,Construction,ICRA,October 2026,1,LOW,INC rating hits HOT threshold on 2026-10-16 — first call window,Get ahead of the Oct/Nov renewal rush; start ACER process now before ICRA backlog builds
United Heat Transfer Ltd.,TIER 3 — Junior RM / Tele-sales,Aug Wk4 (Aug 24-31),20.15,0,5.0,Other,CRISIL,October 2026,1,LOW,INC rating hits HOT threshold on 2026-11-24 — first call window,Get ahead of the Oct/Nov renewal rush; start ACER process now before CRISIL backlog builds
Agroh Ratlam Tollways Pvt. Ltd.,TIER 3 — Junior RM / Tele-sales,Aug Wk4 (Aug 24-31),20.04,0,5.0,Agro & Food,CARE,Q1 2027,1,LOW/MEDIUM,INC rating hits ULTRA HOT on 2027-03-12 — prime Q1 2027 renewal target,Your Term Loan at CARE goes critical in Mar 2027. Start ACER process in Sep 2026 — before the Q1 rush.
Amar Shakti Commerce & Industries Limited,TIER 3 — Junior RM / Tele-sales,Aug Wk3 (Aug 17-21),20.0,0,3.0,Manufacturing,Infomerics,October 2026,1,MEDIUM,INC rating hits ULTRA HOT threshold on 2026-11-25 — first call window,Get ahead of the Oct/Nov renewal rush; start ACER process now before Infomerics backlog builds
Amore Jewels Pvt. Ltd.,TIER 3 — Junior RM / Tele-sales,Aug Wk3 (Aug 17-21),20.0,0,3.0,Jewellery/Gems,CRISIL,October 2026,1,MEDIUM,INC rating hits ULTRA HOT threshold on 2026-10-17 — first call window,Get ahead of the Oct/Nov renewal rush; start ACER process now before CRISIL backlog builds
Arun Shelters Pvt. Ltd.,TIER 3 — Junior RM / Tele-sales,Aug Wk4 (Aug 24-31),20.0,0,5.0,Other,CRISIL,October 2026,1,LOW,INC rating hits HOT threshold on 2026-10-09 — first call window,Get ahead of the Oct/Nov renewal rush; start ACER process now before CRISIL backlog builds
Celon Laboratories Pvt. Ltd.,TIER 3 — Junior RM / Tele-sales,Aug Wk4 (Aug 24-31),20.0,0,5.0,Other,IND-RA,Q1 2027,1,LOW/MEDIUM,INC rating hits ULTRA HOT on 2027-03-27 — prime Q1 2027 renewal target,Your Term Loan at IND-RA goes critical in Mar 2027. Start ACER process in Sep 2026 — before the Q1 rush.
Chemtrade Overseas Private Limited,TIER 3 — Junior RM / Tele-sales,Aug Wk3 (Aug 17-21),20.0,0,2.5,Chemicals & Pharma,Infomerics,October 2026,1,MEDIUM,INC rating hits ULTRA HOT threshold on 2026-11-20 — first call window,Get ahead of the Oct/Nov renewal rush; start ACER process now before Infomerics backlog builds
G R K Theatres Pvt. Ltd.,TIER 3 — Junior RM / Tele-sales,Aug Wk4 (Aug 24-31),20.0,0,5.0,Other,CARE,October 2026,1,LOW,INC rating hits HOT threshold on 2026-10-04 — first call window,Get ahead of the Oct/Nov renewal rush; start ACER process now before CARE backlog builds
Hempshier Steel Pvt. Ltd.,TIER 3 — Junior RM / Tele-sales,Aug Wk4 (Aug 24-31),20.0,0,3.0,Steel & Metals,CRISIL,Q1 2027,1,LOW/MEDIUM,INC rating hits ULTRA HOT on 2027-03-27 — prime Q1 2027 renewal target,Your Letter of Credit at CRISIL goes critical in Mar 2027. Start ACER process in Sep 2026 — before the Q1 rush.
Indrajit Properties Pvt. Ltd. (2011),TIER 3 — Junior RM / Tele-sales,Aug Wk4 (Aug 24-31),20.0,0,5.0,IT/Technology,BRICKWORK,Q2 2027,1,LOW (<90 days),"INC since Apr 2026 (88 days). MEDIUM by Oct 2026, HOT by Jan 2027, ULTRA HOT by Apr 2027.",Your Term loans at BRICKWORK hits ULTRA HOT in Apr 2027. Start ACER process by Jan 2027 to be ahead of Q2 2027 renewal rush.
Jonson Rubber Inds. Ltd.,TIER 3 — Junior RM / Tele-sales,Aug Wk4 (Aug 24-31),20.0,0,3.0,Chemicals & Pharma,CRISIL,October 2026,1,LOW,INC rating hits HOT threshold on 2026-10-28 — first call window,Get ahead of the Oct/Nov renewal rush; start ACER process now before CRISIL backlog builds
K C K Industries Ltd.,TIER 3 — Junior RM / Tele-sales,Aug Wk4 (Aug 24-31),20.0,0,5.0,Manufacturing,CRISIL,October 2026,1,LOW,INC rating hits HOT threshold on 2026-11-24 — first call window,Get ahead of the Oct/Nov renewal rush; start ACER process now before CRISIL backlog builds
Khoday India Ltd.,TIER 3 — Junior RM / Tele-sales,Aug Wk3 (Aug 17-21),20.0,0,5.0,Other,ICRA,October 2026,1,MEDIUM,INC rating hits ULTRA HOT threshold on 2026-10-28 — first call window,Get ahead of the Oct/Nov renewal rush; start ACER process now before ICRA backlog builds
Kumaran Filaments Pvt. Ltd.,TIER 3 — Junior RM / Tele-sales,Aug Wk4 (Aug 24-31),20.0,0,3.0,Other,CRISIL,October 2026,1,LOW,INC rating hits HOT threshold on 2026-10-27 — first call window,Get ahead of the Oct/Nov renewal rush; start ACER process now before CRISIL backlog builds
Love Kush Foods Pvt. Ltd.,TIER 3 — Junior RM / Tele-sales,Aug Wk4 (Aug 24-31),20.0,0,5.0,Agro & Food,CRISIL,October 2026,1,LOW,INC rating hits HOT threshold on 2026-10-28 — first call window,Get ahead of the Oct/Nov renewal rush; start ACER process now before CRISIL backlog builds
Magtorq Pvt. Ltd.,TIER 3 — Junior RM / Tele-sales,Aug Wk3 (Aug 17-21),20.0,0,5.0,Other,IND-RA,October 2026,1,MEDIUM,INC rating hits ULTRA HOT threshold on 2026-10-23 — first call window,Get ahead of the Oct/Nov renewal rush; start ACER process now before IND-RA backlog builds
Mahesh Timber Pvt. Ltd.,TIER 3 — Junior RM / Tele-sales,Aug Wk4 (Aug 24-31),20.0,0,3.0,Other,CRISIL,Q2 2027,1,LOW (<90 days),"INC since Apr 2026 (65 days). MEDIUM by Oct 2026, HOT by Jan 2027, ULTRA HOT by Apr 2027.",Your Letter Of credit at CRISIL hits ULTRA HOT in Apr 2027. Start ACER process by Jan 2027 to be ahead of Q2 2027 renewal rush.
Mangalam Drugs & Organics Ltd.,TIER 3 — Junior RM / Tele-sales,Aug Wk3 (Aug 17-21),20.0,0,3.0,Chemicals & Pharma,CRISIL,October 2026,1,MEDIUM,INC rating hits ULTRA HOT threshold on 2026-11-19 — first call window,Get ahead of the Oct/Nov renewal rush; start ACER process now before CRISIL backlog builds
Marudhar Industries Ltd.,TIER 3 — Junior RM / Tele-sales,Aug Wk4 (Aug 24-31),20.0,0,3.0,Manufacturing,CRISIL,October 2026,1,LOW,INC rating hits HOT threshold on 2026-11-20 — first call window,Get ahead of the Oct/Nov renewal rush; start ACER process now before CRISIL backlog builds
Mccmahadeo Constructions Pvt. Ltd.,TIER 3 — Junior RM / Tele-sales,Aug Wk4 (Aug 24-31),20.0,0,4.0,Construction,CRISIL,October 2026,1,LOW,INC rating hits HOT threshold on 2026-10-13 — first call window,Get ahead of the Oct/Nov renewal rush; start ACER process now before CRISIL backlog builds
Mittal Pigment Pvt. Ltd.,TIER 3 — Junior RM / Tele-sales,Aug Wk4 (Aug 24-31),20.0,0,3.0,Chemicals & Pharma,BRICKWORK,October 2026,1,LOW,INC rating hits HOT threshold on 2026-10-05 — first call window,Get ahead of the Oct/Nov renewal rush; start ACER process now before BRICKWORK backlog builds
Mutha Founders Pvt. Ltd.,TIER 3 — Junior RM / Tele-sales,Aug Wk4 (Aug 24-31),20.0,0,5.0,Other,CARE,October 2026,1,LOW,INC rating hits HOT threshold on 2026-11-13 — first call window,Get ahead of the Oct/Nov renewal rush; start ACER process now before CARE backlog builds
Narayan Health Services Pvt. Ltd.,TIER 3 — Junior RM / Tele-sales,Aug Wk3 (Aug 17-21),20.0,0,5.0,Healthcare,CRISIL,October 2026,1,MEDIUM,INC rating hits ULTRA HOT threshold on 2026-11-21 — first call window,Get ahead of the Oct/Nov renewal rush; start ACER process now before CRISIL backlog builds
Oriclean Private Ltd.,TIER 3 — Junior RM / Tele-sales,Aug Wk3 (Aug 17-21),20.0,0,5.0,Other,CARE,October 2026,1,MEDIUM,INC rating hits ULTRA HOT threshold on 2026-11-03 — first call window,Get ahead of the Oct/Nov renewal rush; start ACER process now before CARE backlog builds
Pataka Industries Pvt. Ltd.,TIER 3 — Junior RM / Tele-sales,Aug Wk3 (Aug 17-21),20.0,0,5.0,Manufacturing,CRISIL,October 2026,1,MEDIUM,INC rating hits ULTRA HOT threshold on 2026-11-12 — first call window,Get ahead of the Oct/Nov renewal rush; start ACER process now before CRISIL backlog builds
Poddar Car World Pvt. Ltd.,TIER 3 — Junior RM / Tele-sales,Aug Wk3 (Aug 17-21),20.0,0,5.0,Automobiles,CRISIL,October 2026,1,MEDIUM,INC rating hits ULTRA HOT threshold on 2026-11-05 — first call window,Get ahead of the Oct/Nov renewal rush; start ACER process now before CRISIL backlog builds
Prem Cables Pvt. Ltd.,TIER 3 — Junior RM / Tele-sales,Aug Wk3 (Aug 17-21),20.0,0,4.0,Infrastructure,BRICKWORK,October 2026,1,MEDIUM,INC rating hits ULTRA HOT threshold on 2026-10-15 — first call window,Get ahead of the Oct/Nov renewal rush; start ACER process now before BRICKWORK backlog builds
Raunaq Steels Trdg. Pvt. Ltd.,TIER 3 — Junior RM / Tele-sales,Aug Wk3 (Aug 17-21),20.0,0,5.0,Steel & Metals,CRISIL,October 2026,1,MEDIUM,INC rating hits ULTRA HOT threshold on 2026-10-29 — first call window,Get ahead of the Oct/Nov renewal rush; start ACER process now before CRISIL backlog builds
S N B Infrastructure Pvt. Ltd.,TIER 3 — Junior RM / Tele-sales,Aug Wk3 (Aug 17-21),20.0,0,4.0,Construction,BRICKWORK,October 2026,1,MEDIUM,INC rating hits ULTRA HOT threshold on 2026-10-28 — first call window,Get ahead of the Oct/Nov renewal rush; start ACER process now before BRICKWORK backlog builds
S P Mani & Mohan Dairy (India) Pvt. Ltd.,TIER 3 — Junior RM / Tele-sales,Aug Wk4 (Aug 24-31),20.0,0,5.0,Agro & Food,ICRA,October 2026,1,LOW,INC rating hits HOT threshold on 2026-10-31 — first call window,Get ahead of the Oct/Nov renewal rush; start ACER process now before ICRA backlog builds
S Poddar Intl. (India) Pvt. Ltd.,TIER 3 — Junior RM / Tele-sales,Aug Wk4 (Aug 24-31),20.0,0,3.0,Other,CRISIL,Q1 2027,1,LOW/MEDIUM,INC rating hits ULTRA HOT on 2027-03-25 — prime Q1 2027 renewal target,Your Letter of Credit at CRISIL goes critical in Mar 2027. Start ACER process in Sep 2026 — before the Q1 rush.
Sharu Steels Pvt. Ltd.,TIER 3 — Junior RM / Tele-sales,Aug Wk4 (Aug 24-31),20.0,0,3.0,Steel & Metals,BRICKWORK,Q1 2027,1,LOW/MEDIUM,INC rating hits ULTRA HOT on 2027-03-06 — prime Q1 2027 renewal target,Your Letter of Credit at BRICKWORK goes critical in Mar 2027. Start ACER process in Sep 2026 — before the Q1 rush.
Shivani Trendz Pvt. Ltd.,TIER 3 — Junior RM / Tele-sales,Aug Wk4 (Aug 24-31),20.0,0,5.0,Other,IND-RA,Q2 2027,1,LOW (<90 days),"INC since Apr 2026 (87 days). MEDIUM by Oct 2026, HOT by Jan 2027, ULTRA HOT by Apr 2027.",Your Term loans at IND-RA hits ULTRA HOT in Apr 2027. Start ACER process by Jan 2027 to be ahead of Q2 2027 renewal rush.
Shree Biradev Finance Private Limited,TIER 3 — Junior RM / Tele-sales,Aug Wk3 (Aug 17-21),20.0,0,3.0,BFSI,Infomerics,October 2026,1,MEDIUM,INC rating hits ULTRA HOT threshold on 2026-10-27 — first call window,Get ahead of the Oct/Nov renewal rush; start ACER process now before Infomerics backlog builds
Shree Sant Kripa Appliances Pvt. Ltd.,TIER 3 — Junior RM / Tele-sales,Aug Wk4 (Aug 24-31),20.0,0,3.0,Other,ACUITE,Q2 2027,1,LOW (<90 days),"INC since Apr 2026 (82 days). MEDIUM by Oct 2026, HOT by Jan 2027, ULTRA HOT by Apr 2027.",Your Letter Of credit at ACUITE hits ULTRA HOT in Apr 2027. Start ACER process by Jan 2027 to be ahead of Q2 2027 renewal rush.
Sovereign Agro Tech Refinery Pvt. Ltd.,TIER 3 — Junior RM / Tele-sales,Aug Wk4 (Aug 24-31),20.0,0,3.0,Agro & Food,CRISIL,October 2026,1,LOW,INC rating hits HOT threshold on 2026-11-24 — first call window,Get ahead of the Oct/Nov renewal rush; start ACER process now before CRISIL backlog builds
Standard Frozen Foods Exports Pvt. Ltd.,TIER 3 — Junior RM / Tele-sales,Aug Wk4 (Aug 24-31),20.0,0,5.0,Agro & Food,CRISIL,October 2026,1,LOW,INC rating hits HOT threshold on 2026-10-20 — first call window,Get ahead of the Oct/Nov renewal rush; start ACER process now before CRISIL backlog builds
Suyash Institute Of Medical Science Pvt. Ltd.,TIER 3 — Junior RM / Tele-sales,Aug Wk3 (Aug 17-21),20.0,0,5.0,Healthcare,CRISIL,October 2026,1,MEDIUM,INC rating hits ULTRA HOT threshold on 2026-11-10 — first call window,Get ahead of the Oct/Nov renewal rush; start ACER process now before CRISIL backlog builds
Swarna Pragati Housing Microfinance Pvt. Ltd.,TIER 3 — Junior RM / Tele-sales,Aug Wk4 (Aug 24-31),20.0,0,5.0,Construction,CARE,October 2026,1,LOW,INC rating hits HOT threshold on 2026-11-17 — first call window,Get ahead of the Oct/Nov renewal rush; start ACER process now before CARE backlog builds
Top Detergent Inds. Pvt. Ltd.,TIER 3 — Junior RM / Tele-sales,Aug Wk4 (Aug 24-31),20.0,0,5.0,Other,CRISIL,Q2 2027,1,LOW (<90 days),"INC since Apr 2026 (61 days). MEDIUM by Oct 2026, HOT by Jan 2027, ULTRA HOT by Apr 2027.",Your Long term Loans at CRISIL hits ULTRA HOT in Apr 2027. Start ACER process by Jan 2027 to be ahead of Q2 2027 renewal rush.
Univastu India Ltd.,TIER 3 — Junior RM / Tele-sales,Aug Wk4 (Aug 24-31),20.0,0,4.0,Other,BRICKWORK,October 2026,1,LOW,INC rating hits HOT threshold on 2026-10-31 — first call window,Get ahead of the Oct/Nov renewal rush; start ACER process now before BRICKWORK backlog builds
Vaishno Devi Realty Pvt. Ltd.,TIER 3 — Junior RM / Tele-sales,Aug Wk3 (Aug 17-21),20.0,0,5.0,Construction,BRICKWORK,October 2026,1,MEDIUM,INC rating hits ULTRA HOT threshold on 2026-11-14 — first call window,Get ahead of the Oct/Nov renewal rush; start ACER process now before BRICKWORK backlog builds
Vazhraa Nirmaan Pvt. Ltd.,TIER 3 — Junior RM / Tele-sales,Aug Wk3 (Aug 17-21),20.0,0,5.0,Other,CRISIL,October 2026,1,MEDIUM,INC rating hits ULTRA HOT threshold on 2026-11-25 — first call window,Get ahead of the Oct/Nov renewal rush; start ACER process now before CRISIL backlog builds
Vintek Circuits (India) Pvt. Ltd.,TIER 3 — Junior RM / Tele-sales,Aug Wk3 (Aug 17-21),20.0,0,3.0,Other,CRISIL,October 2026,1,MEDIUM,INC rating hits ULTRA HOT threshold on 2026-10-30 — first call window,Get ahead of the Oct/Nov renewal rush; start ACER process now before CRISIL backlog builds
Aditya Auto Industries,TIER 3 — Junior RM / Tele-sales,Aug Wk3 (Aug 17-21),19.98,0,5.0,Automobiles,Infomerics,October 2026,1,MEDIUM,INC rating hits ULTRA HOT threshold on 2026-10-30 — first call window,Get ahead of the Oct/Nov renewal rush; start ACER process now before Infomerics backlog builds
Euro India Fresh Foods Ltd.,TIER 3 — Junior RM / Tele-sales,Aug Wk3 (Aug 17-21),19.95,0,5.0,Agro & Food,CRISIL,October 2026,1,MEDIUM,INC rating hits ULTRA HOT threshold on 2026-10-28 — first call window,Get ahead of the Oct/Nov renewal rush; start ACER process now before CRISIL backlog builds
J C Retail India Pvt. Ltd.,TIER 3 — Junior RM / Tele-sales,Aug Wk4 (Aug 24-31),19.89,0,5.0,Media/Retail,CRISIL,October 2026,1,LOW,INC rating hits HOT threshold on 2026-11-22 — first call window,Get ahead of the Oct/Nov renewal rush; start ACER process now before CRISIL backlog builds
Avi Ansh Enterprises Private Limited,TIER 3 — Junior RM / Tele-sales,Aug Wk3 (Aug 17-21),19.68,0,5.0,Other,Infomerics,October 2026,1,MEDIUM,INC rating hits ULTRA HOT threshold on 2026-10-29 — first call window,Get ahead of the Oct/Nov renewal rush; start ACER process now before Infomerics backlog builds
Sri Karpagam Mills India Pvt. Ltd.,TIER 3 — Junior RM / Tele-sales,Aug Wk4 (Aug 24-31),19.6,0,5.0,Other,CARE,Q2 2027,1,LOW (<90 days),"INC since Apr 2026 (76 days). MEDIUM by Oct 2026, HOT by Jan 2027, ULTRA HOT by Apr 2027.",Your Term loans at CARE hits ULTRA HOT in Apr 2027. Start ACER process by Jan 2027 to be ahead of Q2 2027 renewal rush.
Supreme Agrofoods Pvt. Ltd.,TIER 3 — Junior RM / Tele-sales,Aug Wk4 (Aug 24-31),19.54,0,5.0,Agro & Food,CARE,October 2026,1,LOW,INC rating hits HOT threshold on 2026-10-03 — first call window,Get ahead of the Oct/Nov renewal rush; start ACER process now before CARE backlog builds
Budhia Agencies Pvt. Ltd.,TIER 3 — Junior RM / Tele-sales,Aug Wk4 (Aug 24-31),19.5,0,5.0,Other,IND-RA,October 2026,1,LOW,INC rating hits HOT threshold on 2026-10-13 — first call window,Get ahead of the Oct/Nov renewal rush; start ACER process now before IND-RA backlog builds
Shri Vasudeva Weaving Mills Pvt. Ltd.,TIER 3 — Junior RM / Tele-sales,Aug Wk4 (Aug 24-31),19.5,0,5.0,Agro & Food,ACUITE,Q1 2027,1,LOW/MEDIUM,INC rating hits ULTRA HOT on 2027-03-12 — prime Q1 2027 renewal target,Your Term Loan at ACUITE goes critical in Mar 2027. Start ACER process in Sep 2026 — before the Q1 rush.
Universal Heat Exchangers Ltd.,TIER 3 — Junior RM / Tele-sales,Aug Wk4 (Aug 24-31),19.5,0,3.0,Other,CRISIL,October 2026,1,LOW,INC rating hits HOT threshold on 2026-11-25 — first call window,Get ahead of the Oct/Nov renewal rush; start ACER process now before CRISIL backlog builds
Y M Motors Pvt. Ltd.,TIER 3 — Junior RM / Tele-sales,Aug Wk4 (Aug 24-31),19.5,0,5.0,Automobiles,CRISIL,October 2026,1,LOW,INC rating hits HOT threshold on 2026-11-25 — first call window,Get ahead of the Oct/Nov renewal rush; start ACER process now before CRISIL backlog builds
Sona Processors (India) Ltd.,TIER 3 — Junior RM / Tele-sales,Aug Wk3 (Aug 17-21),19.47,0,5.0,Other,ICRA,October 2026,1,MEDIUM,INC rating hits ULTRA HOT threshold on 2026-10-13 — first call window,Get ahead of the Oct/Nov renewal rush; start ACER process now before ICRA backlog builds
Shri Lakshmi Agro Foods Pvt. Ltd.,TIER 3 — Junior RM / Tele-sales,Aug Wk4 (Aug 24-31),19.25,0,5.0,Agro & Food,CRISIL,Q1 2027,1,LOW/MEDIUM,INC rating hits ULTRA HOT on 2027-03-30 — prime Q1 2027 renewal target,Your Term Loan at CRISIL goes critical in Mar 2027. Start ACER process in Sep 2026 — before the Q1 rush.
Aatash Power Pvt. Ltd.,TIER 3 — Junior RM / Tele-sales,Aug Wk3 (Aug 17-21),19.21,0,5.0,Energy,CRISIL,October 2026,1,MEDIUM,INC rating hits ULTRA HOT threshold on 2026-10-06 — first call window,Get ahead of the Oct/Nov renewal rush; start ACER process now before CRISIL backlog builds
Aggarwal Automotive Pvt. Ltd.,TIER 3 — Junior RM / Tele-sales,Aug Wk3 (Aug 17-21),19.0,0,5.0,Automobiles,CRISIL,October 2026,1,MEDIUM,INC rating hits ULTRA HOT threshold on 2026-11-12 — first call window,Get ahead of the Oct/Nov renewal rush; start ACER process now before CRISIL backlog builds
Air Vision India Pvt. Ltd.,TIER 3 — Junior RM / Tele-sales,Aug Wk3 (Aug 17-21),19.0,0,3.0,Other,ICRA,October 2026,1,MEDIUM,INC rating hits ULTRA HOT threshold on 2026-10-17 — first call window,Get ahead of the Oct/Nov renewal rush; start ACER process now before ICRA backlog builds
Grip Engineers Pvt. Ltd.,TIER 3 — Junior RM / Tele-sales,Aug Wk4 (Aug 24-31),19.0,0,3.0,Manufacturing,ACUITE,October 2026,1,LOW,INC rating hits HOT threshold on 2026-10-10 — first call window,Get ahead of the Oct/Nov renewal rush; start ACER process now before ACUITE backlog builds
Hari Om Projects Pvt. Ltd.,TIER 3 — Junior RM / Tele-sales,Aug Wk3 (Aug 17-21),19.0,0,4.0,Construction,CRISIL,October 2026,1,MEDIUM,INC rating hits ULTRA HOT threshold on 2026-11-14 — first call window,Get ahead of the Oct/Nov renewal rush; start ACER process now before CRISIL backlog builds
Jamkash Vehicleades (Kashmir) Pvt. Ltd.,TIER 3 — Junior RM / Tele-sales,Aug Wk4 (Aug 24-31),19.0,0,5.0,Automobiles,BRICKWORK,October 2026,1,LOW,INC rating hits HOT threshold on 2026-11-23 — first call window,Get ahead of the Oct/Nov renewal rush; start ACER process now before BRICKWORK backlog builds
K Lall Overseas Pvt. Ltd. [Merged],TIER 3 — Junior RM / Tele-sales,Aug Wk4 (Aug 24-31),19.0,0,3.0,Other,BRICKWORK,Q1 2027,1,LOW/MEDIUM,INC rating hits ULTRA HOT on 2027-03-25 — prime Q1 2027 renewal target,Your Letter of Credit at BRICKWORK goes critical in Mar 2027. Start ACER process in Sep 2026 — before the Q1 rush.
Karnal Motors Pvt. Ltd.,TIER 3 — Junior RM / Tele-sales,Aug Wk3 (Aug 17-21),19.0,0,5.0,Automobiles,BRICKWORK,October 2026,1,MEDIUM,INC rating hits ULTRA HOT threshold on 2026-11-25 — first call window,Get ahead of the Oct/Nov renewal rush; start ACER process now before BRICKWORK backlog builds
Mahathi Infra Services Pvt. Ltd.,TIER 3 — Junior RM / Tele-sales,Aug Wk3 (Aug 17-21),19.0,0,4.0,Construction,BRICKWORK,October 2026,1,MEDIUM,INC rating hits ULTRA HOT threshold on 2026-11-11 — first call window,Get ahead of the Oct/Nov renewal rush; start ACER process now before BRICKWORK backlog builds
Pacific Cyber Technology Pvt. Ltd.,TIER 3 — Junior RM / Tele-sales,Aug Wk4 (Aug 24-31),19.0,0,4.0,IT/Technology,CRISIL,October 2026,1,LOW,INC rating hits HOT threshold on 2026-11-23 — first call window,Get ahead of the Oct/Nov renewal rush; start ACER process now before CRISIL backlog builds
Rajendra Ispat Pvt. Ltd.,TIER 3 — Junior RM / Tele-sales,Aug Wk3 (Aug 17-21),19.0,0,3.0,Other,CRISIL,October 2026,1,MEDIUM,INC rating hits ULTRA HOT threshold on 2026-11-05 — first call window,Get ahead of the Oct/Nov renewal rush; start ACER process now before CRISIL backlog builds
Viraj Automobiles Pvt. Ltd.,TIER 3 — Junior RM / Tele-sales,Aug Wk3 (Aug 17-21),19.0,0,5.0,Automobiles,BRICKWORK,October 2026,1,MEDIUM,INC rating hits ULTRA HOT threshold on 2026-10-24 — first call window,Get ahead of the Oct/Nov renewal rush; start ACER process now before BRICKWORK backlog builds
Flora Marmo Inds. Pvt. Ltd.,TIER 3 — Junior RM / Tele-sales,Aug Wk4 (Aug 24-31),18.9,0,3.0,Other,CARE,October 2026,1,LOW,INC rating hits HOT threshold on 2026-10-20 — first call window,Get ahead of the Oct/Nov renewal rush; start ACER process now before CARE backlog builds
Kenmore Shoes Pvt. Ltd.,TIER 3 — Junior RM / Tele-sales,Aug Wk4 (Aug 24-31),18.89,0,5.0,Other,CRISIL,October 2026,1,LOW,INC rating hits HOT threshold on 2026-11-23 — first call window,Get ahead of the Oct/Nov renewal rush; start ACER process now before CRISIL backlog builds
Mallemaala Entertainments Pvt. Ltd.,TIER 3 — Junior RM / Tele-sales,Aug Wk4 (Aug 24-31),18.75,0,5.0,Media/Retail,CRISIL,October 2026,1,LOW,INC rating hits HOT threshold on 2026-10-28 — first call window,Get ahead of the Oct/Nov renewal rush; start ACER process now before CRISIL backlog builds
S B P Commercial Pvt. Ltd.,TIER 3 — Junior RM / Tele-sales,Aug Wk3 (Aug 17-21),18.7,0,4.0,Other,CARE,October 2026,1,MEDIUM,INC rating hits ULTRA HOT threshold on 2026-11-04 — first call window,Get ahead of the Oct/Nov renewal rush; start ACER process now before CARE backlog builds
Himalayan Heli Services Ltd.,TIER 3 — Junior RM / Tele-sales,Aug Wk4 (Aug 24-31),18.67,0,5.0,Other,CARE,October 2026,1,LOW,INC rating hits HOT threshold on 2026-11-06 — first call window,Get ahead of the Oct/Nov renewal rush; start ACER process now before CARE backlog builds
Mukesh Trends Life Style Ltd.,TIER 3 — Junior RM / Tele-sales,Aug Wk4 (Aug 24-31),18.65,0,5.0,Other,CRISIL,October 2026,1,LOW,INC rating hits HOT threshold on 2026-11-23 — first call window,Get ahead of the Oct/Nov renewal rush; start ACER process now before CRISIL backlog builds
Prime Comfort Products Pvt. Ltd.,TIER 3 — Junior RM / Tele-sales,Aug Wk4 (Aug 24-31),18.52,0,5.0,Manufacturing,BRICKWORK,October 2026,1,LOW,INC rating hits HOT threshold on 2026-11-24 — first call window,Get ahead of the Oct/Nov renewal rush; start ACER process now before BRICKWORK backlog builds
Arjunvaishnavi Infrastructure & Developers Pvt. Ltd.,TIER 3 — Junior RM / Tele-sales,Aug Wk4 (Aug 24-31),18.5,0,4.0,Construction,CRISIL,October 2026,1,LOW,INC rating hits HOT threshold on 2026-10-18 — first call window,Get ahead of the Oct/Nov renewal rush; start ACER process now before CRISIL backlog builds
Sar Senapati Santaji Ghorpade Sugar Factory Ltd.,TIER 3 — Junior RM / Tele-sales,Aug Wk4 (Aug 24-31),18.47,0,5.0,Agro & Food,BRICKWORK,October 2026,1,LOW,INC rating hits HOT threshold on 2026-10-18 — first call window,Get ahead of the Oct/Nov renewal rush; start ACER process now before BRICKWORK backlog builds
Sai Industries Private Limited,TIER 3 — Junior RM / Tele-sales,Aug Wk3 (Aug 17-21),18.45,0,2.5,Manufacturing,Infomerics,October 2026,1,MEDIUM,INC rating hits ULTRA HOT threshold on 2026-11-12 — first call window,Get ahead of the Oct/Nov renewal rush; start ACER process now before Infomerics backlog builds
B S T Textile Mills Pvt. Ltd.,TIER 3 — Junior RM / Tele-sales,Aug Wk4 (Aug 24-31),18.44,0,5.0,Textiles,CARE,Q2 2027,1,LOW (<90 days),"INC since Apr 2026 (87 days). MEDIUM by Oct 2026, HOT by Jan 2027, ULTRA HOT by Apr 2027.",Your Term loans at CARE hits ULTRA HOT in Apr 2027. Start ACER process by Jan 2027 to be ahead of Q2 2027 renewal rush.
Handicrafts & Handlooms Exports Corpn. Of India Ltd.,TIER 3 — Junior RM / Tele-sales,Aug Wk3 (Aug 17-21),18.4,0,4.0,Logistics,CARE,October 2026,1,MEDIUM,INC rating hits ULTRA HOT threshold on 2026-11-03 — first call window,Get ahead of the Oct/Nov renewal rush; start ACER process now before CARE backlog builds
Riddhi Siddhi Recyclers Pvt. Ltd. [Merged],TIER 3 — Junior RM / Tele-sales,Aug Wk3 (Aug 17-21),18.32,0,5.0,Other,BRICKWORK,October 2026,1,MEDIUM,INC rating hits ULTRA HOT threshold on 2026-10-22 — first call window,Get ahead of the Oct/Nov renewal rush; start ACER process now before BRICKWORK backlog builds
Technology Frontiers (India) Pvt. Ltd.,TIER 3 — Junior RM / Tele-sales,Aug Wk3 (Aug 17-21),18.18,0,5.0,IT/Technology,ACUITE,October 2026,1,MEDIUM,INC rating hits ULTRA HOT threshold on 2026-11-24 — first call window,Get ahead of the Oct/Nov renewal rush; start ACER process now before ACUITE backlog builds
Amit Pomeg-Tech Pvt. Ltd.,TIER 3 — Junior RM / Tele-sales,Aug Wk4 (Aug 24-31),18.15,0,3.0,IT/Technology,CRISIL,Q1 2027,1,LOW/MEDIUM,INC rating hits ULTRA HOT on 2027-03-11 — prime Q1 2027 renewal target,Your Letter of Credit at CRISIL goes critical in Mar 2027. Start ACER process in Sep 2026 — before the Q1 rush.
D H S Hotels Pvt. Ltd.,TIER 3 — Junior RM / Tele-sales,Aug Wk3 (Aug 17-21),18.12,0,5.0,Hotels & Tourism,ICRA,October 2026,1,MEDIUM,INC rating hits ULTRA HOT threshold on 2026-10-28 — first call window,Get ahead of the Oct/Nov renewal rush; start ACER process now before ICRA backlog builds
Galaxy Offset (India) Pvt. Ltd.,TIER 3 — Junior RM / Tele-sales,Aug Wk4 (Aug 24-31),18.01,0,5.0,Other,BRICKWORK,Q1 2027,1,LOW/MEDIUM,INC rating hits ULTRA HOT on 2027-03-31 — prime Q1 2027 renewal target,Your Term Loan at BRICKWORK goes critical in Mar 2027. Start ACER process in Sep 2026 — before the Q1 rush.
Aquent Advance Material Technologies Pvt. Ltd.,TIER 3 — Junior RM / Tele-sales,Aug Wk4 (Aug 24-31),18.0,0,3.0,IT/Technology,CRISIL,Q1 2027,1,LOW/MEDIUM,INC rating hits ULTRA HOT on 2027-03-11 — prime Q1 2027 renewal target,Your Non-Fund-Based at CRISIL goes critical in Mar 2027. Start ACER process in Sep 2026 — before the Q1 rush.
Arya Steels Rolling (India) Private Limited,TIER 3 — Junior RM / Tele-sales,Aug Wk3 (Aug 17-21),18.0,0,5.0,Steel & Metals,Infomerics,October 2026,1,MEDIUM,INC rating hits ULTRA HOT threshold on 2026-11-10 — first call window,Get ahead of the Oct/Nov renewal rush; start ACER process now before Infomerics backlog builds
Astra Lifecare (India) Pvt. Ltd.,TIER 3 — Junior RM / Tele-sales,Aug Wk4 (Aug 24-31),18.0,0,5.0,Automobiles,BRICKWORK,October 2026,1,LOW,INC rating hits HOT threshold on 2026-10-26 — first call window,Get ahead of the Oct/Nov renewal rush; start ACER process now before BRICKWORK backlog builds
Bridge Constructions Pvt. Ltd.,TIER 3 — Junior RM / Tele-sales,Aug Wk4 (Aug 24-31),18.0,0,5.0,Construction,CRISIL,October 2026,1,LOW,INC rating hits HOT threshold on 2026-10-25 — first call window,Get ahead of the Oct/Nov renewal rush; start ACER process now before CRISIL backlog builds
Coatall Films Pvt. Ltd.,TIER 3 — Junior RM / Tele-sales,Aug Wk3 (Aug 17-21),18.0,0,3.0,Other,CRISIL,October 2026,1,MEDIUM,INC rating hits ULTRA HOT threshold on 2026-11-10 — first call window,Get ahead of the Oct/Nov renewal rush; start ACER process now before CRISIL backlog builds
Dugar Overseas Pvt. Ltd.,TIER 3 — Junior RM / Tele-sales,Aug Wk3 (Aug 17-21),18.0,0,3.0,Other,CRISIL,October 2026,1,MEDIUM,INC rating hits ULTRA HOT threshold on 2026-11-11 — first call window,Get ahead of the Oct/Nov renewal rush; start ACER process now before CRISIL backlog builds
Food & Biotech Engineers (India) Pvt. Ltd.,TIER 3 — Junior RM / Tele-sales,Aug Wk4 (Aug 24-31),18.0,0,4.0,Agro & Food,CRISIL,October 2026,1,LOW,INC rating hits HOT threshold on 2026-11-20 — first call window,Get ahead of the Oct/Nov renewal rush; start ACER process now before CRISIL backlog builds
Global Powersource (India) Private Limited,TIER 3 — Junior RM / Tele-sales,Aug Wk4 (Aug 24-31),18.0,0,5.0,Energy,Infomerics,Q1 2027,1,LOW/MEDIUM,INC rating hits ULTRA HOT on 2027-02-10 — exclusive Q1 2027 whitespace lead,Your Infomerics INC rating goes critical in Feb 2027. ACER is your best alternative — no competitor has approached you.
Good Earth Eco Developments Pvt. Ltd.,TIER 3 — Junior RM / Tele-sales,Aug Wk3 (Aug 17-21),18.0,0,5.0,Other,CARE,October 2026,1,MEDIUM,INC rating hits ULTRA HOT threshold on 2026-11-03 — first call window,Get ahead of the Oct/Nov renewal rush; start ACER process now before CARE backlog builds
Infosoft Digital Design & Services Pvt. Ltd.,TIER 3 — Junior RM / Tele-sales,Aug Wk4 (Aug 24-31),18.0,0,4.0,IT/Technology,CRISIL,October 2026,1,LOW,INC rating hits HOT threshold on 2026-11-22 — first call window,Get ahead of the Oct/Nov renewal rush; start ACER process now before CRISIL backlog builds
M K C Agro Fresh Ltd.,TIER 3 — Junior RM / Tele-sales,Aug Wk3 (Aug 17-21),18.0,0,5.0,Agro & Food,CRISIL,October 2026,1,MEDIUM,INC rating hits ULTRA HOT threshold on 2026-10-17 — first call window,Get ahead of the Oct/Nov renewal rush; start ACER process now before CRISIL backlog builds
Motor World Pvt. Ltd.,TIER 3 — Junior RM / Tele-sales,Aug Wk3 (Aug 17-21),18.0,0,5.0,Automobiles,CRISIL,October 2026,1,MEDIUM,INC rating hits ULTRA HOT threshold on 2026-11-24 — first call window,Get ahead of the Oct/Nov renewal rush; start ACER process now before CRISIL backlog builds
Premier Cables & Conductors Pvt. Ltd.,TIER 3 — Junior RM / Tele-sales,Aug Wk3 (Aug 17-21),18.0,0,4.0,Infrastructure,BRICKWORK,October 2026,1,MEDIUM,INC rating hits ULTRA HOT threshold on 2026-11-10 — first call window,Get ahead of the Oct/Nov renewal rush; start ACER process now before BRICKWORK backlog builds
Rocket Engineering Corpn. Pvt. Ltd.,TIER 3 — Junior RM / Tele-sales,Aug Wk3 (Aug 17-21),18.0,0,5.0,Manufacturing,CRISIL,October 2026,1,MEDIUM,INC rating hits ULTRA HOT threshold on 2026-10-23 — first call window,Get ahead of the Oct/Nov renewal rush; start ACER process now before CRISIL backlog builds
Primex Plastics Pvt. Ltd.,TIER 3 — Junior RM / Tele-sales,Aug Wk4 (Aug 24-31),17.75,0,5.0,Chemicals & Pharma,CRISIL,October 2026,1,LOW,INC rating hits HOT threshold on 2026-11-27 — first call window,Get ahead of the Oct/Nov renewal rush; start ACER process now before CRISIL backlog builds
Aruna Alloy Steels Pvt. Ltd.,TIER 3 — Junior RM / Tele-sales,Aug Wk4 (Aug 24-31),17.7,0,5.0,Steel & Metals,CRISIL,Q1 2027,1,LOW/MEDIUM,INC rating hits ULTRA HOT on 2027-03-13 — prime Q1 2027 renewal target,Your Term Loan at CRISIL goes critical in Mar 2027. Start ACER process in Sep 2026 — before the Q1 rush.
Exult Logistics Pvt. Ltd.,TIER 3 — Junior RM / Tele-sales,Aug Wk3 (Aug 17-21),17.6,0,5.0,Logistics,CRISIL,October 2026,1,MEDIUM,INC rating hits ULTRA HOT threshold on 2026-10-20 — first call window,Get ahead of the Oct/Nov renewal rush; start ACER process now before CRISIL backlog builds
Trycon Infrastructure Pvt. Ltd.,TIER 3 — Junior RM / Tele-sales,Aug Wk4 (Aug 24-31),17.55,0,5.0,Construction,CRISIL,October 2026,1,LOW,INC rating hits HOT threshold on 2026-11-06 — first call window,Get ahead of the Oct/Nov renewal rush; start ACER process now before CRISIL backlog builds
Honest Alloys Private Limited,TIER 3 — Junior RM / Tele-sales,Aug Wk3 (Aug 17-21),17.5,0,5.0,Steel & Metals,Infomerics,October 2026,1,MEDIUM,INC rating hits ULTRA HOT threshold on 2026-10-29 — first call window,Get ahead of the Oct/Nov renewal rush; start ACER process now before Infomerics backlog builds
Labdhi International Pvt. Ltd.,TIER 3 — Junior RM / Tele-sales,Aug Wk4 (Aug 24-31),17.5,0,3.0,Other,BRICKWORK,Q1 2027,1,LOW/MEDIUM,INC rating hits ULTRA HOT on 2027-03-26 — prime Q1 2027 renewal target,Your Letter of Credit at BRICKWORK goes critical in Mar 2027. Start ACER process in Sep 2026 — before the Q1 rush.
Sri Lakshmi Narasimha Poultry Farms Pvt. Ltd.,TIER 3 — Junior RM / Tele-sales,Aug Wk4 (Aug 24-31),17.5,0,5.0,Agro & Food,CRISIL,October 2026,1,LOW,INC rating hits HOT threshold on 2026-11-24 — first call window,Get ahead of the Oct/Nov renewal rush; start ACER process now before CRISIL backlog builds
Tolins Tyres Ltd.,TIER 3 — Junior RM / Tele-sales,Aug Wk4 (Aug 24-31),17.5,0,5.0,Other,CARE,Q1 2027,1,LOW/MEDIUM,INC rating hits ULTRA HOT on 2027-03-10 — prime Q1 2027 renewal target,Your Term Loan at CARE goes critical in Mar 2027. Start ACER process in Sep 2026 — before the Q1 rush.
DMG Polypack Private Limited,TIER 3 — Junior RM / Tele-sales,Aug Wk3 (Aug 17-21),17.31,0,5.0,Other,Infomerics,October 2026,1,MEDIUM,INC rating hits ULTRA HOT threshold on 2026-11-21 — first call window,Get ahead of the Oct/Nov renewal rush; start ACER process now before Infomerics backlog builds
Ra'Pure Life Sciences Ltd.,TIER 3 — Junior RM / Tele-sales,Aug Wk4 (Aug 24-31),17.29,0,5.0,Other,BRICKWORK,Q1 2027,1,LOW/MEDIUM,INC rating hits ULTRA HOT on 2027-03-13 — prime Q1 2027 renewal target,Your Term Loan at BRICKWORK goes critical in Mar 2027. Start ACER process in Sep 2026 — before the Q1 rush.
Photon Surya Urja Pvt. Ltd.,TIER 3 — Junior RM / Tele-sales,Aug Wk3 (Aug 17-21),17.07,0,4.0,Other,CRISIL,October 2026,1,MEDIUM,INC rating hits ULTRA HOT threshold on 2026-11-04 — first call window,Get ahead of the Oct/Nov renewal rush; start ACER process now before CRISIL backlog builds
S K P Steel Inds. Pvt. Ltd.,TIER 3 — Junior RM / Tele-sales,Aug Wk4 (Aug 24-31),17.04,0,5.0,Steel & Metals,ACUITE,October 2026,1,LOW,INC rating hits HOT threshold on 2026-10-10 — first call window,Get ahead of the Oct/Nov renewal rush; start ACER process now before ACUITE backlog builds
Akula Boards Pvt. Ltd.,TIER 3 — Junior RM / Tele-sales,Aug Wk4 (Aug 24-31),17.0,0,5.0,Paper/Packaging,CRISIL+BRICKWORK,Q1 2027,1,LOW/MEDIUM,INC rating hits ULTRA HOT on 2027-03-11 — prime Q1 2027 renewal target,Your Term Loan at CRISIL goes critical in Mar 2027. Start ACER process in Sep 2026 — before the Q1 rush.
Asiatic Colour-Chem Inds. Pvt. Ltd.,TIER 3 — Junior RM / Tele-sales,Aug Wk4 (Aug 24-31),17.0,0,3.0,Chemicals & Pharma,BRICKWORK,Q1 2027,1,LOW/MEDIUM,INC rating hits ULTRA HOT on 2027-03-13 — prime Q1 2027 renewal target,Your Letter of Credit at BRICKWORK goes critical in Mar 2027. Start ACER process in Sep 2026 — before the Q1 rush.
Dadu Pipes Pvt. Ltd.,TIER 3 — Junior RM / Tele-sales,Aug Wk4 (Aug 24-31),17.0,0,4.0,Steel & Metals,BRICKWORK,October 2026,1,LOW,INC rating hits HOT threshold on 2026-11-03 — first call window,Get ahead of the Oct/Nov renewal rush; start ACER process now before BRICKWORK backlog builds
Eastman Cast & Forge Ltd.,TIER 3 — Junior RM / Tele-sales,Aug Wk3 (Aug 17-21),17.0,0,5.0,Other,CRISIL,October 2026,1,MEDIUM,INC rating hits ULTRA HOT threshold on 2026-11-25 — first call window,Get ahead of the Oct/Nov renewal rush; start ACER process now before CRISIL backlog builds
K B K Chem-Engineering Pvt. Ltd.,TIER 3 — Junior RM / Tele-sales,Aug Wk4 (Aug 24-31),17.0,0,3.0,Chemicals & Pharma,ICRA,Q1 2027,1,LOW/MEDIUM,INC rating hits ULTRA HOT on 2027-03-19 — prime Q1 2027 renewal target,Your Non-Fund-Based at ICRA goes critical in Mar 2027. Start ACER process in Sep 2026 — before the Q1 rush.
Klassik Enterprises Pvt. Ltd.,TIER 3 — Junior RM / Tele-sales,Aug Wk4 (Aug 24-31),17.0,0,5.0,Other,CRISIL,October 2026,1,LOW,INC rating hits HOT threshold on 2026-11-20 — first call window,Get ahead of the Oct/Nov renewal rush; start ACER process now before CRISIL backlog builds
Munnangi Seafoods Pvt. Ltd.,TIER 3 — Junior RM / Tele-sales,Aug Wk4 (Aug 24-31),17.0,0,5.0,Agro & Food,CRISIL,Q1 2027,1,LOW/MEDIUM,INC rating hits ULTRA HOT on 2027-03-27 — prime Q1 2027 renewal target,Your Fund-Based at CRISIL goes critical in Mar 2027. Start ACER process in Sep 2026 — before the Q1 rush.
Overseas Health Care Pvt. Ltd.,TIER 3 — Junior RM / Tele-sales,Aug Wk4 (Aug 24-31),17.0,0,5.0,Healthcare,CRISIL,Q1 2027,1,LOW/MEDIUM,INC rating hits ULTRA HOT on 2027-03-25 — prime Q1 2027 renewal target,Your Fund-Based at CRISIL goes critical in Mar 2027. Start ACER process in Sep 2026 — before the Q1 rush.
Pressana Flour Mills Pvt. Ltd.,TIER 3 — Junior RM / Tele-sales,Aug Wk4 (Aug 24-31),17.0,0,4.0,Agro & Food,ACUITE,October 2026,1,LOW,INC rating hits HOT threshold on 2026-10-26 — first call window,Get ahead of the Oct/Nov renewal rush; start ACER process now before ACUITE backlog builds
Republic Pvt. Ltd.,TIER 3 — Junior RM / Tele-sales,Aug Wk4 (Aug 24-31),17.0,0,5.0,Other,CRISIL,Q1 2027,1,LOW/MEDIUM,INC rating hits ULTRA HOT on 2027-03-30 — prime Q1 2027 renewal target,Your Fund-Based at CRISIL goes critical in Mar 2027. Start ACER process in Sep 2026 — before the Q1 rush.
Singhal Industries Pvt. Ltd.,TIER 3 — Junior RM / Tele-sales,Aug Wk3 (Aug 17-21),17.0,0,3.0,Manufacturing,CARE,October 2026,1,MEDIUM,INC rating hits ULTRA HOT threshold on 2026-10-06 — first call window,Get ahead of the Oct/Nov renewal rush; start ACER process now before CARE backlog builds
Vipul Overseas Pvt. Ltd.,TIER 3 — Junior RM / Tele-sales,Aug Wk3 (Aug 17-21),17.0,0,3.0,Other,BRICKWORK,October 2026,1,MEDIUM,INC rating hits ULTRA HOT threshold on 2026-10-24 — first call window,Get ahead of the Oct/Nov renewal rush; start ACER process now before BRICKWORK backlog builds
Frontier Knitters Pvt. Ltd.,TIER 3 — Junior RM / Tele-sales,Aug Wk3 (Aug 17-21),16.83,0,5.0,Textiles,CRISIL,October 2026,1,MEDIUM,INC rating hits ULTRA HOT threshold on 2026-10-06 — first call window,Get ahead of the Oct/Nov renewal rush; start ACER process now before CRISIL backlog builds
Hariom Polypacks Ltd.,TIER 3 — Junior RM / Tele-sales,Aug Wk3 (Aug 17-21),16.83,0,5.0,Other,ACUITE,October 2026,1,MEDIUM,INC rating hits ULTRA HOT threshold on 2026-11-28 — first call window,Get ahead of the Oct/Nov renewal rush; start ACER process now before ACUITE backlog builds
Raaja Magnetics Ltd.,TIER 3 — Junior RM / Tele-sales,Aug Wk4 (Aug 24-31),16.83,0,3.0,Other,ICRA,October 2026,1,LOW,INC rating hits HOT threshold on 2026-10-19 — first call window,Get ahead of the Oct/Nov renewal rush; start ACER process now before ICRA backlog builds
Poct Science House Pvt. Ltd.,TIER 3 — Junior RM / Tele-sales,Aug Wk4 (Aug 24-31),16.73,0,5.0,Other,CRISIL,October 2026,1,LOW,INC rating hits HOT threshold on 2026-11-20 — first call window,Get ahead of the Oct/Nov renewal rush; start ACER process now before CRISIL backlog builds
Maarewa Sugars Pvt. Ltd.,TIER 3 — Junior RM / Tele-sales,Aug Wk4 (Aug 24-31),16.63,0,5.0,Agro & Food,CRISIL,Q1 2027,1,LOW/MEDIUM,INC rating hits ULTRA HOT on 2027-03-17 — prime Q1 2027 renewal target,Your Term Loan at CRISIL goes critical in Mar 2027. Start ACER process in Sep 2026 — before the Q1 rush.
Stellence Pharmscience Pvt. Ltd.,TIER 3 — Junior RM / Tele-sales,Aug Wk4 (Aug 24-31),16.6,0,5.0,Other,BRICKWORK,Q2 2027,1,LOW (<90 days),"INC since Apr 2026 (83 days). MEDIUM by Oct 2026, HOT by Jan 2027, ULTRA HOT by Apr 2027.",Your Term loans at BRICKWORK hits ULTRA HOT in Apr 2027. Start ACER process by Jan 2027 to be ahead of Q2 2027 renewal rush.
Sadhav Shipping Ltd.,TIER 3 — Junior RM / Tele-sales,Aug Wk4 (Aug 24-31),16.58,0,4.0,Logistics,BRICKWORK,October 2026,1,LOW,INC rating hits HOT threshold on 2026-10-20 — first call window,Get ahead of the Oct/Nov renewal rush; start ACER process now before BRICKWORK backlog builds
Aditi Infrabuild & Services Ltd.,TIER 3 — Junior RM / Tele-sales,Aug Wk4 (Aug 24-31),16.5,0,4.0,Construction,CRISIL,October 2026,1,LOW,INC rating hits HOT threshold on 2026-10-09 — first call window,Get ahead of the Oct/Nov renewal rush; start ACER process now before CRISIL backlog builds
Conor Granito Pvt. Ltd.,TIER 3 — Junior RM / Tele-sales,Aug Wk3 (Aug 17-21),16.5,0,5.0,Other,CRISIL,October 2026,1,MEDIUM,INC rating hits ULTRA HOT threshold on 2026-10-17 — first call window,Get ahead of the Oct/Nov renewal rush; start ACER process now before CRISIL backlog builds
Laxmi Technical Textile Pvt. Ltd.,TIER 3 — Junior RM / Tele-sales,Aug Wk4 (Aug 24-31),16.5,0,5.0,Textiles,CRISIL,October 2026,1,LOW,INC rating hits HOT threshold on 2026-11-23 — first call window,Get ahead of the Oct/Nov renewal rush; start ACER process now before CRISIL backlog builds
N N M Securities Pvt. Ltd.,TIER 3 — Junior RM / Tele-sales,Aug Wk3 (Aug 17-21),16.4,0,5.0,BFSI,ACUITE,October 2026,1,MEDIUM,INC rating hits ULTRA HOT threshold on 2026-11-07 — first call window,Get ahead of the Oct/Nov renewal rush; start ACER process now before ACUITE backlog builds
Mridula Healthcare Pvt. Ltd.,TIER 3 — Junior RM / Tele-sales,Aug Wk4 (Aug 24-31),16.35,0,5.0,Healthcare,BRICKWORK,October 2026,1,LOW,INC rating hits HOT threshold on 2026-11-20 — first call window,Get ahead of the Oct/Nov renewal rush; start ACER process now before BRICKWORK backlog builds
Swiss Garnier Genexiaa Sciences Pvt. Ltd.,TIER 3 — Junior RM / Tele-sales,Aug Wk4 (Aug 24-31),16.33,0,5.0,Other,CARE,October 2026,1,LOW,INC rating hits HOT threshold on 2026-11-13 — first call window,Get ahead of the Oct/Nov renewal rush; start ACER process now before CARE backlog builds
V3 Health Care Pvt. Ltd.,TIER 3 — Junior RM / Tele-sales,Aug Wk4 (Aug 24-31),16.32,0,5.0,Healthcare,BRICKWORK,Q1 2027,1,LOW/MEDIUM,INC rating hits ULTRA HOT on 2027-03-18 — prime Q1 2027 renewal target,Your Term Loan at BRICKWORK goes critical in Mar 2027. Start ACER process in Sep 2026 — before the Q1 rush.
Dayana Polyplast Pvt. Ltd.,TIER 3 — Junior RM / Tele-sales,Aug Wk4 (Aug 24-31),16.27,0,5.0,Other,ACUITE,October 2026,1,LOW,INC rating hits HOT threshold on 2026-11-22 — first call window,Get ahead of the Oct/Nov renewal rush; start ACER process now before ACUITE backlog builds
Shree Saibaba Green Power Pvt. Ltd.,TIER 3 — Junior RM / Tele-sales,Aug Wk4 (Aug 24-31),16.25,0,5.0,Energy,ACUITE,October 2026,1,LOW,INC rating hits HOT threshold on 2026-11-10 — first call window,Get ahead of the Oct/Nov renewal rush; start ACER process now before ACUITE backlog builds
Nouvelle Credits Pvt. Ltd.,TIER 3 — Junior RM / Tele-sales,Aug Wk4 (Aug 24-31),16.2,0,3.0,BFSI,BRICKWORK,October 2026,1,LOW,INC rating hits HOT threshold on 2026-11-21 — first call window,Get ahead of the Oct/Nov renewal rush; start ACER process now before BRICKWORK backlog builds
St.George Electronica Pvt. Ltd.,TIER 3 — Junior RM / Tele-sales,Aug Wk4 (Aug 24-31),16.2,0,5.0,Other,CRISIL,Q1 2027,1,LOW/MEDIUM,INC rating hits ULTRA HOT on 2027-03-31 — prime Q1 2027 renewal target,Your Term Loan at CRISIL goes critical in Mar 2027. Start ACER process in Sep 2026 — before the Q1 rush.
Master (India) Brewing Company,TIER 3 — Junior RM / Tele-sales,Aug Wk4 (Aug 24-31),16.11,0,5.0,Other,Infomerics,Q1 2027,1,LOW/MEDIUM,INC rating hits ULTRA HOT on 2027-02-06 — exclusive Q1 2027 whitespace lead,Your Infomerics INC rating goes critical in Feb 2027. ACER is your best alternative — no competitor has approached you.
Frontier Trucks Pvt. Ltd.,TIER 3 — Junior RM / Tele-sales,Aug Wk3 (Aug 17-21),16.09,0,5.0,Logistics,CRISIL,October 2026,1,MEDIUM,INC rating hits ULTRA HOT threshold on 2026-10-14 — first call window,Get ahead of the Oct/Nov renewal rush; start ACER process now before CRISIL backlog builds
C N C India Tools & Services Pvt. Ltd.,TIER 3 — Junior RM / Tele-sales,Aug Wk3 (Aug 17-21),16.0,0,4.0,Other,CARE,October 2026,1,MEDIUM,INC rating hits ULTRA HOT threshold on 2026-11-27 — first call window,Get ahead of the Oct/Nov renewal rush; start ACER process now before CARE backlog builds
Elroy Motors Pvt. Ltd.,TIER 3 — Junior RM / Tele-sales,Aug Wk3 (Aug 17-21),16.0,0,5.0,Automobiles,CRISIL,October 2026,1,MEDIUM,INC rating hits ULTRA HOT threshold on 2026-10-23 — first call window,Get ahead of the Oct/Nov renewal rush; start ACER process now before CRISIL backlog builds
Gautambudh Cars Pvt. Ltd.,TIER 3 — Junior RM / Tele-sales,Aug Wk3 (Aug 17-21),16.0,0,5.0,Automobiles,CARE,October 2026,1,MEDIUM,INC rating hits ULTRA HOT threshold on 2026-11-06 — first call window,Get ahead of the Oct/Nov renewal rush; start ACER process now before CARE backlog builds
J Pan Tubular Components Pvt. Ltd.,TIER 3 — Junior RM / Tele-sales,Aug Wk3 (Aug 17-21),16.0,0,3.0,Manufacturing,ICRA,October 2026,1,MEDIUM,INC rating hits ULTRA HOT threshold on 2026-11-19 — first call window,Get ahead of the Oct/Nov renewal rush; start ACER process now before ICRA backlog builds
K V R Industries Pvt. Ltd.,TIER 3 — Junior RM / Tele-sales,Aug Wk4 (Aug 24-31),16.0,0,5.0,Other,CRISIL,Q2 2027,1,LOW (<90 days),"INC since Apr 2026 (79 days). MEDIUM by Oct 2026, HOT by Jan 2027, ULTRA HOT by Apr 2027.",Your Long term Loans at CRISIL hits ULTRA HOT in Apr 2027. Start ACER process by Jan 2027 to be ahead of Q2 2027 renewal rush.
Kandarp Constructions (India) Pvt. Ltd.,TIER 3 — Junior RM / Tele-sales,Aug Wk4 (Aug 24-31),16.0,0,5.0,Construction,IND-RA,Q2 2027,1,LOW (<90 days),"INC since Apr 2026 (87 days). MEDIUM by Oct 2026, HOT by Jan 2027, ULTRA HOT by Apr 2027.",Your Term loans at IND-RA hits ULTRA HOT in Apr 2027. Start ACER process by Jan 2027 to be ahead of Q2 2027 renewal rush.
Kirloskar Chillers Pvt. Ltd.,TIER 3 — Junior RM / Tele-sales,Aug Wk4 (Aug 24-31),16.0,0,4.0,Other,CARE,Q1 2027,1,LOW/MEDIUM,INC rating hits ULTRA HOT on 2027-03-24 — prime Q1 2027 renewal target,Your Bank Guarantee at CARE goes critical in Mar 2027. Start ACER process in Sep 2026 — before the Q1 rush.
Leapfrog Engineering Services Ltd.,TIER 3 — Junior RM / Tele-sales,Aug Wk4 (Aug 24-31),16.0,0,4.0,Manufacturing,CRISIL,October 2026,1,LOW,INC rating hits HOT threshold on 2026-10-27 — first call window,Get ahead of the Oct/Nov renewal rush; start ACER process now before CRISIL backlog builds
Link Marble & Granites Pvt. Ltd.,TIER 3 — Junior RM / Tele-sales,Aug Wk3 (Aug 17-21),16.0,0,3.0,Mining & Minerals,CRISIL,October 2026,1,MEDIUM,INC rating hits ULTRA HOT threshold on 2026-11-13 — first call window,Get ahead of the Oct/Nov renewal rush; start ACER process now before CRISIL backlog builds
Merit Technologies India Ltd.,TIER 3 — Junior RM / Tele-sales,Aug Wk4 (Aug 24-31),16.0,0,3.0,IT/Technology,ICRA,Q1 2027,1,LOW/MEDIUM,INC rating hits ULTRA HOT on 2027-03-12 — prime Q1 2027 renewal target,Your Non-Fund-Based at ICRA goes critical in Mar 2027. Start ACER process in Sep 2026 — before the Q1 rush.
Prakash Auto Pvt. Ltd.,TIER 3 — Junior RM / Tele-sales,Aug Wk4 (Aug 24-31),16.0,0,5.0,Automobiles,CRISIL,October 2026,1,LOW,INC rating hits HOT threshold on 2026-11-24 — first call window,Get ahead of the Oct/Nov renewal rush; start ACER process now before CRISIL backlog builds
Ravina Health Care Pvt. Ltd.,TIER 3 — Junior RM / Tele-sales,Aug Wk4 (Aug 24-31),16.0,0,5.0,Healthcare,CRISIL,Q2 2027,1,LOW (<90 days),"INC since Apr 2026 (61 days). MEDIUM by Oct 2026, HOT by Jan 2027, ULTRA HOT by Apr 2027.",Your Term loans at CRISIL hits ULTRA HOT in Apr 2027. Start ACER process by Jan 2027 to be ahead of Q2 2027 renewal rush.
Roshan Real Estates Pvt. Ltd.,TIER 3 — Junior RM / Tele-sales,Aug Wk3 (Aug 17-21),16.0,0,3.0,Construction,ICRA,October 2026,1,MEDIUM,INC rating hits ULTRA HOT threshold on 2026-10-23 — first call window,Get ahead of the Oct/Nov renewal rush; start ACER process now before ICRA backlog builds
S S Techno Ltd.,TIER 3 — Junior RM / Tele-sales,Aug Wk4 (Aug 24-31),16.0,0,4.0,IT/Technology,CRISIL,Q1 2027,1,LOW/MEDIUM,INC rating hits ULTRA HOT on 2027-03-11 — prime Q1 2027 renewal target,Your Bank Guarantee at CRISIL goes critical in Mar 2027. Start ACER process in Sep 2026 — before the Q1 rush.
Sandeep Lead Alloys (India) Pvt. Ltd.,TIER 3 — Junior RM / Tele-sales,Aug Wk3 (Aug 17-21),16.0,0,5.0,Steel & Metals,CRISIL,October 2026,1,MEDIUM,INC rating hits ULTRA HOT threshold on 2026-10-07 — first call window,Get ahead of the Oct/Nov renewal rush; start ACER process now before CRISIL backlog builds
Vaighai Agro Products Ltd.,TIER 3 — Junior RM / Tele-sales,Aug Wk3 (Aug 17-21),16.0,0,3.0,Agro & Food,ICRA,October 2026,1,MEDIUM,INC rating hits ULTRA HOT threshold on 2026-10-29 — first call window,Get ahead of the Oct/Nov renewal rush; start ACER process now before ICRA backlog builds
Kolors India Pvt. Ltd.,TIER 3 — Junior RM / Tele-sales,Aug Wk4 (Aug 24-31),15.95,0,5.0,Other,CARE,October 2026,1,LOW,INC rating hits HOT threshold on 2026-10-20 — first call window,Get ahead of the Oct/Nov renewal rush; start ACER process now before CARE backlog builds
Jdagro Industries Pvt. Ltd.,TIER 3 — Junior RM / Tele-sales,Aug Wk3 (Aug 17-21),15.9,0,5.0,Agro & Food,CRISIL,October 2026,1,MEDIUM,INC rating hits ULTRA HOT threshold on 2026-10-23 — first call window,Get ahead of the Oct/Nov renewal rush; start ACER process now before CRISIL backlog builds
Bhawani Moulders Pvt. Ltd.,TIER 3 — Junior RM / Tele-sales,Aug Wk4 (Aug 24-31),15.89,0,5.0,Other,CARE,October 2026,1,LOW,INC rating hits HOT threshold on 2026-11-03 — first call window,Get ahead of the Oct/Nov renewal rush; start ACER process now before CARE backlog builds
Shivam Hi-Tech Steels Pvt. Ltd.,TIER 3 — Junior RM / Tele-sales,Aug Wk4 (Aug 24-31),15.87,0,5.0,Steel & Metals,CRISIL,October 2026,1,LOW,INC rating hits HOT threshold on 2026-10-20 — first call window,Get ahead of the Oct/Nov renewal rush; start ACER process now before CRISIL backlog builds
Gomuki Spinning Mills Pvt. Ltd.,TIER 3 — Junior RM / Tele-sales,Aug Wk4 (Aug 24-31),15.84,0,5.0,Textiles,BRICKWORK,October 2026,1,LOW,INC rating hits HOT threshold on 2026-11-21 — first call window,Get ahead of the Oct/Nov renewal rush; start ACER process now before BRICKWORK backlog builds
Global Farm Fresh Pvt. Ltd.,TIER 3 — Junior RM / Tele-sales,Aug Wk3 (Aug 17-21),15.7,0,5.0,Agro & Food,CRISIL,October 2026,1,MEDIUM,INC rating hits ULTRA HOT threshold on 2026-10-30 — first call window,Get ahead of the Oct/Nov renewal rush; start ACER process now before CRISIL backlog builds
Luna Chemical Inds. Pvt. Ltd.,TIER 3 — Junior RM / Tele-sales,Aug Wk4 (Aug 24-31),15.65,0,3.0,Chemicals & Pharma,CRISIL+BRICKWORK,Q1 2027,1,LOW/MEDIUM,INC rating hits ULTRA HOT on 2027-03-17 — prime Q1 2027 renewal target,Your Letter of Credit at CRISIL goes critical in Mar 2027. Start ACER process in Sep 2026 — before the Q1 rush.
Lancor Holdings Ltd.,TIER 3 — Junior RM / Tele-sales,Aug Wk4 (Aug 24-31),15.62,0,5.0,Other,CARE,Q1 2027,1,LOW/MEDIUM,INC rating hits ULTRA HOT on 2027-03-31 — prime Q1 2027 renewal target,Your Term Loan at CARE goes critical in Mar 2027. Start ACER process in Sep 2026 — before the Q1 rush.
Avlight Automotives Pvt. Ltd.,TIER 3 — Junior RM / Tele-sales,Aug Wk3 (Aug 17-21),15.61,0,5.0,Automobiles,ACUITE,October 2026,1,MEDIUM,INC rating hits ULTRA HOT threshold on 2026-10-28 — first call window,Get ahead of the Oct/Nov renewal rush; start ACER process now before ACUITE backlog builds
Tezpur Institute Of Medical Sciences Pvt. Ltd.,TIER 3 — Junior RM / Tele-sales,Aug Wk3 (Aug 17-21),15.61,0,5.0,Healthcare,BRICKWORK,October 2026,1,MEDIUM,INC rating hits ULTRA HOT threshold on 2026-10-13 — first call window,Get ahead of the Oct/Nov renewal rush; start ACER process now before BRICKWORK backlog builds
Auto Axis Pvt. Ltd.,TIER 3 — Junior RM / Tele-sales,Aug Wk4 (Aug 24-31),15.5,0,5.0,Automobiles,BRICKWORK,October 2026,1,LOW,INC rating hits HOT threshold on 2026-10-18 — first call window,Get ahead of the Oct/Nov renewal rush; start ACER process now before BRICKWORK backlog builds
Growmore International Ltd.,TIER 3 — Junior RM / Tele-sales,Aug Wk3 (Aug 17-21),15.5,0,3.0,Other,CRISIL,October 2026,1,MEDIUM,INC rating hits ULTRA HOT threshold on 2026-10-08 — first call window,Get ahead of the Oct/Nov renewal rush; start ACER process now before CRISIL backlog builds
Kasturi Aqua Life Products Pvt. Ltd.,TIER 3 — Junior RM / Tele-sales,Aug Wk3 (Aug 17-21),15.5,0,5.0,Manufacturing,ACUITE,October 2026,1,MEDIUM,INC rating hits ULTRA HOT threshold on 2026-11-14 — first call window,Get ahead of the Oct/Nov renewal rush; start ACER process now before ACUITE backlog builds
Lido Commercial Co. Ltd.,TIER 3 — Junior RM / Tele-sales,Aug Wk4 (Aug 24-31),15.5,0,4.0,Other,ACUITE,Q2 2027,1,LOW (<90 days),"INC since Apr 2026 (88 days). MEDIUM by Oct 2026, HOT by Jan 2027, ULTRA HOT by Apr 2027.",Your Bank Guarantee at ACUITE hits ULTRA HOT in Apr 2027. Start ACER process by Jan 2027 to be ahead of Q2 2027 renewal rush.
Pharma Access Pvt. Ltd.,TIER 3 — Junior RM / Tele-sales,Aug Wk4 (Aug 24-31),15.5,0,5.0,Chemicals & Pharma,CRISIL,October 2026,1,LOW,INC rating hits HOT threshold on 2026-10-05 — first call window,Get ahead of the Oct/Nov renewal rush; start ACER process now before CRISIL backlog builds
Patel Beer Pvt. Ltd.,TIER 3 — Junior RM / Tele-sales,Aug Wk3 (Aug 17-21),15.48,0,4.0,Other,CARE,October 2026,1,MEDIUM,INC rating hits ULTRA HOT threshold on 2026-11-28 — first call window,Get ahead of the Oct/Nov renewal rush; start ACER process now before CARE backlog builds
Adig Jemtex Pvt. Ltd.,TIER 3 — Junior RM / Tele-sales,Aug Wk4 (Aug 24-31),15.43,0,5.0,Other,CARE,Q2 2027,1,LOW (<90 days),"INC since Apr 2026 (65 days). MEDIUM by Oct 2026, HOT by Jan 2027, ULTRA HOT by Apr 2027.",Your Term loans at CARE hits ULTRA HOT in Apr 2027. Start ACER process by Jan 2027 to be ahead of Q2 2027 renewal rush.
Raghuram Hume Pipes Pvt. Ltd.,TIER 3 — Junior RM / Tele-sales,Aug Wk3 (Aug 17-21),15.4,0,4.0,Steel & Metals,CARE,October 2026,1,MEDIUM,INC rating hits ULTRA HOT threshold on 2026-11-11 — first call window,Get ahead of the Oct/Nov renewal rush; start ACER process now before CARE backlog builds
Gwalia Sweets Pvt. Ltd.,TIER 3 — Junior RM / Tele-sales,Aug Wk3 (Aug 17-21),15.23,0,5.0,Other,CARE,October 2026,1,MEDIUM,INC rating hits ULTRA HOT threshold on 2026-10-06 — first call window,Get ahead of the Oct/Nov renewal rush; start ACER process now before CARE backlog builds
Rubber Matters Private Limited,TIER 3 — Junior RM / Tele-sales,Aug Wk3 (Aug 17-21),15.15,0,3.0,Chemicals & Pharma,Infomerics,October 2026,1,MEDIUM,INC rating hits ULTRA HOT threshold on 2026-11-17 — first call window,Get ahead of the Oct/Nov renewal rush; start ACER process now before Infomerics backlog builds
E Meditek Insurance Ltd.,TIER 3 — Junior RM / Tele-sales,Aug Wk3 (Aug 17-21),15.12,0,5.0,BFSI,CRISIL,October 2026,1,MEDIUM,INC rating hits ULTRA HOT threshold on 2026-11-21 — first call window,Get ahead of the Oct/Nov renewal rush; start ACER process now before CRISIL backlog builds
Atluri Foods Pvt. Ltd.,TIER 3 — Junior RM / Tele-sales,Aug Wk3 (Aug 17-21),15.1,0,5.0,Agro & Food,BRICKWORK,October 2026,1,MEDIUM,INC rating hits ULTRA HOT threshold on 2026-11-04 — first call window,Get ahead of the Oct/Nov renewal rush; start ACER process now before BRICKWORK backlog builds
Regent Granito India Ltd.,TIER 3 — Junior RM / Tele-sales,Aug Wk4 (Aug 24-31),15.03,0,3.0,Other,ICRA,Q2 2027,1,LOW (<90 days),"INC since Apr 2026 (65 days). MEDIUM by Oct 2026, HOT by Jan 2027, ULTRA HOT by Apr 2027.",Your Non-fund-based financial facility/instrument at ICRA hits ULTRA HOT in Apr 2027. Start ACER process by Jan 2027 to be ahead of Q2 2027 renewal rush.
A Little World Pvt. Ltd.,TIER 3 — Junior RM / Tele-sales,Aug Wk4 (Aug 24-31),15.0,0,5.0,Other,CRISIL,October 2026,1,LOW,INC rating hits HOT threshold on 2026-10-09 — first call window,Get ahead of the Oct/Nov renewal rush; start ACER process now before CRISIL backlog builds
Ahlada Engineers Ltd.,TIER 3 — Junior RM / Tele-sales,Aug Wk3 (Aug 17-21),15.0,0,3.0,Manufacturing,IND-RA,October 2026,1,MEDIUM,INC rating hits ULTRA HOT threshold on 2026-10-08 — first call window,Get ahead of the Oct/Nov renewal rush; start ACER process now before IND-RA backlog builds
Apex Meadows Pvt. Ltd.,TIER 3 — Junior RM / Tele-sales,Aug Wk4 (Aug 24-31),15.0,0,5.0,Other,ACUITE,October 2026,1,LOW,INC rating hits HOT threshold on 2026-10-27 — first call window,Get ahead of the Oct/Nov renewal rush; start ACER process now before ACUITE backlog builds
Astila Ceramic Pvt. Ltd.,TIER 3 — Junior RM / Tele-sales,Aug Wk4 (Aug 24-31),15.0,0,5.0,Other,BRICKWORK,Q1 2027,1,LOW/MEDIUM,INC rating hits ULTRA HOT on 2027-03-17 — prime Q1 2027 renewal target,Your Term Loan at BRICKWORK goes critical in Mar 2027. Start ACER process in Sep 2026 — before the Q1 rush.
Avani Petrochem Pvt. Ltd.,TIER 3 — Junior RM / Tele-sales,Aug Wk3 (Aug 17-21),15.0,0,5.0,Chemicals & Pharma,ICRA,October 2026,1,MEDIUM,INC rating hits ULTRA HOT threshold on 2026-11-07 — first call window,Get ahead of the Oct/Nov renewal rush; start ACER process now before ICRA backlog builds
Banglore Polymers Pvt. Ltd.,TIER 3 — Junior RM / Tele-sales,Aug Wk3 (Aug 17-21),15.0,0,5.0,Chemicals & Pharma,BRICKWORK,October 2026,1,MEDIUM,INC rating hits ULTRA HOT threshold on 2026-10-14 — first call window,Get ahead of the Oct/Nov renewal rush; start ACER process now before BRICKWORK backlog builds
Bhagya Laxmi Gems & Jewellers Pvt. Ltd.,TIER 3 — Junior RM / Tele-sales,Aug Wk4 (Aug 24-31),15.0,0,4.0,Other,ACUITE,Q2 2027,1,LOW (<90 days),"INC since Apr 2026 (66 days). MEDIUM by Oct 2026, HOT by Jan 2027, ULTRA HOT by Apr 2027.",Your Bank Guarantee at ACUITE hits ULTRA HOT in Apr 2027. Start ACER process by Jan 2027 to be ahead of Q2 2027 renewal rush.
Bhupendra Steels Pvt. Ltd.,TIER 3 — Junior RM / Tele-sales,Aug Wk3 (Aug 17-21),15.0,0,3.0,Steel & Metals,CRISIL,October 2026,1,MEDIUM,INC rating hits ULTRA HOT threshold on 2026-10-24 — first call window,Get ahead of the Oct/Nov renewal rush; start ACER process now before CRISIL backlog builds
Cadiz Pharmaceuticals Pvt. Ltd.,TIER 3 — Junior RM / Tele-sales,Aug Wk3 (Aug 17-21),15.0,0,4.0,Chemicals & Pharma,CRISIL,October 2026,1,MEDIUM,INC rating hits ULTRA HOT threshold on 2026-10-14 — first call window,Get ahead of the Oct/Nov renewal rush; start ACER process now before CRISIL backlog builds
Curry Mantra Foods Pvt. Ltd.,TIER 3 — Junior RM / Tele-sales,Aug Wk4 (Aug 24-31),15.0,0,3.0,Agro & Food,BRICKWORK,Q1 2027,1,LOW/MEDIUM,INC rating hits ULTRA HOT on 2027-03-23 — prime Q1 2027 renewal target,Your Letter of Credit at BRICKWORK goes critical in Mar 2027. Start ACER process in Sep 2026 — before the Q1 rush.
D H I Mobility Pvt. Ltd.,TIER 3 — Junior RM / Tele-sales,Aug Wk4 (Aug 24-31),15.0,0,5.0,Other,IND-RA,Q2 2027,1,LOW (<90 days),"INC since Apr 2026 (87 days). MEDIUM by Oct 2026, HOT by Jan 2027, ULTRA HOT by Apr 2027.",Your Term loans at IND-RA hits ULTRA HOT in Apr 2027. Start ACER process by Jan 2027 to be ahead of Q2 2027 renewal rush.
Dhanalaxmi Roto Spinners Ltd.,TIER 3 — Junior RM / Tele-sales,Aug Wk3 (Aug 17-21),15.0,0,3.0,Hotels & Tourism,CARE,October 2026,1,MEDIUM,INC rating hits ULTRA HOT threshold on 2026-11-10 — first call window,Get ahead of the Oct/Nov renewal rush; start ACER process now before CARE backlog builds
Fair Deal Cars Pvt. Ltd.,TIER 3 — Junior RM / Tele-sales,Aug Wk4 (Aug 24-31),15.0,0,5.0,Automobiles,CARE,October 2026,1,LOW,INC rating hits HOT threshold on 2026-11-03 — first call window,Get ahead of the Oct/Nov renewal rush; start ACER process now before CARE backlog builds
Greta Steels Pvt. Ltd.,TIER 3 — Junior RM / Tele-sales,Aug Wk4 (Aug 24-31),15.0,0,3.0,Steel & Metals,ACUITE,Q2 2027,1,LOW (<90 days),"INC since Apr 2026 (72 days). MEDIUM by Oct 2026, HOT by Jan 2027, ULTRA HOT by Apr 2027.",Your Letter Of credit at ACUITE hits ULTRA HOT in Apr 2027. Start ACER process by Jan 2027 to be ahead of Q2 2027 renewal rush.
Jagdambay Cotspin Ltd.,TIER 3 — Junior RM / Tele-sales,Aug Wk4 (Aug 24-31),15.0,0,5.0,Other,ICRA,October 2026,1,LOW,INC rating hits HOT threshold on 2026-11-02 — first call window,Get ahead of the Oct/Nov renewal rush; start ACER process now before ICRA backlog builds
Jai Hind Wire Rod Mills Pvt. Ltd.,TIER 3 — Junior RM / Tele-sales,Aug Wk4 (Aug 24-31),15.0,0,3.0,Steel & Metals,CARE,October 2026,1,LOW,INC rating hits HOT threshold on 2026-11-17 — first call window,Get ahead of the Oct/Nov renewal rush; start ACER process now before CARE backlog builds
Jay Cee Punching Solutions Pvt. Ltd.,TIER 3 — Junior RM / Tele-sales,Aug Wk3 (Aug 17-21),15.0,0,4.0,Other,CRISIL,October 2026,1,MEDIUM,INC rating hits ULTRA HOT threshold on 2026-10-29 — first call window,Get ahead of the Oct/Nov renewal rush; start ACER process now before CRISIL backlog builds
Jinaehat Export Pvt. Ltd.,TIER 3 — Junior RM / Tele-sales,Aug Wk3 (Aug 17-21),15.0,0,3.0,Logistics,ICRA,October 2026,1,MEDIUM,INC rating hits ULTRA HOT threshold on 2026-11-28 — first call window,Get ahead of the Oct/Nov renewal rush; start ACER process now before ICRA backlog builds
Kirti Infrastructures Ltd.,TIER 3 — Junior RM / Tele-sales,Aug Wk4 (Aug 24-31),15.0,0,4.0,Construction,BRICKWORK,October 2026,1,LOW,INC rating hits HOT threshold on 2026-10-16 — first call window,Get ahead of the Oct/Nov renewal rush; start ACER process now before BRICKWORK backlog builds
Kremoint Pharma Pvt. Ltd.,TIER 3 — Junior RM / Tele-sales,Aug Wk3 (Aug 17-21),15.0,0,5.0,Chemicals & Pharma,CRISIL,October 2026,1,MEDIUM,INC rating hits ULTRA HOT threshold on 2026-10-20 — first call window,Get ahead of the Oct/Nov renewal rush; start ACER process now before CRISIL backlog builds
Kurlon Enterprise Ltd.,TIER 3 — Junior RM / Tele-sales,Aug Wk3 (Aug 17-21),15.0,0,3.0,Other,ICRA,October 2026,1,MEDIUM,INC rating hits ULTRA HOT threshold on 2026-10-08 — first call window,Get ahead of the Oct/Nov renewal rush; start ACER process now before ICRA backlog builds
Kushal Polysacks Pvt. Ltd.,TIER 3 — Junior RM / Tele-sales,Aug Wk3 (Aug 17-21),15.0,0,3.0,Paper/Packaging,IND-RA,October 2026,1,MEDIUM,INC rating hits ULTRA HOT threshold on 2026-10-08 — first call window,Get ahead of the Oct/Nov renewal rush; start ACER process now before IND-RA backlog builds
N K S Construction & Engineers Pvt. Ltd.,TIER 3 — Junior RM / Tele-sales,Aug Wk3 (Aug 17-21),15.0,0,4.0,Construction,CARE,October 2026,1,MEDIUM,INC rating hits ULTRA HOT threshold on 2026-10-10 — first call window,Get ahead of the Oct/Nov renewal rush; start ACER process now before CARE backlog builds
P B Lifestyle Ltd.,TIER 3 — Junior RM / Tele-sales,Aug Wk4 (Aug 24-31),15.0,0,5.0,Other,IND-RA,October 2026,1,LOW,INC rating hits HOT threshold on 2026-10-13 — first call window,Get ahead of the Oct/Nov renewal rush; start ACER process now before IND-RA backlog builds
Paradip Calciner Ltd.,TIER 3 — Junior RM / Tele-sales,Aug Wk4 (Aug 24-31),15.0,0,3.0,Other,CARE,October 2026,1,LOW,INC rating hits HOT threshold on 2026-11-27 — first call window,Get ahead of the Oct/Nov renewal rush; start ACER process now before CARE backlog builds
Paul & Co. Steel Merchants Pvt. Ltd.,TIER 3 — Junior RM / Tele-sales,Aug Wk4 (Aug 24-31),15.0,0,5.0,Steel & Metals,ACUITE,Q1 2027,1,LOW/MEDIUM,INC rating hits ULTRA HOT on 2027-03-31 — prime Q1 2027 renewal target,Your Fund-Based at ACUITE goes critical in Mar 2027. Start ACER process in Sep 2026 — before the Q1 rush.
Prakash Techno Plast India Pvt. Ltd.,TIER 3 — Junior RM / Tele-sales,Aug Wk4 (Aug 24-31),15.0,0,5.0,IT/Technology,ACUITE,October 2026,1,LOW,INC rating hits HOT threshold on 2026-10-25 — first call window,Get ahead of the Oct/Nov renewal rush; start ACER process now before ACUITE backlog builds
Raj Rajeshwari Techno-Fab Pvt. Ltd.,TIER 3 — Junior RM / Tele-sales,Aug Wk3 (Aug 17-21),15.0,0,5.0,IT/Technology,CRISIL,October 2026,1,MEDIUM,INC rating hits ULTRA HOT threshold on 2026-10-09 — first call window,Get ahead of the Oct/Nov renewal rush; start ACER process now before CRISIL backlog builds
Rakhoh Industries Pvt. Ltd.,TIER 3 — Junior RM / Tele-sales,Aug Wk4 (Aug 24-31),15.0,0,4.0,Manufacturing,CRISIL,October 2026,1,LOW,INC rating hits HOT threshold on 2026-10-18 — first call window,Get ahead of the Oct/Nov renewal rush; start ACER process now before CRISIL backlog builds
Reva Industries India Pvt. Ltd.,TIER 3 — Junior RM / Tele-sales,Aug Wk4 (Aug 24-31),15.0,0,4.0,Manufacturing,ACUITE,October 2026,1,LOW,INC rating hits HOT threshold on 2026-10-18 — first call window,Get ahead of the Oct/Nov renewal rush; start ACER process now before ACUITE backlog builds
S J R Infrastructure Pvt. Ltd.,TIER 3 — Junior RM / Tele-sales,Aug Wk3 (Aug 17-21),15.0,0,5.0,Construction,CRISIL,October 2026,1,MEDIUM,INC rating hits ULTRA HOT threshold on 2026-10-31 — first call window,Get ahead of the Oct/Nov renewal rush; start ACER process now before CRISIL backlog builds
S S K Infotech Pvt. Ltd.,TIER 3 — Junior RM / Tele-sales,Aug Wk4 (Aug 24-31),15.0,0,5.0,IT/Technology,ACUITE,Q2 2027,1,LOW (<90 days),"INC since Apr 2026 (82 days). MEDIUM by Oct 2026, HOT by Jan 2027, ULTRA HOT by Apr 2027.",Your Term loans at ACUITE hits ULTRA HOT in Apr 2027. Start ACER process by Jan 2027 to be ahead of Q2 2027 renewal rush.
Saket Promoters Ltd.,TIER 3 — Junior RM / Tele-sales,Aug Wk4 (Aug 24-31),15.0,0,5.0,Other,CRISIL,October 2026,1,LOW,INC rating hits HOT threshold on 2026-11-23 — first call window,Get ahead of the Oct/Nov renewal rush; start ACER process now before CRISIL backlog builds
Sanghi Brothers (Indore) Pvt. Ltd.,TIER 3 — Junior RM / Tele-sales,Aug Wk3 (Aug 17-21),15.0,0,3.0,Other,CRISIL,October 2026,1,MEDIUM,INC rating hits ULTRA HOT threshold on 2026-10-24 — first call window,Get ahead of the Oct/Nov renewal rush; start ACER process now before CRISIL backlog builds
Sanstar Biopolymers Ltd. [Merged],TIER 3 — Junior RM / Tele-sales,Aug Wk3 (Aug 17-21),15.0,0,5.0,Chemicals & Pharma,CRISIL,October 2026,1,MEDIUM,INC rating hits ULTRA HOT threshold on 2026-10-13 — first call window,Get ahead of the Oct/Nov renewal rush; start ACER process now before CRISIL backlog builds
Savla Chemicals Ltd.,TIER 3 — Junior RM / Tele-sales,Aug Wk3 (Aug 17-21),15.0,0,3.0,Chemicals & Pharma,CRISIL,October 2026,1,MEDIUM,INC rating hits ULTRA HOT threshold on 2026-10-20 — first call window,Get ahead of the Oct/Nov renewal rush; start ACER process now before CRISIL backlog builds
Shri Jatadhari Rice Mill Pvt. Ltd. [Merged],TIER 3 — Junior RM / Tele-sales,Aug Wk4 (Aug 24-31),15.0,0,5.0,Agro & Food,ACUITE,Q2 2027,1,LOW (<90 days),"INC since Apr 2026 (87 days). MEDIUM by Oct 2026, HOT by Jan 2027, ULTRA HOT by Apr 2027.",Your Term loans at ACUITE hits ULTRA HOT in Apr 2027. Start ACER process by Jan 2027 to be ahead of Q2 2027 renewal rush.
Shristi Ispat & Alloys Ltd.,TIER 3 — Junior RM / Tele-sales,Aug Wk4 (Aug 24-31),15.0,0,5.0,Steel & Metals,ACUITE,Q1 2027,1,LOW/MEDIUM,INC rating hits ULTRA HOT on 2027-03-30 — prime Q1 2027 renewal target,Your Term Loan at ACUITE goes critical in Mar 2027. Start ACER process in Sep 2026 — before the Q1 rush.
Sri Kanakamahalakshmi Agencies,TIER 3 — Junior RM / Tele-sales,Aug Wk3 (Aug 17-21),15.0,0,5.0,Other,Infomerics,October 2026,1,MEDIUM,INC rating hits ULTRA HOT threshold on 2026-11-20 — first call window,Get ahead of the Oct/Nov renewal rush; start ACER process now before Infomerics backlog builds
Studiokon Ventures Pvt. Ltd.,TIER 3 — Junior RM / Tele-sales,Aug Wk3 (Aug 17-21),15.0,0,4.0,Other,CRISIL,October 2026,1,MEDIUM,INC rating hits ULTRA HOT threshold on 2026-11-17 — first call window,Get ahead of the Oct/Nov renewal rush; start ACER process now before CRISIL backlog builds
Summa Real Media Pvt. Ltd.,TIER 3 — Junior RM / Tele-sales,Aug Wk4 (Aug 24-31),15.0,0,5.0,Media/Retail,ICRA,October 2026,1,LOW,INC rating hits HOT threshold on 2026-10-26 — first call window,Get ahead of the Oct/Nov renewal rush; start ACER process now before ICRA backlog builds
Tenty Marketing Co. Pvt. Ltd.,TIER 3 — Junior RM / Tele-sales,Aug Wk3 (Aug 17-21),15.0,0,5.0,Steel & Metals,CRISIL,October 2026,1,MEDIUM,INC rating hits ULTRA HOT threshold on 2026-11-12 — first call window,Get ahead of the Oct/Nov renewal rush; start ACER process now before CRISIL backlog builds
Theme Engineering Services Pvt. Ltd.,TIER 3 — Junior RM / Tele-sales,Aug Wk4 (Aug 24-31),15.0,0,4.0,Manufacturing,ACUITE,October 2026,1,LOW,INC rating hits HOT threshold on 2026-11-24 — first call window,Get ahead of the Oct/Nov renewal rush; start ACER process now before ACUITE backlog builds
Tibrewala Electromech Pvt. Ltd.,TIER 3 — Junior RM / Tele-sales,Aug Wk4 (Aug 24-31),15.0,0,3.0,Other,CRISIL,October 2026,1,LOW,INC rating hits HOT threshold on 2026-11-24 — first call window,Get ahead of the Oct/Nov renewal rush; start ACER process now before CRISIL backlog builds
Trumboo Industries Pvt. Ltd.,TIER 3 — Junior RM / Tele-sales,Aug Wk3 (Aug 17-21),15.0,0,3.0,Manufacturing,BRICKWORK,October 2026,1,MEDIUM,INC rating hits ULTRA HOT threshold on 2026-10-27 — first call window,Get ahead of the Oct/Nov renewal rush; start ACER process now before BRICKWORK backlog builds
Unibait Feeds Pvt. Ltd.,TIER 3 — Junior RM / Tele-sales,Aug Wk4 (Aug 24-31),15.0,0,5.0,Other,CRISIL,October 2026,1,LOW,INC rating hits HOT threshold on 2026-11-25 — first call window,Get ahead of the Oct/Nov renewal rush; start ACER process now before CRISIL backlog builds
Veerya Attachments Pvt. Ltd.,TIER 3 — Junior RM / Tele-sales,Aug Wk3 (Aug 17-21),15.0,0,5.0,Other,CRISIL,October 2026,1,MEDIUM,INC rating hits ULTRA HOT threshold on 2026-11-12 — first call window,Get ahead of the Oct/Nov renewal rush; start ACER process now before CRISIL backlog builds
Vikram India Ltd.,TIER 3 — Junior RM / Tele-sales,Aug Wk4 (Aug 24-31),15.0,0,3.0,Other,CRISIL,October 2026,1,LOW,INC rating hits HOT threshold on 2026-11-25 — first call window,Get ahead of the Oct/Nov renewal rush; start ACER process now before CRISIL backlog builds
Zero Mass Pvt. Ltd.,TIER 3 — Junior RM / Tele-sales,Aug Wk4 (Aug 24-31),15.0,0,5.0,Other,CRISIL,October 2026,1,LOW,INC rating hits HOT threshold on 2026-10-27 — first call window,Get ahead of the Oct/Nov renewal rush; start ACER process now before CRISIL backlog builds
Singh Cycle & Motor Co. Pvt. Ltd.,TIER 3 — Junior RM / Tele-sales,Aug Wk4 (Aug 24-31),14.95,0,5.0,Automobiles,ACUITE,Q2 2027,1,LOW (<90 days),"INC since Apr 2026 (79 days). MEDIUM by Oct 2026, HOT by Jan 2027, ULTRA HOT by Apr 2027.",Your Fund based financial facility/instrument at ACUITE hits ULTRA HOT in Apr 2027. Start ACER process by Jan 2027 to be ahead of Q2 2027 renewal rush.
Narsimha Iron and Steel Private Limited,TIER 3 — Junior RM / Tele-sales,Aug Wk3 (Aug 17-21),14.91,0,5.0,Steel & Metals,Infomerics,October 2026,1,MEDIUM,INC rating hits ULTRA HOT threshold on 2026-10-17 — first call window,Get ahead of the Oct/Nov renewal rush; start ACER process now before Infomerics backlog builds
Eco Cements Ltd.,TIER 3 — Junior RM / Tele-sales,Aug Wk4 (Aug 24-31),14.84,0,5.0,Construction,CARE,October 2026,1,LOW,INC rating hits HOT threshold on 2026-10-10 — first call window,Get ahead of the Oct/Nov renewal rush; start ACER process now before CARE backlog builds
Slogan Polypack Pvt. Ltd.,TIER 3 — Junior RM / Tele-sales,Aug Wk4 (Aug 24-31),14.8,0,5.0,Other,CRISIL,October 2026,1,LOW,INC rating hits HOT threshold on 2026-10-02 — first call window,Get ahead of the Oct/Nov renewal rush; start ACER process now before CRISIL backlog builds
Silk Touch Vitrified Pvt. Ltd.,TIER 3 — Junior RM / Tele-sales,Aug Wk3 (Aug 17-21),14.75,0,5.0,Textiles,CRISIL,October 2026,1,MEDIUM,INC rating hits ULTRA HOT threshold on 2026-11-13 — first call window,Get ahead of the Oct/Nov renewal rush; start ACER process now before CRISIL backlog builds
Krishna Valley Power Pvt. Ltd.,TIER 3 — Junior RM / Tele-sales,Aug Wk4 (Aug 24-31),14.68,0,5.0,Energy/Power,IND-RA,Q2 2027,1,LOW (<90 days),"INC since Apr 2026 (87 days). MEDIUM by Oct 2026, HOT by Jan 2027, ULTRA HOT by Apr 2027.",Your Term loans at IND-RA hits ULTRA HOT in Apr 2027. Start ACER process by Jan 2027 to be ahead of Q2 2027 renewal rush.
Chhatrapati Sambhaji Raje Sakhar Udyog Ltd.,TIER 3 — Junior RM / Tele-sales,Aug Wk3 (Aug 17-21),14.67,0,5.0,Other,ACUITE,October 2026,1,MEDIUM,INC rating hits ULTRA HOT threshold on 2026-11-05 — first call window,Get ahead of the Oct/Nov renewal rush; start ACER process now before ACUITE backlog builds
Akash Fishmeal & Fishoil Pvt. Ltd.,TIER 3 — Junior RM / Tele-sales,Aug Wk4 (Aug 24-31),14.5,0,5.0,Energy,CARE,October 2026,1,LOW,INC rating hits HOT threshold on 2026-11-01 — first call window,Get ahead of the Oct/Nov renewal rush; start ACER process now before CARE backlog builds
Arjun Enterprises Pvt. Ltd.,TIER 3 — Junior RM / Tele-sales,Aug Wk4 (Aug 24-31),14.5,0,3.0,Other,ACUITE,October 2026,1,LOW,INC rating hits HOT threshold on 2026-10-05 — first call window,Get ahead of the Oct/Nov renewal rush; start ACER process now before ACUITE backlog builds
Caltron Info Trade Pvt. Ltd.,TIER 3 — Junior RM / Tele-sales,Aug Wk4 (Aug 24-31),14.5,0,5.0,Trading/Exports,IND-RA,October 2026,1,LOW,INC rating hits HOT threshold on 2026-10-13 — first call window,Get ahead of the Oct/Nov renewal rush; start ACER process now before IND-RA backlog builds
Chopda Autowheels Pvt. Ltd.,TIER 3 — Junior RM / Tele-sales,Aug Wk4 (Aug 24-31),14.5,0,5.0,Automobiles,CRISIL,October 2026,1,LOW,INC rating hits HOT threshold on 2026-11-17 — first call window,Get ahead of the Oct/Nov renewal rush; start ACER process now before CRISIL backlog builds
Dynamic Fine Paper Mill Pvt. Ltd.,TIER 3 — Junior RM / Tele-sales,Aug Wk4 (Aug 24-31),14.5,0,5.0,Paper/Packaging,CRISIL,October 2026,1,LOW,INC rating hits HOT threshold on 2026-10-18 — first call window,Get ahead of the Oct/Nov renewal rush; start ACER process now before CRISIL backlog builds
Janani Foodtek (I) Pvt. Ltd.,TIER 3 — Junior RM / Tele-sales,Aug Wk4 (Aug 24-31),14.5,0,5.0,Agro & Food,IND-RA,October 2026,1,LOW,INC rating hits HOT threshold on 2026-10-13 — first call window,Get ahead of the Oct/Nov renewal rush; start ACER process now before IND-RA backlog builds
Jewel India Pvt. Ltd.,TIER 3 — Junior RM / Tele-sales,Aug Wk4 (Aug 24-31),14.5,0,3.0,Jewellery/Gems,CRISIL,October 2026,1,LOW,INC rating hits HOT threshold on 2026-10-27 — first call window,Get ahead of the Oct/Nov renewal rush; start ACER process now before CRISIL backlog builds
Unistar Oils Private Limited,TIER 3 — Junior RM / Tele-sales,Aug Wk4 (Aug 24-31),14.5,0,2.5,Energy,Infomerics,Q1 2027,1,LOW/MEDIUM,INC rating hits ULTRA HOT on 2027-01-08 — exclusive Q1 2027 whitespace lead,Your Infomerics INC rating goes critical in Jan 2027. ACER is your best alternative — no competitor has approached you.
D N Homes Pvt. Ltd.,TIER 3 — Junior RM / Tele-sales,Aug Wk4 (Aug 24-31),14.47,0,5.0,Other,CRISIL,October 2026,1,LOW,INC rating hits HOT threshold on 2026-10-18 — first call window,Get ahead of the Oct/Nov renewal rush; start ACER process now before CRISIL backlog builds
Avon Containners Pvt. Ltd.,TIER 3 — Junior RM / Tele-sales,Aug Wk4 (Aug 24-31),14.46,0,5.0,Other,ACUITE,Q1 2027,1,LOW/MEDIUM,INC rating hits ULTRA HOT on 2027-03-24 — prime Q1 2027 renewal target,Your Term Loan at ACUITE goes critical in Mar 2027. Start ACER process in Sep 2026 — before the Q1 rush.
Frank Lifecare Pvt. Ltd.,TIER 3 — Junior RM / Tele-sales,Aug Wk4 (Aug 24-31),14.4,0,5.0,Automobiles,ICRA,October 2026,1,LOW,INC rating hits HOT threshold on 2026-11-23 — first call window,Get ahead of the Oct/Nov renewal rush; start ACER process now before ICRA backlog builds
Kalra Overseas & Precision Engg. Ltd.,TIER 3 — Junior RM / Tele-sales,Aug Wk4 (Aug 24-31),14.22,0,5.0,Other,ICRA,Q2 2027,1,LOW (<90 days),"INC since Apr 2026 (79 days). MEDIUM by Oct 2026, HOT by Jan 2027, ULTRA HOT by Apr 2027.",Your Term loans at ICRA hits ULTRA HOT in Apr 2027. Start ACER process by Jan 2027 to be ahead of Q2 2027 renewal rush.
Masu Brakes Pvt. Ltd.,TIER 3 — Junior RM / Tele-sales,Aug Wk4 (Aug 24-31),14.2,0,5.0,Other,CRISIL,Q1 2027,1,LOW/MEDIUM,INC rating hits ULTRA HOT on 2027-03-17 — prime Q1 2027 renewal target,Your Term Loan at CRISIL goes critical in Mar 2027. Start ACER process in Sep 2026 — before the Q1 rush.
Creative Corrupack Pvt. Ltd.,TIER 3 — Junior RM / Tele-sales,Aug Wk4 (Aug 24-31),14.19,0,5.0,Other,BRICKWORK,October 2026,1,LOW,INC rating hits HOT threshold on 2026-10-17 — first call window,Get ahead of the Oct/Nov renewal rush; start ACER process now before BRICKWORK backlog builds
Ratnesh Metal Inds. Pvt. Ltd.,TIER 3 — Junior RM / Tele-sales,Aug Wk4 (Aug 24-31),14.19,0,3.0,Steel & Metals,BRICKWORK,Q1 2027,1,LOW/MEDIUM,INC rating hits ULTRA HOT on 2027-03-16 — prime Q1 2027 renewal target,Your Letter of Credit at BRICKWORK goes critical in Mar 2027. Start ACER process in Sep 2026 — before the Q1 rush.
Goyal Petrofils Yarns Pvt. Ltd.,TIER 3 — Junior RM / Tele-sales,Aug Wk3 (Aug 17-21),14.15,0,5.0,Chemicals & Pharma,CARE,October 2026,1,MEDIUM,INC rating hits ULTRA HOT threshold on 2026-10-10 — first call window,Get ahead of the Oct/Nov renewal rush; start ACER process now before CARE backlog builds
R G Spinning Mills Pvt. Ltd.,TIER 3 — Junior RM / Tele-sales,Aug Wk4 (Aug 24-31),14.15,0,5.0,Textiles,CARE,Q2 2027,1,LOW (<90 days),"INC since Apr 2026 (87 days). MEDIUM by Oct 2026, HOT by Jan 2027, ULTRA HOT by Apr 2027.",Your Term loans at CARE hits ULTRA HOT in Apr 2027. Start ACER process by Jan 2027 to be ahead of Q2 2027 renewal rush.
A S Jute Product Pvt. Ltd.,TIER 3 — Junior RM / Tele-sales,Aug Wk3 (Aug 17-21),14.11,0,5.0,Textiles,BRICKWORK,October 2026,1,MEDIUM,INC rating hits ULTRA HOT threshold on 2026-11-11 — first call window,Get ahead of the Oct/Nov renewal rush; start ACER process now before BRICKWORK backlog builds
A L M Food Products Ltd.,TIER 3 — Junior RM / Tele-sales,Aug Wk4 (Aug 24-31),14.0,0,5.0,Agro & Food,BRICKWORK,October 2026,1,LOW,INC rating hits HOT threshold on 2026-10-06 — first call window,Get ahead of the Oct/Nov renewal rush; start ACER process now before BRICKWORK backlog builds
Alina Pvt. Ltd.,TIER 3 — Junior RM / Tele-sales,Aug Wk4 (Aug 24-31),14.0,0,3.0,Other,CRISIL,Q1 2027,1,LOW/MEDIUM,INC rating hits ULTRA HOT on 2027-03-11 — prime Q1 2027 renewal target,Your Letter of Credit at CRISIL goes critical in Mar 2027. Start ACER process in Sep 2026 — before the Q1 rush.
All About Outdoor Pvt. Ltd.,TIER 3 — Junior RM / Tele-sales,Aug Wk4 (Aug 24-31),14.0,0,4.0,Other,CRISIL,Q1 2027,1,LOW/MEDIUM,INC rating hits ULTRA HOT on 2027-03-12 — prime Q1 2027 renewal target,Your Bank Guarantee at CRISIL goes critical in Mar 2027. Start ACER process in Sep 2026 — before the Q1 rush.
Bajrang Steel & Alloys Pvt. Ltd.,TIER 3 — Junior RM / Tele-sales,Aug Wk4 (Aug 24-31),14.0,0,5.0,Steel & Metals,IND-RA,October 2026,1,LOW,INC rating hits HOT threshold on 2026-10-13 — first call window,Get ahead of the Oct/Nov renewal rush; start ACER process now before IND-RA backlog builds
Beekay Parts Bazaar Pvt. Ltd.,TIER 3 — Junior RM / Tele-sales,Aug Wk4 (Aug 24-31),14.0,0,5.0,Other,CRISIL,October 2026,1,LOW,INC rating hits HOT threshold on 2026-10-27 — first call window,Get ahead of the Oct/Nov renewal rush; start ACER process now before CRISIL backlog builds
Dhanlaxmi Agromills India Pvt. Ltd.,TIER 3 — Junior RM / Tele-sales,Aug Wk3 (Aug 17-21),14.0,0,5.0,Agro & Food,CRISIL,October 2026,1,MEDIUM,INC rating hits ULTRA HOT threshold on 2026-10-09 — first call window,Get ahead of the Oct/Nov renewal rush; start ACER process now before CRISIL backlog builds
Dynatech Tools & Devices (Bengaluru) Pvt. Ltd.,TIER 3 — Junior RM / Tele-sales,Aug Wk3 (Aug 17-21),14.0,0,5.0,IT/Technology,ACUITE,October 2026,1,MEDIUM,INC rating hits ULTRA HOT threshold on 2026-10-20 — first call window,Get ahead of the Oct/Nov renewal rush; start ACER process now before ACUITE backlog builds
Jaliyan Proteins Pvt. Ltd.,TIER 3 — Junior RM / Tele-sales,Aug Wk3 (Aug 17-21),14.0,0,5.0,Other,ACUITE,October 2026,1,MEDIUM,INC rating hits ULTRA HOT threshold on 2026-11-26 — first call window,Get ahead of the Oct/Nov renewal rush; start ACER process now before ACUITE backlog builds
Ketul Enterprises Pvt. Ltd.,TIER 3 — Junior RM / Tele-sales,Aug Wk3 (Aug 17-21),14.0,0,3.0,Other,CRISIL,October 2026,1,MEDIUM,INC rating hits ULTRA HOT threshold on 2026-10-24 — first call window,Get ahead of the Oct/Nov renewal rush; start ACER process now before CRISIL backlog builds
Metecno (India) Pvt. Ltd.,TIER 3 — Junior RM / Tele-sales,Aug Wk4 (Aug 24-31),14.0,0,3.0,Other,ACUITE,October 2026,1,LOW,INC rating hits HOT threshold on 2026-11-27 — first call window,Get ahead of the Oct/Nov renewal rush; start ACER process now before ACUITE backlog builds
Mohit Ventures Pvt. Ltd.,TIER 3 — Junior RM / Tele-sales,Aug Wk4 (Aug 24-31),14.0,0,5.0,Other,CRISIL,October 2026,1,LOW,INC rating hits HOT threshold on 2026-11-23 — first call window,Get ahead of the Oct/Nov renewal rush; start ACER process now before CRISIL backlog builds
Padmaja Poly Packs Pvt. Ltd.,TIER 3 — Junior RM / Tele-sales,Aug Wk3 (Aug 17-21),14.0,0,5.0,Other,CRISIL,October 2026,1,MEDIUM,INC rating hits ULTRA HOT threshold on 2026-10-24 — first call window,Get ahead of the Oct/Nov renewal rush; start ACER process now before CRISIL backlog builds
Prabha Infrastructure Pvt. Ltd.,TIER 3 — Junior RM / Tele-sales,Aug Wk3 (Aug 17-21),14.0,0,4.0,Construction,CRISIL,October 2026,1,MEDIUM,INC rating hits ULTRA HOT threshold on 2026-11-10 — first call window,Get ahead of the Oct/Nov renewal rush; start ACER process now before CRISIL backlog builds
Shree Krishna Homes Pvt. Ltd.,TIER 3 — Junior RM / Tele-sales,Aug Wk4 (Aug 24-31),14.0,0,5.0,Other,CRISIL,October 2026,1,LOW,INC rating hits HOT threshold on 2026-10-20 — first call window,Get ahead of the Oct/Nov renewal rush; start ACER process now before CRISIL backlog builds
Spartan Engineering Inds. Pvt. Ltd.,TIER 3 — Junior RM / Tele-sales,Aug Wk4 (Aug 24-31),14.0,0,3.0,Other,ACUITE,Q2 2027,1,LOW (<90 days),"INC since Apr 2026 (82 days). MEDIUM by Oct 2026, HOT by Jan 2027, ULTRA HOT by Apr 2027.",Your Letter Of credit at ACUITE hits ULTRA HOT in Apr 2027. Start ACER process by Jan 2027 to be ahead of Q2 2027 renewal rush.
Srivatsa Bio-Tech India Pvt. Ltd.,TIER 3 — Junior RM / Tele-sales,Aug Wk4 (Aug 24-31),14.0,0,5.0,IT/Technology,CRISIL,October 2026,1,LOW,INC rating hits HOT threshold on 2026-10-27 — first call window,Get ahead of the Oct/Nov renewal rush; start ACER process now before CRISIL backlog builds
Trotting Wheels Pvt. Ltd.,TIER 3 — Junior RM / Tele-sales,Aug Wk4 (Aug 24-31),14.0,0,5.0,Steel & Metals,CRISIL,October 2026,1,LOW,INC rating hits HOT threshold on 2026-10-06 — first call window,Get ahead of the Oct/Nov renewal rush; start ACER process now before CRISIL backlog builds
Tulsa Gas Technologies India Pvt. Ltd.,TIER 3 — Junior RM / Tele-sales,Aug Wk4 (Aug 24-31),14.0,0,4.0,Energy,CRISIL,Q1 2027,1,LOW/MEDIUM,INC rating hits ULTRA HOT on 2027-03-30 — prime Q1 2027 renewal target,Your Bank Guarantee at CRISIL goes critical in Mar 2027. Start ACER process in Sep 2026 — before the Q1 rush.
Upcountry Vehicle Pvt. Ltd.,TIER 3 — Junior RM / Tele-sales,Aug Wk4 (Aug 24-31),14.0,0,5.0,Manufacturing,CRISIL,Q1 2027,1,LOW/MEDIUM,INC rating hits ULTRA HOT on 2027-03-31 — prime Q1 2027 renewal target,Your Fund-Based at CRISIL goes critical in Mar 2027. Start ACER process in Sep 2026 — before the Q1 rush.
Vasai Roller Flour Mills Pvt. Ltd.,TIER 3 — Junior RM / Tele-sales,Aug Wk4 (Aug 24-31),14.0,0,3.0,Agro & Food,BRICKWORK,October 2026,1,LOW,INC rating hits HOT threshold on 2026-11-13 — first call window,Get ahead of the Oct/Nov renewal rush; start ACER process now before BRICKWORK backlog builds
Siva Foods Impex Pvt. Ltd.,TIER 3 — Junior RM / Tele-sales,Aug Wk3 (Aug 17-21),13.82,0,5.0,Agro & Food,ACUITE,October 2026,1,MEDIUM,INC rating hits ULTRA HOT threshold on 2026-11-04 — first call window,Get ahead of the Oct/Nov renewal rush; start ACER process now before ACUITE backlog builds
Manglam Agrotech Pvt. Ltd.,TIER 3 — Junior RM / Tele-sales,Aug Wk4 (Aug 24-31),13.57,0,5.0,Agro & Food,CARE,October 2026,1,LOW,INC rating hits HOT threshold on 2026-11-07 — first call window,Get ahead of the Oct/Nov renewal rush; start ACER process now before CARE backlog builds
Hufort Healthcare Pvt. Ltd.,TIER 3 — Junior RM / Tele-sales,Aug Wk3 (Aug 17-21),13.5,0,3.0,Healthcare,CARE,October 2026,1,MEDIUM,INC rating hits ULTRA HOT threshold on 2026-11-21 — first call window,Get ahead of the Oct/Nov renewal rush; start ACER process now before CARE backlog builds
Jalan Transolutions (India) Ltd.,TIER 3 — Junior RM / Tele-sales,Aug Wk4 (Aug 24-31),13.5,0,5.0,Other,CARE,Q2 2027,1,LOW (<90 days),"INC since Apr 2026 (74 days). MEDIUM by Oct 2026, HOT by Jan 2027, ULTRA HOT by Apr 2027.",Your Term loans at CARE hits ULTRA HOT in Apr 2027. Start ACER process by Jan 2027 to be ahead of Q2 2027 renewal rush.
Mistair Health & Hygiene Pvt. Ltd.,TIER 3 — Junior RM / Tele-sales,Aug Wk4 (Aug 24-31),13.5,0,5.0,Healthcare,CRISIL,Q1 2027,1,LOW/MEDIUM,INC rating hits ULTRA HOT on 2027-03-27 — prime Q1 2027 renewal target,Your Term Loan at CRISIL goes critical in Mar 2027. Start ACER process in Sep 2026 — before the Q1 rush.
Rama Spinners Pvt. Ltd.,TIER 3 — Junior RM / Tele-sales,Aug Wk4 (Aug 24-31),13.5,0,5.0,Hotels & Tourism,CRISIL,October 2026,1,LOW,INC rating hits HOT threshold on 2026-10-20 — first call window,Get ahead of the Oct/Nov renewal rush; start ACER process now before CRISIL backlog builds
Stella Indusstries Ltd.,TIER 3 — Junior RM / Tele-sales,Aug Wk4 (Aug 24-31),13.5,0,5.0,Other,BRICKWORK,Q1 2027,1,LOW/MEDIUM,INC rating hits ULTRA HOT on 2027-03-16 — prime Q1 2027 renewal target,Your Term Loan at BRICKWORK goes critical in Mar 2027. Start ACER process in Sep 2026 — before the Q1 rush.
Gangotri Paper Mills Pvt. Ltd.,TIER 3 — Junior RM / Tele-sales,Aug Wk3 (Aug 17-21),13.4,0,5.0,Paper/Packaging,BRICKWORK,October 2026,1,MEDIUM,INC rating hits ULTRA HOT threshold on 2026-10-24 — first call window,Get ahead of the Oct/Nov renewal rush; start ACER process now before BRICKWORK backlog builds
Paithan Mega Food Park Pvt. Ltd.,TIER 3 — Junior RM / Tele-sales,Aug Wk4 (Aug 24-31),13.4,0,5.0,Agro & Food,CARE,October 2026,1,LOW,INC rating hits HOT threshold on 2026-11-07 — first call window,Get ahead of the Oct/Nov renewal rush; start ACER process now before CARE backlog builds
Southfield Paints Ltd.,TIER 3 — Junior RM / Tele-sales,Aug Wk4 (Aug 24-31),13.33,0,5.0,Other,BRICKWORK,Q1 2027,1,LOW/MEDIUM,INC rating hits ULTRA HOT on 2027-03-12 — prime Q1 2027 renewal target,Your Term Loan at BRICKWORK goes critical in Mar 2027. Start ACER process in Sep 2026 — before the Q1 rush.
S A Aanandan Mill Ltd.,TIER 3 — Junior RM / Tele-sales,Aug Wk4 (Aug 24-31),13.32,0,5.0,Other,BRICKWORK,October 2026,1,LOW,INC rating hits HOT threshold on 2026-10-18 — first call window,Get ahead of the Oct/Nov renewal rush; start ACER process now before BRICKWORK backlog builds
Harmony Plastics Pvt. Ltd.,TIER 3 — Junior RM / Tele-sales,Aug Wk3 (Aug 17-21),13.3,0,5.0,Chemicals & Pharma,ACUITE,October 2026,1,MEDIUM,INC rating hits ULTRA HOT threshold on 2026-11-19 — first call window,Get ahead of the Oct/Nov renewal rush; start ACER process now before ACUITE backlog builds
Mahalaxmi Bus Transport Pvt. Ltd.,TIER 3 — Junior RM / Tele-sales,Aug Wk4 (Aug 24-31),13.28,0,5.0,Logistics,IND-RA,Q2 2027,1,LOW (<90 days),"INC since Apr 2026 (87 days). MEDIUM by Oct 2026, HOT by Jan 2027, ULTRA HOT by Apr 2027.",Your Term loans at IND-RA hits ULTRA HOT in Apr 2027. Start ACER process by Jan 2027 to be ahead of Q2 2027 renewal rush.
Nagarjuna Hospitals Pvt. Ltd.,TIER 3 — Junior RM / Tele-sales,Aug Wk4 (Aug 24-31),13.2,0,5.0,Healthcare,CRISIL,October 2026,1,LOW,INC rating hits HOT threshold on 2026-10-18 — first call window,Get ahead of the Oct/Nov renewal rush; start ACER process now before CRISIL backlog builds
Malwa Agro Foods Pvt. Ltd.,TIER 3 — Junior RM / Tele-sales,Aug Wk4 (Aug 24-31),13.17,0,5.0,Agro & Food,IND-RA,October 2026,1,LOW,INC rating hits HOT threshold on 2026-10-13 — first call window,Get ahead of the Oct/Nov renewal rush; start ACER process now before IND-RA backlog builds
Dakshata Hospitals Pvt. Ltd.,TIER 3 — Junior RM / Tele-sales,Aug Wk3 (Aug 17-21),13.15,0,5.0,Healthcare,CRISIL,October 2026,1,MEDIUM,INC rating hits ULTRA HOT threshold on 2026-11-14 — first call window,Get ahead of the Oct/Nov renewal rush; start ACER process now before CRISIL backlog builds
Ajay Industrial Corpn. Ltd.,TIER 3 — Junior RM / Tele-sales,Aug Wk4 (Aug 24-31),13.0,0,3.0,Manufacturing,CRISIL,October 2026,1,LOW,INC rating hits HOT threshold on 2026-11-17 — first call window,Get ahead of the Oct/Nov renewal rush; start ACER process now before CRISIL backlog builds
Balaji Machine Works Pvt. Ltd.,TIER 3 — Junior RM / Tele-sales,Aug Wk3 (Aug 17-21),13.0,0,4.0,Manufacturing,BRICKWORK,October 2026,1,MEDIUM,INC rating hits ULTRA HOT threshold on 2026-10-09 — first call window,Get ahead of the Oct/Nov renewal rush; start ACER process now before BRICKWORK backlog builds
Bhagyodaya Trokhos Pvt. Ltd.,TIER 3 — Junior RM / Tele-sales,Aug Wk4 (Aug 24-31),13.0,0,5.0,Other,CRISIL,Q2 2027,1,LOW (<90 days),"INC since Apr 2026 (68 days). MEDIUM by Oct 2026, HOT by Jan 2027, ULTRA HOT by Apr 2027.",Your Fund based financial facility/instrument at CRISIL hits ULTRA HOT in Apr 2027. Start ACER process by Jan 2027 to be ahead of Q2 2027 renewal rush.
Charming Printing & Grphics Pvt. Ltd.,TIER 3 — Junior RM / Tele-sales,Aug Wk4 (Aug 24-31),13.0,0,3.0,Steel & Metals,BRICKWORK,October 2026,1,LOW,INC rating hits HOT threshold on 2026-11-06 — first call window,Get ahead of the Oct/Nov renewal rush; start ACER process now before BRICKWORK backlog builds
F Harley & Co. Pvt. Ltd.,TIER 3 — Junior RM / Tele-sales,Aug Wk3 (Aug 17-21),13.0,0,4.0,Other,CRISIL,October 2026,1,MEDIUM,INC rating hits ULTRA HOT threshold on 2026-10-24 — first call window,Get ahead of the Oct/Nov renewal rush; start ACER process now before CRISIL backlog builds
Manas Flour Mills Pvt. Ltd.,TIER 3 — Junior RM / Tele-sales,Aug Wk4 (Aug 24-31),13.0,0,5.0,Agro & Food,CRISIL,October 2026,1,LOW,INC rating hits HOT threshold on 2026-11-23 — first call window,Get ahead of the Oct/Nov renewal rush; start ACER process now before CRISIL backlog builds
My Equipments Pvt. Ltd.,TIER 3 — Junior RM / Tele-sales,Aug Wk4 (Aug 24-31),13.0,0,5.0,Other,CRISIL,Q2 2027,1,LOW (<90 days),"INC since Apr 2026 (65 days). MEDIUM by Oct 2026, HOT by Jan 2027, ULTRA HOT by Apr 2027.",Your Fund based financial facility/instrument at CRISIL hits ULTRA HOT in Apr 2027. Start ACER process by Jan 2027 to be ahead of Q2 2027 renewal rush.
Paloma Turning Co. Pvt. Ltd.,TIER 3 — Junior RM / Tele-sales,Aug Wk4 (Aug 24-31),13.0,0,5.0,Other,CRISIL,October 2026,1,LOW,INC rating hits HOT threshold on 2026-10-28 — first call window,Get ahead of the Oct/Nov renewal rush; start ACER process now before CRISIL backlog builds
Regin Imports & Exports Pvt. Ltd.,TIER 3 — Junior RM / Tele-sales,Aug Wk3 (Aug 17-21),13.0,0,5.0,Logistics,CRISIL,October 2026,1,MEDIUM,INC rating hits ULTRA HOT threshold on 2026-10-23 — first call window,Get ahead of the Oct/Nov renewal rush; start ACER process now before CRISIL backlog builds
Shyam Indospin Ltd.,TIER 3 — Junior RM / Tele-sales,Aug Wk3 (Aug 17-21),13.0,0,5.0,Other,CARE,October 2026,1,MEDIUM,INC rating hits ULTRA HOT threshold on 2026-11-11 — first call window,Get ahead of the Oct/Nov renewal rush; start ACER process now before CARE backlog builds
Spentagon Ceramic Pvt. Ltd.,TIER 3 — Junior RM / Tele-sales,Aug Wk4 (Aug 24-31),13.0,0,5.0,Other,CRISIL,October 2026,1,LOW,INC rating hits HOT threshold on 2026-11-24 — first call window,Get ahead of the Oct/Nov renewal rush; start ACER process now before CRISIL backlog builds
Venkateshwara Sponge & Iron Co. Pvt. Ltd.,TIER 3 — Junior RM / Tele-sales,Aug Wk4 (Aug 24-31),13.0,0,5.0,Steel & Metals,IND-RA,October 2026,1,LOW,INC rating hits HOT threshold on 2026-10-13 — first call window,Get ahead of the Oct/Nov renewal rush; start ACER process now before IND-RA backlog builds
Yash Vegetable Oils Pvt. Ltd.,TIER 3 — Junior RM / Tele-sales,Aug Wk4 (Aug 24-31),13.0,0,3.0,Agro & Food,BRICKWORK,Q2 2027,1,LOW (<90 days),"INC since Apr 2026 (88 days). MEDIUM by Oct 2026, HOT by Jan 2027, ULTRA HOT by Apr 2027.",Your Letter Of credit at BRICKWORK hits ULTRA HOT in Apr 2027. Start ACER process by Jan 2027 to be ahead of Q2 2027 renewal rush.
Zaibunco Industries Pvt. Ltd.,TIER 3 — Junior RM / Tele-sales,Aug Wk3 (Aug 17-21),13.0,0,5.0,Manufacturing,CRISIL,October 2026,1,MEDIUM,INC rating hits ULTRA HOT threshold on 2026-10-31 — first call window,Get ahead of the Oct/Nov renewal rush; start ACER process now before CRISIL backlog builds
Veparseva Healthcare Pvt. Ltd.,TIER 3 — Junior RM / Tele-sales,Aug Wk4 (Aug 24-31),12.84,0,5.0,Healthcare,BRICKWORK,Q1 2027,1,LOW/MEDIUM,INC rating hits ULTRA HOT on 2027-03-26 — prime Q1 2027 renewal target,Your Term Loan at BRICKWORK goes critical in Mar 2027. Start ACER process in Sep 2026 — before the Q1 rush.
Eminent Dealers Pvt. Ltd.,TIER 3 — Junior RM / Tele-sales,Aug Wk4 (Aug 24-31),12.83,0,5.0,Other,BRICKWORK,Q2 2027,1,LOW (<90 days),"INC since Apr 2026 (88 days). MEDIUM by Oct 2026, HOT by Jan 2027, ULTRA HOT by Apr 2027.",Your Term loans at BRICKWORK hits ULTRA HOT in Apr 2027. Start ACER process by Jan 2027 to be ahead of Q2 2027 renewal rush.
Prince Yarnn India Ltd.,TIER 3 — Junior RM / Tele-sales,Aug Wk4 (Aug 24-31),12.81,0,5.0,Textiles,ICRA,Q1 2027,1,LOW/MEDIUM,INC rating hits ULTRA HOT on 2027-03-30 — prime Q1 2027 renewal target,Your Term Loan at ICRA goes critical in Mar 2027. Start ACER process in Sep 2026 — before the Q1 rush.
Bhimseria Agro Pvt. Ltd.,TIER 3 — Junior RM / Tele-sales,Aug Wk4 (Aug 24-31),12.77,0,5.0,Agro & Food,IND-RA,October 2026,1,LOW,INC rating hits HOT threshold on 2026-10-13 — first call window,Get ahead of the Oct/Nov renewal rush; start ACER process now before IND-RA backlog builds
Fibremarx Papers Pvt. Ltd.,TIER 3 — Junior RM / Tele-sales,Aug Wk4 (Aug 24-31),12.73,0,5.0,Textiles,ACUITE,October 2026,1,LOW,INC rating hits HOT threshold on 2026-10-05 — first call window,Get ahead of the Oct/Nov renewal rush; start ACER process now before ACUITE backlog builds
Creative Polyfilms Pvt. Ltd.,TIER 3 — Junior RM / Tele-sales,Aug Wk4 (Aug 24-31),12.65,0,5.0,Other,BRICKWORK,October 2026,1,LOW,INC rating hits HOT threshold on 2026-11-21 — first call window,Get ahead of the Oct/Nov renewal rush; start ACER process now before BRICKWORK backlog builds
Trimurty Spinning Mills Pvt. Ltd.,TIER 3 — Junior RM / Tele-sales,Aug Wk3 (Aug 17-21),12.52,0,5.0,Textiles,CARE,October 2026,1,MEDIUM,INC rating hits ULTRA HOT threshold on 2026-10-17 — first call window,Get ahead of the Oct/Nov renewal rush; start ACER process now before CARE backlog builds
Star City Multispeciality Hospital Pvt. Ltd.,TIER 3 — Junior RM / Tele-sales,Aug Wk3 (Aug 17-21),12.51,0,5.0,Healthcare,CRISIL,October 2026,1,MEDIUM,INC rating hits ULTRA HOT threshold on 2026-11-13 — first call window,Get ahead of the Oct/Nov renewal rush; start ACER process now before CRISIL backlog builds
Acore Industries Pvt. Ltd.,TIER 3 — Junior RM / Tele-sales,Aug Wk4 (Aug 24-31),12.5,0,5.0,Manufacturing,ACUITE,October 2026,1,LOW,INC rating hits HOT threshold on 2026-11-07 — first call window,Get ahead of the Oct/Nov renewal rush; start ACER process now before ACUITE backlog builds
Admach Auto Inds. India Pvt. Ltd.,TIER 3 — Junior RM / Tele-sales,Aug Wk4 (Aug 24-31),12.5,0,5.0,Automobiles,CRISIL,October 2026,1,LOW,INC rating hits HOT threshold on 2026-10-09 — first call window,Get ahead of the Oct/Nov renewal rush; start ACER process now before CRISIL backlog builds
M G Chariots Pvt. Ltd.,TIER 3 — Junior RM / Tele-sales,Aug Wk3 (Aug 17-21),12.5,0,5.0,Other,BRICKWORK,October 2026,1,MEDIUM,INC rating hits ULTRA HOT threshold on 2026-10-29 — first call window,Get ahead of the Oct/Nov renewal rush; start ACER process now before BRICKWORK backlog builds
Morth Infrastructure Pvt. Ltd.,TIER 3 — Junior RM / Tele-sales,Aug Wk3 (Aug 17-21),12.5,0,4.0,Construction,CRISIL,October 2026,1,MEDIUM,INC rating hits ULTRA HOT threshold on 2026-11-20 — first call window,Get ahead of the Oct/Nov renewal rush; start ACER process now before CRISIL backlog builds
Newtech Power Inds. Pvt. Ltd.,TIER 3 — Junior RM / Tele-sales,Aug Wk3 (Aug 17-21),12.5,0,5.0,Energy,CRISIL,October 2026,1,MEDIUM,INC rating hits ULTRA HOT threshold on 2026-10-23 — first call window,Get ahead of the Oct/Nov renewal rush; start ACER process now before CRISIL backlog builds
Salasar Agropanel Pvt. Ltd.,TIER 3 — Junior RM / Tele-sales,Aug Wk4 (Aug 24-31),12.5,0,5.0,Agro & Food,IND-RA,Q2 2027,1,LOW (<90 days),"INC since Apr 2026 (87 days). MEDIUM by Oct 2026, HOT by Jan 2027, ULTRA HOT by Apr 2027.",Your Term loans at IND-RA hits ULTRA HOT in Apr 2027. Start ACER process by Jan 2027 to be ahead of Q2 2027 renewal rush.
Shambhu Textile Mills Pvt. Ltd.,TIER 3 — Junior RM / Tele-sales,Aug Wk3 (Aug 17-21),12.5,0,5.0,Textiles,CARE,October 2026,1,MEDIUM,INC rating hits ULTRA HOT threshold on 2026-11-26 — first call window,Get ahead of the Oct/Nov renewal rush; start ACER process now before CARE backlog builds
Arun Textiles Pvt. Ltd.,TIER 3 — Junior RM / Tele-sales,Aug Wk3 (Aug 17-21),12.4,0,3.0,Construction,CRISIL,October 2026,1,MEDIUM,INC rating hits ULTRA HOT threshold on 2026-10-06 — first call window,Get ahead of the Oct/Nov renewal rush; start ACER process now before CRISIL backlog builds
Regent Energy Ltd.,TIER 3 — Junior RM / Tele-sales,Aug Wk3 (Aug 17-21),12.4,0,5.0,Energy,CRISIL,October 2026,1,MEDIUM,INC rating hits ULTRA HOT threshold on 2026-11-20 — first call window,Get ahead of the Oct/Nov renewal rush; start ACER process now before CRISIL backlog builds
Narayan Powertech Pvt. Ltd.,TIER 3 — Junior RM / Tele-sales,Aug Wk3 (Aug 17-21),12.3,0,5.0,Energy,CRISIL,October 2026,1,MEDIUM,INC rating hits ULTRA HOT threshold on 2026-10-08 — first call window,Get ahead of the Oct/Nov renewal rush; start ACER process now before CRISIL backlog builds
Titanium Vitrified Private Limited,TIER 3 — Junior RM / Tele-sales,Aug Wk3 (Aug 17-21),12.27,0,5.0,Other,Infomerics,October 2026,1,MEDIUM,INC rating hits ULTRA HOT threshold on 2026-11-18 — first call window,Get ahead of the Oct/Nov renewal rush; start ACER process now before Infomerics backlog builds
Srinivasa Hair Inds. Pvt. Ltd.,TIER 3 — Junior RM / Tele-sales,Aug Wk3 (Aug 17-21),12.26,0,5.0,Other,CRISIL,October 2026,1,MEDIUM,INC rating hits ULTRA HOT threshold on 2026-10-06 — first call window,Get ahead of the Oct/Nov renewal rush; start ACER process now before CRISIL backlog builds
Kousthuba Spinners Pvt. Ltd.,TIER 3 — Junior RM / Tele-sales,Aug Wk3 (Aug 17-21),12.2,0,5.0,Hotels & Tourism,BRICKWORK,October 2026,1,MEDIUM,INC rating hits ULTRA HOT threshold on 2026-10-17 — first call window,Get ahead of the Oct/Nov renewal rush; start ACER process now before BRICKWORK backlog builds
Singhania & Sons Pvt. Ltd.,TIER 3 — Junior RM / Tele-sales,Aug Wk4 (Aug 24-31),12.14,0,5.0,Other,CRISIL,October 2026,1,LOW,INC rating hits HOT threshold on 2026-10-20 — first call window,Get ahead of the Oct/Nov renewal rush; start ACER process now before CRISIL backlog builds
Rajshree Polypack Ltd.,TIER 3 — Junior RM / Tele-sales,Aug Wk3 (Aug 17-21),12.09,0,5.0,Other,CARE,October 2026,1,MEDIUM,INC rating hits ULTRA HOT threshold on 2026-11-25 — first call window,Get ahead of the Oct/Nov renewal rush; start ACER process now before CARE backlog builds
Sri Bhavani Castings Ltd.,TIER 3 — Junior RM / Tele-sales,Aug Wk3 (Aug 17-21),12.07,0,5.0,Steel & Metals,BRICKWORK,October 2026,1,MEDIUM,INC rating hits ULTRA HOT threshold on 2026-10-29 — first call window,Get ahead of the Oct/Nov renewal rush; start ACER process now before BRICKWORK backlog builds
Aditya Dispomed Products Pvt. Ltd.,TIER 3 — Junior RM / Tele-sales,Aug Wk4 (Aug 24-31),12.0,0,5.0,Manufacturing,CRISIL,October 2026,1,LOW,INC rating hits HOT threshold on 2026-10-09 — first call window,Get ahead of the Oct/Nov renewal rush; start ACER process now before CRISIL backlog builds
Autolite India Limited,TIER 3 — Junior RM / Tele-sales,Aug Wk3 (Aug 17-21),12.0,0,2.5,Automobiles,Infomerics,October 2026,1,MEDIUM,INC rating hits ULTRA HOT threshold on 2026-11-10 — first call window,Get ahead of the Oct/Nov renewal rush; start ACER process now before Infomerics backlog builds
Aypols Polymers Pvt. Ltd.,TIER 3 — Junior RM / Tele-sales,Aug Wk3 (Aug 17-21),12.0,0,3.0,Chemicals & Pharma,CARE,October 2026,1,MEDIUM,INC rating hits ULTRA HOT threshold on 2026-11-04 — first call window,Get ahead of the Oct/Nov renewal rush; start ACER process now before CARE backlog builds
Binary Apparel Park Pvt. Ltd.,TIER 3 — Junior RM / Tele-sales,Aug Wk4 (Aug 24-31),12.0,0,5.0,Textiles,IND-RA,October 2026,1,LOW,INC rating hits HOT threshold on 2026-10-13 — first call window,Get ahead of the Oct/Nov renewal rush; start ACER process now before IND-RA backlog builds
C J N Hitech Motors Pvt. Ltd.,TIER 3 — Junior RM / Tele-sales,Aug Wk3 (Aug 17-21),12.0,0,5.0,IT/Technology,CRISIL,October 2026,1,MEDIUM,INC rating hits ULTRA HOT threshold on 2026-11-12 — first call window,Get ahead of the Oct/Nov renewal rush; start ACER process now before CRISIL backlog builds
Christ Nishotech Water Systems Pvt. Ltd.,TIER 3 — Junior RM / Tele-sales,Aug Wk4 (Aug 24-31),12.0,0,3.0,IT/Technology,CRISIL,October 2026,1,LOW,INC rating hits HOT threshold on 2026-11-20 — first call window,Get ahead of the Oct/Nov renewal rush; start ACER process now before CRISIL backlog builds
Dayal Industries Pvt. Ltd.,TIER 3 — Junior RM / Tele-sales,Aug Wk4 (Aug 24-31),12.0,0,5.0,Manufacturing,CRISIL,October 2026,1,LOW,INC rating hits HOT threshold on 2026-10-03 — first call window,Get ahead of the Oct/Nov renewal rush; start ACER process now before CRISIL backlog builds
Eagle Steel Industries Private Limited,TIER 3 — Junior RM / Tele-sales,Aug Wk3 (Aug 17-21),12.0,0,5.0,Steel & Metals,Infomerics,October 2026,1,MEDIUM,INC rating hits ULTRA HOT threshold on 2026-11-17 — first call window,Get ahead of the Oct/Nov renewal rush; start ACER process now before Infomerics backlog builds
Eco Jute Pvt. Ltd.,TIER 3 — Junior RM / Tele-sales,Aug Wk4 (Aug 24-31),12.0,0,5.0,Textiles,CRISIL,October 2026,1,LOW,INC rating hits HOT threshold on 2026-11-23 — first call window,Get ahead of the Oct/Nov renewal rush; start ACER process now before CRISIL backlog builds
Golden Globe Impex Pvt. Ltd.,TIER 3 — Junior RM / Tele-sales,Aug Wk4 (Aug 24-31),12.0,0,3.0,Jewellery,CRISIL,Q1 2027,1,LOW/MEDIUM,INC rating hits ULTRA HOT on 2027-03-18 — prime Q1 2027 renewal target,Your Letter of Credit at CRISIL goes critical in Mar 2027. Start ACER process in Sep 2026 — before the Q1 rush.
J M Ferro Alloys Pvt. Ltd.,TIER 3 — Junior RM / Tele-sales,Aug Wk4 (Aug 24-31),12.0,0,3.0,Steel & Metals,CARE,Q2 2027,1,LOW (<90 days),"INC since Apr 2026 (79 days). MEDIUM by Oct 2026, HOT by Jan 2027, ULTRA HOT by Apr 2027.",Your Letter Of credit at CARE hits ULTRA HOT in Apr 2027. Start ACER process by Jan 2027 to be ahead of Q2 2027 renewal rush.
J P Motor Pvt. Ltd.,TIER 3 — Junior RM / Tele-sales,Aug Wk4 (Aug 24-31),12.0,0,5.0,Automobiles,IND-RA,Q2 2027,1,LOW (<90 days),"INC since Apr 2026 (87 days). MEDIUM by Oct 2026, HOT by Jan 2027, ULTRA HOT by Apr 2027.",Your Term loans at IND-RA hits ULTRA HOT in Apr 2027. Start ACER process by Jan 2027 to be ahead of Q2 2027 renewal rush.
Jaideep Metallics & Alloys Pvt. Ltd.,TIER 3 — Junior RM / Tele-sales,Aug Wk4 (Aug 24-31),12.0,0,5.0,Steel & Metals,CARE,Q1 2027,1,LOW/MEDIUM,INC rating hits ULTRA HOT on 2027-03-10 — prime Q1 2027 renewal target,Your Term Loan at CARE goes critical in Mar 2027. Start ACER process in Sep 2026 — before the Q1 rush.
Kamadhenu Feeds Pvt. Ltd.,TIER 3 — Junior RM / Tele-sales,Aug Wk4 (Aug 24-31),12.0,0,5.0,Other,CRISIL,October 2026,1,LOW,INC rating hits HOT threshold on 2026-10-27 — first call window,Get ahead of the Oct/Nov renewal rush; start ACER process now before CRISIL backlog builds
Kanchana Automobiles Pvt. Ltd.,TIER 3 — Junior RM / Tele-sales,Aug Wk4 (Aug 24-31),12.0,0,5.0,Manufacturing,CARE,Q1 2027,1,LOW/MEDIUM,INC rating hits ULTRA HOT on 2027-01-02 — prime Q1 2027 renewal target,Your Fund-Based at CARE goes critical in Jan 2027. Start ACER process in Sep 2026 — before the Q1 rush.
M N R Cottons Pvt. Ltd.,TIER 3 — Junior RM / Tele-sales,Aug Wk4 (Aug 24-31),12.0,0,5.0,Agro & Food,ICRA,October 2026,1,LOW,INC rating hits HOT threshold on 2026-11-13 — first call window,Get ahead of the Oct/Nov renewal rush; start ACER process now before ICRA backlog builds
Mahalaxmi India Pvt. Ltd.,TIER 3 — Junior RM / Tele-sales,Aug Wk4 (Aug 24-31),12.0,0,3.0,Other,ICRA,October 2026,1,LOW,INC rating hits HOT threshold on 2026-10-17 — first call window,Get ahead of the Oct/Nov renewal rush; start ACER process now before ICRA backlog builds
Onkar Dies Pvt. Ltd.,TIER 3 — Junior RM / Tele-sales,Aug Wk3 (Aug 17-21),12.0,0,5.0,Other,CARE,October 2026,1,MEDIUM,INC rating hits ULTRA HOT threshold on 2026-11-28 — first call window,Get ahead of the Oct/Nov renewal rush; start ACER process now before CARE backlog builds
Patliputra Equipments Pvt. Ltd.,TIER 3 — Junior RM / Tele-sales,Aug Wk3 (Aug 17-21),12.0,0,5.0,Manufacturing,BRICKWORK,October 2026,1,MEDIUM,INC rating hits ULTRA HOT threshold on 2026-10-17 — first call window,Get ahead of the Oct/Nov renewal rush; start ACER process now before BRICKWORK backlog builds
Prime Gold-Sail Jvc Ltd.,TIER 3 — Junior RM / Tele-sales,Aug Wk4 (Aug 24-31),12.0,0,5.0,Jewellery,ACUITE,Q1 2027,1,LOW/MEDIUM,INC rating hits ULTRA HOT on 2027-03-17 — prime Q1 2027 renewal target,Your Term Loan at ACUITE goes critical in Mar 2027. Start ACER process in Sep 2026 — before the Q1 rush.
R R Dura Fabs Pvt. Ltd.,TIER 3 — Junior RM / Tele-sales,Aug Wk3 (Aug 17-21),12.0,0,4.0,Other,CRISIL,October 2026,1,MEDIUM,INC rating hits ULTRA HOT threshold on 2026-10-20 — first call window,Get ahead of the Oct/Nov renewal rush; start ACER process now before CRISIL backlog builds
Raj India Auto Pvt. Ltd.,TIER 3 — Junior RM / Tele-sales,Aug Wk3 (Aug 17-21),12.0,0,5.0,Automobiles,CRISIL,October 2026,1,MEDIUM,INC rating hits ULTRA HOT threshold on 2026-10-13 — first call window,Get ahead of the Oct/Nov renewal rush; start ACER process now before CRISIL backlog builds
Shivom Cotspin Ltd.,TIER 3 — Junior RM / Tele-sales,Aug Wk4 (Aug 24-31),12.0,0,5.0,Other,CRISIL,October 2026,1,LOW,INC rating hits HOT threshold on 2026-10-18 — first call window,Get ahead of the Oct/Nov renewal rush; start ACER process now before CRISIL backlog builds
Shri Ram Wire Products Pvt. Ltd.,TIER 3 — Junior RM / Tele-sales,Aug Wk4 (Aug 24-31),12.0,0,3.0,Steel & Metals,CRISIL,October 2026,1,LOW,INC rating hits HOT threshold on 2026-11-24 — first call window,Get ahead of the Oct/Nov renewal rush; start ACER process now before CRISIL backlog builds
Shri Shanti Solvex Pvt. Ltd.,TIER 3 — Junior RM / Tele-sales,Aug Wk4 (Aug 24-31),12.0,0,5.0,Other,CARE,Q1 2027,1,LOW/MEDIUM,INC rating hits ULTRA HOT on 2027-03-17 — prime Q1 2027 renewal target,Your Fund-Based at CARE goes critical in Mar 2027. Start ACER process in Sep 2026 — before the Q1 rush.
Sparkline Equipments Pvt. Ltd.,TIER 3 — Junior RM / Tele-sales,Aug Wk3 (Aug 17-21),12.0,0,3.0,Manufacturing,ACUITE,October 2026,1,MEDIUM,INC rating hits ULTRA HOT threshold on 2026-11-03 — first call window,Get ahead of the Oct/Nov renewal rush; start ACER process now before ACUITE backlog builds
T B P R Infra Projects Pvt. Ltd.,TIER 3 — Junior RM / Tele-sales,Aug Wk4 (Aug 24-31),12.0,0,4.0,Construction,ACUITE,Q2 2027,1,LOW (<90 days),"INC since Apr 2026 (69 days). MEDIUM by Oct 2026, HOT by Jan 2027, ULTRA HOT by Apr 2027.",Your Bank Guarantee at ACUITE hits ULTRA HOT in Apr 2027. Start ACER process by Jan 2027 to be ahead of Q2 2027 renewal rush.
T I Automotives Pvt. Ltd.,TIER 3 — Junior RM / Tele-sales,Aug Wk3 (Aug 17-21),12.0,0,5.0,Automobiles,CRISIL,October 2026,1,MEDIUM,INC rating hits ULTRA HOT threshold on 2026-11-25 — first call window,Get ahead of the Oct/Nov renewal rush; start ACER process now before CRISIL backlog builds
Versatile Card Technology Pvt. Ltd.,TIER 3 — Junior RM / Tele-sales,Aug Wk3 (Aug 17-21),12.0,0,3.0,IT/Technology,BRICKWORK,October 2026,1,MEDIUM,INC rating hits ULTRA HOT threshold on 2026-10-09 — first call window,Get ahead of the Oct/Nov renewal rush; start ACER process now before BRICKWORK backlog builds
India Dairy Products Ltd.,TIER 3 — Junior RM / Tele-sales,Aug Wk4 (Aug 24-31),11.91,0,5.0,Agro & Food,ACUITE,October 2026,1,LOW,INC rating hits HOT threshold on 2026-11-03 — first call window,Get ahead of the Oct/Nov renewal rush; start ACER process now before ACUITE backlog builds
Maa Kali Alloys Udyog Pvt. Ltd.,TIER 3 — Junior RM / Tele-sales,Aug Wk4 (Aug 24-31),11.88,0,5.0,Steel & Metals,BRICKWORK,October 2026,1,LOW,INC rating hits HOT threshold on 2026-11-30 — first call window,Get ahead of the Oct/Nov renewal rush; start ACER process now before BRICKWORK backlog builds
Oriental Engineering Works Pvt. Ltd.,TIER 3 — Junior RM / Tele-sales,Aug Wk4 (Aug 24-31),11.84,0,5.0,Manufacturing,ACUITE,October 2026,1,LOW,INC rating hits HOT threshold on 2026-11-03 — first call window,Get ahead of the Oct/Nov renewal rush; start ACER process now before ACUITE backlog builds
R B Cars Pvt. Ltd.,TIER 3 — Junior RM / Tele-sales,Aug Wk3 (Aug 17-21),11.76,0,5.0,Automobiles,CRISIL,October 2026,1,MEDIUM,INC rating hits ULTRA HOT threshold on 2026-11-13 — first call window,Get ahead of the Oct/Nov renewal rush; start ACER process now before CRISIL backlog builds
Shiv Shakti Inds. Pvt. Ltd.,TIER 3 — Junior RM / Tele-sales,Aug Wk4 (Aug 24-31),11.72,0,5.0,Other,IND-RA,October 2026,1,LOW,INC rating hits HOT threshold on 2026-10-13 — first call window,Get ahead of the Oct/Nov renewal rush; start ACER process now before IND-RA backlog builds
Shri Anant Syntex Ltd.,TIER 3 — Junior RM / Tele-sales,Aug Wk3 (Aug 17-21),11.66,0,5.0,Other,CARE,October 2026,1,MEDIUM,INC rating hits ULTRA HOT threshold on 2026-10-08 — first call window,Get ahead of the Oct/Nov renewal rush; start ACER process now before CARE backlog builds
Ecomotel Hotel Ltd.,TIER 3 — Junior RM / Tele-sales,Aug Wk4 (Aug 24-31),11.65,0,5.0,Hotels & Tourism,CARE,Q2 2027,1,LOW (<90 days),"INC since Apr 2026 (83 days). MEDIUM by Oct 2026, HOT by Jan 2027, ULTRA HOT by Apr 2027.",Your Term loans at CARE hits ULTRA HOT in Apr 2027. Start ACER process by Jan 2027 to be ahead of Q2 2027 renewal rush.
Marudhar Polysacks Pvt. Ltd.,TIER 3 — Junior RM / Tele-sales,Aug Wk4 (Aug 24-31),11.63,0,5.0,Other,ACUITE,Q1 2027,1,LOW/MEDIUM,INC rating hits ULTRA HOT on 2027-03-16 — prime Q1 2027 renewal target,Your Term Loan at ACUITE goes critical in Mar 2027. Start ACER process in Sep 2026 — before the Q1 rush.
Anuspa Heritage Products Pvt. Ltd.,TIER 3 — Junior RM / Tele-sales,Aug Wk3 (Aug 17-21),11.5,0,5.0,Manufacturing,CRISIL,October 2026,1,MEDIUM,INC rating hits ULTRA HOT threshold on 2026-10-14 — first call window,Get ahead of the Oct/Nov renewal rush; start ACER process now before CRISIL backlog builds
Devsun Solar Pvt. Ltd.,TIER 3 — Junior RM / Tele-sales,Aug Wk4 (Aug 24-31),11.5,0,5.0,Energy,CRISIL,October 2026,1,LOW,INC rating hits HOT threshold on 2026-10-28 — first call window,Get ahead of the Oct/Nov renewal rush; start ACER process now before CRISIL backlog builds
M P M Pvt. Ltd.,TIER 3 — Junior RM / Tele-sales,Aug Wk4 (Aug 24-31),11.5,0,3.0,Other,CARE,October 2026,1,LOW,INC rating hits HOT threshold on 2026-11-09 — first call window,Get ahead of the Oct/Nov renewal rush; start ACER process now before CARE backlog builds
Sudha Business Enterprises Pvt. Ltd.,TIER 3 — Junior RM / Tele-sales,Aug Wk4 (Aug 24-31),11.5,0,5.0,Other,CRISIL,Q1 2027,1,LOW/MEDIUM,INC rating hits ULTRA HOT on 2027-03-31 — prime Q1 2027 renewal target,Your Fund-Based at CRISIL goes critical in Mar 2027. Start ACER process in Sep 2026 — before the Q1 rush.
Universal Medicap Ltd.,TIER 3 — Junior RM / Tele-sales,Aug Wk4 (Aug 24-31),11.5,0,3.0,Other,CRISIL,October 2026,1,LOW,INC rating hits HOT threshold on 2026-11-25 — first call window,Get ahead of the Oct/Nov renewal rush; start ACER process now before CRISIL backlog builds
Viraj Alchohol & Allied Inds. Ltd.,TIER 3 — Junior RM / Tele-sales,Aug Wk4 (Aug 24-31),11.5,0,3.0,Other,CRISIL,Q2 2027,1,LOW (<90 days),"INC since Apr 2026 (59 days). MEDIUM by Oct 2026, HOT by Jan 2027, ULTRA HOT by Apr 2027.",Your Short-term loan at CRISIL hits ULTRA HOT in Apr 2027. Start ACER process by Jan 2027 to be ahead of Q2 2027 renewal rush.
Exxaro Tiles Ltd.,TIER 3 — Junior RM / Tele-sales,Aug Wk4 (Aug 24-31),11.4,0,4.0,Other,BRICKWORK,Q1 2027,1,LOW/MEDIUM,INC rating hits ULTRA HOT on 2027-03-24 — prime Q1 2027 renewal target,Your Bank Guarantee at BRICKWORK goes critical in Mar 2027. Start ACER process in Sep 2026 — before the Q1 rush.
Pinnacle Hospitals India Pvt. Ltd.,TIER 3 — Junior RM / Tele-sales,Aug Wk4 (Aug 24-31),11.35,0,5.0,Healthcare,CARE,October 2026,1,LOW,INC rating hits HOT threshold on 2026-11-13 — first call window,Get ahead of the Oct/Nov renewal rush; start ACER process now before CARE backlog builds
Jyoti Threads (India) Pvt. Ltd.,TIER 3 — Junior RM / Tele-sales,Aug Wk4 (Aug 24-31),11.33,0,5.0,Textiles,BRICKWORK,October 2026,1,LOW,INC rating hits HOT threshold on 2026-11-27 — first call window,Get ahead of the Oct/Nov renewal rush; start ACER process now before BRICKWORK backlog builds
Isha Homes (India) Pvt. Ltd.,TIER 3 — Junior RM / Tele-sales,Aug Wk4 (Aug 24-31),11.25,0,5.0,Other,CRISIL,October 2026,1,LOW,INC rating hits HOT threshold on 2026-11-20 — first call window,Get ahead of the Oct/Nov renewal rush; start ACER process now before CRISIL backlog builds
P M C Rubber Chemicals India Pvt. Ltd.,TIER 3 — Junior RM / Tele-sales,Aug Wk4 (Aug 24-31),11.25,0,3.0,Chemicals & Pharma,CRISIL,October 2026,1,LOW,INC rating hits HOT threshold on 2026-11-20 — first call window,Get ahead of the Oct/Nov renewal rush; start ACER process now before CRISIL backlog builds
Darjeeling Flour Mills Pvt. Ltd.,TIER 3 — Junior RM / Tele-sales,Aug Wk3 (Aug 17-21),11.2,0,4.0,Agro & Food,BRICKWORK,October 2026,1,MEDIUM,INC rating hits ULTRA HOT threshold on 2026-11-11 — first call window,Get ahead of the Oct/Nov renewal rush; start ACER process now before BRICKWORK backlog builds
Satkar Paper Mills Pvt. Ltd.,TIER 3 — Junior RM / Tele-sales,Aug Wk4 (Aug 24-31),11.14,0,5.0,Agro & Food,CRISIL,Q1 2027,1,LOW/MEDIUM,INC rating hits ULTRA HOT on 2027-03-31 — prime Q1 2027 renewal target,Your Term Loan at CRISIL goes critical in Mar 2027. Start ACER process in Sep 2026 — before the Q1 rush.
Radheya Machining Ltd.,TIER 3 — Junior RM / Tele-sales,Aug Wk3 (Aug 17-21),11.13,0,5.0,Manufacturing,ICRA,October 2026,1,MEDIUM,INC rating hits ULTRA HOT threshold on 2026-10-22 — first call window,Get ahead of the Oct/Nov renewal rush; start ACER process now before ICRA backlog builds
Vishal Papertech (India) Ltd.,TIER 3 — Junior RM / Tele-sales,Aug Wk4 (Aug 24-31),11.03,0,5.0,IT/Technology,CRISIL,October 2026,1,LOW,INC rating hits HOT threshold on 2026-11-24 — first call window,Get ahead of the Oct/Nov renewal rush; start ACER process now before CRISIL backlog builds
R P L Projects Ltd.,TIER 3 — Junior RM / Tele-sales,Aug Wk3 (Aug 17-21),11.02,0,5.0,Construction,ICRA,October 2026,1,MEDIUM,INC rating hits ULTRA HOT threshold on 2026-11-20 — first call window,Get ahead of the Oct/Nov renewal rush; start ACER process now before ICRA backlog builds
Anil Steels Pvt. Ltd.,TIER 3 — Junior RM / Tele-sales,Aug Wk4 (Aug 24-31),11.0,0,3.0,Steel & Metals,CRISIL,October 2026,1,LOW,INC rating hits HOT threshold on 2026-11-17 — first call window,Get ahead of the Oct/Nov renewal rush; start ACER process now before CRISIL backlog builds
Associated Appliances Ltd.,TIER 3 — Junior RM / Tele-sales,Aug Wk4 (Aug 24-31),11.0,0,3.0,Other,BRICKWORK,Q2 2027,1,LOW (<90 days),"INC since Apr 2026 (86 days). MEDIUM by Oct 2026, HOT by Jan 2027, ULTRA HOT by Apr 2027.",Your Letter Of credit at BRICKWORK hits ULTRA HOT in Apr 2027. Start ACER process by Jan 2027 to be ahead of Q2 2027 renewal rush.
B G Naidu Sweets Pvt. Ltd.,TIER 3 — Junior RM / Tele-sales,Aug Wk4 (Aug 24-31),11.0,0,5.0,Other,CRISIL,October 2026,1,LOW,INC rating hits HOT threshold on 2026-10-09 — first call window,Get ahead of the Oct/Nov renewal rush; start ACER process now before CRISIL backlog builds
Data Ingenious Global Ltd.,TIER 3 — Junior RM / Tele-sales,Aug Wk4 (Aug 24-31),11.0,0,4.0,IT/Technology,ACUITE,October 2026,1,LOW,INC rating hits HOT threshold on 2026-11-22 — first call window,Get ahead of the Oct/Nov renewal rush; start ACER process now before ACUITE backlog builds
Dayal Fertilizers Pvt. Ltd.,TIER 3 — Junior RM / Tele-sales,Aug Wk4 (Aug 24-31),11.0,0,5.0,Agro & Food,CRISIL,October 2026,1,LOW,INC rating hits HOT threshold on 2026-10-03 — first call window,Get ahead of the Oct/Nov renewal rush; start ACER process now before CRISIL backlog builds
Fullarton Distilleries Pvt. Ltd.,TIER 3 — Junior RM / Tele-sales,Aug Wk3 (Aug 17-21),11.0,0,5.0,Other,ACUITE,October 2026,1,MEDIUM,INC rating hits ULTRA HOT threshold on 2026-11-05 — first call window,Get ahead of the Oct/Nov renewal rush; start ACER process now before ACUITE backlog builds
Isha Snacks Pvt. Ltd.,TIER 3 — Junior RM / Tele-sales,Aug Wk3 (Aug 17-21),11.0,0,5.0,Other,BRICKWORK,October 2026,1,MEDIUM,INC rating hits ULTRA HOT threshold on 2026-10-30 — first call window,Get ahead of the Oct/Nov renewal rush; start ACER process now before BRICKWORK backlog builds
J C Construction Pvt. Ltd.,TIER 3 — Junior RM / Tele-sales,Aug Wk4 (Aug 24-31),11.0,0,4.0,Construction,BRICKWORK,Q2 2027,1,LOW (<90 days),"INC since Apr 2026 (87 days). MEDIUM by Oct 2026, HOT by Jan 2027, ULTRA HOT by Apr 2027.",Your Bank Guarantee at BRICKWORK hits ULTRA HOT in Apr 2027. Start ACER process by Jan 2027 to be ahead of Q2 2027 renewal rush.
Mahadev Motors Pvt. Ltd.,TIER 3 — Junior RM / Tele-sales,Aug Wk4 (Aug 24-31),11.0,0,5.0,Automobiles,CRISIL,Q1 2027,1,LOW/MEDIUM,INC rating hits ULTRA HOT on 2027-03-17 — prime Q1 2027 renewal target,Your Fund-Based at CRISIL goes critical in Mar 2027. Start ACER process in Sep 2026 — before the Q1 rush.
Mr. Brown Bakery & Food Products Pvt. Ltd.,TIER 3 — Junior RM / Tele-sales,Aug Wk4 (Aug 24-31),11.0,0,5.0,Agro & Food,CRISIL,Q1 2027,1,LOW/MEDIUM,INC rating hits ULTRA HOT on 2027-03-27 — prime Q1 2027 renewal target,Your Term Loan at CRISIL goes critical in Mar 2027. Start ACER process in Sep 2026 — before the Q1 rush.
Ovis Equipments Pvt. Ltd.,TIER 3 — Junior RM / Tele-sales,Aug Wk4 (Aug 24-31),11.0,0,3.0,Manufacturing,ICRA,Q1 2027,1,LOW/MEDIUM,INC rating hits ULTRA HOT on 2027-03-11 — prime Q1 2027 renewal target,Your Non-Fund-Based at ICRA goes critical in Mar 2027. Start ACER process in Sep 2026 — before the Q1 rush.
S G R Exim Pvt. Ltd.,TIER 3 — Junior RM / Tele-sales,Aug Wk3 (Aug 17-21),11.0,0,3.0,Other,BRICKWORK,October 2026,1,MEDIUM,INC rating hits ULTRA HOT threshold on 2026-11-17 — first call window,Get ahead of the Oct/Nov renewal rush; start ACER process now before BRICKWORK backlog builds
Santoshi Hyvolt Electricals Pvt. Ltd.,TIER 3 — Junior RM / Tele-sales,Aug Wk3 (Aug 17-21),11.0,0,4.0,Energy,CRISIL,October 2026,1,MEDIUM,INC rating hits ULTRA HOT threshold on 2026-10-13 — first call window,Get ahead of the Oct/Nov renewal rush; start ACER process now before CRISIL backlog builds
Saranya Garments Pvt. Ltd.,TIER 3 — Junior RM / Tele-sales,Aug Wk4 (Aug 24-31),11.0,0,5.0,Textiles,CRISIL,October 2026,1,LOW,INC rating hits HOT threshold on 2026-10-06 — first call window,Get ahead of the Oct/Nov renewal rush; start ACER process now before CRISIL backlog builds
Shivalik Infraventures Pvt. Ltd.,TIER 3 — Junior RM / Tele-sales,Aug Wk3 (Aug 17-21),11.0,0,4.0,Construction,CRISIL,October 2026,1,MEDIUM,INC rating hits ULTRA HOT threshold on 2026-11-05 — first call window,Get ahead of the Oct/Nov renewal rush; start ACER process now before CRISIL backlog builds
Suraj Mal Anil Kumar Pvt. Ltd.,TIER 3 — Junior RM / Tele-sales,Aug Wk4 (Aug 24-31),11.0,0,5.0,Other,CRISIL,October 2026,1,LOW,INC rating hits HOT threshold on 2026-11-24 — first call window,Get ahead of the Oct/Nov renewal rush; start ACER process now before CRISIL backlog builds
Swasti Interglobe Pvt. Ltd.,TIER 3 — Junior RM / Tele-sales,Aug Wk4 (Aug 24-31),11.0,0,4.0,Other,BRICKWORK,Q1 2027,1,LOW/MEDIUM,INC rating hits ULTRA HOT on 2027-03-24 — prime Q1 2027 renewal target,Your Bank Guarantee at BRICKWORK goes critical in Mar 2027. Start ACER process in Sep 2026 — before the Q1 rush.
Vishal Containers Pvt. Ltd.,TIER 3 — Junior RM / Tele-sales,Aug Wk3 (Aug 17-21),11.0,0,5.0,Other,CRISIL,October 2026,1,MEDIUM,INC rating hits ULTRA HOT threshold on 2026-11-24 — first call window,Get ahead of the Oct/Nov renewal rush; start ACER process now before CRISIL backlog builds
Need Livelihood Microfinance Pvt. Ltd.,TIER 3 — Junior RM / Tele-sales,Aug Wk4 (Aug 24-31),10.91,0,5.0,BFSI,CARE,Q1 2027,1,LOW/MEDIUM,INC rating hits ULTRA HOT on 2027-03-26 — prime Q1 2027 renewal target,Your Term Loan at CARE goes critical in Mar 2027. Start ACER process in Sep 2026 — before the Q1 rush.
Royal Foodstuffs Pvt. Ltd.,TIER 3 — Junior RM / Tele-sales,Aug Wk4 (Aug 24-31),10.91,0,5.0,Agro & Food,CRISIL,October 2026,1,LOW,INC rating hits HOT threshold on 2026-10-28 — first call window,Get ahead of the Oct/Nov renewal rush; start ACER process now before CRISIL backlog builds
Q R S Retail Ltd.,TIER 3 — Junior RM / Tele-sales,Aug Wk4 (Aug 24-31),10.86,0,5.0,Media/Retail,CARE,October 2026,1,LOW,INC rating hits HOT threshold on 2026-11-13 — first call window,Get ahead of the Oct/Nov renewal rush; start ACER process now before CARE backlog builds
Hamd Foods Pvt. Ltd.,TIER 3 — Junior RM / Tele-sales,Aug Wk4 (Aug 24-31),10.8,0,5.0,Agro & Food,IND-RA,October 2026,1,LOW,INC rating hits HOT threshold on 2026-10-13 — first call window,Get ahead of the Oct/Nov renewal rush; start ACER process now before IND-RA backlog builds
Spinoff Technopark Ltd.,TIER 3 — Junior RM / Tele-sales,Aug Wk4 (Aug 24-31),10.79,0,5.0,IT/Technology,CRISIL,October 2026,1,LOW,INC rating hits HOT threshold on 2026-10-09 — first call window,Get ahead of the Oct/Nov renewal rush; start ACER process now before CRISIL backlog builds
Shrijee Sugar & Power Pvt. Ltd.,TIER 3 — Junior RM / Tele-sales,Aug Wk4 (Aug 24-31),10.69,0,5.0,Agro & Food,CRISIL,October 2026,1,LOW,INC rating hits HOT threshold on 2026-10-16 — first call window,Get ahead of the Oct/Nov renewal rush; start ACER process now before CRISIL backlog builds
Bhagyanagar Chlorides Pvt. Ltd.,TIER 3 — Junior RM / Tele-sales,Aug Wk4 (Aug 24-31),10.67,0,5.0,Other,ICRA,October 2026,1,LOW,INC rating hits HOT threshold on 2026-10-20 — first call window,Get ahead of the Oct/Nov renewal rush; start ACER process now before ICRA backlog builds
Pasupati Spinning & Wvg. Mills Ltd.,TIER 3 — Junior RM / Tele-sales,Aug Wk4 (Aug 24-31),10.66,0,5.0,Agro & Food,CRISIL,Q1 2027,1,LOW/MEDIUM,INC rating hits ULTRA HOT on 2027-03-30 — prime Q1 2027 renewal target,Your Term Loan at CRISIL goes critical in Mar 2027. Start ACER process in Sep 2026 — before the Q1 rush.
Shree Bharat Motors Ltd.,TIER 3 — Junior RM / Tele-sales,Aug Wk4 (Aug 24-31),10.56,0,5.0,Automobiles,CARE,Q2 2027,1,LOW (<90 days),"INC since Apr 2026 (60 days). MEDIUM by Oct 2026, HOT by Jan 2027, ULTRA HOT by Apr 2027.",Your Term loans at CARE hits ULTRA HOT in Apr 2027. Start ACER process by Jan 2027 to be ahead of Q2 2027 renewal rush.
Calcutta Radio Service Pvt. Ltd.,TIER 3 — Junior RM / Tele-sales,Aug Wk4 (Aug 24-31),10.5,0,5.0,Other,IND-RA,October 2026,1,LOW,INC rating hits HOT threshold on 2026-10-13 — first call window,Get ahead of the Oct/Nov renewal rush; start ACER process now before IND-RA backlog builds
Oasis E P C Solutions Ltd.,TIER 3 — Junior RM / Tele-sales,Aug Wk3 (Aug 17-21),10.5,0,4.0,Other,CRISIL,October 2026,1,MEDIUM,INC rating hits ULTRA HOT threshold on 2026-10-29 — first call window,Get ahead of the Oct/Nov renewal rush; start ACER process now before CRISIL backlog builds
One Auto Pvt. Ltd.,TIER 3 — Junior RM / Tele-sales,Aug Wk4 (Aug 24-31),10.5,0,5.0,Automobiles,CRISIL,October 2026,1,LOW,INC rating hits HOT threshold on 2026-10-28 — first call window,Get ahead of the Oct/Nov renewal rush; start ACER process now before CRISIL backlog builds
Shah Concast Pvt. Ltd.,TIER 3 — Junior RM / Tele-sales,Aug Wk3 (Aug 17-21),10.5,0,3.0,Other,CARE,October 2026,1,MEDIUM,INC rating hits ULTRA HOT threshold on 2026-10-10 — first call window,Get ahead of the Oct/Nov renewal rush; start ACER process now before CARE backlog builds
Shree Naman Securities & Finance Pvt. Ltd.,TIER 3 — Junior RM / Tele-sales,Aug Wk4 (Aug 24-31),10.5,0,4.0,BFSI/NBFC,BRICKWORK,Q2 2027,1,LOW (<90 days),"INC since Apr 2026 (86 days). MEDIUM by Oct 2026, HOT by Jan 2027, ULTRA HOT by Apr 2027.",Your Bank Guarantee at BRICKWORK hits ULTRA HOT in Apr 2027. Start ACER process by Jan 2027 to be ahead of Q2 2027 renewal rush.
Tritan Works Pvt. Ltd.,TIER 3 — Junior RM / Tele-sales,Aug Wk3 (Aug 17-21),10.4,0,5.0,Other,CRISIL,October 2026,1,MEDIUM,INC rating hits ULTRA HOT threshold on 2026-10-23 — first call window,Get ahead of the Oct/Nov renewal rush; start ACER process now before CRISIL backlog builds
J S Auto Cast Foundry India Pvt. Ltd.,TIER 3 — Junior RM / Tele-sales,Aug Wk4 (Aug 24-31),10.35,0,5.0,Automobiles,ACUITE,October 2026,1,LOW,INC rating hits HOT threshold on 2026-10-30 — first call window,Get ahead of the Oct/Nov renewal rush; start ACER process now before ACUITE backlog builds
Mubarak Overseas Pvt. Ltd.,TIER 3 — Junior RM / Tele-sales,Aug Wk3 (Aug 17-21),10.33,0,5.0,Other,CARE,October 2026,1,MEDIUM,INC rating hits ULTRA HOT threshold on 2026-11-05 — first call window,Get ahead of the Oct/Nov renewal rush; start ACER process now before CARE backlog builds
A B Udyog Pvt. Ltd.,TIER 3 — Junior RM / Tele-sales,Aug Wk4 (Aug 24-31),10.29,0,5.0,Other,CARE,October 2026,1,LOW,INC rating hits HOT threshold on 2026-11-16 — first call window,Get ahead of the Oct/Nov renewal rush; start ACER process now before CARE backlog builds
Bentlay Fittings Ltd.,TIER 3 — Junior RM / Tele-sales,Aug Wk4 (Aug 24-31),10.2,0,5.0,Steel & Metals,CRISIL,October 2026,1,LOW,INC rating hits HOT threshold on 2026-10-10 — first call window,Get ahead of the Oct/Nov renewal rush; start ACER process now before CRISIL backlog builds
Synergy Agri Products Pvt. Ltd.,TIER 3 — Junior RM / Tele-sales,Aug Wk4 (Aug 24-31),10.12,0,5.0,Other,IND-RA,Q2 2027,1,LOW (<90 days),"INC since Apr 2026 (87 days). MEDIUM by Oct 2026, HOT by Jan 2027, ULTRA HOT by Apr 2027.",Your Term loans at IND-RA hits ULTRA HOT in Apr 2027. Start ACER process by Jan 2027 to be ahead of Q2 2027 renewal rush.
Maruti Nandan Oils Pvt. Ltd.,TIER 3 — Junior RM / Tele-sales,Aug Wk3 (Aug 17-21),10.1,0,5.0,Energy,CRISIL,October 2026,1,MEDIUM,INC rating hits ULTRA HOT threshold on 2026-10-08 — first call window,Get ahead of the Oct/Nov renewal rush; start ACER process now before CRISIL backlog builds
S V S Hospitals Pvt. Ltd.,TIER 3 — Junior RM / Tele-sales,Aug Wk4 (Aug 24-31),10.04,0,5.0,Healthcare,BRICKWORK,Q1 2027,1,LOW/MEDIUM,INC rating hits ULTRA HOT on 2027-03-31 — prime Q1 2027 renewal target,Your Term Loan at BRICKWORK goes critical in Mar 2027. Start ACER process in Sep 2026 — before the Q1 rush.
A B S Electroplaters (India) Pvt. Ltd.,TIER 3 — Junior RM / Tele-sales,Aug Wk3 (Aug 17-21),10.0,0,3.0,Other,CRISIL,October 2026,1,MEDIUM,INC rating hits ULTRA HOT threshold on 2026-10-06 — first call window,Get ahead of the Oct/Nov renewal rush; start ACER process now before CRISIL backlog builds
A S C Builders Pvt. Ltd.,TIER 3 — Junior RM / Tele-sales,Aug Wk4 (Aug 24-31),10.0,0,4.0,Construction,BRICKWORK,October 2026,1,LOW,INC rating hits HOT threshold on 2026-11-24 — first call window,Get ahead of the Oct/Nov renewal rush; start ACER process now before BRICKWORK backlog builds
Affluence Shares And Stocks Pvt. Ltd.,TIER 3 — Junior RM / Tele-sales,Aug Wk4 (Aug 24-31),10.0,0,4.0,Other,CARE,Q1 2027,1,LOW/MEDIUM,INC rating hits ULTRA HOT on 2027-03-11 — prime Q1 2027 renewal target,Your Bank Guarantee at CARE goes critical in Mar 2027. Start ACER process in Sep 2026 — before the Q1 rush.
Agarwal Fastners Pvt. Ltd.,TIER 3 — Junior RM / Tele-sales,Aug Wk4 (Aug 24-31),10.0,0,5.0,Other,ICRA,Q1 2027,1,LOW/MEDIUM,INC rating hits ULTRA HOT on 2027-03-13 — prime Q1 2027 renewal target,Your Term Loan at ICRA goes critical in Mar 2027. Start ACER process in Sep 2026 — before the Q1 rush.
Agrawal Structure Mills Pvt. Ltd.,TIER 3 — Junior RM / Tele-sales,Aug Wk3 (Aug 17-21),10.0,0,3.0,Other,CRISIL,October 2026,1,MEDIUM,INC rating hits ULTRA HOT threshold on 2026-11-18 — first call window,Get ahead of the Oct/Nov renewal rush; start ACER process now before CRISIL backlog builds
Alcob India Pvt. Ltd.,TIER 3 — Junior RM / Tele-sales,Aug Wk4 (Aug 24-31),10.0,0,4.0,Other,ACUITE,Q2 2027,1,LOW (<90 days),"INC since Apr 2026 (74 days). MEDIUM by Oct 2026, HOT by Jan 2027, ULTRA HOT by Apr 2027.",Your Bank Guarantee at ACUITE hits ULTRA HOT in Apr 2027. Start ACER process by Jan 2027 to be ahead of Q2 2027 renewal rush.
Andhra Pradesh Heavy Machinery & Engg. Ltd.,TIER 3 — Junior RM / Tele-sales,Aug Wk4 (Aug 24-31),10.0,0,4.0,Manufacturing,CARE,October 2026,1,LOW,INC rating hits HOT threshold on 2026-11-23 — first call window,Get ahead of the Oct/Nov renewal rush; start ACER process now before CARE backlog builds
Ariando Infra Machines India Pvt. Ltd.,TIER 3 — Junior RM / Tele-sales,Aug Wk4 (Aug 24-31),10.0,0,3.0,Construction,BRICKWORK,October 2026,1,LOW,INC rating hits HOT threshold on 2026-10-20 — first call window,Get ahead of the Oct/Nov renewal rush; start ACER process now before BRICKWORK backlog builds
Asian Thai Foods India Pvt. Ltd.,TIER 3 — Junior RM / Tele-sales,Aug Wk3 (Aug 17-21),10.0,0,5.0,Agro & Food,CRISIL,October 2026,1,MEDIUM,INC rating hits ULTRA HOT threshold on 2026-11-13 — first call window,Get ahead of the Oct/Nov renewal rush; start ACER process now before CRISIL backlog builds
Bellsonica Auto Component India Pvt. Ltd.,TIER 3 — Junior RM / Tele-sales,Aug Wk3 (Aug 17-21),10.0,0,5.0,Manufacturing,CRISIL,October 2026,1,MEDIUM,INC rating hits ULTRA HOT threshold on 2026-11-19 — first call window,Get ahead of the Oct/Nov renewal rush; start ACER process now before CRISIL backlog builds
Bengani Food Products Pvt. Ltd.,TIER 3 — Junior RM / Tele-sales,Aug Wk4 (Aug 24-31),10.0,0,3.0,Agro & Food,BRICKWORK,Q1 2027,1,LOW/MEDIUM,INC rating hits ULTRA HOT on 2027-03-26 — prime Q1 2027 renewal target,Your Letter of Credit at BRICKWORK goes critical in Mar 2027. Start ACER process in Sep 2026 — before the Q1 rush.
Bio-Med Health Care Products Pvt. Ltd.,TIER 3 — Junior RM / Tele-sales,Aug Wk3 (Aug 17-21),10.0,0,3.0,Healthcare,BRICKWORK,October 2026,1,MEDIUM,INC rating hits ULTRA HOT threshold on 2026-10-31 — first call window,Get ahead of the Oct/Nov renewal rush; start ACER process now before BRICKWORK backlog builds
Blue Circle Organics Pvt. Ltd. [Merged],TIER 3 — Junior RM / Tele-sales,Aug Wk3 (Aug 17-21),10.0,0,5.0,Other,CRISIL,October 2026,1,MEDIUM,INC rating hits ULTRA HOT threshold on 2026-10-06 — first call window,Get ahead of the Oct/Nov renewal rush; start ACER process now before CRISIL backlog builds
Brahmanand Himghar Ltd.,TIER 3 — Junior RM / Tele-sales,Aug Wk3 (Aug 17-21),10.0,0,5.0,Other,CRISIL,October 2026,1,MEDIUM,INC rating hits ULTRA HOT threshold on 2026-11-20 — first call window,Get ahead of the Oct/Nov renewal rush; start ACER process now before CRISIL backlog builds
Centurion Laboratories Pvt. Ltd.,TIER 3 — Junior RM / Tele-sales,Aug Wk4 (Aug 24-31),10.0,0,4.0,Healthcare,CRISIL,October 2026,1,LOW,INC rating hits HOT threshold on 2026-10-18 — first call window,Get ahead of the Oct/Nov renewal rush; start ACER process now before CRISIL backlog builds
Dharneesh Gold Pvt. Ltd.,TIER 3 — Junior RM / Tele-sales,Aug Wk4 (Aug 24-31),10.0,0,4.0,Other,ACUITE,Q2 2027,1,LOW (<90 days),"INC since Apr 2026 (66 days). MEDIUM by Oct 2026, HOT by Jan 2027, ULTRA HOT by Apr 2027.",Your Bank Guarantee at ACUITE hits ULTRA HOT in Apr 2027. Start ACER process by Jan 2027 to be ahead of Q2 2027 renewal rush.
Emil Traders Pvt. Ltd.,TIER 3 — Junior RM / Tele-sales,Aug Wk4 (Aug 24-31),10.0,0,5.0,Other,CRISIL,Q1 2027,1,LOW/MEDIUM,INC rating hits ULTRA HOT on 2027-03-12 — prime Q1 2027 renewal target,Your Fund-Based at CRISIL goes critical in Mar 2027. Start ACER process in Sep 2026 — before the Q1 rush.
Fedora Sea Foods Pvt. Ltd.,TIER 3 — Junior RM / Tele-sales,Aug Wk4 (Aug 24-31),10.0,0,5.0,Agro & Food,ICRA,October 2026,1,LOW,INC rating hits HOT threshold on 2026-11-23 — first call window,Get ahead of the Oct/Nov renewal rush; start ACER process now before ICRA backlog builds
Foods & Inns Ltd.,TIER 3 — Junior RM / Tele-sales,Aug Wk4 (Aug 24-31),10.0,0,3.0,Agro & Food,BRICKWORK,October 2026,1,LOW,INC rating hits HOT threshold on 2026-11-10 — first call window,Get ahead of the Oct/Nov renewal rush; start ACER process now before BRICKWORK backlog builds
Gayatri Bioorganics Ltd.,TIER 3 — Junior RM / Tele-sales,Aug Wk4 (Aug 24-31),10.0,0,3.0,Other,CARE,Q2 2027,1,LOW (<90 days),"INC since May 2026 (55 days). MEDIUM by Nov 2026, HOT by Feb 2027, ULTRA HOT by May 2027.",Your Letter Of credit at CARE hits ULTRA HOT in May 2027. Start ACER process by Feb 2027 to be ahead of Q2 2027 renewal rush.
Gupta Solvent Pvt. Ltd.,TIER 3 — Junior RM / Tele-sales,Aug Wk4 (Aug 24-31),10.0,0,5.0,Chemicals & Pharma,ICRA,October 2026,1,LOW,INC rating hits HOT threshold on 2026-11-15 — first call window,Get ahead of the Oct/Nov renewal rush; start ACER process now before ICRA backlog builds
Hi-Tech Audio Systems Pvt. Ltd.,TIER 3 — Junior RM / Tele-sales,Aug Wk3 (Aug 17-21),10.0,0,4.0,IT/Technology,CRISIL,October 2026,1,MEDIUM,INC rating hits ULTRA HOT threshold on 2026-10-08 — first call window,Get ahead of the Oct/Nov renewal rush; start ACER process now before CRISIL backlog builds
Hisar Motors Pvt. Ltd.,TIER 3 — Junior RM / Tele-sales,Aug Wk3 (Aug 17-21),10.0,0,5.0,Automobiles,CRISIL,October 2026,1,MEDIUM,INC rating hits ULTRA HOT threshold on 2026-11-11 — first call window,Get ahead of the Oct/Nov renewal rush; start ACER process now before CRISIL backlog builds
Huhtamaki Foodservice Packaging India Pvt. Ltd.,TIER 3 — Junior RM / Tele-sales,Aug Wk4 (Aug 24-31),10.0,0,5.0,Agro & Food,CARE,October 2026,1,LOW,INC rating hits HOT threshold on 2026-11-09 — first call window,Get ahead of the Oct/Nov renewal rush; start ACER process now before CARE backlog builds
Imperial Tubes Pvt. Ltd.,TIER 3 — Junior RM / Tele-sales,Aug Wk4 (Aug 24-31),10.0,0,3.0,Other,ICRA,Q2 2027,1,LOW (<90 days),"INC since Apr 2026 (73 days). MEDIUM by Oct 2026, HOT by Jan 2027, ULTRA HOT by Apr 2027.",Your Non-fund-based financial facility/instrument at ICRA hits ULTRA HOT in Apr 2027. Start ACER process by Jan 2027 to be ahead of Q2 2027 renewal rush.
Inderjit Marwaha Autos Pvt. Ltd.,TIER 3 — Junior RM / Tele-sales,Aug Wk3 (Aug 17-21),10.0,0,5.0,Automobiles,CARE,October 2026,1,MEDIUM,INC rating hits ULTRA HOT threshold on 2026-10-13 — first call window,Get ahead of the Oct/Nov renewal rush; start ACER process now before CARE backlog builds
Instinct Infra & Power Ltd.,TIER 3 — Junior RM / Tele-sales,Aug Wk4 (Aug 24-31),10.0,0,4.0,Steel & Metals,CRISIL,October 2026,1,LOW,INC rating hits HOT threshold on 2026-10-06 — first call window,Get ahead of the Oct/Nov renewal rush; start ACER process now before CRISIL backlog builds
Jayajeya Agro Food Products Pvt. Ltd.,TIER 3 — Junior RM / Tele-sales,Aug Wk4 (Aug 24-31),10.0,0,5.0,Agro & Food,CRISIL,October 2026,1,LOW,INC rating hits HOT threshold on 2026-10-27 — first call window,Get ahead of the Oct/Nov renewal rush; start ACER process now before CRISIL backlog builds
K2 Metals Pvt. Ltd.,TIER 3 — Junior RM / Tele-sales,Aug Wk4 (Aug 24-31),10.0,0,3.0,Steel & Metals,ACUITE,Q2 2027,1,LOW (<90 days),"INC since Apr 2026 (72 days). MEDIUM by Oct 2026, HOT by Jan 2027, ULTRA HOT by Apr 2027.",Your Letter Of credit at ACUITE hits ULTRA HOT in Apr 2027. Start ACER process by Jan 2027 to be ahead of Q2 2027 renewal rush.
Kali Aerated Water Works Pvt. Ltd.,TIER 3 — Junior RM / Tele-sales,Aug Wk3 (Aug 17-21),10.0,0,5.0,Infrastructure,ICRA,October 2026,1,MEDIUM,INC rating hits ULTRA HOT threshold on 2026-10-17 — first call window,Get ahead of the Oct/Nov renewal rush; start ACER process now before ICRA backlog builds
Kerala State Electronics Devp. Corpn. Ltd.,TIER 3 — Junior RM / Tele-sales,Aug Wk4 (Aug 24-31),10.0,0,5.0,Other,IND-RA,Q2 2027,1,LOW (<90 days),"INC since Apr 2026 (87 days). MEDIUM by Oct 2026, HOT by Jan 2027, ULTRA HOT by Apr 2027.",Your Term loans at IND-RA hits ULTRA HOT in Apr 2027. Start ACER process by Jan 2027 to be ahead of Q2 2027 renewal rush.
Konkan Mango Processing (Ratnagiri) Pvt. Ltd.,TIER 3 — Junior RM / Tele-sales,Aug Wk3 (Aug 17-21),10.0,0,5.0,Other,BRICKWORK,October 2026,1,MEDIUM,INC rating hits ULTRA HOT threshold on 2026-10-28 — first call window,Get ahead of the Oct/Nov renewal rush; start ACER process now before BRICKWORK backlog builds
M S R Iron & Steel Inds. India Pvt. Ltd.,TIER 3 — Junior RM / Tele-sales,Aug Wk3 (Aug 17-21),10.0,0,5.0,Steel & Metals,CARE,October 2026,1,MEDIUM,INC rating hits ULTRA HOT threshold on 2026-11-10 — first call window,Get ahead of the Oct/Nov renewal rush; start ACER process now before CARE backlog builds
Mahalaxmi Associates Pvt. Ltd.,TIER 3 — Junior RM / Tele-sales,Aug Wk4 (Aug 24-31),10.0,0,3.0,Other,ICRA,October 2026,1,LOW,INC rating hits HOT threshold on 2026-11-22 — first call window,Get ahead of the Oct/Nov renewal rush; start ACER process now before ICRA backlog builds
Mark Infrastructure Pvt. Ltd.,TIER 3 — Junior RM / Tele-sales,Aug Wk3 (Aug 17-21),10.0,0,4.0,Construction,ACUITE,October 2026,1,MEDIUM,INC rating hits ULTRA HOT threshold on 2026-10-29 — first call window,Get ahead of the Oct/Nov renewal rush; start ACER process now before ACUITE backlog builds
Mentha & Allied Products Pvt. Ltd.,TIER 3 — Junior RM / Tele-sales,Aug Wk3 (Aug 17-21),10.0,0,3.0,Manufacturing,BRICKWORK,October 2026,1,MEDIUM,INC rating hits ULTRA HOT threshold on 2026-11-28 — first call window,Get ahead of the Oct/Nov renewal rush; start ACER process now before BRICKWORK backlog builds
Micron Precision Screws Pvt. Ltd.,TIER 3 — Junior RM / Tele-sales,Aug Wk4 (Aug 24-31),10.0,0,3.0,BFSI,BRICKWORK,Q1 2027,1,LOW/MEDIUM,INC rating hits ULTRA HOT on 2027-03-31 — prime Q1 2027 renewal target,Your Letter of Credit at BRICKWORK goes critical in Mar 2027. Start ACER process in Sep 2026 — before the Q1 rush.
Neelkamal Steels Pvt. Ltd.,TIER 3 — Junior RM / Tele-sales,Aug Wk4 (Aug 24-31),10.0,0,5.0,Steel & Metals,ICRA,October 2026,1,LOW,INC rating hits HOT threshold on 2026-10-17 — first call window,Get ahead of the Oct/Nov renewal rush; start ACER process now before ICRA backlog builds
Nirmitee Robotics India Ltd.,TIER 3 — Junior RM / Tele-sales,Aug Wk3 (Aug 17-21),10.0,0,5.0,Infrastructure,CRISIL,October 2026,1,MEDIUM,INC rating hits ULTRA HOT threshold on 2026-11-21 — first call window,Get ahead of the Oct/Nov renewal rush; start ACER process now before CRISIL backlog builds
North East Plantations & Commercial Pvt. Ltd.,TIER 3 — Junior RM / Tele-sales,Aug Wk3 (Aug 17-21),10.0,0,4.0,Manufacturing,BRICKWORK,October 2026,1,MEDIUM,INC rating hits ULTRA HOT threshold on 2026-11-26 — first call window,Get ahead of the Oct/Nov renewal rush; start ACER process now before BRICKWORK backlog builds
Oja Motors Dealer Pvt. Ltd.,TIER 3 — Junior RM / Tele-sales,Aug Wk4 (Aug 24-31),10.0,0,5.0,Automobiles,CRISIL,Q1 2027,1,LOW/MEDIUM,INC rating hits ULTRA HOT on 2027-03-27 — prime Q1 2027 renewal target,Your Fund-Based at CRISIL goes critical in Mar 2027. Start ACER process in Sep 2026 — before the Q1 rush.
Orchid Overseas Pvt. Ltd.,TIER 3 — Junior RM / Tele-sales,Aug Wk3 (Aug 17-21),10.0,0,5.0,Other,CRISIL,October 2026,1,MEDIUM,INC rating hits ULTRA HOT threshold on 2026-11-13 — first call window,Get ahead of the Oct/Nov renewal rush; start ACER process now before CRISIL backlog builds
Pratistha Engineering Ltd.,TIER 3 — Junior RM / Tele-sales,Aug Wk3 (Aug 17-21),10.0,0,4.0,Manufacturing,CRISIL,October 2026,1,MEDIUM,INC rating hits ULTRA HOT threshold on 2026-11-12 — first call window,Get ahead of the Oct/Nov renewal rush; start ACER process now before CRISIL backlog builds
Precious Tradelink Pvt. Ltd.,TIER 3 — Junior RM / Tele-sales,Aug Wk3 (Aug 17-21),10.0,0,5.0,Paper/Packaging,IND-RA,October 2026,1,MEDIUM,INC rating hits ULTRA HOT threshold on 2026-11-24 — first call window,Get ahead of the Oct/Nov renewal rush; start ACER process now before IND-RA backlog builds
Preet Brothers Ltd.,TIER 3 — Junior RM / Tele-sales,Aug Wk4 (Aug 24-31),10.0,0,4.0,Other,CRISIL,October 2026,1,LOW,INC rating hits HOT threshold on 2026-11-23 — first call window,Get ahead of the Oct/Nov renewal rush; start ACER process now before CRISIL backlog builds
Quarterfold Printabilities Pvt. Ltd.,TIER 3 — Junior RM / Tele-sales,Aug Wk4 (Aug 24-31),10.0,0,5.0,Paper/Packaging,ACUITE,Q2 2027,1,LOW (<90 days),"INC since Apr 2026 (87 days). MEDIUM by Oct 2026, HOT by Jan 2027, ULTRA HOT by Apr 2027.",Your Fund based financial facility/instrument at ACUITE hits ULTRA HOT in Apr 2027. Start ACER process by Jan 2027 to be ahead of Q2 2027 renewal rush.
R B A Textiles Pvt. Ltd.,TIER 3 — Junior RM / Tele-sales,Aug Wk4 (Aug 24-31),10.0,0,5.0,Construction,CRISIL,October 2026,1,LOW,INC rating hits HOT threshold on 2026-10-18 — first call window,Get ahead of the Oct/Nov renewal rush; start ACER process now before CRISIL backlog builds
R H Solvex Pvt. Ltd.,TIER 3 — Junior RM / Tele-sales,Aug Wk4 (Aug 24-31),10.0,0,5.0,Other,IND-RA,October 2026,1,LOW,INC rating hits HOT threshold on 2026-10-13 — first call window,Get ahead of the Oct/Nov renewal rush; start ACER process now before IND-RA backlog builds
R V Lifesciences Ltd.,TIER 3 — Junior RM / Tele-sales,Aug Wk3 (Aug 17-21),10.0,0,5.0,Other,CRISIL,October 2026,1,MEDIUM,INC rating hits ULTRA HOT threshold on 2026-10-06 — first call window,Get ahead of the Oct/Nov renewal rush; start ACER process now before CRISIL backlog builds
Radha Mohan Purshottam Das Jewels Pvt. Ltd.,TIER 3 — Junior RM / Tele-sales,Aug Wk3 (Aug 17-21),10.0,0,3.0,Jewellery/Gems,BRICKWORK,October 2026,1,MEDIUM,INC rating hits ULTRA HOT threshold on 2026-11-14 — first call window,Get ahead of the Oct/Nov renewal rush; start ACER process now before BRICKWORK backlog builds
Radheshyam Paper Mills Pvt. Ltd.,TIER 3 — Junior RM / Tele-sales,Aug Wk4 (Aug 24-31),10.0,0,3.0,Agro & Food,CRISIL,Q1 2027,1,LOW/MEDIUM,INC rating hits ULTRA HOT on 2027-03-30 — prime Q1 2027 renewal target,Your Letter of Credit at CRISIL goes critical in Mar 2027. Start ACER process in Sep 2026 — before the Q1 rush.
Rajendra Trucking Pvt. Ltd.,TIER 3 — Junior RM / Tele-sales,Aug Wk3 (Aug 17-21),10.0,0,5.0,Logistics,CARE,October 2026,1,MEDIUM,INC rating hits ULTRA HOT threshold on 2026-10-15 — first call window,Get ahead of the Oct/Nov renewal rush; start ACER process now before CARE backlog builds
Rashmi Sponge Iron & Power Inds. Pvt. Ltd.,TIER 3 — Junior RM / Tele-sales,Aug Wk3 (Aug 17-21),10.0,0,4.0,Steel & Metals,CARE,October 2026,1,MEDIUM,INC rating hits ULTRA HOT threshold on 2026-11-05 — first call window,Get ahead of the Oct/Nov renewal rush; start ACER process now before CARE backlog builds
Relan Motors Pvt. Ltd.,TIER 3 — Junior RM / Tele-sales,Aug Wk4 (Aug 24-31),10.0,0,5.0,Automobiles,CRISIL,October 2026,1,LOW,INC rating hits HOT threshold on 2026-11-24 — first call window,Get ahead of the Oct/Nov renewal rush; start ACER process now before CRISIL backlog builds
Sarda Bio Polymers Pvt. Ltd.,TIER 3 — Junior RM / Tele-sales,Aug Wk4 (Aug 24-31),10.0,0,5.0,Chemicals & Pharma,CRISIL,October 2026,1,LOW,INC rating hits HOT threshold on 2026-11-20 — first call window,Get ahead of the Oct/Nov renewal rush; start ACER process now before CRISIL backlog builds
Score Information Technologies Ltd. (2000),TIER 3 — Junior RM / Tele-sales,Aug Wk4 (Aug 24-31),10.0,0,5.0,IT/Technology,IND-RA,Q1 2027,1,LOW/MEDIUM,INC rating hits ULTRA HOT on 2027-03-10 — prime Q1 2027 renewal target,Your Fund-Based at IND-RA goes critical in Mar 2027. Start ACER process in Sep 2026 — before the Q1 rush.
Sudheer Timbers Pvt. Ltd.,TIER 3 — Junior RM / Tele-sales,Aug Wk4 (Aug 24-31),10.0,0,3.0,Other,CRISIL,October 2026,1,LOW,INC rating hits HOT threshold on 2026-10-27 — first call window,Get ahead of the Oct/Nov renewal rush; start ACER process now before CRISIL backlog builds
Sungwoo Stamping Pvt. Ltd.,TIER 3 — Junior RM / Tele-sales,Aug Wk3 (Aug 17-21),10.0,0,5.0,Other,ICRA,October 2026,1,MEDIUM,INC rating hits ULTRA HOT threshold on 2026-10-16 — first call window,Get ahead of the Oct/Nov renewal rush; start ACER process now before ICRA backlog builds
Sunprime Infratech Pvt. Ltd.,TIER 3 — Junior RM / Tele-sales,Aug Wk4 (Aug 24-31),10.0,0,5.0,Construction,CRISIL,October 2026,1,LOW,INC rating hits HOT threshold on 2026-10-24 — first call window,Get ahead of the Oct/Nov renewal rush; start ACER process now before CRISIL backlog builds
Swadeshi Textiles Pvt. Ltd.,TIER 3 — Junior RM / Tele-sales,Aug Wk4 (Aug 24-31),10.0,0,5.0,Textiles,IND-RA,Q2 2027,1,LOW (<90 days),"INC since Apr 2026 (87 days). MEDIUM by Oct 2026, HOT by Jan 2027, ULTRA HOT by Apr 2027.",Your Term loans at IND-RA hits ULTRA HOT in Apr 2027. Start ACER process by Jan 2027 to be ahead of Q2 2027 renewal rush.
Thota Coldcel Pvt. Ltd.,TIER 3 — Junior RM / Tele-sales,Aug Wk4 (Aug 24-31),10.0,0,4.0,Other,BRICKWORK,October 2026,1,LOW,INC rating hits HOT threshold on 2026-10-04 — first call window,Get ahead of the Oct/Nov renewal rush; start ACER process now before BRICKWORK backlog builds
Unify Texturisers Pvt. Ltd.,TIER 3 — Junior RM / Tele-sales,Aug Wk3 (Aug 17-21),10.0,0,4.0,Other,CRISIL,October 2026,1,MEDIUM,INC rating hits ULTRA HOT threshold on 2026-11-10 — first call window,Get ahead of the Oct/Nov renewal rush; start ACER process now before CRISIL backlog builds
Unimax Chemicals Pvt. Ltd.,TIER 3 — Junior RM / Tele-sales,Aug Wk4 (Aug 24-31),10.0,0,3.0,Chemicals & Pharma,CRISIL,October 2026,1,LOW,INC rating hits HOT threshold on 2026-11-06 — first call window,Get ahead of the Oct/Nov renewal rush; start ACER process now before CRISIL backlog builds
Unique Infra Engineers & Edifices Pvt. Ltd.,TIER 3 — Junior RM / Tele-sales,Aug Wk4 (Aug 24-31),10.0,0,5.0,Construction,CRISIL,October 2026,1,LOW,INC rating hits HOT threshold on 2026-11-25 — first call window,Get ahead of the Oct/Nov renewal rush; start ACER process now before CRISIL backlog builds
Universal Import Export & Hospitality Pvt. Ltd.,TIER 3 — Junior RM / Tele-sales,Aug Wk4 (Aug 24-31),10.0,0,3.0,Healthcare,BRICKWORK,October 2026,1,LOW,INC rating hits HOT threshold on 2026-10-06 — first call window,Get ahead of the Oct/Nov renewal rush; start ACER process now before BRICKWORK backlog builds
V S P Enterprises Pvt. Ltd.,TIER 3 — Junior RM / Tele-sales,Aug Wk3 (Aug 17-21),10.0,0,3.0,Other,ICRA,October 2026,1,MEDIUM,INC rating hits ULTRA HOT threshold on 2026-11-14 — first call window,Get ahead of the Oct/Nov renewal rush; start ACER process now before ICRA backlog builds
Vaishnaoi Infratech & Developers Pvt. Ltd.,TIER 3 — Junior RM / Tele-sales,Aug Wk3 (Aug 17-21),10.0,0,5.0,Construction,CRISIL,October 2026,1,MEDIUM,INC rating hits ULTRA HOT threshold on 2026-11-25 — first call window,Get ahead of the Oct/Nov renewal rush; start ACER process now before CRISIL backlog builds
Vardhman Plastochem Pvt. Ltd.,TIER 3 — Junior RM / Tele-sales,Aug Wk3 (Aug 17-21),10.0,0,5.0,Chemicals & Pharma,CRISIL,October 2026,1,MEDIUM,INC rating hits ULTRA HOT threshold on 2026-10-07 — first call window,Get ahead of the Oct/Nov renewal rush; start ACER process now before CRISIL backlog builds
Vareli Tecnac Pvt. Ltd.,TIER 3 — Junior RM / Tele-sales,Aug Wk3 (Aug 17-21),10.0,0,3.0,Other,ICRA,October 2026,1,MEDIUM,INC rating hits ULTRA HOT threshold on 2026-10-08 — first call window,Get ahead of the Oct/Nov renewal rush; start ACER process now before ICRA backlog builds
Veekayem Fashion & Apparels Ltd.,TIER 3 — Junior RM / Tele-sales,Aug Wk4 (Aug 24-31),10.0,0,3.0,Textiles,CRISIL,October 2026,1,LOW,INC rating hits HOT threshold on 2026-11-24 — first call window,Get ahead of the Oct/Nov renewal rush; start ACER process now before CRISIL backlog builds
Vishakha Plastic Pipes Pvt. Ltd.,TIER 3 — Junior RM / Tele-sales,Aug Wk4 (Aug 24-31),10.0,0,3.0,Chemicals & Pharma,BRICKWORK,Q1 2027,1,LOW/MEDIUM,INC rating hits ULTRA HOT on 2027-03-26 — prime Q1 2027 renewal target,Your Letter of Credit at BRICKWORK goes critical in Mar 2027. Start ACER process in Sep 2026 — before the Q1 rush.
Vruksha Microfin Pvt. Ltd.,TIER 3 — Junior RM / Tele-sales,Aug Wk4 (Aug 24-31),10.0,0,5.0,BFSI,CRISIL,Q1 2027,1,LOW/MEDIUM,INC rating hits ULTRA HOT on 2027-03-30 — prime Q1 2027 renewal target,Your Term Loan at CRISIL goes critical in Mar 2027. Start ACER process in Sep 2026 — before the Q1 rush.
Sakthi Accumulators Pvt. Ltd.,TIER 3 — Junior RM / Tele-sales,Aug Wk4 (Aug 24-31),9.99,0,5.0,Other,BRICKWORK,October 2026,1,LOW,INC rating hits HOT threshold on 2026-10-30 — first call window,Get ahead of the Oct/Nov renewal rush; start ACER process now before BRICKWORK backlog builds
Hibza Foods Pvt. Ltd.,TIER 3 — Junior RM / Tele-sales,Aug Wk4 (Aug 24-31),9.95,0,5.0,Agro & Food,CARE,October 2026,1,LOW,INC rating hits HOT threshold on 2026-11-27 — first call window,Get ahead of the Oct/Nov renewal rush; start ACER process now before CARE backlog builds
Cholan Tours Pvt. Ltd.,TIER 3 — Junior RM / Tele-sales,Aug Wk4 (Aug 24-31),9.92,0,5.0,Other,BRICKWORK,October 2026,1,LOW,INC rating hits HOT threshold on 2026-11-27 — first call window,Get ahead of the Oct/Nov renewal rush; start ACER process now before BRICKWORK backlog builds
Alcast Synergies Pvt. Ltd.,TIER 3 — Junior RM / Tele-sales,Aug Wk4 (Aug 24-31),9.9,0,5.0,Other,ACUITE,October 2026,1,LOW,INC rating hits HOT threshold on 2026-11-03 — first call window,Get ahead of the Oct/Nov renewal rush; start ACER process now before ACUITE backlog builds
Bhardwaj Construction Co. Pvt. Ltd.,TIER 3 — Junior RM / Tele-sales,Aug Wk4 (Aug 24-31),9.84,0,3.0,Construction,IND-RA,Q2 2027,1,LOW (<90 days),"INC since Apr 2026 (87 days). MEDIUM by Oct 2026, HOT by Jan 2027, ULTRA HOT by Apr 2027.",Your Non-fund-based financial facility/instrument at IND-RA hits ULTRA HOT in Apr 2027. Start ACER process by Jan 2027 to be ahead of Q2 2027 renewal rush.
Maa Joytara Rice Mill Pvt. Ltd.,TIER 3 — Junior RM / Tele-sales,Aug Wk3 (Aug 17-21),9.83,0,5.0,Agro & Food,CRISIL,October 2026,1,MEDIUM,INC rating hits ULTRA HOT threshold on 2026-10-20 — first call window,Get ahead of the Oct/Nov renewal rush; start ACER process now before CRISIL backlog builds
Melt-O-Therm Furnaces Private Limited,TIER 3 — Junior RM / Tele-sales,Aug Wk3 (Aug 17-21),9.82,0,5.0,Other,Infomerics,October 2026,1,MEDIUM,INC rating hits ULTRA HOT threshold on 2026-10-06 — first call window,Get ahead of the Oct/Nov renewal rush; start ACER process now before Infomerics backlog builds
Preet Tractors Pvt. Ltd.,TIER 3 — Junior RM / Tele-sales,Aug Wk4 (Aug 24-31),9.8,0,5.0,Other,BRICKWORK,Q1 2027,1,LOW/MEDIUM,INC rating hits ULTRA HOT on 2027-03-13 — prime Q1 2027 renewal target,Your Term Loan at BRICKWORK goes critical in Mar 2027. Start ACER process in Sep 2026 — before the Q1 rush.
Ramani Icecream Co. Ltd.,TIER 3 — Junior RM / Tele-sales,Aug Wk4 (Aug 24-31),9.77,0,5.0,Other,CARE,Q1 2027,1,LOW/MEDIUM,INC rating hits ULTRA HOT on 2027-01-02 — prime Q1 2027 renewal target,Your Term Loan at CARE goes critical in Jan 2027. Start ACER process in Sep 2026 — before the Q1 rush.
Singhal Power Presses Pvt. Ltd.,TIER 3 — Junior RM / Tele-sales,Aug Wk4 (Aug 24-31),9.73,0,5.0,Energy,CRISIL,Q1 2027,1,LOW/MEDIUM,INC rating hits ULTRA HOT on 2027-03-27 — prime Q1 2027 renewal target,Your Term Loan at CRISIL goes critical in Mar 2027. Start ACER process in Sep 2026 — before the Q1 rush.
J S K Corporation Pvt. Ltd.,TIER 3 — Junior RM / Tele-sales,Aug Wk4 (Aug 24-31),9.7,0,5.0,Other,IND-RA,Q2 2027,1,LOW (<90 days),"INC since Apr 2026 (87 days). MEDIUM by Oct 2026, HOT by Jan 2027, ULTRA HOT by Apr 2027.",Your Term loans at IND-RA hits ULTRA HOT in Apr 2027. Start ACER process by Jan 2027 to be ahead of Q2 2027 renewal rush.
New Bonanza India Ltd.,TIER 3 — Junior RM / Tele-sales,Aug Wk3 (Aug 17-21),9.69,0,5.0,Other,BRICKWORK,October 2026,1,MEDIUM,INC rating hits ULTRA HOT threshold on 2026-11-07 — first call window,Get ahead of the Oct/Nov renewal rush; start ACER process now before BRICKWORK backlog builds
Satkar Industries Pvt. Ltd.,TIER 3 — Junior RM / Tele-sales,Aug Wk4 (Aug 24-31),9.63,0,5.0,Manufacturing,IND-RA,October 2026,1,LOW,INC rating hits HOT threshold on 2026-10-13 — first call window,Get ahead of the Oct/Nov renewal rush; start ACER process now before IND-RA backlog builds
Vibrant Global Salt Pvt. Ltd.,TIER 3 — Junior RM / Tele-sales,Aug Wk4 (Aug 24-31),9.62,0,5.0,Other,CRISIL,October 2026,1,LOW,INC rating hits HOT threshold on 2026-10-09 — first call window,Get ahead of the Oct/Nov renewal rush; start ACER process now before CRISIL backlog builds
Bhagwati Techno Fab Pvt. Ltd.,TIER 3 — Junior RM / Tele-sales,Aug Wk4 (Aug 24-31),9.56,0,5.0,IT/Technology,BRICKWORK,October 2026,1,LOW,INC rating hits HOT threshold on 2026-10-24 — first call window,Get ahead of the Oct/Nov renewal rush; start ACER process now before BRICKWORK backlog builds
Rangpur Tea Association Ltd.,TIER 3 — Junior RM / Tele-sales,Aug Wk3 (Aug 17-21),9.55,0,5.0,Agro & Food,CRISIL,October 2026,1,MEDIUM,INC rating hits ULTRA HOT threshold on 2026-10-24 — first call window,Get ahead of the Oct/Nov renewal rush; start ACER process now before CRISIL backlog builds
B R Oil Inds. Pvt. Ltd.,TIER 3 — Junior RM / Tele-sales,Aug Wk4 (Aug 24-31),9.5,0,5.0,Energy,CARE,Q1 2027,1,LOW/MEDIUM,INC rating hits ULTRA HOT on 2027-03-09 — prime Q1 2027 renewal target,Your Term Loan at CARE goes critical in Mar 2027. Start ACER process in Sep 2026 — before the Q1 rush.
Gold Star Realtors Ltd.,TIER 3 — Junior RM / Tele-sales,Aug Wk4 (Aug 24-31),9.5,0,5.0,Construction,BRICKWORK,October 2026,1,LOW,INC rating hits HOT threshold on 2026-11-06 — first call window,Get ahead of the Oct/Nov renewal rush; start ACER process now before BRICKWORK backlog builds
Mangal Sponge & Steel Pvt. Ltd.,TIER 3 — Junior RM / Tele-sales,Aug Wk4 (Aug 24-31),9.5,0,5.0,Steel & Metals,ICRA,Q1 2027,1,LOW/MEDIUM,INC rating hits ULTRA HOT on 2027-03-20 — prime Q1 2027 renewal target,Your Term Loan at ICRA goes critical in Mar 2027. Start ACER process in Sep 2026 — before the Q1 rush.
Sagar Pulses Pvt. Ltd.,TIER 3 — Junior RM / Tele-sales,Aug Wk3 (Aug 17-21),9.5,0,5.0,Agro & Food,CRISIL,October 2026,1,MEDIUM,INC rating hits ULTRA HOT threshold on 2026-11-05 — first call window,Get ahead of the Oct/Nov renewal rush; start ACER process now before CRISIL backlog builds
Teknoflow Green Equipments Pvt. Ltd.,TIER 3 — Junior RM / Tele-sales,Aug Wk3 (Aug 17-21),9.5,0,5.0,Manufacturing,CRISIL,October 2026,1,MEDIUM,INC rating hits ULTRA HOT threshold on 2026-10-24 — first call window,Get ahead of the Oct/Nov renewal rush; start ACER process now before CRISIL backlog builds
West Well Iron & Steel Pvt. Ltd.,TIER 3 — Junior RM / Tele-sales,Aug Wk4 (Aug 24-31),9.5,0,5.0,Steel & Metals,CRISIL,October 2026,1,LOW,INC rating hits HOT threshold on 2026-11-25 — first call window,Get ahead of the Oct/Nov renewal rush; start ACER process now before CRISIL backlog builds
Manjira Machine Builders Pvt. Ltd.,TIER 3 — Junior RM / Tele-sales,Aug Wk4 (Aug 24-31),9.46,0,5.0,Construction,CRISIL,October 2026,1,LOW,INC rating hits HOT threshold on 2026-11-20 — first call window,Get ahead of the Oct/Nov renewal rush; start ACER process now before CRISIL backlog builds
P K Overseas Pvt. Ltd.,TIER 3 — Junior RM / Tele-sales,Aug Wk4 (Aug 24-31),9.4,0,5.0,Other,BRICKWORK,October 2026,1,LOW,INC rating hits HOT threshold on 2026-10-09 — first call window,Get ahead of the Oct/Nov renewal rush; start ACER process now before BRICKWORK backlog builds
Synergy Poly Additives Pvt. Ltd.,TIER 3 — Junior RM / Tele-sales,Aug Wk4 (Aug 24-31),9.4,0,3.0,Other,CRISIL,October 2026,1,LOW,INC rating hits HOT threshold on 2026-10-24 — first call window,Get ahead of the Oct/Nov renewal rush; start ACER process now before CRISIL backlog builds
Arnavi Green Building Materials Pvt. Ltd.,TIER 3 — Junior RM / Tele-sales,Aug Wk3 (Aug 17-21),9.33,0,5.0,Construction,CARE,October 2026,1,MEDIUM,INC rating hits ULTRA HOT threshold on 2026-11-05 — first call window,Get ahead of the Oct/Nov renewal rush; start ACER process now before CARE backlog builds
A S M Industries (India) Pvt. Ltd.,TIER 3 — Junior RM / Tele-sales,Aug Wk3 (Aug 17-21),9.24,0,5.0,Manufacturing,ACUITE,October 2026,1,MEDIUM,INC rating hits ULTRA HOT threshold on 2026-10-22 — first call window,Get ahead of the Oct/Nov renewal rush; start ACER process now before ACUITE backlog builds
A V K Ispat Pvt. Ltd.,TIER 3 — Junior RM / Tele-sales,Aug Wk4 (Aug 24-31),9.22,0,5.0,Other,CRISIL,October 2026,1,LOW,INC rating hits HOT threshold on 2026-11-17 — first call window,Get ahead of the Oct/Nov renewal rush; start ACER process now before CRISIL backlog builds
Herman Properties Pvt. Ltd.,TIER 3 — Junior RM / Tele-sales,Aug Wk4 (Aug 24-31),9.2,0,4.0,Other,BRICKWORK,October 2026,1,LOW,INC rating hits HOT threshold on 2026-10-30 — first call window,Get ahead of the Oct/Nov renewal rush; start ACER process now before BRICKWORK backlog builds
Marya Frozen Agro Food Products Pvt. Ltd.,TIER 3 — Junior RM / Tele-sales,Aug Wk3 (Aug 17-21),9.18,0,5.0,Agro & Food,BRICKWORK,October 2026,1,MEDIUM,INC rating hits ULTRA HOT threshold on 2026-11-12 — first call window,Get ahead of the Oct/Nov renewal rush; start ACER process now before BRICKWORK backlog builds
Sterling Craft Paper Mill Pvt. Ltd.,TIER 3 — Junior RM / Tele-sales,Aug Wk3 (Aug 17-21),9.18,0,5.0,Paper/Packaging,BRICKWORK,October 2026,1,MEDIUM,INC rating hits ULTRA HOT threshold on 2026-11-07 — first call window,Get ahead of the Oct/Nov renewal rush; start ACER process now before BRICKWORK backlog builds
Fusion Granito Pvt. Ltd.,TIER 3 — Junior RM / Tele-sales,Aug Wk4 (Aug 24-31),9.16,0,5.0,Other,CRISIL,Q1 2027,1,LOW/MEDIUM,INC rating hits ULTRA HOT on 2027-03-13 — prime Q1 2027 renewal target,Your Term Loan at CRISIL goes critical in Mar 2027. Start ACER process in Sep 2026 — before the Q1 rush.
Srikar Laboratories Pvt. Ltd.,TIER 3 — Junior RM / Tele-sales,Aug Wk4 (Aug 24-31),9.06,0,5.0,Other,IND-RA,Q2 2027,1,LOW (<90 days),"INC since Apr 2026 (87 days). MEDIUM by Oct 2026, HOT by Jan 2027, ULTRA HOT by Apr 2027.",Your Term loans at IND-RA hits ULTRA HOT in Apr 2027. Start ACER process by Jan 2027 to be ahead of Q2 2027 renewal rush.
Akrati Technimont Ltd.,TIER 3 — Junior RM / Tele-sales,Aug Wk4 (Aug 24-31),9.0,0,4.0,IT/Technology,BRICKWORK,October 2026,1,LOW,INC rating hits HOT threshold on 2026-11-06 — first call window,Get ahead of the Oct/Nov renewal rush; start ACER process now before BRICKWORK backlog builds
Beekay Distributors Pvt. Ltd.,TIER 3 — Junior RM / Tele-sales,Aug Wk4 (Aug 24-31),9.0,0,4.0,Trading/Exports,CRISIL,October 2026,1,LOW,INC rating hits HOT threshold on 2026-10-27 — first call window,Get ahead of the Oct/Nov renewal rush; start ACER process now before CRISIL backlog builds
Blow Packaging (India) Pvt. Ltd.,TIER 3 — Junior RM / Tele-sales,Aug Wk4 (Aug 24-31),9.0,0,3.0,Paper/Packaging,ACUITE,Q1 2027,1,LOW/MEDIUM,INC rating hits ULTRA HOT on 2027-03-30 — prime Q1 2027 renewal target,Your Letter of Credit at ACUITE goes critical in Mar 2027. Start ACER process in Sep 2026 — before the Q1 rush.
Dayal Seeds Pvt. Ltd.,TIER 3 — Junior RM / Tele-sales,Aug Wk4 (Aug 24-31),9.0,0,5.0,Agro & Food,CRISIL,October 2026,1,LOW,INC rating hits HOT threshold on 2026-10-03 — first call window,Get ahead of the Oct/Nov renewal rush; start ACER process now before CRISIL backlog builds
Florind Shoes Pvt. Ltd.,TIER 3 — Junior RM / Tele-sales,Aug Wk4 (Aug 24-31),9.0,0,3.0,Other,ACUITE,Q2 2027,1,LOW (<90 days),"INC since Apr 2026 (80 days). MEDIUM by Oct 2026, HOT by Jan 2027, ULTRA HOT by Apr 2027.",Your Letter Of credit at ACUITE hits ULTRA HOT in Apr 2027. Start ACER process by Jan 2027 to be ahead of Q2 2027 renewal rush.
G M Dalui & Sons Pvt. Ltd.,TIER 3 — Junior RM / Tele-sales,Aug Wk3 (Aug 17-21),9.0,0,4.0,Agro & Food,CRISIL,October 2026,1,MEDIUM,INC rating hits ULTRA HOT threshold on 2026-11-12 — first call window,Get ahead of the Oct/Nov renewal rush; start ACER process now before CRISIL backlog builds
Jai Shri Balaji Infracon Pvt. Ltd.,TIER 3 — Junior RM / Tele-sales,Aug Wk4 (Aug 24-31),9.0,0,5.0,Construction,CARE,October 2026,1,LOW,INC rating hits HOT threshold on 2026-10-06 — first call window,Get ahead of the Oct/Nov renewal rush; start ACER process now before CARE backlog builds
Lindsay International Pvt. Ltd.,TIER 3 — Junior RM / Tele-sales,Aug Wk4 (Aug 24-31),9.0,0,3.0,Other,CRISIL,Q1 2027,1,LOW/MEDIUM,INC rating hits ULTRA HOT on 2027-03-17 — prime Q1 2027 renewal target,Your Letter of Credit at CRISIL goes critical in Mar 2027. Start ACER process in Sep 2026 — before the Q1 rush.
Neptune Systems Pvt. Ltd.,TIER 3 — Junior RM / Tele-sales,Aug Wk4 (Aug 24-31),9.0,0,4.0,Other,CRISIL,October 2026,1,LOW,INC rating hits HOT threshold on 2026-11-23 — first call window,Get ahead of the Oct/Nov renewal rush; start ACER process now before CRISIL backlog builds
Ram'S Assorted Cold Storage Ltd.,TIER 3 — Junior RM / Tele-sales,Aug Wk4 (Aug 24-31),9.0,0,5.0,Other,CRISIL,Q2 2027,1,LOW (<90 days),"INC since Apr 2026 (79 days). MEDIUM by Oct 2026, HOT by Jan 2027, ULTRA HOT by Apr 2027.",Your Long term Loans at CRISIL hits ULTRA HOT in Apr 2027. Start ACER process by Jan 2027 to be ahead of Q2 2027 renewal rush.
Rani Sati Agro Food Pvt. Ltd.,TIER 3 — Junior RM / Tele-sales,Aug Wk3 (Aug 17-21),9.0,0,4.0,Agro & Food,CARE,October 2026,1,MEDIUM,INC rating hits ULTRA HOT threshold on 2026-11-24 — first call window,Get ahead of the Oct/Nov renewal rush; start ACER process now before CARE backlog builds
Roots Cooling Systems Pvt. Ltd.,TIER 3 — Junior RM / Tele-sales,Aug Wk3 (Aug 17-21),9.0,0,4.0,Other,CRISIL,October 2026,1,MEDIUM,INC rating hits ULTRA HOT threshold on 2026-11-05 — first call window,Get ahead of the Oct/Nov renewal rush; start ACER process now before CRISIL backlog builds
Salasaar Iron & Steels Pvt. Ltd.,TIER 3 — Junior RM / Tele-sales,Aug Wk4 (Aug 24-31),9.0,0,5.0,Steel & Metals,CRISIL,October 2026,1,LOW,INC rating hits HOT threshold on 2026-10-28 — first call window,Get ahead of the Oct/Nov renewal rush; start ACER process now before CRISIL backlog builds
Shree Vardhaman Power Pvt. Ltd.,TIER 3 — Junior RM / Tele-sales,Aug Wk4 (Aug 24-31),9.0,0,4.0,Energy,BRICKWORK,Q1 2027,1,LOW/MEDIUM,INC rating hits ULTRA HOT on 2027-03-12 — prime Q1 2027 renewal target,Your Bank Guarantee at BRICKWORK goes critical in Mar 2027. Start ACER process in Sep 2026 — before the Q1 rush.
Shreejee Sarees Pvt. Ltd.,TIER 3 — Junior RM / Tele-sales,Aug Wk4 (Aug 24-31),9.0,0,5.0,Other,IND-RA,Q2 2027,1,LOW (<90 days),"INC since Apr 2026 (87 days). MEDIUM by Oct 2026, HOT by Jan 2027, ULTRA HOT by Apr 2027.",Your Term loans at IND-RA hits ULTRA HOT in Apr 2027. Start ACER process by Jan 2027 to be ahead of Q2 2027 renewal rush.
Shri Shivjot Developers & Builders Ltd.,TIER 3 — Junior RM / Tele-sales,Aug Wk4 (Aug 24-31),9.0,0,5.0,Construction,CRISIL,October 2026,1,LOW,INC rating hits HOT threshold on 2026-10-24 — first call window,Get ahead of the Oct/Nov renewal rush; start ACER process now before CRISIL backlog builds
Shyamsunder Grain Products Pvt. Ltd.,TIER 3 — Junior RM / Tele-sales,Aug Wk3 (Aug 17-21),9.0,0,5.0,Agro & Food,CARE,October 2026,1,MEDIUM,INC rating hits ULTRA HOT threshold on 2026-10-15 — first call window,Get ahead of the Oct/Nov renewal rush; start ACER process now before CARE backlog builds
Smart Login Solutions Pvt. Ltd.,TIER 3 — Junior RM / Tele-sales,Aug Wk4 (Aug 24-31),9.0,0,3.0,Other,CRISIL,Q1 2027,1,LOW/MEDIUM,INC rating hits ULTRA HOT on 2027-03-27 — prime Q1 2027 renewal target,Your Letter of Credit at CRISIL goes critical in Mar 2027. Start ACER process in Sep 2026 — before the Q1 rush.
Tranztar Commercial Vehicle Applications Ltd.,TIER 3 — Junior RM / Tele-sales,Aug Wk4 (Aug 24-31),9.0,0,4.0,IT/Technology,BRICKWORK,October 2026,1,LOW,INC rating hits HOT threshold on 2026-10-31 — first call window,Get ahead of the Oct/Nov renewal rush; start ACER process now before BRICKWORK backlog builds
Uma Converter Ltd.,TIER 3 — Junior RM / Tele-sales,Aug Wk3 (Aug 17-21),9.0,0,5.0,Other,CRISIL,October 2026,1,MEDIUM,INC rating hits ULTRA HOT threshold on 2026-11-27 — first call window,Get ahead of the Oct/Nov renewal rush; start ACER process now before CRISIL backlog builds
Vallabh Steels Ltd.,TIER 3 — Junior RM / Tele-sales,Aug Wk4 (Aug 24-31),9.0,0,5.0,Steel & Metals,ACUITE,Q2 2027,1,LOW (<90 days),"INC since Apr 2026 (66 days). MEDIUM by Oct 2026, HOT by Jan 2027, ULTRA HOT by Apr 2027.",Your Long term Loans at ACUITE hits ULTRA HOT in Apr 2027. Start ACER process by Jan 2027 to be ahead of Q2 2027 renewal rush.
Rani Aqua Feeds Pvt. Ltd.,TIER 3 — Junior RM / Tele-sales,Aug Wk3 (Aug 17-21),8.9,0,5.0,Other,CARE,October 2026,1,MEDIUM,INC rating hits ULTRA HOT threshold on 2026-11-10 — first call window,Get ahead of the Oct/Nov renewal rush; start ACER process now before CARE backlog builds
Gartech Equipments Pvt. Ltd.,TIER 3 — Junior RM / Tele-sales,Aug Wk3 (Aug 17-21),8.89,0,5.0,Manufacturing,CRISIL,October 2026,1,MEDIUM,INC rating hits ULTRA HOT threshold on 2026-10-29 — first call window,Get ahead of the Oct/Nov renewal rush; start ACER process now before CRISIL backlog builds
P N P Engineering Works Pvt. Ltd.,TIER 3 — Junior RM / Tele-sales,Aug Wk4 (Aug 24-31),8.87,0,5.0,Manufacturing,CRISIL,October 2026,1,LOW,INC rating hits HOT threshold on 2026-11-23 — first call window,Get ahead of the Oct/Nov renewal rush; start ACER process now before CRISIL backlog builds
Passavant Energy & Environment India Pvt. Ltd.,TIER 3 — Junior RM / Tele-sales,Aug Wk3 (Aug 17-21),8.83,0,4.0,Steel & Metals,CRISIL,October 2026,1,MEDIUM,INC rating hits ULTRA HOT threshold on 2026-11-12 — first call window,Get ahead of the Oct/Nov renewal rush; start ACER process now before CRISIL backlog builds
Universal Infra Pvt. Ltd.,TIER 3 — Junior RM / Tele-sales,Aug Wk4 (Aug 24-31),8.83,0,5.0,Construction,CARE,October 2026,1,LOW,INC rating hits HOT threshold on 2026-11-20 — first call window,Get ahead of the Oct/Nov renewal rush; start ACER process now before CARE backlog builds
Vrijesh Natural Fibre & Fabrics (India) Pvt. Ltd.,TIER 3 — Junior RM / Tele-sales,Aug Wk4 (Aug 24-31),8.82,0,5.0,Textiles,ACUITE,October 2026,1,LOW,INC rating hits HOT threshold on 2026-11-03 — first call window,Get ahead of the Oct/Nov renewal rush; start ACER process now before ACUITE backlog builds
C B C Fashions (Asia) Pvt. Ltd.,TIER 3 — Junior RM / Tele-sales,Aug Wk4 (Aug 24-31),8.81,0,5.0,Other,BRICKWORK,Q2 2027,1,LOW (<90 days),"INC since Apr 2026 (82 days). MEDIUM by Oct 2026, HOT by Jan 2027, ULTRA HOT by Apr 2027.",Your Term loans at BRICKWORK hits ULTRA HOT in Apr 2027. Start ACER process by Jan 2027 to be ahead of Q2 2027 renewal rush.
Nivia Synthetics Pvt. Ltd.,TIER 3 — Junior RM / Tele-sales,Aug Wk4 (Aug 24-31),8.77,0,5.0,Other,BRICKWORK,October 2026,1,LOW,INC rating hits HOT threshold on 2026-11-27 — first call window,Get ahead of the Oct/Nov renewal rush; start ACER process now before BRICKWORK backlog builds
Hindustan Sales Pvt. Ltd.,TIER 3 — Junior RM / Tele-sales,Aug Wk4 (Aug 24-31),8.76,0,5.0,Other,CRISIL,October 2026,1,LOW,INC rating hits HOT threshold on 2026-10-24 — first call window,Get ahead of the Oct/Nov renewal rush; start ACER process now before CRISIL backlog builds
Nilachal Carbo Metalicks Ltd.,TIER 3 — Junior RM / Tele-sales,Aug Wk3 (Aug 17-21),8.75,0,3.0,Steel & Metals,CARE,October 2026,1,MEDIUM,INC rating hits ULTRA HOT threshold on 2026-11-18 — first call window,Get ahead of the Oct/Nov renewal rush; start ACER process now before CARE backlog builds
Trivedi Corp Pvt. Ltd.,TIER 3 — Junior RM / Tele-sales,Aug Wk4 (Aug 24-31),8.74,0,5.0,Other,BRICKWORK,Q1 2027,1,LOW/MEDIUM,INC rating hits ULTRA HOT on 2027-03-06 — prime Q1 2027 renewal target,Your Term Loan at BRICKWORK goes critical in Mar 2027. Start ACER process in Sep 2026 — before the Q1 rush.
Jai Ambey Wire Pvt. Ltd.,TIER 3 — Junior RM / Tele-sales,Aug Wk4 (Aug 24-31),8.7,0,5.0,Steel & Metals,CRISIL,October 2026,1,LOW,INC rating hits HOT threshold on 2026-11-22 — first call window,Get ahead of the Oct/Nov renewal rush; start ACER process now before CRISIL backlog builds
Kanj Products Pvt. Ltd.,TIER 3 — Junior RM / Tele-sales,Aug Wk4 (Aug 24-31),8.7,0,5.0,Manufacturing,CRISIL,October 2026,1,LOW,INC rating hits HOT threshold on 2026-10-18 — first call window,Get ahead of the Oct/Nov renewal rush; start ACER process now before CRISIL backlog builds
Hanumant Sugars Pvt. Ltd.,TIER 3 — Junior RM / Tele-sales,Aug Wk4 (Aug 24-31),8.68,0,5.0,Agro & Food,CRISIL,October 2026,1,LOW,INC rating hits HOT threshold on 2026-10-16 — first call window,Get ahead of the Oct/Nov renewal rush; start ACER process now before CRISIL backlog builds
Sun Polytex Pvt. Ltd.,TIER 3 — Junior RM / Tele-sales,Aug Wk3 (Aug 17-21),8.58,0,5.0,Other,ACUITE,October 2026,1,MEDIUM,INC rating hits ULTRA HOT threshold on 2026-11-17 — first call window,Get ahead of the Oct/Nov renewal rush; start ACER process now before ACUITE backlog builds
Agrawal Channel Mills Pvt. Ltd.,TIER 3 — Junior RM / Tele-sales,Aug Wk4 (Aug 24-31),8.55,0,5.0,Other,CARE,October 2026,1,LOW,INC rating hits HOT threshold on 2026-10-20 — first call window,Get ahead of the Oct/Nov renewal rush; start ACER process now before CARE backlog builds
Montage Promoters Pvt. Ltd.,TIER 3 — Junior RM / Tele-sales,Aug Wk4 (Aug 24-31),8.55,0,5.0,Other,CRISIL,Q2 2027,1,LOW (<90 days),"INC since Apr 2026 (66 days). MEDIUM by Oct 2026, HOT by Jan 2027, ULTRA HOT by Apr 2027.",Your Long term Loans at CRISIL hits ULTRA HOT in Apr 2027. Start ACER process by Jan 2027 to be ahead of Q2 2027 renewal rush.
Add Technologies (India) Ltd.,TIER 3 — Junior RM / Tele-sales,Aug Wk3 (Aug 17-21),8.5,0,4.0,IT/Technology,ACUITE,October 2026,1,MEDIUM,INC rating hits ULTRA HOT threshold on 2026-11-05 — first call window,Get ahead of the Oct/Nov renewal rush; start ACER process now before ACUITE backlog builds
Agarwal & Associates Impex Pvt. Ltd.,TIER 3 — Junior RM / Tele-sales,Aug Wk3 (Aug 17-21),8.5,0,3.0,Other,CRISIL,October 2026,1,MEDIUM,INC rating hits ULTRA HOT threshold on 2026-10-17 — first call window,Get ahead of the Oct/Nov renewal rush; start ACER process now before CRISIL backlog builds
Concord Drugs Ltd.,TIER 3 — Junior RM / Tele-sales,Aug Wk3 (Aug 17-21),8.5,0,5.0,Chemicals & Pharma,CRISIL,October 2026,1,MEDIUM,INC rating hits ULTRA HOT threshold on 2026-11-21 — first call window,Get ahead of the Oct/Nov renewal rush; start ACER process now before CRISIL backlog builds
Enkay (India) Rubber Co. Pvt. Ltd.,TIER 3 — Junior RM / Tele-sales,Aug Wk3 (Aug 17-21),8.5,0,5.0,Chemicals & Pharma,CRISIL,October 2026,1,MEDIUM,INC rating hits ULTRA HOT threshold on 2026-10-08 — first call window,Get ahead of the Oct/Nov renewal rush; start ACER process now before CRISIL backlog builds
K P N Textile Mills Pvt. Ltd.,TIER 3 — Junior RM / Tele-sales,Aug Wk4 (Aug 24-31),8.5,0,5.0,Textiles,CRISIL,October 2026,1,LOW,INC rating hits HOT threshold on 2026-10-18 — first call window,Get ahead of the Oct/Nov renewal rush; start ACER process now before CRISIL backlog builds
Mangla Amit Builders Pvt. Ltd.,TIER 3 — Junior RM / Tele-sales,Aug Wk4 (Aug 24-31),8.5,0,4.0,Construction,CRISIL,October 2026,1,LOW,INC rating hits HOT threshold on 2026-11-20 — first call window,Get ahead of the Oct/Nov renewal rush; start ACER process now before CRISIL backlog builds
Medicare Spryness (I) Pvt. Ltd.,TIER 3 — Junior RM / Tele-sales,Aug Wk4 (Aug 24-31),8.5,0,4.0,Automobiles,CRISIL,October 2026,1,LOW,INC rating hits HOT threshold on 2026-10-28 — first call window,Get ahead of the Oct/Nov renewal rush; start ACER process now before CRISIL backlog builds
Narmada Cars Pvt. Ltd.,TIER 3 — Junior RM / Tele-sales,Aug Wk4 (Aug 24-31),8.5,0,5.0,Other,CRISIL,Q1 2027,1,LOW/MEDIUM,INC rating hits ULTRA HOT on 2027-03-30 — prime Q1 2027 renewal target,Your Term Loan at CRISIL goes critical in Mar 2027. Start ACER process in Sep 2026 — before the Q1 rush.
R S Yarns & Power Pvt. Ltd.,TIER 3 — Junior RM / Tele-sales,Aug Wk3 (Aug 17-21),8.5,0,4.0,Textiles,CRISIL,October 2026,1,MEDIUM,INC rating hits ULTRA HOT threshold on 2026-10-14 — first call window,Get ahead of the Oct/Nov renewal rush; start ACER process now before CRISIL backlog builds
Seemanchal Motors Pvt. Ltd.,TIER 3 — Junior RM / Tele-sales,Aug Wk4 (Aug 24-31),8.5,0,5.0,Other,ACUITE,Q1 2027,1,LOW/MEDIUM,INC rating hits ULTRA HOT on 2027-03-25 — prime Q1 2027 renewal target,Your Fund-Based at ACUITE goes critical in Mar 2027. Start ACER process in Sep 2026 — before the Q1 rush.
Shubhang Oils Pvt. Ltd.,TIER 3 — Junior RM / Tele-sales,Aug Wk4 (Aug 24-31),8.5,0,5.0,Agro & Food,IND-RA,Q2 2027,1,LOW (<90 days),"INC since Apr 2026 (87 days). MEDIUM by Oct 2026, HOT by Jan 2027, ULTRA HOT by Apr 2027.",Your Term loans at IND-RA hits ULTRA HOT in Apr 2027. Start ACER process by Jan 2027 to be ahead of Q2 2027 renewal rush.
Slogans Fibc Pvt. Ltd.,TIER 3 — Junior RM / Tele-sales,Aug Wk4 (Aug 24-31),8.5,0,5.0,Other,CRISIL,October 2026,1,LOW,INC rating hits HOT threshold on 2026-10-02 — first call window,Get ahead of the Oct/Nov renewal rush; start ACER process now before CRISIL backlog builds
Anlon Healthcare Ltd.,TIER 3 — Junior RM / Tele-sales,Aug Wk3 (Aug 17-21),8.47,0,5.0,Healthcare,BRICKWORK,October 2026,1,MEDIUM,INC rating hits ULTRA HOT threshold on 2026-11-20 — first call window,Get ahead of the Oct/Nov renewal rush; start ACER process now before BRICKWORK backlog builds
Sampark Industries Ltd.,TIER 3 — Junior RM / Tele-sales,Aug Wk3 (Aug 17-21),8.47,0,5.0,Manufacturing,CRISIL,October 2026,1,MEDIUM,INC rating hits ULTRA HOT threshold on 2026-10-17 — first call window,Get ahead of the Oct/Nov renewal rush; start ACER process now before CRISIL backlog builds
S J S Agro Inds. Pvt. Ltd.,TIER 3 — Junior RM / Tele-sales,Aug Wk3 (Aug 17-21),8.4,0,5.0,Agro & Food,CARE,October 2026,1,MEDIUM,INC rating hits ULTRA HOT threshold on 2026-10-31 — first call window,Get ahead of the Oct/Nov renewal rush; start ACER process now before CARE backlog builds
Rana Steels India Pvt. Ltd.,TIER 3 — Junior RM / Tele-sales,Aug Wk3 (Aug 17-21),8.35,0,5.0,Steel & Metals,BRICKWORK,October 2026,1,MEDIUM,INC rating hits ULTRA HOT threshold on 2026-10-07 — first call window,Get ahead of the Oct/Nov renewal rush; start ACER process now before BRICKWORK backlog builds
Ferromet Steels Pvt. Ltd.,TIER 3 — Junior RM / Tele-sales,Aug Wk4 (Aug 24-31),8.3,0,5.0,Steel & Metals,ACUITE,Q2 2027,1,LOW (<90 days),"INC since Apr 2026 (76 days). MEDIUM by Oct 2026, HOT by Jan 2027, ULTRA HOT by Apr 2027.",Your Term loans at ACUITE hits ULTRA HOT in Apr 2027. Start ACER process by Jan 2027 to be ahead of Q2 2027 renewal rush.
N R Colours Ltd.,TIER 3 — Junior RM / Tele-sales,Aug Wk3 (Aug 17-21),8.27,0,3.0,Other,ACUITE,October 2026,1,MEDIUM,INC rating hits ULTRA HOT threshold on 2026-11-14 — first call window,Get ahead of the Oct/Nov renewal rush; start ACER process now before ACUITE backlog builds
Adora Products Pvt. Ltd.,TIER 3 — Junior RM / Tele-sales,Aug Wk3 (Aug 17-21),8.25,0,5.0,Manufacturing,CRISIL,October 2026,1,MEDIUM,INC rating hits ULTRA HOT threshold on 2026-10-14 — first call window,Get ahead of the Oct/Nov renewal rush; start ACER process now before CRISIL backlog builds
Greateastern Udyog Pvt. Ltd.,TIER 3 — Junior RM / Tele-sales,Aug Wk3 (Aug 17-21),8.2,0,5.0,Agro & Food,CRISIL,October 2026,1,MEDIUM,INC rating hits ULTRA HOT threshold on 2026-11-14 — first call window,Get ahead of the Oct/Nov renewal rush; start ACER process now before CRISIL backlog builds
Limson Engineering Pvt. Ltd.,TIER 3 — Junior RM / Tele-sales,Aug Wk4 (Aug 24-31),8.2,0,3.0,Manufacturing,CRISIL,October 2026,1,LOW,INC rating hits HOT threshold on 2026-10-27 — first call window,Get ahead of the Oct/Nov renewal rush; start ACER process now before CRISIL backlog builds
National Plasto Products Pvt. Ltd.,TIER 3 — Junior RM / Tele-sales,Aug Wk4 (Aug 24-31),8.2,0,5.0,Manufacturing,CRISIL,October 2026,1,LOW,INC rating hits HOT threshold on 2026-10-20 — first call window,Get ahead of the Oct/Nov renewal rush; start ACER process now before CRISIL backlog builds
Nirmala Polyropes India Pvt. Ltd.,TIER 3 — Junior RM / Tele-sales,Aug Wk4 (Aug 24-31),8.2,0,5.0,Other,ACUITE,October 2026,1,LOW,INC rating hits HOT threshold on 2026-10-19 — first call window,Get ahead of the Oct/Nov renewal rush; start ACER process now before ACUITE backlog builds
Xpertpack Transport Packaging Pvt. Ltd.,TIER 3 — Junior RM / Tele-sales,Aug Wk4 (Aug 24-31),8.15,0,5.0,Logistics,CRISIL,October 2026,1,LOW,INC rating hits HOT threshold on 2026-11-25 — first call window,Get ahead of the Oct/Nov renewal rush; start ACER process now before CRISIL backlog builds
Shell Apparels Pvt. Ltd.,TIER 3 — Junior RM / Tele-sales,Aug Wk4 (Aug 24-31),8.14,0,5.0,Textiles,ICRA,Q1 2027,1,LOW/MEDIUM,INC rating hits ULTRA HOT on 2026-12-30 — prime Q1 2027 renewal target,Your Term Loan at ICRA goes critical in Dec 2026. Start ACER process in Sep 2026 — before the Q1 rush.
Sheenlac Paints Ltd.,TIER 3 — Junior RM / Tele-sales,Aug Wk4 (Aug 24-31),8.13,0,5.0,Other,BRICKWORK,Q1 2027,1,LOW/MEDIUM,INC rating hits ULTRA HOT on 2027-03-12 — prime Q1 2027 renewal target,Your Term Loan at BRICKWORK goes critical in Mar 2027. Start ACER process in Sep 2026 — before the Q1 rush.
Waryam Steel Castings Pvt. Ltd.,TIER 3 — Junior RM / Tele-sales,Aug Wk4 (Aug 24-31),8.1,0,3.0,Steel & Metals,CRISIL,October 2026,1,LOW,INC rating hits HOT threshold on 2026-11-22 — first call window,Get ahead of the Oct/Nov renewal rush; start ACER process now before CRISIL backlog builds
D & M Cables Pvt. Ltd.,TIER 3 — Junior RM / Tele-sales,Aug Wk3 (Aug 17-21),8.05,0,5.0,Infrastructure,CARE,October 2026,1,MEDIUM,INC rating hits ULTRA HOT threshold on 2026-10-16 — first call window,Get ahead of the Oct/Nov renewal rush; start ACER process now before CARE backlog builds
Unity Care & Health Services Pvt. Ltd.,TIER 3 — Junior RM / Tele-sales,Aug Wk4 (Aug 24-31),8.05,0,5.0,Healthcare,ICRA,October 2026,1,LOW,INC rating hits HOT threshold on 2026-10-27 — first call window,Get ahead of the Oct/Nov renewal rush; start ACER process now before ICRA backlog builds
Action Batteries Pvt. Ltd.,TIER 3 — Junior RM / Tele-sales,Aug Wk4 (Aug 24-31),8.0,0,3.0,Other,BRICKWORK,October 2026,1,LOW,INC rating hits HOT threshold on 2026-11-22 — first call window,Get ahead of the Oct/Nov renewal rush; start ACER process now before BRICKWORK backlog builds
Agency House (A & N Islands) Pvt. Ltd.,TIER 3 — Junior RM / Tele-sales,Aug Wk4 (Aug 24-31),8.0,0,5.0,Other,CRISIL,Q1 2027,1,LOW/MEDIUM,INC rating hits ULTRA HOT on 2027-03-12 — prime Q1 2027 renewal target,Your Fund-Based at CRISIL goes critical in Mar 2027. Start ACER process in Sep 2026 — before the Q1 rush.
Animesh Ispat Pvt. Ltd.,TIER 3 — Junior RM / Tele-sales,Aug Wk3 (Aug 17-21),8.0,0,5.0,Other,ACUITE,October 2026,1,MEDIUM,INC rating hits ULTRA HOT threshold on 2026-11-21 — first call window,Get ahead of the Oct/Nov renewal rush; start ACER process now before ACUITE backlog builds
Aqua-Tech Solutions Pvt. Ltd.,TIER 3 — Junior RM / Tele-sales,Aug Wk4 (Aug 24-31),8.0,0,4.0,IT/Technology,BRICKWORK,October 2026,1,LOW,INC rating hits HOT threshold on 2026-10-04 — first call window,Get ahead of the Oct/Nov renewal rush; start ACER process now before BRICKWORK backlog builds
Baderwals Projects Pvt. Ltd.,TIER 3 — Junior RM / Tele-sales,Aug Wk3 (Aug 17-21),8.0,0,4.0,Construction,CRISIL,October 2026,1,MEDIUM,INC rating hits ULTRA HOT threshold on 2026-11-19 — first call window,Get ahead of the Oct/Nov renewal rush; start ACER process now before CRISIL backlog builds
Balaji Acqua & Agro Products Pvt. Ltd.,TIER 3 — Junior RM / Tele-sales,Aug Wk3 (Aug 17-21),8.0,0,5.0,Agro & Food,CARE,October 2026,1,MEDIUM,INC rating hits ULTRA HOT threshold on 2026-10-13 — first call window,Get ahead of the Oct/Nov renewal rush; start ACER process now before CARE backlog builds
Carlton Overseas Pvt. Ltd.,TIER 3 — Junior RM / Tele-sales,Aug Wk4 (Aug 24-31),8.0,0,4.0,Automobiles,ACUITE,October 2026,1,LOW,INC rating hits HOT threshold on 2026-10-24 — first call window,Get ahead of the Oct/Nov renewal rush; start ACER process now before ACUITE backlog builds
Charisma Goldwheels Pvt. Ltd.,TIER 3 — Junior RM / Tele-sales,Aug Wk4 (Aug 24-31),8.0,0,5.0,Jewellery/Gems,CRISIL,October 2026,1,LOW,INC rating hits HOT threshold on 2026-10-24 — first call window,Get ahead of the Oct/Nov renewal rush; start ACER process now before CRISIL backlog builds
Coastal Chip Boards & Lams Pvt. Ltd.,TIER 3 — Junior RM / Tele-sales,Aug Wk3 (Aug 17-21),8.0,0,3.0,Paper/Packaging,ACUITE,October 2026,1,MEDIUM,INC rating hits ULTRA HOT threshold on 2026-10-30 — first call window,Get ahead of the Oct/Nov renewal rush; start ACER process now before ACUITE backlog builds
Eram Motors Pvt. Ltd.,TIER 3 — Junior RM / Tele-sales,Aug Wk4 (Aug 24-31),8.0,0,5.0,Automobiles,CRISIL,Q1 2027,1,LOW/MEDIUM,INC rating hits ULTRA HOT on 2027-03-12 — prime Q1 2027 renewal target,Your Term Loan at CRISIL goes critical in Mar 2027. Start ACER process in Sep 2026 — before the Q1 rush.
Gumbi Software Pvt. Ltd.,TIER 3 — Junior RM / Tele-sales,Aug Wk3 (Aug 17-21),8.0,0,3.0,IT/Technology,BRICKWORK,October 2026,1,MEDIUM,INC rating hits ULTRA HOT threshold on 2026-10-23 — first call window,Get ahead of the Oct/Nov renewal rush; start ACER process now before BRICKWORK backlog builds
Jai Bhavani Furnishing Pvt. Ltd.,TIER 3 — Junior RM / Tele-sales,Aug Wk3 (Aug 17-21),8.0,0,5.0,Other,IND-RA,October 2026,1,MEDIUM,INC rating hits ULTRA HOT threshold on 2026-11-24 — first call window,Get ahead of the Oct/Nov renewal rush; start ACER process now before IND-RA backlog builds
Jainalco Industries Ltd.,TIER 3 — Junior RM / Tele-sales,Aug Wk4 (Aug 24-31),8.0,0,5.0,Manufacturing,ICRA,October 2026,1,LOW,INC rating hits HOT threshold on 2026-10-26 — first call window,Get ahead of the Oct/Nov renewal rush; start ACER process now before ICRA backlog builds
Katyaini Products Pvt. Ltd.,TIER 3 — Junior RM / Tele-sales,Aug Wk4 (Aug 24-31),8.0,0,3.0,Manufacturing,CARE,October 2026,1,LOW,INC rating hits HOT threshold on 2026-11-21 — first call window,Get ahead of the Oct/Nov renewal rush; start ACER process now before CARE backlog builds
Leo Timber Pvt. Ltd.,TIER 3 — Junior RM / Tele-sales,Aug Wk4 (Aug 24-31),8.0,0,3.0,Other,CRISIL,Q1 2027,1,LOW/MEDIUM,INC rating hits ULTRA HOT on 2027-03-18 — prime Q1 2027 renewal target,Your Letter of Credit at CRISIL goes critical in Mar 2027. Start ACER process in Sep 2026 — before the Q1 rush.
M N C Electricals Pvt. Ltd.,TIER 3 — Junior RM / Tele-sales,Aug Wk4 (Aug 24-31),8.0,0,4.0,Energy,CRISIL,October 2026,1,LOW,INC rating hits HOT threshold on 2026-11-20 — first call window,Get ahead of the Oct/Nov renewal rush; start ACER process now before CRISIL backlog builds
Newenergie Renewables Ltd.,TIER 3 — Junior RM / Tele-sales,Aug Wk3 (Aug 17-21),8.0,0,4.0,Energy,CRISIL,October 2026,1,MEDIUM,INC rating hits ULTRA HOT threshold on 2026-11-24 — first call window,Get ahead of the Oct/Nov renewal rush; start ACER process now before CRISIL backlog builds
Nimbus Beverages Pvt. Ltd.,TIER 3 — Junior RM / Tele-sales,Aug Wk4 (Aug 24-31),8.0,0,5.0,Other,BRICKWORK,Q1 2027,1,LOW/MEDIUM,INC rating hits ULTRA HOT on 2027-03-09 — prime Q1 2027 renewal target,Your Term Loan at BRICKWORK goes critical in Mar 2027. Start ACER process in Sep 2026 — before the Q1 rush.
Nirmal Fibres Pvt. Ltd.,TIER 3 — Junior RM / Tele-sales,Aug Wk4 (Aug 24-31),8.0,0,3.0,Textiles,ACUITE,October 2026,1,LOW,INC rating hits HOT threshold on 2026-11-10 — first call window,Get ahead of the Oct/Nov renewal rush; start ACER process now before ACUITE backlog builds
Paradigm Tunneling Pvt. Ltd.,TIER 3 — Junior RM / Tele-sales,Aug Wk4 (Aug 24-31),8.0,0,4.0,Construction,CRISIL,Q2 2027,1,LOW (<90 days),"INC since Apr 2026 (66 days). MEDIUM by Oct 2026, HOT by Jan 2027, ULTRA HOT by Apr 2027.",Your Bank Guarantee at CRISIL hits ULTRA HOT in Apr 2027. Start ACER process by Jan 2027 to be ahead of Q2 2027 renewal rush.
Parijat Oil & Feeds Pvt. Ltd.,TIER 3 — Junior RM / Tele-sales,Aug Wk3 (Aug 17-21),8.0,0,5.0,Energy,CRISIL,October 2026,1,MEDIUM,INC rating hits ULTRA HOT threshold on 2026-11-12 — first call window,Get ahead of the Oct/Nov renewal rush; start ACER process now before CRISIL backlog builds
Q V C Exports Ltd.,TIER 3 — Junior RM / Tele-sales,Aug Wk3 (Aug 17-21),8.0,0,3.0,Logistics,ACUITE,October 2026,1,MEDIUM,INC rating hits ULTRA HOT threshold on 2026-10-16 — first call window,Get ahead of the Oct/Nov renewal rush; start ACER process now before ACUITE backlog builds
Q V C International Pvt. Ltd.,TIER 3 — Junior RM / Tele-sales,Aug Wk3 (Aug 17-21),8.0,0,3.0,Other,ACUITE,October 2026,1,MEDIUM,INC rating hits ULTRA HOT threshold on 2026-10-16 — first call window,Get ahead of the Oct/Nov renewal rush; start ACER process now before ACUITE backlog builds
Rajdhani Castings Pvt. Ltd.,TIER 3 — Junior RM / Tele-sales,Aug Wk3 (Aug 17-21),8.0,0,5.0,Steel & Metals,BRICKWORK,October 2026,1,MEDIUM,INC rating hits ULTRA HOT threshold on 2026-10-10 — first call window,Get ahead of the Oct/Nov renewal rush; start ACER process now before BRICKWORK backlog builds
Ratnagiri Impex Pvt. Ltd.,TIER 3 — Junior RM / Tele-sales,Aug Wk4 (Aug 24-31),8.0,0,3.0,Other,BRICKWORK,October 2026,1,LOW,INC rating hits HOT threshold on 2026-10-26 — first call window,Get ahead of the Oct/Nov renewal rush; start ACER process now before BRICKWORK backlog builds
Sachdeva Home Furnishing Pvt. Ltd.,TIER 3 — Junior RM / Tele-sales,Aug Wk3 (Aug 17-21),8.0,0,5.0,Other,BRICKWORK,October 2026,1,MEDIUM,INC rating hits ULTRA HOT threshold on 2026-10-31 — first call window,Get ahead of the Oct/Nov renewal rush; start ACER process now before BRICKWORK backlog builds
Satkartar Electricals and Electronics Private Limited,TIER 3 — Junior RM / Tele-sales,Aug Wk3 (Aug 17-21),8.0,0,2.5,Energy,Infomerics,October 2026,1,MEDIUM,INC rating hits ULTRA HOT threshold on 2026-11-18 — first call window,Get ahead of the Oct/Nov renewal rush; start ACER process now before Infomerics backlog builds
Sitaram Energy & Logistics Ltd.,TIER 3 — Junior RM / Tele-sales,Aug Wk4 (Aug 24-31),8.0,0,4.0,Energy,ACUITE,October 2026,1,LOW,INC rating hits HOT threshold on 2026-10-10 — first call window,Get ahead of the Oct/Nov renewal rush; start ACER process now before ACUITE backlog builds
Sri Lakshmi Prabha Engg. Inds. Pvt. Ltd.,TIER 3 — Junior RM / Tele-sales,Aug Wk4 (Aug 24-31),8.0,0,5.0,Other,CRISIL,October 2026,1,LOW,INC rating hits HOT threshold on 2026-10-20 — first call window,Get ahead of the Oct/Nov renewal rush; start ACER process now before CRISIL backlog builds
Sumer Sons Autotech Pvt. Ltd.,TIER 3 — Junior RM / Tele-sales,Aug Wk3 (Aug 17-21),8.0,0,5.0,IT/Technology,BRICKWORK,October 2026,1,MEDIUM,INC rating hits ULTRA HOT threshold on 2026-10-31 — first call window,Get ahead of the Oct/Nov renewal rush; start ACER process now before BRICKWORK backlog builds
Toshniwal Industries Pvt. Ltd.,TIER 3 — Junior RM / Tele-sales,Aug Wk3 (Aug 17-21),8.0,0,4.0,Manufacturing,CRISIL,October 2026,1,MEDIUM,INC rating hits ULTRA HOT threshold on 2026-10-24 — first call window,Get ahead of the Oct/Nov renewal rush; start ACER process now before CRISIL backlog builds
Vinay Poultry Farm Pvt. Ltd.,TIER 3 — Junior RM / Tele-sales,Aug Wk3 (Aug 17-21),8.0,0,5.0,Agro & Food,CRISIL,October 2026,1,MEDIUM,INC rating hits ULTRA HOT threshold on 2026-10-30 — first call window,Get ahead of the Oct/Nov renewal rush; start ACER process now before CRISIL backlog builds
Voltech Engineers Pvt. Ltd.,TIER 3 — Junior RM / Tele-sales,Aug Wk4 (Aug 24-31),8.0,0,4.0,IT/Technology,BRICKWORK,Q1 2027,1,LOW/MEDIUM,INC rating hits ULTRA HOT on 2027-03-27 — prime Q1 2027 renewal target,Your Bank Guarantee at BRICKWORK goes critical in Mar 2027. Start ACER process in Sep 2026 — before the Q1 rush.
Alfa Transformers Ltd.,TIER 3 — Junior RM / Tele-sales,Aug Wk3 (Aug 17-21),7.96,0,4.0,Other,CARE,October 2026,1,MEDIUM,INC rating hits ULTRA HOT threshold on 2026-11-18 — first call window,Get ahead of the Oct/Nov renewal rush; start ACER process now before CARE backlog builds
Perlei Textiles Pvt. Ltd.,TIER 3 — Junior RM / Tele-sales,Aug Wk3 (Aug 17-21),7.96,0,5.0,Construction,ACUITE,October 2026,1,MEDIUM,INC rating hits ULTRA HOT threshold on 2026-10-28 — first call window,Get ahead of the Oct/Nov renewal rush; start ACER process now before ACUITE backlog builds
Shree Bhagwati Agrotech Pvt. Ltd.,TIER 3 — Junior RM / Tele-sales,Aug Wk4 (Aug 24-31),7.92,0,5.0,Agro & Food,ACUITE,October 2026,1,LOW,INC rating hits HOT threshold on 2026-11-13 — first call window,Get ahead of the Oct/Nov renewal rush; start ACER process now before ACUITE backlog builds
Sadguru Medical & Research Centre Pvt. Ltd.,TIER 3 — Junior RM / Tele-sales,Aug Wk4 (Aug 24-31),7.9,0,5.0,Healthcare,ICRA,Q1 2027,1,LOW/MEDIUM,INC rating hits ULTRA HOT on 2027-03-31 — prime Q1 2027 renewal target,Your Term Loan at ICRA goes critical in Mar 2027. Start ACER process in Sep 2026 — before the Q1 rush.
Kasatex Home Furnishing Pvt. Ltd.,TIER 3 — Junior RM / Tele-sales,Aug Wk4 (Aug 24-31),7.89,0,5.0,Other,BRICKWORK,Q1 2027,1,LOW/MEDIUM,INC rating hits ULTRA HOT on 2027-03-26 — prime Q1 2027 renewal target,Your Fund-Based at BRICKWORK goes critical in Mar 2027. Start ACER process in Sep 2026 — before the Q1 rush.
Shree Sita Edibles Ltd.,TIER 3 — Junior RM / Tele-sales,Aug Wk3 (Aug 17-21),7.87,0,5.0,Agro & Food,BRICKWORK,October 2026,1,MEDIUM,INC rating hits ULTRA HOT threshold on 2026-10-29 — first call window,Get ahead of the Oct/Nov renewal rush; start ACER process now before BRICKWORK backlog builds
N V Kharote Constructions Pvt. Ltd.,TIER 3 — Junior RM / Tele-sales,Aug Wk4 (Aug 24-31),7.83,0,4.0,Construction,CARE,Q2 2027,1,LOW (<90 days),"INC since Apr 2026 (79 days). MEDIUM by Oct 2026, HOT by Jan 2027, ULTRA HOT by Apr 2027.",Your Bank Guarantee at CARE hits ULTRA HOT in Apr 2027. Start ACER process by Jan 2027 to be ahead of Q2 2027 renewal rush.
Spine Arthoscopic & Joint Replacement Centre Pvt. Ltd.,TIER 3 — Junior RM / Tele-sales,Aug Wk4 (Aug 24-31),7.82,0,5.0,Construction,BRICKWORK,Q2 2027,1,LOW (<90 days),"INC since Apr 2026 (88 days). MEDIUM by Oct 2026, HOT by Jan 2027, ULTRA HOT by Apr 2027.",Your Term loans at BRICKWORK hits ULTRA HOT in Apr 2027. Start ACER process by Jan 2027 to be ahead of Q2 2027 renewal rush.
Fortune Rice Ltd.,TIER 3 — Junior RM / Tele-sales,Aug Wk4 (Aug 24-31),7.8,0,5.0,Agro & Food,BRICKWORK,October 2026,1,LOW,INC rating hits HOT threshold on 2026-11-16 — first call window,Get ahead of the Oct/Nov renewal rush; start ACER process now before BRICKWORK backlog builds
M I L India Pvt. Ltd.,TIER 3 — Junior RM / Tele-sales,Aug Wk4 (Aug 24-31),7.8,0,4.0,Other,CRISIL,October 2026,1,LOW,INC rating hits HOT threshold on 2026-11-20 — first call window,Get ahead of the Oct/Nov renewal rush; start ACER process now before CRISIL backlog builds
Multi Max Engg. Works Pvt. Ltd.,TIER 3 — Junior RM / Tele-sales,Aug Wk3 (Aug 17-21),7.8,0,4.0,Other,BRICKWORK,October 2026,1,MEDIUM,INC rating hits ULTRA HOT threshold on 2026-10-27 — first call window,Get ahead of the Oct/Nov renewal rush; start ACER process now before BRICKWORK backlog builds
A I Champdany Inds. Ltd.,TIER 3 — Junior RM / Tele-sales,Aug Wk4 (Aug 24-31),7.77,0,4.0,Other,CARE,Q2 2027,1,LOW (<90 days),"INC since Apr 2026 (60 days). MEDIUM by Oct 2026, HOT by Jan 2027, ULTRA HOT by Apr 2027.",Your Bank Guarantee at CARE hits ULTRA HOT in Apr 2027. Start ACER process by Jan 2027 to be ahead of Q2 2027 renewal rush.
Jenam Enterprises Pvt. Ltd.,TIER 3 — Junior RM / Tele-sales,Aug Wk4 (Aug 24-31),7.75,0,3.0,Other,CRISIL,Q2 2027,1,LOW (<90 days),"INC since Apr 2026 (69 days). MEDIUM by Oct 2026, HOT by Jan 2027, ULTRA HOT by Apr 2027.",Your Letter Of credit at CRISIL hits ULTRA HOT in Apr 2027. Start ACER process by Jan 2027 to be ahead of Q2 2027 renewal rush.
Micro Therapeutic Research Labs Pvt. Ltd.,TIER 3 — Junior RM / Tele-sales,Aug Wk4 (Aug 24-31),7.72,0,5.0,Healthcare,CARE,October 2026,1,LOW,INC rating hits HOT threshold on 2026-10-18 — first call window,Get ahead of the Oct/Nov renewal rush; start ACER process now before CARE backlog builds
Novex Communications Pvt. Ltd.,TIER 3 — Junior RM / Tele-sales,Aug Wk3 (Aug 17-21),7.71,0,5.0,IT/Technology,ACUITE,October 2026,1,MEDIUM,INC rating hits ULTRA HOT threshold on 2026-11-06 — first call window,Get ahead of the Oct/Nov renewal rush; start ACER process now before ACUITE backlog builds
Rathi Special Steels Ltd.,TIER 3 — Junior RM / Tele-sales,Aug Wk4 (Aug 24-31),7.7,0,5.0,Steel & Metals,CARE,Q1 2027,1,LOW/MEDIUM,INC rating hits ULTRA HOT on 2027-03-31 — prime Q1 2027 renewal target,Your Term Loan at CARE goes critical in Mar 2027. Start ACER process in Sep 2026 — before the Q1 rush.
Ibus Network & Infrastructure Pvt. Ltd.,TIER 3 — Junior RM / Tele-sales,Aug Wk3 (Aug 17-21),7.64,0,5.0,Construction,BRICKWORK,October 2026,1,MEDIUM,INC rating hits ULTRA HOT threshold on 2026-10-09 — first call window,Get ahead of the Oct/Nov renewal rush; start ACER process now before BRICKWORK backlog builds
Kumar Elastomech Pvt. Ltd.,TIER 3 — Junior RM / Tele-sales,Aug Wk3 (Aug 17-21),7.62,0,5.0,Other,CRISIL,October 2026,1,MEDIUM,INC rating hits ULTRA HOT threshold on 2026-11-24 — first call window,Get ahead of the Oct/Nov renewal rush; start ACER process now before CRISIL backlog builds
Jagson Colorchem Ltd.,TIER 3 — Junior RM / Tele-sales,Aug Wk4 (Aug 24-31),7.6,0,3.0,Chemicals & Pharma,BRICKWORK,Q1 2027,1,LOW/MEDIUM,INC rating hits ULTRA HOT on 2027-03-18 — prime Q1 2027 renewal target,Your Letter of Credit at BRICKWORK goes critical in Mar 2027. Start ACER process in Sep 2026 — before the Q1 rush.
Mahendra Power Pvt. Ltd.,TIER 3 — Junior RM / Tele-sales,Aug Wk3 (Aug 17-21),7.6,0,5.0,Energy,ACUITE,October 2026,1,MEDIUM,INC rating hits ULTRA HOT threshold on 2026-11-21 — first call window,Get ahead of the Oct/Nov renewal rush; start ACER process now before ACUITE backlog builds
Unnat Feeds Pvt. Ltd.,TIER 3 — Junior RM / Tele-sales,Aug Wk4 (Aug 24-31),7.56,0,5.0,Other,CARE,October 2026,1,LOW,INC rating hits HOT threshold on 2026-11-23 — first call window,Get ahead of the Oct/Nov renewal rush; start ACER process now before CARE backlog builds
Alinta Granito Pvt. Ltd.,TIER 3 — Junior RM / Tele-sales,Aug Wk3 (Aug 17-21),7.52,0,5.0,Other,CRISIL,October 2026,1,MEDIUM,INC rating hits ULTRA HOT threshold on 2026-10-24 — first call window,Get ahead of the Oct/Nov renewal rush; start ACER process now before CRISIL backlog builds
Akshkuber Sortex Pvt. Ltd.,TIER 3 — Junior RM / Tele-sales,Aug Wk4 (Aug 24-31),7.5,0,5.0,Other,CRISIL,October 2026,1,LOW,INC rating hits HOT threshold on 2026-11-20 — first call window,Get ahead of the Oct/Nov renewal rush; start ACER process now before CRISIL backlog builds
Ascent Engineers & Infrastructures India Pvt. Ltd.,TIER 3 — Junior RM / Tele-sales,Aug Wk3 (Aug 17-21),7.5,0,4.0,Construction,CRISIL,October 2026,1,MEDIUM,INC rating hits ULTRA HOT threshold on 2026-10-06 — first call window,Get ahead of the Oct/Nov renewal rush; start ACER process now before CRISIL backlog builds
Bhatia Photo Inds. Pvt. Ltd.,TIER 3 — Junior RM / Tele-sales,Aug Wk3 (Aug 17-21),7.5,0,3.0,Other,BRICKWORK,October 2026,1,MEDIUM,INC rating hits ULTRA HOT threshold on 2026-10-10 — first call window,Get ahead of the Oct/Nov renewal rush; start ACER process now before BRICKWORK backlog builds
Bravo Agencies Pvt. Ltd.,TIER 3 — Junior RM / Tele-sales,Aug Wk4 (Aug 24-31),7.5,0,3.0,Other,CARE,Q2 2027,1,LOW (<90 days),"INC since Apr 2026 (83 days). MEDIUM by Oct 2026, HOT by Jan 2027, ULTRA HOT by Apr 2027.",Your Letter Of credit at CARE hits ULTRA HOT in Apr 2027. Start ACER process by Jan 2027 to be ahead of Q2 2027 renewal rush.
C Gems & Jewels Pvt. Ltd.,TIER 3 — Junior RM / Tele-sales,Aug Wk4 (Aug 24-31),7.5,0,5.0,Other,BRICKWORK,Q2 2027,1,LOW (<90 days),"INC since Apr 2026 (80 days). MEDIUM by Oct 2026, HOT by Jan 2027, ULTRA HOT by Apr 2027.",Your Term loans at BRICKWORK hits ULTRA HOT in Apr 2027. Start ACER process by Jan 2027 to be ahead of Q2 2027 renewal rush.
Chemin Controls & Instrumentation Pvt. Ltd.,TIER 3 — Junior RM / Tele-sales,Aug Wk3 (Aug 17-21),7.5,0,4.0,Chemicals & Pharma,ACUITE,October 2026,1,MEDIUM,INC rating hits ULTRA HOT threshold on 2026-10-29 — first call window,Get ahead of the Oct/Nov renewal rush; start ACER process now before ACUITE backlog builds
Eco Polyfibres Pvt. Ltd.,TIER 3 — Junior RM / Tele-sales,Aug Wk4 (Aug 24-31),7.5,0,3.0,Other,CARE,Q2 2027,1,LOW (<90 days),"INC since Apr 2026 (61 days). MEDIUM by Oct 2026, HOT by Jan 2027, ULTRA HOT by Apr 2027.",Your Letter Of credit at CARE hits ULTRA HOT in Apr 2027. Start ACER process by Jan 2027 to be ahead of Q2 2027 renewal rush.
F P India Project Mgmt. Consultancy Services Pvt. Ltd.,TIER 3 — Junior RM / Tele-sales,Aug Wk4 (Aug 24-31),7.5,0,4.0,Construction,CRISIL,October 2026,1,LOW,INC rating hits HOT threshold on 2026-10-18 — first call window,Get ahead of the Oct/Nov renewal rush; start ACER process now before CRISIL backlog builds
G N B Motors Pvt. Ltd.,TIER 3 — Junior RM / Tele-sales,Aug Wk3 (Aug 17-21),7.5,0,5.0,Automobiles,CRISIL,October 2026,1,MEDIUM,INC rating hits ULTRA HOT threshold on 2026-10-24 — first call window,Get ahead of the Oct/Nov renewal rush; start ACER process now before CRISIL backlog builds
Infotel Business Solutions Ltd.,TIER 3 — Junior RM / Tele-sales,Aug Wk4 (Aug 24-31),7.5,0,3.0,Automobiles,ICRA,October 2026,1,LOW,INC rating hits HOT threshold on 2026-10-26 — first call window,Get ahead of the Oct/Nov renewal rush; start ACER process now before ICRA backlog builds
Karnimata Cold Storage Ltd.,TIER 3 — Junior RM / Tele-sales,Aug Wk3 (Aug 17-21),7.5,0,5.0,Other,CRISIL,October 2026,1,MEDIUM,INC rating hits ULTRA HOT threshold on 2026-11-21 — first call window,Get ahead of the Oct/Nov renewal rush; start ACER process now before CRISIL backlog builds
King Impex Pvt. Ltd.,TIER 3 — Junior RM / Tele-sales,Aug Wk3 (Aug 17-21),7.5,0,5.0,Other,IND-RA,October 2026,1,MEDIUM,INC rating hits ULTRA HOT threshold on 2026-11-24 — first call window,Get ahead of the Oct/Nov renewal rush; start ACER process now before IND-RA backlog builds
Mhetre Foods Pvt. Ltd.,TIER 3 — Junior RM / Tele-sales,Aug Wk4 (Aug 24-31),7.5,0,5.0,Agro & Food,CRISIL,Q2 2027,1,LOW (<90 days),"INC since Apr 2026 (65 days). MEDIUM by Oct 2026, HOT by Jan 2027, ULTRA HOT by Apr 2027.",Your Long term Loans at CRISIL hits ULTRA HOT in Apr 2027. Start ACER process by Jan 2027 to be ahead of Q2 2027 renewal rush.
Nutema Health Care Pvt. Ltd.,TIER 3 — Junior RM / Tele-sales,Aug Wk3 (Aug 17-21),7.5,0,5.0,Healthcare,CRISIL,October 2026,1,MEDIUM,INC rating hits ULTRA HOT threshold on 2026-10-09 — first call window,Get ahead of the Oct/Nov renewal rush; start ACER process now before CRISIL backlog builds
Ramaa Shyama Papers Pvt. Ltd.,TIER 3 — Junior RM / Tele-sales,Aug Wk4 (Aug 24-31),7.5,0,5.0,Paper/Packaging,BRICKWORK,October 2026,1,LOW,INC rating hits HOT threshold on 2026-10-18 — first call window,Get ahead of the Oct/Nov renewal rush; start ACER process now before BRICKWORK backlog builds
Royal Trexim Pvt. Ltd.,TIER 3 — Junior RM / Tele-sales,Aug Wk3 (Aug 17-21),7.5,0,3.0,Other,CRISIL,October 2026,1,MEDIUM,INC rating hits ULTRA HOT threshold on 2026-11-04 — first call window,Get ahead of the Oct/Nov renewal rush; start ACER process now before CRISIL backlog builds
Sambandam Siva Textiles Pvt. Ltd.,TIER 3 — Junior RM / Tele-sales,Aug Wk4 (Aug 24-31),7.5,0,5.0,Construction,CRISIL,October 2026,1,LOW,INC rating hits HOT threshold on 2026-11-24 — first call window,Get ahead of the Oct/Nov renewal rush; start ACER process now before CRISIL backlog builds
Saphire Lifesciences Pvt. Ltd.,TIER 3 — Junior RM / Tele-sales,Aug Wk3 (Aug 17-21),7.5,0,5.0,Other,CRISIL,October 2026,1,MEDIUM,INC rating hits ULTRA HOT threshold on 2026-11-17 — first call window,Get ahead of the Oct/Nov renewal rush; start ACER process now before CRISIL backlog builds
Shree Kankeshwari Agro Pvt. Ltd.,TIER 3 — Junior RM / Tele-sales,Aug Wk4 (Aug 24-31),7.5,0,5.0,Agro & Food,BRICKWORK,October 2026,1,LOW,INC rating hits HOT threshold on 2026-10-06 — first call window,Get ahead of the Oct/Nov renewal rush; start ACER process now before BRICKWORK backlog builds
Shri Ram Agro Sciences Pvt. Ltd.,TIER 3 — Junior RM / Tele-sales,Aug Wk3 (Aug 17-21),7.5,0,5.0,Agro & Food,CARE,October 2026,1,MEDIUM,INC rating hits ULTRA HOT threshold on 2026-10-31 — first call window,Get ahead of the Oct/Nov renewal rush; start ACER process now before CARE backlog builds
Trimurti Flour Mill Pvt. Ltd.,TIER 3 — Junior RM / Tele-sales,Aug Wk4 (Aug 24-31),7.48,0,5.0,Agro & Food,IND-RA,Q2 2027,1,LOW (<90 days),"INC since Apr 2026 (87 days). MEDIUM by Oct 2026, HOT by Jan 2027, ULTRA HOT by Apr 2027.",Your Term loans at IND-RA hits ULTRA HOT in Apr 2027. Start ACER process by Jan 2027 to be ahead of Q2 2027 renewal rush.
Kwality Feeds Ltd.,TIER 3 — Junior RM / Tele-sales,Aug Wk3 (Aug 17-21),7.42,0,5.0,Other,CARE,October 2026,1,MEDIUM,INC rating hits ULTRA HOT threshold on 2026-10-16 — first call window,Get ahead of the Oct/Nov renewal rush; start ACER process now before CARE backlog builds
Chopra Retec Rubber Products Ltd.,TIER 3 — Junior RM / Tele-sales,Aug Wk3 (Aug 17-21),7.4,0,5.0,Chemicals & Pharma,ACUITE,October 2026,1,MEDIUM,INC rating hits ULTRA HOT threshold on 2026-10-24 — first call window,Get ahead of the Oct/Nov renewal rush; start ACER process now before ACUITE backlog builds
Om Sharda Logistics Pvt. Ltd.,TIER 3 — Junior RM / Tele-sales,Aug Wk3 (Aug 17-21),7.4,0,4.0,Logistics,CRISIL,October 2026,1,MEDIUM,INC rating hits ULTRA HOT threshold on 2026-11-04 — first call window,Get ahead of the Oct/Nov renewal rush; start ACER process now before CRISIL backlog builds
Marelli U M Electronic Systems Pvt. Ltd.,TIER 3 — Junior RM / Tele-sales,Aug Wk3 (Aug 17-21),7.36,0,5.0,Other,CRISIL,October 2026,1,MEDIUM,INC rating hits ULTRA HOT threshold on 2026-11-20 — first call window,Get ahead of the Oct/Nov renewal rush; start ACER process now before CRISIL backlog builds
Bellona Paper Mill Pvt. Ltd.,TIER 3 — Junior RM / Tele-sales,Aug Wk4 (Aug 24-31),7.35,0,5.0,Paper/Packaging,CRISIL,October 2026,1,LOW,INC rating hits HOT threshold on 2026-10-09 — first call window,Get ahead of the Oct/Nov renewal rush; start ACER process now before CRISIL backlog builds
Instyle Embroideries Pvt. Ltd.,TIER 3 — Junior RM / Tele-sales,Aug Wk3 (Aug 17-21),7.35,0,5.0,Textiles,CRISIL,October 2026,1,MEDIUM,INC rating hits ULTRA HOT threshold on 2026-10-18 — first call window,Get ahead of the Oct/Nov renewal rush; start ACER process now before CRISIL backlog builds
Poulomi Infra Pvt. Ltd.,TIER 3 — Junior RM / Tele-sales,Aug Wk4 (Aug 24-31),7.3,0,5.0,Construction,CRISIL,October 2026,1,LOW,INC rating hits HOT threshold on 2026-11-23 — first call window,Get ahead of the Oct/Nov renewal rush; start ACER process now before CRISIL backlog builds
Chandrakona Cold Storage Pvt. Ltd.,TIER 3 — Junior RM / Tele-sales,Aug Wk4 (Aug 24-31),7.25,0,5.0,Other,IND-RA,Q2 2027,1,LOW (<90 days),"INC since Apr 2026 (87 days). MEDIUM by Oct 2026, HOT by Jan 2027, ULTRA HOT by Apr 2027.",Your Term loans at IND-RA hits ULTRA HOT in Apr 2027. Start ACER process by Jan 2027 to be ahead of Q2 2027 renewal rush.
Goodrich Gasket Pvt. Ltd.,TIER 3 — Junior RM / Tele-sales,Aug Wk3 (Aug 17-21),7.25,0,5.0,Other,CRISIL,October 2026,1,MEDIUM,INC rating hits ULTRA HOT threshold on 2026-10-09 — first call window,Get ahead of the Oct/Nov renewal rush; start ACER process now before CRISIL backlog builds
Sri Vyshnavi Foods Pvt. Ltd.,TIER 3 — Junior RM / Tele-sales,Aug Wk4 (Aug 24-31),7.2,0,5.0,Agro & Food,CRISIL,October 2026,1,LOW,INC rating hits HOT threshold on 2026-10-25 — first call window,Get ahead of the Oct/Nov renewal rush; start ACER process now before CRISIL backlog builds
Viswa Vijetha Agros (India) Pvt. Ltd.,TIER 3 — Junior RM / Tele-sales,Aug Wk4 (Aug 24-31),7.2,0,5.0,Agro & Food,CRISIL,October 2026,1,LOW,INC rating hits HOT threshold on 2026-11-25 — first call window,Get ahead of the Oct/Nov renewal rush; start ACER process now before CRISIL backlog builds
Duke Fabrics (India) Ltd.,TIER 3 — Junior RM / Tele-sales,Aug Wk3 (Aug 17-21),7.19,0,5.0,Textiles,CARE,October 2026,1,MEDIUM,INC rating hits ULTRA HOT threshold on 2026-11-07 — first call window,Get ahead of the Oct/Nov renewal rush; start ACER process now before CARE backlog builds
P P Polyplast Pvt. Ltd.,TIER 3 — Junior RM / Tele-sales,Aug Wk4 (Aug 24-31),7.18,0,5.0,Other,ICRA,October 2026,1,LOW,INC rating hits HOT threshold on 2026-10-19 — first call window,Get ahead of the Oct/Nov renewal rush; start ACER process now before ICRA backlog builds
Chandra Automobile India Pvt. Ltd.,TIER 3 — Junior RM / Tele-sales,Aug Wk4 (Aug 24-31),7.15,0,5.0,Automobiles,CRISIL,October 2026,1,LOW,INC rating hits HOT threshold on 2026-10-18 — first call window,Get ahead of the Oct/Nov renewal rush; start ACER process now before CRISIL backlog builds
Cluster Jewellery Ltd.,TIER 3 — Junior RM / Tele-sales,Aug Wk3 (Aug 17-21),7.15,0,5.0,Jewellery/Gems,CRISIL,October 2026,1,MEDIUM,INC rating hits ULTRA HOT threshold on 2026-11-14 — first call window,Get ahead of the Oct/Nov renewal rush; start ACER process now before CRISIL backlog builds
Wahi Sons Pvt. Ltd.,TIER 3 — Junior RM / Tele-sales,Aug Wk3 (Aug 17-21),7.14,0,5.0,Other,BRICKWORK,October 2026,1,MEDIUM,INC rating hits ULTRA HOT threshold on 2026-11-26 — first call window,Get ahead of the Oct/Nov renewal rush; start ACER process now before BRICKWORK backlog builds
Lasenor India Pvt. Ltd.,TIER 3 — Junior RM / Tele-sales,Aug Wk3 (Aug 17-21),7.1,0,5.0,Other,BRICKWORK,October 2026,1,MEDIUM,INC rating hits ULTRA HOT threshold on 2026-10-30 — first call window,Get ahead of the Oct/Nov renewal rush; start ACER process now before BRICKWORK backlog builds
Prragathi Steel Castings Pvt. Ltd.,TIER 3 — Junior RM / Tele-sales,Aug Wk4 (Aug 24-31),7.1,0,5.0,Steel & Metals,CRISIL,October 2026,1,LOW,INC rating hits HOT threshold on 2026-10-24 — first call window,Get ahead of the Oct/Nov renewal rush; start ACER process now before CRISIL backlog builds
Uni Ads Ltd.,TIER 3 — Junior RM / Tele-sales,Aug Wk4 (Aug 24-31),7.1,0,5.0,Other,CRISIL,October 2026,1,LOW,INC rating hits HOT threshold on 2026-11-25 — first call window,Get ahead of the Oct/Nov renewal rush; start ACER process now before CRISIL backlog builds
Shalivahana Wind Energy Ltd.,TIER 3 — Junior RM / Tele-sales,Aug Wk4 (Aug 24-31),7.06,0,5.0,Energy/Power,IND-RA,Q2 2027,1,LOW (<90 days),"INC since Apr 2026 (87 days). MEDIUM by Oct 2026, HOT by Jan 2027, ULTRA HOT by Apr 2027.",Your Term loans at IND-RA hits ULTRA HOT in Apr 2027. Start ACER process by Jan 2027 to be ahead of Q2 2027 renewal rush.
A O V Exports Pvt. Ltd.,TIER 3 — Junior RM / Tele-sales,Aug Wk3 (Aug 17-21),7.05,0,5.0,Logistics,CRISIL,October 2026,1,MEDIUM,INC rating hits ULTRA HOT threshold on 2026-10-06 — first call window,Get ahead of the Oct/Nov renewal rush; start ACER process now before CRISIL backlog builds
Sentini Hospitals Pvt. Ltd.,TIER 3 — Junior RM / Tele-sales,Aug Wk3 (Aug 17-21),7.05,0,5.0,Steel & Metals,ICRA,October 2026,1,MEDIUM,INC rating hits ULTRA HOT threshold on 2026-11-07 — first call window,Get ahead of the Oct/Nov renewal rush; start ACER process now before ICRA backlog builds
P D Shah & Sons Traders Pvt. Ltd.,TIER 3 — Junior RM / Tele-sales,Aug Wk3 (Aug 17-21),7.01,0,5.0,Trading/Exports,CRISIL,October 2026,1,MEDIUM,INC rating hits ULTRA HOT threshold on 2026-10-20 — first call window,Get ahead of the Oct/Nov renewal rush; start ACER process now before CRISIL backlog builds
Accent Microcell Ltd.,TIER 3 — Junior RM / Tele-sales,Aug Wk4 (Aug 24-31),7.0,0,3.0,Other,CRISIL,October 2026,1,LOW,INC rating hits HOT threshold on 2026-11-24 — first call window,Get ahead of the Oct/Nov renewal rush; start ACER process now before CRISIL backlog builds
Accurate Steel Forgings (India) Ltd.,TIER 3 — Junior RM / Tele-sales,Aug Wk4 (Aug 24-31),7.0,0,5.0,Steel & Metals,CRISIL,Q1 2027,1,LOW/MEDIUM,INC rating hits ULTRA HOT on 2027-03-12 — prime Q1 2027 renewal target,Your Term Loan at CRISIL goes critical in Mar 2027. Start ACER process in Sep 2026 — before the Q1 rush.
Agog Pharma Ltd.,TIER 3 — Junior RM / Tele-sales,Aug Wk4 (Aug 24-31),7.0,0,3.0,Chemicals & Pharma,BRICKWORK,Q1 2027,1,LOW/MEDIUM,INC rating hits ULTRA HOT on 2027-03-17 — prime Q1 2027 renewal target,Your Letter of Credit at BRICKWORK goes critical in Mar 2027. Start ACER process in Sep 2026 — before the Q1 rush.
B P Alloys Ltd.,TIER 3 — Junior RM / Tele-sales,Aug Wk4 (Aug 24-31),7.0,0,4.0,Steel & Metals,CARE,October 2026,1,LOW,INC rating hits HOT threshold on 2026-11-03 — first call window,Get ahead of the Oct/Nov renewal rush; start ACER process now before CARE backlog builds
Baab Constructions (India) Pvt. Ltd.,TIER 3 — Junior RM / Tele-sales,Aug Wk3 (Aug 17-21),7.0,0,4.0,Construction,CRISIL,October 2026,1,MEDIUM,INC rating hits ULTRA HOT threshold on 2026-11-12 — first call window,Get ahead of the Oct/Nov renewal rush; start ACER process now before CRISIL backlog builds
Bakshi Security & Personnel Services Pvt. Ltd.,TIER 3 — Junior RM / Tele-sales,Aug Wk3 (Aug 17-21),7.0,0,4.0,BFSI,CARE,October 2026,1,MEDIUM,INC rating hits ULTRA HOT threshold on 2026-11-03 — first call window,Get ahead of the Oct/Nov renewal rush; start ACER process now before CARE backlog builds
Brahampuri Steels Ltd.,TIER 3 — Junior RM / Tele-sales,Aug Wk4 (Aug 24-31),7.0,0,3.0,Steel & Metals,ACUITE,October 2026,1,LOW,INC rating hits HOT threshold on 2026-11-08 — first call window,Get ahead of the Oct/Nov renewal rush; start ACER process now before ACUITE backlog builds
Chemico International Pvt. Ltd.,TIER 3 — Junior RM / Tele-sales,Aug Wk3 (Aug 17-21),7.0,0,3.0,Chemicals & Pharma,CRISIL,October 2026,1,MEDIUM,INC rating hits ULTRA HOT threshold on 2026-10-06 — first call window,Get ahead of the Oct/Nov renewal rush; start ACER process now before CRISIL backlog builds
Crystal Quinone Pvt. Ltd.,TIER 3 — Junior RM / Tele-sales,Aug Wk4 (Aug 24-31),7.0,0,4.0,Other,ACUITE,October 2026,1,LOW,INC rating hits HOT threshold on 2026-11-06 — first call window,Get ahead of the Oct/Nov renewal rush; start ACER process now before ACUITE backlog builds
Eastman International Pvt. Ltd.,TIER 3 — Junior RM / Tele-sales,Aug Wk3 (Aug 17-21),7.0,0,3.0,Other,CRISIL,October 2026,1,MEDIUM,INC rating hits ULTRA HOT threshold on 2026-10-08 — first call window,Get ahead of the Oct/Nov renewal rush; start ACER process now before CRISIL backlog builds
H F Metalart Pvt. Ltd.,TIER 3 — Junior RM / Tele-sales,Aug Wk4 (Aug 24-31),7.0,0,4.0,Steel & Metals,ACUITE,October 2026,1,LOW,INC rating hits HOT threshold on 2026-10-17 — first call window,Get ahead of the Oct/Nov renewal rush; start ACER process now before ACUITE backlog builds
Hitech Cellphone Pvt. Ltd.,TIER 3 — Junior RM / Tele-sales,Aug Wk4 (Aug 24-31),7.0,0,3.0,IT/Technology,ICRA,October 2026,1,LOW,INC rating hits HOT threshold on 2026-11-08 — first call window,Get ahead of the Oct/Nov renewal rush; start ACER process now before ICRA backlog builds
Integrated Thermoplastics Ltd.,TIER 3 — Junior RM / Tele-sales,Aug Wk4 (Aug 24-31),7.0,0,5.0,Other,CARE,Q2 2027,1,LOW (<90 days),"INC since Apr 2026 (79 days). MEDIUM by Oct 2026, HOT by Jan 2027, ULTRA HOT by Apr 2027.",Your Term loans at CARE hits ULTRA HOT in Apr 2027. Start ACER process by Jan 2027 to be ahead of Q2 2027 renewal rush.
Jaipan Industries Ltd.,TIER 3 — Junior RM / Tele-sales,Aug Wk4 (Aug 24-31),7.0,0,5.0,Manufacturing,IND-RA,October 2026,1,LOW,INC rating hits HOT threshold on 2026-10-13 — first call window,Get ahead of the Oct/Nov renewal rush; start ACER process now before IND-RA backlog builds
Jaswantsingh Oberoi Construction Pvt. Ltd.,TIER 3 — Junior RM / Tele-sales,Aug Wk3 (Aug 17-21),7.0,0,4.0,Construction,ACUITE,October 2026,1,MEDIUM,INC rating hits ULTRA HOT threshold on 2026-11-20 — first call window,Get ahead of the Oct/Nov renewal rush; start ACER process now before ACUITE backlog builds
K V R Exim Pvt. Ltd.,TIER 3 — Junior RM / Tele-sales,Aug Wk3 (Aug 17-21),7.0,0,3.0,Other,BRICKWORK,October 2026,1,MEDIUM,INC rating hits ULTRA HOT threshold on 2026-11-20 — first call window,Get ahead of the Oct/Nov renewal rush; start ACER process now before BRICKWORK backlog builds
Kamla Enterprises,TIER 3 — Junior RM / Tele-sales,Aug Wk3 (Aug 17-21),7.0,0,3.0,Other,Infomerics,October 2026,1,MEDIUM,INC rating hits ULTRA HOT threshold on 2026-10-13 — first call window,Get ahead of the Oct/Nov renewal rush; start ACER process now before Infomerics backlog builds
Kramski Stamping & Molding India Pvt. Ltd.,TIER 3 — Junior RM / Tele-sales,Aug Wk4 (Aug 24-31),7.0,0,5.0,Other,CRISIL,Q1 2027,1,LOW/MEDIUM,INC rating hits ULTRA HOT on 2027-03-27 — prime Q1 2027 renewal target,Your Term Loan at CRISIL goes critical in Mar 2027. Start ACER process in Sep 2026 — before the Q1 rush.
L E Marble Gallery Pvt. Ltd.,TIER 3 — Junior RM / Tele-sales,Aug Wk4 (Aug 24-31),7.0,0,3.0,Mining,ICRA,Q1 2027,1,LOW/MEDIUM,INC rating hits ULTRA HOT on 2027-03-18 — prime Q1 2027 renewal target,Your Non-Fund-Based at ICRA goes critical in Mar 2027. Start ACER process in Sep 2026 — before the Q1 rush.
Padmavati Castings Pvt. Ltd.,TIER 3 — Junior RM / Tele-sales,Aug Wk3 (Aug 17-21),7.0,0,5.0,Steel & Metals,CRISIL,October 2026,1,MEDIUM,INC rating hits ULTRA HOT threshold on 2026-10-03 — first call window,Get ahead of the Oct/Nov renewal rush; start ACER process now before CRISIL backlog builds
Pricol Engineering Inds. Pvt. Ltd.,TIER 3 — Junior RM / Tele-sales,Aug Wk3 (Aug 17-21),7.0,0,3.0,Manufacturing,ICRA,October 2026,1,MEDIUM,INC rating hits ULTRA HOT threshold on 2026-11-25 — first call window,Get ahead of the Oct/Nov renewal rush; start ACER process now before ICRA backlog builds
Rudra Ecovation Ltd.,TIER 3 — Junior RM / Tele-sales,Aug Wk4 (Aug 24-31),7.0,0,5.0,Other,CARE,Q2 2027,1,LOW (<90 days),"INC since Apr 2026 (72 days). MEDIUM by Oct 2026, HOT by Jan 2027, ULTRA HOT by Apr 2027.",Your Term loans at CARE hits ULTRA HOT in Apr 2027. Start ACER process by Jan 2027 to be ahead of Q2 2027 renewal rush.
Salicylates & Chemicals Pvt. Ltd.,TIER 3 — Junior RM / Tele-sales,Aug Wk4 (Aug 24-31),7.0,0,3.0,Chemicals & Pharma,CRISIL,Q1 2027,1,LOW/MEDIUM,INC rating hits ULTRA HOT on 2027-03-30 — prime Q1 2027 renewal target,Your Non-Fund-Based at CRISIL goes critical in Mar 2027. Start ACER process in Sep 2026 — before the Q1 rush.
Shri Basava Textiles Ltd.,TIER 3 — Junior RM / Tele-sales,Aug Wk4 (Aug 24-31),7.0,0,5.0,Construction,CRISIL,October 2026,1,LOW,INC rating hits HOT threshold on 2026-10-20 — first call window,Get ahead of the Oct/Nov renewal rush; start ACER process now before CRISIL backlog builds
Sneha Medicare Pvt. Ltd.,TIER 3 — Junior RM / Tele-sales,Aug Wk4 (Aug 24-31),7.0,0,3.0,Automobiles,ACUITE,October 2026,1,LOW,INC rating hits HOT threshold on 2026-11-03 — first call window,Get ahead of the Oct/Nov renewal rush; start ACER process now before ACUITE backlog builds
Soriso Ceramic Pvt. Ltd.,TIER 3 — Junior RM / Tele-sales,Aug Wk3 (Aug 17-21),7.0,0,5.0,Other,CRISIL,October 2026,1,MEDIUM,INC rating hits ULTRA HOT threshold on 2026-10-08 — first call window,Get ahead of the Oct/Nov renewal rush; start ACER process now before CRISIL backlog builds
Swadesh Green Infra Ltd.,TIER 3 — Junior RM / Tele-sales,Aug Wk4 (Aug 24-31),7.0,0,5.0,Construction,ICRA,Q2 2027,1,LOW (<90 days),"INC since Apr 2026 (65 days). MEDIUM by Oct 2026, HOT by Jan 2027, ULTRA HOT by Apr 2027.",Your Term loans at ICRA hits ULTRA HOT in Apr 2027. Start ACER process by Jan 2027 to be ahead of Q2 2027 renewal rush.
Trivikrama Medical Services Pvt. Ltd.,TIER 3 — Junior RM / Tele-sales,Aug Wk3 (Aug 17-21),7.0,0,5.0,Healthcare,IND-RA,October 2026,1,MEDIUM,INC rating hits ULTRA HOT threshold on 2026-11-24 — first call window,Get ahead of the Oct/Nov renewal rush; start ACER process now before IND-RA backlog builds
Vijay Iron Foundry Pvt. Ltd.,TIER 3 — Junior RM / Tele-sales,Aug Wk4 (Aug 24-31),7.0,0,3.0,Steel & Metals,CRISIL,October 2026,1,LOW,INC rating hits HOT threshold on 2026-11-25 — first call window,Get ahead of the Oct/Nov renewal rush; start ACER process now before CRISIL backlog builds
Zuha Leather Pvt. Ltd.,TIER 3 — Junior RM / Tele-sales,Aug Wk4 (Aug 24-31),7.0,0,3.0,Other,ACUITE,Q1 2027,1,LOW/MEDIUM,INC rating hits ULTRA HOT on 2027-03-11 — prime Q1 2027 renewal target,Your Letter of Credit at ACUITE goes critical in Mar 2027. Start ACER process in Sep 2026 — before the Q1 rush.
Rdevis Engineers Pvt. Ltd.,TIER 3 — Junior RM / Tele-sales,Aug Wk3 (Aug 17-21),6.99,0,5.0,Manufacturing,CRISIL,October 2026,1,MEDIUM,INC rating hits ULTRA HOT threshold on 2026-11-05 — first call window,Get ahead of the Oct/Nov renewal rush; start ACER process now before CRISIL backlog builds
Kurnool Seeds Pvt. Ltd.,TIER 3 — Junior RM / Tele-sales,Aug Wk4 (Aug 24-31),6.9,0,5.0,Agro & Food,CRISIL,October 2026,1,LOW,INC rating hits HOT threshold on 2026-11-23 — first call window,Get ahead of the Oct/Nov renewal rush; start ACER process now before CRISIL backlog builds
Paramount Rice Pvt. Ltd.,TIER 3 — Junior RM / Tele-sales,Aug Wk3 (Aug 17-21),6.86,0,5.0,Agro & Food,ICRA,October 2026,1,MEDIUM,INC rating hits ULTRA HOT threshold on 2026-11-07 — first call window,Get ahead of the Oct/Nov renewal rush; start ACER process now before ICRA backlog builds
Shree Ganesh Cotex Pvt. Ltd.,TIER 3 — Junior RM / Tele-sales,Aug Wk4 (Aug 24-31),6.86,0,5.0,Other,CRISIL,October 2026,1,LOW,INC rating hits HOT threshold on 2026-10-20 — first call window,Get ahead of the Oct/Nov renewal rush; start ACER process now before CRISIL backlog builds
Birin Spinning Mills Ltd.,TIER 3 — Junior RM / Tele-sales,Aug Wk3 (Aug 17-21),6.85,0,5.0,Textiles,ACUITE,October 2026,1,MEDIUM,INC rating hits ULTRA HOT threshold on 2026-10-30 — first call window,Get ahead of the Oct/Nov renewal rush; start ACER process now before ACUITE backlog builds
Kakan Rice Mill Pvt. Ltd.,TIER 3 — Junior RM / Tele-sales,Aug Wk4 (Aug 24-31),6.85,0,5.0,Agro & Food,ACUITE,Q2 2027,1,LOW (<90 days),"INC since Apr 2026 (88 days). MEDIUM by Oct 2026, HOT by Jan 2027, ULTRA HOT by Apr 2027.",Your Term loans at ACUITE hits ULTRA HOT in Apr 2027. Start ACER process by Jan 2027 to be ahead of Q2 2027 renewal rush.
R S Printfab Pvt. Ltd.,TIER 3 — Junior RM / Tele-sales,Aug Wk4 (Aug 24-31),6.8,0,5.0,Paper/Packaging,CRISIL,October 2026,1,LOW,INC rating hits HOT threshold on 2026-11-23 — first call window,Get ahead of the Oct/Nov renewal rush; start ACER process now before CRISIL backlog builds
Fair Food Overseas Pvt. Ltd.,TIER 3 — Junior RM / Tele-sales,Aug Wk3 (Aug 17-21),6.77,0,5.0,Agro & Food,BRICKWORK,October 2026,1,MEDIUM,INC rating hits ULTRA HOT threshold on 2026-11-19 — first call window,Get ahead of the Oct/Nov renewal rush; start ACER process now before BRICKWORK backlog builds
Northway Infra-Tech Pvt. Ltd.,TIER 3 — Junior RM / Tele-sales,Aug Wk4 (Aug 24-31),6.77,0,5.0,Construction,IND-RA,Q2 2027,1,LOW (<90 days),"INC since Apr 2026 (87 days). MEDIUM by Oct 2026, HOT by Jan 2027, ULTRA HOT by Apr 2027.",Your Term loans at IND-RA hits ULTRA HOT in Apr 2027. Start ACER process by Jan 2027 to be ahead of Q2 2027 renewal rush.
Gurudev Overseas Ltd.,TIER 3 — Junior RM / Tele-sales,Aug Wk4 (Aug 24-31),6.75,0,3.0,Other,BRICKWORK,Q2 2027,1,LOW (<90 days),"INC since Apr 2026 (86 days). MEDIUM by Oct 2026, HOT by Jan 2027, ULTRA HOT by Apr 2027.",Your Letter Of credit at BRICKWORK hits ULTRA HOT in Apr 2027. Start ACER process by Jan 2027 to be ahead of Q2 2027 renewal rush.
Om Construction,TIER 3 — Junior RM / Tele-sales,Aug Wk3 (Aug 17-21),6.75,0,2.5,Construction,Infomerics,October 2026,1,MEDIUM,INC rating hits ULTRA HOT threshold on 2026-11-20 — first call window,Get ahead of the Oct/Nov renewal rush; start ACER process now before Infomerics backlog builds
Triumph Auto Parts Distributors Pvt. Ltd.,TIER 3 — Junior RM / Tele-sales,Aug Wk4 (Aug 24-31),6.75,0,5.0,Automobiles,CRISIL,October 2026,1,LOW,INC rating hits HOT threshold on 2026-10-25 — first call window,Get ahead of the Oct/Nov renewal rush; start ACER process now before CRISIL backlog builds
Vee Vee Controls Pvt. Ltd.,TIER 3 — Junior RM / Tele-sales,Aug Wk4 (Aug 24-31),6.75,0,4.0,Other,ACUITE,October 2026,1,LOW,INC rating hits HOT threshold on 2026-11-09 — first call window,Get ahead of the Oct/Nov renewal rush; start ACER process now before ACUITE backlog builds
Pharma Impex Laboratories Pvt. Ltd.,TIER 3 — Junior RM / Tele-sales,Aug Wk4 (Aug 24-31),6.68,0,5.0,Chemicals & Pharma,CARE,October 2026,1,LOW,INC rating hits HOT threshold on 2026-10-20 — first call window,Get ahead of the Oct/Nov renewal rush; start ACER process now before CARE backlog builds
Shree Siddhivinayak Cotspin Pvt. Ltd.,TIER 3 — Junior RM / Tele-sales,Aug Wk4 (Aug 24-31),6.67,0,5.0,Other,CRISIL,October 2026,1,LOW,INC rating hits HOT threshold on 2026-10-27 — first call window,Get ahead of the Oct/Nov renewal rush; start ACER process now before CRISIL backlog builds
Paramount Speciality Forgings Ltd.,TIER 3 — Junior RM / Tele-sales,Aug Wk3 (Aug 17-21),6.62,0,4.0,Steel & Metals,CRISIL,October 2026,1,MEDIUM,INC rating hits ULTRA HOT threshold on 2026-11-12 — first call window,Get ahead of the Oct/Nov renewal rush; start ACER process now before CRISIL backlog builds
Nirmala Monofil Pvt. Ltd.,TIER 3 — Junior RM / Tele-sales,Aug Wk4 (Aug 24-31),6.6,0,5.0,Other,ACUITE,October 2026,1,LOW,INC rating hits HOT threshold on 2026-10-19 — first call window,Get ahead of the Oct/Nov renewal rush; start ACER process now before ACUITE backlog builds
Harshamitra Oncology Pvt. Ltd.,TIER 3 — Junior RM / Tele-sales,Aug Wk4 (Aug 24-31),6.58,0,5.0,Other,CRISIL,October 2026,1,LOW,INC rating hits HOT threshold on 2026-11-20 — first call window,Get ahead of the Oct/Nov renewal rush; start ACER process now before CRISIL backlog builds
Path Infotech Ltd.,TIER 3 — Junior RM / Tele-sales,Aug Wk3 (Aug 17-21),6.55,0,4.0,IT/Technology,CRISIL,October 2026,1,MEDIUM,INC rating hits ULTRA HOT threshold on 2026-11-10 — first call window,Get ahead of the Oct/Nov renewal rush; start ACER process now before CRISIL backlog builds
Someshwar Ispat Pvt. Ltd.,TIER 3 — Junior RM / Tele-sales,Aug Wk3 (Aug 17-21),6.51,0,5.0,Other,CRISIL,October 2026,1,MEDIUM,INC rating hits ULTRA HOT threshold on 2026-11-13 — first call window,Get ahead of the Oct/Nov renewal rush; start ACER process now before CRISIL backlog builds
A P T Tools & Machinery India Pvt. Ltd.,TIER 3 — Junior RM / Tele-sales,Aug Wk4 (Aug 24-31),6.5,0,4.0,Manufacturing,CARE,Q1 2027,1,LOW/MEDIUM,INC rating hits ULTRA HOT on 2027-03-26 — prime Q1 2027 renewal target,Your Bank Guarantee at CARE goes critical in Mar 2027. Start ACER process in Sep 2026 — before the Q1 rush.
Anil Engineering Pvt. Ltd.,TIER 3 — Junior RM / Tele-sales,Aug Wk4 (Aug 24-31),6.5,0,5.0,Manufacturing,CRISIL,October 2026,1,LOW,INC rating hits HOT threshold on 2026-11-07 — first call window,Get ahead of the Oct/Nov renewal rush; start ACER process now before CRISIL backlog builds
Divya Jyoti Inds. Ltd.,TIER 3 — Junior RM / Tele-sales,Aug Wk4 (Aug 24-31),6.5,0,3.0,Other,CRISIL,Q2 2027,1,LOW (<90 days),"INC since Apr 2026 (79 days). MEDIUM by Oct 2026, HOT by Jan 2027, ULTRA HOT by Apr 2027.",Your Letter Of credit at CRISIL hits ULTRA HOT in Apr 2027. Start ACER process by Jan 2027 to be ahead of Q2 2027 renewal rush.
Ebony Automobiles Pvt. Ltd.,TIER 3 — Junior RM / Tele-sales,Aug Wk3 (Aug 17-21),6.5,0,5.0,Automobiles,CRISIL,October 2026,1,MEDIUM,INC rating hits ULTRA HOT threshold on 2026-11-21 — first call window,Get ahead of the Oct/Nov renewal rush; start ACER process now before CRISIL backlog builds
Hemani Industries Ltd.,TIER 3 — Junior RM / Tele-sales,Aug Wk4 (Aug 24-31),6.5,0,5.0,Manufacturing,ICRA,October 2026,1,LOW,INC rating hits HOT threshold on 2026-11-22 — first call window,Get ahead of the Oct/Nov renewal rush; start ACER process now before ICRA backlog builds
Indraprastha Automobiles Pvt. Ltd.,TIER 3 — Junior RM / Tele-sales,Aug Wk4 (Aug 24-31),6.5,0,3.0,Automobiles,ICRA,October 2026,1,LOW,INC rating hits HOT threshold on 2026-11-20 — first call window,Get ahead of the Oct/Nov renewal rush; start ACER process now before ICRA backlog builds
Inter Solar Systems Pvt. Ltd.,TIER 3 — Junior RM / Tele-sales,Aug Wk3 (Aug 17-21),6.5,0,4.0,Energy,CRISIL,October 2026,1,MEDIUM,INC rating hits ULTRA HOT threshold on 2026-10-23 — first call window,Get ahead of the Oct/Nov renewal rush; start ACER process now before CRISIL backlog builds
Jaahnavee Lifesciences Pvt. Ltd.,TIER 3 — Junior RM / Tele-sales,Aug Wk4 (Aug 24-31),6.5,0,5.0,Other,CRISIL,October 2026,1,LOW,INC rating hits HOT threshold on 2026-10-27 — first call window,Get ahead of the Oct/Nov renewal rush; start ACER process now before CRISIL backlog builds
Jayalaxmi Minerals & Resources Pvt. Ltd.,TIER 3 — Junior RM / Tele-sales,Aug Wk3 (Aug 17-21),6.5,0,5.0,Mining & Minerals,CRISIL,October 2026,1,MEDIUM,INC rating hits ULTRA HOT threshold on 2026-11-14 — first call window,Get ahead of the Oct/Nov renewal rush; start ACER process now before CRISIL backlog builds
Kannappan Alloy & Steel Co. Pvt. Ltd.,TIER 3 — Junior RM / Tele-sales,Aug Wk4 (Aug 24-31),6.5,0,5.0,Steel & Metals,CRISIL,Q1 2027,1,LOW/MEDIUM,INC rating hits ULTRA HOT on 2027-03-20 — prime Q1 2027 renewal target,Your Term Loan at CRISIL goes critical in Mar 2027. Start ACER process in Sep 2026 — before the Q1 rush.
Konduskar Travels Pvt. Ltd.,TIER 3 — Junior RM / Tele-sales,Aug Wk4 (Aug 24-31),6.5,0,5.0,Hotels & Tourism,CRISIL,October 2026,1,LOW,INC rating hits HOT threshold on 2026-11-23 — first call window,Get ahead of the Oct/Nov renewal rush; start ACER process now before CRISIL backlog builds
Lall Minerals Pvt. Ltd.,TIER 3 — Junior RM / Tele-sales,Aug Wk4 (Aug 24-31),6.5,0,5.0,Mining & Minerals,IND-RA,Q2 2027,1,LOW (<90 days),"INC since Apr 2026 (87 days). MEDIUM by Oct 2026, HOT by Jan 2027, ULTRA HOT by Apr 2027.",Your Term loans at IND-RA hits ULTRA HOT in Apr 2027. Start ACER process by Jan 2027 to be ahead of Q2 2027 renewal rush.
Mateshwari Foodstuff Pvt. Ltd.,TIER 3 — Junior RM / Tele-sales,Aug Wk3 (Aug 17-21),6.5,0,5.0,Agro & Food,ICRA,October 2026,1,MEDIUM,INC rating hits ULTRA HOT threshold on 2026-10-29 — first call window,Get ahead of the Oct/Nov renewal rush; start ACER process now before ICRA backlog builds
Milestone Mercandise Pvt. Ltd.,TIER 3 — Junior RM / Tele-sales,Aug Wk3 (Aug 17-21),6.5,0,5.0,Construction,BRICKWORK,October 2026,1,MEDIUM,INC rating hits ULTRA HOT threshold on 2026-10-09 — first call window,Get ahead of the Oct/Nov renewal rush; start ACER process now before BRICKWORK backlog builds
Ok Food Pvt. Ltd.,TIER 3 — Junior RM / Tele-sales,Aug Wk4 (Aug 24-31),6.5,0,5.0,Agro & Food,CRISIL,October 2026,1,LOW,INC rating hits HOT threshold on 2026-10-20 — first call window,Get ahead of the Oct/Nov renewal rush; start ACER process now before CRISIL backlog builds
S M V Beverages Pvt. Ltd.,TIER 3 — Junior RM / Tele-sales,Aug Wk3 (Aug 17-21),6.5,0,3.0,Other,BRICKWORK,October 2026,1,MEDIUM,INC rating hits ULTRA HOT threshold on 2026-10-16 — first call window,Get ahead of the Oct/Nov renewal rush; start ACER process now before BRICKWORK backlog builds
Sarvani Industries Pvt. Ltd.,TIER 3 — Junior RM / Tele-sales,Aug Wk3 (Aug 17-21),6.5,0,5.0,Manufacturing,CRISIL,October 2026,1,MEDIUM,INC rating hits ULTRA HOT threshold on 2026-10-09 — first call window,Get ahead of the Oct/Nov renewal rush; start ACER process now before CRISIL backlog builds
Sayaji Packaging Pvt. Ltd.,TIER 3 — Junior RM / Tele-sales,Aug Wk4 (Aug 24-31),6.5,0,3.0,Paper/Packaging,CRISIL,October 2026,1,LOW,INC rating hits HOT threshold on 2026-11-25 — first call window,Get ahead of the Oct/Nov renewal rush; start ACER process now before CRISIL backlog builds
Sensa Core Medical Instrumentation Pvt. Ltd.,TIER 3 — Junior RM / Tele-sales,Aug Wk3 (Aug 17-21),6.5,0,4.0,Healthcare,CRISIL,October 2026,1,MEDIUM,INC rating hits ULTRA HOT threshold on 2026-11-13 — first call window,Get ahead of the Oct/Nov renewal rush; start ACER process now before CRISIL backlog builds
Shri Banke Bihari Cotfab Pvt. Ltd.,TIER 3 — Junior RM / Tele-sales,Aug Wk3 (Aug 17-21),6.5,0,5.0,BFSI,CRISIL,October 2026,1,MEDIUM,INC rating hits ULTRA HOT threshold on 2026-10-10 — first call window,Get ahead of the Oct/Nov renewal rush; start ACER process now before CRISIL backlog builds
Siddhivinayak Polytex Pvt. Ltd.,TIER 3 — Junior RM / Tele-sales,Aug Wk3 (Aug 17-21),6.5,0,5.0,Other,CRISIL,October 2026,1,MEDIUM,INC rating hits ULTRA HOT threshold on 2026-11-05 — first call window,Get ahead of the Oct/Nov renewal rush; start ACER process now before CRISIL backlog builds
Zenrise Clinical Research Pvt. Ltd.,TIER 3 — Junior RM / Tele-sales,Aug Wk4 (Aug 24-31),6.5,0,5.0,Healthcare,CRISIL,October 2026,1,LOW,INC rating hits HOT threshold on 2026-10-28 — first call window,Get ahead of the Oct/Nov renewal rush; start ACER process now before CRISIL backlog builds
Zetek Castings Pvt. Ltd.,TIER 3 — Junior RM / Tele-sales,Aug Wk4 (Aug 24-31),6.48,0,5.0,Steel & Metals,ICRA,October 2026,1,LOW,INC rating hits HOT threshold on 2026-10-27 — first call window,Get ahead of the Oct/Nov renewal rush; start ACER process now before ICRA backlog builds
Shree Sidhbali Paper Mills Pvt. Ltd.,TIER 3 — Junior RM / Tele-sales,Aug Wk4 (Aug 24-31),6.47,0,5.0,Paper/Packaging,BRICKWORK,October 2026,1,LOW,INC rating hits HOT threshold on 2026-11-03 — first call window,Get ahead of the Oct/Nov renewal rush; start ACER process now before BRICKWORK backlog builds
M R M C Foods Pvt. Ltd.,TIER 3 — Junior RM / Tele-sales,Aug Wk3 (Aug 17-21),6.45,0,5.0,Agro & Food,BRICKWORK,October 2026,1,MEDIUM,INC rating hits ULTRA HOT threshold on 2026-10-24 — first call window,Get ahead of the Oct/Nov renewal rush; start ACER process now before BRICKWORK backlog builds
India Dairy Feeds Pvt. Ltd.,TIER 3 — Junior RM / Tele-sales,Aug Wk4 (Aug 24-31),6.44,0,5.0,Agro & Food,CARE,October 2026,1,LOW,INC rating hits HOT threshold on 2026-11-23 — first call window,Get ahead of the Oct/Nov renewal rush; start ACER process now before CARE backlog builds
Infertility Institute & Research Centre Pvt. Ltd.,TIER 3 — Junior RM / Tele-sales,Aug Wk3 (Aug 17-21),6.44,0,5.0,Agro & Food,CARE,October 2026,1,MEDIUM,INC rating hits ULTRA HOT threshold on 2026-10-13 — first call window,Get ahead of the Oct/Nov renewal rush; start ACER process now before CARE backlog builds
Aastrid Life Sciences Pvt. Ltd.,TIER 3 — Junior RM / Tele-sales,Aug Wk4 (Aug 24-31),6.4,0,5.0,Healthcare,CARE,October 2026,1,LOW,INC rating hits HOT threshold on 2026-10-10 — first call window,Get ahead of the Oct/Nov renewal rush; start ACER process now before CARE backlog builds
Maxheal Laboratories Pvt. Ltd.,TIER 3 — Junior RM / Tele-sales,Aug Wk4 (Aug 24-31),6.38,0,5.0,Healthcare,CARE,October 2026,1,LOW,INC rating hits HOT threshold on 2026-11-09 — first call window,Get ahead of the Oct/Nov renewal rush; start ACER process now before CARE backlog builds
Prime Mover Auto Associates Pvt. Ltd.,TIER 3 — Junior RM / Tele-sales,Aug Wk4 (Aug 24-31),6.3,0,4.0,Automobiles,ACUITE,Q2 2027,1,LOW (<90 days),"INC since Apr 2026 (88 days). MEDIUM by Oct 2026, HOT by Jan 2027, ULTRA HOT by Apr 2027.",Your Bank Guarantee at ACUITE hits ULTRA HOT in Apr 2027. Start ACER process by Jan 2027 to be ahead of Q2 2027 renewal rush.
Selvee Indigenous Food Factory India Pvt. Ltd.,TIER 3 — Junior RM / Tele-sales,Aug Wk3 (Aug 17-21),6.3,0,5.0,Agro & Food,CRISIL,October 2026,1,MEDIUM,INC rating hits ULTRA HOT threshold on 2026-10-08 — first call window,Get ahead of the Oct/Nov renewal rush; start ACER process now before CRISIL backlog builds
Shubhyan Motors Pvt. Ltd.,TIER 3 — Junior RM / Tele-sales,Aug Wk4 (Aug 24-31),6.3,0,5.0,Automobiles,CRISIL,October 2026,1,LOW,INC rating hits HOT threshold on 2026-10-27 — first call window,Get ahead of the Oct/Nov renewal rush; start ACER process now before CRISIL backlog builds
Burder Industries India Pvt. Ltd.,TIER 3 — Junior RM / Tele-sales,Aug Wk3 (Aug 17-21),6.25,0,5.0,Manufacturing,CRISIL,October 2026,1,MEDIUM,INC rating hits ULTRA HOT threshold on 2026-10-13 — first call window,Get ahead of the Oct/Nov renewal rush; start ACER process now before CRISIL backlog builds
Muneer Enterprises Pvt. Ltd.,TIER 3 — Junior RM / Tele-sales,Aug Wk3 (Aug 17-21),6.25,0,5.0,Other,CRISIL,October 2026,1,MEDIUM,INC rating hits ULTRA HOT threshold on 2026-11-24 — first call window,Get ahead of the Oct/Nov renewal rush; start ACER process now before CRISIL backlog builds
Paras Intermediates Pvt. Ltd.,TIER 3 — Junior RM / Tele-sales,Aug Wk4 (Aug 24-31),6.25,0,5.0,Other,ACUITE,Q1 2027,1,LOW/MEDIUM,INC rating hits ULTRA HOT on 2027-03-17 — prime Q1 2027 renewal target,Your Term Loan at ACUITE goes critical in Mar 2027. Start ACER process in Sep 2026 — before the Q1 rush.
Gajanan Iron Pvt. Ltd.,TIER 3 — Junior RM / Tele-sales,Aug Wk4 (Aug 24-31),6.21,0,5.0,Steel & Metals,CARE,October 2026,1,LOW,INC rating hits HOT threshold on 2026-11-23 — first call window,Get ahead of the Oct/Nov renewal rush; start ACER process now before CARE backlog builds
Shree Ram Proteins Ltd.,TIER 3 — Junior RM / Tele-sales,Aug Wk4 (Aug 24-31),6.15,0,5.0,Other,ICRA,Q2 2027,1,LOW (<90 days),"INC since Apr 2026 (65 days). MEDIUM by Oct 2026, HOT by Jan 2027, ULTRA HOT by Apr 2027.",Your Term loans at ICRA hits ULTRA HOT in Apr 2027. Start ACER process by Jan 2027 to be ahead of Q2 2027 renewal rush.
Mitech Bus Door Systems Pvt. Ltd.,TIER 3 — Junior RM / Tele-sales,Aug Wk3 (Aug 17-21),6.13,0,5.0,IT/Technology,ACUITE,October 2026,1,MEDIUM,INC rating hits ULTRA HOT threshold on 2026-10-03 — first call window,Get ahead of the Oct/Nov renewal rush; start ACER process now before ACUITE backlog builds
Krypton Industries Ltd.,TIER 3 — Junior RM / Tele-sales,Aug Wk4 (Aug 24-31),6.12,0,5.0,Manufacturing,CRISIL,October 2026,1,LOW,INC rating hits HOT threshold on 2026-11-06 — first call window,Get ahead of the Oct/Nov renewal rush; start ACER process now before CRISIL backlog builds
Akross Synthetics Pvt. Ltd.,TIER 3 — Junior RM / Tele-sales,Aug Wk3 (Aug 17-21),6.11,0,5.0,Other,CRISIL,October 2026,1,MEDIUM,INC rating hits ULTRA HOT threshold on 2026-11-19 — first call window,Get ahead of the Oct/Nov renewal rush; start ACER process now before CRISIL backlog builds
Pragati Electrocom Pvt. Ltd.,TIER 3 — Junior RM / Tele-sales,Aug Wk3 (Aug 17-21),6.1,0,4.0,Other,CARE,October 2026,1,MEDIUM,INC rating hits ULTRA HOT threshold on 2026-10-31 — first call window,Get ahead of the Oct/Nov renewal rush; start ACER process now before CARE backlog builds
Kasturi Multi Solutions Pvt. Ltd.,TIER 3 — Junior RM / Tele-sales,Aug Wk3 (Aug 17-21),6.09,0,5.0,Other,CRISIL,October 2026,1,MEDIUM,INC rating hits ULTRA HOT threshold on 2026-11-21 — first call window,Get ahead of the Oct/Nov renewal rush; start ACER process now before CRISIL backlog builds
Nikvin Healthcare (India) Pvt. Ltd.,TIER 3 — Junior RM / Tele-sales,Aug Wk4 (Aug 24-31),6.08,0,5.0,Healthcare,CRISIL,Q1 2027,1,LOW/MEDIUM,INC rating hits ULTRA HOT on 2027-03-10 — prime Q1 2027 renewal target,Your Term Loan at CRISIL goes critical in Mar 2027. Start ACER process in Sep 2026 — before the Q1 rush.
Prashi Pharma Pvt. Ltd.,TIER 3 — Junior RM / Tele-sales,Aug Wk3 (Aug 17-21),6.06,0,5.0,Chemicals & Pharma,CRISIL,October 2026,1,MEDIUM,INC rating hits ULTRA HOT threshold on 2026-10-29 — first call window,Get ahead of the Oct/Nov renewal rush; start ACER process now before CRISIL backlog builds
Rex Pipes & Cables Inds. Ltd.,TIER 3 — Junior RM / Tele-sales,Aug Wk3 (Aug 17-21),6.06,0,5.0,Steel & Metals,CRISIL,October 2026,1,MEDIUM,INC rating hits ULTRA HOT threshold on 2026-10-31 — first call window,Get ahead of the Oct/Nov renewal rush; start ACER process now before CRISIL backlog builds
Satyamev Cot Fibers Pvt. Ltd. [Merged],TIER 3 — Junior RM / Tele-sales,Aug Wk4 (Aug 24-31),6.02,0,5.0,Textiles,IND-RA,October 2026,1,LOW,INC rating hits HOT threshold on 2026-10-13 — first call window,Get ahead of the Oct/Nov renewal rush; start ACER process now before IND-RA backlog builds
A K I India Ltd.,TIER 3 — Junior RM / Tele-sales,Aug Wk4 (Aug 24-31),6.0,0,5.0,Other,CRISIL,Q1 2027,1,LOW/MEDIUM,INC rating hits ULTRA HOT on 2027-03-30 — prime Q1 2027 renewal target,Your Term Loan at CRISIL goes critical in Mar 2027. Start ACER process in Sep 2026 — before the Q1 rush.
Amar Polyfils Pvt. Ltd.,TIER 3 — Junior RM / Tele-sales,Aug Wk4 (Aug 24-31),6.0,0,3.0,Other,CRISIL,October 2026,1,LOW,INC rating hits HOT threshold on 2026-10-20 — first call window,Get ahead of the Oct/Nov renewal rush; start ACER process now before CRISIL backlog builds
Amit Capacitors Ltd.,TIER 3 — Junior RM / Tele-sales,Aug Wk3 (Aug 17-21),6.0,0,3.0,Other,CRISIL,October 2026,1,MEDIUM,INC rating hits ULTRA HOT threshold on 2026-10-07 — first call window,Get ahead of the Oct/Nov renewal rush; start ACER process now before CRISIL backlog builds
Anant Steels Pvt. Ltd.,TIER 3 — Junior RM / Tele-sales,Aug Wk4 (Aug 24-31),6.0,0,5.0,Steel & Metals,IND-RA,October 2026,1,LOW,INC rating hits HOT threshold on 2026-10-13 — first call window,Get ahead of the Oct/Nov renewal rush; start ACER process now before IND-RA backlog builds
Anil Trading India Pvt. Ltd.,TIER 3 — Junior RM / Tele-sales,Aug Wk3 (Aug 17-21),6.0,0,5.0,Trading/Exports,BRICKWORK,October 2026,1,MEDIUM,INC rating hits ULTRA HOT threshold on 2026-11-11 — first call window,Get ahead of the Oct/Nov renewal rush; start ACER process now before BRICKWORK backlog builds
Aqua Alloys Pvt. Ltd.,TIER 3 — Junior RM / Tele-sales,Aug Wk3 (Aug 17-21),6.0,0,4.0,Steel & Metals,CRISIL,October 2026,1,MEDIUM,INC rating hits ULTRA HOT threshold on 2026-11-14 — first call window,Get ahead of the Oct/Nov renewal rush; start ACER process now before CRISIL backlog builds
Associated Ceramics Ltd.,TIER 3 — Junior RM / Tele-sales,Aug Wk4 (Aug 24-31),6.0,0,4.0,Other,CRISIL,October 2026,1,LOW,INC rating hits HOT threshold on 2026-11-25 — first call window,Get ahead of the Oct/Nov renewal rush; start ACER process now before CRISIL backlog builds
B A P Creations Pvt. Ltd.,TIER 3 — Junior RM / Tele-sales,Aug Wk4 (Aug 24-31),6.0,0,5.0,Other,CRISIL,Q1 2027,1,LOW/MEDIUM,INC rating hits ULTRA HOT on 2027-03-11 — prime Q1 2027 renewal target,Your Term Loan at CRISIL goes critical in Mar 2027. Start ACER process in Sep 2026 — before the Q1 rush.
Balaji Cellphone Pvt. Ltd.,TIER 3 — Junior RM / Tele-sales,Aug Wk4 (Aug 24-31),6.0,0,4.0,Other,CRISIL,October 2026,1,LOW,INC rating hits HOT threshold on 2026-10-20 — first call window,Get ahead of the Oct/Nov renewal rush; start ACER process now before CRISIL backlog builds
Bengani Exports (India) Pvt. Ltd.,TIER 3 — Junior RM / Tele-sales,Aug Wk4 (Aug 24-31),6.0,0,3.0,Other,BRICKWORK,Q1 2027,1,LOW/MEDIUM,INC rating hits ULTRA HOT on 2027-03-26 — prime Q1 2027 renewal target,Your Letter of Credit at BRICKWORK goes critical in Mar 2027. Start ACER process in Sep 2026 — before the Q1 rush.
Bharat Steel Yard Pvt. Ltd.,TIER 3 — Junior RM / Tele-sales,Aug Wk4 (Aug 24-31),6.0,0,3.0,Steel & Metals,CRISIL,October 2026,1,LOW,INC rating hits HOT threshold on 2026-10-09 — first call window,Get ahead of the Oct/Nov renewal rush; start ACER process now before CRISIL backlog builds
Capital Ventures Pvt. Ltd.,TIER 3 — Junior RM / Tele-sales,Aug Wk4 (Aug 24-31),6.0,0,5.0,BFSI,CARE,October 2026,1,LOW,INC rating hits HOT threshold on 2026-11-09 — first call window,Get ahead of the Oct/Nov renewal rush; start ACER process now before CARE backlog builds
Cinevista Ltd.,TIER 3 — Junior RM / Tele-sales,Aug Wk4 (Aug 24-31),6.0,0,5.0,Other,CRISIL,Q1 2027,1,LOW/MEDIUM,INC rating hits ULTRA HOT on 2027-03-30 — prime Q1 2027 renewal target,Your Term Loan at CRISIL goes critical in Mar 2027. Start ACER process in Sep 2026 — before the Q1 rush.
Clean Switch India Pvt. Ltd.,TIER 3 — Junior RM / Tele-sales,Aug Wk3 (Aug 17-21),6.0,0,5.0,Other,ACUITE,October 2026,1,MEDIUM,INC rating hits ULTRA HOT threshold on 2026-10-27 — first call window,Get ahead of the Oct/Nov renewal rush; start ACER process now before ACUITE backlog builds
Electro Waves Electronics Pvt. Ltd.,TIER 3 — Junior RM / Tele-sales,Aug Wk4 (Aug 24-31),6.0,0,3.0,Other,ACUITE,October 2026,1,LOW,INC rating hits HOT threshold on 2026-10-19 — first call window,Get ahead of the Oct/Nov renewal rush; start ACER process now before ACUITE backlog builds
Excellous Commodities Pvt. Ltd.,TIER 3 — Junior RM / Tele-sales,Aug Wk4 (Aug 24-31),6.0,0,4.0,Other,ACUITE,Q2 2027,1,LOW (<90 days),"INC since Apr 2026 (87 days). MEDIUM by Oct 2026, HOT by Jan 2027, ULTRA HOT by Apr 2027.",Your Bank Guarantee at ACUITE hits ULTRA HOT in Apr 2027. Start ACER process by Jan 2027 to be ahead of Q2 2027 renewal rush.
Fitwel Gasket Co. (India) Pvt. Ltd.,TIER 3 — Junior RM / Tele-sales,Aug Wk4 (Aug 24-31),6.0,0,5.0,Other,CRISIL,October 2026,1,LOW,INC rating hits HOT threshold on 2026-11-16 — first call window,Get ahead of the Oct/Nov renewal rush; start ACER process now before CRISIL backlog builds
Gagan Fibres Pvt. Ltd.,TIER 3 — Junior RM / Tele-sales,Aug Wk4 (Aug 24-31),6.0,0,5.0,Textiles,CARE,October 2026,1,LOW,INC rating hits HOT threshold on 2026-11-13 — first call window,Get ahead of the Oct/Nov renewal rush; start ACER process now before CARE backlog builds
Genesis Packaging Pvt. Ltd.,TIER 3 — Junior RM / Tele-sales,Aug Wk3 (Aug 17-21),6.0,0,5.0,Paper/Packaging,CARE,October 2026,1,MEDIUM,INC rating hits ULTRA HOT threshold on 2026-10-14 — first call window,Get ahead of the Oct/Nov renewal rush; start ACER process now before CARE backlog builds
Greensol Renewable Power Pvt. Ltd.,TIER 3 — Junior RM / Tele-sales,Aug Wk3 (Aug 17-21),6.0,0,3.0,Energy,CRISIL,October 2026,1,MEDIUM,INC rating hits ULTRA HOT threshold on 2026-10-17 — first call window,Get ahead of the Oct/Nov renewal rush; start ACER process now before CRISIL backlog builds
Indera Garments Pvt. Ltd.,TIER 3 — Junior RM / Tele-sales,Aug Wk4 (Aug 24-31),6.0,0,5.0,Textiles,IND-RA,October 2026,1,LOW,INC rating hits HOT threshold on 2026-10-13 — first call window,Get ahead of the Oct/Nov renewal rush; start ACER process now before IND-RA backlog builds
Innovative Technomics Pvt. Ltd.,TIER 3 — Junior RM / Tele-sales,Aug Wk4 (Aug 24-31),6.0,0,4.0,IT/Technology,CRISIL,Q2 2027,1,LOW (<90 days),"INC since Apr 2026 (69 days). MEDIUM by Oct 2026, HOT by Jan 2027, ULTRA HOT by Apr 2027.",Your Bank Guarantee at CRISIL hits ULTRA HOT in Apr 2027. Start ACER process by Jan 2027 to be ahead of Q2 2027 renewal rush.
Jai Kar Techno Pvt. Ltd.,TIER 3 — Junior RM / Tele-sales,Aug Wk4 (Aug 24-31),6.0,0,5.0,IT/Technology,ACUITE,Q2 2027,1,LOW (<90 days),"INC since Apr 2026 (87 days). MEDIUM by Oct 2026, HOT by Jan 2027, ULTRA HOT by Apr 2027.",Your Fund based financial facility/instrument at ACUITE hits ULTRA HOT in Apr 2027. Start ACER process by Jan 2027 to be ahead of Q2 2027 renewal rush.
K J S L Coal & Power Pvt. Ltd.,TIER 3 — Junior RM / Tele-sales,Aug Wk3 (Aug 17-21),6.0,0,5.0,Energy,CRISIL,October 2026,1,MEDIUM,INC rating hits ULTRA HOT threshold on 2026-11-25 — first call window,Get ahead of the Oct/Nov renewal rush; start ACER process now before CRISIL backlog builds
Kandoi Transport Ltd.,TIER 3 — Junior RM / Tele-sales,Aug Wk4 (Aug 24-31),6.0,0,4.0,Logistics,CRISIL,Q1 2027,1,LOW/MEDIUM,INC rating hits ULTRA HOT on 2027-03-25 — prime Q1 2027 renewal target,Your Bank Guarantee at CRISIL goes critical in Mar 2027. Start ACER process in Sep 2026 — before the Q1 rush.
Kim Chemicals Ltd.,TIER 3 — Junior RM / Tele-sales,Aug Wk4 (Aug 24-31),6.0,0,3.0,Chemicals & Pharma,CARE,October 2026,1,LOW,INC rating hits HOT threshold on 2026-10-19 — first call window,Get ahead of the Oct/Nov renewal rush; start ACER process now before CARE backlog builds
Maha Gauri Strips Pvt. Ltd.,TIER 3 — Junior RM / Tele-sales,Aug Wk3 (Aug 17-21),6.0,0,5.0,Other,CRISIL,October 2026,1,MEDIUM,INC rating hits ULTRA HOT threshold on 2026-10-23 — first call window,Get ahead of the Oct/Nov renewal rush; start ACER process now before CRISIL backlog builds
Mayura Packaging Private Limited,TIER 3 — Junior RM / Tele-sales,Aug Wk3 (Aug 17-21),6.0,0,3.0,Paper/Packaging,Infomerics,October 2026,1,MEDIUM,INC rating hits ULTRA HOT threshold on 2026-11-17 — first call window,Get ahead of the Oct/Nov renewal rush; start ACER process now before Infomerics backlog builds
Met-Rolla Iron & Strips Co. Ltd.,TIER 3 — Junior RM / Tele-sales,Aug Wk4 (Aug 24-31),6.0,0,3.0,Steel & Metals,CRISIL,October 2026,1,LOW,INC rating hits HOT threshold on 2026-11-23 — first call window,Get ahead of the Oct/Nov renewal rush; start ACER process now before CRISIL backlog builds
Nexon Omniverse Ltd.,TIER 3 — Junior RM / Tele-sales,Aug Wk3 (Aug 17-21),6.0,0,3.0,Other,CRISIL,October 2026,1,MEDIUM,INC rating hits ULTRA HOT threshold on 2026-11-10 — first call window,Get ahead of the Oct/Nov renewal rush; start ACER process now before CRISIL backlog builds
Nimar Motors Pvt. Ltd.,TIER 3 — Junior RM / Tele-sales,Aug Wk3 (Aug 17-21),6.0,0,5.0,Automobiles,CRISIL,October 2026,1,MEDIUM,INC rating hits ULTRA HOT threshold on 2026-10-24 — first call window,Get ahead of the Oct/Nov renewal rush; start ACER process now before CRISIL backlog builds
Nuflower Foods & Nutrition Pvt. Ltd.,TIER 3 — Junior RM / Tele-sales,Aug Wk4 (Aug 24-31),6.0,0,4.0,Agro & Food,CRISIL,October 2026,1,LOW,INC rating hits HOT threshold on 2026-10-09 — first call window,Get ahead of the Oct/Nov renewal rush; start ACER process now before CRISIL backlog builds
Piyush Plyboards Pvt. Ltd.,TIER 3 — Junior RM / Tele-sales,Aug Wk3 (Aug 17-21),6.0,0,3.0,Paper/Packaging,CARE,October 2026,1,MEDIUM,INC rating hits ULTRA HOT threshold on 2026-11-14 — first call window,Get ahead of the Oct/Nov renewal rush; start ACER process now before CARE backlog builds
Pragana Danwar Food Processor Pvt. Ltd.,TIER 3 — Junior RM / Tele-sales,Aug Wk4 (Aug 24-31),6.0,0,5.0,Agro & Food,CRISIL,Q1 2027,1,LOW/MEDIUM,INC rating hits ULTRA HOT on 2027-03-26 — prime Q1 2027 renewal target,Your Term Loan at CRISIL goes critical in Mar 2027. Start ACER process in Sep 2026 — before the Q1 rush.
Prakasam Milk Producer Co. Ltd.,TIER 3 — Junior RM / Tele-sales,Aug Wk3 (Aug 17-21),6.0,0,5.0,Agro & Food,CRISIL,October 2026,1,MEDIUM,INC rating hits ULTRA HOT threshold on 2026-11-10 — first call window,Get ahead of the Oct/Nov renewal rush; start ACER process now before CRISIL backlog builds
Pushpa Sales Pvt. Ltd.,TIER 3 — Junior RM / Tele-sales,Aug Wk3 (Aug 17-21),6.0,0,4.0,Other,CARE,October 2026,1,MEDIUM,INC rating hits ULTRA HOT threshold on 2026-10-09 — first call window,Get ahead of the Oct/Nov renewal rush; start ACER process now before CARE backlog builds
Pushpanjali Enggcon Pvt. Ltd.,TIER 3 — Junior RM / Tele-sales,Aug Wk4 (Aug 24-31),6.0,0,4.0,Other,CRISIL,Q1 2027,1,LOW/MEDIUM,INC rating hits ULTRA HOT on 2027-03-30 — prime Q1 2027 renewal target,Your Bank Guarantee at CRISIL goes critical in Mar 2027. Start ACER process in Sep 2026 — before the Q1 rush.
Rakesh Masala Pvt. Ltd.,TIER 3 — Junior RM / Tele-sales,Aug Wk4 (Aug 24-31),6.0,0,5.0,Agro & Food,CRISIL,October 2026,1,LOW,INC rating hits HOT threshold on 2026-11-23 — first call window,Get ahead of the Oct/Nov renewal rush; start ACER process now before CRISIL backlog builds
Raman Agro Exports Pvt. Ltd.,TIER 3 — Junior RM / Tele-sales,Aug Wk4 (Aug 24-31),6.0,0,5.0,Agro & Food,ICRA,October 2026,1,LOW,INC rating hits HOT threshold on 2026-11-13 — first call window,Get ahead of the Oct/Nov renewal rush; start ACER process now before ICRA backlog builds
Ranisati Coal Carriers Pvt. Ltd.,TIER 3 — Junior RM / Tele-sales,Aug Wk4 (Aug 24-31),6.0,0,4.0,Energy,CRISIL,October 2026,1,LOW,INC rating hits HOT threshold on 2026-10-20 — first call window,Get ahead of the Oct/Nov renewal rush; start ACER process now before CRISIL backlog builds
Ravi Offset Printers & Publishers Pvt. Ltd.,TIER 3 — Junior RM / Tele-sales,Aug Wk4 (Aug 24-31),6.0,0,3.0,Paper/Packaging,BRICKWORK,October 2026,1,LOW,INC rating hits HOT threshold on 2026-10-24 — first call window,Get ahead of the Oct/Nov renewal rush; start ACER process now before BRICKWORK backlog builds
Shivalik I B Automark Pvt. Ltd.,TIER 3 — Junior RM / Tele-sales,Aug Wk4 (Aug 24-31),6.0,0,5.0,Automobiles,CRISIL,October 2026,1,LOW,INC rating hits HOT threshold on 2026-10-20 — first call window,Get ahead of the Oct/Nov renewal rush; start ACER process now before CRISIL backlog builds
Shivansh Textiles Pvt. Ltd.,TIER 3 — Junior RM / Tele-sales,Aug Wk3 (Aug 17-21),6.0,0,5.0,Construction,CRISIL,October 2026,1,MEDIUM,INC rating hits ULTRA HOT threshold on 2026-11-05 — first call window,Get ahead of the Oct/Nov renewal rush; start ACER process now before CRISIL backlog builds
Shree Ram Brinechem Private Limited,TIER 3 — Junior RM / Tele-sales,Aug Wk3 (Aug 17-21),6.0,0,5.0,Chemicals & Pharma,Infomerics,October 2026,1,MEDIUM,INC rating hits ULTRA HOT threshold on 2026-10-23 — first call window,Get ahead of the Oct/Nov renewal rush; start ACER process now before Infomerics backlog builds
Shubh Motors Pvt. Ltd.,TIER 3 — Junior RM / Tele-sales,Aug Wk3 (Aug 17-21),6.0,0,5.0,Automobiles,ICRA,October 2026,1,MEDIUM,INC rating hits ULTRA HOT threshold on 2026-11-21 — first call window,Get ahead of the Oct/Nov renewal rush; start ACER process now before ICRA backlog builds
Simla Chemicals Pvt. Ltd.,TIER 3 — Junior RM / Tele-sales,Aug Wk4 (Aug 24-31),6.0,0,4.0,Chemicals & Pharma,CRISIL,Q1 2027,1,LOW/MEDIUM,INC rating hits ULTRA HOT on 2027-03-30 — prime Q1 2027 renewal target,Your Bank Guarantee at CRISIL goes critical in Mar 2027. Start ACER process in Sep 2026 — before the Q1 rush.
Sparklet Engineers Pvt. Ltd.,TIER 3 — Junior RM / Tele-sales,Aug Wk4 (Aug 24-31),6.0,0,4.0,Other,CRISIL,Q2 2027,1,LOW (<90 days),"INC since Apr 2026 (59 days). MEDIUM by Oct 2026, HOT by Jan 2027, ULTRA HOT by Apr 2027.",Your Bank Guarantee at CRISIL hits ULTRA HOT in Apr 2027. Start ACER process by Jan 2027 to be ahead of Q2 2027 renewal rush.
Sri K P R Industries Ltd.,TIER 3 — Junior RM / Tele-sales,Aug Wk4 (Aug 24-31),6.0,0,3.0,Manufacturing,ICRA,October 2026,1,LOW,INC rating hits HOT threshold on 2026-11-10 — first call window,Get ahead of the Oct/Nov renewal rush; start ACER process now before ICRA backlog builds
Swaroop Agro Products Pvt. Ltd.,TIER 3 — Junior RM / Tele-sales,Aug Wk4 (Aug 24-31),6.0,0,5.0,Agro & Food,CRISIL,Q1 2027,1,LOW/MEDIUM,INC rating hits ULTRA HOT on 2027-03-25 — prime Q1 2027 renewal target,Your Term Loan at CRISIL goes critical in Mar 2027. Start ACER process in Sep 2026 — before the Q1 rush.
Versatile Bonds Pvt. Ltd.,TIER 3 — Junior RM / Tele-sales,Aug Wk4 (Aug 24-31),6.0,0,3.0,Other,CRISIL,Q1 2027,1,LOW/MEDIUM,INC rating hits ULTRA HOT on 2027-03-31 — prime Q1 2027 renewal target,Your Letter of Credit at CRISIL goes critical in Mar 2027. Start ACER process in Sep 2026 — before the Q1 rush.
Hindustan Fluoro Carbons Ltd.,TIER 3 — Junior RM / Tele-sales,Aug Wk3 (Aug 17-21),5.97,0,5.0,Automobiles,CRISIL,October 2026,1,MEDIUM,INC rating hits ULTRA HOT threshold on 2026-11-27 — first call window,Get ahead of the Oct/Nov renewal rush; start ACER process now before CRISIL backlog builds
Sri Venkatesh Iron & Alloys (India) Ltd.,TIER 3 — Junior RM / Tele-sales,Aug Wk4 (Aug 24-31),5.96,0,4.0,Steel & Metals,BRICKWORK,Q1 2027,1,LOW/MEDIUM,INC rating hits ULTRA HOT on 2027-03-25 — prime Q1 2027 renewal target,Your Bank Guarantee at BRICKWORK goes critical in Mar 2027. Start ACER process in Sep 2026 — before the Q1 rush.
Navya Foods Pvt. Ltd.,TIER 3 — Junior RM / Tele-sales,Aug Wk3 (Aug 17-21),5.95,0,5.0,Agro & Food,CARE,October 2026,1,MEDIUM,INC rating hits ULTRA HOT threshold on 2026-10-31 — first call window,Get ahead of the Oct/Nov renewal rush; start ACER process now before CARE backlog builds
Shree Gurukrupa Tradelink Pvt. Ltd.,TIER 3 — Junior RM / Tele-sales,Aug Wk3 (Aug 17-21),5.95,0,5.0,Paper/Packaging,CRISIL,October 2026,1,MEDIUM,INC rating hits ULTRA HOT threshold on 2026-11-05 — first call window,Get ahead of the Oct/Nov renewal rush; start ACER process now before CRISIL backlog builds
Gupta Syntex Pvt. Ltd.,TIER 3 — Junior RM / Tele-sales,Aug Wk3 (Aug 17-21),5.92,0,5.0,Other,BRICKWORK,October 2026,1,MEDIUM,INC rating hits ULTRA HOT threshold on 2026-11-12 — first call window,Get ahead of the Oct/Nov renewal rush; start ACER process now before BRICKWORK backlog builds
Mcon Rasayan India Ltd.,TIER 3 — Junior RM / Tele-sales,Aug Wk4 (Aug 24-31),5.91,0,5.0,Other,ICRA,Q2 2027,1,LOW (<90 days),"INC since Apr 2026 (86 days). MEDIUM by Oct 2026, HOT by Jan 2027, ULTRA HOT by Apr 2027.",Your Term loans at ICRA hits ULTRA HOT in Apr 2027. Start ACER process by Jan 2027 to be ahead of Q2 2027 renewal rush.
Saiyed Paper Mills Ltd.,TIER 3 — Junior RM / Tele-sales,Aug Wk4 (Aug 24-31),5.91,0,5.0,Paper/Packaging,ACUITE,Q2 2027,1,LOW (<90 days),"INC since Apr 2026 (73 days). MEDIUM by Oct 2026, HOT by Jan 2027, ULTRA HOT by Apr 2027.",Your Term loans at ACUITE hits ULTRA HOT in Apr 2027. Start ACER process by Jan 2027 to be ahead of Q2 2027 renewal rush.
Shri Shanker Gauri Agro Product Pvt. Ltd.,TIER 3 — Junior RM / Tele-sales,Aug Wk4 (Aug 24-31),5.9,0,5.0,Agro & Food,BRICKWORK,Q1 2027,1,LOW/MEDIUM,INC rating hits ULTRA HOT on 2027-03-12 — prime Q1 2027 renewal target,Your Term Loan at BRICKWORK goes critical in Mar 2027. Start ACER process in Sep 2026 — before the Q1 rush.
Internex Poly Pvt. Ltd.,TIER 3 — Junior RM / Tele-sales,Aug Wk4 (Aug 24-31),5.89,0,5.0,Other,CRISIL,October 2026,1,LOW,INC rating hits HOT threshold on 2026-11-24 — first call window,Get ahead of the Oct/Nov renewal rush; start ACER process now before CRISIL backlog builds
Glorious Mediscience (India) Pvt. Ltd.,TIER 3 — Junior RM / Tele-sales,Aug Wk4 (Aug 24-31),5.82,0,5.0,Other,BRICKWORK,October 2026,1,LOW,INC rating hits HOT threshold on 2026-11-23 — first call window,Get ahead of the Oct/Nov renewal rush; start ACER process now before BRICKWORK backlog builds
Aditya Exim Ltd.,TIER 3 — Junior RM / Tele-sales,Aug Wk4 (Aug 24-31),5.81,0,5.0,Other,BRICKWORK,Q2 2027,1,LOW (<90 days),"INC since Apr 2026 (81 days). MEDIUM by Oct 2026, HOT by Jan 2027, ULTRA HOT by Apr 2027.",Your Term loans at BRICKWORK hits ULTRA HOT in Apr 2027. Start ACER process by Jan 2027 to be ahead of Q2 2027 renewal rush.
Attharv Sai Flexipack Pvt. Ltd.,TIER 3 — Junior RM / Tele-sales,Aug Wk4 (Aug 24-31),5.8,0,5.0,Other,ACUITE,October 2026,1,LOW,INC rating hits HOT threshold on 2026-11-22 — first call window,Get ahead of the Oct/Nov renewal rush; start ACER process now before ACUITE backlog builds
Modigold Pipes Pvt. Ltd.,TIER 3 — Junior RM / Tele-sales,Aug Wk4 (Aug 24-31),5.8,0,5.0,Steel & Metals,IND-RA,October 2026,1,LOW,INC rating hits HOT threshold on 2026-10-13 — first call window,Get ahead of the Oct/Nov renewal rush; start ACER process now before IND-RA backlog builds
Jyotirmayee Foods Pvt. Ltd.,TIER 3 — Junior RM / Tele-sales,Aug Wk4 (Aug 24-31),5.77,0,5.0,Agro & Food,BRICKWORK,Q1 2027,1,LOW/MEDIUM,INC rating hits ULTRA HOT on 2027-03-06 — prime Q1 2027 renewal target,Your Fund-Based at BRICKWORK goes critical in Mar 2027. Start ACER process in Sep 2026 — before the Q1 rush.
Finessac Food Ingredients & Colors Pvt. Ltd.,TIER 3 — Junior RM / Tele-sales,Aug Wk4 (Aug 24-31),5.75,0,5.0,Agro & Food,CRISIL,October 2026,1,LOW,INC rating hits HOT threshold on 2026-10-18 — first call window,Get ahead of the Oct/Nov renewal rush; start ACER process now before CRISIL backlog builds
Raiganj Agro Tech Pvt. Ltd.,TIER 3 — Junior RM / Tele-sales,Aug Wk3 (Aug 17-21),5.75,0,5.0,Agro & Food,BRICKWORK,October 2026,1,MEDIUM,INC rating hits ULTRA HOT threshold on 2026-11-27 — first call window,Get ahead of the Oct/Nov renewal rush; start ACER process now before BRICKWORK backlog builds
Western Electrotrans Pvt. Ltd.,TIER 3 — Junior RM / Tele-sales,Aug Wk4 (Aug 24-31),5.75,0,4.0,Other,BRICKWORK,October 2026,1,LOW,INC rating hits HOT threshold on 2026-11-13 — first call window,Get ahead of the Oct/Nov renewal rush; start ACER process now before BRICKWORK backlog builds
Emson Tools Mfg. Corpn. Ltd.,TIER 3 — Junior RM / Tele-sales,Aug Wk3 (Aug 17-21),5.72,0,5.0,Other,CARE,October 2026,1,MEDIUM,INC rating hits ULTRA HOT threshold on 2026-11-03 — first call window,Get ahead of the Oct/Nov renewal rush; start ACER process now before CARE backlog builds
Nataraj Polyplast Pvt. Ltd.,TIER 3 — Junior RM / Tele-sales,Aug Wk4 (Aug 24-31),5.68,0,5.0,Other,CARE,October 2026,1,LOW,INC rating hits HOT threshold on 2026-11-09 — first call window,Get ahead of the Oct/Nov renewal rush; start ACER process now before CARE backlog builds
Kakatiyan Medical Services Pvt. Ltd.,TIER 3 — Junior RM / Tele-sales,Aug Wk4 (Aug 24-31),5.67,0,5.0,Healthcare,BRICKWORK,Q1 2027,1,LOW/MEDIUM,INC rating hits ULTRA HOT on 2027-03-25 — prime Q1 2027 renewal target,Your Term Loan at BRICKWORK goes critical in Mar 2027. Start ACER process in Sep 2026 — before the Q1 rush.
Anirudh Plastic Pvt. Ltd.,TIER 3 — Junior RM / Tele-sales,Aug Wk3 (Aug 17-21),5.6,0,3.0,Chemicals & Pharma,CARE,October 2026,1,MEDIUM,INC rating hits ULTRA HOT threshold on 2026-11-06 — first call window,Get ahead of the Oct/Nov renewal rush; start ACER process now before CARE backlog builds
Papcon (Indore) Pvt. Ltd.,TIER 3 — Junior RM / Tele-sales,Aug Wk4 (Aug 24-31),5.6,0,5.0,Other,ACUITE,Q1 2027,1,LOW/MEDIUM,INC rating hits ULTRA HOT on 2027-03-23 — prime Q1 2027 renewal target,Your Term Loan at ACUITE goes critical in Mar 2027. Start ACER process in Sep 2026 — before the Q1 rush.
Saka Embroidery Pvt. Ltd.,TIER 3 — Junior RM / Tele-sales,Aug Wk4 (Aug 24-31),5.58,0,5.0,Other,CARE,Q2 2027,1,LOW (<90 days),"INC since Apr 2026 (68 days). MEDIUM by Oct 2026, HOT by Jan 2027, ULTRA HOT by Apr 2027.",Your Term loans at CARE hits ULTRA HOT in Apr 2027. Start ACER process by Jan 2027 to be ahead of Q2 2027 renewal rush.
Srinivasa Farms Pvt. Ltd.,TIER 3 — Junior RM / Tele-sales,Aug Wk4 (Aug 24-31),5.56,0,5.0,Agro & Food,CARE,Q1 2027,1,LOW/MEDIUM,INC rating hits ULTRA HOT on 2026-12-30 — prime Q1 2027 renewal target,Your Term Loan at CARE goes critical in Dec 2026. Start ACER process in Sep 2026 — before the Q1 rush.
Balaji Polycot Pvt. Ltd.,TIER 3 — Junior RM / Tele-sales,Aug Wk4 (Aug 24-31),5.55,0,5.0,Other,CARE,October 2026,1,LOW,INC rating hits HOT threshold on 2026-11-15 — first call window,Get ahead of the Oct/Nov renewal rush; start ACER process now before CARE backlog builds
Shri Laxmi Polycoat Pvt. Ltd.,TIER 3 — Junior RM / Tele-sales,Aug Wk4 (Aug 24-31),5.55,0,5.0,Other,CRISIL,October 2026,1,LOW,INC rating hits HOT threshold on 2026-11-23 — first call window,Get ahead of the Oct/Nov renewal rush; start ACER process now before CRISIL backlog builds
Amar Trades Ltd.,TIER 3 — Junior RM / Tele-sales,Aug Wk4 (Aug 24-31),5.5,0,3.0,Trading/Exports,BRICKWORK,October 2026,1,LOW,INC rating hits HOT threshold on 2026-11-28 — first call window,Get ahead of the Oct/Nov renewal rush; start ACER process now before BRICKWORK backlog builds
Atlantis Intelligence Ltd.,TIER 3 — Junior RM / Tele-sales,Aug Wk3 (Aug 17-21),5.5,0,4.0,Other,CRISIL,October 2026,1,MEDIUM,INC rating hits ULTRA HOT threshold on 2026-10-24 — first call window,Get ahead of the Oct/Nov renewal rush; start ACER process now before CRISIL backlog builds
Chemosyn Ltd.,TIER 3 — Junior RM / Tele-sales,Aug Wk4 (Aug 24-31),5.5,0,3.0,Chemicals & Pharma,BRICKWORK,October 2026,1,LOW,INC rating hits HOT threshold on 2026-11-16 — first call window,Get ahead of the Oct/Nov renewal rush; start ACER process now before BRICKWORK backlog builds
Delite Hi-Tech Furniture Inds. Pvt. Ltd.,TIER 3 — Junior RM / Tele-sales,Aug Wk3 (Aug 17-21),5.5,0,5.0,IT/Technology,CRISIL,October 2026,1,MEDIUM,INC rating hits ULTRA HOT threshold on 2026-11-14 — first call window,Get ahead of the Oct/Nov renewal rush; start ACER process now before CRISIL backlog builds
Durga Signal Infra Pvt. Ltd.,TIER 3 — Junior RM / Tele-sales,Aug Wk3 (Aug 17-21),5.5,0,4.0,Construction,CRISIL,October 2026,1,MEDIUM,INC rating hits ULTRA HOT threshold on 2026-11-14 — first call window,Get ahead of the Oct/Nov renewal rush; start ACER process now before CRISIL backlog builds
J K Cables Ltd.,TIER 3 — Junior RM / Tele-sales,Aug Wk3 (Aug 17-21),5.5,0,4.0,Infrastructure,CRISIL,October 2026,1,MEDIUM,INC rating hits ULTRA HOT threshold on 2026-11-13 — first call window,Get ahead of the Oct/Nov renewal rush; start ACER process now before CRISIL backlog builds
Kaadambary Ricetech Pvt. Ltd.,TIER 3 — Junior RM / Tele-sales,Aug Wk4 (Aug 24-31),5.5,0,5.0,Agro & Food,CARE,Q2 2027,1,LOW (<90 days),"INC since Apr 2026 (66 days). MEDIUM by Oct 2026, HOT by Jan 2027, ULTRA HOT by Apr 2027.",Your Term loans at CARE hits ULTRA HOT in Apr 2027. Start ACER process by Jan 2027 to be ahead of Q2 2027 renewal rush.
Roll Tubes Ltd.,TIER 3 — Junior RM / Tele-sales,Aug Wk3 (Aug 17-21),5.5,0,4.0,Steel & Metals,CRISIL,October 2026,1,MEDIUM,INC rating hits ULTRA HOT threshold on 2026-11-05 — first call window,Get ahead of the Oct/Nov renewal rush; start ACER process now before CRISIL backlog builds
Shri Govindkrupa Cotton Processing Pvt. Ltd.,TIER 3 — Junior RM / Tele-sales,Aug Wk3 (Aug 17-21),5.5,0,5.0,Agro & Food,CRISIL,October 2026,1,MEDIUM,INC rating hits ULTRA HOT threshold on 2026-11-10 — first call window,Get ahead of the Oct/Nov renewal rush; start ACER process now before CRISIL backlog builds
U P Alums Pvt. Ltd.,TIER 3 — Junior RM / Tele-sales,Aug Wk3 (Aug 17-21),5.5,0,3.0,Other,CARE,October 2026,1,MEDIUM,INC rating hits ULTRA HOT threshold on 2026-11-04 — first call window,Get ahead of the Oct/Nov renewal rush; start ACER process now before CARE backlog builds
Umasree Texplast Pvt. Ltd.,TIER 3 — Junior RM / Tele-sales,Aug Wk3 (Aug 17-21),5.5,0,3.0,Other,BRICKWORK,October 2026,1,MEDIUM,INC rating hits ULTRA HOT threshold on 2026-10-10 — first call window,Get ahead of the Oct/Nov renewal rush; start ACER process now before BRICKWORK backlog builds
Vaibhav Cotgin Pvt. Ltd.,TIER 3 — Junior RM / Tele-sales,Aug Wk4 (Aug 24-31),5.5,0,5.0,Other,CARE,October 2026,1,LOW,INC rating hits HOT threshold on 2026-11-01 — first call window,Get ahead of the Oct/Nov renewal rush; start ACER process now before CARE backlog builds
Arvind Kumar Nand Kumar Ltd.,TIER 3 — Junior RM / Tele-sales,Aug Wk4 (Aug 24-31),5.49,0,5.0,Other,CARE,October 2026,1,LOW,INC rating hits HOT threshold on 2026-11-14 — first call window,Get ahead of the Oct/Nov renewal rush; start ACER process now before CARE backlog builds
Tatwa Technologies Ltd.,TIER 3 — Junior RM / Tele-sales,Aug Wk4 (Aug 24-31),5.45,0,5.0,IT/Technology,BRICKWORK,October 2026,1,LOW,INC rating hits HOT threshold on 2026-11-24 — first call window,Get ahead of the Oct/Nov renewal rush; start ACER process now before BRICKWORK backlog builds
Poddar Mercantile Pvt. Ltd.,TIER 3 — Junior RM / Tele-sales,Aug Wk3 (Aug 17-21),5.42,0,3.0,Construction,CRISIL,October 2026,1,MEDIUM,INC rating hits ULTRA HOT threshold on 2026-11-04 — first call window,Get ahead of the Oct/Nov renewal rush; start ACER process now before CRISIL backlog builds
Sarvesh Multi Plast India Pvt. Ltd.,TIER 3 — Junior RM / Tele-sales,Aug Wk4 (Aug 24-31),5.42,0,5.0,Other,ACUITE,October 2026,1,LOW,INC rating hits HOT threshold on 2026-11-15 — first call window,Get ahead of the Oct/Nov renewal rush; start ACER process now before ACUITE backlog builds
Apple Chemie India Pvt. Ltd.,TIER 3 — Junior RM / Tele-sales,Aug Wk4 (Aug 24-31),5.4,0,5.0,Chemicals & Pharma,CRISIL,October 2026,1,LOW,INC rating hits HOT threshold on 2026-10-10 — first call window,Get ahead of the Oct/Nov renewal rush; start ACER process now before CRISIL backlog builds
E C L Finance Ltd.,TIER 3 — Junior RM / Tele-sales,Aug Wk4 (Aug 24-31),5.4,0,3.0,BFSI,CRISIL,October 2026,1,LOW,INC rating hits HOT threshold on 2026-10-09 — first call window,Get ahead of the Oct/Nov renewal rush; start ACER process now before CRISIL backlog builds
Jamkash Trucking Pvt. Ltd.,TIER 3 — Junior RM / Tele-sales,Aug Wk4 (Aug 24-31),5.4,0,5.0,Logistics,CRISIL,October 2026,1,LOW,INC rating hits HOT threshold on 2026-11-24 — first call window,Get ahead of the Oct/Nov renewal rush; start ACER process now before CRISIL backlog builds
Shree Sai Organic Foods Pvt. Ltd.,TIER 3 — Junior RM / Tele-sales,Aug Wk3 (Aug 17-21),5.35,0,5.0,Agro & Food,CARE,October 2026,1,MEDIUM,INC rating hits ULTRA HOT threshold on 2026-11-24 — first call window,Get ahead of the Oct/Nov renewal rush; start ACER process now before CARE backlog builds
Snam Abrasives Pvt. Ltd.,TIER 3 — Junior RM / Tele-sales,Aug Wk4 (Aug 24-31),5.34,0,5.0,Other,ICRA,October 2026,1,LOW,INC rating hits HOT threshold on 2026-10-20 — first call window,Get ahead of the Oct/Nov renewal rush; start ACER process now before ICRA backlog builds
B K S Textiles Pvt. Ltd.,TIER 3 — Junior RM / Tele-sales,Aug Wk4 (Aug 24-31),5.33,0,5.0,Construction,CRISIL,October 2026,1,LOW,INC rating hits HOT threshold on 2026-10-09 — first call window,Get ahead of the Oct/Nov renewal rush; start ACER process now before CRISIL backlog builds
S P Solvent Pvt. Ltd.,TIER 3 — Junior RM / Tele-sales,Aug Wk4 (Aug 24-31),5.31,0,5.0,Chemicals & Pharma,CARE,October 2026,1,LOW,INC rating hits HOT threshold on 2026-10-17 — first call window,Get ahead of the Oct/Nov renewal rush; start ACER process now before CARE backlog builds
S R S Diecasting Pvt. Ltd.,TIER 3 — Junior RM / Tele-sales,Aug Wk3 (Aug 17-21),5.26,0,5.0,Steel & Metals,ACUITE,October 2026,1,MEDIUM,INC rating hits ULTRA HOT threshold on 2026-10-30 — first call window,Get ahead of the Oct/Nov renewal rush; start ACER process now before ACUITE backlog builds
Machine House (India) Pvt. Ltd.,TIER 3 — Junior RM / Tele-sales,Aug Wk4 (Aug 24-31),5.25,0,5.0,Manufacturing,CRISIL,October 2026,1,LOW,INC rating hits HOT threshold on 2026-11-22 — first call window,Get ahead of the Oct/Nov renewal rush; start ACER process now before CRISIL backlog builds
Merit Organics Ltd.,TIER 3 — Junior RM / Tele-sales,Aug Wk3 (Aug 17-21),5.25,0,5.0,Other,CRISIL,October 2026,1,MEDIUM,INC rating hits ULTRA HOT threshold on 2026-11-19 — first call window,Get ahead of the Oct/Nov renewal rush; start ACER process now before CRISIL backlog builds
Peass Industrial Engineers Pvt. Ltd.,TIER 3 — Junior RM / Tele-sales,Aug Wk3 (Aug 17-21),5.25,0,5.0,Manufacturing,BRICKWORK,October 2026,1,MEDIUM,INC rating hits ULTRA HOT threshold on 2026-11-06 — first call window,Get ahead of the Oct/Nov renewal rush; start ACER process now before BRICKWORK backlog builds
Subhash Distributors Ltd.,TIER 3 — Junior RM / Tele-sales,Aug Wk4 (Aug 24-31),5.25,0,4.0,Other,BRICKWORK,Q2 2027,1,LOW (<90 days),"INC since Apr 2026 (87 days). MEDIUM by Oct 2026, HOT by Jan 2027, ULTRA HOT by Apr 2027.",Your Bank Guarantee at BRICKWORK hits ULTRA HOT in Apr 2027. Start ACER process by Jan 2027 to be ahead of Q2 2027 renewal rush.
Legency Remedies Pvt. Ltd.,TIER 3 — Junior RM / Tele-sales,Aug Wk4 (Aug 24-31),5.24,0,5.0,Other,BRICKWORK,Q1 2027,1,LOW/MEDIUM,INC rating hits ULTRA HOT on 2027-03-26 — prime Q1 2027 renewal target,Your Term Loan at BRICKWORK goes critical in Mar 2027. Start ACER process in Sep 2026 — before the Q1 rush.
Mahalaxmi Paddy Products Pvt. Ltd.,TIER 3 — Junior RM / Tele-sales,Aug Wk4 (Aug 24-31),5.17,0,5.0,Manufacturing,ACUITE,October 2026,1,LOW,INC rating hits HOT threshold on 2026-10-13 — first call window,Get ahead of the Oct/Nov renewal rush; start ACER process now before ACUITE backlog builds
Himgiri Packs Pvt. Ltd.,TIER 3 — Junior RM / Tele-sales,Aug Wk4 (Aug 24-31),5.16,0,5.0,Other,ACUITE,Q1 2027,1,LOW/MEDIUM,INC rating hits ULTRA HOT on 2027-03-20 — prime Q1 2027 renewal target,Your Term Loan at ACUITE goes critical in Mar 2027. Start ACER process in Sep 2026 — before the Q1 rush.
Mukul Overseas Pvt. Ltd.,TIER 3 — Junior RM / Tele-sales,Aug Wk4 (Aug 24-31),5.15,0,5.0,Other,BRICKWORK,Q1 2027,1,LOW/MEDIUM,INC rating hits ULTRA HOT on 2027-03-10 — prime Q1 2027 renewal target,Your Term Loan at BRICKWORK goes critical in Mar 2027. Start ACER process in Sep 2026 — before the Q1 rush.
Ramsons Organics Ltd.,TIER 3 — Junior RM / Tele-sales,Aug Wk3 (Aug 17-21),5.14,0,4.0,Other,CARE,October 2026,1,MEDIUM,INC rating hits ULTRA HOT threshold on 2026-10-03 — first call window,Get ahead of the Oct/Nov renewal rush; start ACER process now before CARE backlog builds
Rankas Texfab Pvt. Ltd.,TIER 3 — Junior RM / Tele-sales,Aug Wk4 (Aug 24-31),5.11,0,5.0,Other,CRISIL,October 2026,1,LOW,INC rating hits HOT threshold on 2026-10-09 — first call window,Get ahead of the Oct/Nov renewal rush; start ACER process now before CRISIL backlog builds
R T Vision Technologies Pvt. Ltd.,TIER 3 — Junior RM / Tele-sales,Aug Wk4 (Aug 24-31),5.07,0,5.0,IT/Technology,CRISIL,October 2026,1,LOW,INC rating hits HOT threshold on 2026-10-20 — first call window,Get ahead of the Oct/Nov renewal rush; start ACER process now before CRISIL backlog builds
Kej Minerals Pvt. Ltd.,TIER 3 — Junior RM / Tele-sales,Aug Wk4 (Aug 24-31),5.03,0,5.0,Mining & Minerals,ACUITE,October 2026,1,LOW,INC rating hits HOT threshold on 2026-11-27 — first call window,Get ahead of the Oct/Nov renewal rush; start ACER process now before ACUITE backlog builds
Nav Shikha Polypack Inds. Pvt. Ltd.,TIER 3 — Junior RM / Tele-sales,Aug Wk3 (Aug 17-21),5.03,0,5.0,Other,ICRA,October 2026,1,MEDIUM,INC rating hits ULTRA HOT threshold on 2026-10-10 — first call window,Get ahead of the Oct/Nov renewal rush; start ACER process now before ICRA backlog builds
A C P Industries Ltd.,TIER 3 — Junior RM / Tele-sales,Aug Wk4 (Aug 24-31),5.0,0,5.0,Manufacturing,CRISIL,October 2026,1,LOW,INC rating hits HOT threshold on 2026-10-09 — first call window,Get ahead of the Oct/Nov renewal rush; start ACER process now before CRISIL backlog builds
A M O Mobility Solutions Pvt. Ltd.,TIER 3 — Junior RM / Tele-sales,Aug Wk3 (Aug 17-21),5.0,0,4.0,Other,CARE,October 2026,1,MEDIUM,INC rating hits ULTRA HOT threshold on 2026-10-07 — first call window,Get ahead of the Oct/Nov renewal rush; start ACER process now before CARE backlog builds
A P S Power-Tech (India) Pvt. Ltd.,TIER 3 — Junior RM / Tele-sales,Aug Wk4 (Aug 24-31),5.0,0,4.0,Energy,CRISIL,October 2026,1,LOW,INC rating hits HOT threshold on 2026-11-17 — first call window,Get ahead of the Oct/Nov renewal rush; start ACER process now before CRISIL backlog builds
A S R Met Tech Pvt. Ltd.,TIER 3 — Junior RM / Tele-sales,Aug Wk4 (Aug 24-31),5.0,0,5.0,IT/Technology,ACUITE,October 2026,1,LOW,INC rating hits HOT threshold on 2026-11-27 — first call window,Get ahead of the Oct/Nov renewal rush; start ACER process now before ACUITE backlog builds
Abhimaani Publications Ltd.,TIER 3 — Junior RM / Tele-sales,Aug Wk3 (Aug 17-21),5.0,0,5.0,Other,BRICKWORK,October 2026,1,MEDIUM,INC rating hits ULTRA HOT threshold on 2026-10-13 — first call window,Get ahead of the Oct/Nov renewal rush; start ACER process now before BRICKWORK backlog builds
Al-Nasir Exports Pvt. Ltd.,TIER 3 — Junior RM / Tele-sales,Aug Wk4 (Aug 24-31),5.0,0,5.0,Other,CARE,Q2 2027,1,LOW (<90 days),"INC since Apr 2026 (68 days). MEDIUM by Oct 2026, HOT by Jan 2027, ULTRA HOT by Apr 2027.",Your Term loans at CARE hits ULTRA HOT in Apr 2027. Start ACER process by Jan 2027 to be ahead of Q2 2027 renewal rush.
Amkette Analytics Ltd.,TIER 3 — Junior RM / Tele-sales,Aug Wk3 (Aug 17-21),5.0,0,3.0,IT/Technology,CRISIL,October 2026,1,MEDIUM,INC rating hits ULTRA HOT threshold on 2026-11-19 — first call window,Get ahead of the Oct/Nov renewal rush; start ACER process now before CRISIL backlog builds
Anandeshwar Polypack Pvt. Ltd.,TIER 3 — Junior RM / Tele-sales,Aug Wk3 (Aug 17-21),5.0,0,3.0,Other,CRISIL,October 2026,1,MEDIUM,INC rating hits ULTRA HOT threshold on 2026-10-06 — first call window,Get ahead of the Oct/Nov renewal rush; start ACER process now before CRISIL backlog builds
Ankur Iron (India) Pvt. Ltd.,TIER 3 — Junior RM / Tele-sales,Aug Wk4 (Aug 24-31),5.0,0,3.0,Steel & Metals,CRISIL,Q2 2027,1,LOW (<90 days),"INC since Apr 2026 (68 days). MEDIUM by Oct 2026, HOT by Jan 2027, ULTRA HOT by Apr 2027.",Your Letter Of credit at CRISIL hits ULTRA HOT in Apr 2027. Start ACER process by Jan 2027 to be ahead of Q2 2027 renewal rush.
Arek Industries Pvt. Ltd.,TIER 3 — Junior RM / Tele-sales,Aug Wk4 (Aug 24-31),5.0,0,5.0,Manufacturing,CARE,October 2026,1,LOW,INC rating hits HOT threshold on 2026-11-27 — first call window,Get ahead of the Oct/Nov renewal rush; start ACER process now before CARE backlog builds
Arunnachala Impex Pvt. Ltd.,TIER 3 — Junior RM / Tele-sales,Aug Wk4 (Aug 24-31),5.0,0,3.0,Other,BRICKWORK,Q1 2027,1,LOW/MEDIUM,INC rating hits ULTRA HOT on 2027-01-02 — prime Q1 2027 renewal target,Your Letter of Credit at BRICKWORK goes critical in Jan 2027. Start ACER process in Sep 2026 — before the Q1 rush.
Aryan Castings Pvt. Ltd.,TIER 3 — Junior RM / Tele-sales,Aug Wk4 (Aug 24-31),5.0,0,3.0,Other,ACUITE,Q2 2027,1,LOW (<90 days),"INC since Apr 2026 (65 days). MEDIUM by Oct 2026, HOT by Jan 2027, ULTRA HOT by Apr 2027.",Your Letter Of credit at ACUITE hits ULTRA HOT in Apr 2027. Start ACER process by Jan 2027 to be ahead of Q2 2027 renewal rush.
Ascott Electricals Pvt. Ltd.,TIER 3 — Junior RM / Tele-sales,Aug Wk4 (Aug 24-31),5.0,0,3.0,Energy,ICRA,October 2026,1,LOW,INC rating hits HOT threshold on 2026-10-19 — first call window,Get ahead of the Oct/Nov renewal rush; start ACER process now before ICRA backlog builds
Azure Switchgear Pvt. Ltd.,TIER 3 — Junior RM / Tele-sales,Aug Wk4 (Aug 24-31),5.0,0,5.0,Other,CRISIL,October 2026,1,LOW,INC rating hits HOT threshold on 2026-10-10 — first call window,Get ahead of the Oct/Nov renewal rush; start ACER process now before CRISIL backlog builds
B J S Motors Pvt. Ltd.,TIER 3 — Junior RM / Tele-sales,Aug Wk4 (Aug 24-31),5.0,0,5.0,Automobiles,CRISIL,October 2026,1,LOW,INC rating hits HOT threshold on 2026-10-09 — first call window,Get ahead of the Oct/Nov renewal rush; start ACER process now before CRISIL backlog builds
B S L Castings Pvt. Ltd.,TIER 3 — Junior RM / Tele-sales,Aug Wk3 (Aug 17-21),5.0,0,3.0,Steel & Metals,CRISIL,October 2026,1,MEDIUM,INC rating hits ULTRA HOT threshold on 2026-10-13 — first call window,Get ahead of the Oct/Nov renewal rush; start ACER process now before CRISIL backlog builds
Bagh Bahar Appliances Pvt. Ltd.,TIER 3 — Junior RM / Tele-sales,Aug Wk4 (Aug 24-31),5.0,0,3.0,Other,ACUITE,Q2 2027,1,LOW (<90 days),"INC since Apr 2026 (82 days). MEDIUM by Oct 2026, HOT by Jan 2027, ULTRA HOT by Apr 2027.",Your Short-term loan at ACUITE hits ULTRA HOT in Apr 2027. Start ACER process by Jan 2027 to be ahead of Q2 2027 renewal rush.
Bharat Barrel & Drum Mfg. Co. Pvt. Ltd.,TIER 3 — Junior RM / Tele-sales,Aug Wk3 (Aug 17-21),5.0,0,4.0,Other,CRISIL,October 2026,1,MEDIUM,INC rating hits ULTRA HOT threshold on 2026-11-14 — first call window,Get ahead of the Oct/Nov renewal rush; start ACER process now before CRISIL backlog builds
Bina Udyog Pvt. Ltd.,TIER 3 — Junior RM / Tele-sales,Aug Wk4 (Aug 24-31),5.0,0,4.0,Other,CRISIL,October 2026,1,LOW,INC rating hits HOT threshold on 2026-10-30 — first call window,Get ahead of the Oct/Nov renewal rush; start ACER process now before CRISIL backlog builds
Borah Agencies Pvt. Ltd.,TIER 3 — Junior RM / Tele-sales,Aug Wk4 (Aug 24-31),5.0,0,5.0,Other,CARE,October 2026,1,LOW,INC rating hits HOT threshold on 2026-10-31 — first call window,Get ahead of the Oct/Nov renewal rush; start ACER process now before CARE backlog builds
Brahmaputra Carbon Ltd.,TIER 3 — Junior RM / Tele-sales,Aug Wk4 (Aug 24-31),5.0,0,4.0,Automobiles,CARE,October 2026,1,LOW,INC rating hits HOT threshold on 2026-11-27 — first call window,Get ahead of the Oct/Nov renewal rush; start ACER process now before CARE backlog builds
Brand Alloys Pvt. Ltd.,TIER 3 — Junior RM / Tele-sales,Aug Wk4 (Aug 24-31),5.0,0,4.0,Steel & Metals,BRICKWORK,Q1 2027,1,LOW/MEDIUM,INC rating hits ULTRA HOT on 2027-03-13 — prime Q1 2027 renewal target,Your Bank Guarantee at BRICKWORK goes critical in Mar 2027. Start ACER process in Sep 2026 — before the Q1 rush.
C L H Gaseous Fuel Applications Pvt. Ltd.,TIER 3 — Junior RM / Tele-sales,Aug Wk4 (Aug 24-31),5.0,0,3.0,Energy,BRICKWORK,October 2026,1,LOW,INC rating hits HOT threshold on 2026-11-20 — first call window,Get ahead of the Oct/Nov renewal rush; start ACER process now before BRICKWORK backlog builds
Creative Propack Ltd.,TIER 3 — Junior RM / Tele-sales,Aug Wk4 (Aug 24-31),5.0,0,5.0,Other,CRISIL,Q1 2027,1,LOW/MEDIUM,INC rating hits ULTRA HOT on 2027-03-12 — prime Q1 2027 renewal target,Your Term Loan at CRISIL goes critical in Mar 2027. Start ACER process in Sep 2026 — before the Q1 rush.
Daftari Agro Pvt. Ltd.,TIER 3 — Junior RM / Tele-sales,Aug Wk4 (Aug 24-31),5.0,0,5.0,Agro & Food,ACUITE,Q1 2027,1,LOW/MEDIUM,INC rating hits ULTRA HOT on 2027-03-25 — prime Q1 2027 renewal target,Your Fund-Based at ACUITE goes critical in Mar 2027. Start ACER process in Sep 2026 — before the Q1 rush.
Deejay Plastics Pvt. Ltd.,TIER 3 — Junior RM / Tele-sales,Aug Wk3 (Aug 17-21),5.0,0,4.0,Chemicals & Pharma,ACUITE,October 2026,1,MEDIUM,INC rating hits ULTRA HOT threshold on 2026-10-22 — first call window,Get ahead of the Oct/Nov renewal rush; start ACER process now before ACUITE backlog builds
Fabrimax Engineering Pvt. Ltd.,TIER 3 — Junior RM / Tele-sales,Aug Wk4 (Aug 24-31),5.0,0,4.0,Manufacturing,CARE,October 2026,1,LOW,INC rating hits HOT threshold on 2026-10-31 — first call window,Get ahead of the Oct/Nov renewal rush; start ACER process now before CARE backlog builds
Gajanand Corporation Pvt. Ltd.,TIER 3 — Junior RM / Tele-sales,Aug Wk3 (Aug 17-21),5.0,0,5.0,Other,ACUITE,October 2026,1,MEDIUM,INC rating hits ULTRA HOT threshold on 2026-10-17 — first call window,Get ahead of the Oct/Nov renewal rush; start ACER process now before ACUITE backlog builds
Gargo Motors Ltd.,TIER 3 — Junior RM / Tele-sales,Aug Wk3 (Aug 17-21),5.0,0,5.0,Automobiles,CRISIL,October 2026,1,MEDIUM,INC rating hits ULTRA HOT threshold on 2026-10-20 — first call window,Get ahead of the Oct/Nov renewal rush; start ACER process now before CRISIL backlog builds
Gilada Finance & Invsts. Ltd.,TIER 3 — Junior RM / Tele-sales,Aug Wk4 (Aug 24-31),5.0,0,5.0,BFSI,ACUITE,October 2026,1,LOW,INC rating hits HOT threshold on 2026-10-11 — first call window,Get ahead of the Oct/Nov renewal rush; start ACER process now before ACUITE backlog builds
Girdhar Tents Pvt. Ltd.,TIER 3 — Junior RM / Tele-sales,Aug Wk4 (Aug 24-31),5.0,0,3.0,Other,ICRA,October 2026,1,LOW,INC rating hits HOT threshold on 2026-10-16 — first call window,Get ahead of the Oct/Nov renewal rush; start ACER process now before ICRA backlog builds
Gogreen Warehouses Pvt. Ltd.,TIER 3 — Junior RM / Tele-sales,Aug Wk4 (Aug 24-31),5.0,0,4.0,Logistics,CRISIL,October 2026,1,LOW,INC rating hits HOT threshold on 2026-11-09 — first call window,Get ahead of the Oct/Nov renewal rush; start ACER process now before CRISIL backlog builds
Goldstar Power Ltd.,TIER 3 — Junior RM / Tele-sales,Aug Wk3 (Aug 17-21),5.0,0,3.0,Energy,CRISIL,October 2026,1,MEDIUM,INC rating hits ULTRA HOT threshold on 2026-11-21 — first call window,Get ahead of the Oct/Nov renewal rush; start ACER process now before CRISIL backlog builds
J B Fashions Ltd.,TIER 3 — Junior RM / Tele-sales,Aug Wk3 (Aug 17-21),5.0,0,5.0,Textiles,CRISIL,October 2026,1,MEDIUM,INC rating hits ULTRA HOT threshold on 2026-11-20 — first call window,Get ahead of the Oct/Nov renewal rush; start ACER process now before CRISIL backlog builds
Jai Bhagwati Texprint Pvt. Ltd.,TIER 3 — Junior RM / Tele-sales,Aug Wk4 (Aug 24-31),5.0,0,5.0,Paper/Packaging,IND-RA,October 2026,1,LOW,INC rating hits HOT threshold on 2026-10-13 — first call window,Get ahead of the Oct/Nov renewal rush; start ACER process now before IND-RA backlog builds
Kailash Infratech Pvt. Ltd.,TIER 3 — Junior RM / Tele-sales,Aug Wk3 (Aug 17-21),5.0,0,5.0,Construction,ICRA,October 2026,1,MEDIUM,INC rating hits ULTRA HOT threshold on 2026-11-14 — first call window,Get ahead of the Oct/Nov renewal rush; start ACER process now before ICRA backlog builds
Kala Genset Pvt. Ltd.,TIER 3 — Junior RM / Tele-sales,Aug Wk4 (Aug 24-31),5.0,0,3.0,Other,ICRA,October 2026,1,LOW,INC rating hits HOT threshold on 2026-11-15 — first call window,Get ahead of the Oct/Nov renewal rush; start ACER process now before ICRA backlog builds
Laborate Pharmaceuticals India Ltd.,TIER 3 — Junior RM / Tele-sales,Aug Wk3 (Aug 17-21),5.0,0,3.0,Chemicals & Pharma,ICRA,October 2026,1,MEDIUM,INC rating hits ULTRA HOT threshold on 2026-11-17 — first call window,Get ahead of the Oct/Nov renewal rush; start ACER process now before ICRA backlog builds
M R Pro Tech Pvt. Ltd.,TIER 3 — Junior RM / Tele-sales,Aug Wk4 (Aug 24-31),5.0,0,4.0,IT/Technology,BRICKWORK,October 2026,1,LOW,INC rating hits HOT threshold on 2026-11-17 — first call window,Get ahead of the Oct/Nov renewal rush; start ACER process now before BRICKWORK backlog builds
Mahalaxmi Crafts & Tissues Pvt. Ltd.,TIER 3 — Junior RM / Tele-sales,Aug Wk4 (Aug 24-31),5.0,0,5.0,Other,CRISIL+BRICKWORK,Q1 2027,1,LOW/MEDIUM,INC rating hits ULTRA HOT on 2027-03-24 — prime Q1 2027 renewal target,Your Term Loan at CRISIL goes critical in Mar 2027. Start ACER process in Sep 2026 — before the Q1 rush.
Mayar India Ltd.,TIER 3 — Junior RM / Tele-sales,Aug Wk3 (Aug 17-21),5.0,0,5.0,Other,CRISIL,October 2026,1,MEDIUM,INC rating hits ULTRA HOT threshold on 2026-10-09 — first call window,Get ahead of the Oct/Nov renewal rush; start ACER process now before CRISIL backlog builds
Meenar Polydyed Yarns Ltd.,TIER 3 — Junior RM / Tele-sales,Aug Wk4 (Aug 24-31),5.0,0,5.0,Textiles,ICRA,Q1 2027,1,LOW/MEDIUM,INC rating hits ULTRA HOT on 2027-03-25 — prime Q1 2027 renewal target,Your Term Loan at ICRA goes critical in Mar 2027. Start ACER process in Sep 2026 — before the Q1 rush.
My Store Pvt. Ltd.,TIER 3 — Junior RM / Tele-sales,Aug Wk4 (Aug 24-31),5.0,0,5.0,Mining & Minerals,CRISIL,Q2 2027,1,LOW (<90 days),"INC since Apr 2026 (65 days). MEDIUM by Oct 2026, HOT by Jan 2027, ULTRA HOT by Apr 2027.",Your Term loans at CRISIL hits ULTRA HOT in Apr 2027. Start ACER process by Jan 2027 to be ahead of Q2 2027 renewal rush.
N G R T Systems Pvt. Ltd.,TIER 3 — Junior RM / Tele-sales,Aug Wk4 (Aug 24-31),5.0,0,5.0,Other,CARE,October 2026,1,LOW,INC rating hits HOT threshold on 2026-10-26 — first call window,Get ahead of the Oct/Nov renewal rush; start ACER process now before CARE backlog builds
Navicom Technology Intl. Pvt. Ltd.,TIER 3 — Junior RM / Tele-sales,Aug Wk4 (Aug 24-31),5.0,0,4.0,IT/Technology,CRISIL,October 2026,1,LOW,INC rating hits HOT threshold on 2026-11-23 — first call window,Get ahead of the Oct/Nov renewal rush; start ACER process now before CRISIL backlog builds
Nis Facility Mgmt. Services Pvt. Ltd.,TIER 3 — Junior RM / Tele-sales,Aug Wk3 (Aug 17-21),5.0,0,4.0,Other,CRISIL,October 2026,1,MEDIUM,INC rating hits ULTRA HOT threshold on 2026-11-20 — first call window,Get ahead of the Oct/Nov renewal rush; start ACER process now before CRISIL backlog builds
Orbit Coatings Pvt. Ltd.,TIER 3 — Junior RM / Tele-sales,Aug Wk3 (Aug 17-21),5.0,0,5.0,Steel & Metals,CRISIL,October 2026,1,MEDIUM,INC rating hits ULTRA HOT threshold on 2026-11-13 — first call window,Get ahead of the Oct/Nov renewal rush; start ACER process now before CRISIL backlog builds
Orion Motors Pvt. Ltd.,TIER 3 — Junior RM / Tele-sales,Aug Wk3 (Aug 17-21),5.0,0,5.0,Automobiles,CRISIL,October 2026,1,MEDIUM,INC rating hits ULTRA HOT threshold on 2026-10-24 — first call window,Get ahead of the Oct/Nov renewal rush; start ACER process now before CRISIL backlog builds
Patna Iron Pvt. Ltd.,TIER 3 — Junior RM / Tele-sales,Aug Wk4 (Aug 24-31),5.0,0,5.0,Steel & Metals,CRISIL,October 2026,1,LOW,INC rating hits HOT threshold on 2026-10-28 — first call window,Get ahead of the Oct/Nov renewal rush; start ACER process now before CRISIL backlog builds
R S P Metaliks Pvt. Ltd.,TIER 3 — Junior RM / Tele-sales,Aug Wk3 (Aug 17-21),5.0,0,5.0,Steel & Metals,CRISIL,October 2026,1,MEDIUM,INC rating hits ULTRA HOT threshold on 2026-11-05 — first call window,Get ahead of the Oct/Nov renewal rush; start ACER process now before CRISIL backlog builds
Raj Borax Pvt. Ltd.,TIER 3 — Junior RM / Tele-sales,Aug Wk3 (Aug 17-21),5.0,0,3.0,Other,CRISIL,October 2026,1,MEDIUM,INC rating hits ULTRA HOT threshold on 2026-11-05 — first call window,Get ahead of the Oct/Nov renewal rush; start ACER process now before CRISIL backlog builds
Rani Kothi Banquets Pvt. Ltd.,TIER 3 — Junior RM / Tele-sales,Aug Wk4 (Aug 24-31),5.0,0,5.0,Other,CRISIL,October 2026,1,LOW,INC rating hits HOT threshold on 2026-11-23 — first call window,Get ahead of the Oct/Nov renewal rush; start ACER process now before CRISIL backlog builds
S K Jain Constructions Pvt. Ltd.,TIER 3 — Junior RM / Tele-sales,Aug Wk3 (Aug 17-21),5.0,0,4.0,Construction,CRISIL,October 2026,1,MEDIUM,INC rating hits ULTRA HOT threshold on 2026-11-05 — first call window,Get ahead of the Oct/Nov renewal rush; start ACER process now before CRISIL backlog builds
S T S Manufacturing Pvt. Ltd.,TIER 3 — Junior RM / Tele-sales,Aug Wk4 (Aug 24-31),5.0,0,5.0,Manufacturing,CRISIL,Q1 2027,1,LOW/MEDIUM,INC rating hits ULTRA HOT on 2027-03-31 — prime Q1 2027 renewal target,Your Term Loan at CRISIL goes critical in Mar 2027. Start ACER process in Sep 2026 — before the Q1 rush.
Sarv Bio Labs Pvt. Ltd.,TIER 3 — Junior RM / Tele-sales,Aug Wk4 (Aug 24-31),5.0,0,5.0,Healthcare,CARE,October 2026,1,LOW,INC rating hits HOT threshold on 2026-10-17 — first call window,Get ahead of the Oct/Nov renewal rush; start ACER process now before CARE backlog builds
Shailja Papers Ltd.,TIER 3 — Junior RM / Tele-sales,Aug Wk4 (Aug 24-31),5.0,0,3.0,Paper/Packaging,BRICKWORK,Q1 2027,1,LOW/MEDIUM,INC rating hits ULTRA HOT on 2027-03-10 — prime Q1 2027 renewal target,Your Letter of Credit at BRICKWORK goes critical in Mar 2027. Start ACER process in Sep 2026 — before the Q1 rush.
Shiv Industries (Food) Pvt. Ltd.,TIER 3 — Junior RM / Tele-sales,Aug Wk3 (Aug 17-21),5.0,0,5.0,Agro & Food,CRISIL,October 2026,1,MEDIUM,INC rating hits ULTRA HOT threshold on 2026-10-29 — first call window,Get ahead of the Oct/Nov renewal rush; start ACER process now before CRISIL backlog builds
Shivaganga Polymers Pvt. Ltd.,TIER 3 — Junior RM / Tele-sales,Aug Wk3 (Aug 17-21),5.0,0,5.0,Chemicals & Pharma,BRICKWORK,October 2026,1,MEDIUM,INC rating hits ULTRA HOT threshold on 2026-11-26 — first call window,Get ahead of the Oct/Nov renewal rush; start ACER process now before BRICKWORK backlog builds
Shree Krishna Timber Co. Pvt. Ltd.,TIER 3 — Junior RM / Tele-sales,Aug Wk4 (Aug 24-31),5.0,0,3.0,Other,CRISIL,October 2026,1,LOW,INC rating hits HOT threshold on 2026-10-20 — first call window,Get ahead of the Oct/Nov renewal rush; start ACER process now before CRISIL backlog builds
Shree Sidhbali Steels Pvt. Ltd.,TIER 3 — Junior RM / Tele-sales,Aug Wk4 (Aug 24-31),5.0,0,3.0,Steel & Metals,CRISIL,Q1 2027,1,LOW/MEDIUM,INC rating hits ULTRA HOT on 2027-03-27 — prime Q1 2027 renewal target,Your Letter of Credit at CRISIL goes critical in Mar 2027. Start ACER process in Sep 2026 — before the Q1 rush.
Shri Laxmibadri Agro Foods Pvt. Ltd.,TIER 3 — Junior RM / Tele-sales,Aug Wk4 (Aug 24-31),5.0,0,5.0,Agro & Food,CRISIL,October 2026,1,LOW,INC rating hits HOT threshold on 2026-10-28 — first call window,Get ahead of the Oct/Nov renewal rush; start ACER process now before CRISIL backlog builds
Singrauli Finlease Pvt. Ltd.,TIER 3 — Junior RM / Tele-sales,Aug Wk4 (Aug 24-31),5.0,0,4.0,Other,CARE,Q2 2027,1,LOW (<90 days),"INC since Apr 2026 (83 days). MEDIUM by Oct 2026, HOT by Jan 2027, ULTRA HOT by Apr 2027.",Your Bank Guarantee at CARE hits ULTRA HOT in Apr 2027. Start ACER process by Jan 2027 to be ahead of Q2 2027 renewal rush.
Soma Vine Village Pvt. Ltd.,TIER 3 — Junior RM / Tele-sales,Aug Wk4 (Aug 24-31),5.0,0,5.0,Other,CRISIL,October 2026,1,LOW,INC rating hits HOT threshold on 2026-11-24 — first call window,Get ahead of the Oct/Nov renewal rush; start ACER process now before CRISIL backlog builds
Sooraj Agro Mills (India) Pvt. Ltd.,TIER 3 — Junior RM / Tele-sales,Aug Wk3 (Aug 17-21),5.0,0,4.0,Agro & Food,ACUITE,October 2026,1,MEDIUM,INC rating hits ULTRA HOT threshold on 2026-10-29 — first call window,Get ahead of the Oct/Nov renewal rush; start ACER process now before ACUITE backlog builds
Souhardha Infra-Tech Pvt. Ltd.,TIER 3 — Junior RM / Tele-sales,Aug Wk4 (Aug 24-31),5.0,0,5.0,Construction,CRISIL,October 2026,1,LOW,INC rating hits HOT threshold on 2026-11-24 — first call window,Get ahead of the Oct/Nov renewal rush; start ACER process now before CRISIL backlog builds
Sri Bhagyalakshmi Cotex Pvt. Ltd.,TIER 3 — Junior RM / Tele-sales,Aug Wk3 (Aug 17-21),5.0,0,5.0,Other,CRISIL,October 2026,1,MEDIUM,INC rating hits ULTRA HOT threshold on 2026-11-10 — first call window,Get ahead of the Oct/Nov renewal rush; start ACER process now before CRISIL backlog builds
Sumesh Engineers Pvt. Ltd.,TIER 3 — Junior RM / Tele-sales,Aug Wk4 (Aug 24-31),5.0,0,4.0,Manufacturing,CRISIL,October 2026,1,LOW,INC rating hits HOT threshold on 2026-10-24 — first call window,Get ahead of the Oct/Nov renewal rush; start ACER process now before CRISIL backlog builds
Supreem Pharmaceuticals Mysore Pvt. Ltd.,TIER 3 — Junior RM / Tele-sales,Aug Wk4 (Aug 24-31),5.0,0,3.0,Chemicals & Pharma,BRICKWORK,Q1 2027,1,LOW/MEDIUM,INC rating hits ULTRA HOT on 2027-03-17 — prime Q1 2027 renewal target,Your Letter of Credit at BRICKWORK goes critical in Mar 2027. Start ACER process in Sep 2026 — before the Q1 rush.
Surface Engineering Pvt. Ltd.,TIER 3 — Junior RM / Tele-sales,Aug Wk4 (Aug 24-31),5.0,0,4.0,Manufacturing,CRISIL,October 2026,1,LOW,INC rating hits HOT threshold on 2026-10-25 — first call window,Get ahead of the Oct/Nov renewal rush; start ACER process now before CRISIL backlog builds
Tara Syntex Pvt. Ltd.,TIER 3 — Junior RM / Tele-sales,Aug Wk4 (Aug 24-31),5.0,0,5.0,Other,IND-RA,Q2 2027,1,LOW (<90 days),"INC since Apr 2026 (87 days). MEDIUM by Oct 2026, HOT by Jan 2027, ULTRA HOT by Apr 2027.",Your Term loans at IND-RA hits ULTRA HOT in Apr 2027. Start ACER process by Jan 2027 to be ahead of Q2 2027 renewal rush.
Taurian M P S Ltd.,TIER 3 — Junior RM / Tele-sales,Aug Wk3 (Aug 17-21),5.0,0,5.0,Other,CRISIL,October 2026,1,MEDIUM,INC rating hits ULTRA HOT threshold on 2026-10-31 — first call window,Get ahead of the Oct/Nov renewal rush; start ACER process now before CRISIL backlog builds
Trina N R E Transportation Ltd.,TIER 3 — Junior RM / Tele-sales,Aug Wk4 (Aug 24-31),5.0,0,5.0,Logistics,CRISIL,Q1 2027,1,LOW/MEDIUM,INC rating hits ULTRA HOT on 2027-03-30 — prime Q1 2027 renewal target,Your Term Loan at CRISIL goes critical in Mar 2027. Start ACER process in Sep 2026 — before the Q1 rush.
Unitech Fabricators & Engineers Pvt. Ltd.,TIER 3 — Junior RM / Tele-sales,Aug Wk3 (Aug 17-21),5.0,0,4.0,Manufacturing,CRISIL,October 2026,1,MEDIUM,INC rating hits ULTRA HOT threshold on 2026-10-30 — first call window,Get ahead of the Oct/Nov renewal rush; start ACER process now before CRISIL backlog builds
United Cooling Systems Pvt. Ltd.,TIER 3 — Junior RM / Tele-sales,Aug Wk4 (Aug 24-31),5.0,0,4.0,Other,ACUITE,October 2026,1,LOW,INC rating hits HOT threshold on 2026-10-20 — first call window,Get ahead of the Oct/Nov renewal rush; start ACER process now before ACUITE backlog builds
Universal Construction Machinery & Equipment Ltd.,TIER 3 — Junior RM / Tele-sales,Aug Wk4 (Aug 24-31),5.0,0,3.0,Construction,CRISIL,Q2 2027,1,LOW (<90 days),"INC since Apr 2026 (59 days). MEDIUM by Oct 2026, HOT by Jan 2027, ULTRA HOT by Apr 2027.",Your Letter Of credit at CRISIL hits ULTRA HOT in Apr 2027. Start ACER process by Jan 2027 to be ahead of Q2 2027 renewal rush.
V K R Projects Pvt. Ltd.,TIER 3 — Junior RM / Tele-sales,Aug Wk4 (Aug 24-31),5.0,0,4.0,Construction,CRISIL,October 2026,1,LOW,INC rating hits HOT threshold on 2026-10-28 — first call window,Get ahead of the Oct/Nov renewal rush; start ACER process now before CRISIL backlog builds
V S Engineering Pvt. Ltd.,TIER 3 — Junior RM / Tele-sales,Aug Wk3 (Aug 17-21),5.0,0,4.0,Manufacturing,CRISIL,October 2026,1,MEDIUM,INC rating hits ULTRA HOT threshold on 2026-10-30 — first call window,Get ahead of the Oct/Nov renewal rush; start ACER process now before CRISIL backlog builds
Vaishno Devi Food Products Pvt. Ltd.,TIER 3 — Junior RM / Tele-sales,Aug Wk4 (Aug 24-31),5.0,0,5.0,Agro & Food,BRICKWORK,Q2 2027,1,LOW (<90 days),"INC since Apr 2026 (82 days). MEDIUM by Oct 2026, HOT by Jan 2027, ULTRA HOT by Apr 2027.",Your Term loans at BRICKWORK hits ULTRA HOT in Apr 2027. Start ACER process by Jan 2027 to be ahead of Q2 2027 renewal rush.
Varalakshmi Starch Inds. Pvt. Ltd.,TIER 3 — Junior RM / Tele-sales,Aug Wk3 (Aug 17-21),5.0,0,3.0,Other,CARE,October 2026,1,MEDIUM,INC rating hits ULTRA HOT threshold on 2026-11-11 — first call window,Get ahead of the Oct/Nov renewal rush; start ACER process now before CARE backlog builds
Vasavi Pipes Pvt. Ltd.,TIER 3 — Junior RM / Tele-sales,Aug Wk3 (Aug 17-21),5.0,0,5.0,Steel & Metals,CRISIL,October 2026,1,MEDIUM,INC rating hits ULTRA HOT threshold on 2026-10-30 — first call window,Get ahead of the Oct/Nov renewal rush; start ACER process now before CRISIL backlog builds
Vigel Manufacturing Technologies Pvt. Ltd.,TIER 3 — Junior RM / Tele-sales,Aug Wk3 (Aug 17-21),5.0,0,4.0,Manufacturing,BRICKWORK,October 2026,1,MEDIUM,INC rating hits ULTRA HOT threshold on 2026-10-28 — first call window,Get ahead of the Oct/Nov renewal rush; start ACER process now before BRICKWORK backlog builds
Zorin Interiors Pvt. Ltd.,TIER 3 — Junior RM / Tele-sales,Aug Wk4 (Aug 24-31),5.0,0,5.0,Other,CRISIL,Q1 2027,1,LOW/MEDIUM,INC rating hits ULTRA HOT on 2027-03-31 — prime Q1 2027 renewal target,Your Term Loan at CRISIL goes critical in Mar 2027. Start ACER process in Sep 2026 — before the Q1 rush.
Raymix Concrete India Pvt. Ltd.,TIER 3 — Junior RM / Tele-sales,Aug Wk4 (Aug 24-31),4.98,0,5.0,Other,CARE,Q2 2027,1,LOW (<90 days),"INC since Apr 2026 (80 days). MEDIUM by Oct 2026, HOT by Jan 2027, ULTRA HOT by Apr 2027.",Your Term loans at CARE hits ULTRA HOT in Apr 2027. Start ACER process by Jan 2027 to be ahead of Q2 2027 renewal rush.
Allseas Movers Pvt. Ltd.,TIER 3 — Junior RM / Tele-sales,Aug Wk4 (Aug 24-31),4.96,0,5.0,Other,ACUITE,Q1 2027,1,LOW/MEDIUM,INC rating hits ULTRA HOT on 2027-03-13 — prime Q1 2027 renewal target,Your Term Loan at ACUITE goes critical in Mar 2027. Start ACER process in Sep 2026 — before the Q1 rush.
Mohit Polytech Pvt. Ltd.,TIER 3 — Junior RM / Tele-sales,Aug Wk3 (Aug 17-21),4.96,0,4.0,IT/Technology,CARE,October 2026,1,MEDIUM,INC rating hits ULTRA HOT threshold on 2026-11-20 — first call window,Get ahead of the Oct/Nov renewal rush; start ACER process now before CARE backlog builds
R A C Extrusions Ltd.,TIER 3 — Junior RM / Tele-sales,Aug Wk4 (Aug 24-31),4.95,0,5.0,Other,BRICKWORK,October 2026,1,LOW,INC rating hits HOT threshold on 2026-11-16 — first call window,Get ahead of the Oct/Nov renewal rush; start ACER process now before BRICKWORK backlog builds
M G M Infra Devp. Solutions Pvt. Ltd.,TIER 3 — Junior RM / Tele-sales,Aug Wk4 (Aug 24-31),4.94,0,5.0,Construction,CARE,Q2 2027,1,LOW (<90 days),"INC since Apr 2026 (67 days). MEDIUM by Oct 2026, HOT by Jan 2027, ULTRA HOT by Apr 2027.",Your Term loans at CARE hits ULTRA HOT in Apr 2027. Start ACER process by Jan 2027 to be ahead of Q2 2027 renewal rush.
Shree Radhey Radhey Ispat Pvt. Ltd.,TIER 3 — Junior RM / Tele-sales,Aug Wk4 (Aug 24-31),4.93,0,5.0,Other,CARE,Q1 2027,1,LOW/MEDIUM,INC rating hits ULTRA HOT on 2027-03-30 — prime Q1 2027 renewal target,Your Term Loan at CARE goes critical in Mar 2027. Start ACER process in Sep 2026 — before the Q1 rush.
Brijlal Hospital & Research Centre Pvt. Ltd.,TIER 3 — Junior RM / Tele-sales,Aug Wk4 (Aug 24-31),4.92,0,5.0,Healthcare,CARE,October 2026,1,LOW,INC rating hits HOT threshold on 2026-11-07 — first call window,Get ahead of the Oct/Nov renewal rush; start ACER process now before CARE backlog builds
Sri Vyshnavi Dairy Specialities Pvt. Ltd.,TIER 3 — Junior RM / Tele-sales,Aug Wk4 (Aug 24-31),4.91,0,5.0,Agro & Food,CRISIL,October 2026,1,LOW,INC rating hits HOT threshold on 2026-10-25 — first call window,Get ahead of the Oct/Nov renewal rush; start ACER process now before CRISIL backlog builds
Rajda Industries & Export Pvt. Ltd.,TIER 3 — Junior RM / Tele-sales,Aug Wk4 (Aug 24-31),4.9,0,5.0,Logistics,BRICKWORK,October 2026,1,LOW,INC rating hits HOT threshold on 2026-11-01 — first call window,Get ahead of the Oct/Nov renewal rush; start ACER process now before BRICKWORK backlog builds
Rajkrishna Aditya Auto Store Pvt. Ltd.,TIER 3 — Junior RM / Tele-sales,Aug Wk3 (Aug 17-21),4.9,0,4.0,Automobiles,ACUITE,October 2026,1,MEDIUM,INC rating hits ULTRA HOT threshold on 2026-10-17 — first call window,Get ahead of the Oct/Nov renewal rush; start ACER process now before ACUITE backlog builds
K G N Motors Pvt. Ltd.,TIER 3 — Junior RM / Tele-sales,Aug Wk4 (Aug 24-31),4.89,0,5.0,Automobiles,CARE,Q2 2027,1,LOW (<90 days),"INC since Apr 2026 (81 days). MEDIUM by Oct 2026, HOT by Jan 2027, ULTRA HOT by Apr 2027.",Your Term loans at CARE hits ULTRA HOT in Apr 2027. Start ACER process by Jan 2027 to be ahead of Q2 2027 renewal rush.
Soubhagya Processor Pvt. Ltd.,TIER 3 — Junior RM / Tele-sales,Aug Wk3 (Aug 17-21),4.87,0,5.0,Other,CRISIL,October 2026,1,MEDIUM,INC rating hits ULTRA HOT threshold on 2026-11-13 — first call window,Get ahead of the Oct/Nov renewal rush; start ACER process now before CRISIL backlog builds
Skilled Construction Co. Ltd.,TIER 3 — Junior RM / Tele-sales,Aug Wk3 (Aug 17-21),4.85,0,4.0,Construction,CARE,October 2026,1,MEDIUM,INC rating hits ULTRA HOT threshold on 2026-10-16 — first call window,Get ahead of the Oct/Nov renewal rush; start ACER process now before CARE backlog builds
B L Foundry Pvt. Ltd.,TIER 3 — Junior RM / Tele-sales,Aug Wk3 (Aug 17-21),4.84,0,5.0,Steel & Metals,CRISIL,October 2026,1,MEDIUM,INC rating hits ULTRA HOT threshold on 2026-11-17 — first call window,Get ahead of the Oct/Nov renewal rush; start ACER process now before CRISIL backlog builds
Bassi Alloys Pvt. Ltd.,TIER 3 — Junior RM / Tele-sales,Aug Wk3 (Aug 17-21),4.82,0,5.0,Steel & Metals,BRICKWORK,October 2026,1,MEDIUM,INC rating hits ULTRA HOT threshold on 2026-10-17 — first call window,Get ahead of the Oct/Nov renewal rush; start ACER process now before BRICKWORK backlog builds
Carrier Engineers Pvt. Ltd.,TIER 3 — Junior RM / Tele-sales,Aug Wk3 (Aug 17-21),4.8,0,5.0,Manufacturing,CRISIL,October 2026,1,MEDIUM,INC rating hits ULTRA HOT threshold on 2026-10-06 — first call window,Get ahead of the Oct/Nov renewal rush; start ACER process now before CRISIL backlog builds
Saico Cranes Pvt. Ltd.,TIER 3 — Junior RM / Tele-sales,Aug Wk3 (Aug 17-21),4.8,0,5.0,Other,CARE,October 2026,1,MEDIUM,INC rating hits ULTRA HOT threshold on 2026-10-07 — first call window,Get ahead of the Oct/Nov renewal rush; start ACER process now before CARE backlog builds
Hariom Ingots & Power Pvt. Ltd.,TIER 3 — Junior RM / Tele-sales,Aug Wk4 (Aug 24-31),4.77,0,5.0,Energy,ACUITE,October 2026,1,LOW,INC rating hits HOT threshold on 2026-11-23 — first call window,Get ahead of the Oct/Nov renewal rush; start ACER process now before ACUITE backlog builds
Balson Polyplast Pvt. Ltd.,TIER 3 — Junior RM / Tele-sales,Aug Wk3 (Aug 17-21),4.75,0,4.0,Other,BRICKWORK,October 2026,1,MEDIUM,INC rating hits ULTRA HOT threshold on 2026-11-14 — first call window,Get ahead of the Oct/Nov renewal rush; start ACER process now before BRICKWORK backlog builds
Narveda Motors Pvt. Ltd.,TIER 3 — Junior RM / Tele-sales,Aug Wk3 (Aug 17-21),4.75,0,5.0,Automobiles,CRISIL,October 2026,1,MEDIUM,INC rating hits ULTRA HOT threshold on 2026-11-24 — first call window,Get ahead of the Oct/Nov renewal rush; start ACER process now before CRISIL backlog builds
Saini Earthmover Pvt. Ltd.,TIER 3 — Junior RM / Tele-sales,Aug Wk4 (Aug 24-31),4.75,0,5.0,Other,CRISIL,October 2026,1,LOW,INC rating hits HOT threshold on 2026-11-06 — first call window,Get ahead of the Oct/Nov renewal rush; start ACER process now before CRISIL backlog builds
Sanimo Polymers Pvt. Ltd.,TIER 3 — Junior RM / Tele-sales,Aug Wk3 (Aug 17-21),4.75,0,5.0,Chemicals & Pharma,CRISIL,October 2026,1,MEDIUM,INC rating hits ULTRA HOT threshold on 2026-11-10 — first call window,Get ahead of the Oct/Nov renewal rush; start ACER process now before CRISIL backlog builds
Shree Malani Foams Pvt. Ltd.,TIER 3 — Junior RM / Tele-sales,Aug Wk4 (Aug 24-31),4.75,0,5.0,Other,CARE,October 2026,1,LOW,INC rating hits HOT threshold on 2026-11-14 — first call window,Get ahead of the Oct/Nov renewal rush; start ACER process now before CARE backlog builds
Varahamurti Flexirub Inds. Pvt. Ltd.,TIER 3 — Junior RM / Tele-sales,Aug Wk4 (Aug 24-31),4.75,0,5.0,Other,BRICKWORK,October 2026,1,LOW,INC rating hits HOT threshold on 2026-10-03 — first call window,Get ahead of the Oct/Nov renewal rush; start ACER process now before BRICKWORK backlog builds
Kohinoor India Pvt. Ltd.,TIER 3 — Junior RM / Tele-sales,Aug Wk4 (Aug 24-31),4.7,0,3.0,Other,BRICKWORK,October 2026,1,LOW,INC rating hits HOT threshold on 2026-11-15 — first call window,Get ahead of the Oct/Nov renewal rush; start ACER process now before BRICKWORK backlog builds
Suman Forwarding Agency Pvt. Ltd.,TIER 3 — Junior RM / Tele-sales,Aug Wk3 (Aug 17-21),4.69,0,5.0,Other,CRISIL,October 2026,1,MEDIUM,INC rating hits ULTRA HOT threshold on 2026-11-06 — first call window,Get ahead of the Oct/Nov renewal rush; start ACER process now before CRISIL backlog builds
Brisk Facilities (Sugar Division) Pvt. Ltd.,TIER 3 — Junior RM / Tele-sales,Aug Wk4 (Aug 24-31),4.66,0,5.0,Agro & Food,BRICKWORK,October 2026,1,LOW,INC rating hits HOT threshold on 2026-11-16 — first call window,Get ahead of the Oct/Nov renewal rush; start ACER process now before BRICKWORK backlog builds
Value Line Trade Pvt. Ltd.,TIER 3 — Junior RM / Tele-sales,Aug Wk3 (Aug 17-21),4.65,0,3.0,Trading/Exports,CRISIL,October 2026,1,MEDIUM,INC rating hits ULTRA HOT threshold on 2026-11-25 — first call window,Get ahead of the Oct/Nov renewal rush; start ACER process now before CRISIL backlog builds
Carplanet Enterprises Pvt. Ltd.,TIER 3 — Junior RM / Tele-sales,Aug Wk3 (Aug 17-21),4.6,0,5.0,Automobiles,CRISIL,October 2026,1,MEDIUM,INC rating hits ULTRA HOT threshold on 2026-11-12 — first call window,Get ahead of the Oct/Nov renewal rush; start ACER process now before CRISIL backlog builds
Jayshree Aromatics Ltd.,TIER 3 — Junior RM / Tele-sales,Aug Wk4 (Aug 24-31),4.6,0,3.0,Other,BRICKWORK,October 2026,1,LOW,INC rating hits HOT threshold on 2026-11-16 — first call window,Get ahead of the Oct/Nov renewal rush; start ACER process now before BRICKWORK backlog builds
Trafo Power & Electricals Pvt. Ltd,TIER 3 — Junior RM / Tele-sales,Aug Wk4 (Aug 24-31),4.6,0,4.0,Energy,CRISIL,October 2026,1,LOW,INC rating hits HOT threshold on 2026-10-28 — first call window,Get ahead of the Oct/Nov renewal rush; start ACER process now before CRISIL backlog builds
Erawat Pharma Ltd.,TIER 3 — Junior RM / Tele-sales,Aug Wk4 (Aug 24-31),4.59,0,5.0,Chemicals & Pharma,CRISIL,October 2026,1,LOW,INC rating hits HOT threshold on 2026-11-22 — first call window,Get ahead of the Oct/Nov renewal rush; start ACER process now before CRISIL backlog builds
Growel Formulations Pvt. Ltd.,TIER 3 — Junior RM / Tele-sales,Aug Wk4 (Aug 24-31),4.55,0,5.0,Other,CRISIL,October 2026,1,LOW,INC rating hits HOT threshold on 2026-11-22 — first call window,Get ahead of the Oct/Nov renewal rush; start ACER process now before CRISIL backlog builds
Jai Durga Iron Pvt. Ltd.,TIER 3 — Junior RM / Tele-sales,Aug Wk4 (Aug 24-31),4.55,0,5.0,Steel & Metals,CRISIL,October 2026,1,LOW,INC rating hits HOT threshold on 2026-11-22 — first call window,Get ahead of the Oct/Nov renewal rush; start ACER process now before CRISIL backlog builds
Kosmo Plastic Exports Pvt. Ltd.,TIER 3 — Junior RM / Tele-sales,Aug Wk4 (Aug 24-31),4.55,0,5.0,Chemicals & Pharma,BRICKWORK,October 2026,1,LOW,INC rating hits HOT threshold on 2026-11-22 — first call window,Get ahead of the Oct/Nov renewal rush; start ACER process now before BRICKWORK backlog builds
Anya Polytech & Fertilizers Ltd.,TIER 3 — Junior RM / Tele-sales,Aug Wk4 (Aug 24-31),4.54,0,5.0,Agro & Food,CARE,October 2026,1,LOW,INC rating hits HOT threshold on 2026-10-04 — first call window,Get ahead of the Oct/Nov renewal rush; start ACER process now before CARE backlog builds
Ajanta Raaj Proteins Ltd.,TIER 3 — Junior RM / Tele-sales,Aug Wk3 (Aug 17-21),4.52,0,5.0,Other,BRICKWORK,October 2026,1,MEDIUM,INC rating hits ULTRA HOT threshold on 2026-11-26 — first call window,Get ahead of the Oct/Nov renewal rush; start ACER process now before BRICKWORK backlog builds
Asha Entrade Pvt. Ltd.,TIER 3 — Junior RM / Tele-sales,Aug Wk4 (Aug 24-31),4.5,0,5.0,Trading/Exports,CRISIL,October 2026,1,LOW,INC rating hits HOT threshold on 2026-10-09 — first call window,Get ahead of the Oct/Nov renewal rush; start ACER process now before CRISIL backlog builds
B S B Marketing Pvt. Ltd.,TIER 3 — Junior RM / Tele-sales,Aug Wk3 (Aug 17-21),4.5,0,4.0,Steel & Metals,CRISIL,October 2026,1,MEDIUM,INC rating hits ULTRA HOT threshold on 2026-10-24 — first call window,Get ahead of the Oct/Nov renewal rush; start ACER process now before CRISIL backlog builds
Bharat Road Carrier Pvt. Ltd.,TIER 3 — Junior RM / Tele-sales,Aug Wk4 (Aug 24-31),4.5,0,4.0,Construction,CRISIL,October 2026,1,LOW,INC rating hits HOT threshold on 2026-10-09 — first call window,Get ahead of the Oct/Nov renewal rush; start ACER process now before CRISIL backlog builds
Eak Automobiles Pvt. Ltd.,TIER 3 — Junior RM / Tele-sales,Aug Wk3 (Aug 17-21),4.5,0,5.0,Automobiles,CRISIL,October 2026,1,MEDIUM,INC rating hits ULTRA HOT threshold on 2026-11-12 — first call window,Get ahead of the Oct/Nov renewal rush; start ACER process now before CRISIL backlog builds
Electro Teknica Switchgears Pvt. Ltd.,TIER 3 — Junior RM / Tele-sales,Aug Wk4 (Aug 24-31),4.5,0,4.0,Other,CARE,October 2026,1,LOW,INC rating hits HOT threshold on 2026-10-05 — first call window,Get ahead of the Oct/Nov renewal rush; start ACER process now before CARE backlog builds
G S Motors Pvt. Ltd.,TIER 3 — Junior RM / Tele-sales,Aug Wk3 (Aug 17-21),4.5,0,5.0,Automobiles,CRISIL,October 2026,1,MEDIUM,INC rating hits ULTRA HOT threshold on 2026-11-19 — first call window,Get ahead of the Oct/Nov renewal rush; start ACER process now before CRISIL backlog builds
K G Iron & Steel Castings Pvt. Ltd.,TIER 3 — Junior RM / Tele-sales,Aug Wk4 (Aug 24-31),4.5,0,5.0,Steel & Metals,CRISIL,October 2026,1,LOW,INC rating hits HOT threshold on 2026-11-20 — first call window,Get ahead of the Oct/Nov renewal rush; start ACER process now before CRISIL backlog builds
Kanpur Packagers Pvt. Ltd.,TIER 3 — Junior RM / Tele-sales,Aug Wk4 (Aug 24-31),4.5,0,4.0,Other,BRICKWORK,October 2026,1,LOW,INC rating hits HOT threshold on 2026-10-20 — first call window,Get ahead of the Oct/Nov renewal rush; start ACER process now before BRICKWORK backlog builds
Nischint Foods Pvt. Ltd.,TIER 3 — Junior RM / Tele-sales,Aug Wk3 (Aug 17-21),4.5,0,5.0,Agro & Food,CRISIL,October 2026,1,MEDIUM,INC rating hits ULTRA HOT threshold on 2026-11-21 — first call window,Get ahead of the Oct/Nov renewal rush; start ACER process now before CRISIL backlog builds
R P Foam Home Pvt. Ltd.,TIER 3 — Junior RM / Tele-sales,Aug Wk3 (Aug 17-21),4.5,0,3.0,Other,CRISIL,October 2026,1,MEDIUM,INC rating hits ULTRA HOT threshold on 2026-10-23 — first call window,Get ahead of the Oct/Nov renewal rush; start ACER process now before CRISIL backlog builds
Shalini Steels Pvt. Ltd.,TIER 3 — Junior RM / Tele-sales,Aug Wk4 (Aug 24-31),4.5,0,5.0,Steel & Metals,CRISIL,October 2026,1,LOW,INC rating hits HOT threshold on 2026-11-24 — first call window,Get ahead of the Oct/Nov renewal rush; start ACER process now before CRISIL backlog builds
Sheetal Universal Ltd.,TIER 3 — Junior RM / Tele-sales,Aug Wk3 (Aug 17-21),4.5,0,5.0,Other,CRISIL,October 2026,1,MEDIUM,INC rating hits ULTRA HOT threshold on 2026-10-23 — first call window,Get ahead of the Oct/Nov renewal rush; start ACER process now before CRISIL backlog builds
Shri Sainath Cottons Pvt. Ltd.,TIER 3 — Junior RM / Tele-sales,Aug Wk4 (Aug 24-31),4.5,0,5.0,Agro & Food,CRISIL,October 2026,1,LOW,INC rating hits HOT threshold on 2026-10-19 — first call window,Get ahead of the Oct/Nov renewal rush; start ACER process now before CRISIL backlog builds
Solus Security Systems Pvt. Ltd.,TIER 3 — Junior RM / Tele-sales,Aug Wk4 (Aug 24-31),4.5,0,4.0,IT/Technology,CRISIL,Q1 2027,1,LOW/MEDIUM,INC rating hits ULTRA HOT on 2027-03-30 — prime Q1 2027 renewal target,Your Bank Guarantee at CRISIL goes critical in Mar 2027. Start ACER process in Sep 2026 — before the Q1 rush.
St. Peter & Paul Sea Food Exports Pvt. Ltd.,TIER 3 — Junior RM / Tele-sales,Aug Wk4 (Aug 24-31),4.5,0,5.0,Agro & Food,CRISIL,Q1 2027,1,LOW/MEDIUM,INC rating hits ULTRA HOT on 2027-03-11 — prime Q1 2027 renewal target,Your Term Loan at CRISIL goes critical in Mar 2027. Start ACER process in Sep 2026 — before the Q1 rush.
Sumer Sons Pvt. Ltd.,TIER 3 — Junior RM / Tele-sales,Aug Wk3 (Aug 17-21),4.5,0,4.0,Other,BRICKWORK,October 2026,1,MEDIUM,INC rating hits ULTRA HOT threshold on 2026-10-28 — first call window,Get ahead of the Oct/Nov renewal rush; start ACER process now before BRICKWORK backlog builds
Suraj Products Ltd.,TIER 3 — Junior RM / Tele-sales,Aug Wk4 (Aug 24-31),4.5,0,5.0,Manufacturing,CRISIL,October 2026,1,LOW,INC rating hits HOT threshold on 2026-10-28 — first call window,Get ahead of the Oct/Nov renewal rush; start ACER process now before CRISIL backlog builds
Varun Metacraft Pvt. Ltd.,TIER 3 — Junior RM / Tele-sales,Aug Wk3 (Aug 17-21),4.5,0,5.0,Other,CRISIL,October 2026,1,MEDIUM,INC rating hits ULTRA HOT threshold on 2026-10-31 — first call window,Get ahead of the Oct/Nov renewal rush; start ACER process now before CRISIL backlog builds
Vinir Engineering Ltd.,TIER 3 — Junior RM / Tele-sales,Aug Wk3 (Aug 17-21),4.5,0,3.0,Manufacturing,CRISIL,October 2026,1,MEDIUM,INC rating hits ULTRA HOT threshold on 2026-11-20 — first call window,Get ahead of the Oct/Nov renewal rush; start ACER process now before CRISIL backlog builds
Aklavya Industries Pvt. Ltd.,TIER 3 — Junior RM / Tele-sales,Aug Wk3 (Aug 17-21),4.49,0,5.0,Manufacturing,ICRA,October 2026,1,MEDIUM,INC rating hits ULTRA HOT threshold on 2026-10-30 — first call window,Get ahead of the Oct/Nov renewal rush; start ACER process now before ICRA backlog builds
Srinidhi Industries Ltd.,TIER 3 — Junior RM / Tele-sales,Aug Wk4 (Aug 24-31),4.49,0,5.0,BFSI,BRICKWORK,October 2026,1,LOW,INC rating hits HOT threshold on 2026-10-26 — first call window,Get ahead of the Oct/Nov renewal rush; start ACER process now before BRICKWORK backlog builds
Pregna International Ltd.,TIER 3 — Junior RM / Tele-sales,Aug Wk4 (Aug 24-31),4.45,0,5.0,Other,CRISIL,Q1 2027,1,LOW/MEDIUM,INC rating hits ULTRA HOT on 2027-03-25 — prime Q1 2027 renewal target,Your Term Loan at CRISIL goes critical in Mar 2027. Start ACER process in Sep 2026 — before the Q1 rush.
Arvee Laboratories (India) Ltd.,TIER 3 — Junior RM / Tele-sales,Aug Wk4 (Aug 24-31),4.44,0,5.0,Healthcare,CRISIL,October 2026,1,LOW,INC rating hits HOT threshold on 2026-11-24 — first call window,Get ahead of the Oct/Nov renewal rush; start ACER process now before CRISIL backlog builds
Rangar Breweries Ltd.,TIER 3 — Junior RM / Tele-sales,Aug Wk4 (Aug 24-31),4.41,0,5.0,Other,CRISIL,October 2026,1,LOW,INC rating hits HOT threshold on 2026-11-20 — first call window,Get ahead of the Oct/Nov renewal rush; start ACER process now before CRISIL backlog builds
Yadav Solvex Pvt. Ltd.,TIER 3 — Junior RM / Tele-sales,Aug Wk4 (Aug 24-31),4.41,0,5.0,Other,ACUITE,October 2026,1,LOW,INC rating hits HOT threshold on 2026-10-31 — first call window,Get ahead of the Oct/Nov renewal rush; start ACER process now before ACUITE backlog builds
Air Trax Polymers Pvt. Ltd.,TIER 3 — Junior RM / Tele-sales,Aug Wk4 (Aug 24-31),4.4,0,5.0,Chemicals & Pharma,CRISIL,Q1 2027,1,LOW/MEDIUM,INC rating hits ULTRA HOT on 2027-03-11 — prime Q1 2027 renewal target,Your Term Loan at CRISIL goes critical in Mar 2027. Start ACER process in Sep 2026 — before the Q1 rush.
Alamelu Balaji Spg. Mills Pvt. Ltd.,TIER 3 — Junior RM / Tele-sales,Aug Wk4 (Aug 24-31),4.4,0,5.0,Other,BRICKWORK,Q2 2027,1,LOW (<90 days),"INC since Apr 2026 (88 days). MEDIUM by Oct 2026, HOT by Jan 2027, ULTRA HOT by Apr 2027.",Your Term loans at BRICKWORK hits ULTRA HOT in Apr 2027. Start ACER process by Jan 2027 to be ahead of Q2 2027 renewal rush.
Motherland Garments Pvt. Ltd.,TIER 3 — Junior RM / Tele-sales,Aug Wk3 (Aug 17-21),4.4,0,5.0,Textiles,ACUITE,October 2026,1,MEDIUM,INC rating hits ULTRA HOT threshold on 2026-10-20 — first call window,Get ahead of the Oct/Nov renewal rush; start ACER process now before ACUITE backlog builds
Satelliteweave Ventures Ltd.,TIER 3 — Junior RM / Tele-sales,Aug Wk4 (Aug 24-31),4.39,0,3.0,Textiles,BRICKWORK,October 2026,1,LOW,INC rating hits HOT threshold on 2026-11-22 — first call window,Get ahead of the Oct/Nov renewal rush; start ACER process now before BRICKWORK backlog builds
P V M Enterprises Pvt. Ltd.,TIER 3 — Junior RM / Tele-sales,Aug Wk4 (Aug 24-31),4.38,0,5.0,Other,BRICKWORK,Q2 2027,1,LOW (<90 days),"INC since Apr 2026 (87 days). MEDIUM by Oct 2026, HOT by Jan 2027, ULTRA HOT by Apr 2027.",Your Term loans at BRICKWORK hits ULTRA HOT in Apr 2027. Start ACER process by Jan 2027 to be ahead of Q2 2027 renewal rush.
A A A Roller Flour Mills Pvt. Ltd.,TIER 3 — Junior RM / Tele-sales,Aug Wk4 (Aug 24-31),4.32,0,5.0,Agro & Food,CARE,October 2026,1,LOW,INC rating hits HOT threshold on 2026-11-23 — first call window,Get ahead of the Oct/Nov renewal rush; start ACER process now before CARE backlog builds
Kochhar Glass (India) Pvt. Ltd.,TIER 3 — Junior RM / Tele-sales,Aug Wk3 (Aug 17-21),4.32,0,5.0,Other,CRISIL,October 2026,1,MEDIUM,INC rating hits ULTRA HOT threshold on 2026-10-09 — first call window,Get ahead of the Oct/Nov renewal rush; start ACER process now before CRISIL backlog builds
Melt-O-Therm Furnaces Pvt. Ltd.,TIER 3 — Junior RM / Tele-sales,Aug Wk4 (Aug 24-31),4.31,0,5.0,Other,CRISIL,Q1 2027,1,LOW/MEDIUM,INC rating hits ULTRA HOT on 2027-03-30 — prime Q1 2027 renewal target,Your Term Loan at CRISIL goes critical in Mar 2027. Start ACER process in Sep 2026 — before the Q1 rush.
Roger Industries Ltd.,TIER 3 — Junior RM / Tele-sales,Aug Wk3 (Aug 17-21),4.31,0,5.0,Manufacturing,BRICKWORK,October 2026,1,MEDIUM,INC rating hits ULTRA HOT threshold on 2026-11-11 — first call window,Get ahead of the Oct/Nov renewal rush; start ACER process now before BRICKWORK backlog builds
Vellingiri Andavar Textiles Pvt. Ltd.,TIER 3 — Junior RM / Tele-sales,Aug Wk3 (Aug 17-21),4.31,0,5.0,Construction,ACUITE,October 2026,1,MEDIUM,INC rating hits ULTRA HOT threshold on 2026-10-24 — first call window,Get ahead of the Oct/Nov renewal rush; start ACER process now before ACUITE backlog builds
Sunbeam Real Ventures Pvt. Ltd.,TIER 3 — Junior RM / Tele-sales,Aug Wk3 (Aug 17-21),4.3,0,5.0,Other,ICRA,October 2026,1,MEDIUM,INC rating hits ULTRA HOT threshold on 2026-10-21 — first call window,Get ahead of the Oct/Nov renewal rush; start ACER process now before ICRA backlog builds
Surya Electricals & Engineers Pvt. Ltd.,TIER 3 — Junior RM / Tele-sales,Aug Wk3 (Aug 17-21),4.3,0,4.0,Manufacturing,CARE,October 2026,1,MEDIUM,INC rating hits ULTRA HOT threshold on 2026-11-04 — first call window,Get ahead of the Oct/Nov renewal rush; start ACER process now before CARE backlog builds
Vardhman Electronics Pvt. Ltd.,TIER 3 — Junior RM / Tele-sales,Aug Wk3 (Aug 17-21),4.28,0,5.0,Other,CARE,October 2026,1,MEDIUM,INC rating hits ULTRA HOT threshold on 2026-11-07 — first call window,Get ahead of the Oct/Nov renewal rush; start ACER process now before CARE backlog builds
Pentagon Steels India Pvt. Ltd.,TIER 3 — Junior RM / Tele-sales,Aug Wk4 (Aug 24-31),4.27,0,5.0,Steel & Metals,CRISIL,Q1 2027,1,LOW/MEDIUM,INC rating hits ULTRA HOT on 2027-03-30 — prime Q1 2027 renewal target,Your Term Loan at CRISIL goes critical in Mar 2027. Start ACER process in Sep 2026 — before the Q1 rush.
Balkishan Dass Subhash Chand Ispat Pvt. Ltd.,TIER 3 — Junior RM / Tele-sales,Aug Wk4 (Aug 24-31),4.25,0,3.0,Other,BRICKWORK,October 2026,1,LOW,INC rating hits HOT threshold on 2026-11-06 — first call window,Get ahead of the Oct/Nov renewal rush; start ACER process now before BRICKWORK backlog builds
Kannappan Textile Mill Pvt. Ltd.,TIER 3 — Junior RM / Tele-sales,Aug Wk4 (Aug 24-31),4.23,0,5.0,Textiles,BRICKWORK,October 2026,1,LOW,INC rating hits HOT threshold on 2026-11-16 — first call window,Get ahead of the Oct/Nov renewal rush; start ACER process now before BRICKWORK backlog builds
Sivika Foods Pvt. Ltd.,TIER 3 — Junior RM / Tele-sales,Aug Wk4 (Aug 24-31),4.23,0,5.0,Agro & Food,BRICKWORK,October 2026,1,LOW,INC rating hits HOT threshold on 2026-10-18 — first call window,Get ahead of the Oct/Nov renewal rush; start ACER process now before BRICKWORK backlog builds
Environ Speciality Chemicals Pvt. Ltd.,TIER 3 — Junior RM / Tele-sales,Aug Wk4 (Aug 24-31),4.16,0,5.0,Steel & Metals,CRISIL,October 2026,1,LOW,INC rating hits HOT threshold on 2026-10-28 — first call window,Get ahead of the Oct/Nov renewal rush; start ACER process now before CRISIL backlog builds
Rani Sati Mktg. Co. Pvt. Ltd.,TIER 3 — Junior RM / Tele-sales,Aug Wk3 (Aug 17-21),4.15,0,4.0,Other,BRICKWORK,October 2026,1,MEDIUM,INC rating hits ULTRA HOT threshold on 2026-10-08 — first call window,Get ahead of the Oct/Nov renewal rush; start ACER process now before BRICKWORK backlog builds
Aarti Suitings Pvt. Ltd.,TIER 3 — Junior RM / Tele-sales,Aug Wk4 (Aug 24-31),4.12,0,5.0,Other,CARE,Q2 2027,1,LOW (<90 days),"INC since Apr 2026 (65 days). MEDIUM by Oct 2026, HOT by Jan 2027, ULTRA HOT by Apr 2027.",Your Term loans at CARE hits ULTRA HOT in Apr 2027. Start ACER process by Jan 2027 to be ahead of Q2 2027 renewal rush.
Shiva Wheels Pvt. Ltd.,TIER 3 — Junior RM / Tele-sales,Aug Wk4 (Aug 24-31),4.1,0,5.0,Other,CARE,October 2026,1,LOW,INC rating hits HOT threshold on 2026-11-14 — first call window,Get ahead of the Oct/Nov renewal rush; start ACER process now before CARE backlog builds
Zeal Aqua Ltd.,TIER 3 — Junior RM / Tele-sales,Aug Wk3 (Aug 17-21),4.1,0,5.0,Other,CRISIL,October 2026,1,MEDIUM,INC rating hits ULTRA HOT threshold on 2026-10-09 — first call window,Get ahead of the Oct/Nov renewal rush; start ACER process now before CRISIL backlog builds
Jeevisha Foods Pvt. Ltd.,TIER 3 — Junior RM / Tele-sales,Aug Wk4 (Aug 24-31),4.07,0,5.0,Agro & Food,CRISIL,October 2026,1,LOW,INC rating hits HOT threshold on 2026-10-27 — first call window,Get ahead of the Oct/Nov renewal rush; start ACER process now before CRISIL backlog builds
Eminent Trade & Export Pvt. Ltd.,TIER 3 — Junior RM / Tele-sales,Aug Wk4 (Aug 24-31),4.03,0,5.0,Logistics,CRISIL,October 2026,1,LOW,INC rating hits HOT threshold on 2026-10-09 — first call window,Get ahead of the Oct/Nov renewal rush; start ACER process now before CRISIL backlog builds
Ma Sarada Cold Storage Pvt. Ltd.,TIER 3 — Junior RM / Tele-sales,Aug Wk4 (Aug 24-31),4.01,0,5.0,Other,ICRA,Q2 2027,1,LOW (<90 days),"INC since Apr 2026 (80 days). MEDIUM by Oct 2026, HOT by Jan 2027, ULTRA HOT by Apr 2027.",Your Term loans at ICRA hits ULTRA HOT in Apr 2027. Start ACER process by Jan 2027 to be ahead of Q2 2027 renewal rush.
Ajooni Biotech Ltd.,TIER 3 — Junior RM / Tele-sales,Aug Wk4 (Aug 24-31),4.0,0,5.0,Healthcare,CRISIL,October 2026,1,LOW,INC rating hits HOT threshold on 2026-10-27 — first call window,Get ahead of the Oct/Nov renewal rush; start ACER process now before CRISIL backlog builds
Anand Triplex Board Pvt. Ltd.,TIER 3 — Junior RM / Tele-sales,Aug Wk4 (Aug 24-31),4.0,0,3.0,Paper/Packaging,BRICKWORK,October 2026,1,LOW,INC rating hits HOT threshold on 2026-10-19 — first call window,Get ahead of the Oct/Nov renewal rush; start ACER process now before BRICKWORK backlog builds
Aswin Cold Forge Pvt. Ltd.,TIER 3 — Junior RM / Tele-sales,Aug Wk4 (Aug 24-31),4.0,0,3.0,Other,CRISIL,October 2026,1,LOW,INC rating hits HOT threshold on 2026-11-23 — first call window,Get ahead of the Oct/Nov renewal rush; start ACER process now before CRISIL backlog builds
Auro Impex & Chemicals Ltd.,TIER 3 — Junior RM / Tele-sales,Aug Wk3 (Aug 17-21),4.0,0,4.0,Chemicals & Pharma,CARE,October 2026,1,MEDIUM,INC rating hits ULTRA HOT threshold on 2026-11-27 — first call window,Get ahead of the Oct/Nov renewal rush; start ACER process now before CARE backlog builds
Auroma Coke Ltd.,TIER 3 — Junior RM / Tele-sales,Aug Wk4 (Aug 24-31),4.0,0,3.0,Other,BRICKWORK,October 2026,1,LOW,INC rating hits HOT threshold on 2026-11-30 — first call window,Get ahead of the Oct/Nov renewal rush; start ACER process now before BRICKWORK backlog builds
Avaneesh Logistics Pvt. Ltd.,TIER 3 — Junior RM / Tele-sales,Aug Wk3 (Aug 17-21),4.0,0,4.0,Logistics,CRISIL,October 2026,1,MEDIUM,INC rating hits ULTRA HOT threshold on 2026-10-13 — first call window,Get ahead of the Oct/Nov renewal rush; start ACER process now before CRISIL backlog builds
B L A Udyog Pvt. Ltd.,TIER 3 — Junior RM / Tele-sales,Aug Wk4 (Aug 24-31),4.0,0,3.0,Other,CARE,October 2026,1,LOW,INC rating hits HOT threshold on 2026-11-13 — first call window,Get ahead of the Oct/Nov renewal rush; start ACER process now before CARE backlog builds
Banglore Polycotters Pvt. Ltd.,TIER 3 — Junior RM / Tele-sales,Aug Wk4 (Aug 24-31),4.0,0,3.0,Other,CARE,October 2026,1,LOW,INC rating hits HOT threshold on 2026-11-14 — first call window,Get ahead of the Oct/Nov renewal rush; start ACER process now before CARE backlog builds
Bisazza India Pvt. Ltd.,TIER 3 — Junior RM / Tele-sales,Aug Wk4 (Aug 24-31),4.0,0,4.0,Other,CRISIL,October 2026,1,LOW,INC rating hits HOT threshold on 2026-11-22 — first call window,Get ahead of the Oct/Nov renewal rush; start ACER process now before CRISIL backlog builds
Cenlub Industries Ltd.,TIER 3 — Junior RM / Tele-sales,Aug Wk4 (Aug 24-31),4.0,0,5.0,Manufacturing,CRISIL,October 2026,1,LOW,INC rating hits HOT threshold on 2026-10-28 — first call window,Get ahead of the Oct/Nov renewal rush; start ACER process now before CRISIL backlog builds
Creemos International Ltd.,TIER 3 — Junior RM / Tele-sales,Aug Wk4 (Aug 24-31),4.0,0,5.0,Other,CRISIL,October 2026,1,LOW,INC rating hits HOT threshold on 2026-11-22 — first call window,Get ahead of the Oct/Nov renewal rush; start ACER process now before CRISIL backlog builds
Delight Dairy Ltd.,TIER 3 — Junior RM / Tele-sales,Aug Wk3 (Aug 17-21),4.0,0,5.0,Agro & Food,CRISIL,October 2026,1,MEDIUM,INC rating hits ULTRA HOT threshold on 2026-11-20 — first call window,Get ahead of the Oct/Nov renewal rush; start ACER process now before CRISIL backlog builds
Dhariwal Steel Pvt. Ltd.,TIER 3 — Junior RM / Tele-sales,Aug Wk3 (Aug 17-21),4.0,0,4.0,Steel & Metals,CARE,October 2026,1,MEDIUM,INC rating hits ULTRA HOT threshold on 2026-11-20 — first call window,Get ahead of the Oct/Nov renewal rush; start ACER process now before CARE backlog builds
Digiflic Controls (India) Pvt. Ltd.,TIER 3 — Junior RM / Tele-sales,Aug Wk3 (Aug 17-21),4.0,0,4.0,Other,CARE,October 2026,1,MEDIUM,INC rating hits ULTRA HOT threshold on 2026-11-21 — first call window,Get ahead of the Oct/Nov renewal rush; start ACER process now before CARE backlog builds
Disha Auto Components Pvt. Ltd.,TIER 3 — Junior RM / Tele-sales,Aug Wk3 (Aug 17-21),4.0,0,5.0,Manufacturing,ACUITE,October 2026,1,MEDIUM,INC rating hits ULTRA HOT threshold on 2026-11-11 — first call window,Get ahead of the Oct/Nov renewal rush; start ACER process now before ACUITE backlog builds
Dreamz Overseas Pvt. Ltd.,TIER 3 — Junior RM / Tele-sales,Aug Wk4 (Aug 24-31),4.0,0,5.0,Other,BRICKWORK,October 2026,1,LOW,INC rating hits HOT threshold on 2026-11-03 — first call window,Get ahead of the Oct/Nov renewal rush; start ACER process now before BRICKWORK backlog builds
Ecko Cables Pvt. Ltd.,TIER 3 — Junior RM / Tele-sales,Aug Wk3 (Aug 17-21),4.0,0,3.0,Infrastructure,CRISIL,October 2026,1,MEDIUM,INC rating hits ULTRA HOT threshold on 2026-10-17 — first call window,Get ahead of the Oct/Nov renewal rush; start ACER process now before CRISIL backlog builds
F C G Flameproof Control Gears Pvt. Ltd.,TIER 3 — Junior RM / Tele-sales,Aug Wk4 (Aug 24-31),4.0,0,4.0,Other,CRISIL,October 2026,1,LOW,INC rating hits HOT threshold on 2026-10-18 — first call window,Get ahead of the Oct/Nov renewal rush; start ACER process now before CRISIL backlog builds
G K & Sons Automobiles Pvt. Ltd.,TIER 3 — Junior RM / Tele-sales,Aug Wk3 (Aug 17-21),4.0,0,4.0,Automobiles,CARE,October 2026,1,MEDIUM,INC rating hits ULTRA HOT threshold on 2026-11-25 — first call window,Get ahead of the Oct/Nov renewal rush; start ACER process now before CARE backlog builds
G T P Granites Ltd.,TIER 3 — Junior RM / Tele-sales,Aug Wk4 (Aug 24-31),4.0,0,3.0,Mining,CRISIL,Q1 2027,1,LOW/MEDIUM,INC rating hits ULTRA HOT on 2027-03-17 — prime Q1 2027 renewal target,Your Letter of Credit at CRISIL goes critical in Mar 2027. Start ACER process in Sep 2026 — before the Q1 rush.
Genesis I T Innovations Pvt. Ltd.,TIER 3 — Junior RM / Tele-sales,Aug Wk3 (Aug 17-21),4.0,0,3.0,Hotels & Tourism,BRICKWORK,October 2026,1,MEDIUM,INC rating hits ULTRA HOT threshold on 2026-10-27 — first call window,Get ahead of the Oct/Nov renewal rush; start ACER process now before BRICKWORK backlog builds
Goodwill Fabrics Pvt. Ltd.,TIER 3 — Junior RM / Tele-sales,Aug Wk3 (Aug 17-21),4.0,0,5.0,Textiles,CRISIL,October 2026,1,MEDIUM,INC rating hits ULTRA HOT threshold on 2026-11-19 — first call window,Get ahead of the Oct/Nov renewal rush; start ACER process now before CRISIL backlog builds
Hitkari Hitech Pvt. Ltd.,TIER 3 — Junior RM / Tele-sales,Aug Wk4 (Aug 24-31),4.0,0,5.0,IT/Technology,CRISIL,Q1 2027,1,LOW/MEDIUM,INC rating hits ULTRA HOT on 2027-03-18 — prime Q1 2027 renewal target,Your Term Loan at CRISIL goes critical in Mar 2027. Start ACER process in Sep 2026 — before the Q1 rush.
Hykon India Ltd.,TIER 3 — Junior RM / Tele-sales,Aug Wk3 (Aug 17-21),4.0,0,4.0,Other,CRISIL,October 2026,1,MEDIUM,INC rating hits ULTRA HOT threshold on 2026-11-07 — first call window,Get ahead of the Oct/Nov renewal rush; start ACER process now before CRISIL backlog builds
Iris Computers Ltd.,TIER 3 — Junior RM / Tele-sales,Aug Wk4 (Aug 24-31),4.0,0,5.0,Other,BRICKWORK,Q1 2027,1,LOW/MEDIUM,INC rating hits ULTRA HOT on 2027-03-16 — prime Q1 2027 renewal target,Your Term Loan at BRICKWORK goes critical in Mar 2027. Start ACER process in Sep 2026 — before the Q1 rush.
J & K Vehicleades Pvt. Ltd.,TIER 3 — Junior RM / Tele-sales,Aug Wk3 (Aug 17-21),4.0,0,5.0,Automobiles,CRISIL,October 2026,1,MEDIUM,INC rating hits ULTRA HOT threshold on 2026-10-23 — first call window,Get ahead of the Oct/Nov renewal rush; start ACER process now before CRISIL backlog builds
J R Seamless Pvt. Ltd.,TIER 3 — Junior RM / Tele-sales,Aug Wk4 (Aug 24-31),4.0,0,3.0,Other,BRICKWORK,October 2026,1,LOW,INC rating hits HOT threshold on 2026-11-24 — first call window,Get ahead of the Oct/Nov renewal rush; start ACER process now before BRICKWORK backlog builds
Jalaram Polymers Pvt. Ltd.,TIER 3 — Junior RM / Tele-sales,Aug Wk4 (Aug 24-31),4.0,0,3.0,Chemicals & Pharma,CRISIL,October 2026,1,LOW,INC rating hits HOT threshold on 2026-10-27 — first call window,Get ahead of the Oct/Nov renewal rush; start ACER process now before CRISIL backlog builds
K C G S Enterprises Pvt. Ltd.,TIER 3 — Junior RM / Tele-sales,Aug Wk4 (Aug 24-31),4.0,0,3.0,Other,BRICKWORK,October 2026,1,LOW,INC rating hits HOT threshold on 2026-11-28 — first call window,Get ahead of the Oct/Nov renewal rush; start ACER process now before BRICKWORK backlog builds
K P C Flexi Tubes Pvt. Ltd.,TIER 3 — Junior RM / Tele-sales,Aug Wk3 (Aug 17-21),4.0,0,3.0,Steel & Metals,CRISIL,October 2026,1,MEDIUM,INC rating hits ULTRA HOT threshold on 2026-10-31 — first call window,Get ahead of the Oct/Nov renewal rush; start ACER process now before CRISIL backlog builds
Khandwala Securities Ltd.,TIER 3 — Junior RM / Tele-sales,Aug Wk4 (Aug 24-31),4.0,0,4.0,BFSI,ACUITE,October 2026,1,LOW,INC rating hits HOT threshold on 2026-10-05 — first call window,Get ahead of the Oct/Nov renewal rush; start ACER process now before ACUITE backlog builds
Krishu Motor Craft Pvt. Ltd.,TIER 3 — Junior RM / Tele-sales,Aug Wk4 (Aug 24-31),4.0,0,5.0,Automobiles,CRISIL,October 2026,1,LOW,INC rating hits HOT threshold on 2026-11-23 — first call window,Get ahead of the Oct/Nov renewal rush; start ACER process now before CRISIL backlog builds
M G Automotives (Bus & Coach) Pvt. Ltd.,TIER 3 — Junior RM / Tele-sales,Aug Wk4 (Aug 24-31),4.0,0,5.0,Automobiles,CRISIL,October 2026,1,LOW,INC rating hits HOT threshold on 2026-10-10 — first call window,Get ahead of the Oct/Nov renewal rush; start ACER process now before CRISIL backlog builds
Mahalaxmi Seamless Ltd.,TIER 3 — Junior RM / Tele-sales,Aug Wk3 (Aug 17-21),4.0,0,3.0,Other,CRISIL,October 2026,1,MEDIUM,INC rating hits ULTRA HOT threshold on 2026-11-27 — first call window,Get ahead of the Oct/Nov renewal rush; start ACER process now before CRISIL backlog builds
Mewad Polymers Pvt. Ltd.,TIER 3 — Junior RM / Tele-sales,Aug Wk4 (Aug 24-31),4.0,0,5.0,Chemicals & Pharma,ICRA,October 2026,1,LOW,INC rating hits HOT threshold on 2026-10-25 — first call window,Get ahead of the Oct/Nov renewal rush; start ACER process now before ICRA backlog builds
Miracle Software Systems (I) Pvt. Ltd.,TIER 3 — Junior RM / Tele-sales,Aug Wk4 (Aug 24-31),4.0,0,5.0,IT/Technology,CRISIL,October 2026,1,LOW,INC rating hits HOT threshold on 2026-10-27 — first call window,Get ahead of the Oct/Nov renewal rush; start ACER process now before CRISIL backlog builds
Mohamad Israil Cold Storages Pvt. Ltd.,TIER 3 — Junior RM / Tele-sales,Aug Wk3 (Aug 17-21),4.0,0,5.0,Infrastructure,BRICKWORK,October 2026,1,MEDIUM,INC rating hits ULTRA HOT threshold on 2026-11-25 — first call window,Get ahead of the Oct/Nov renewal rush; start ACER process now before BRICKWORK backlog builds
Novelty Reddy & Reddy Motors Pvt. Ltd.,TIER 3 — Junior RM / Tele-sales,Aug Wk3 (Aug 17-21),4.0,0,3.0,Automobiles,BRICKWORK,October 2026,1,MEDIUM,INC rating hits ULTRA HOT threshold on 2026-10-30 — first call window,Get ahead of the Oct/Nov renewal rush; start ACER process now before BRICKWORK backlog builds
Panama Papers Pvt. Ltd.,TIER 3 — Junior RM / Tele-sales,Aug Wk4 (Aug 24-31),4.0,0,5.0,Paper/Packaging,CRISIL,Q1 2027,1,LOW/MEDIUM,INC rating hits ULTRA HOT on 2027-03-25 — prime Q1 2027 renewal target,Your Term Loan at CRISIL goes critical in Mar 2027. Start ACER process in Sep 2026 — before the Q1 rush.
Pari Agri Grain Inds. Pvt. Ltd.,TIER 3 — Junior RM / Tele-sales,Aug Wk3 (Aug 17-21),4.0,0,5.0,Agro & Food,CRISIL,October 2026,1,MEDIUM,INC rating hits ULTRA HOT threshold on 2026-11-05 — first call window,Get ahead of the Oct/Nov renewal rush; start ACER process now before CRISIL backlog builds
Perfectpac Ltd.,TIER 3 — Junior RM / Tele-sales,Aug Wk4 (Aug 24-31),4.0,0,3.0,Other,BRICKWORK,October 2026,1,LOW,INC rating hits HOT threshold on 2026-11-17 — first call window,Get ahead of the Oct/Nov renewal rush; start ACER process now before BRICKWORK backlog builds
Pragati Glass & Inds. Pvt. Ltd.,TIER 3 — Junior RM / Tele-sales,Aug Wk4 (Aug 24-31),4.0,0,3.0,Other,ICRA,Q2 2027,1,LOW (<90 days),"INC since Apr 2026 (67 days). MEDIUM by Oct 2026, HOT by Jan 2027, ULTRA HOT by Apr 2027.",Your Non-fund-based financial facility/instrument at ICRA hits ULTRA HOT in Apr 2027. Start ACER process by Jan 2027 to be ahead of Q2 2027 renewal rush.
Pro-Arc Welding & Cutting Systems Pvt. Ltd.,TIER 3 — Junior RM / Tele-sales,Aug Wk4 (Aug 24-31),4.0,0,3.0,IT/Technology,CRISIL,Q1 2027,1,LOW/MEDIUM,INC rating hits ULTRA HOT on 2027-03-25 — prime Q1 2027 renewal target,Your Letter of Credit at CRISIL goes critical in Mar 2027. Start ACER process in Sep 2026 — before the Q1 rush.
Puja Quench Distributors India Pvt. Ltd.,TIER 3 — Junior RM / Tele-sales,Aug Wk4 (Aug 24-31),4.0,0,5.0,Energy,CRISIL,Q1 2027,1,LOW/MEDIUM,INC rating hits ULTRA HOT on 2027-03-30 — prime Q1 2027 renewal target,Your Term Loan at CRISIL goes critical in Mar 2027. Start ACER process in Sep 2026 — before the Q1 rush.
Radiant Info Systems Pvt. Ltd.,TIER 3 — Junior RM / Tele-sales,Aug Wk4 (Aug 24-31),4.0,0,5.0,Other,CRISIL,October 2026,1,LOW,INC rating hits HOT threshold on 2026-11-24 — first call window,Get ahead of the Oct/Nov renewal rush; start ACER process now before CRISIL backlog builds
Rafbrix Pvt. Ltd.,TIER 3 — Junior RM / Tele-sales,Aug Wk3 (Aug 17-21),4.0,0,3.0,Other,CRISIL,October 2026,1,MEDIUM,INC rating hits ULTRA HOT threshold on 2026-10-08 — first call window,Get ahead of the Oct/Nov renewal rush; start ACER process now before CRISIL backlog builds
Rooman Technologies Ltd.,TIER 3 — Junior RM / Tele-sales,Aug Wk3 (Aug 17-21),4.0,0,4.0,IT/Technology,BRICKWORK,October 2026,1,MEDIUM,INC rating hits ULTRA HOT threshold on 2026-11-25 — first call window,Get ahead of the Oct/Nov renewal rush; start ACER process now before BRICKWORK backlog builds
Sarwottam Ispat Ltd.,TIER 3 — Junior RM / Tele-sales,Aug Wk3 (Aug 17-21),4.0,0,4.0,Other,BRICKWORK,October 2026,1,MEDIUM,INC rating hits ULTRA HOT threshold on 2026-10-31 — first call window,Get ahead of the Oct/Nov renewal rush; start ACER process now before BRICKWORK backlog builds
Shakthi Vetfeeds (India) Pvt. Ltd.,TIER 3 — Junior RM / Tele-sales,Aug Wk4 (Aug 24-31),4.0,0,5.0,Other,ACUITE,October 2026,1,LOW,INC rating hits HOT threshold on 2026-10-17 — first call window,Get ahead of the Oct/Nov renewal rush; start ACER process now before ACUITE backlog builds
Shubhada Polymers Products Pvt. Ltd.,TIER 3 — Junior RM / Tele-sales,Aug Wk3 (Aug 17-21),4.0,0,5.0,Chemicals & Pharma,ACUITE,October 2026,1,MEDIUM,INC rating hits ULTRA HOT threshold on 2026-11-18 — first call window,Get ahead of the Oct/Nov renewal rush; start ACER process now before ACUITE backlog builds
Silky Overseas Ltd.,TIER 3 — Junior RM / Tele-sales,Aug Wk4 (Aug 24-31),4.0,0,5.0,Textiles,CRISIL,October 2026,1,LOW,INC rating hits HOT threshold on 2026-11-24 — first call window,Get ahead of the Oct/Nov renewal rush; start ACER process now before CRISIL backlog builds
Sonalac Paints & Coatings Ltd.,TIER 3 — Junior RM / Tele-sales,Aug Wk4 (Aug 24-31),4.0,0,3.0,Steel & Metals,ACUITE,October 2026,1,LOW,INC rating hits HOT threshold on 2026-11-30 — first call window,Get ahead of the Oct/Nov renewal rush; start ACER process now before ACUITE backlog builds
Srijagdamba Cylinder Gases Pvt. Ltd.,TIER 3 — Junior RM / Tele-sales,Aug Wk4 (Aug 24-31),4.0,0,5.0,Other,CRISIL,October 2026,1,LOW,INC rating hits HOT threshold on 2026-11-24 — first call window,Get ahead of the Oct/Nov renewal rush; start ACER process now before CRISIL backlog builds
Sultanpure Textile Mills Pvt. Ltd.,TIER 3 — Junior RM / Tele-sales,Aug Wk3 (Aug 17-21),4.0,0,5.0,Textiles,IND-RA,October 2026,1,MEDIUM,INC rating hits ULTRA HOT threshold on 2026-10-17 — first call window,Get ahead of the Oct/Nov renewal rush; start ACER process now before IND-RA backlog builds
Super Safe Logistics (India) Pvt. Ltd.,TIER 3 — Junior RM / Tele-sales,Aug Wk4 (Aug 24-31),4.0,0,5.0,Logistics,CRISIL,Q1 2027,1,LOW/MEDIUM,INC rating hits ULTRA HOT on 2027-03-31 — prime Q1 2027 renewal target,Your Term Loan at CRISIL goes critical in Mar 2027. Start ACER process in Sep 2026 — before the Q1 rush.
Sybly Industries Ltd.,TIER 3 — Junior RM / Tele-sales,Aug Wk4 (Aug 24-31),4.0,0,5.0,Manufacturing,CRISIL,October 2026,1,LOW,INC rating hits HOT threshold on 2026-10-28 — first call window,Get ahead of the Oct/Nov renewal rush; start ACER process now before CRISIL backlog builds
Tulsi Biosciences Pvt. Ltd.,TIER 3 — Junior RM / Tele-sales,Aug Wk4 (Aug 24-31),4.0,0,3.0,Other,BRICKWORK,October 2026,1,LOW,INC rating hits HOT threshold on 2026-11-10 — first call window,Get ahead of the Oct/Nov renewal rush; start ACER process now before BRICKWORK backlog builds
Ultracab (India) Ltd.,TIER 3 — Junior RM / Tele-sales,Aug Wk4 (Aug 24-31),4.0,0,3.0,Other,CRISIL,October 2026,1,LOW,INC rating hits HOT threshold on 2026-11-24 — first call window,Get ahead of the Oct/Nov renewal rush; start ACER process now before CRISIL backlog builds
Vikas Road Carriers Ltd.,TIER 3 — Junior RM / Tele-sales,Aug Wk3 (Aug 17-21),4.0,0,4.0,Construction,CRISIL,October 2026,1,MEDIUM,INC rating hits ULTRA HOT threshold on 2026-10-20 — first call window,Get ahead of the Oct/Nov renewal rush; start ACER process now before CRISIL backlog builds
Pressmach Infrastructure Pvt. Ltd.,TIER 3 — Junior RM / Tele-sales,Aug Wk3 (Aug 17-21),3.96,0,5.0,Construction,BRICKWORK,October 2026,1,MEDIUM,INC rating hits ULTRA HOT threshold on 2026-11-12 — first call window,Get ahead of the Oct/Nov renewal rush; start ACER process now before BRICKWORK backlog builds
Sanskriti Packaging Pvt. Ltd.,TIER 3 — Junior RM / Tele-sales,Aug Wk3 (Aug 17-21),3.96,0,3.0,Paper/Packaging,CRISIL,October 2026,1,MEDIUM,INC rating hits ULTRA HOT threshold on 2026-10-29 — first call window,Get ahead of the Oct/Nov renewal rush; start ACER process now before CRISIL backlog builds
Kalyaneswari Polyfabs Pvt. Ltd.,TIER 3 — Junior RM / Tele-sales,Aug Wk4 (Aug 24-31),3.95,0,5.0,Other,CARE,October 2026,1,LOW,INC rating hits HOT threshold on 2026-11-06 — first call window,Get ahead of the Oct/Nov renewal rush; start ACER process now before CARE backlog builds
Ritika Vegetable Oil Pvt. Ltd.,TIER 3 — Junior RM / Tele-sales,Aug Wk4 (Aug 24-31),3.95,0,5.0,Energy,ACUITE,October 2026,1,LOW,INC rating hits HOT threshold on 2026-11-24 — first call window,Get ahead of the Oct/Nov renewal rush; start ACER process now before ACUITE backlog builds
Dev Shree Cotsyn Pvt. Ltd.,TIER 3 — Junior RM / Tele-sales,Aug Wk3 (Aug 17-21),3.9,0,5.0,Other,BRICKWORK,October 2026,1,MEDIUM,INC rating hits ULTRA HOT threshold on 2026-10-24 — first call window,Get ahead of the Oct/Nov renewal rush; start ACER process now before BRICKWORK backlog builds
Gopuram Enterprises Pvt. Ltd.,TIER 3 — Junior RM / Tele-sales,Aug Wk3 (Aug 17-21),3.9,0,5.0,Other,CRISIL,October 2026,1,MEDIUM,INC rating hits ULTRA HOT threshold on 2026-10-13 — first call window,Get ahead of the Oct/Nov renewal rush; start ACER process now before CRISIL backlog builds
Sure Cargo Control Pvt. Ltd.,TIER 3 — Junior RM / Tele-sales,Aug Wk3 (Aug 17-21),3.9,0,5.0,Logistics,CRISIL,October 2026,1,MEDIUM,INC rating hits ULTRA HOT threshold on 2026-10-17 — first call window,Get ahead of the Oct/Nov renewal rush; start ACER process now before CRISIL backlog builds
Omega Printopack Pvt. Ltd.,TIER 3 — Junior RM / Tele-sales,Aug Wk4 (Aug 24-31),3.89,0,5.0,Paper/Packaging,ACUITE,October 2026,1,LOW,INC rating hits HOT threshold on 2026-10-02 — first call window,Get ahead of the Oct/Nov renewal rush; start ACER process now before ACUITE backlog builds
Komos Automotive India Pvt. Ltd.,TIER 3 — Junior RM / Tele-sales,Aug Wk3 (Aug 17-21),3.88,0,5.0,Automobiles,ACUITE,October 2026,1,MEDIUM,INC rating hits ULTRA HOT threshold on 2026-11-05 — first call window,Get ahead of the Oct/Nov renewal rush; start ACER process now before ACUITE backlog builds
Rohil Foods Pvt. Ltd.,TIER 3 — Junior RM / Tele-sales,Aug Wk3 (Aug 17-21),3.88,0,5.0,Agro & Food,ACUITE,October 2026,1,MEDIUM,INC rating hits ULTRA HOT threshold on 2026-10-24 — first call window,Get ahead of the Oct/Nov renewal rush; start ACER process now before ACUITE backlog builds
N K C M Spinners Pvt. Ltd.,TIER 3 — Junior RM / Tele-sales,Aug Wk3 (Aug 17-21),3.86,0,5.0,Hotels & Tourism,ACUITE,October 2026,1,MEDIUM,INC rating hits ULTRA HOT threshold on 2026-10-15 — first call window,Get ahead of the Oct/Nov renewal rush; start ACER process now before ACUITE backlog builds
Real Granito Pvt. Ltd.,TIER 3 — Junior RM / Tele-sales,Aug Wk3 (Aug 17-21),3.85,0,5.0,Other,ICRA,October 2026,1,MEDIUM,INC rating hits ULTRA HOT threshold on 2026-11-19 — first call window,Get ahead of the Oct/Nov renewal rush; start ACER process now before ICRA backlog builds
Farmgate Agro Milch Pvt. Ltd.,TIER 3 — Junior RM / Tele-sales,Aug Wk4 (Aug 24-31),3.84,0,5.0,Agro & Food,BRICKWORK,Q1 2027,1,LOW/MEDIUM,INC rating hits ULTRA HOT on 2027-03-13 — prime Q1 2027 renewal target,Your Term Loan at BRICKWORK goes critical in Mar 2027. Start ACER process in Sep 2026 — before the Q1 rush.
D D Agro Inds. Ltd.,TIER 3 — Junior RM / Tele-sales,Aug Wk4 (Aug 24-31),3.83,0,5.0,Agro & Food,BRICKWORK,Q1 2027,1,LOW/MEDIUM,INC rating hits ULTRA HOT on 2027-03-09 — prime Q1 2027 renewal target,Your Term Loan at BRICKWORK goes critical in Mar 2027. Start ACER process in Sep 2026 — before the Q1 rush.
K C Toolroom Pvt. Ltd.,TIER 3 — Junior RM / Tele-sales,Aug Wk4 (Aug 24-31),3.8,0,5.0,Other,ICRA,Q1 2027,1,LOW/MEDIUM,INC rating hits ULTRA HOT on 2027-03-09 — prime Q1 2027 renewal target,Your Term Loan at ICRA goes critical in Mar 2027. Start ACER process in Sep 2026 — before the Q1 rush.
Mittapalli Spinners Pvt. Ltd.,TIER 3 — Junior RM / Tele-sales,Aug Wk3 (Aug 17-21),3.8,0,5.0,Hotels & Tourism,BRICKWORK,October 2026,1,MEDIUM,INC rating hits ULTRA HOT threshold on 2026-10-07 — first call window,Get ahead of the Oct/Nov renewal rush; start ACER process now before BRICKWORK backlog builds
Shree Jee Jee Grain Products Pvt. Ltd.,TIER 3 — Junior RM / Tele-sales,Aug Wk4 (Aug 24-31),3.8,0,5.0,Agro & Food,ACUITE,Q1 2027,1,LOW/MEDIUM,INC rating hits ULTRA HOT on 2027-03-18 — prime Q1 2027 renewal target,Your Fund-Based at ACUITE goes critical in Mar 2027. Start ACER process in Sep 2026 — before the Q1 rush.
Smart Controls India Ltd.,TIER 3 — Junior RM / Tele-sales,Aug Wk3 (Aug 17-21),3.8,0,5.0,Other,CRISIL,October 2026,1,MEDIUM,INC rating hits ULTRA HOT threshold on 2026-11-13 — first call window,Get ahead of the Oct/Nov renewal rush; start ACER process now before CRISIL backlog builds
Vansh Electromechanical Devices Pvt. Ltd.,TIER 3 — Junior RM / Tele-sales,Aug Wk4 (Aug 24-31),3.8,0,5.0,Other,CRISIL,Q1 2027,1,LOW/MEDIUM,INC rating hits ULTRA HOT on 2027-03-31 — prime Q1 2027 renewal target,Your Term Loan at CRISIL goes critical in Mar 2027. Start ACER process in Sep 2026 — before the Q1 rush.
B N Precast Pvt. Ltd.,TIER 3 — Junior RM / Tele-sales,Aug Wk4 (Aug 24-31),3.78,0,5.0,Other,ACUITE,October 2026,1,LOW,INC rating hits HOT threshold on 2026-11-06 — first call window,Get ahead of the Oct/Nov renewal rush; start ACER process now before ACUITE backlog builds
Hemkunt Rice Mills Pvt. Ltd.,TIER 3 — Junior RM / Tele-sales,Aug Wk3 (Aug 17-21),3.75,0,5.0,Agro & Food,CRISIL,October 2026,1,MEDIUM,INC rating hits ULTRA HOT threshold on 2026-10-20 — first call window,Get ahead of the Oct/Nov renewal rush; start ACER process now before CRISIL backlog builds
Kisco Castings (India) Ltd.,TIER 3 — Junior RM / Tele-sales,Aug Wk4 (Aug 24-31),3.75,0,3.0,Steel & Metals,CRISIL,Q1 2027,1,LOW/MEDIUM,INC rating hits ULTRA HOT on 2027-03-20 — prime Q1 2027 renewal target,Your Letter of Credit at CRISIL goes critical in Mar 2027. Start ACER process in Sep 2026 — before the Q1 rush.
Nexgen Consultancy Pvt. Ltd.,TIER 3 — Junior RM / Tele-sales,Aug Wk4 (Aug 24-31),3.75,0,5.0,Other,CRISIL,October 2026,1,LOW,INC rating hits HOT threshold on 2026-11-20 — first call window,Get ahead of the Oct/Nov renewal rush; start ACER process now before CRISIL backlog builds
Punjab Bevel Gears Ltd.,TIER 3 — Junior RM / Tele-sales,Aug Wk3 (Aug 17-21),3.75,0,3.0,Other,CARE,October 2026,1,MEDIUM,INC rating hits ULTRA HOT threshold on 2026-10-27 — first call window,Get ahead of the Oct/Nov renewal rush; start ACER process now before CARE backlog builds
Matrix Roller Mill Pvt. Ltd.,TIER 3 — Junior RM / Tele-sales,Aug Wk3 (Aug 17-21),3.73,0,5.0,Other,CARE,October 2026,1,MEDIUM,INC rating hits ULTRA HOT threshold on 2026-10-14 — first call window,Get ahead of the Oct/Nov renewal rush; start ACER process now before CARE backlog builds
Auto Vogue Pvt. Ltd.,TIER 3 — Junior RM / Tele-sales,Aug Wk4 (Aug 24-31),3.72,0,5.0,Automobiles,CARE,October 2026,1,LOW,INC rating hits HOT threshold on 2026-10-13 — first call window,Get ahead of the Oct/Nov renewal rush; start ACER process now before CARE backlog builds
Shree Sainath Textiles Pvt. Ltd.,TIER 3 — Junior RM / Tele-sales,Aug Wk3 (Aug 17-21),3.7,0,5.0,Construction,CRISIL,October 2026,1,MEDIUM,INC rating hits ULTRA HOT threshold on 2026-11-12 — first call window,Get ahead of the Oct/Nov renewal rush; start ACER process now before CRISIL backlog builds
Sri Anjaneya Cotton Mills Ltd.,TIER 3 — Junior RM / Tele-sales,Aug Wk4 (Aug 24-31),3.7,0,5.0,Agro & Food,CARE,October 2026,1,LOW,INC rating hits HOT threshold on 2026-10-17 — first call window,Get ahead of the Oct/Nov renewal rush; start ACER process now before CARE backlog builds
Biloree Cast (India) Pvt. Ltd.,TIER 3 — Junior RM / Tele-sales,Aug Wk3 (Aug 17-21),3.66,0,5.0,Other,CRISIL,October 2026,1,MEDIUM,INC rating hits ULTRA HOT threshold on 2026-10-13 — first call window,Get ahead of the Oct/Nov renewal rush; start ACER process now before CRISIL backlog builds
Vivek Agrotech Pvt. Ltd.,TIER 3 — Junior RM / Tele-sales,Aug Wk4 (Aug 24-31),3.64,0,5.0,Agro & Food,CARE,October 2026,1,LOW,INC rating hits HOT threshold on 2026-10-20 — first call window,Get ahead of the Oct/Nov renewal rush; start ACER process now before CARE backlog builds
Mewar Polytex Ltd.,TIER 3 — Junior RM / Tele-sales,Aug Wk3 (Aug 17-21),3.63,0,5.0,Other,ACUITE,October 2026,1,MEDIUM,INC rating hits ULTRA HOT threshold on 2026-11-19 — first call window,Get ahead of the Oct/Nov renewal rush; start ACER process now before ACUITE backlog builds
Shree Subhlaxmi Foods Ltd.,TIER 3 — Junior RM / Tele-sales,Aug Wk3 (Aug 17-21),3.6,0,5.0,Agro & Food,ACUITE,October 2026,1,MEDIUM,INC rating hits ULTRA HOT threshold on 2026-10-15 — first call window,Get ahead of the Oct/Nov renewal rush; start ACER process now before ACUITE backlog builds
K J Ispat Ltd.,TIER 3 — Junior RM / Tele-sales,Aug Wk4 (Aug 24-31),3.58,0,5.0,Other,CRISIL,October 2026,1,LOW,INC rating hits HOT threshold on 2026-11-20 — first call window,Get ahead of the Oct/Nov renewal rush; start ACER process now before CRISIL backlog builds
Prem Jain Ispat Udyog Pvt. Ltd.,TIER 3 — Junior RM / Tele-sales,Aug Wk4 (Aug 24-31),3.58,0,5.0,Other,CRISIL,October 2026,1,LOW,INC rating hits HOT threshold on 2026-11-16 — first call window,Get ahead of the Oct/Nov renewal rush; start ACER process now before CRISIL backlog builds
Sarvesh Cars & Motors Pvt. Ltd.,TIER 3 — Junior RM / Tele-sales,Aug Wk4 (Aug 24-31),3.57,0,5.0,Automobiles,ICRA,October 2026,1,LOW,INC rating hits HOT threshold on 2026-11-08 — first call window,Get ahead of the Oct/Nov renewal rush; start ACER process now before ICRA backlog builds
Bharat Exim & Trdg. Co. Pvt. Ltd.,TIER 3 — Junior RM / Tele-sales,Aug Wk4 (Aug 24-31),3.56,0,3.0,Other,CRISIL,October 2026,1,LOW,INC rating hits HOT threshold on 2026-11-17 — first call window,Get ahead of the Oct/Nov renewal rush; start ACER process now before CRISIL backlog builds
Avanta Engineerings Pvt. Ltd.,TIER 3 — Junior RM / Tele-sales,Aug Wk4 (Aug 24-31),3.55,0,5.0,Manufacturing,CARE,October 2026,1,LOW,INC rating hits HOT threshold on 2026-10-05 — first call window,Get ahead of the Oct/Nov renewal rush; start ACER process now before CARE backlog builds
Emaar Diamonds Pvt. Ltd.,TIER 3 — Junior RM / Tele-sales,Aug Wk3 (Aug 17-21),3.54,0,5.0,Jewellery/Gems,CRISIL,October 2026,1,MEDIUM,INC rating hits ULTRA HOT threshold on 2026-10-24 — first call window,Get ahead of the Oct/Nov renewal rush; start ACER process now before CRISIL backlog builds
Adgums Pvt. Ltd.,TIER 3 — Junior RM / Tele-sales,Aug Wk4 (Aug 24-31),3.53,0,5.0,Other,CRISIL,October 2026,1,LOW,INC rating hits HOT threshold on 2026-10-09 — first call window,Get ahead of the Oct/Nov renewal rush; start ACER process now before CRISIL backlog builds
Patel Hospital Pvt. Ltd.,TIER 3 — Junior RM / Tele-sales,Aug Wk3 (Aug 17-21),3.52,0,5.0,Healthcare,CRISIL,October 2026,1,MEDIUM,INC rating hits ULTRA HOT threshold on 2026-10-17 — first call window,Get ahead of the Oct/Nov renewal rush; start ACER process now before CRISIL backlog builds
Adeshwar Meditex Ltd.,TIER 3 — Junior RM / Tele-sales,Aug Wk3 (Aug 17-21),3.5,0,3.0,Other,ACUITE,October 2026,1,MEDIUM,INC rating hits ULTRA HOT threshold on 2026-11-11 — first call window,Get ahead of the Oct/Nov renewal rush; start ACER process now before ACUITE backlog builds
B T Solders Pvt. Ltd.,TIER 3 — Junior RM / Tele-sales,Aug Wk3 (Aug 17-21),3.5,0,3.0,Other,BRICKWORK,October 2026,1,MEDIUM,INC rating hits ULTRA HOT threshold on 2026-10-17 — first call window,Get ahead of the Oct/Nov renewal rush; start ACER process now before BRICKWORK backlog builds
D B R Sanjana Krishna Hospitals Pvt. Ltd.,TIER 3 — Junior RM / Tele-sales,Aug Wk4 (Aug 24-31),3.5,0,5.0,Healthcare,CRISIL,October 2026,1,LOW,INC rating hits HOT threshold on 2026-11-22 — first call window,Get ahead of the Oct/Nov renewal rush; start ACER process now before CRISIL backlog builds
Devee Biologicals Pvt. Ltd.,TIER 3 — Junior RM / Tele-sales,Aug Wk3 (Aug 17-21),3.5,0,3.0,Other,CRISIL,October 2026,1,MEDIUM,INC rating hits ULTRA HOT threshold on 2026-10-08 — first call window,Get ahead of the Oct/Nov renewal rush; start ACER process now before CRISIL backlog builds
Diach Chemicals & Pigments Pvt. Ltd.,TIER 3 — Junior RM / Tele-sales,Aug Wk3 (Aug 17-21),3.5,0,3.0,Chemicals & Pharma,CARE,October 2026,1,MEDIUM,INC rating hits ULTRA HOT threshold on 2026-11-07 — first call window,Get ahead of the Oct/Nov renewal rush; start ACER process now before CARE backlog builds
Diamond Shipping Agencies Pvt. Ltd.,TIER 3 — Junior RM / Tele-sales,Aug Wk3 (Aug 17-21),3.5,0,4.0,Logistics,CRISIL,October 2026,1,MEDIUM,INC rating hits ULTRA HOT threshold on 2026-10-20 — first call window,Get ahead of the Oct/Nov renewal rush; start ACER process now before CRISIL backlog builds
Elico Ltd.,TIER 3 — Junior RM / Tele-sales,Aug Wk4 (Aug 24-31),3.5,0,5.0,Other,CRISIL,Q1 2027,1,LOW/MEDIUM,INC rating hits ULTRA HOT on 2027-03-12 — prime Q1 2027 renewal target,Your Term Loan at CRISIL goes critical in Mar 2027. Start ACER process in Sep 2026 — before the Q1 rush.
Elljay Textiles Pvt. Ltd.,TIER 3 — Junior RM / Tele-sales,Aug Wk4 (Aug 24-31),3.5,0,3.0,Construction,CARE,October 2026,1,LOW,INC rating hits HOT threshold on 2026-11-22 — first call window,Get ahead of the Oct/Nov renewal rush; start ACER process now before CARE backlog builds
Imperial Readymade Garments Factory India Pvt. Ltd.,TIER 3 — Junior RM / Tele-sales,Aug Wk3 (Aug 17-21),3.5,0,3.0,Textiles,CRISIL,October 2026,1,MEDIUM,INC rating hits ULTRA HOT threshold on 2026-10-13 — first call window,Get ahead of the Oct/Nov renewal rush; start ACER process now before CRISIL backlog builds
Jesmajo Industrial Fabrications Karnataka Pvt. Ltd.,TIER 3 — Junior RM / Tele-sales,Aug Wk4 (Aug 24-31),3.5,0,4.0,Manufacturing,CRISIL,October 2026,1,LOW,INC rating hits HOT threshold on 2026-10-27 — first call window,Get ahead of the Oct/Nov renewal rush; start ACER process now before CRISIL backlog builds
Kadvani Forge Ltd.,TIER 3 — Junior RM / Tele-sales,Aug Wk3 (Aug 17-21),3.5,0,3.0,Other,ICRA,October 2026,1,MEDIUM,INC rating hits ULTRA HOT threshold on 2026-10-23 — first call window,Get ahead of the Oct/Nov renewal rush; start ACER process now before ICRA backlog builds
Kalpatharu Breweries & Distilleries Pvt. Ltd.,TIER 3 — Junior RM / Tele-sales,Aug Wk3 (Aug 17-21),3.5,0,5.0,Other,CRISIL,October 2026,1,MEDIUM,INC rating hits ULTRA HOT threshold on 2026-11-24 — first call window,Get ahead of the Oct/Nov renewal rush; start ACER process now before CRISIL backlog builds
Karna Paints Pvt. Ltd.,TIER 3 — Junior RM / Tele-sales,Aug Wk4 (Aug 24-31),3.5,0,5.0,Chemicals & Pharma,CRISIL,October 2026,1,LOW,INC rating hits HOT threshold on 2026-11-23 — first call window,Get ahead of the Oct/Nov renewal rush; start ACER process now before CRISIL backlog builds
Khurana Polymers Pvt. Ltd.,TIER 3 — Junior RM / Tele-sales,Aug Wk3 (Aug 17-21),3.5,0,5.0,Chemicals & Pharma,CRISIL,October 2026,1,MEDIUM,INC rating hits ULTRA HOT threshold on 2026-10-23 — first call window,Get ahead of the Oct/Nov renewal rush; start ACER process now before CRISIL backlog builds
Neel Kanth Agrofood Products Pvt. Ltd.,TIER 3 — Junior RM / Tele-sales,Aug Wk3 (Aug 17-21),3.5,0,5.0,Agro & Food,CRISIL,October 2026,1,MEDIUM,INC rating hits ULTRA HOT threshold on 2026-11-20 — first call window,Get ahead of the Oct/Nov renewal rush; start ACER process now before CRISIL backlog builds
Omni Impex Pvt. Ltd.,TIER 3 — Junior RM / Tele-sales,Aug Wk4 (Aug 24-31),3.5,0,3.0,Other,CARE,October 2026,1,LOW,INC rating hits HOT threshold on 2026-11-09 — first call window,Get ahead of the Oct/Nov renewal rush; start ACER process now before CARE backlog builds
Pasupala Foods Pvt. Ltd.,TIER 3 — Junior RM / Tele-sales,Aug Wk4 (Aug 24-31),3.5,0,5.0,Agro & Food,CRISIL,Q1 2027,1,LOW/MEDIUM,INC rating hits ULTRA HOT on 2027-03-30 — prime Q1 2027 renewal target,Your Term Loan at CRISIL goes critical in Mar 2027. Start ACER process in Sep 2026 — before the Q1 rush.
Pawan Castings Meghalaya Pvt. Ltd.,TIER 3 — Junior RM / Tele-sales,Aug Wk3 (Aug 17-21),3.5,0,5.0,Steel & Metals,CRISIL,October 2026,1,MEDIUM,INC rating hits ULTRA HOT threshold on 2026-10-13 — first call window,Get ahead of the Oct/Nov renewal rush; start ACER process now before CRISIL backlog builds
Rchem Organics (Bangalore) Pvt. Ltd.,TIER 3 — Junior RM / Tele-sales,Aug Wk4 (Aug 24-31),3.5,0,3.0,Chemicals & Pharma,BRICKWORK,Q1 2027,1,LOW/MEDIUM,INC rating hits ULTRA HOT on 2027-03-17 — prime Q1 2027 renewal target,Your Letter of Credit at BRICKWORK goes critical in Mar 2027. Start ACER process in Sep 2026 — before the Q1 rush.
Satpal Strips Pvt. Ltd.,TIER 3 — Junior RM / Tele-sales,Aug Wk4 (Aug 24-31),3.5,0,5.0,Other,CRISIL,October 2026,1,LOW,INC rating hits HOT threshold on 2026-10-25 — first call window,Get ahead of the Oct/Nov renewal rush; start ACER process now before CRISIL backlog builds
Summits Hygronics Pvt. Ltd.,TIER 3 — Junior RM / Tele-sales,Aug Wk3 (Aug 17-21),3.5,0,3.0,Other,CRISIL,October 2026,1,MEDIUM,INC rating hits ULTRA HOT threshold on 2026-11-12 — first call window,Get ahead of the Oct/Nov renewal rush; start ACER process now before CRISIL backlog builds
Sushen Medicamentos Pvt. Ltd.,TIER 3 — Junior RM / Tele-sales,Aug Wk3 (Aug 17-21),3.5,0,5.0,Other,CRISIL,October 2026,1,MEDIUM,INC rating hits ULTRA HOT threshold on 2026-10-29 — first call window,Get ahead of the Oct/Nov renewal rush; start ACER process now before CRISIL backlog builds
Symbiosis Pharmaceuticals Pvt. Ltd.,TIER 3 — Junior RM / Tele-sales,Aug Wk3 (Aug 17-21),3.5,0,3.0,Chemicals & Pharma,ACUITE,October 2026,1,MEDIUM,INC rating hits ULTRA HOT threshold on 2026-10-23 — first call window,Get ahead of the Oct/Nov renewal rush; start ACER process now before ACUITE backlog builds
Transfix (India) Pvt. Ltd.,TIER 3 — Junior RM / Tele-sales,Aug Wk4 (Aug 24-31),3.5,0,5.0,Other,CRISIL,October 2026,1,LOW,INC rating hits HOT threshold on 2026-10-28 — first call window,Get ahead of the Oct/Nov renewal rush; start ACER process now before CRISIL backlog builds
Vidya Polymer Pvt. Ltd.,TIER 3 — Junior RM / Tele-sales,Aug Wk4 (Aug 24-31),3.5,0,5.0,Chemicals & Pharma,ICRA,October 2026,1,LOW,INC rating hits HOT threshold on 2026-11-15 — first call window,Get ahead of the Oct/Nov renewal rush; start ACER process now before ICRA backlog builds
Annapurna Cotex Pvt. Ltd.,TIER 3 — Junior RM / Tele-sales,Aug Wk4 (Aug 24-31),3.49,0,5.0,Other,CRISIL,October 2026,1,LOW,INC rating hits HOT threshold on 2026-11-17 — first call window,Get ahead of the Oct/Nov renewal rush; start ACER process now before CRISIL backlog builds
Vidyut Urja Equipments Pvt. Ltd.,TIER 3 — Junior RM / Tele-sales,Aug Wk4 (Aug 24-31),3.48,0,3.0,Manufacturing,CRISIL,Q1 2027,1,LOW/MEDIUM,INC rating hits ULTRA HOT on 2027-03-11 — prime Q1 2027 renewal target,Your Non-Fund-Based at CRISIL goes critical in Mar 2027. Start ACER process in Sep 2026 — before the Q1 rush.
Arvind Motors Pvt. Ltd.,TIER 3 — Junior RM / Tele-sales,Aug Wk3 (Aug 17-21),3.47,0,5.0,Automobiles,BRICKWORK,October 2026,1,MEDIUM,INC rating hits ULTRA HOT threshold on 2026-10-14 — first call window,Get ahead of the Oct/Nov renewal rush; start ACER process now before BRICKWORK backlog builds
Archana Motors Pvt. Ltd.,TIER 3 — Junior RM / Tele-sales,Aug Wk4 (Aug 24-31),3.45,0,5.0,Automobiles,ACUITE,Q2 2027,1,LOW (<90 days),"INC since Apr 2026 (81 days). MEDIUM by Oct 2026, HOT by Jan 2027, ULTRA HOT by Apr 2027.",Your Fund based financial facility/instrument at ACUITE hits ULTRA HOT in Apr 2027. Start ACER process by Jan 2027 to be ahead of Q2 2027 renewal rush.
Kankai Pipes & Fittings Pvt. Ltd.,TIER 3 — Junior RM / Tele-sales,Aug Wk4 (Aug 24-31),3.43,0,5.0,Steel & Metals,BRICKWORK,October 2026,1,LOW,INC rating hits HOT threshold on 2026-11-23 — first call window,Get ahead of the Oct/Nov renewal rush; start ACER process now before BRICKWORK backlog builds
Vikram Tea Processor Pvt. Ltd.,TIER 3 — Junior RM / Tele-sales,Aug Wk4 (Aug 24-31),3.43,0,5.0,Agro & Food,CRISIL,October 2026,1,LOW,INC rating hits HOT threshold on 2026-11-25 — first call window,Get ahead of the Oct/Nov renewal rush; start ACER process now before CRISIL backlog builds
Durga Automotives Pvt. Ltd.,TIER 3 — Junior RM / Tele-sales,Aug Wk4 (Aug 24-31),3.4,0,5.0,Automobiles,CARE,Q2 2027,1,LOW (<90 days),"INC since Apr 2026 (81 days). MEDIUM by Oct 2026, HOT by Jan 2027, ULTRA HOT by Apr 2027.",Your Term loans at CARE hits ULTRA HOT in Apr 2027. Start ACER process by Jan 2027 to be ahead of Q2 2027 renewal rush.
Siddhi Industries Ltd.,TIER 3 — Junior RM / Tele-sales,Aug Wk4 (Aug 24-31),3.4,0,5.0,Manufacturing,BRICKWORK,October 2026,1,LOW,INC rating hits HOT threshold on 2026-10-06 — first call window,Get ahead of the Oct/Nov renewal rush; start ACER process now before BRICKWORK backlog builds
V Care Seeds Pvt. Ltd.,TIER 3 — Junior RM / Tele-sales,Aug Wk4 (Aug 24-31),3.4,0,5.0,Agro & Food,CRISIL,October 2026,1,LOW,INC rating hits HOT threshold on 2026-11-25 — first call window,Get ahead of the Oct/Nov renewal rush; start ACER process now before CRISIL backlog builds
Pommys Garments (India) Pvt. Ltd.,TIER 3 — Junior RM / Tele-sales,Aug Wk4 (Aug 24-31),3.38,0,5.0,Textiles,ICRA,Q2 2027,1,LOW (<90 days),"INC since Apr 2026 (62 days). MEDIUM by Oct 2026, HOT by Jan 2027, ULTRA HOT by Apr 2027.",Your Term loans at ICRA hits ULTRA HOT in Apr 2027. Start ACER process by Jan 2027 to be ahead of Q2 2027 renewal rush.
Yadvendra Foods Pvt. Ltd.,TIER 3 — Junior RM / Tele-sales,Aug Wk3 (Aug 17-21),3.36,0,5.0,Agro & Food,CARE,October 2026,1,MEDIUM,INC rating hits ULTRA HOT threshold on 2026-10-15 — first call window,Get ahead of the Oct/Nov renewal rush; start ACER process now before CARE backlog builds
Jai Balaji Controlgears Pvt. Ltd.,TIER 3 — Junior RM / Tele-sales,Aug Wk4 (Aug 24-31),3.34,0,5.0,Other,BRICKWORK,October 2026,1,LOW,INC rating hits HOT threshold on 2026-10-06 — first call window,Get ahead of the Oct/Nov renewal rush; start ACER process now before BRICKWORK backlog builds
Aashraya Hotels & Estates Pvt. Ltd.,TIER 3 — Junior RM / Tele-sales,Aug Wk3 (Aug 17-21),3.32,0,5.0,Hotels & Tourism,BRICKWORK,October 2026,1,MEDIUM,INC rating hits ULTRA HOT threshold on 2026-10-31 — first call window,Get ahead of the Oct/Nov renewal rush; start ACER process now before BRICKWORK backlog builds
Al-Hamd Agro Food Products Pvt. Ltd.,TIER 3 — Junior RM / Tele-sales,Aug Wk3 (Aug 17-21),3.3,0,5.0,Agro & Food,BRICKWORK,October 2026,1,MEDIUM,INC rating hits ULTRA HOT threshold on 2026-10-09 — first call window,Get ahead of the Oct/Nov renewal rush; start ACER process now before BRICKWORK backlog builds
Legend Cars Pvt. Ltd.,TIER 3 — Junior RM / Tele-sales,Aug Wk3 (Aug 17-21),3.3,0,5.0,Automobiles,CRISIL,October 2026,1,MEDIUM,INC rating hits ULTRA HOT threshold on 2026-11-21 — first call window,Get ahead of the Oct/Nov renewal rush; start ACER process now before CRISIL backlog builds
Meerut Roller Flour Mills Pvt. Ltd.,TIER 3 — Junior RM / Tele-sales,Aug Wk3 (Aug 17-21),3.3,0,5.0,Agro & Food,BRICKWORK,October 2026,1,MEDIUM,INC rating hits ULTRA HOT threshold on 2026-11-14 — first call window,Get ahead of the Oct/Nov renewal rush; start ACER process now before BRICKWORK backlog builds
Gaurinath Agro Products Pvt. Ltd.,TIER 3 — Junior RM / Tele-sales,Aug Wk4 (Aug 24-31),3.29,0,5.0,Agro & Food,CARE,October 2026,1,LOW,INC rating hits HOT threshold on 2026-10-18 — first call window,Get ahead of the Oct/Nov renewal rush; start ACER process now before CARE backlog builds
Rajesh Rayon Silk Mills Ltd.,TIER 3 — Junior RM / Tele-sales,Aug Wk4 (Aug 24-31),3.27,0,5.0,Textiles,CRISIL,October 2026,1,LOW,INC rating hits HOT threshold on 2026-11-24 — first call window,Get ahead of the Oct/Nov renewal rush; start ACER process now before CRISIL backlog builds
Super Iron Foundry Ltd.,TIER 3 — Junior RM / Tele-sales,Aug Wk3 (Aug 17-21),3.26,0,5.0,Steel & Metals,CARE,October 2026,1,MEDIUM,INC rating hits ULTRA HOT threshold on 2026-11-21 — first call window,Get ahead of the Oct/Nov renewal rush; start ACER process now before CARE backlog builds
Secan Invescast India Pvt. Ltd.,TIER 3 — Junior RM / Tele-sales,Aug Wk4 (Aug 24-31),3.25,0,5.0,Other,ACUITE,October 2026,1,LOW,INC rating hits HOT threshold on 2026-11-30 — first call window,Get ahead of the Oct/Nov renewal rush; start ACER process now before ACUITE backlog builds
Pragati Coatings Pvt. Ltd.,TIER 3 — Junior RM / Tele-sales,Aug Wk4 (Aug 24-31),3.21,0,5.0,Steel & Metals,CRISIL,October 2026,1,LOW,INC rating hits HOT threshold on 2026-10-24 — first call window,Get ahead of the Oct/Nov renewal rush; start ACER process now before CRISIL backlog builds
Ion Healthcare Pvt. Ltd.,TIER 3 — Junior RM / Tele-sales,Aug Wk3 (Aug 17-21),3.2,0,5.0,Healthcare,CARE,October 2026,1,MEDIUM,INC rating hits ULTRA HOT threshold on 2026-11-04 — first call window,Get ahead of the Oct/Nov renewal rush; start ACER process now before CARE backlog builds
Parmatma Cottons Pvt. Ltd.,TIER 3 — Junior RM / Tele-sales,Aug Wk4 (Aug 24-31),3.2,0,5.0,Agro & Food,CRISIL,October 2026,1,LOW,INC rating hits HOT threshold on 2026-10-28 — first call window,Get ahead of the Oct/Nov renewal rush; start ACER process now before CRISIL backlog builds
Printwell International Pvt. Ltd.,TIER 3 — Junior RM / Tele-sales,Aug Wk3 (Aug 17-21),3.2,0,5.0,Paper/Packaging,CRISIL,October 2026,1,MEDIUM,INC rating hits ULTRA HOT threshold on 2026-11-14 — first call window,Get ahead of the Oct/Nov renewal rush; start ACER process now before CRISIL backlog builds
Kudu Industries Ltd.,TIER 3 — Junior RM / Tele-sales,Aug Wk4 (Aug 24-31),3.16,0,5.0,Manufacturing,CARE,October 2026,1,LOW,INC rating hits HOT threshold on 2026-11-22 — first call window,Get ahead of the Oct/Nov renewal rush; start ACER process now before CARE backlog builds
Joshoda Oil Udyog Pvt. Ltd.,TIER 3 — Junior RM / Tele-sales,Aug Wk3 (Aug 17-21),3.15,0,5.0,Energy,CARE,October 2026,1,MEDIUM,INC rating hits ULTRA HOT threshold on 2026-11-03 — first call window,Get ahead of the Oct/Nov renewal rush; start ACER process now before CARE backlog builds
H R Hygiene Products Ltd.,TIER 3 — Junior RM / Tele-sales,Aug Wk4 (Aug 24-31),3.13,0,5.0,Manufacturing,CRISIL,October 2026,1,LOW,INC rating hits HOT threshold on 2026-10-27 — first call window,Get ahead of the Oct/Nov renewal rush; start ACER process now before CRISIL backlog builds
B L G Electronics Ltd.,TIER 3 — Junior RM / Tele-sales,Aug Wk3 (Aug 17-21),3.12,0,5.0,Other,BRICKWORK,October 2026,1,MEDIUM,INC rating hits ULTRA HOT threshold on 2026-11-11 — first call window,Get ahead of the Oct/Nov renewal rush; start ACER process now before BRICKWORK backlog builds
Orissa Diesel Engines Pvt. Ltd.,TIER 3 — Junior RM / Tele-sales,Aug Wk3 (Aug 17-21),3.12,0,5.0,Energy,CRISIL,October 2026,1,MEDIUM,INC rating hits ULTRA HOT threshold on 2026-11-21 — first call window,Get ahead of the Oct/Nov renewal rush; start ACER process now before CRISIL backlog builds
Tirupati Balajee Nutrition Pvt. Ltd.,TIER 3 — Junior RM / Tele-sales,Aug Wk3 (Aug 17-21),3.11,0,5.0,Other,CARE,October 2026,1,MEDIUM,INC rating hits ULTRA HOT threshold on 2026-11-18 — first call window,Get ahead of the Oct/Nov renewal rush; start ACER process now before CARE backlog builds
Bhushan Tubes Pvt. Ltd.,TIER 3 — Junior RM / Tele-sales,Aug Wk4 (Aug 24-31),3.1,0,5.0,Steel & Metals,CRISIL,October 2026,1,LOW,INC rating hits HOT threshold on 2026-10-09 — first call window,Get ahead of the Oct/Nov renewal rush; start ACER process now before CRISIL backlog builds
Flexible Abrasives Pvt. Ltd.,TIER 3 — Junior RM / Tele-sales,Aug Wk4 (Aug 24-31),3.1,0,5.0,Other,CARE,Q1 2027,1,LOW/MEDIUM,INC rating hits ULTRA HOT on 2026-12-30 — prime Q1 2027 renewal target,Your Fund-Based at CARE goes critical in Dec 2026. Start ACER process in Sep 2026 — before the Q1 rush.
H V R Industries Pvt. Ltd.,TIER 3 — Junior RM / Tele-sales,Aug Wk4 (Aug 24-31),3.1,0,5.0,Manufacturing,CRISIL,October 2026,1,LOW,INC rating hits HOT threshold on 2026-10-27 — first call window,Get ahead of the Oct/Nov renewal rush; start ACER process now before CRISIL backlog builds
Sarvottam Poultry Feed Supply Centre Pvt. Ltd.,TIER 3 — Junior RM / Tele-sales,Aug Wk4 (Aug 24-31),3.09,0,5.0,Agro & Food,BRICKWORK,Q1 2027,1,LOW/MEDIUM,INC rating hits ULTRA HOT on 2027-03-17 — prime Q1 2027 renewal target,Your Fund-Based at BRICKWORK goes critical in Mar 2027. Start ACER process in Sep 2026 — before the Q1 rush.
Oswin Wood Panels Pvt. Ltd.,TIER 3 — Junior RM / Tele-sales,Aug Wk3 (Aug 17-21),3.05,0,3.0,Other,BRICKWORK,October 2026,1,MEDIUM,INC rating hits ULTRA HOT threshold on 2026-11-20 — first call window,Get ahead of the Oct/Nov renewal rush; start ACER process now before BRICKWORK backlog builds
Aavishkar Online Lottery Agency Pvt. Ltd.,TIER 3 — Junior RM / Tele-sales,Aug Wk4 (Aug 24-31),3.02,0,5.0,Other,BRICKWORK,October 2026,1,LOW,INC rating hits HOT threshold on 2026-10-20 — first call window,Get ahead of the Oct/Nov renewal rush; start ACER process now before BRICKWORK backlog builds
Aruppukottai Shri Ramalinga Spinners Pvt. Ltd.,TIER 3 — Junior RM / Tele-sales,Aug Wk3 (Aug 17-21),3.02,0,5.0,Hotels & Tourism,ICRA,October 2026,1,MEDIUM,INC rating hits ULTRA HOT threshold on 2026-10-21 — first call window,Get ahead of the Oct/Nov renewal rush; start ACER process now before ICRA backlog builds
Kalyani Innerwear Pvt. Ltd.,TIER 3 — Junior RM / Tele-sales,Aug Wk3 (Aug 17-21),3.01,0,5.0,Hotels & Tourism,CRISIL,October 2026,1,MEDIUM,INC rating hits ULTRA HOT threshold on 2026-11-13 — first call window,Get ahead of the Oct/Nov renewal rush; start ACER process now before CRISIL backlog builds
A C E Cardiopathy Solutions Pvt. Ltd.,TIER 3 — Junior RM / Tele-sales,Aug Wk4 (Aug 24-31),3.0,0,4.0,Other,CRISIL,Q1 2027,1,LOW/MEDIUM,INC rating hits ULTRA HOT on 2027-03-11 — prime Q1 2027 renewal target,Your Bank Guarantee at CRISIL goes critical in Mar 2027. Start ACER process in Sep 2026 — before the Q1 rush.
A C R Machining Pvt. Ltd.,TIER 3 — Junior RM / Tele-sales,Aug Wk4 (Aug 24-31),3.0,0,5.0,Manufacturing,CRISIL,October 2026,1,LOW,INC rating hits HOT threshold on 2026-10-09 — first call window,Get ahead of the Oct/Nov renewal rush; start ACER process now before CRISIL backlog builds
A D Electro-Steel Co. Pvt. Ltd.,TIER 3 — Junior RM / Tele-sales,Aug Wk4 (Aug 24-31),3.0,0,4.0,Steel & Metals,CRISIL,October 2026,1,LOW,INC rating hits HOT threshold on 2026-11-22 — first call window,Get ahead of the Oct/Nov renewal rush; start ACER process now before CRISIL backlog builds
A G L Polyfil Pvt. Ltd.,TIER 3 — Junior RM / Tele-sales,Aug Wk3 (Aug 17-21),3.0,0,4.0,Other,CARE,October 2026,1,MEDIUM,INC rating hits ULTRA HOT threshold on 2026-10-30 — first call window,Get ahead of the Oct/Nov renewal rush; start ACER process now before CARE backlog builds
A G X Retail Solutions Pvt. Ltd.,TIER 3 — Junior RM / Tele-sales,Aug Wk3 (Aug 17-21),3.0,0,4.0,Media/Retail,CRISIL,October 2026,1,MEDIUM,INC rating hits ULTRA HOT threshold on 2026-11-21 — first call window,Get ahead of the Oct/Nov renewal rush; start ACER process now before CRISIL backlog builds
Addi Alloys Pvt. Ltd.,TIER 3 — Junior RM / Tele-sales,Aug Wk4 (Aug 24-31),3.0,0,3.0,Steel & Metals,ICRA,October 2026,1,LOW,INC rating hits HOT threshold on 2026-11-13 — first call window,Get ahead of the Oct/Nov renewal rush; start ACER process now before ICRA backlog builds
Airtec Electrovision Pvt. Ltd.,TIER 3 — Junior RM / Tele-sales,Aug Wk3 (Aug 17-21),3.0,0,3.0,Other,CRISIL,October 2026,1,MEDIUM,INC rating hits ULTRA HOT threshold on 2026-11-12 — first call window,Get ahead of the Oct/Nov renewal rush; start ACER process now before CRISIL backlog builds
Ambani Vitrified Pvt. Ltd.,TIER 3 — Junior RM / Tele-sales,Aug Wk3 (Aug 17-21),3.0,0,4.0,Other,CRISIL,October 2026,1,MEDIUM,INC rating hits ULTRA HOT threshold on 2026-11-19 — first call window,Get ahead of the Oct/Nov renewal rush; start ACER process now before CRISIL backlog builds
Atharva Corrugations Pvt. Ltd.,TIER 3 — Junior RM / Tele-sales,Aug Wk3 (Aug 17-21),3.0,0,3.0,Paper/Packaging,CRISIL,October 2026,1,MEDIUM,INC rating hits ULTRA HOT threshold on 2026-10-07 — first call window,Get ahead of the Oct/Nov renewal rush; start ACER process now before CRISIL backlog builds
Bajrang Nirman Pvt. Ltd.,TIER 3 — Junior RM / Tele-sales,Aug Wk4 (Aug 24-31),3.0,0,4.0,Other,CARE,October 2026,1,LOW,INC rating hits HOT threshold on 2026-11-06 — first call window,Get ahead of the Oct/Nov renewal rush; start ACER process now before CARE backlog builds
Bhandari Engineering Co. Pvt. Ltd.,TIER 3 — Junior RM / Tele-sales,Aug Wk3 (Aug 17-21),3.0,0,4.0,Manufacturing,BRICKWORK,October 2026,1,MEDIUM,INC rating hits ULTRA HOT threshold on 2026-10-31 — first call window,Get ahead of the Oct/Nov renewal rush; start ACER process now before BRICKWORK backlog builds
Bhandari Precision Forgings Pvt. Ltd.,TIER 3 — Junior RM / Tele-sales,Aug Wk3 (Aug 17-21),3.0,0,5.0,Steel & Metals,CRISIL,October 2026,1,MEDIUM,INC rating hits ULTRA HOT threshold on 2026-10-23 — first call window,Get ahead of the Oct/Nov renewal rush; start ACER process now before CRISIL backlog builds
Blue Ocean Beverages Pvt. Ltd.,TIER 3 — Junior RM / Tele-sales,Aug Wk4 (Aug 24-31),3.0,0,5.0,Other,CRISIL,Q1 2027,1,LOW/MEDIUM,INC rating hits ULTRA HOT on 2027-03-11 — prime Q1 2027 renewal target,Your Term Loan at CRISIL goes critical in Mar 2027. Start ACER process in Sep 2026 — before the Q1 rush.
Bluemax Imppex (India) Pvt. Ltd.,TIER 3 — Junior RM / Tele-sales,Aug Wk4 (Aug 24-31),3.0,0,3.0,Other,BRICKWORK,Q2 2027,1,LOW (<90 days),"INC since Apr 2026 (86 days). MEDIUM by Oct 2026, HOT by Jan 2027, ULTRA HOT by Apr 2027.",Your Letter Of credit at BRICKWORK hits ULTRA HOT in Apr 2027. Start ACER process by Jan 2027 to be ahead of Q2 2027 renewal rush.
Cavier Bath Fittings Ltd.,TIER 3 — Junior RM / Tele-sales,Aug Wk4 (Aug 24-31),3.0,0,5.0,Other,CRISIL,Q1 2027,1,LOW/MEDIUM,INC rating hits ULTRA HOT on 2027-03-18 — prime Q1 2027 renewal target,Your Term Loan at CRISIL goes critical in Mar 2027. Start ACER process in Sep 2026 — before the Q1 rush.
Delta Sugars Ltd.,TIER 3 — Junior RM / Tele-sales,Aug Wk4 (Aug 24-31),3.0,0,5.0,Agro & Food,CRISIL,October 2026,1,LOW,INC rating hits HOT threshold on 2026-10-18 — first call window,Get ahead of the Oct/Nov renewal rush; start ACER process now before CRISIL backlog builds
Empire Multipack Pvt. Ltd.,TIER 3 — Junior RM / Tele-sales,Aug Wk4 (Aug 24-31),3.0,0,3.0,Other,CRISIL,October 2026,1,LOW,INC rating hits HOT threshold on 2026-11-22 — first call window,Get ahead of the Oct/Nov renewal rush; start ACER process now before CRISIL backlog builds
G N A Drivelines Ltd.,TIER 3 — Junior RM / Tele-sales,Aug Wk4 (Aug 24-31),3.0,0,3.0,Other,BRICKWORK,Q1 2027,1,LOW/MEDIUM,INC rating hits ULTRA HOT on 2027-03-10 — prime Q1 2027 renewal target,Your Letter of Credit at BRICKWORK goes critical in Mar 2027. Start ACER process in Sep 2026 — before the Q1 rush.
G S Agri Exim Pvt. Ltd.,TIER 3 — Junior RM / Tele-sales,Aug Wk4 (Aug 24-31),3.0,0,3.0,Other,BRICKWORK,Q1 2027,1,LOW/MEDIUM,INC rating hits ULTRA HOT on 2027-03-17 — prime Q1 2027 renewal target,Your Letter of Credit at BRICKWORK goes critical in Mar 2027. Start ACER process in Sep 2026 — before the Q1 rush.
G S D Constructions Indore Pvt. Ltd.,TIER 3 — Junior RM / Tele-sales,Aug Wk3 (Aug 17-21),3.0,0,4.0,Construction,ACUITE,October 2026,1,MEDIUM,INC rating hits ULTRA HOT threshold on 2026-11-14 — first call window,Get ahead of the Oct/Nov renewal rush; start ACER process now before ACUITE backlog builds
Gold Chick Hatcheries & Foods Ltd.,TIER 3 — Junior RM / Tele-sales,Aug Wk4 (Aug 24-31),3.0,0,5.0,Agro & Food,CRISIL,October 2026,1,LOW,INC rating hits HOT threshold on 2026-10-18 — first call window,Get ahead of the Oct/Nov renewal rush; start ACER process now before CRISIL backlog builds
Govindam Projects Pvt. Ltd.,TIER 3 — Junior RM / Tele-sales,Aug Wk3 (Aug 17-21),3.0,0,5.0,Construction,CRISIL,October 2026,1,MEDIUM,INC rating hits ULTRA HOT threshold on 2026-11-19 — first call window,Get ahead of the Oct/Nov renewal rush; start ACER process now before CRISIL backlog builds
H K S Automobiles Pvt. Ltd.,TIER 3 — Junior RM / Tele-sales,Aug Wk4 (Aug 24-31),3.0,0,5.0,Automobiles,CRISIL,October 2026,1,LOW,INC rating hits HOT threshold on 2026-11-22 — first call window,Get ahead of the Oct/Nov renewal rush; start ACER process now before CRISIL backlog builds
Himalayan Packaging Inds. Pvt. Ltd.,TIER 3 — Junior RM / Tele-sales,Aug Wk4 (Aug 24-31),3.0,0,3.0,Paper/Packaging,ACUITE,October 2026,1,LOW,INC rating hits HOT threshold on 2026-10-24 — first call window,Get ahead of the Oct/Nov renewal rush; start ACER process now before ACUITE backlog builds
Jupax Vanijya Pvt. Ltd.,TIER 3 — Junior RM / Tele-sales,Aug Wk3 (Aug 17-21),3.0,0,3.0,Other,CRISIL,October 2026,1,MEDIUM,INC rating hits ULTRA HOT threshold on 2026-11-10 — first call window,Get ahead of the Oct/Nov renewal rush; start ACER process now before CRISIL backlog builds
Keshranand Ginning & Prsg. Factory Pvt. Ltd.,TIER 3 — Junior RM / Tele-sales,Aug Wk3 (Aug 17-21),3.0,0,5.0,Hotels & Tourism,CRISIL,October 2026,1,MEDIUM,INC rating hits ULTRA HOT threshold on 2026-11-12 — first call window,Get ahead of the Oct/Nov renewal rush; start ACER process now before CRISIL backlog builds
Kolkata Marine Products Pvt. Ltd.,TIER 3 — Junior RM / Tele-sales,Aug Wk3 (Aug 17-21),3.0,0,5.0,Manufacturing,CRISIL,October 2026,1,MEDIUM,INC rating hits ULTRA HOT threshold on 2026-11-13 — first call window,Get ahead of the Oct/Nov renewal rush; start ACER process now before CRISIL backlog builds
Krishnaganga Spinning Mills Pvt. Ltd.,TIER 3 — Junior RM / Tele-sales,Aug Wk4 (Aug 24-31),3.0,0,3.0,Textiles,CARE,October 2026,1,LOW,INC rating hits HOT threshold on 2026-10-04 — first call window,Get ahead of the Oct/Nov renewal rush; start ACER process now before CARE backlog builds
Laxmi Dia Jewel Pvt. Ltd.,TIER 3 — Junior RM / Tele-sales,Aug Wk4 (Aug 24-31),3.0,0,4.0,Jewellery/Gems,CRISIL,October 2026,1,LOW,INC rating hits HOT threshold on 2026-11-23 — first call window,Get ahead of the Oct/Nov renewal rush; start ACER process now before CRISIL backlog builds
Maruti Rub-Plast Pvt. Ltd.,TIER 3 — Junior RM / Tele-sales,Aug Wk4 (Aug 24-31),3.0,0,4.0,Other,BRICKWORK,Q1 2027,1,LOW/MEDIUM,INC rating hits ULTRA HOT on 2026-12-31 — prime Q1 2027 renewal target,Your Bank Guarantee at BRICKWORK goes critical in Dec 2026. Start ACER process in Sep 2026 — before the Q1 rush.
Mico Plast Inds. Ltd.,TIER 3 — Junior RM / Tele-sales,Aug Wk4 (Aug 24-31),3.0,0,3.0,Other,BRICKWORK,October 2026,1,LOW,INC rating hits HOT threshold on 2026-11-23 — first call window,Get ahead of the Oct/Nov renewal rush; start ACER process now before BRICKWORK backlog builds
Monga Brothers Ltd.,TIER 3 — Junior RM / Tele-sales,Aug Wk3 (Aug 17-21),3.0,0,3.0,Other,BRICKWORK,October 2026,1,MEDIUM,INC rating hits ULTRA HOT threshold on 2026-10-22 — first call window,Get ahead of the Oct/Nov renewal rush; start ACER process now before BRICKWORK backlog builds
Munshi Panna Masala Udyog Pvt. Ltd.,TIER 3 — Junior RM / Tele-sales,Aug Wk3 (Aug 17-21),3.0,0,5.0,Agro & Food,ACUITE,October 2026,1,MEDIUM,INC rating hits ULTRA HOT threshold on 2026-10-23 — first call window,Get ahead of the Oct/Nov renewal rush; start ACER process now before ACUITE backlog builds
My Car (Indore) Pvt. Ltd.,TIER 3 — Junior RM / Tele-sales,Aug Wk4 (Aug 24-31),3.0,0,4.0,Mining & Minerals,CRISIL,Q2 2027,1,LOW (<90 days),"INC since Apr 2026 (65 days). MEDIUM by Oct 2026, HOT by Jan 2027, ULTRA HOT by Apr 2027.",Your Bank Guarantee at CRISIL hits ULTRA HOT in Apr 2027. Start ACER process by Jan 2027 to be ahead of Q2 2027 renewal rush.
Nagarjuna Agro Chemicals Pvt. Ltd.,TIER 3 — Junior RM / Tele-sales,Aug Wk4 (Aug 24-31),3.0,0,5.0,Agro & Food,CRISIL,Q1 2027,1,LOW/MEDIUM,INC rating hits ULTRA HOT on 2027-03-27 — prime Q1 2027 renewal target,Your Term Loan at CRISIL goes critical in Mar 2027. Start ACER process in Sep 2026 — before the Q1 rush.
Nikita Industries Pvt. Ltd.,TIER 3 — Junior RM / Tele-sales,Aug Wk4 (Aug 24-31),3.0,0,5.0,Manufacturing,CRISIL,Q1 2027,1,LOW/MEDIUM,INC rating hits ULTRA HOT on 2027-03-17 — prime Q1 2027 renewal target,Your Term Loan at CRISIL goes critical in Mar 2027. Start ACER process in Sep 2026 — before the Q1 rush.
Paramount Automotives Pvt. Ltd.,TIER 3 — Junior RM / Tele-sales,Aug Wk4 (Aug 24-31),3.0,0,5.0,Automobiles,CARE,October 2026,1,LOW,INC rating hits HOT threshold on 2026-11-09 — first call window,Get ahead of the Oct/Nov renewal rush; start ACER process now before CARE backlog builds
Patkar Extrusions Pvt. Ltd.,TIER 3 — Junior RM / Tele-sales,Aug Wk4 (Aug 24-31),3.0,0,3.0,Other,CRISIL,October 2026,1,LOW,INC rating hits HOT threshold on 2026-10-28 — first call window,Get ahead of the Oct/Nov renewal rush; start ACER process now before CRISIL backlog builds
R K Steel Udyog Pvt. Ltd.,TIER 3 — Junior RM / Tele-sales,Aug Wk4 (Aug 24-31),3.0,0,5.0,Steel & Metals,CRISIL,October 2026,1,LOW,INC rating hits HOT threshold on 2026-10-18 — first call window,Get ahead of the Oct/Nov renewal rush; start ACER process now before CRISIL backlog builds
Rachhpal Auto Alliance Pvt. Ltd.,TIER 3 — Junior RM / Tele-sales,Aug Wk4 (Aug 24-31),3.0,0,5.0,Manufacturing,BRICKWORK,Q1 2027,1,LOW/MEDIUM,INC rating hits ULTRA HOT on 2027-03-17 — prime Q1 2027 renewal target,Your Fund-Based at BRICKWORK goes critical in Mar 2027. Start ACER process in Sep 2026 — before the Q1 rush.
Radhey Shyam Jewellers Pvt. Ltd.,TIER 3 — Junior RM / Tele-sales,Aug Wk3 (Aug 17-21),3.0,0,5.0,Jewellery/Gems,CRISIL,October 2026,1,MEDIUM,INC rating hits ULTRA HOT threshold on 2026-11-05 — first call window,Get ahead of the Oct/Nov renewal rush; start ACER process now before CRISIL backlog builds
Ramdev Industries Ltd.,TIER 3 — Junior RM / Tele-sales,Aug Wk3 (Aug 17-21),3.0,0,3.0,Manufacturing,BRICKWORK,October 2026,1,MEDIUM,INC rating hits ULTRA HOT threshold on 2026-11-13 — first call window,Get ahead of the Oct/Nov renewal rush; start ACER process now before BRICKWORK backlog builds
Ravian Life Science Pvt. Ltd.,TIER 3 — Junior RM / Tele-sales,Aug Wk3 (Aug 17-21),3.0,0,5.0,Healthcare,CRISIL,October 2026,1,MEDIUM,INC rating hits ULTRA HOT threshold on 2026-11-04 — first call window,Get ahead of the Oct/Nov renewal rush; start ACER process now before CRISIL backlog builds
Royal Castor Products Ltd.,TIER 3 — Junior RM / Tele-sales,Aug Wk3 (Aug 17-21),3.0,0,3.0,Manufacturing,ICRA,October 2026,1,MEDIUM,INC rating hits ULTRA HOT threshold on 2026-10-09 — first call window,Get ahead of the Oct/Nov renewal rush; start ACER process now before ICRA backlog builds
S F P Sons (India) Pvt. Ltd.,TIER 3 — Junior RM / Tele-sales,Aug Wk4 (Aug 24-31),3.0,0,5.0,Other,CRISIL,October 2026,1,LOW,INC rating hits HOT threshold on 2026-10-20 — first call window,Get ahead of the Oct/Nov renewal rush; start ACER process now before CRISIL backlog builds
S K Solvent (I) Pvt. Ltd.,TIER 3 — Junior RM / Tele-sales,Aug Wk4 (Aug 24-31),3.0,0,5.0,Chemicals & Pharma,CRISIL,October 2026,1,LOW,INC rating hits HOT threshold on 2026-11-24 — first call window,Get ahead of the Oct/Nov renewal rush; start ACER process now before CRISIL backlog builds
Sbem Pvt. Ltd.,TIER 3 — Junior RM / Tele-sales,Aug Wk3 (Aug 17-21),3.0,0,5.0,Other,CRISIL,October 2026,1,MEDIUM,INC rating hits ULTRA HOT threshold on 2026-11-10 — first call window,Get ahead of the Oct/Nov renewal rush; start ACER process now before CRISIL backlog builds
Shahi Shipping Ltd.,TIER 3 — Junior RM / Tele-sales,Aug Wk3 (Aug 17-21),3.0,0,5.0,Logistics,CRISIL,October 2026,1,MEDIUM,INC rating hits ULTRA HOT threshold on 2026-11-27 — first call window,Get ahead of the Oct/Nov renewal rush; start ACER process now before CRISIL backlog builds
Shoe Tecnik Intl. Corpn. Ltd.,TIER 3 — Junior RM / Tele-sales,Aug Wk4 (Aug 24-31),3.0,0,3.0,Other,BRICKWORK,October 2026,1,LOW,INC rating hits HOT threshold on 2026-10-09 — first call window,Get ahead of the Oct/Nov renewal rush; start ACER process now before BRICKWORK backlog builds
Shree Nakoda Infrasteel Pvt. Ltd.,TIER 3 — Junior RM / Tele-sales,Aug Wk3 (Aug 17-21),3.0,0,4.0,Steel & Metals,CARE,October 2026,1,MEDIUM,INC rating hits ULTRA HOT threshold on 2026-11-28 — first call window,Get ahead of the Oct/Nov renewal rush; start ACER process now before CARE backlog builds
Shree Ram Sponge & Steels Pvt. Ltd.,TIER 3 — Junior RM / Tele-sales,Aug Wk4 (Aug 24-31),3.0,0,3.0,Steel & Metals,CRISIL,October 2026,1,LOW,INC rating hits HOT threshold on 2026-11-24 — first call window,Get ahead of the Oct/Nov renewal rush; start ACER process now before CRISIL backlog builds
Siwan Tractors Pvt. Ltd.,TIER 3 — Junior RM / Tele-sales,Aug Wk4 (Aug 24-31),3.0,0,5.0,Automobiles,BRICKWORK,October 2026,1,LOW,INC rating hits HOT threshold on 2026-11-03 — first call window,Get ahead of the Oct/Nov renewal rush; start ACER process now before BRICKWORK backlog builds
Sterling Ornaments Pvt. Ltd.,TIER 3 — Junior RM / Tele-sales,Aug Wk4 (Aug 24-31),3.0,0,5.0,Jewellery/Gems,CRISIL,October 2026,1,LOW,INC rating hits HOT threshold on 2026-11-23 — first call window,Get ahead of the Oct/Nov renewal rush; start ACER process now before CRISIL backlog builds
Subhashree Packers Pvt. Ltd.,TIER 3 — Junior RM / Tele-sales,Aug Wk4 (Aug 24-31),3.0,0,5.0,Other,CRISIL,October 2026,1,LOW,INC rating hits HOT threshold on 2026-10-20 — first call window,Get ahead of the Oct/Nov renewal rush; start ACER process now before CRISIL backlog builds
Suprabha Protective Products Pvt. Ltd.,TIER 3 — Junior RM / Tele-sales,Aug Wk4 (Aug 24-31),3.0,0,5.0,Manufacturing,ICRA,October 2026,1,LOW,INC rating hits HOT threshold on 2026-11-24 — first call window,Get ahead of the Oct/Nov renewal rush; start ACER process now before ICRA backlog builds
Swastik Polyvinyls Pvt. Ltd.,TIER 3 — Junior RM / Tele-sales,Aug Wk4 (Aug 24-31),3.0,0,5.0,Other,ICRA,October 2026,1,LOW,INC rating hits HOT threshold on 2026-11-24 — first call window,Get ahead of the Oct/Nov renewal rush; start ACER process now before ICRA backlog builds
Texcel International Pvt. Ltd. [Merged],TIER 3 — Junior RM / Tele-sales,Aug Wk4 (Aug 24-31),3.0,0,3.0,Other,CRISIL,October 2026,1,LOW,INC rating hits HOT threshold on 2026-11-20 — first call window,Get ahead of the Oct/Nov renewal rush; start ACER process now before CRISIL backlog builds
Tokyo Plast Intl. Ltd.,TIER 3 — Junior RM / Tele-sales,Aug Wk3 (Aug 17-21),3.0,0,3.0,Other,CRISIL,October 2026,1,MEDIUM,INC rating hits ULTRA HOT threshold on 2026-11-26 — first call window,Get ahead of the Oct/Nov renewal rush; start ACER process now before CRISIL backlog builds
Ukay Luggage India Pvt. Ltd.,TIER 3 — Junior RM / Tele-sales,Aug Wk4 (Aug 24-31),3.0,0,5.0,Other,CRISIL,October 2026,1,LOW,INC rating hits HOT threshold on 2026-10-28 — first call window,Get ahead of the Oct/Nov renewal rush; start ACER process now before CRISIL backlog builds
Vega Auto Accessories Ltd.,TIER 3 — Junior RM / Tele-sales,Aug Wk4 (Aug 24-31),3.0,0,4.0,Automobiles,CRISIL,October 2026,1,LOW,INC rating hits HOT threshold on 2026-11-25 — first call window,Get ahead of the Oct/Nov renewal rush; start ACER process now before CRISIL backlog builds
Whitegold Ceramics Pvt. Ltd.,TIER 3 — Junior RM / Tele-sales,Aug Wk3 (Aug 17-21),3.0,0,5.0,Jewellery/Gems,CRISIL,October 2026,1,MEDIUM,INC rating hits ULTRA HOT threshold on 2026-10-30 — first call window,Get ahead of the Oct/Nov renewal rush; start ACER process now before CRISIL backlog builds
Yamuna Machine Works Ltd.,TIER 3 — Junior RM / Tele-sales,Aug Wk4 (Aug 24-31),3.0,0,5.0,Manufacturing,ICRA,Q1 2027,1,LOW/MEDIUM,INC rating hits ULTRA HOT on 2027-03-11 — prime Q1 2027 renewal target,Your Fund-Based at ICRA goes critical in Mar 2027. Start ACER process in Sep 2026 — before the Q1 rush.
Galaxy Exports Pvt. Ltd.,TIER 3 — Junior RM / Tele-sales,Aug Wk4 (Aug 24-31),2.98,0,5.0,Logistics,CRISIL,October 2026,1,LOW,INC rating hits HOT threshold on 2026-10-24 — first call window,Get ahead of the Oct/Nov renewal rush; start ACER process now before CRISIL backlog builds
Prince Ginning & Prsg. Pvt. Ltd.,TIER 3 — Junior RM / Tele-sales,Aug Wk4 (Aug 24-31),2.95,0,5.0,Hotels & Tourism,ACUITE,October 2026,1,LOW,INC rating hits HOT threshold on 2026-11-10 — first call window,Get ahead of the Oct/Nov renewal rush; start ACER process now before ACUITE backlog builds
Saboo Sodium Chloro Ltd.,TIER 3 — Junior RM / Tele-sales,Aug Wk4 (Aug 24-31),2.95,0,5.0,Other,BRICKWORK,Q1 2027,1,LOW/MEDIUM,INC rating hits ULTRA HOT on 2027-03-23 — prime Q1 2027 renewal target,Your Term Loan at BRICKWORK goes critical in Mar 2027. Start ACER process in Sep 2026 — before the Q1 rush.
Shakti Maltare & Lemonade Pvt. Ltd.,TIER 3 — Junior RM / Tele-sales,Aug Wk4 (Aug 24-31),2.94,0,5.0,Other,CARE,October 2026,1,LOW,INC rating hits HOT threshold on 2026-11-09 — first call window,Get ahead of the Oct/Nov renewal rush; start ACER process now before CARE backlog builds
R R Trends Pvt. Ltd.,TIER 3 — Junior RM / Tele-sales,Aug Wk4 (Aug 24-31),2.93,0,5.0,Other,BRICKWORK,October 2026,1,LOW,INC rating hits HOT threshold on 2026-10-18 — first call window,Get ahead of the Oct/Nov renewal rush; start ACER process now before BRICKWORK backlog builds
Alco Info-Tech Pvt. Ltd.,TIER 3 — Junior RM / Tele-sales,Aug Wk3 (Aug 17-21),2.9,0,4.0,IT/Technology,CRISIL,October 2026,1,MEDIUM,INC rating hits ULTRA HOT threshold on 2026-11-14 — first call window,Get ahead of the Oct/Nov renewal rush; start ACER process now before CRISIL backlog builds
Leben Laboratories Pvt. Ltd.,TIER 3 — Junior RM / Tele-sales,Aug Wk3 (Aug 17-21),2.9,0,5.0,Healthcare,CRISIL,October 2026,1,MEDIUM,INC rating hits ULTRA HOT threshold on 2026-10-29 — first call window,Get ahead of the Oct/Nov renewal rush; start ACER process now before CRISIL backlog builds
Zebion Infotech Ltd.,TIER 3 — Junior RM / Tele-sales,Aug Wk4 (Aug 24-31),2.9,0,5.0,IT/Technology,IND-RA,October 2026,1,LOW,INC rating hits HOT threshold on 2026-10-06 — first call window,Get ahead of the Oct/Nov renewal rush; start ACER process now before IND-RA backlog builds
Arihant Publications (India) Ltd.,TIER 3 — Junior RM / Tele-sales,Aug Wk4 (Aug 24-31),2.86,0,5.0,Other,BRICKWORK,October 2026,1,LOW,INC rating hits HOT threshold on 2026-10-16 — first call window,Get ahead of the Oct/Nov renewal rush; start ACER process now before BRICKWORK backlog builds
Evershine Marbles & Exporters Pvt. Ltd.,TIER 3 — Junior RM / Tele-sales,Aug Wk4 (Aug 24-31),2.86,0,5.0,Logistics,CRISIL,October 2026,1,LOW,INC rating hits HOT threshold on 2026-11-21 — first call window,Get ahead of the Oct/Nov renewal rush; start ACER process now before CRISIL backlog builds
Malabar Cements Ltd.,TIER 3 — Junior RM / Tele-sales,Aug Wk3 (Aug 17-21),2.86,0,4.0,Construction,CRISIL,October 2026,1,MEDIUM,INC rating hits ULTRA HOT threshold on 2026-11-13 — first call window,Get ahead of the Oct/Nov renewal rush; start ACER process now before CRISIL backlog builds
Howrah Gases Ltd.,TIER 3 — Junior RM / Tele-sales,Aug Wk3 (Aug 17-21),2.85,0,5.0,Other,CRISIL,October 2026,1,MEDIUM,INC rating hits ULTRA HOT threshold on 2026-11-14 — first call window,Get ahead of the Oct/Nov renewal rush; start ACER process now before CRISIL backlog builds
Sun Shine Autos Pvt. Ltd.,TIER 3 — Junior RM / Tele-sales,Aug Wk3 (Aug 17-21),2.83,0,5.0,Automobiles,CARE,October 2026,1,MEDIUM,INC rating hits ULTRA HOT threshold on 2026-11-27 — first call window,Get ahead of the Oct/Nov renewal rush; start ACER process now before CARE backlog builds
United Engineering Inds. Pvt. Ltd.,TIER 3 — Junior RM / Tele-sales,Aug Wk4 (Aug 24-31),2.8,0,4.0,Other,ACUITE,Q2 2027,1,LOW (<90 days),"INC since Apr 2026 (74 days). MEDIUM by Oct 2026, HOT by Jan 2027, ULTRA HOT by Apr 2027.",Your Bank Guarantee at ACUITE hits ULTRA HOT in Apr 2027. Start ACER process by Jan 2027 to be ahead of Q2 2027 renewal rush.
Nila Sea Foods Pvt. Ltd.,TIER 3 — Junior RM / Tele-sales,Aug Wk4 (Aug 24-31),2.77,0,5.0,Agro & Food,BRICKWORK,Q1 2027,1,LOW/MEDIUM,INC rating hits ULTRA HOT on 2027-03-20 — prime Q1 2027 renewal target,Your Term Loan at BRICKWORK goes critical in Mar 2027. Start ACER process in Sep 2026 — before the Q1 rush.
Chorus Labs Ltd.,TIER 3 — Junior RM / Tele-sales,Aug Wk3 (Aug 17-21),2.75,0,3.0,Healthcare,ICRA,October 2026,1,MEDIUM,INC rating hits ULTRA HOT threshold on 2026-11-28 — first call window,Get ahead of the Oct/Nov renewal rush; start ACER process now before ICRA backlog builds
Manisha Engineers Pvt. Ltd.,TIER 3 — Junior RM / Tele-sales,Aug Wk4 (Aug 24-31),2.75,0,3.0,Manufacturing,ACUITE,October 2026,1,LOW,INC rating hits HOT threshold on 2026-10-31 — first call window,Get ahead of the Oct/Nov renewal rush; start ACER process now before ACUITE backlog builds
Sorento Granito Pvt. Ltd.,TIER 3 — Junior RM / Tele-sales,Aug Wk3 (Aug 17-21),2.75,0,4.0,Other,BRICKWORK,October 2026,1,MEDIUM,INC rating hits ULTRA HOT threshold on 2026-11-14 — first call window,Get ahead of the Oct/Nov renewal rush; start ACER process now before BRICKWORK backlog builds
Venkateshwara Fibre Glass (Chennai) Pvt.  Ltd.,TIER 3 — Junior RM / Tele-sales,Aug Wk4 (Aug 24-31),2.75,0,5.0,Textiles,CRISIL,October 2026,1,LOW,INC rating hits HOT threshold on 2026-10-06 — first call window,Get ahead of the Oct/Nov renewal rush; start ACER process now before CRISIL backlog builds
Window Techs India Pvt. Ltd.,TIER 3 — Junior RM / Tele-sales,Aug Wk3 (Aug 17-21),2.75,0,5.0,Energy,CRISIL,October 2026,1,MEDIUM,INC rating hits ULTRA HOT threshold on 2026-10-30 — first call window,Get ahead of the Oct/Nov renewal rush; start ACER process now before CRISIL backlog builds
Amalgam Nutrients & Feeds Ltd.,TIER 3 — Junior RM / Tele-sales,Aug Wk3 (Aug 17-21),2.66,0,5.0,Other,CRISIL,October 2026,1,MEDIUM,INC rating hits ULTRA HOT threshold on 2026-10-23 — first call window,Get ahead of the Oct/Nov renewal rush; start ACER process now before CRISIL backlog builds
Hi Tech Ferrous & Non Ferrous India Pvt. Ltd.,TIER 3 — Junior RM / Tele-sales,Aug Wk3 (Aug 17-21),2.65,0,5.0,Steel & Metals,ACUITE,October 2026,1,MEDIUM,INC rating hits ULTRA HOT threshold on 2026-10-24 — first call window,Get ahead of the Oct/Nov renewal rush; start ACER process now before ACUITE backlog builds
S V Aluext Profile Pvt. Ltd.,TIER 3 — Junior RM / Tele-sales,Aug Wk4 (Aug 24-31),2.64,0,5.0,Other,BRICKWORK,October 2026,1,LOW,INC rating hits HOT threshold on 2026-10-24 — first call window,Get ahead of the Oct/Nov renewal rush; start ACER process now before BRICKWORK backlog builds
Prakash Whitegold Ginners Pvt. Ltd.,TIER 3 — Junior RM / Tele-sales,Aug Wk4 (Aug 24-31),2.62,0,5.0,Jewellery/Gems,CARE,October 2026,1,LOW,INC rating hits HOT threshold on 2026-10-27 — first call window,Get ahead of the Oct/Nov renewal rush; start ACER process now before CARE backlog builds
Tunwal E-Motors Ltd.,TIER 3 — Junior RM / Tele-sales,Aug Wk4 (Aug 24-31),2.62,0,5.0,Automobiles,ACUITE,October 2026,1,LOW,INC rating hits HOT threshold on 2026-10-20 — first call window,Get ahead of the Oct/Nov renewal rush; start ACER process now before ACUITE backlog builds
Tankeshwari Metal Powder Products Pvt. Ltd.,TIER 3 — Junior RM / Tele-sales,Aug Wk4 (Aug 24-31),2.61,0,5.0,Steel & Metals,CRISIL,October 2026,1,LOW,INC rating hits HOT threshold on 2026-10-05 — first call window,Get ahead of the Oct/Nov renewal rush; start ACER process now before CRISIL backlog builds
A 2 Z Auto Wheels Pvt. Ltd.,TIER 3 — Junior RM / Tele-sales,Aug Wk3 (Aug 17-21),2.6,0,5.0,Automobiles,BRICKWORK,October 2026,1,MEDIUM,INC rating hits ULTRA HOT threshold on 2026-10-07 — first call window,Get ahead of the Oct/Nov renewal rush; start ACER process now before BRICKWORK backlog builds
M K B Foods Pvt. Ltd.,TIER 3 — Junior RM / Tele-sales,Aug Wk4 (Aug 24-31),2.6,0,5.0,Agro & Food,BRICKWORK,Q1 2027,1,LOW/MEDIUM,INC rating hits ULTRA HOT on 2027-03-13 — prime Q1 2027 renewal target,Your Term Loan at BRICKWORK goes critical in Mar 2027. Start ACER process in Sep 2026 — before the Q1 rush.
Pacific Jute Ltd.,TIER 3 — Junior RM / Tele-sales,Aug Wk4 (Aug 24-31),2.6,0,3.0,Textiles,CRISIL,Q1 2027,1,LOW/MEDIUM,INC rating hits ULTRA HOT on 2027-03-27 — prime Q1 2027 renewal target,Your Letter of Credit at CRISIL goes critical in Mar 2027. Start ACER process in Sep 2026 — before the Q1 rush.
Sant Valves Pvt. Ltd.,TIER 3 — Junior RM / Tele-sales,Aug Wk3 (Aug 17-21),2.6,0,5.0,Other,CRISIL,October 2026,1,MEDIUM,INC rating hits ULTRA HOT threshold on 2026-11-13 — first call window,Get ahead of the Oct/Nov renewal rush; start ACER process now before CRISIL backlog builds
Sesha Sayee Knittings Pvt. Ltd.,TIER 3 — Junior RM / Tele-sales,Aug Wk4 (Aug 24-31),2.6,0,5.0,Steel & Metals,CRISIL,October 2026,1,LOW,INC rating hits HOT threshold on 2026-11-24 — first call window,Get ahead of the Oct/Nov renewal rush; start ACER process now before CRISIL backlog builds
Super Seeds Pvt. Ltd.,TIER 3 — Junior RM / Tele-sales,Aug Wk4 (Aug 24-31),2.6,0,5.0,Agro & Food,CRISIL,October 2026,1,LOW,INC rating hits HOT threshold on 2026-10-24 — first call window,Get ahead of the Oct/Nov renewal rush; start ACER process now before CRISIL backlog builds
Vicon Ceramic Pvt. Ltd.,TIER 3 — Junior RM / Tele-sales,Aug Wk4 (Aug 24-31),2.6,0,4.0,Other,BRICKWORK,Q1 2027,1,LOW/MEDIUM,INC rating hits ULTRA HOT on 2027-03-27 — prime Q1 2027 renewal target,Your Bank Guarantee at BRICKWORK goes critical in Mar 2027. Start ACER process in Sep 2026 — before the Q1 rush.
Pappu Pooja Bhiwani Feed Pvt. Ltd.,TIER 3 — Junior RM / Tele-sales,Aug Wk3 (Aug 17-21),2.57,0,5.0,IT/Technology,BRICKWORK,October 2026,1,MEDIUM,INC rating hits ULTRA HOT threshold on 2026-10-10 — first call window,Get ahead of the Oct/Nov renewal rush; start ACER process now before BRICKWORK backlog builds
Brijbasi Art Press Ltd.,TIER 3 — Junior RM / Tele-sales,Aug Wk4 (Aug 24-31),2.55,0,5.0,Other,ICRA,October 2026,1,LOW,INC rating hits HOT threshold on 2026-11-08 — first call window,Get ahead of the Oct/Nov renewal rush; start ACER process now before ICRA backlog builds
Ganesh Steel & Alloys Ltd.,TIER 3 — Junior RM / Tele-sales,Aug Wk3 (Aug 17-21),2.55,0,4.0,Steel & Metals,CRISIL,October 2026,1,MEDIUM,INC rating hits ULTRA HOT threshold on 2026-11-20 — first call window,Get ahead of the Oct/Nov renewal rush; start ACER process now before CRISIL backlog builds
Shree Ganesh Edibles Pvt. Ltd.,TIER 3 — Junior RM / Tele-sales,Aug Wk3 (Aug 17-21),2.54,0,5.0,Agro & Food,CARE,October 2026,1,MEDIUM,INC rating hits ULTRA HOT threshold on 2026-11-06 — first call window,Get ahead of the Oct/Nov renewal rush; start ACER process now before CARE backlog builds
Sri Kumaran Mills Pvt. Ltd.,TIER 3 — Junior RM / Tele-sales,Aug Wk3 (Aug 17-21),2.53,0,5.0,Other,BRICKWORK,October 2026,1,MEDIUM,INC rating hits ULTRA HOT threshold on 2026-10-23 — first call window,Get ahead of the Oct/Nov renewal rush; start ACER process now before BRICKWORK backlog builds
A B C Transformers Pvt. Ltd.,TIER 3 — Junior RM / Tele-sales,Aug Wk4 (Aug 24-31),2.5,0,4.0,Other,CRISIL,October 2026,1,LOW,INC rating hits HOT threshold on 2026-10-09 — first call window,Get ahead of the Oct/Nov renewal rush; start ACER process now before CRISIL backlog builds
Arrow Textiles Ltd. [Merged],TIER 3 — Junior RM / Tele-sales,Aug Wk4 (Aug 24-31),2.5,0,5.0,Construction,CRISIL,October 2026,1,LOW,INC rating hits HOT threshold on 2026-10-09 — first call window,Get ahead of the Oct/Nov renewal rush; start ACER process now before CRISIL backlog builds
Boparai Metals Pvt. Ltd.,TIER 3 — Junior RM / Tele-sales,Aug Wk3 (Aug 17-21),2.5,0,5.0,Steel & Metals,CRISIL,October 2026,1,MEDIUM,INC rating hits ULTRA HOT threshold on 2026-10-06 — first call window,Get ahead of the Oct/Nov renewal rush; start ACER process now before CRISIL backlog builds
Boxcoworld Pvt. Ltd.,TIER 3 — Junior RM / Tele-sales,Aug Wk4 (Aug 24-31),2.5,0,3.0,Other,CRISIL,Q2 2027,1,LOW (<90 days),"INC since Apr 2026 (74 days). MEDIUM by Oct 2026, HOT by Jan 2027, ULTRA HOT by Apr 2027.",Your Non-fund-based financial facility/instrument at CRISIL hits ULTRA HOT in Apr 2027. Start ACER process by Jan 2027 to be ahead of Q2 2027 renewal rush.
Deepam Silk Retail Pvt. Ltd.,TIER 3 — Junior RM / Tele-sales,Aug Wk3 (Aug 17-21),2.5,0,5.0,Textiles,CRISIL,October 2026,1,MEDIUM,INC rating hits ULTRA HOT threshold on 2026-11-13 — first call window,Get ahead of the Oct/Nov renewal rush; start ACER process now before CRISIL backlog builds
Ekbote'S Logs & Lumbers Pvt. Ltd.,TIER 3 — Junior RM / Tele-sales,Aug Wk3 (Aug 17-21),2.5,0,4.0,Infrastructure,CRISIL,October 2026,1,MEDIUM,INC rating hits ULTRA HOT threshold on 2026-11-21 — first call window,Get ahead of the Oct/Nov renewal rush; start ACER process now before CRISIL backlog builds
Ganganagar Automobiles Pvt. Ltd.,TIER 3 — Junior RM / Tele-sales,Aug Wk3 (Aug 17-21),2.5,0,5.0,Automobiles,CRISIL,October 2026,1,MEDIUM,INC rating hits ULTRA HOT threshold on 2026-11-14 — first call window,Get ahead of the Oct/Nov renewal rush; start ACER process now before CRISIL backlog builds
Global Logistics Solutions India Pvt. Ltd.,TIER 3 — Junior RM / Tele-sales,Aug Wk3 (Aug 17-21),2.5,0,5.0,Logistics,CRISIL,October 2026,1,MEDIUM,INC rating hits ULTRA HOT threshold on 2026-11-26 — first call window,Get ahead of the Oct/Nov renewal rush; start ACER process now before CRISIL backlog builds
Highland Produce Co. Ltd.,TIER 3 — Junior RM / Tele-sales,Aug Wk3 (Aug 17-21),2.5,0,4.0,Other,BRICKWORK,October 2026,1,MEDIUM,INC rating hits ULTRA HOT threshold on 2026-11-11 — first call window,Get ahead of the Oct/Nov renewal rush; start ACER process now before BRICKWORK backlog builds
Keaa International Pvt. Ltd.,TIER 3 — Junior RM / Tele-sales,Aug Wk4 (Aug 24-31),2.5,0,4.0,Other,BRICKWORK,Q1 2027,1,LOW/MEDIUM,INC rating hits ULTRA HOT on 2027-03-10 — prime Q1 2027 renewal target,Your Bank Guarantee at BRICKWORK goes critical in Mar 2027. Start ACER process in Sep 2026 — before the Q1 rush.
Lake Chemicals Pvt. Ltd.,TIER 3 — Junior RM / Tele-sales,Aug Wk4 (Aug 24-31),2.5,0,4.0,Chemicals & Pharma,BRICKWORK,Q1 2027,1,LOW/MEDIUM,INC rating hits ULTRA HOT on 2027-03-24 — prime Q1 2027 renewal target,Your Bank Guarantee at BRICKWORK goes critical in Mar 2027. Start ACER process in Sep 2026 — before the Q1 rush.
Pharose Remedies Ltd.,TIER 3 — Junior RM / Tele-sales,Aug Wk4 (Aug 24-31),2.5,0,3.0,Other,CRISIL,October 2026,1,LOW,INC rating hits HOT threshold on 2026-10-20 — first call window,Get ahead of the Oct/Nov renewal rush; start ACER process now before CRISIL backlog builds
Plasmix Pvt. Ltd.,TIER 3 — Junior RM / Tele-sales,Aug Wk3 (Aug 17-21),2.5,0,5.0,Other,ICRA,October 2026,1,MEDIUM,INC rating hits ULTRA HOT threshold on 2026-10-22 — first call window,Get ahead of the Oct/Nov renewal rush; start ACER process now before ICRA backlog builds
Prachi Leathers Pvt. Ltd.,TIER 3 — Junior RM / Tele-sales,Aug Wk4 (Aug 24-31),2.5,0,5.0,Other,CRISIL,October 2026,1,LOW,INC rating hits HOT threshold on 2026-11-23 — first call window,Get ahead of the Oct/Nov renewal rush; start ACER process now before CRISIL backlog builds
Radiant Bar Pvt. Ltd.,TIER 3 — Junior RM / Tele-sales,Aug Wk3 (Aug 17-21),2.5,0,3.0,Other,CARE,October 2026,1,MEDIUM,INC rating hits ULTRA HOT threshold on 2026-11-05 — first call window,Get ahead of the Oct/Nov renewal rush; start ACER process now before CARE backlog builds
S V S Cottons (India) Pvt. Ltd.,TIER 3 — Junior RM / Tele-sales,Aug Wk4 (Aug 24-31),2.5,0,5.0,Agro & Food,CARE,October 2026,1,LOW,INC rating hits HOT threshold on 2026-11-08 — first call window,Get ahead of the Oct/Nov renewal rush; start ACER process now before CARE backlog builds
Sahuwala Cylinders Pvt. Ltd.,TIER 3 — Junior RM / Tele-sales,Aug Wk3 (Aug 17-21),2.5,0,3.0,Other,ICRA,October 2026,1,MEDIUM,INC rating hits ULTRA HOT threshold on 2026-10-29 — first call window,Get ahead of the Oct/Nov renewal rush; start ACER process now before ICRA backlog builds
Sai Carton Mfg. Co. Pvt. Ltd.,TIER 3 — Junior RM / Tele-sales,Aug Wk3 (Aug 17-21),2.5,0,5.0,Paper/Packaging,CRISIL,October 2026,1,MEDIUM,INC rating hits ULTRA HOT threshold on 2026-11-05 — first call window,Get ahead of the Oct/Nov renewal rush; start ACER process now before CRISIL backlog builds
Super Plastic Coats Pvt. Ltd.,TIER 3 — Junior RM / Tele-sales,Aug Wk3 (Aug 17-21),2.5,0,4.0,Chemicals & Pharma,CRISIL,October 2026,1,MEDIUM,INC rating hits ULTRA HOT threshold on 2026-11-20 — first call window,Get ahead of the Oct/Nov renewal rush; start ACER process now before CRISIL backlog builds
Travancore Cocotuft Pvt. Ltd.,TIER 3 — Junior RM / Tele-sales,Aug Wk3 (Aug 17-21),2.5,0,3.0,Other,ICRA,October 2026,1,MEDIUM,INC rating hits ULTRA HOT threshold on 2026-11-14 — first call window,Get ahead of the Oct/Nov renewal rush; start ACER process now before ICRA backlog builds
Travel Tours Pvt. Ltd.,TIER 3 — Junior RM / Tele-sales,Aug Wk4 (Aug 24-31),2.5,0,4.0,Hotels & Tourism,CRISIL,Q1 2027,1,LOW/MEDIUM,INC rating hits ULTRA HOT on 2027-03-30 — prime Q1 2027 renewal target,Your Bank Guarantee at CRISIL goes critical in Mar 2027. Start ACER process in Sep 2026 — before the Q1 rush.
Ujjain Engicon India Pvt. Ltd.,TIER 3 — Junior RM / Tele-sales,Aug Wk4 (Aug 24-31),2.5,0,4.0,Other,BRICKWORK,Q1 2027,1,LOW/MEDIUM,INC rating hits ULTRA HOT on 2027-01-02 — prime Q1 2027 renewal target,Your Bank Guarantee at BRICKWORK goes critical in Jan 2027. Start ACER process in Sep 2026 — before the Q1 rush.
Uniline Energy Systems Pvt. Ltd.,TIER 3 — Junior RM / Tele-sales,Aug Wk3 (Aug 17-21),2.5,0,4.0,Energy,CRISIL,October 2026,1,MEDIUM,INC rating hits ULTRA HOT threshold on 2026-11-25 — first call window,Get ahead of the Oct/Nov renewal rush; start ACER process now before CRISIL backlog builds
Weaverly Jute Mills Pvt. Ltd.,TIER 3 — Junior RM / Tele-sales,Aug Wk3 (Aug 17-21),2.5,0,4.0,Textiles,CRISIL,October 2026,1,MEDIUM,INC rating hits ULTRA HOT threshold on 2026-11-27 — first call window,Get ahead of the Oct/Nov renewal rush; start ACER process now before CRISIL backlog builds
Integrated Fire Protection Pvt. Ltd.,TIER 3 — Junior RM / Tele-sales,Aug Wk4 (Aug 24-31),2.49,0,4.0,Other,CARE,October 2026,1,LOW,INC rating hits HOT threshold on 2026-11-03 — first call window,Get ahead of the Oct/Nov renewal rush; start ACER process now before CARE backlog builds
Swaraj Synthetics Pvt. Ltd.,TIER 3 — Junior RM / Tele-sales,Aug Wk3 (Aug 17-21),2.42,0,5.0,Other,CRISIL,October 2026,1,MEDIUM,INC rating hits ULTRA HOT threshold on 2026-10-31 — first call window,Get ahead of the Oct/Nov renewal rush; start ACER process now before CRISIL backlog builds
Sachchade Food Pvt. Ltd.,TIER 3 — Junior RM / Tele-sales,Aug Wk3 (Aug 17-21),2.4,0,5.0,Agro & Food,BRICKWORK,October 2026,1,MEDIUM,INC rating hits ULTRA HOT threshold on 2026-11-14 — first call window,Get ahead of the Oct/Nov renewal rush; start ACER process now before BRICKWORK backlog builds
N R Switch N Radio Services Pvt. Ltd.,TIER 3 — Junior RM / Tele-sales,Aug Wk3 (Aug 17-21),2.38,0,5.0,Other,BRICKWORK,October 2026,1,MEDIUM,INC rating hits ULTRA HOT threshold on 2026-10-09 — first call window,Get ahead of the Oct/Nov renewal rush; start ACER process now before BRICKWORK backlog builds
Virat Spinners Pvt. Ltd.,TIER 3 — Junior RM / Tele-sales,Aug Wk4 (Aug 24-31),2.36,0,5.0,Other,CRISIL,Q1 2027,1,LOW/MEDIUM,INC rating hits ULTRA HOT on 2027-03-11 — prime Q1 2027 renewal target,Your Term Loan at CRISIL goes critical in Mar 2027. Start ACER process in Sep 2026 — before the Q1 rush.
Vikas Organics Pvt. Ltd.,TIER 3 — Junior RM / Tele-sales,Aug Wk4 (Aug 24-31),2.3,0,3.0,Other,CRISIL,October 2026,1,LOW,INC rating hits HOT threshold on 2026-10-20 — first call window,Get ahead of the Oct/Nov renewal rush; start ACER process now before CRISIL backlog builds
B 4 S Solutions Pvt. Ltd.,TIER 3 — Junior RM / Tele-sales,Aug Wk3 (Aug 17-21),2.28,0,5.0,Other,BRICKWORK,October 2026,1,MEDIUM,INC rating hits ULTRA HOT threshold on 2026-11-12 — first call window,Get ahead of the Oct/Nov renewal rush; start ACER process now before BRICKWORK backlog builds
Raj Agrochem Products Pvt. Ltd.,TIER 3 — Junior RM / Tele-sales,Aug Wk4 (Aug 24-31),2.27,0,5.0,Agro & Food,CRISIL,October 2026,1,LOW,INC rating hits HOT threshold on 2026-10-18 — first call window,Get ahead of the Oct/Nov renewal rush; start ACER process now before CRISIL backlog builds
Tathya Texfab Pvt. Ltd.,TIER 3 — Junior RM / Tele-sales,Aug Wk3 (Aug 17-21),2.26,0,5.0,Other,CRISIL,October 2026,1,MEDIUM,INC rating hits ULTRA HOT threshold on 2026-10-31 — first call window,Get ahead of the Oct/Nov renewal rush; start ACER process now before CRISIL backlog builds
Auro Industries Ltd.,TIER 3 — Junior RM / Tele-sales,Aug Wk4 (Aug 24-31),2.25,0,3.0,Other,ACUITE,Q2 2027,1,LOW (<90 days),"INC since Apr 2026 (87 days). MEDIUM by Oct 2026, HOT by Jan 2027, ULTRA HOT by Apr 2027.",Your Letter Of credit at ACUITE hits ULTRA HOT in Apr 2027. Start ACER process by Jan 2027 to be ahead of Q2 2027 renewal rush.
Gold Range Castings Pvt. Ltd.,TIER 3 — Junior RM / Tele-sales,Aug Wk3 (Aug 17-21),2.25,0,5.0,Steel & Metals,CRISIL,October 2026,1,MEDIUM,INC rating hits ULTRA HOT threshold on 2026-11-12 — first call window,Get ahead of the Oct/Nov renewal rush; start ACER process now before CRISIL backlog builds
K S R Textile Mills Pvt. Ltd.,TIER 3 — Junior RM / Tele-sales,Aug Wk3 (Aug 17-21),2.25,0,4.0,Textiles,CRISIL,October 2026,1,MEDIUM,INC rating hits ULTRA HOT threshold on 2026-10-23 — first call window,Get ahead of the Oct/Nov renewal rush; start ACER process now before CRISIL backlog builds
Sabarmati Papers Pvt. Ltd.,TIER 3 — Junior RM / Tele-sales,Aug Wk4 (Aug 24-31),2.25,0,5.0,Paper/Packaging,CRISIL,October 2026,1,LOW,INC rating hits HOT threshold on 2026-11-23 — first call window,Get ahead of the Oct/Nov renewal rush; start ACER process now before CRISIL backlog builds
Deshmukh Lead Pvt. Ltd.,TIER 3 — Junior RM / Tele-sales,Aug Wk3 (Aug 17-21),2.24,0,5.0,Other,CRISIL,October 2026,1,MEDIUM,INC rating hits ULTRA HOT threshold on 2026-11-21 — first call window,Get ahead of the Oct/Nov renewal rush; start ACER process now before CRISIL backlog builds
Shrinathji Ginning Process Pvt. Ltd.,TIER 3 — Junior RM / Tele-sales,Aug Wk4 (Aug 24-31),2.23,0,5.0,Hotels & Tourism,CRISIL,October 2026,1,LOW,INC rating hits HOT threshold on 2026-11-24 — first call window,Get ahead of the Oct/Nov renewal rush; start ACER process now before CRISIL backlog builds
Baroda Hi-Tech Alloys Pvt. Ltd.,TIER 3 — Junior RM / Tele-sales,Aug Wk3 (Aug 17-21),2.2,0,3.0,Steel & Metals,CARE,October 2026,1,MEDIUM,INC rating hits ULTRA HOT threshold on 2026-10-07 — first call window,Get ahead of the Oct/Nov renewal rush; start ACER process now before CARE backlog builds
Ranba Castings Ltd.,TIER 3 — Junior RM / Tele-sales,Aug Wk3 (Aug 17-21),2.2,0,3.0,Steel & Metals,ACUITE,October 2026,1,MEDIUM,INC rating hits ULTRA HOT threshold on 2026-10-08 — first call window,Get ahead of the Oct/Nov renewal rush; start ACER process now before ACUITE backlog builds
G D Metsteel Pvt. Ltd.,TIER 3 — Junior RM / Tele-sales,Aug Wk3 (Aug 17-21),2.17,0,5.0,Steel & Metals,CARE,October 2026,1,MEDIUM,INC rating hits ULTRA HOT threshold on 2026-10-16 — first call window,Get ahead of the Oct/Nov renewal rush; start ACER process now before CARE backlog builds
Meghalaya Cast & Alloys Pvt. Ltd.,TIER 3 — Junior RM / Tele-sales,Aug Wk3 (Aug 17-21),2.14,0,4.0,Steel & Metals,CRISIL,October 2026,1,MEDIUM,INC rating hits ULTRA HOT threshold on 2026-10-09 — first call window,Get ahead of the Oct/Nov renewal rush; start ACER process now before CRISIL backlog builds
T K Sports Pvt. Ltd.,TIER 3 — Junior RM / Tele-sales,Aug Wk4 (Aug 24-31),2.14,0,5.0,Logistics,CRISIL,October 2026,1,LOW,INC rating hits HOT threshold on 2026-11-25 — first call window,Get ahead of the Oct/Nov renewal rush; start ACER process now before CRISIL backlog builds
Vajra Rubber Products Pvt. Ltd.,TIER 3 — Junior RM / Tele-sales,Aug Wk4 (Aug 24-31),2.1,0,5.0,Chemicals & Pharma,ACUITE,Q1 2027,1,LOW/MEDIUM,INC rating hits ULTRA HOT on 2027-03-30 — prime Q1 2027 renewal target,Your Term Loan at ACUITE goes critical in Mar 2027. Start ACER process in Sep 2026 — before the Q1 rush.
Sai Tech Medicare Pvt. Ltd.,TIER 3 — Junior RM / Tele-sales,Aug Wk3 (Aug 17-21),2.09,0,5.0,IT/Technology,ACUITE,October 2026,1,MEDIUM,INC rating hits ULTRA HOT threshold on 2026-10-23 — first call window,Get ahead of the Oct/Nov renewal rush; start ACER process now before ACUITE backlog builds
Link Composites Pvt. Ltd.,TIER 3 — Junior RM / Tele-sales,Aug Wk4 (Aug 24-31),2.06,0,3.0,Paper/Packaging,ACUITE,October 2026,1,LOW,INC rating hits HOT threshold on 2026-11-20 — first call window,Get ahead of the Oct/Nov renewal rush; start ACER process now before ACUITE backlog builds
Sar Transport Systems Pvt. Ltd.,TIER 3 — Junior RM / Tele-sales,Aug Wk3 (Aug 17-21),2.05,0,4.0,Logistics,ACUITE,October 2026,1,MEDIUM,INC rating hits ULTRA HOT threshold on 2026-11-26 — first call window,Get ahead of the Oct/Nov renewal rush; start ACER process now before ACUITE backlog builds
Masta Bearing Housing Pvt. Ltd.,TIER 3 — Junior RM / Tele-sales,Aug Wk3 (Aug 17-21),2.04,0,5.0,Construction,CRISIL,October 2026,1,MEDIUM,INC rating hits ULTRA HOT threshold on 2026-10-20 — first call window,Get ahead of the Oct/Nov renewal rush; start ACER process now before CRISIL backlog builds
Autobat Accumulator Pvt. Ltd.,TIER 3 — Junior RM / Tele-sales,Aug Wk3 (Aug 17-21),2.01,0,5.0,Automobiles,BRICKWORK,October 2026,1,MEDIUM,INC rating hits ULTRA HOT threshold on 2026-11-25 — first call window,Get ahead of the Oct/Nov renewal rush; start ACER process now before BRICKWORK backlog builds
Sharda Flour Pvt. Ltd.,TIER 3 — Junior RM / Tele-sales,Aug Wk4 (Aug 24-31),2.01,0,5.0,Agro & Food,CRISIL,Q1 2027,1,LOW/MEDIUM,INC rating hits ULTRA HOT on 2027-03-27 — prime Q1 2027 renewal target,Your Term Loan at CRISIL goes critical in Mar 2027. Start ACER process in Sep 2026 — before the Q1 rush.
Abha Power & Steel Ltd.,TIER 3 — Junior RM / Tele-sales,Aug Wk3 (Aug 17-21),2.0,0,5.0,Steel & Metals,ACUITE,October 2026,1,MEDIUM,INC rating hits ULTRA HOT threshold on 2026-11-10 — first call window,Get ahead of the Oct/Nov renewal rush; start ACER process now before ACUITE backlog builds
Ajay Steel Casting Pvt. Ltd.,TIER 3 — Junior RM / Tele-sales,Aug Wk4 (Aug 24-31),2.0,0,5.0,Steel & Metals,CRISIL,Q1 2027,1,LOW/MEDIUM,INC rating hits ULTRA HOT on 2027-03-27 — prime Q1 2027 renewal target,Your Term Loan at CRISIL goes critical in Mar 2027. Start ACER process in Sep 2026 — before the Q1 rush.
Akshaya Solar Power (India) Pvt. Ltd.,TIER 3 — Junior RM / Tele-sales,Aug Wk4 (Aug 24-31),2.0,0,4.0,Energy,CARE,Q1 2027,1,LOW/MEDIUM,INC rating hits ULTRA HOT on 2027-03-12 — prime Q1 2027 renewal target,Your Bank Guarantee at CARE goes critical in Mar 2027. Start ACER process in Sep 2026 — before the Q1 rush.
Ananda-Bag Tea Co. Ltd.,TIER 3 — Junior RM / Tele-sales,Aug Wk3 (Aug 17-21),2.0,0,4.0,Agro & Food,CARE,October 2026,1,MEDIUM,INC rating hits ULTRA HOT threshold on 2026-10-17 — first call window,Get ahead of the Oct/Nov renewal rush; start ACER process now before CARE backlog builds
Apex Corporation India Pvt. Ltd.,TIER 3 — Junior RM / Tele-sales,Aug Wk4 (Aug 24-31),2.0,0,4.0,Other,CRISIL,October 2026,1,LOW,INC rating hits HOT threshold on 2026-10-10 — first call window,Get ahead of the Oct/Nov renewal rush; start ACER process now before CRISIL backlog builds
Arjan Dass & Sons Pvt. Ltd.,TIER 3 — Junior RM / Tele-sales,Aug Wk3 (Aug 17-21),2.0,0,3.0,Other,CRISIL,October 2026,1,MEDIUM,INC rating hits ULTRA HOT threshold on 2026-11-14 — first call window,Get ahead of the Oct/Nov renewal rush; start ACER process now before CRISIL backlog builds
Baliga Lighting Equipments Pvt. Ltd.,TIER 3 — Junior RM / Tele-sales,Aug Wk4 (Aug 24-31),2.0,0,4.0,Steel & Metals,ACUITE,October 2026,1,LOW,INC rating hits HOT threshold on 2026-10-27 — first call window,Get ahead of the Oct/Nov renewal rush; start ACER process now before ACUITE backlog builds
Bargarh Rice Millers Consortium Pvt. Ltd.,TIER 3 — Junior RM / Tele-sales,Aug Wk3 (Aug 17-21),2.0,0,5.0,Agro & Food,CRISIL,October 2026,1,MEDIUM,INC rating hits ULTRA HOT threshold on 2026-10-06 — first call window,Get ahead of the Oct/Nov renewal rush; start ACER process now before CRISIL backlog builds
Brocade India Polytex Ltd.,TIER 3 — Junior RM / Tele-sales,Aug Wk4 (Aug 24-31),2.0,0,5.0,Other,CRISIL,October 2026,1,LOW,INC rating hits HOT threshold on 2026-10-10 — first call window,Get ahead of the Oct/Nov renewal rush; start ACER process now before CRISIL backlog builds
Caltech Polymers Pvt. Ltd.,TIER 3 — Junior RM / Tele-sales,Aug Wk3 (Aug 17-21),2.0,0,5.0,Chemicals & Pharma,CRISIL,October 2026,1,MEDIUM,INC rating hits ULTRA HOT threshold on 2026-11-12 — first call window,Get ahead of the Oct/Nov renewal rush; start ACER process now before CRISIL backlog builds
Choksey Chemicals Pvt. Ltd.,TIER 3 — Junior RM / Tele-sales,Aug Wk4 (Aug 24-31),2.0,0,4.0,Chemicals & Pharma,CRISIL,October 2026,1,LOW,INC rating hits HOT threshold on 2026-11-22 — first call window,Get ahead of the Oct/Nov renewal rush; start ACER process now before CRISIL backlog builds
Ess Gee Trendz Pvt. Ltd.,TIER 3 — Junior RM / Tele-sales,Aug Wk3 (Aug 17-21),2.0,0,4.0,Other,CRISIL,October 2026,1,MEDIUM,INC rating hits ULTRA HOT threshold on 2026-11-14 — first call window,Get ahead of the Oct/Nov renewal rush; start ACER process now before CRISIL backlog builds
Esspal International Pvt. Ltd.,TIER 3 — Junior RM / Tele-sales,Aug Wk4 (Aug 24-31),2.0,0,3.0,Other,ACUITE,Q1 2027,1,LOW/MEDIUM,INC rating hits ULTRA HOT on 2027-01-02 — prime Q1 2027 renewal target,Your Letter of Credit at ACUITE goes critical in Jan 2027. Start ACER process in Sep 2026 — before the Q1 rush.
Frumar Agri Foods Pvt. Ltd.,TIER 3 — Junior RM / Tele-sales,Aug Wk4 (Aug 24-31),2.0,0,5.0,Agro & Food,CRISIL,October 2026,1,LOW,INC rating hits HOT threshold on 2026-10-24 — first call window,Get ahead of the Oct/Nov renewal rush; start ACER process now before CRISIL backlog builds
Futurex Infracon Pvt. Ltd.,TIER 3 — Junior RM / Tele-sales,Aug Wk3 (Aug 17-21),2.0,0,4.0,Construction,CRISIL,October 2026,1,MEDIUM,INC rating hits ULTRA HOT threshold on 2026-11-05 — first call window,Get ahead of the Oct/Nov renewal rush; start ACER process now before CRISIL backlog builds
Gangajamuna Steel Pvt. Ltd.,TIER 3 — Junior RM / Tele-sales,Aug Wk3 (Aug 17-21),2.0,0,3.0,Steel & Metals,CRISIL,October 2026,1,MEDIUM,INC rating hits ULTRA HOT threshold on 2026-11-12 — first call window,Get ahead of the Oct/Nov renewal rush; start ACER process now before CRISIL backlog builds
Goel Cargo Pvt. Ltd.,TIER 3 — Junior RM / Tele-sales,Aug Wk4 (Aug 24-31),2.0,0,5.0,Logistics,BRICKWORK,Q1 2027,1,LOW/MEDIUM,INC rating hits ULTRA HOT on 2027-03-30 — prime Q1 2027 renewal target,Your Fund-Based at BRICKWORK goes critical in Mar 2027. Start ACER process in Sep 2026 — before the Q1 rush.
Hema Dyechem Pvt. Ltd.,TIER 3 — Junior RM / Tele-sales,Aug Wk4 (Aug 24-31),2.0,0,3.0,Chemicals & Pharma,ACUITE,October 2026,1,LOW,INC rating hits HOT threshold on 2026-11-01 — first call window,Get ahead of the Oct/Nov renewal rush; start ACER process now before ACUITE backlog builds
I K F Technologies Ltd.,TIER 3 — Junior RM / Tele-sales,Aug Wk4 (Aug 24-31),2.0,0,4.0,IT/Technology,CRISIL,October 2026,1,LOW,INC rating hits HOT threshold on 2026-11-22 — first call window,Get ahead of the Oct/Nov renewal rush; start ACER process now before CRISIL backlog builds
Indus T M T Inds. Ltd.,TIER 3 — Junior RM / Tele-sales,Aug Wk4 (Aug 24-31),2.0,0,5.0,Other,CRISIL,October 2026,1,LOW,INC rating hits HOT threshold on 2026-11-20 — first call window,Get ahead of the Oct/Nov renewal rush; start ACER process now before CRISIL backlog builds
J P Clothings Pvt. Ltd.,TIER 3 — Junior RM / Tele-sales,Aug Wk3 (Aug 17-21),2.0,0,3.0,Textiles,BRICKWORK,October 2026,1,MEDIUM,INC rating hits ULTRA HOT threshold on 2026-11-11 — first call window,Get ahead of the Oct/Nov renewal rush; start ACER process now before BRICKWORK backlog builds
Kaytee Corporation Pvt. Ltd.,TIER 3 — Junior RM / Tele-sales,Aug Wk4 (Aug 24-31),2.0,0,3.0,Other,BRICKWORK,Q1 2027,1,LOW/MEDIUM,INC rating hits ULTRA HOT on 2027-03-24 — prime Q1 2027 renewal target,Your Letter of Credit at BRICKWORK goes critical in Mar 2027. Start ACER process in Sep 2026 — before the Q1 rush.
Kissan Riceland Pvt. Ltd.,TIER 3 — Junior RM / Tele-sales,Aug Wk4 (Aug 24-31),2.0,0,5.0,Agro & Food,CRISIL,Q2 2027,1,LOW (<90 days),"INC since Apr 2026 (65 days). MEDIUM by Oct 2026, HOT by Jan 2027, ULTRA HOT by Apr 2027.",Your Long term Loans at CRISIL hits ULTRA HOT in Apr 2027. Start ACER process by Jan 2027 to be ahead of Q2 2027 renewal rush.
Krishna Techno Chem Pvt. Ltd.,TIER 3 — Junior RM / Tele-sales,Aug Wk3 (Aug 17-21),2.0,0,3.0,Chemicals & Pharma,CRISIL,October 2026,1,MEDIUM,INC rating hits ULTRA HOT threshold on 2026-11-13 — first call window,Get ahead of the Oct/Nov renewal rush; start ACER process now before CRISIL backlog builds
Kusumgar Ltd.,TIER 3 — Junior RM / Tele-sales,Aug Wk4 (Aug 24-31),2.0,0,3.0,Other,CRISIL,October 2026,1,LOW,INC rating hits HOT threshold on 2026-10-18 — first call window,Get ahead of the Oct/Nov renewal rush; start ACER process now before CRISIL backlog builds
Leading Metals Pvt. Ltd.,TIER 3 — Junior RM / Tele-sales,Aug Wk3 (Aug 17-21),2.0,0,4.0,Steel & Metals,CRISIL,October 2026,1,MEDIUM,INC rating hits ULTRA HOT threshold on 2026-11-13 — first call window,Get ahead of the Oct/Nov renewal rush; start ACER process now before CRISIL backlog builds
Narmada Agro Cottex Pvt. Ltd.,TIER 3 — Junior RM / Tele-sales,Aug Wk3 (Aug 17-21),2.0,0,5.0,Agro & Food,CRISIL,October 2026,1,MEDIUM,INC rating hits ULTRA HOT threshold on 2026-11-13 — first call window,Get ahead of the Oct/Nov renewal rush; start ACER process now before CRISIL backlog builds
O P S Jewells Pvt. Ltd.,TIER 3 — Junior RM / Tele-sales,Aug Wk4 (Aug 24-31),2.0,0,5.0,Jewellery/Gems,CRISIL,October 2026,1,LOW,INC rating hits HOT threshold on 2026-11-23 — first call window,Get ahead of the Oct/Nov renewal rush; start ACER process now before CRISIL backlog builds
Odyssey Motors Pvt. Ltd.,TIER 3 — Junior RM / Tele-sales,Aug Wk3 (Aug 17-21),2.0,0,5.0,Automobiles,ACUITE,October 2026,1,MEDIUM,INC rating hits ULTRA HOT threshold on 2026-11-21 — first call window,Get ahead of the Oct/Nov renewal rush; start ACER process now before ACUITE backlog builds
P K Agri Link Pvt. Ltd. [Merged],TIER 3 — Junior RM / Tele-sales,Aug Wk4 (Aug 24-31),2.0,0,3.0,Paper/Packaging,ACUITE,October 2026,1,LOW,INC rating hits HOT threshold on 2026-11-24 — first call window,Get ahead of the Oct/Nov renewal rush; start ACER process now before ACUITE backlog builds
Parekh Gadgets Pvt. Ltd.,TIER 3 — Junior RM / Tele-sales,Aug Wk3 (Aug 17-21),2.0,0,4.0,Other,BRICKWORK,October 2026,1,MEDIUM,INC rating hits ULTRA HOT threshold on 2026-11-26 — first call window,Get ahead of the Oct/Nov renewal rush; start ACER process now before BRICKWORK backlog builds
Petal Motocon Pvt. Ltd.,TIER 3 — Junior RM / Tele-sales,Aug Wk3 (Aug 17-21),2.0,0,5.0,Other,ACUITE,October 2026,1,MEDIUM,INC rating hits ULTRA HOT threshold on 2026-10-30 — first call window,Get ahead of the Oct/Nov renewal rush; start ACER process now before ACUITE backlog builds
Phenil Sugars Ltd.,TIER 3 — Junior RM / Tele-sales,Aug Wk4 (Aug 24-31),2.0,0,4.0,Agro & Food,CARE,Q2 2027,1,LOW (<90 days),"INC since Apr 2026 (66 days). MEDIUM by Oct 2026, HOT by Jan 2027, ULTRA HOT by Apr 2027.",Your Bank Guarantee at CARE hits ULTRA HOT in Apr 2027. Start ACER process by Jan 2027 to be ahead of Q2 2027 renewal rush.
Pioneer Plastic Inds. Ltd.,TIER 3 — Junior RM / Tele-sales,Aug Wk3 (Aug 17-21),2.0,0,4.0,Chemicals & Pharma,ACUITE,October 2026,1,MEDIUM,INC rating hits ULTRA HOT threshold on 2026-11-06 — first call window,Get ahead of the Oct/Nov renewal rush; start ACER process now before ACUITE backlog builds
R K City Developers Pvt. Ltd.,TIER 3 — Junior RM / Tele-sales,Aug Wk4 (Aug 24-31),2.0,0,5.0,Other,ICRA,Q2 2027,1,LOW (<90 days),"INC since Apr 2026 (74 days). MEDIUM by Oct 2026, HOT by Jan 2027, ULTRA HOT by Apr 2027.",Your Term loans at ICRA hits ULTRA HOT in Apr 2027. Start ACER process by Jan 2027 to be ahead of Q2 2027 renewal rush.
R S H Agro Products Ltd.,TIER 3 — Junior RM / Tele-sales,Aug Wk4 (Aug 24-31),2.0,0,5.0,Agro & Food,ACUITE,Q2 2027,1,LOW (<90 days),"INC since Apr 2026 (81 days). MEDIUM by Oct 2026, HOT by Jan 2027, ULTRA HOT by Apr 2027.",Your Term loans at ACUITE hits ULTRA HOT in Apr 2027. Start ACER process by Jan 2027 to be ahead of Q2 2027 renewal rush.
Ridley Life Science Pvt. Ltd.,TIER 3 — Junior RM / Tele-sales,Aug Wk3 (Aug 17-21),2.0,0,3.0,Healthcare,ICRA,October 2026,1,MEDIUM,INC rating hits ULTRA HOT threshold on 2026-11-17 — first call window,Get ahead of the Oct/Nov renewal rush; start ACER process now before ICRA backlog builds
Sampark Global Logistics Pvt. Ltd.,TIER 3 — Junior RM / Tele-sales,Aug Wk3 (Aug 17-21),2.0,0,5.0,Logistics,CRISIL,October 2026,1,MEDIUM,INC rating hits ULTRA HOT threshold on 2026-11-10 — first call window,Get ahead of the Oct/Nov renewal rush; start ACER process now before CRISIL backlog builds
Satija Motors Pvt. Ltd.,TIER 3 — Junior RM / Tele-sales,Aug Wk4 (Aug 24-31),2.0,0,4.0,Automobiles,CRISIL,Q1 2027,1,LOW/MEDIUM,INC rating hits ULTRA HOT on 2027-03-25 — prime Q1 2027 renewal target,Your Bank Guarantee at CRISIL goes critical in Mar 2027. Start ACER process in Sep 2026 — before the Q1 rush.
Savan Green Energy Solutions Ltd.,TIER 3 — Junior RM / Tele-sales,Aug Wk4 (Aug 24-31),2.0,0,5.0,Energy,CRISIL,October 2026,1,LOW,INC rating hits HOT threshold on 2026-10-20 — first call window,Get ahead of the Oct/Nov renewal rush; start ACER process now before CRISIL backlog builds
Seaga India Pvt. Ltd.,TIER 3 — Junior RM / Tele-sales,Aug Wk4 (Aug 24-31),2.0,0,3.0,Other,ICRA,October 2026,1,LOW,INC rating hits HOT threshold on 2026-10-25 — first call window,Get ahead of the Oct/Nov renewal rush; start ACER process now before ICRA backlog builds
Shoe Variants Pvt. Ltd.,TIER 3 — Junior RM / Tele-sales,Aug Wk3 (Aug 17-21),2.0,0,3.0,Other,CRISIL,October 2026,1,MEDIUM,INC rating hits ULTRA HOT threshold on 2026-10-13 — first call window,Get ahead of the Oct/Nov renewal rush; start ACER process now before CRISIL backlog builds
Shree Sita Agro Foods Pvt. Ltd.,TIER 3 — Junior RM / Tele-sales,Aug Wk3 (Aug 17-21),2.0,0,4.0,Agro & Food,BRICKWORK,October 2026,1,MEDIUM,INC rating hits ULTRA HOT threshold on 2026-10-29 — first call window,Get ahead of the Oct/Nov renewal rush; start ACER process now before BRICKWORK backlog builds
Shri Ram Autotech Pvt. Ltd.,TIER 3 — Junior RM / Tele-sales,Aug Wk4 (Aug 24-31),2.0,0,5.0,Automobiles,CARE,Q2 2027,1,LOW (<90 days),"INC since Apr 2026 (75 days). MEDIUM by Oct 2026, HOT by Jan 2027, ULTRA HOT by Apr 2027.",Your Fund based financial facility/instrument at CARE hits ULTRA HOT in Apr 2027. Start ACER process by Jan 2027 to be ahead of Q2 2027 renewal rush.
Singhal Sheets & Foils Pvt. Ltd.,TIER 3 — Junior RM / Tele-sales,Aug Wk4 (Aug 24-31),2.0,0,5.0,Energy,BRICKWORK,October 2026,1,LOW,INC rating hits HOT threshold on 2026-11-03 — first call window,Get ahead of the Oct/Nov renewal rush; start ACER process now before BRICKWORK backlog builds
Smilax Healthcare Pvt. Ltd.,TIER 3 — Junior RM / Tele-sales,Aug Wk4 (Aug 24-31),2.0,0,4.0,Healthcare,BRICKWORK,Q1 2027,1,LOW/MEDIUM,INC rating hits ULTRA HOT on 2027-03-16 — prime Q1 2027 renewal target,Your Bank Guarantee at BRICKWORK goes critical in Mar 2027. Start ACER process in Sep 2026 — before the Q1 rush.
Solaroy Engineers Pvt. Ltd.,TIER 3 — Junior RM / Tele-sales,Aug Wk3 (Aug 17-21),2.0,0,4.0,Manufacturing,ACUITE,October 2026,1,MEDIUM,INC rating hits ULTRA HOT threshold on 2026-10-15 — first call window,Get ahead of the Oct/Nov renewal rush; start ACER process now before ACUITE backlog builds
Solcen Infra Pvt. Ltd.,TIER 3 — Junior RM / Tele-sales,Aug Wk3 (Aug 17-21),2.0,0,5.0,Construction,CARE,October 2026,1,MEDIUM,INC rating hits ULTRA HOT threshold on 2026-11-25 — first call window,Get ahead of the Oct/Nov renewal rush; start ACER process now before CARE backlog builds
Sri Rama Agri Genetics (India) Pvt. Ltd.,TIER 3 — Junior RM / Tele-sales,Aug Wk3 (Aug 17-21),2.0,0,5.0,Agro & Food,CRISIL,October 2026,1,MEDIUM,INC rating hits ULTRA HOT threshold on 2026-10-10 — first call window,Get ahead of the Oct/Nov renewal rush; start ACER process now before CRISIL backlog builds
Surya Shakti Vessels Pvt. Ltd.,TIER 3 — Junior RM / Tele-sales,Aug Wk3 (Aug 17-21),2.0,0,4.0,Logistics,CRISIL,October 2026,1,MEDIUM,INC rating hits ULTRA HOT threshold on 2026-11-13 — first call window,Get ahead of the Oct/Nov renewal rush; start ACER process now before CRISIL backlog builds
Tool Fab Engg. Inds. Pvt. Ltd.,TIER 3 — Junior RM / Tele-sales,Aug Wk4 (Aug 24-31),2.0,0,4.0,Other,BRICKWORK,October 2026,1,LOW,INC rating hits HOT threshold on 2026-10-18 — first call window,Get ahead of the Oct/Nov renewal rush; start ACER process now before BRICKWORK backlog builds
Vaishnavi Kosmeticos Inds. Pvt. Ltd.,TIER 3 — Junior RM / Tele-sales,Aug Wk4 (Aug 24-31),2.0,0,5.0,Other,CRISIL,October 2026,1,LOW,INC rating hits HOT threshold on 2026-10-28 — first call window,Get ahead of the Oct/Nov renewal rush; start ACER process now before CRISIL backlog builds
Valbe Foods (India) Ltd.,TIER 3 — Junior RM / Tele-sales,Aug Wk3 (Aug 17-21),2.0,0,3.0,Agro & Food,ACUITE,October 2026,1,MEDIUM,INC rating hits ULTRA HOT threshold on 2026-10-01 — first call window,Get ahead of the Oct/Nov renewal rush; start ACER process now before ACUITE backlog builds
Vandana Ispat Pvt. Ltd.,TIER 3 — Junior RM / Tele-sales,Aug Wk4 (Aug 24-31),2.0,0,3.0,Other,BRICKWORK,October 2026,1,LOW,INC rating hits HOT threshold on 2026-11-29 — first call window,Get ahead of the Oct/Nov renewal rush; start ACER process now before BRICKWORK backlog builds
Venkata Sai Ispat Inds. Pvt. Ltd.,TIER 3 — Junior RM / Tele-sales,Aug Wk3 (Aug 17-21),2.0,0,3.0,Other,BRICKWORK,October 2026,1,MEDIUM,INC rating hits ULTRA HOT threshold on 2026-11-11 — first call window,Get ahead of the Oct/Nov renewal rush; start ACER process now before BRICKWORK backlog builds
Vintage Distillers Ltd.,TIER 3 — Junior RM / Tele-sales,Aug Wk4 (Aug 24-31),2.0,0,5.0,Other,ACUITE,October 2026,1,LOW,INC rating hits HOT threshold on 2026-10-02 — first call window,Get ahead of the Oct/Nov renewal rush; start ACER process now before ACUITE backlog builds
Welset Polypack Pvt. Ltd.,TIER 3 — Junior RM / Tele-sales,Aug Wk4 (Aug 24-31),2.0,0,5.0,Other,CRISIL,October 2026,1,LOW,INC rating hits HOT threshold on 2026-11-25 — first call window,Get ahead of the Oct/Nov renewal rush; start ACER process now before CRISIL backlog builds
Win-Win Automobiles Pvt. Ltd.,TIER 3 — Junior RM / Tele-sales,Aug Wk3 (Aug 17-21),2.0,0,4.0,Automobiles,CRISIL,October 2026,1,MEDIUM,INC rating hits ULTRA HOT threshold on 2026-11-12 — first call window,Get ahead of the Oct/Nov renewal rush; start ACER process now before CRISIL backlog builds
Vijayshree Electromech Pvt. Ltd.,TIER 3 — Junior RM / Tele-sales,Aug Wk4 (Aug 24-31),1.98,0,3.0,Other,ICRA,October 2026,1,LOW,INC rating hits HOT threshold on 2026-11-16 — first call window,Get ahead of the Oct/Nov renewal rush; start ACER process now before ICRA backlog builds
Basanti Devi Rice Mill Pvt. Ltd.,TIER 3 — Junior RM / Tele-sales,Aug Wk3 (Aug 17-21),1.93,0,5.0,Agro & Food,CARE,October 2026,1,MEDIUM,INC rating hits ULTRA HOT threshold on 2026-11-17 — first call window,Get ahead of the Oct/Nov renewal rush; start ACER process now before CARE backlog builds
Metroworld Tiles Pvt. Ltd.,TIER 3 — Junior RM / Tele-sales,Aug Wk4 (Aug 24-31),1.92,0,4.0,Construction,CARE,October 2026,1,LOW,INC rating hits HOT threshold on 2026-11-03 — first call window,Get ahead of the Oct/Nov renewal rush; start ACER process now before CARE backlog builds
Dasmesh Mechanical Works Pvt. Ltd.,TIER 3 — Junior RM / Tele-sales,Aug Wk4 (Aug 24-31),1.91,0,5.0,Other,CRISIL,October 2026,1,LOW,INC rating hits HOT threshold on 2026-10-18 — first call window,Get ahead of the Oct/Nov renewal rush; start ACER process now before CRISIL backlog builds
Thirubala Chemicals Pvt. Ltd.,TIER 3 — Junior RM / Tele-sales,Aug Wk3 (Aug 17-21),1.9,0,3.0,Chemicals & Pharma,CARE,October 2026,1,MEDIUM,INC rating hits ULTRA HOT threshold on 2026-11-18 — first call window,Get ahead of the Oct/Nov renewal rush; start ACER process now before CARE backlog builds
Creative Yarn Pvt. Ltd.,TIER 3 — Junior RM / Tele-sales,Aug Wk4 (Aug 24-31),1.89,0,5.0,Textiles,CRISIL,October 2026,1,LOW,INC rating hits HOT threshold on 2026-10-18 — first call window,Get ahead of the Oct/Nov renewal rush; start ACER process now before CRISIL backlog builds
Triveni Wires Pvt. Ltd.,TIER 3 — Junior RM / Tele-sales,Aug Wk4 (Aug 24-31),1.89,0,5.0,Steel & Metals,CARE,October 2026,1,LOW,INC rating hits HOT threshold on 2026-11-20 — first call window,Get ahead of the Oct/Nov renewal rush; start ACER process now before CARE backlog builds
Limitorque India Ltd.,TIER 3 — Junior RM / Tele-sales,Aug Wk4 (Aug 24-31),1.85,0,5.0,Other,BRICKWORK,Q1 2027,1,LOW/MEDIUM,INC rating hits ULTRA HOT on 2027-03-24 — prime Q1 2027 renewal target,Your Term Loan at BRICKWORK goes critical in Mar 2027. Start ACER process in Sep 2026 — before the Q1 rush.
Deesan Ginning & Pressing Pvt. Ltd.,TIER 3 — Junior RM / Tele-sales,Aug Wk3 (Aug 17-21),1.8,0,5.0,Hotels & Tourism,CRISIL,October 2026,1,MEDIUM,INC rating hits ULTRA HOT threshold on 2026-10-17 — first call window,Get ahead of the Oct/Nov renewal rush; start ACER process now before CRISIL backlog builds
Ultra Alluminium Pvt. Ltd.,TIER 3 — Junior RM / Tele-sales,Aug Wk4 (Aug 24-31),1.8,0,5.0,Other,CARE,October 2026,1,LOW,INC rating hits HOT threshold on 2026-11-01 — first call window,Get ahead of the Oct/Nov renewal rush; start ACER process now before CARE backlog builds
Jagdish Ispat Pvt. Ltd.,TIER 3 — Junior RM / Tele-sales,Aug Wk4 (Aug 24-31),1.77,0,5.0,Other,BRICKWORK,October 2026,1,LOW,INC rating hits HOT threshold on 2026-11-30 — first call window,Get ahead of the Oct/Nov renewal rush; start ACER process now before BRICKWORK backlog builds
Castron Technologies Pvt. Ltd.,TIER 3 — Junior RM / Tele-sales,Aug Wk4 (Aug 24-31),1.75,0,4.0,IT/Technology,CRISIL,October 2026,1,LOW,INC rating hits HOT threshold on 2026-10-18 — first call window,Get ahead of the Oct/Nov renewal rush; start ACER process now before CRISIL backlog builds
Greenscape Eco Mgmt. Pvt. Ltd.,TIER 3 — Junior RM / Tele-sales,Aug Wk3 (Aug 17-21),1.75,0,5.0,Other,CRISIL,October 2026,1,MEDIUM,INC rating hits ULTRA HOT threshold on 2026-11-10 — first call window,Get ahead of the Oct/Nov renewal rush; start ACER process now before CRISIL backlog builds
Jagrut Motors Pvt. Ltd.,TIER 3 — Junior RM / Tele-sales,Aug Wk4 (Aug 24-31),1.75,0,5.0,Other,BRICKWORK+ICRA,Q1 2027,1,LOW/MEDIUM,INC rating hits ULTRA HOT on 2027-03-10 — prime Q1 2027 renewal target,Your Term Loan at BRICKWORK goes critical in Mar 2027. Start ACER process in Sep 2026 — before the Q1 rush.
Kiwi Alloys Ltd.,TIER 3 — Junior RM / Tele-sales,Aug Wk4 (Aug 24-31),1.75,0,5.0,Steel & Metals,CRISIL,Q1 2027,1,LOW/MEDIUM,INC rating hits ULTRA HOT on 2027-03-17 — prime Q1 2027 renewal target,Your Term Loan at CRISIL goes critical in Mar 2027. Start ACER process in Sep 2026 — before the Q1 rush.
Saraf Real Infra Pvt. Ltd.,TIER 3 — Junior RM / Tele-sales,Aug Wk3 (Aug 17-21),1.75,0,5.0,Construction,CRISIL,October 2026,1,MEDIUM,INC rating hits ULTRA HOT threshold on 2026-11-04 — first call window,Get ahead of the Oct/Nov renewal rush; start ACER process now before CRISIL backlog builds
Laser Fibers Pvt. Ltd.,TIER 3 — Junior RM / Tele-sales,Aug Wk4 (Aug 24-31),1.72,0,5.0,Textiles,ICRA,October 2026,1,LOW,INC rating hits HOT threshold on 2026-11-22 — first call window,Get ahead of the Oct/Nov renewal rush; start ACER process now before ICRA backlog builds
Hariom Aqua Culture Pvt. Ltd.,TIER 3 — Junior RM / Tele-sales,Aug Wk4 (Aug 24-31),1.7,0,5.0,Other,CARE,October 2026,1,LOW,INC rating hits HOT threshold on 2026-11-20 — first call window,Get ahead of the Oct/Nov renewal rush; start ACER process now before CARE backlog builds
Indratara Agro Inds. Pvt. Ltd.,TIER 3 — Junior RM / Tele-sales,Aug Wk4 (Aug 24-31),1.7,0,5.0,Agro & Food,CRISIL,October 2026,1,LOW,INC rating hits HOT threshold on 2026-10-28 — first call window,Get ahead of the Oct/Nov renewal rush; start ACER process now before CRISIL backlog builds
Taj Frozen Foods India Ltd.,TIER 3 — Junior RM / Tele-sales,Aug Wk4 (Aug 24-31),1.7,0,5.0,Agro & Food,CRISIL,October 2026,1,LOW,INC rating hits HOT threshold on 2026-11-25 — first call window,Get ahead of the Oct/Nov renewal rush; start ACER process now before CRISIL backlog builds
Ruia Chemicals Pvt. Ltd.,TIER 3 — Junior RM / Tele-sales,Aug Wk4 (Aug 24-31),1.69,0,5.0,Chemicals & Pharma,CRISIL,October 2026,1,LOW,INC rating hits HOT threshold on 2026-10-20 — first call window,Get ahead of the Oct/Nov renewal rush; start ACER process now before CRISIL backlog builds
Agarwal Polysacks Ltd.,TIER 3 — Junior RM / Tele-sales,Aug Wk4 (Aug 24-31),1.6,0,3.0,Other,BRICKWORK,Q2 2027,1,LOW (<90 days),"INC since Apr 2026 (86 days). MEDIUM by Oct 2026, HOT by Jan 2027, ULTRA HOT by Apr 2027.",Your Letter Of credit at BRICKWORK hits ULTRA HOT in Apr 2027. Start ACER process by Jan 2027 to be ahead of Q2 2027 renewal rush.
Green Valley Agroproducts Pvt. Ltd.,TIER 3 — Junior RM / Tele-sales,Aug Wk4 (Aug 24-31),1.6,0,5.0,Agro & Food,CRISIL,October 2026,1,LOW,INC rating hits HOT threshold on 2026-10-25 — first call window,Get ahead of the Oct/Nov renewal rush; start ACER process now before CRISIL backlog builds
Newsmen Associates Pvt. Ltd.,TIER 3 — Junior RM / Tele-sales,Aug Wk4 (Aug 24-31),1.6,0,5.0,Other,CRISIL,October 2026,1,LOW,INC rating hits HOT threshold on 2026-10-27 — first call window,Get ahead of the Oct/Nov renewal rush; start ACER process now before CRISIL backlog builds
Rungta Irrigation Ltd.,TIER 3 — Junior RM / Tele-sales,Aug Wk3 (Aug 17-21),1.6,0,5.0,Other,ACUITE,October 2026,1,MEDIUM,INC rating hits ULTRA HOT threshold on 2026-10-08 — first call window,Get ahead of the Oct/Nov renewal rush; start ACER process now before ACUITE backlog builds
Vinayak Polytex Pvt. Ltd.,TIER 3 — Junior RM / Tele-sales,Aug Wk4 (Aug 24-31),1.6,0,5.0,Other,BRICKWORK,October 2026,1,LOW,INC rating hits HOT threshold on 2026-11-22 — first call window,Get ahead of the Oct/Nov renewal rush; start ACER process now before BRICKWORK backlog builds
Ami Riddhi Chem Pvt. Ltd.,TIER 3 — Junior RM / Tele-sales,Aug Wk4 (Aug 24-31),1.58,0,3.0,Chemicals & Pharma,ICRA,Q1 2027,1,LOW/MEDIUM,INC rating hits ULTRA HOT on 2027-03-19 — prime Q1 2027 renewal target,Your Non-Fund-Based at ICRA goes critical in Mar 2027. Start ACER process in Sep 2026 — before the Q1 rush.
Alkey Synthetics Pvt. Ltd.,TIER 3 — Junior RM / Tele-sales,Aug Wk3 (Aug 17-21),1.57,0,5.0,Other,CARE,October 2026,1,MEDIUM,INC rating hits ULTRA HOT threshold on 2026-11-10 — first call window,Get ahead of the Oct/Nov renewal rush; start ACER process now before CARE backlog builds
Mahajan Silk Mills Pvt. Ltd.,TIER 3 — Junior RM / Tele-sales,Aug Wk4 (Aug 24-31),1.57,0,3.0,Textiles,CRISIL,October 2026,1,LOW,INC rating hits HOT threshold on 2026-11-23 — first call window,Get ahead of the Oct/Nov renewal rush; start ACER process now before CRISIL backlog builds
Prism Feeds India Pvt. Ltd.,TIER 3 — Junior RM / Tele-sales,Aug Wk4 (Aug 24-31),1.57,0,5.0,Other,BRICKWORK,October 2026,1,LOW,INC rating hits HOT threshold on 2026-10-17 — first call window,Get ahead of the Oct/Nov renewal rush; start ACER process now before BRICKWORK backlog builds
Rajashree Spintex Pvt. Ltd.,TIER 3 — Junior RM / Tele-sales,Aug Wk4 (Aug 24-31),1.56,0,5.0,Other,BRICKWORK,Q1 2027,1,LOW/MEDIUM,INC rating hits ULTRA HOT on 2027-03-24 — prime Q1 2027 renewal target,Your Fund-Based at BRICKWORK goes critical in Mar 2027. Start ACER process in Sep 2026 — before the Q1 rush.
Bhatia Wine Merchants Pvt. Ltd.,TIER 3 — Junior RM / Tele-sales,Aug Wk4 (Aug 24-31),1.55,0,5.0,Trading/Exports,CARE,October 2026,1,LOW,INC rating hits HOT threshold on 2026-10-06 — first call window,Get ahead of the Oct/Nov renewal rush; start ACER process now before CARE backlog builds
Shree Tribhuvan Ispat Pvt. Ltd.,TIER 3 — Junior RM / Tele-sales,Aug Wk4 (Aug 24-31),1.55,0,5.0,Other,CRISIL,Q1 2027,1,LOW/MEDIUM,INC rating hits ULTRA HOT on 2027-03-31 — prime Q1 2027 renewal target,Your Term Loan at CRISIL goes critical in Mar 2027. Start ACER process in Sep 2026 — before the Q1 rush.
Kochar Infotech Ltd.,TIER 3 — Junior RM / Tele-sales,Aug Wk4 (Aug 24-31),1.54,0,5.0,IT/Technology,CRISIL,October 2026,1,LOW,INC rating hits HOT threshold on 2026-11-16 — first call window,Get ahead of the Oct/Nov renewal rush; start ACER process now before CRISIL backlog builds
Shripaper Product (Indore) Pvt. Ltd.,TIER 3 — Junior RM / Tele-sales,Aug Wk4 (Aug 24-31),1.53,0,5.0,Paper/Packaging,BRICKWORK,October 2026,1,LOW,INC rating hits HOT threshold on 2026-10-09 — first call window,Get ahead of the Oct/Nov renewal rush; start ACER process now before BRICKWORK backlog builds
Gati Motors Pvt. Ltd.,TIER 3 — Junior RM / Tele-sales,Aug Wk4 (Aug 24-31),1.52,0,5.0,Automobiles,ACUITE,October 2026,1,LOW,INC rating hits HOT threshold on 2026-11-21 — first call window,Get ahead of the Oct/Nov renewal rush; start ACER process now before ACUITE backlog builds
Amrutha Coffee Pvt. Ltd.,TIER 3 — Junior RM / Tele-sales,Aug Wk4 (Aug 24-31),1.5,0,3.0,Agro & Food,BRICKWORK,October 2026,1,LOW,INC rating hits HOT threshold on 2026-11-21 — first call window,Get ahead of the Oct/Nov renewal rush; start ACER process now before BRICKWORK backlog builds
Astam Healthcare Pvt. Ltd.,TIER 3 — Junior RM / Tele-sales,Aug Wk3 (Aug 17-21),1.5,0,4.0,Healthcare,CRISIL,October 2026,1,MEDIUM,INC rating hits ULTRA HOT threshold on 2026-11-21 — first call window,Get ahead of the Oct/Nov renewal rush; start ACER process now before CRISIL backlog builds
Bajrang Agro Inds. Pvt. Ltd.,TIER 3 — Junior RM / Tele-sales,Aug Wk4 (Aug 24-31),1.5,0,4.0,Agro & Food,ACUITE,October 2026,1,LOW,INC rating hits HOT threshold on 2026-11-06 — first call window,Get ahead of the Oct/Nov renewal rush; start ACER process now before ACUITE backlog builds
Cenosphere India Pvt. Ltd.,TIER 3 — Junior RM / Tele-sales,Aug Wk4 (Aug 24-31),1.5,0,3.0,Other,ICRA,October 2026,1,LOW,INC rating hits HOT threshold on 2026-11-15 — first call window,Get ahead of the Oct/Nov renewal rush; start ACER process now before ICRA backlog builds
Conmat Oil & Gas Pvt. Ltd.,TIER 3 — Junior RM / Tele-sales,Aug Wk3 (Aug 17-21),1.5,0,4.0,Energy,BRICKWORK,October 2026,1,MEDIUM,INC rating hits ULTRA HOT threshold on 2026-10-27 — first call window,Get ahead of the Oct/Nov renewal rush; start ACER process now before BRICKWORK backlog builds
Dhruv Cotfab Pvt. Ltd.,TIER 3 — Junior RM / Tele-sales,Aug Wk4 (Aug 24-31),1.5,0,5.0,Other,ACUITE,Q2 2027,1,LOW (<90 days),"INC since Apr 2026 (87 days). MEDIUM by Oct 2026, HOT by Jan 2027, ULTRA HOT by Apr 2027.",Your Term loans at ACUITE hits ULTRA HOT in Apr 2027. Start ACER process by Jan 2027 to be ahead of Q2 2027 renewal rush.
Ebix Travel & Holidays Ltd. [Merged],TIER 3 — Junior RM / Tele-sales,Aug Wk4 (Aug 24-31),1.5,0,4.0,Hotels & Tourism,CRISIL,October 2026,1,LOW,INC rating hits HOT threshold on 2026-10-27 — first call window,Get ahead of the Oct/Nov renewal rush; start ACER process now before CRISIL backlog builds
I M S Mercantile Pvt. Ltd.,TIER 3 — Junior RM / Tele-sales,Aug Wk4 (Aug 24-31),1.5,0,5.0,Construction,CRISIL,October 2026,1,LOW,INC rating hits HOT threshold on 2026-10-09 — first call window,Get ahead of the Oct/Nov renewal rush; start ACER process now before CRISIL backlog builds
Kalimata Vyapaar Pvt. Ltd.,TIER 3 — Junior RM / Tele-sales,Aug Wk4 (Aug 24-31),1.5,0,3.0,Other,ACUITE,October 2026,1,LOW,INC rating hits HOT threshold on 2026-11-02 — first call window,Get ahead of the Oct/Nov renewal rush; start ACER process now before ACUITE backlog builds
Katara Dental Pvt. Ltd.,TIER 3 — Junior RM / Tele-sales,Aug Wk4 (Aug 24-31),1.5,0,5.0,Other,CRISIL,Q1 2027,1,LOW/MEDIUM,INC rating hits ULTRA HOT on 2027-03-27 — prime Q1 2027 renewal target,Your Term Loan at CRISIL goes critical in Mar 2027. Start ACER process in Sep 2026 — before the Q1 rush.
Maheshwari Fabtex Pvt. Ltd.,TIER 3 — Junior RM / Tele-sales,Aug Wk4 (Aug 24-31),1.5,0,5.0,Other,CRISIL,Q2 2027,1,LOW (<90 days),"INC since Apr 2026 (65 days). MEDIUM by Oct 2026, HOT by Jan 2027, ULTRA HOT by Apr 2027.",Your Long term Loans at CRISIL hits ULTRA HOT in Apr 2027. Start ACER process by Jan 2027 to be ahead of Q2 2027 renewal rush.
Mohib Shoes Pvt. Ltd.,TIER 3 — Junior RM / Tele-sales,Aug Wk4 (Aug 24-31),1.5,0,3.0,Other,CARE,Q2 2027,1,LOW (<90 days),"INC since Apr 2026 (59 days). MEDIUM by Oct 2026, HOT by Jan 2027, ULTRA HOT by Apr 2027.",Your Letter Of credit at CARE hits ULTRA HOT in Apr 2027. Start ACER process by Jan 2027 to be ahead of Q2 2027 renewal rush.
Moped House Pvt. Ltd.,TIER 3 — Junior RM / Tele-sales,Aug Wk4 (Aug 24-31),1.5,0,5.0,Other,CRISIL,Q1 2027,1,LOW/MEDIUM,INC rating hits ULTRA HOT on 2027-03-30 — prime Q1 2027 renewal target,Your Term Loan at CRISIL goes critical in Mar 2027. Start ACER process in Sep 2026 — before the Q1 rush.
N F Infratech Service Pvt. Ltd.,TIER 3 — Junior RM / Tele-sales,Aug Wk3 (Aug 17-21),1.5,0,4.0,Construction,BRICKWORK,October 2026,1,MEDIUM,INC rating hits ULTRA HOT threshold on 2026-11-11 — first call window,Get ahead of the Oct/Nov renewal rush; start ACER process now before BRICKWORK backlog builds
Panem Industries Pvt. Ltd.,TIER 3 — Junior RM / Tele-sales,Aug Wk4 (Aug 24-31),1.5,0,4.0,Other,BRICKWORK,Q1 2027,1,LOW/MEDIUM,INC rating hits ULTRA HOT on 2027-03-13 — prime Q1 2027 renewal target,Your Bank Guarantee at BRICKWORK goes critical in Mar 2027. Start ACER process in Sep 2026 — before the Q1 rush.
Patel Kenwood Pvt. Ltd.,TIER 3 — Junior RM / Tele-sales,Aug Wk4 (Aug 24-31),1.5,0,3.0,Other,BRICKWORK,October 2026,1,LOW,INC rating hits HOT threshold on 2026-10-25 — first call window,Get ahead of the Oct/Nov renewal rush; start ACER process now before BRICKWORK backlog builds
Pearl Mineral & Mines Pvt. Ltd.,TIER 3 — Junior RM / Tele-sales,Aug Wk3 (Aug 17-21),1.5,0,5.0,Mining & Minerals,CRISIL,October 2026,1,MEDIUM,INC rating hits ULTRA HOT threshold on 2026-11-04 — first call window,Get ahead of the Oct/Nov renewal rush; start ACER process now before CRISIL backlog builds
Pentagon Labs Ltd.,TIER 3 — Junior RM / Tele-sales,Aug Wk3 (Aug 17-21),1.5,0,4.0,Healthcare,ACUITE,October 2026,1,MEDIUM,INC rating hits ULTRA HOT threshold on 2026-10-17 — first call window,Get ahead of the Oct/Nov renewal rush; start ACER process now before ACUITE backlog builds
Prayan Ispat & Steel Pvt. Ltd.,TIER 3 — Junior RM / Tele-sales,Aug Wk4 (Aug 24-31),1.5,0,3.0,Steel & Metals,CARE,Q2 2027,1,LOW (<90 days),"INC since Apr 2026 (67 days). MEDIUM by Oct 2026, HOT by Jan 2027, ULTRA HOT by Apr 2027.",Your Letter Of credit at CARE hits ULTRA HOT in Apr 2027. Start ACER process by Jan 2027 to be ahead of Q2 2027 renewal rush.
Rotocast Industries Ltd.,TIER 3 — Junior RM / Tele-sales,Aug Wk4 (Aug 24-31),1.5,0,3.0,Manufacturing,CRISIL,October 2026,1,LOW,INC rating hits HOT threshold on 2026-11-16 — first call window,Get ahead of the Oct/Nov renewal rush; start ACER process now before CRISIL backlog builds
Sanganeriya Spinning Mills Ltd.,TIER 3 — Junior RM / Tele-sales,Aug Wk3 (Aug 17-21),1.5,0,3.0,Textiles,CARE,October 2026,1,MEDIUM,INC rating hits ULTRA HOT threshold on 2026-11-26 — first call window,Get ahead of the Oct/Nov renewal rush; start ACER process now before CARE backlog builds
Shree Durga Parameshwari Motors Pvt. Ltd.,TIER 3 — Junior RM / Tele-sales,Aug Wk3 (Aug 17-21),1.5,0,5.0,Automobiles,CRISIL,October 2026,1,MEDIUM,INC rating hits ULTRA HOT threshold on 2026-11-10 — first call window,Get ahead of the Oct/Nov renewal rush; start ACER process now before CRISIL backlog builds
Shri Ambika Metaliks Pvt. Ltd.,TIER 3 — Junior RM / Tele-sales,Aug Wk4 (Aug 24-31),1.5,0,4.0,Steel & Metals,BRICKWORK,Q1 2027,1,LOW/MEDIUM,INC rating hits ULTRA HOT on 2026-12-30 — prime Q1 2027 renewal target,Your Bank Guarantee at BRICKWORK goes critical in Dec 2026. Start ACER process in Sep 2026 — before the Q1 rush.
Shri Ram Solvent Extractions Pvt. Ltd.,TIER 3 — Junior RM / Tele-sales,Aug Wk3 (Aug 17-21),1.5,0,4.0,Chemicals & Pharma,CRISIL,October 2026,1,MEDIUM,INC rating hits ULTRA HOT threshold on 2026-11-10 — first call window,Get ahead of the Oct/Nov renewal rush; start ACER process now before CRISIL backlog builds
Sree Koppammal Cotton Spinning Mills Pvt. Ltd.,TIER 3 — Junior RM / Tele-sales,Aug Wk4 (Aug 24-31),1.5,0,3.0,Agro & Food,CRISIL,Q1 2027,1,LOW/MEDIUM,INC rating hits ULTRA HOT on 2027-03-31 — prime Q1 2027 renewal target,Your Short-Term Loan at CRISIL goes critical in Mar 2027. Start ACER process in Sep 2026 — before the Q1 rush.
Talwar Auto Garages Pvt. Ltd.,TIER 3 — Junior RM / Tele-sales,Aug Wk4 (Aug 24-31),1.5,0,5.0,Manufacturing,BRICKWORK,Q1 2027,1,LOW/MEDIUM,INC rating hits ULTRA HOT on 2027-03-26 — prime Q1 2027 renewal target,Your Fund-Based at BRICKWORK goes critical in Mar 2027. Start ACER process in Sep 2026 — before the Q1 rush.
Tech Mahindra Cerium Pvt. Ltd. [Merged],TIER 3 — Junior RM / Tele-sales,Aug Wk4 (Aug 24-31),1.5,0,5.0,IT/Technology,ACUITE,October 2026,1,LOW,INC rating hits HOT threshold on 2026-10-17 — first call window,Get ahead of the Oct/Nov renewal rush; start ACER process now before ACUITE backlog builds
Trishul Tread Pvt. Ltd.,TIER 3 — Junior RM / Tele-sales,Aug Wk3 (Aug 17-21),1.5,0,5.0,Other,CRISIL,October 2026,1,MEDIUM,INC rating hits ULTRA HOT threshold on 2026-11-25 — first call window,Get ahead of the Oct/Nov renewal rush; start ACER process now before CRISIL backlog builds
N B Cotex Pvt. Ltd.,TIER 3 — Junior RM / Tele-sales,Aug Wk4 (Aug 24-31),1.49,0,5.0,Other,ICRA,Q1 2027,1,LOW/MEDIUM,INC rating hits ULTRA HOT on 2027-03-25 — prime Q1 2027 renewal target,Your Term Loan at ICRA goes critical in Mar 2027. Start ACER process in Sep 2026 — before the Q1 rush.
Banarsi Dass Cotton Mills Pvt. Ltd.,TIER 3 — Junior RM / Tele-sales,Aug Wk4 (Aug 24-31),1.45,0,5.0,Agro & Food,ACUITE,October 2026,1,LOW,INC rating hits HOT threshold on 2026-11-21 — first call window,Get ahead of the Oct/Nov renewal rush; start ACER process now before ACUITE backlog builds
Gatiman Auto Pvt. Ltd.,TIER 3 — Junior RM / Tele-sales,Aug Wk3 (Aug 17-21),1.45,0,3.0,Automobiles,CRISIL,October 2026,1,MEDIUM,INC rating hits ULTRA HOT threshold on 2026-10-24 — first call window,Get ahead of the Oct/Nov renewal rush; start ACER process now before CRISIL backlog builds
Purple Microport Cardiovascular Pvt. Ltd.,TIER 3 — Junior RM / Tele-sales,Aug Wk4 (Aug 24-31),1.42,0,5.0,BFSI,ACUITE,Q1 2027,1,LOW/MEDIUM,INC rating hits ULTRA HOT on 2027-03-25 — prime Q1 2027 renewal target,Your Term Loan at ACUITE goes critical in Mar 2027. Start ACER process in Sep 2026 — before the Q1 rush.
All Rich Dairy Pvt. Ltd.,TIER 3 — Junior RM / Tele-sales,Aug Wk4 (Aug 24-31),1.4,0,5.0,Agro & Food,CARE,October 2026,1,LOW,INC rating hits HOT threshold on 2026-11-23 — first call window,Get ahead of the Oct/Nov renewal rush; start ACER process now before CARE backlog builds
Kashyap Motors India Pvt. Ltd.,TIER 3 — Junior RM / Tele-sales,Aug Wk4 (Aug 24-31),1.39,0,5.0,Automobiles,BRICKWORK,October 2026,1,LOW,INC rating hits HOT threshold on 2026-11-03 — first call window,Get ahead of the Oct/Nov renewal rush; start ACER process now before BRICKWORK backlog builds
Bhagawati India Motorizer Pvt. Ltd.,TIER 3 — Junior RM / Tele-sales,Aug Wk3 (Aug 17-21),1.36,0,5.0,Automobiles,CARE,October 2026,1,MEDIUM,INC rating hits ULTRA HOT threshold on 2026-11-06 — first call window,Get ahead of the Oct/Nov renewal rush; start ACER process now before CARE backlog builds
Dynatech Industries Pvt. Ltd.,TIER 3 — Junior RM / Tele-sales,Aug Wk4 (Aug 24-31),1.35,0,5.0,IT/Technology,CRISIL,Q1 2027,1,LOW/MEDIUM,INC rating hits ULTRA HOT on 2027-03-12 — prime Q1 2027 renewal target,Your Term Loan at CRISIL goes critical in Mar 2027. Start ACER process in Sep 2026 — before the Q1 rush.
Sai Solvex Pvt. Ltd.,TIER 3 — Junior RM / Tele-sales,Aug Wk4 (Aug 24-31),1.33,0,5.0,Other,BRICKWORK,October 2026,1,LOW,INC rating hits HOT threshold on 2026-10-03 — first call window,Get ahead of the Oct/Nov renewal rush; start ACER process now before BRICKWORK backlog builds
Arise Automotives Pvt. Ltd.,TIER 3 — Junior RM / Tele-sales,Aug Wk4 (Aug 24-31),1.31,0,5.0,Automobiles,BRICKWORK,October 2026,1,LOW,INC rating hits HOT threshold on 2026-11-01 — first call window,Get ahead of the Oct/Nov renewal rush; start ACER process now before BRICKWORK backlog builds
Krishna Transnational Marbles Pvt. Ltd.,TIER 3 — Junior RM / Tele-sales,Aug Wk4 (Aug 24-31),1.3,0,3.0,Mining,ICRA,Q1 2027,1,LOW/MEDIUM,INC rating hits ULTRA HOT on 2027-03-25 — prime Q1 2027 renewal target,Your Non-Fund-Based at ICRA goes critical in Mar 2027. Start ACER process in Sep 2026 — before the Q1 rush.
Merchant Agri Global Pvt. Ltd.,TIER 3 — Junior RM / Tele-sales,Aug Wk4 (Aug 24-31),1.3,0,3.0,Other,BRICKWORK,Q1 2027,1,LOW/MEDIUM,INC rating hits ULTRA HOT on 2027-03-17 — prime Q1 2027 renewal target,Your Non-Fund-Based at BRICKWORK goes critical in Mar 2027. Start ACER process in Sep 2026 — before the Q1 rush.
Rai Industrial Power Pvt. Ltd.,TIER 3 — Junior RM / Tele-sales,Aug Wk4 (Aug 24-31),1.28,0,4.0,Manufacturing,CRISIL,October 2026,1,LOW,INC rating hits HOT threshold on 2026-11-24 — first call window,Get ahead of the Oct/Nov renewal rush; start ACER process now before CRISIL backlog builds
Acme Auto Pvt. Ltd.,TIER 3 — Junior RM / Tele-sales,Aug Wk3 (Aug 17-21),1.25,0,5.0,Automobiles,BRICKWORK,October 2026,1,MEDIUM,INC rating hits ULTRA HOT threshold on 2026-10-28 — first call window,Get ahead of the Oct/Nov renewal rush; start ACER process now before BRICKWORK backlog builds
Chayagraphics Healthcare Pvt. Ltd.,TIER 3 — Junior RM / Tele-sales,Aug Wk4 (Aug 24-31),1.25,0,3.0,Healthcare,ICRA,Q1 2027,1,LOW/MEDIUM,INC rating hits ULTRA HOT on 2027-03-11 — prime Q1 2027 renewal target,Your Non-Fund-Based at ICRA goes critical in Mar 2027. Start ACER process in Sep 2026 — before the Q1 rush.
Maco Pvt. Ltd.,TIER 3 — Junior RM / Tele-sales,Aug Wk3 (Aug 17-21),1.25,0,5.0,Other,CRISIL,October 2026,1,MEDIUM,INC rating hits ULTRA HOT threshold on 2026-10-20 — first call window,Get ahead of the Oct/Nov renewal rush; start ACER process now before CRISIL backlog builds
P N B Kitchenmate Ltd.,TIER 3 — Junior RM / Tele-sales,Aug Wk3 (Aug 17-21),1.25,0,5.0,Other,CARE,October 2026,1,MEDIUM,INC rating hits ULTRA HOT threshold on 2026-10-16 — first call window,Get ahead of the Oct/Nov renewal rush; start ACER process now before CARE backlog builds
Rathi Hatcheries Pvt. Ltd.,TIER 3 — Junior RM / Tele-sales,Aug Wk3 (Aug 17-21),1.25,0,5.0,Other,BRICKWORK,October 2026,1,MEDIUM,INC rating hits ULTRA HOT threshold on 2026-10-08 — first call window,Get ahead of the Oct/Nov renewal rush; start ACER process now before BRICKWORK backlog builds
Shree Samtainath Enterprises Pvt. Ltd.,TIER 3 — Junior RM / Tele-sales,Aug Wk3 (Aug 17-21),1.25,0,4.0,Other,ACUITE,October 2026,1,MEDIUM,INC rating hits ULTRA HOT threshold on 2026-11-24 — first call window,Get ahead of the Oct/Nov renewal rush; start ACER process now before ACUITE backlog builds
Tirumala Music Centre Pvt. Ltd.,TIER 3 — Junior RM / Tele-sales,Aug Wk4 (Aug 24-31),1.25,0,5.0,Other,BRICKWORK,Q1 2027,1,LOW/MEDIUM,INC rating hits ULTRA HOT on 2027-03-10 — prime Q1 2027 renewal target,Your Term Loan at BRICKWORK goes critical in Mar 2027. Start ACER process in Sep 2026 — before the Q1 rush.
Ruchira Papers Ltd.,TIER 3 — Junior RM / Tele-sales,Aug Wk3 (Aug 17-21),1.23,0,5.0,Paper/Packaging,CRISIL,October 2026,1,MEDIUM,INC rating hits ULTRA HOT threshold on 2026-11-27 — first call window,Get ahead of the Oct/Nov renewal rush; start ACER process now before CRISIL backlog builds
Chaitanya Hi-Tech Engg. Co. Pvt. Ltd.,TIER 3 — Junior RM / Tele-sales,Aug Wk3 (Aug 17-21),1.2,0,5.0,IT/Technology,CARE,October 2026,1,MEDIUM,INC rating hits ULTRA HOT threshold on 2026-11-20 — first call window,Get ahead of the Oct/Nov renewal rush; start ACER process now before CARE backlog builds
Synergy Punching Pvt. Ltd.,TIER 3 — Junior RM / Tele-sales,Aug Wk3 (Aug 17-21),1.2,0,5.0,Other,BRICKWORK,October 2026,1,MEDIUM,INC rating hits ULTRA HOT threshold on 2026-11-11 — first call window,Get ahead of the Oct/Nov renewal rush; start ACER process now before BRICKWORK backlog builds
Vaibhav Cotex Pvt. Ltd.,TIER 3 — Junior RM / Tele-sales,Aug Wk3 (Aug 17-21),1.2,0,5.0,Other,CARE,October 2026,1,MEDIUM,INC rating hits ULTRA HOT threshold on 2026-11-25 — first call window,Get ahead of the Oct/Nov renewal rush; start ACER process now before CARE backlog builds
Nandi International Pvt. Ltd.,TIER 3 — Junior RM / Tele-sales,Aug Wk4 (Aug 24-31),1.18,0,5.0,Other,BRICKWORK,Q1 2027,1,LOW/MEDIUM,INC rating hits ULTRA HOT on 2027-03-06 — prime Q1 2027 renewal target,Your Term Loan at BRICKWORK goes critical in Mar 2027. Start ACER process in Sep 2026 — before the Q1 rush.
Vivaa Tradecom Ltd.,TIER 3 — Junior RM / Tele-sales,Aug Wk3 (Aug 17-21),1.17,0,5.0,Trading/Exports,BRICKWORK,October 2026,1,MEDIUM,INC rating hits ULTRA HOT threshold on 2026-11-19 — first call window,Get ahead of the Oct/Nov renewal rush; start ACER process now before BRICKWORK backlog builds
Aristocraft Papers Pvt. Ltd.,TIER 3 — Junior RM / Tele-sales,Aug Wk3 (Aug 17-21),1.16,0,5.0,Paper/Packaging,BRICKWORK,October 2026,1,MEDIUM,INC rating hits ULTRA HOT threshold on 2026-11-24 — first call window,Get ahead of the Oct/Nov renewal rush; start ACER process now before BRICKWORK backlog builds
Subh Laxmi Cotton Pvt. Ltd.,TIER 3 — Junior RM / Tele-sales,Aug Wk4 (Aug 24-31),1.12,0,5.0,Agro & Food,CRISIL,October 2026,1,LOW,INC rating hits HOT threshold on 2026-11-24 — first call window,Get ahead of the Oct/Nov renewal rush; start ACER process now before CRISIL backlog builds
Kisaan Steels Pvt. Ltd.,TIER 3 — Junior RM / Tele-sales,Aug Wk4 (Aug 24-31),1.1,0,5.0,Steel & Metals,BRICKWORK,Q1 2027,1,LOW/MEDIUM,INC rating hits ULTRA HOT on 2027-03-06 — prime Q1 2027 renewal target,Your Fund-Based at BRICKWORK goes critical in Mar 2027. Start ACER process in Sep 2026 — before the Q1 rush.
Sri Shanmuga Polymers Pvt. Ltd.,TIER 3 — Junior RM / Tele-sales,Aug Wk4 (Aug 24-31),1.1,0,5.0,Chemicals & Pharma,BRICKWORK,October 2026,1,LOW,INC rating hits HOT threshold on 2026-10-19 — first call window,Get ahead of the Oct/Nov renewal rush; start ACER process now before BRICKWORK backlog builds
Krishna Natural Fibre Pvt. Ltd.,TIER 3 — Junior RM / Tele-sales,Aug Wk3 (Aug 17-21),1.05,0,5.0,Textiles,ICRA,October 2026,1,MEDIUM,INC rating hits ULTRA HOT threshold on 2026-11-14 — first call window,Get ahead of the Oct/Nov renewal rush; start ACER process now before ICRA backlog builds
Lakshmidurga Textiles Pvt. Ltd.,TIER 3 — Junior RM / Tele-sales,Aug Wk3 (Aug 17-21),1.05,0,5.0,Construction,ICRA,October 2026,1,MEDIUM,INC rating hits ULTRA HOT threshold on 2026-10-29 — first call window,Get ahead of the Oct/Nov renewal rush; start ACER process now before ICRA backlog builds
A T R Malleable Casting Pvt. Ltd.,TIER 3 — Junior RM / Tele-sales,Aug Wk3 (Aug 17-21),1.0,0,4.0,Steel & Metals,CRISIL,October 2026,1,MEDIUM,INC rating hits ULTRA HOT threshold on 2026-11-20 — first call window,Get ahead of the Oct/Nov renewal rush; start ACER process now before CRISIL backlog builds
Aditya Auto Engineering Pvt. Ltd.,TIER 3 — Junior RM / Tele-sales,Aug Wk4 (Aug 24-31),1.0,0,3.0,Automobiles,CARE,Q2 2027,1,LOW (<90 days),"INC since Apr 2026 (73 days). MEDIUM by Oct 2026, HOT by Jan 2027, ULTRA HOT by Apr 2027.",Your Letter Of credit at CARE hits ULTRA HOT in Apr 2027. Start ACER process by Jan 2027 to be ahead of Q2 2027 renewal rush.
Akshat Roller Flour Mills Pvt. Ltd.,TIER 3 — Junior RM / Tele-sales,Aug Wk4 (Aug 24-31),1.0,0,5.0,Agro & Food,ICRA,October 2026,1,LOW,INC rating hits HOT threshold on 2026-10-19 — first call window,Get ahead of the Oct/Nov renewal rush; start ACER process now before ICRA backlog builds
Anjani Food Products Pvt. Ltd.,TIER 3 — Junior RM / Tele-sales,Aug Wk4 (Aug 24-31),1.0,0,5.0,Agro & Food,CARE,October 2026,1,LOW,INC rating hits HOT threshold on 2026-10-24 — first call window,Get ahead of the Oct/Nov renewal rush; start ACER process now before CARE backlog builds
Anjani Roller Flour Mills Pvt. Ltd.,TIER 3 — Junior RM / Tele-sales,Aug Wk4 (Aug 24-31),1.0,0,5.0,Agro & Food,CARE,Q1 2027,1,LOW/MEDIUM,INC rating hits ULTRA HOT on 2026-12-30 — prime Q1 2027 renewal target,Your Fund-Based at CARE goes critical in Dec 2026. Start ACER process in Sep 2026 — before the Q1 rush.
Asiad Engineering Works Pvt. Ltd.,TIER 3 — Junior RM / Tele-sales,Aug Wk3 (Aug 17-21),1.0,0,5.0,Manufacturing,CRISIL,October 2026,1,MEDIUM,INC rating hits ULTRA HOT threshold on 2026-11-12 — first call window,Get ahead of the Oct/Nov renewal rush; start ACER process now before CRISIL backlog builds
Bluemount Paper & Boards Ltd.,TIER 3 — Junior RM / Tele-sales,Aug Wk3 (Aug 17-21),1.0,0,5.0,Paper/Packaging,CRISIL,October 2026,1,MEDIUM,INC rating hits ULTRA HOT threshold on 2026-10-06 — first call window,Get ahead of the Oct/Nov renewal rush; start ACER process now before CRISIL backlog builds
C I L Textiles Pvt. Ltd.,TIER 3 — Junior RM / Tele-sales,Aug Wk3 (Aug 17-21),1.0,0,3.0,Construction,BRICKWORK,October 2026,1,MEDIUM,INC rating hits ULTRA HOT threshold on 2026-10-09 — first call window,Get ahead of the Oct/Nov renewal rush; start ACER process now before BRICKWORK backlog builds
Cape Electric Pvt. Ltd.,TIER 3 — Junior RM / Tele-sales,Aug Wk3 (Aug 17-21),1.0,0,3.0,Energy,CRISIL,October 2026,1,MEDIUM,INC rating hits ULTRA HOT threshold on 2026-10-17 — first call window,Get ahead of the Oct/Nov renewal rush; start ACER process now before CRISIL backlog builds
Centuary Fibre Plates Pvt. Ltd.,TIER 3 — Junior RM / Tele-sales,Aug Wk4 (Aug 24-31),1.0,0,3.0,Textiles,CARE,October 2026,1,LOW,INC rating hits HOT threshold on 2026-11-16 — first call window,Get ahead of the Oct/Nov renewal rush; start ACER process now before CARE backlog builds
Corpus Enterprises Pvt. Ltd.,TIER 3 — Junior RM / Tele-sales,Aug Wk4 (Aug 24-31),1.0,0,3.0,Other,ACUITE,Q1 2027,1,LOW/MEDIUM,INC rating hits ULTRA HOT on 2027-03-24 — prime Q1 2027 renewal target,Your Letter of Credit at ACUITE goes critical in Mar 2027. Start ACER process in Sep 2026 — before the Q1 rush.
Diamond T M T & Procon Pvt. Ltd.,TIER 3 — Junior RM / Tele-sales,Aug Wk3 (Aug 17-21),1.0,0,4.0,Jewellery/Gems,CRISIL,October 2026,1,MEDIUM,INC rating hits ULTRA HOT threshold on 2026-10-09 — first call window,Get ahead of the Oct/Nov renewal rush; start ACER process now before CRISIL backlog builds
Enzal Chemicals (India) Ltd.,TIER 3 — Junior RM / Tele-sales,Aug Wk4 (Aug 24-31),1.0,0,5.0,Chemicals & Pharma,CRISIL,October 2026,1,LOW,INC rating hits HOT threshold on 2026-11-07 — first call window,Get ahead of the Oct/Nov renewal rush; start ACER process now before CRISIL backlog builds
G K Roofings (India) Pvt. Ltd.,TIER 3 — Junior RM / Tele-sales,Aug Wk4 (Aug 24-31),1.0,0,4.0,Other,ACUITE,October 2026,1,LOW,INC rating hits HOT threshold on 2026-10-24 — first call window,Get ahead of the Oct/Nov renewal rush; start ACER process now before ACUITE backlog builds
Gayathri Milk Dairy Pvt. Ltd.,TIER 3 — Junior RM / Tele-sales,Aug Wk3 (Aug 17-21),1.0,0,5.0,Agro & Food,CRISIL,October 2026,1,MEDIUM,INC rating hits ULTRA HOT threshold on 2026-11-24 — first call window,Get ahead of the Oct/Nov renewal rush; start ACER process now before CRISIL backlog builds
Gencor Pacific Auto Engg. Pvt. Ltd.,TIER 3 — Junior RM / Tele-sales,Aug Wk3 (Aug 17-21),1.0,0,3.0,Automobiles,CRISIL,October 2026,1,MEDIUM,INC rating hits ULTRA HOT threshold on 2026-10-16 — first call window,Get ahead of the Oct/Nov renewal rush; start ACER process now before CRISIL backlog builds
Him Cylinders Ltd.,TIER 3 — Junior RM / Tele-sales,Aug Wk4 (Aug 24-31),1.0,0,4.0,Other,CARE,Q2 2027,1,LOW (<90 days),"INC since Apr 2026 (60 days). MEDIUM by Oct 2026, HOT by Jan 2027, ULTRA HOT by Apr 2027.",Your Bank Guarantee at CARE hits ULTRA HOT in Apr 2027. Start ACER process by Jan 2027 to be ahead of Q2 2027 renewal rush.
Himson Engineering Pvt. Ltd.,TIER 3 — Junior RM / Tele-sales,Aug Wk4 (Aug 24-31),1.0,0,4.0,Manufacturing,CRISIL,Q1 2027,1,LOW/MEDIUM,INC rating hits ULTRA HOT on 2027-03-18 — prime Q1 2027 renewal target,Your Bank Guarantee at CRISIL goes critical in Mar 2027. Start ACER process in Sep 2026 — before the Q1 rush.
Hindprakash Industries Ltd.,TIER 3 — Junior RM / Tele-sales,Aug Wk3 (Aug 17-21),1.0,0,3.0,Manufacturing,BRICKWORK,October 2026,1,MEDIUM,INC rating hits ULTRA HOT threshold on 2026-11-25 — first call window,Get ahead of the Oct/Nov renewal rush; start ACER process now before BRICKWORK backlog builds
Hyderabad Cylinders Pvt. Ltd.,TIER 3 — Junior RM / Tele-sales,Aug Wk4 (Aug 24-31),1.0,0,4.0,Other,CRISIL,Q1 2027,1,LOW/MEDIUM,INC rating hits ULTRA HOT on 2027-03-18 — prime Q1 2027 renewal target,Your Bank Guarantee at CRISIL goes critical in Mar 2027. Start ACER process in Sep 2026 — before the Q1 rush.
Infinium Pharmachem Ltd.,TIER 3 — Junior RM / Tele-sales,Aug Wk4 (Aug 24-31),1.0,0,5.0,Chemicals & Pharma,ACUITE,October 2026,1,LOW,INC rating hits HOT threshold on 2026-11-17 — first call window,Get ahead of the Oct/Nov renewal rush; start ACER process now before ACUITE backlog builds
Janardan Nirman Pvt. Ltd.,TIER 3 — Junior RM / Tele-sales,Aug Wk3 (Aug 17-21),1.0,0,4.0,Other,CRISIL,October 2026,1,MEDIUM,INC rating hits ULTRA HOT threshold on 2026-11-20 — first call window,Get ahead of the Oct/Nov renewal rush; start ACER process now before CRISIL backlog builds
Justclick Travels Pvt. Ltd.,TIER 3 — Junior RM / Tele-sales,Aug Wk4 (Aug 24-31),1.0,0,4.0,Hotels & Tourism,CRISIL,October 2026,1,LOW,INC rating hits HOT threshold on 2026-10-27 — first call window,Get ahead of the Oct/Nov renewal rush; start ACER process now before CRISIL backlog builds
K O S C Industries Pvt. Ltd.,TIER 3 — Junior RM / Tele-sales,Aug Wk4 (Aug 24-31),1.0,0,3.0,Other,ACUITE,Q2 2027,1,LOW (<90 days),"INC since Apr 2026 (75 days). MEDIUM by Oct 2026, HOT by Jan 2027, ULTRA HOT by Apr 2027.",Your Letter Of credit at ACUITE hits ULTRA HOT in Apr 2027. Start ACER process by Jan 2027 to be ahead of Q2 2027 renewal rush.
Kabra Transport Pvt. Ltd.,TIER 3 — Junior RM / Tele-sales,Aug Wk4 (Aug 24-31),1.0,0,4.0,Logistics,CARE,October 2026,1,LOW,INC rating hits HOT threshold on 2026-11-07 — first call window,Get ahead of the Oct/Nov renewal rush; start ACER process now before CARE backlog builds
Karnal Milk Foods Ltd.,TIER 3 — Junior RM / Tele-sales,Aug Wk4 (Aug 24-31),1.0,0,4.0,Agro & Food,ACUITE,October 2026,1,LOW,INC rating hits HOT threshold on 2026-10-31 — first call window,Get ahead of the Oct/Nov renewal rush; start ACER process now before ACUITE backlog builds
Karnataka Hybrid Micro Devices Ltd.,TIER 3 — Junior RM / Tele-sales,Aug Wk4 (Aug 24-31),1.0,0,4.0,Other,CRISIL,October 2026,1,LOW,INC rating hits HOT threshold on 2026-11-22 — first call window,Get ahead of the Oct/Nov renewal rush; start ACER process now before CRISIL backlog builds
Kimberlite Chemicals (India) Pvt. Ltd.,TIER 3 — Junior RM / Tele-sales,Aug Wk4 (Aug 24-31),1.0,0,5.0,Chemicals & Pharma,ACUITE,October 2026,1,LOW,INC rating hits HOT threshold on 2026-10-19 — first call window,Get ahead of the Oct/Nov renewal rush; start ACER process now before ACUITE backlog builds
Kings International Ltd.,TIER 3 — Junior RM / Tele-sales,Aug Wk3 (Aug 17-21),1.0,0,3.0,Other,BRICKWORK,October 2026,1,MEDIUM,INC rating hits ULTRA HOT threshold on 2026-10-07 — first call window,Get ahead of the Oct/Nov renewal rush; start ACER process now before BRICKWORK backlog builds
Kish Exports Pvt. Ltd.,TIER 3 — Junior RM / Tele-sales,Aug Wk4 (Aug 24-31),1.0,0,3.0,Other,ICRA,Q2 2027,1,LOW (<90 days),"INC since Apr 2026 (80 days). MEDIUM by Oct 2026, HOT by Jan 2027, ULTRA HOT by Apr 2027.",Your Non-fund-based financial facility/instrument at ICRA hits ULTRA HOT in Apr 2027. Start ACER process by Jan 2027 to be ahead of Q2 2027 renewal rush.
Kox Med & Lab Pvt. Ltd.,TIER 3 — Junior RM / Tele-sales,Aug Wk4 (Aug 24-31),1.0,0,4.0,Healthcare,ACUITE,October 2026,1,LOW,INC rating hits HOT threshold on 2026-10-25 — first call window,Get ahead of the Oct/Nov renewal rush; start ACER process now before ACUITE backlog builds
Lorom India Corpn. Pvt. Ltd.,TIER 3 — Junior RM / Tele-sales,Aug Wk4 (Aug 24-31),1.0,0,5.0,Other,CRISIL,Q1 2027,1,LOW/MEDIUM,INC rating hits ULTRA HOT on 2027-03-17 — prime Q1 2027 renewal target,Your Fund-Based at CRISIL goes critical in Mar 2027. Start ACER process in Sep 2026 — before the Q1 rush.
Maharashtra Electro-Mechanical Works Pvt. Ltd.,TIER 3 — Junior RM / Tele-sales,Aug Wk4 (Aug 24-31),1.0,0,4.0,Other,BRICKWORK,Q1 2027,1,LOW/MEDIUM,INC rating hits ULTRA HOT on 2027-03-24 — prime Q1 2027 renewal target,Your Bank Guarantee at BRICKWORK goes critical in Mar 2027. Start ACER process in Sep 2026 — before the Q1 rush.
Maxibio Oleos Pvt. Ltd.,TIER 3 — Junior RM / Tele-sales,Aug Wk4 (Aug 24-31),1.0,0,5.0,Other,ACUITE,October 2026,1,LOW,INC rating hits HOT threshold on 2026-10-04 — first call window,Get ahead of the Oct/Nov renewal rush; start ACER process now before ACUITE backlog builds
Mini Diamonds (India) Ltd.,TIER 3 — Junior RM / Tele-sales,Aug Wk4 (Aug 24-31),1.0,0,5.0,Other,CRISIL,Q2 2027,1,LOW (<90 days),"INC since Apr 2026 (66 days). MEDIUM by Oct 2026, HOT by Jan 2027, ULTRA HOT by Apr 2027.",Your Long term Loans at CRISIL hits ULTRA HOT in Apr 2027. Start ACER process by Jan 2027 to be ahead of Q2 2027 renewal rush.
Mohini Food Products Pvt. Ltd.,TIER 3 — Junior RM / Tele-sales,Aug Wk3 (Aug 17-21),1.0,0,5.0,Agro & Food,CARE,October 2026,1,MEDIUM,INC rating hits ULTRA HOT threshold on 2026-10-09 — first call window,Get ahead of the Oct/Nov renewal rush; start ACER process now before CARE backlog builds
Orange Automotive Pvt. Ltd.,TIER 3 — Junior RM / Tele-sales,Aug Wk3 (Aug 17-21),1.0,0,4.0,Automobiles,CARE,October 2026,1,MEDIUM,INC rating hits ULTRA HOT threshold on 2026-11-10 — first call window,Get ahead of the Oct/Nov renewal rush; start ACER process now before CARE backlog builds
Oshina Expo Pvt. Ltd.,TIER 3 — Junior RM / Tele-sales,Aug Wk3 (Aug 17-21),1.0,0,3.0,Other,ICRA,October 2026,1,MEDIUM,INC rating hits ULTRA HOT threshold on 2026-10-29 — first call window,Get ahead of the Oct/Nov renewal rush; start ACER process now before ICRA backlog builds
Padmaja Polymers Pvt. Ltd.,TIER 3 — Junior RM / Tele-sales,Aug Wk3 (Aug 17-21),1.0,0,5.0,Chemicals & Pharma,CRISIL,October 2026,1,MEDIUM,INC rating hits ULTRA HOT threshold on 2026-10-29 — first call window,Get ahead of the Oct/Nov renewal rush; start ACER process now before CRISIL backlog builds
Premier Alloys Ltd.,TIER 3 — Junior RM / Tele-sales,Aug Wk3 (Aug 17-21),1.0,0,4.0,Steel & Metals,CRISIL,October 2026,1,MEDIUM,INC rating hits ULTRA HOT threshold on 2026-11-12 — first call window,Get ahead of the Oct/Nov renewal rush; start ACER process now before CRISIL backlog builds
Priya Milk & Milk Products Pvt. Ltd.,TIER 3 — Junior RM / Tele-sales,Aug Wk3 (Aug 17-21),1.0,0,5.0,Agro & Food,CRISIL,October 2026,1,MEDIUM,INC rating hits ULTRA HOT threshold on 2026-11-12 — first call window,Get ahead of the Oct/Nov renewal rush; start ACER process now before CRISIL backlog builds
Rex Global Ltd.,TIER 3 — Junior RM / Tele-sales,Aug Wk4 (Aug 24-31),1.0,0,5.0,Other,BRICKWORK,October 2026,1,LOW,INC rating hits HOT threshold on 2026-11-24 — first call window,Get ahead of the Oct/Nov renewal rush; start ACER process now before BRICKWORK backlog builds
Rosha Alloys Pvt. Ltd.,TIER 3 — Junior RM / Tele-sales,Aug Wk3 (Aug 17-21),1.0,0,3.0,Steel & Metals,ICRA,October 2026,1,MEDIUM,INC rating hits ULTRA HOT threshold on 2026-11-26 — first call window,Get ahead of the Oct/Nov renewal rush; start ACER process now before ICRA backlog builds
Rudra Automart Pvt. Ltd.,TIER 3 — Junior RM / Tele-sales,Aug Wk3 (Aug 17-21),1.0,0,5.0,Automobiles,CRISIL,October 2026,1,MEDIUM,INC rating hits ULTRA HOT threshold on 2026-10-13 — first call window,Get ahead of the Oct/Nov renewal rush; start ACER process now before CRISIL backlog builds
S N C Fish Exports Pvt. Ltd.,TIER 3 — Junior RM / Tele-sales,Aug Wk3 (Aug 17-21),1.0,0,5.0,Logistics,CRISIL,October 2026,1,MEDIUM,INC rating hits ULTRA HOT threshold on 2026-11-05 — first call window,Get ahead of the Oct/Nov renewal rush; start ACER process now before CRISIL backlog builds
Safal Flexibond Pvt. Ltd.,TIER 3 — Junior RM / Tele-sales,Aug Wk4 (Aug 24-31),1.0,0,5.0,Other,CRISIL,Q2 2027,1,LOW (<90 days),"INC since Apr 2026 (61 days). MEDIUM by Oct 2026, HOT by Jan 2027, ULTRA HOT by Apr 2027.",Your Term loans at CRISIL hits ULTRA HOT in Apr 2027. Start ACER process by Jan 2027 to be ahead of Q2 2027 renewal rush.
Secur Credentials Ltd.,TIER 3 — Junior RM / Tele-sales,Aug Wk3 (Aug 17-21),1.0,0,5.0,Other,ACUITE,October 2026,1,MEDIUM,INC rating hits ULTRA HOT threshold on 2026-10-16 — first call window,Get ahead of the Oct/Nov renewal rush; start ACER process now before ACUITE backlog builds
Shish Jewels Ltd.,TIER 3 — Junior RM / Tele-sales,Aug Wk4 (Aug 24-31),1.0,0,3.0,Jewellery,CRISIL,Q1 2027,1,LOW/MEDIUM,INC rating hits ULTRA HOT on 2027-03-17 — prime Q1 2027 renewal target,Your Non-Fund-Based at CRISIL goes critical in Mar 2027. Start ACER process in Sep 2026 — before the Q1 rush.
Sidhgiri Holdings Pvt. Ltd.,TIER 3 — Junior RM / Tele-sales,Aug Wk3 (Aug 17-21),1.0,0,5.0,Other,CARE,October 2026,1,MEDIUM,INC rating hits ULTRA HOT threshold on 2026-10-03 — first call window,Get ahead of the Oct/Nov renewal rush; start ACER process now before CARE backlog builds
Tirupati Carbons & Chemicals Pvt. Ltd.,TIER 3 — Junior RM / Tele-sales,Aug Wk4 (Aug 24-31),1.0,0,4.0,Chemicals & Pharma,IND-RA,October 2026,1,LOW,INC rating hits HOT threshold on 2026-11-24 — first call window,Get ahead of the Oct/Nov renewal rush; start ACER process now before IND-RA backlog builds
Tirupati Vinyl India Pvt. Ltd.,TIER 3 — Junior RM / Tele-sales,Aug Wk3 (Aug 17-21),1.0,0,5.0,Other,CRISIL,October 2026,1,MEDIUM,INC rating hits ULTRA HOT threshold on 2026-11-25 — first call window,Get ahead of the Oct/Nov renewal rush; start ACER process now before CRISIL backlog builds
Uttranchal Ispat Pvt. Ltd.,TIER 3 — Junior RM / Tele-sales,Aug Wk4 (Aug 24-31),1.0,0,5.0,Other,CRISIL,Q1 2027,1,LOW/MEDIUM,INC rating hits ULTRA HOT on 2027-03-13 — prime Q1 2027 renewal target,Your Term Loan at CRISIL goes critical in Mar 2027. Start ACER process in Sep 2026 — before the Q1 rush.
V G C Beena Pvt. Ltd.,TIER 3 — Junior RM / Tele-sales,Aug Wk4 (Aug 24-31),1.0,0,5.0,Other,CRISIL,October 2026,1,LOW,INC rating hits HOT threshold on 2026-10-06 — first call window,Get ahead of the Oct/Nov renewal rush; start ACER process now before CRISIL backlog builds
V K Udyog Ltd.,TIER 3 — Junior RM / Tele-sales,Aug Wk4 (Aug 24-31),1.0,0,4.0,Other,CARE,October 2026,1,LOW,INC rating hits HOT threshold on 2026-11-15 — first call window,Get ahead of the Oct/Nov renewal rush; start ACER process now before CARE backlog builds
Vijayant Agencies Pvt. Ltd.,TIER 3 — Junior RM / Tele-sales,Aug Wk3 (Aug 17-21),1.0,0,5.0,Other,CRISIL,October 2026,1,MEDIUM,INC rating hits ULTRA HOT threshold on 2026-10-30 — first call window,Get ahead of the Oct/Nov renewal rush; start ACER process now before CRISIL backlog builds
Vital Paper Products Pvt. Ltd.,TIER 3 — Junior RM / Tele-sales,Aug Wk3 (Aug 17-21),1.0,0,3.0,Paper/Packaging,CRISIL,October 2026,1,MEDIUM,INC rating hits ULTRA HOT threshold on 2026-10-30 — first call window,Get ahead of the Oct/Nov renewal rush; start ACER process now before CRISIL backlog builds
Zeal Metaliks Pvt. Ltd.,TIER 3 — Junior RM / Tele-sales,Aug Wk4 (Aug 24-31),1.0,0,5.0,Steel & Metals,CRISIL,October 2026,1,LOW,INC rating hits HOT threshold on 2026-11-25 — first call window,Get ahead of the Oct/Nov renewal rush; start ACER process now before CRISIL backlog builds
Shree Baidyanath Ayurved Bhawan Pvt. Ltd.,TIER 3 — Junior RM / Tele-sales,Aug Wk4 (Aug 24-31),0.96,0,5.0,Healthcare,CRISIL,October 2026,1,LOW,INC rating hits HOT threshold on 2026-11-23 — first call window,Get ahead of the Oct/Nov renewal rush; start ACER process now before CRISIL backlog builds
Hindustan Mint & Agro Products Pvt. Ltd.,TIER 3 — Junior RM / Tele-sales,Aug Wk3 (Aug 17-21),0.95,0,3.0,Agro & Food,ICRA,October 2026,1,MEDIUM,INC rating hits ULTRA HOT threshold on 2026-11-28 — first call window,Get ahead of the Oct/Nov renewal rush; start ACER process now before ICRA backlog builds
Sriya Farms & Feeds Pvt. Ltd.,TIER 3 — Junior RM / Tele-sales,Aug Wk4 (Aug 24-31),0.93,0,5.0,Agro & Food,ACUITE,Q1 2027,1,LOW/MEDIUM,INC rating hits ULTRA HOT on 2027-03-27 — prime Q1 2027 renewal target,Your Term Loan at ACUITE goes critical in Mar 2027. Start ACER process in Sep 2026 — before the Q1 rush.
Prahlad Flour Mills Pvt. Ltd.,TIER 3 — Junior RM / Tele-sales,Aug Wk4 (Aug 24-31),0.92,0,5.0,Agro & Food,CRISIL,October 2026,1,LOW,INC rating hits HOT threshold on 2026-11-22 — first call window,Get ahead of the Oct/Nov renewal rush; start ACER process now before CRISIL backlog builds
B K Rolling Mills Pvt. Ltd.,TIER 3 — Junior RM / Tele-sales,Aug Wk3 (Aug 17-21),0.91,0,5.0,Steel & Metals,ACUITE,October 2026,1,MEDIUM,INC rating hits ULTRA HOT threshold on 2026-10-01 — first call window,Get ahead of the Oct/Nov renewal rush; start ACER process now before ACUITE backlog builds
Uniglobal Papers Pvt. Ltd.,TIER 3 — Junior RM / Tele-sales,Aug Wk3 (Aug 17-21),0.91,0,3.0,Paper/Packaging,ACUITE,October 2026,1,MEDIUM,INC rating hits ULTRA HOT threshold on 2026-11-04 — first call window,Get ahead of the Oct/Nov renewal rush; start ACER process now before ACUITE backlog builds
G V D Textiles Pvt. Ltd.,TIER 3 — Junior RM / Tele-sales,Aug Wk3 (Aug 17-21),0.9,0,5.0,Construction,CRISIL,October 2026,1,MEDIUM,INC rating hits ULTRA HOT threshold on 2026-11-14 — first call window,Get ahead of the Oct/Nov renewal rush; start ACER process now before CRISIL backlog builds
Malhati Tea & Inds. Ltd.,TIER 3 — Junior RM / Tele-sales,Aug Wk3 (Aug 17-21),0.89,0,5.0,Agro & Food,ICRA,October 2026,1,MEDIUM,INC rating hits ULTRA HOT threshold on 2026-11-19 — first call window,Get ahead of the Oct/Nov renewal rush; start ACER process now before ICRA backlog builds
Mahateja Rice Mills Pvt. Ltd.,TIER 3 — Junior RM / Tele-sales,Aug Wk3 (Aug 17-21),0.87,0,3.0,Agro & Food,ACUITE,October 2026,1,MEDIUM,INC rating hits ULTRA HOT threshold on 2026-11-03 — first call window,Get ahead of the Oct/Nov renewal rush; start ACER process now before ACUITE backlog builds
Progressive Cars Pvt. Ltd.,TIER 3 — Junior RM / Tele-sales,Aug Wk4 (Aug 24-31),0.87,0,5.0,Automobiles,CARE,October 2026,1,LOW,INC rating hits HOT threshold on 2026-10-03 — first call window,Get ahead of the Oct/Nov renewal rush; start ACER process now before CARE backlog builds
Deekay Trexim (India) Pvt. Ltd.,TIER 3 — Junior RM / Tele-sales,Aug Wk3 (Aug 17-21),0.86,0,3.0,Other,ICRA,October 2026,1,MEDIUM,INC rating hits ULTRA HOT threshold on 2026-10-28 — first call window,Get ahead of the Oct/Nov renewal rush; start ACER process now before ICRA backlog builds
Paprika Oleo'S (India) Ltd.,TIER 3 — Junior RM / Tele-sales,Aug Wk3 (Aug 17-21),0.85,0,5.0,Other,BRICKWORK,October 2026,1,MEDIUM,INC rating hits ULTRA HOT threshold on 2026-10-15 — first call window,Get ahead of the Oct/Nov renewal rush; start ACER process now before BRICKWORK backlog builds
Bhagyashree Colours Pvt. Ltd.,TIER 3 — Junior RM / Tele-sales,Aug Wk3 (Aug 17-21),0.84,0,5.0,Other,CRISIL,October 2026,1,MEDIUM,INC rating hits ULTRA HOT threshold on 2026-11-19 — first call window,Get ahead of the Oct/Nov renewal rush; start ACER process now before CRISIL backlog builds
Thangavelu Spinning Mills Ltd.,TIER 3 — Junior RM / Tele-sales,Aug Wk3 (Aug 17-21),0.84,0,5.0,Textiles,BRICKWORK,October 2026,1,MEDIUM,INC rating hits ULTRA HOT threshold on 2026-11-13 — first call window,Get ahead of the Oct/Nov renewal rush; start ACER process now before BRICKWORK backlog builds
Bajrang Cotton Pvt. Ltd.,TIER 3 — Junior RM / Tele-sales,Aug Wk4 (Aug 24-31),0.83,0,5.0,Agro & Food,BRICKWORK,October 2026,1,LOW,INC rating hits HOT threshold on 2026-11-15 — first call window,Get ahead of the Oct/Nov renewal rush; start ACER process now before BRICKWORK backlog builds
Saurabh Agrotech Pvt. Ltd.,TIER 3 — Junior RM / Tele-sales,Aug Wk3 (Aug 17-21),0.82,0,5.0,Agro & Food,ICRA,October 2026,1,MEDIUM,INC rating hits ULTRA HOT threshold on 2026-11-19 — first call window,Get ahead of the Oct/Nov renewal rush; start ACER process now before ICRA backlog builds
Lohchab Motor Co. Pvt. Ltd.,TIER 3 — Junior RM / Tele-sales,Aug Wk3 (Aug 17-21),0.8,0,5.0,Automobiles,CRISIL,October 2026,1,MEDIUM,INC rating hits ULTRA HOT threshold on 2026-10-17 — first call window,Get ahead of the Oct/Nov renewal rush; start ACER process now before CRISIL backlog builds
Aradhana Distributors Pvt. Ltd.,TIER 3 — Junior RM / Tele-sales,Aug Wk3 (Aug 17-21),0.79,0,5.0,Trading/Exports,CRISIL,October 2026,1,MEDIUM,INC rating hits ULTRA HOT threshold on 2026-11-14 — first call window,Get ahead of the Oct/Nov renewal rush; start ACER process now before CRISIL backlog builds
Tesna Tech Pvt. Ltd.,TIER 3 — Junior RM / Tele-sales,Aug Wk3 (Aug 17-21),0.78,0,5.0,IT/Technology,CRISIL,October 2026,1,MEDIUM,INC rating hits ULTRA HOT threshold on 2026-10-30 — first call window,Get ahead of the Oct/Nov renewal rush; start ACER process now before CRISIL backlog builds
Blessings Advertising Pvt. Ltd.,TIER 3 — Junior RM / Tele-sales,Aug Wk4 (Aug 24-31),0.75,0,4.0,Other,BRICKWORK,October 2026,1,LOW,INC rating hits HOT threshold on 2026-10-09 — first call window,Get ahead of the Oct/Nov renewal rush; start ACER process now before BRICKWORK backlog builds
Focus Edumatics Pvt. Ltd.,TIER 3 — Junior RM / Tele-sales,Aug Wk3 (Aug 17-21),0.75,0,5.0,Other,CRISIL,October 2026,1,MEDIUM,INC rating hits ULTRA HOT threshold on 2026-11-12 — first call window,Get ahead of the Oct/Nov renewal rush; start ACER process now before CRISIL backlog builds
Mittal Dyeing Pvt. Ltd.,TIER 3 — Junior RM / Tele-sales,Aug Wk3 (Aug 17-21),0.75,0,5.0,Chemicals & Pharma,BRICKWORK,October 2026,1,MEDIUM,INC rating hits ULTRA HOT threshold on 2026-10-13 — first call window,Get ahead of the Oct/Nov renewal rush; start ACER process now before BRICKWORK backlog builds
Ramprasad Tubes & Bars Pvt. Ltd.,TIER 3 — Junior RM / Tele-sales,Aug Wk4 (Aug 24-31),0.75,0,3.0,Steel & Metals,ACUITE,October 2026,1,LOW,INC rating hits HOT threshold on 2026-10-17 — first call window,Get ahead of the Oct/Nov renewal rush; start ACER process now before ACUITE backlog builds
Gold Spin India Pvt. Ltd.,TIER 3 — Junior RM / Tele-sales,Aug Wk4 (Aug 24-31),0.74,0,5.0,Jewellery/Gems,CARE,October 2026,1,LOW,INC rating hits HOT threshold on 2026-11-20 — first call window,Get ahead of the Oct/Nov renewal rush; start ACER process now before CARE backlog builds
Shitla Papers Pvt. Ltd.,TIER 3 — Junior RM / Tele-sales,Aug Wk4 (Aug 24-31),0.73,0,5.0,Paper/Packaging,BRICKWORK,Q1 2027,1,LOW/MEDIUM,INC rating hits ULTRA HOT on 2027-03-27 — prime Q1 2027 renewal target,Your Term Loan at BRICKWORK goes critical in Mar 2027. Start ACER process in Sep 2026 — before the Q1 rush.
Omkamal Steel Pvt. Ltd.,TIER 3 — Junior RM / Tele-sales,Aug Wk3 (Aug 17-21),0.72,0,5.0,Steel & Metals,CARE,October 2026,1,MEDIUM,INC rating hits ULTRA HOT threshold on 2026-11-24 — first call window,Get ahead of the Oct/Nov renewal rush; start ACER process now before CARE backlog builds
M B Garments (India) Pvt. Ltd.,TIER 3 — Junior RM / Tele-sales,Aug Wk3 (Aug 17-21),0.7,0,5.0,Textiles,BRICKWORK,October 2026,1,MEDIUM,INC rating hits ULTRA HOT threshold on 2026-10-23 — first call window,Get ahead of the Oct/Nov renewal rush; start ACER process now before BRICKWORK backlog builds
Morvinandan Proteins Ltd.,TIER 3 — Junior RM / Tele-sales,Aug Wk3 (Aug 17-21),0.7,0,5.0,Other,BRICKWORK,October 2026,1,MEDIUM,INC rating hits ULTRA HOT threshold on 2026-11-14 — first call window,Get ahead of the Oct/Nov renewal rush; start ACER process now before BRICKWORK backlog builds
Shakumbhri Pulp & Paper Mills Ltd.,TIER 3 — Junior RM / Tele-sales,Aug Wk4 (Aug 24-31),0.7,0,5.0,Paper/Packaging,CRISIL,October 2026,1,LOW,INC rating hits HOT threshold on 2026-11-24 — first call window,Get ahead of the Oct/Nov renewal rush; start ACER process now before CRISIL backlog builds
Twenty Four Secure Services Pvt. Ltd.,TIER 3 — Junior RM / Tele-sales,Aug Wk3 (Aug 17-21),0.7,0,4.0,Other,CARE,October 2026,1,MEDIUM,INC rating hits ULTRA HOT threshold on 2026-11-20 — first call window,Get ahead of the Oct/Nov renewal rush; start ACER process now before CARE backlog builds
Deepak Agro Pvt. Ltd.,TIER 3 — Junior RM / Tele-sales,Aug Wk4 (Aug 24-31),0.65,0,5.0,Agro & Food,BRICKWORK,Q1 2027,1,LOW/MEDIUM,INC rating hits ULTRA HOT on 2027-03-18 — prime Q1 2027 renewal target,Your Term Loan at BRICKWORK goes critical in Mar 2027. Start ACER process in Sep 2026 — before the Q1 rush.
Disha Communications Pvt. Ltd.,TIER 3 — Junior RM / Tele-sales,Aug Wk4 (Aug 24-31),0.65,0,3.0,IT/Technology,ICRA,Q1 2027,1,LOW/MEDIUM,INC rating hits ULTRA HOT on 2027-03-18 — prime Q1 2027 renewal target,Your Non-Fund-Based at ICRA goes critical in Mar 2027. Start ACER process in Sep 2026 — before the Q1 rush.
Khandwa Industries Pvt. Ltd.,TIER 3 — Junior RM / Tele-sales,Aug Wk4 (Aug 24-31),0.65,0,5.0,Other,CARE,Q2 2027,1,LOW (<90 days),"INC since Apr 2026 (79 days). MEDIUM by Oct 2026, HOT by Jan 2027, ULTRA HOT by Apr 2027.",Your Term loans at CARE hits ULTRA HOT in Apr 2027. Start ACER process by Jan 2027 to be ahead of Q2 2027 renewal rush.
Sahanu Sponge & Power Ltd.,TIER 3 — Junior RM / Tele-sales,Aug Wk3 (Aug 17-21),0.65,0,4.0,Energy,BRICKWORK,October 2026,1,MEDIUM,INC rating hits ULTRA HOT threshold on 2026-11-13 — first call window,Get ahead of the Oct/Nov renewal rush; start ACER process now before BRICKWORK backlog builds
Selvam Broilers Pvt. Ltd.,TIER 3 — Junior RM / Tele-sales,Aug Wk4 (Aug 24-31),0.65,0,5.0,Energy,CRISIL,Q1 2027,1,LOW/MEDIUM,INC rating hits ULTRA HOT on 2027-03-30 — prime Q1 2027 renewal target,Your Term Loan at CRISIL goes critical in Mar 2027. Start ACER process in Sep 2026 — before the Q1 rush.
Mohan Brothers (Drinks) Pvt. Ltd.,TIER 3 — Junior RM / Tele-sales,Aug Wk4 (Aug 24-31),0.63,0,3.0,Other,CRISIL,Q1 2027,1,LOW/MEDIUM,INC rating hits ULTRA HOT on 2027-03-27 — prime Q1 2027 renewal target,Your Letter of Credit at CRISIL goes critical in Mar 2027. Start ACER process in Sep 2026 — before the Q1 rush.
Mevada Oil Mill Pvt. Ltd.,TIER 3 — Junior RM / Tele-sales,Aug Wk4 (Aug 24-31),0.6,0,5.0,Other,CARE,Q2 2027,1,LOW (<90 days),"INC since Apr 2026 (76 days). MEDIUM by Oct 2026, HOT by Jan 2027, ULTRA HOT by Apr 2027.",Your Term loans at CARE hits ULTRA HOT in Apr 2027. Start ACER process by Jan 2027 to be ahead of Q2 2027 renewal rush.
Rajshri Iron Inds. Pvt. Ltd.,TIER 3 — Junior RM / Tele-sales,Aug Wk3 (Aug 17-21),0.6,0,4.0,Steel & Metals,CRISIL,October 2026,1,MEDIUM,INC rating hits ULTRA HOT threshold on 2026-11-26 — first call window,Get ahead of the Oct/Nov renewal rush; start ACER process now before CRISIL backlog builds
Sneha Packers Pvt. Ltd.,TIER 3 — Junior RM / Tele-sales,Aug Wk4 (Aug 24-31),0.59,0,5.0,Other,BRICKWORK,October 2026,1,LOW,INC rating hits HOT threshold on 2026-11-15 — first call window,Get ahead of the Oct/Nov renewal rush; start ACER process now before BRICKWORK backlog builds
Baba Ispat Pvt. Ltd.,TIER 3 — Junior RM / Tele-sales,Aug Wk3 (Aug 17-21),0.58,0,4.0,Other,CRISIL,October 2026,1,MEDIUM,INC rating hits ULTRA HOT threshold on 2026-11-18 — first call window,Get ahead of the Oct/Nov renewal rush; start ACER process now before CRISIL backlog builds
R S G Foods Pvt. Ltd.,TIER 3 — Junior RM / Tele-sales,Aug Wk3 (Aug 17-21),0.58,0,5.0,Agro & Food,BRICKWORK,October 2026,1,MEDIUM,INC rating hits ULTRA HOT threshold on 2026-11-13 — first call window,Get ahead of the Oct/Nov renewal rush; start ACER process now before BRICKWORK backlog builds
Badri Vishal Agro Pvt. Ltd.,TIER 3 — Junior RM / Tele-sales,Aug Wk4 (Aug 24-31),0.55,0,5.0,Agro & Food,CRISIL,Q1 2027,1,LOW/MEDIUM,INC rating hits ULTRA HOT on 2027-03-11 — prime Q1 2027 renewal target,Your Term Loan at CRISIL goes critical in Mar 2027. Start ACER process in Sep 2026 — before the Q1 rush.
Dynamic Transmission Ltd.,TIER 3 — Junior RM / Tele-sales,Aug Wk3 (Aug 17-21),0.55,0,5.0,Other,ICRA,October 2026,1,MEDIUM,INC rating hits ULTRA HOT threshold on 2026-10-28 — first call window,Get ahead of the Oct/Nov renewal rush; start ACER process now before ICRA backlog builds
G B Enterprises (Transport) Pvt. Ltd.,TIER 3 — Junior RM / Tele-sales,Aug Wk3 (Aug 17-21),0.53,0,5.0,Logistics,CARE,October 2026,1,MEDIUM,INC rating hits ULTRA HOT threshold on 2026-10-07 — first call window,Get ahead of the Oct/Nov renewal rush; start ACER process now before CARE backlog builds
N R Pharmaceuticals Pvt. Ltd.,TIER 3 — Junior RM / Tele-sales,Aug Wk4 (Aug 24-31),0.52,0,5.0,Chemicals & Pharma,CRISIL,October 2026,1,LOW,INC rating hits HOT threshold on 2026-11-23 — first call window,Get ahead of the Oct/Nov renewal rush; start ACER process now before CRISIL backlog builds
Adiraj Manpower Services Pvt. Ltd.,TIER 3 — Junior RM / Tele-sales,Aug Wk4 (Aug 24-31),0.5,0,5.0,Energy,CRISIL,October 2026,1,LOW,INC rating hits HOT threshold on 2026-10-09 — first call window,Get ahead of the Oct/Nov renewal rush; start ACER process now before CRISIL backlog builds
Aditya Automobile Spares Pvt. Ltd.,TIER 3 — Junior RM / Tele-sales,Aug Wk3 (Aug 17-21),0.5,0,5.0,Automobiles,ACUITE,October 2026,1,MEDIUM,INC rating hits ULTRA HOT threshold on 2026-10-17 — first call window,Get ahead of the Oct/Nov renewal rush; start ACER process now before ACUITE backlog builds
Agra Oil& General Inds. Ltd.,TIER 3 — Junior RM / Tele-sales,Aug Wk4 (Aug 24-31),0.5,0,3.0,Energy,CRISIL,October 2026,1,LOW,INC rating hits HOT threshold on 2026-10-09 — first call window,Get ahead of the Oct/Nov renewal rush; start ACER process now before CRISIL backlog builds
Airan Steel & Power Pvt. Ltd.,TIER 3 — Junior RM / Tele-sales,Aug Wk3 (Aug 17-21),0.5,0,3.0,Steel & Metals,ICRA,October 2026,1,MEDIUM,INC rating hits ULTRA HOT threshold on 2026-11-27 — first call window,Get ahead of the Oct/Nov renewal rush; start ACER process now before ICRA backlog builds
Allena Auto Inds. Pvt. Ltd.,TIER 3 — Junior RM / Tele-sales,Aug Wk3 (Aug 17-21),0.5,0,3.0,Automobiles,CRISIL,October 2026,1,MEDIUM,INC rating hits ULTRA HOT threshold on 2026-11-21 — first call window,Get ahead of the Oct/Nov renewal rush; start ACER process now before CRISIL backlog builds
Ashray Microfinance Ltd.,TIER 3 — Junior RM / Tele-sales,Aug Wk3 (Aug 17-21),0.5,0,5.0,BFSI,CRISIL,October 2026,1,MEDIUM,INC rating hits ULTRA HOT threshold on 2026-10-14 — first call window,Get ahead of the Oct/Nov renewal rush; start ACER process now before CRISIL backlog builds
B Ghose & Co. Pvt. Ltd.,TIER 3 — Junior RM / Tele-sales,Aug Wk3 (Aug 17-21),0.5,0,4.0,Other,ACUITE,October 2026,1,MEDIUM,INC rating hits ULTRA HOT threshold on 2026-10-27 — first call window,Get ahead of the Oct/Nov renewal rush; start ACER process now before ACUITE backlog builds
B S Mining Corpn. Pvt. Ltd.,TIER 3 — Junior RM / Tele-sales,Aug Wk4 (Aug 24-31),0.5,0,4.0,Mining,CRISIL,Q1 2027,1,LOW/MEDIUM,INC rating hits ULTRA HOT on 2027-03-11 — prime Q1 2027 renewal target,Your Bank Guarantee at CRISIL goes critical in Mar 2027. Start ACER process in Sep 2026 — before the Q1 rush.
Balaji Enterprises (Pondy) Pvt. Ltd.,TIER 3 — Junior RM / Tele-sales,Aug Wk3 (Aug 17-21),0.5,0,5.0,Other,CRISIL,October 2026,1,MEDIUM,INC rating hits ULTRA HOT threshold on 2026-10-24 — first call window,Get ahead of the Oct/Nov renewal rush; start ACER process now before CRISIL backlog builds
Cadsys (India) Ltd.,TIER 3 — Junior RM / Tele-sales,Aug Wk3 (Aug 17-21),0.5,0,5.0,Other,CRISIL,October 2026,1,MEDIUM,INC rating hits ULTRA HOT threshold on 2026-10-17 — first call window,Get ahead of the Oct/Nov renewal rush; start ACER process now before CRISIL backlog builds
Capricorn Blenders Pvt. Ltd.,TIER 3 — Junior RM / Tele-sales,Aug Wk4 (Aug 24-31),0.5,0,4.0,Other,ACUITE,October 2026,1,LOW,INC rating hits HOT threshold on 2026-10-09 — first call window,Get ahead of the Oct/Nov renewal rush; start ACER process now before ACUITE backlog builds
Delhi Waste Mgmt. Ltd.,TIER 3 — Junior RM / Tele-sales,Aug Wk4 (Aug 24-31),0.5,0,3.0,Other,ICRA,October 2026,1,LOW,INC rating hits HOT threshold on 2026-11-30 — first call window,Get ahead of the Oct/Nov renewal rush; start ACER process now before ICRA backlog builds
Durga Carriers Pvt. Ltd.,TIER 3 — Junior RM / Tele-sales,Aug Wk4 (Aug 24-31),0.5,0,4.0,Automobiles,CRISIL,October 2026,1,LOW,INC rating hits HOT threshold on 2026-10-18 — first call window,Get ahead of the Oct/Nov renewal rush; start ACER process now before CRISIL backlog builds
Golkunda Diamonds & Jewellery Ltd.,TIER 3 — Junior RM / Tele-sales,Aug Wk3 (Aug 17-21),0.5,0,3.0,Jewellery/Gems,BRICKWORK,October 2026,1,MEDIUM,INC rating hits ULTRA HOT threshold on 2026-10-29 — first call window,Get ahead of the Oct/Nov renewal rush; start ACER process now before BRICKWORK backlog builds
H R M M Agro Overseas Pvt. Ltd.,TIER 3 — Junior RM / Tele-sales,Aug Wk4 (Aug 24-31),0.5,0,5.0,Agro & Food,BRICKWORK,October 2026,1,LOW,INC rating hits HOT threshold on 2026-11-20 — first call window,Get ahead of the Oct/Nov renewal rush; start ACER process now before BRICKWORK backlog builds
Indo German Carbons Pvt. Ltd.,TIER 3 — Junior RM / Tele-sales,Aug Wk4 (Aug 24-31),0.5,0,3.0,Automobiles,ICRA,October 2026,1,LOW,INC rating hits HOT threshold on 2026-10-16 — first call window,Get ahead of the Oct/Nov renewal rush; start ACER process now before ICRA backlog builds
Jawala Coke Pvt. Ltd.,TIER 3 — Junior RM / Tele-sales,Aug Wk4 (Aug 24-31),0.5,0,4.0,Other,BRICKWORK,October 2026,1,LOW,INC rating hits HOT threshold on 2026-10-04 — first call window,Get ahead of the Oct/Nov renewal rush; start ACER process now before BRICKWORK backlog builds
Kamakshi Oils Pvt. Ltd.,TIER 3 — Junior RM / Tele-sales,Aug Wk4 (Aug 24-31),0.5,0,5.0,Energy,ACUITE,October 2026,1,LOW,INC rating hits HOT threshold on 2026-11-23 — first call window,Get ahead of the Oct/Nov renewal rush; start ACER process now before ACUITE backlog builds
Katyayni Contractors Pvt. Ltd.,TIER 3 — Junior RM / Tele-sales,Aug Wk3 (Aug 17-21),0.5,0,4.0,Automobiles,BRICKWORK,October 2026,1,MEDIUM,INC rating hits ULTRA HOT threshold on 2026-10-17 — first call window,Get ahead of the Oct/Nov renewal rush; start ACER process now before BRICKWORK backlog builds
Kings Dehydrated Foods Pvt. Ltd.,TIER 3 — Junior RM / Tele-sales,Aug Wk4 (Aug 24-31),0.5,0,3.0,Agro & Food,BRICKWORK,October 2026,1,LOW,INC rating hits HOT threshold on 2026-11-17 — first call window,Get ahead of the Oct/Nov renewal rush; start ACER process now before BRICKWORK backlog builds
Kripa Anand Rishi Cellular Pvt. Ltd.,TIER 3 — Junior RM / Tele-sales,Aug Wk3 (Aug 17-21),0.5,0,5.0,Other,CRISIL,October 2026,1,MEDIUM,INC rating hits ULTRA HOT threshold on 2026-10-20 — first call window,Get ahead of the Oct/Nov renewal rush; start ACER process now before CRISIL backlog builds
Natraj Proteins Ltd.,TIER 3 — Junior RM / Tele-sales,Aug Wk3 (Aug 17-21),0.5,0,4.0,Other,BRICKWORK,October 2026,1,MEDIUM,INC rating hits ULTRA HOT threshold on 2026-11-20 — first call window,Get ahead of the Oct/Nov renewal rush; start ACER process now before BRICKWORK backlog builds
Nima Enterprises Pvt. Ltd.,TIER 3 — Junior RM / Tele-sales,Aug Wk4 (Aug 24-31),0.5,0,5.0,Other,ACUITE,October 2026,1,LOW,INC rating hits HOT threshold on 2026-10-31 — first call window,Get ahead of the Oct/Nov renewal rush; start ACER process now before ACUITE backlog builds
P S T S Heavy Lift & Shift Ltd.,TIER 3 — Junior RM / Tele-sales,Aug Wk4 (Aug 24-31),0.5,0,4.0,Other,BRICKWORK,Q2 2027,1,LOW (<90 days),"INC since Apr 2026 (88 days). MEDIUM by Oct 2026, HOT by Jan 2027, ULTRA HOT by Apr 2027.",Your Bank Guarantee at BRICKWORK hits ULTRA HOT in Apr 2027. Start ACER process by Jan 2027 to be ahead of Q2 2027 renewal rush.
Paramount Content Syndicators Pvt. Ltd.,TIER 3 — Junior RM / Tele-sales,Aug Wk4 (Aug 24-31),0.5,0,5.0,Other,ACUITE,Q1 2027,1,LOW/MEDIUM,INC rating hits ULTRA HOT on 2027-03-18 — prime Q1 2027 renewal target,Your Term Loan at ACUITE goes critical in Mar 2027. Start ACER process in Sep 2026 — before the Q1 rush.
R K B K Ltd.,TIER 3 — Junior RM / Tele-sales,Aug Wk4 (Aug 24-31),0.5,0,4.0,Other,ACUITE,October 2026,1,LOW,INC rating hits HOT threshold on 2026-11-07 — first call window,Get ahead of the Oct/Nov renewal rush; start ACER process now before ACUITE backlog builds
Radhakishan Agrotech Pvt. Ltd.,TIER 3 — Junior RM / Tele-sales,Aug Wk4 (Aug 24-31),0.5,0,5.0,Agro & Food,CRISIL,October 2026,1,LOW,INC rating hits HOT threshold on 2026-10-20 — first call window,Get ahead of the Oct/Nov renewal rush; start ACER process now before CRISIL backlog builds
Rajasthan Cylinders & Containers Ltd.,TIER 3 — Junior RM / Tele-sales,Aug Wk3 (Aug 17-21),0.5,0,4.0,Other,CRISIL,October 2026,1,MEDIUM,INC rating hits ULTRA HOT threshold on 2026-11-21 — first call window,Get ahead of the Oct/Nov renewal rush; start ACER process now before CRISIL backlog builds
Sahasra Electronics Pvt. Ltd.,TIER 3 — Junior RM / Tele-sales,Aug Wk4 (Aug 24-31),0.5,0,3.0,Other,ACUITE,October 2026,1,LOW,INC rating hits HOT threshold on 2026-10-30 — first call window,Get ahead of the Oct/Nov renewal rush; start ACER process now before ACUITE backlog builds
Shankara Vehicles Pvt. Ltd.,TIER 3 — Junior RM / Tele-sales,Aug Wk4 (Aug 24-31),0.5,0,5.0,Automobiles,ICRA,October 2026,1,LOW,INC rating hits HOT threshold on 2026-11-16 — first call window,Get ahead of the Oct/Nov renewal rush; start ACER process now before ICRA backlog builds
Shree Info System Solutions Pvt. Ltd.,TIER 3 — Junior RM / Tele-sales,Aug Wk4 (Aug 24-31),0.5,0,4.0,Other,ACUITE,Q1 2027,1,LOW/MEDIUM,INC rating hits ULTRA HOT on 2027-03-31 — prime Q1 2027 renewal target,Your Bank Guarantee at ACUITE goes critical in Mar 2027. Start ACER process in Sep 2026 — before the Q1 rush.
Shree Sita Ispat & Power Pvt. Ltd.,TIER 3 — Junior RM / Tele-sales,Aug Wk3 (Aug 17-21),0.5,0,5.0,Energy,CRISIL,October 2026,1,MEDIUM,INC rating hits ULTRA HOT threshold on 2026-10-17 — first call window,Get ahead of the Oct/Nov renewal rush; start ACER process now before CRISIL backlog builds
Sri Sahithi Spinning Mills Pvt. Ltd.,TIER 3 — Junior RM / Tele-sales,Aug Wk3 (Aug 17-21),0.5,0,5.0,Textiles,CRISIL,October 2026,1,MEDIUM,INC rating hits ULTRA HOT threshold on 2026-10-17 — first call window,Get ahead of the Oct/Nov renewal rush; start ACER process now before CRISIL backlog builds
Sudarshan Auto Electrical Components Pvt. Ltd.,TIER 3 — Junior RM / Tele-sales,Aug Wk4 (Aug 24-31),0.5,0,3.0,Manufacturing,BRICKWORK,October 2026,1,LOW,INC rating hits HOT threshold on 2026-11-10 — first call window,Get ahead of the Oct/Nov renewal rush; start ACER process now before BRICKWORK backlog builds
U V Exports Pvt. Ltd.,TIER 3 — Junior RM / Tele-sales,Aug Wk4 (Aug 24-31),0.49,0,5.0,Other,CARE,Q2 2027,1,LOW (<90 days),"INC since May 2026 (55 days). MEDIUM by Nov 2026, HOT by Feb 2027, ULTRA HOT by May 2027.",Your Term loans at CARE hits ULTRA HOT in May 2027. Start ACER process by Feb 2027 to be ahead of Q2 2027 renewal rush.
S S F Ltd.,TIER 3 — Junior RM / Tele-sales,Aug Wk3 (Aug 17-21),0.44,0,5.0,Other,ACUITE,October 2026,1,MEDIUM,INC rating hits ULTRA HOT threshold on 2026-10-01 — first call window,Get ahead of the Oct/Nov renewal rush; start ACER process now before ACUITE backlog builds
Polymech Components Pvt. Ltd.,TIER 3 — Junior RM / Tele-sales,Aug Wk4 (Aug 24-31),0.43,0,5.0,Manufacturing,CARE,October 2026,1,LOW,INC rating hits HOT threshold on 2026-11-21 — first call window,Get ahead of the Oct/Nov renewal rush; start ACER process now before CARE backlog builds
Saklecha Solventex Pvt. Ltd.,TIER 3 — Junior RM / Tele-sales,Aug Wk4 (Aug 24-31),0.43,0,5.0,Chemicals & Pharma,BRICKWORK,October 2026,1,LOW,INC rating hits HOT threshold on 2026-11-30 — first call window,Get ahead of the Oct/Nov renewal rush; start ACER process now before BRICKWORK backlog builds
Pharcos Speciality Ltd.,TIER 3 — Junior RM / Tele-sales,Aug Wk4 (Aug 24-31),0.42,0,5.0,Other,BRICKWORK,October 2026,1,LOW,INC rating hits HOT threshold on 2026-11-24 — first call window,Get ahead of the Oct/Nov renewal rush; start ACER process now before BRICKWORK backlog builds
Tanya Automobiles Pvt. Ltd.,TIER 3 — Junior RM / Tele-sales,Aug Wk4 (Aug 24-31),0.42,0,5.0,Automobiles,BRICKWORK,October 2026,1,LOW,INC rating hits HOT threshold on 2026-11-21 — first call window,Get ahead of the Oct/Nov renewal rush; start ACER process now before BRICKWORK backlog builds
I A Leather (India) Pvt. Ltd.,TIER 3 — Junior RM / Tele-sales,Aug Wk4 (Aug 24-31),0.4,0,3.0,Other,BRICKWORK,October 2026,1,LOW,INC rating hits HOT threshold on 2026-11-02 — first call window,Get ahead of the Oct/Nov renewal rush; start ACER process now before BRICKWORK backlog builds
Jindal Polybuttons Pvt. Ltd.,TIER 3 — Junior RM / Tele-sales,Aug Wk4 (Aug 24-31),0.4,0,3.0,Agro & Food,CRISIL,October 2026,1,LOW,INC rating hits HOT threshold on 2026-10-20 — first call window,Get ahead of the Oct/Nov renewal rush; start ACER process now before CRISIL backlog builds
Kisaan Die Tech Pvt. Ltd.,TIER 3 — Junior RM / Tele-sales,Aug Wk4 (Aug 24-31),0.4,0,5.0,IT/Technology,CRISIL,October 2026,1,LOW,INC rating hits HOT threshold on 2026-11-23 — first call window,Get ahead of the Oct/Nov renewal rush; start ACER process now before CRISIL backlog builds
M S R India Ltd.,TIER 3 — Junior RM / Tele-sales,Aug Wk4 (Aug 24-31),0.4,0,5.0,Other,CRISIL,Q2 2027,1,LOW (<90 days),"INC since Apr 2026 (66 days). MEDIUM by Oct 2026, HOT by Jan 2027, ULTRA HOT by Apr 2027.",Your Long term Loans at CRISIL hits ULTRA HOT in Apr 2027. Start ACER process by Jan 2027 to be ahead of Q2 2027 renewal rush.
Shri Shyam Iron & Power Pvt. Ltd.,TIER 3 — Junior RM / Tele-sales,Aug Wk3 (Aug 17-21),0.4,0,5.0,Steel & Metals,BRICKWORK,October 2026,1,MEDIUM,INC rating hits ULTRA HOT threshold on 2026-10-24 — first call window,Get ahead of the Oct/Nov renewal rush; start ACER process now before BRICKWORK backlog builds
Signet Garments Pvt. Ltd.,TIER 3 — Junior RM / Tele-sales,Aug Wk4 (Aug 24-31),0.4,0,5.0,Textiles,ACUITE,October 2026,1,LOW,INC rating hits HOT threshold on 2026-10-24 — first call window,Get ahead of the Oct/Nov renewal rush; start ACER process now before ACUITE backlog builds
Bhakra Service Station Pvt. Ltd.,TIER 3 — Junior RM / Tele-sales,Aug Wk4 (Aug 24-31),0.35,0,4.0,Other,BRICKWORK,October 2026,1,LOW,INC rating hits HOT threshold on 2026-11-17 — first call window,Get ahead of the Oct/Nov renewal rush; start ACER process now before BRICKWORK backlog builds
Digha Sea Food Exports Pvt. Ltd.,TIER 3 — Junior RM / Tele-sales,Aug Wk4 (Aug 24-31),0.35,0,4.0,Agro & Food,CRISIL,October 2026,1,LOW,INC rating hits HOT threshold on 2026-11-22 — first call window,Get ahead of the Oct/Nov renewal rush; start ACER process now before CRISIL backlog builds
German Polymers & Coatings Pvt. Ltd.,TIER 3 — Junior RM / Tele-sales,Aug Wk4 (Aug 24-31),0.35,0,4.0,Chemicals & Pharma,ACUITE,Q1 2027,1,LOW/MEDIUM,INC rating hits ULTRA HOT on 2027-03-31 — prime Q1 2027 renewal target,Your Bank Guarantee at ACUITE goes critical in Mar 2027. Start ACER process in Sep 2026 — before the Q1 rush.
Neo Pack Plast (India) Pvt. Ltd.,TIER 3 — Junior RM / Tele-sales,Aug Wk4 (Aug 24-31),0.35,0,3.0,Other,BRICKWORK,October 2026,1,LOW,INC rating hits HOT threshold on 2026-10-27 — first call window,Get ahead of the Oct/Nov renewal rush; start ACER process now before BRICKWORK backlog builds
Northern Motors Pvt. Ltd.,TIER 3 — Junior RM / Tele-sales,Aug Wk4 (Aug 24-31),0.35,0,5.0,Automobiles,CRISIL,October 2026,1,LOW,INC rating hits HOT threshold on 2026-11-20 — first call window,Get ahead of the Oct/Nov renewal rush; start ACER process now before CRISIL backlog builds
Sainath Knitex Pvt. Ltd.,TIER 3 — Junior RM / Tele-sales,Aug Wk4 (Aug 24-31),0.35,0,5.0,Textiles,CRISIL,October 2026,1,LOW,INC rating hits HOT threshold on 2026-10-24 — first call window,Get ahead of the Oct/Nov renewal rush; start ACER process now before CRISIL backlog builds
Godavari Edible Bran Oil Pvt. Ltd.,TIER 3 — Junior RM / Tele-sales,Aug Wk4 (Aug 24-31),0.32,0,5.0,Agro & Food,BRICKWORK,Q1 2027,1,LOW/MEDIUM,INC rating hits ULTRA HOT on 2027-03-12 — prime Q1 2027 renewal target,Your Term Loan at BRICKWORK goes critical in Mar 2027. Start ACER process in Sep 2026 — before the Q1 rush.
Gujral Roadways Pvt. Ltd.,TIER 3 — Junior RM / Tele-sales,Aug Wk3 (Aug 17-21),0.3,0,4.0,Construction,CARE,October 2026,1,MEDIUM,INC rating hits ULTRA HOT threshold on 2026-10-30 — first call window,Get ahead of the Oct/Nov renewal rush; start ACER process now before CARE backlog builds
Shree Ambica Agro Inds. Pvt. Ltd.,TIER 3 — Junior RM / Tele-sales,Aug Wk4 (Aug 24-31),0.27,0,5.0,Agro & Food,CARE,October 2026,1,LOW,INC rating hits HOT threshold on 2026-11-15 — first call window,Get ahead of the Oct/Nov renewal rush; start ACER process now before CARE backlog builds
Asthavinayak Motors Pvt. Ltd.,TIER 3 — Junior RM / Tele-sales,Aug Wk4 (Aug 24-31),0.25,0,4.0,Automobiles,CARE,October 2026,1,LOW,INC rating hits HOT threshold on 2026-11-01 — first call window,Get ahead of the Oct/Nov renewal rush; start ACER process now before CARE backlog builds
G C Threads Pvt. Ltd.,TIER 3 — Junior RM / Tele-sales,Aug Wk3 (Aug 17-21),0.25,0,4.0,Textiles,CARE,October 2026,1,MEDIUM,INC rating hits ULTRA HOT threshold on 2026-10-09 — first call window,Get ahead of the Oct/Nov renewal rush; start ACER process now before CARE backlog builds
R O C Foods Ltd.,TIER 3 — Junior RM / Tele-sales,Aug Wk3 (Aug 17-21),0.25,0,4.0,Agro & Food,BRICKWORK,October 2026,1,MEDIUM,INC rating hits ULTRA HOT threshold on 2026-11-28 — first call window,Get ahead of the Oct/Nov renewal rush; start ACER process now before BRICKWORK backlog builds
Spice Islands Inds. Ltd.,TIER 3 — Junior RM / Tele-sales,Aug Wk4 (Aug 24-31),0.2,0,3.0,Agro & Food,ICRA,October 2026,1,LOW,INC rating hits HOT threshold on 2026-11-02 — first call window,Get ahead of the Oct/Nov renewal rush; start ACER process now before ICRA backlog builds
Miryalguda Rice Inds. Pvt. Ltd.,TIER 3 — Junior RM / Tele-sales,Aug Wk4 (Aug 24-31),0.17,0,4.0,Agro & Food,CRISIL,Q1 2027,1,LOW/MEDIUM,INC rating hits ULTRA HOT on 2027-03-30 — prime Q1 2027 renewal target,Your Bank Guarantee at CRISIL goes critical in Mar 2027. Start ACER process in Sep 2026 — before the Q1 rush.
Arundhati Jewellers Pvt. Ltd.,TIER 3 — Junior RM / Tele-sales,Aug Wk4 (Aug 24-31),0.15,0,5.0,Jewellery,ACUITE,Q1 2027,1,LOW/MEDIUM,INC rating hits ULTRA HOT on 2026-12-30 — prime Q1 2027 renewal target,Your Term Loan at ACUITE goes critical in Dec 2026. Start ACER process in Sep 2026 — before the Q1 rush.
G G F Industries Pvt. Ltd.,TIER 3 — Junior RM / Tele-sales,Aug Wk4 (Aug 24-31),0.12,0,5.0,Manufacturing,BRICKWORK,October 2026,1,LOW,INC rating hits HOT threshold on 2026-11-22 — first call window,Get ahead of the Oct/Nov renewal rush; start ACER process now before BRICKWORK backlog builds
Kedar Metals Pvt. Ltd.,TIER 3 — Junior RM / Tele-sales,Aug Wk4 (Aug 24-31),0.12,0,5.0,Steel & Metals,ACUITE,Q1 2027,1,LOW/MEDIUM,INC rating hits ULTRA HOT on 2027-03-13 — prime Q1 2027 renewal target,Your Term Loan at ACUITE goes critical in Mar 2027. Start ACER process in Sep 2026 — before the Q1 rush.
Golden-Prince Wines India Pvt. Ltd.,TIER 3 — Junior RM / Tele-sales,Aug Wk4 (Aug 24-31),0.11,0,5.0,Jewellery/Gems,CARE,October 2026,1,LOW,INC rating hits HOT threshold on 2026-10-06 — first call window,Get ahead of the Oct/Nov renewal rush; start ACER process now before CARE backlog builds
A K E Exporter Pvt. Ltd.,TIER 3 — Junior RM / Tele-sales,Aug Wk3 (Aug 17-21),0.1,0,5.0,Logistics,CRISIL,October 2026,1,MEDIUM,INC rating hits ULTRA HOT threshold on 2026-11-12 — first call window,Get ahead of the Oct/Nov renewal rush; start ACER process now before CRISIL backlog builds
Ashavari Trading Pvt. Ltd.,TIER 3 — Junior RM / Tele-sales,Aug Wk4 (Aug 24-31),0.1,0,4.0,Other,ACUITE,Q1 2027,1,LOW/MEDIUM,INC rating hits ULTRA HOT on 2027-03-23 — prime Q1 2027 renewal target,Your Bank Guarantee at ACUITE goes critical in Mar 2027. Start ACER process in Sep 2026 — before the Q1 rush.
Banas Stones Pvt. Ltd.,TIER 3 — Junior RM / Tele-sales,Aug Wk3 (Aug 17-21),0.1,0,5.0,Construction,ICRA,October 2026,1,MEDIUM,INC rating hits ULTRA HOT threshold on 2026-11-19 — first call window,Get ahead of the Oct/Nov renewal rush; start ACER process now before ICRA backlog builds
Hema Dyeing & Printing Mills Pvt. Ltd.,TIER 3 — Junior RM / Tele-sales,Aug Wk4 (Aug 24-31),0.1,0,4.0,Agro & Food,CARE,Q1 2027,1,LOW/MEDIUM,INC rating hits ULTRA HOT on 2027-03-10 — prime Q1 2027 renewal target,Your Bank Guarantee at CARE goes critical in Mar 2027. Start ACER process in Sep 2026 — before the Q1 rush.
J F K International Ltd.,TIER 3 — Junior RM / Tele-sales,Aug Wk3 (Aug 17-21),0.1,0,5.0,Other,CRISIL,October 2026,1,MEDIUM,INC rating hits ULTRA HOT threshold on 2026-11-20 — first call window,Get ahead of the Oct/Nov renewal rush; start ACER process now before CRISIL backlog builds
Joshi Automobiles Pvt. Ltd.,TIER 3 — Junior RM / Tele-sales,Aug Wk4 (Aug 24-31),0.1,0,4.0,Automobiles,BRICKWORK,Q2 2027,1,LOW (<90 days),"INC since Apr 2026 (86 days). MEDIUM by Oct 2026, HOT by Jan 2027, ULTRA HOT by Apr 2027.",Your Bank Guarantee at BRICKWORK hits ULTRA HOT in Apr 2027. Start ACER process by Jan 2027 to be ahead of Q2 2027 renewal rush.
Sri Ramalingeswara Paper Products Pvt. Ltd.,TIER 3 — Junior RM / Tele-sales,Aug Wk4 (Aug 24-31),0.09,0,5.0,Paper/Packaging,BRICKWORK,October 2026,1,LOW,INC rating hits HOT threshold on 2026-10-26 — first call window,Get ahead of the Oct/Nov renewal rush; start ACER process now before BRICKWORK backlog builds
Kailash Rice & General Mills Pvt. Ltd.,TIER 3 — Junior RM / Tele-sales,Aug Wk4 (Aug 24-31),0.08,0,5.0,Agro & Food,CRISIL,Q1 2027,1,LOW/MEDIUM,INC rating hits ULTRA HOT on 2027-03-20 — prime Q1 2027 renewal target,Your Fund-Based at CRISIL goes critical in Mar 2027. Start ACER process in Sep 2026 — before the Q1 rush.
Satyarup Multi Trade Links India Pvt. Ltd.,TIER 3 — Junior RM / Tele-sales,Aug Wk4 (Aug 24-31),0.08,0,5.0,Paper/Packaging,CARE,October 2026,1,LOW,INC rating hits HOT threshold on 2026-10-25 — first call window,Get ahead of the Oct/Nov renewal rush; start ACER process now before CARE backlog builds
Abhushan Creations Pvt. Ltd.,TIER 3 — Junior RM / Tele-sales,Aug Wk4 (Aug 24-31),0.05,0,5.0,Other,CRISIL,October 2026,1,LOW,INC rating hits HOT threshold on 2026-11-07 — first call window,Get ahead of the Oct/Nov renewal rush; start ACER process now before CRISIL backlog builds
Jayakumari Logistics Pvt. Ltd.,TIER 3 — Junior RM / Tele-sales,Aug Wk3 (Aug 17-21),0.05,0,4.0,Logistics,BRICKWORK,October 2026,1,MEDIUM,INC rating hits ULTRA HOT threshold on 2026-11-28 — first call window,Get ahead of the Oct/Nov renewal rush; start ACER process now before BRICKWORK backlog builds
Shubh Rice Exports Pvt. Ltd.,TIER 3 — Junior RM / Tele-sales,Aug Wk3 (Aug 17-21),0.04,0,5.0,Agro & Food,CARE,October 2026,1,MEDIUM,INC rating hits ULTRA HOT threshold on 2026-11-19 — first call window,Get ahead of the Oct/Nov renewal rush; start ACER process now before CARE backlog builds
Green Field Material Handling Pvt. Ltd.,TIER 3 — Junior RM / Tele-sales,Aug Wk4 (Aug 24-31),0.01,0,5.0,Other,CARE,October 2026,1,LOW,INC rating hits HOT threshold on 2026-10-19 — first call window,Get ahead of the Oct/Nov renewal rush; start ACER process now before CARE backlog builds
Karnataka Handloom Devp. Corpn. Ltd.,TIER 3 — Junior RM / Tele-sales,Aug Wk4 (Aug 24-31),0.01,0,5.0,Other,ACUITE,October 2026,1,LOW,INC rating hits HOT threshold on 2026-11-09 — first call window,Get ahead of the Oct/Nov renewal rush; start ACER process now before ACUITE backlog builds
Libas Consumer Products Ltd.,TIER 3 — Junior RM / Tele-sales,Aug Wk3 (Aug 17-21),0.01,0,5.0,Manufacturing,CARE,October 2026,1,MEDIUM,INC rating hits ULTRA HOT threshold on 2026-10-17 — first call window,Get ahead of the Oct/Nov renewal rush; start ACER process now before CARE backlog builds
P C K Cotton Pvt. Ltd.,TIER 3 — Junior RM / Tele-sales,Aug Wk3 (Aug 17-21),0.01,0,4.0,Agro & Food,CRISIL,October 2026,1,MEDIUM,INC rating hits ULTRA HOT threshold on 2026-10-08 — first call window,Get ahead of the Oct/Nov renewal rush; start ACER process now before CRISIL backlog builds
Arora Aromatics Pvt. Ltd.,TIER 3 — Junior RM / Tele-sales,Aug Wk4 (Aug 24-31),0.0,0,4.0,Other,BRICKWORK,October 2026,1,LOW,INC rating hits HOT threshold on 2026-11-13 — first call window,Get ahead of the Oct/Nov renewal rush; start ACER process now before BRICKWORK backlog builds
Azad Ispat India Pvt. Ltd.,TIER 3 — Junior RM / Tele-sales,Aug Wk4 (Aug 24-31),0.0,0,3.0,Other,BRICKWORK,Q1 2027,1,LOW/MEDIUM,INC rating hits ULTRA HOT on 2027-03-20 — prime Q1 2027 renewal target,Your Letter of Credit at BRICKWORK goes critical in Mar 2027. Start ACER process in Sep 2026 — before the Q1 rush.
D S G Papers Pvt. Ltd.,TIER 3 — Junior RM / Tele-sales,Aug Wk3 (Aug 17-21),0.0,0,4.0,Paper/Packaging,CARE,October 2026,1,MEDIUM,INC rating hits ULTRA HOT threshold on 2026-11-11 — first call window,Get ahead of the Oct/Nov renewal rush; start ACER process now before CARE backlog builds
Dodhia Industries Ltd.,TIER 3 — Junior RM / Tele-sales,Aug Wk3 (Aug 17-21),0.0,0,4.0,Manufacturing,CARE,October 2026,1,MEDIUM,INC rating hits ULTRA HOT threshold on 2026-11-07 — first call window,Get ahead of the Oct/Nov renewal rush; start ACER process now before CARE backlog builds
G S Auto International Ltd.,TIER 3 — Junior RM / Tele-sales,Aug Wk3 (Aug 17-21),0.0,0,4.0,Automobiles,CARE,October 2026,1,MEDIUM,INC rating hits ULTRA HOT threshold on 2026-10-17 — first call window,Get ahead of the Oct/Nov renewal rush; start ACER process now before CARE backlog builds
Greenergy Wind Corpn. Pvt. Ltd.,TIER 3 — Junior RM / Tele-sales,Aug Wk3 (Aug 17-21),0.0,0,5.0,Energy,CARE,October 2026,1,MEDIUM,INC rating hits ULTRA HOT threshold on 2026-10-07 — first call window,Get ahead of the Oct/Nov renewal rush; start ACER process now before CARE backlog builds
Magnum Sea Foods Ltd.,TIER 3 — Junior RM / Tele-sales,Aug Wk3 (Aug 17-21),0.0,0,4.0,Agro & Food,CARE,October 2026,1,MEDIUM,INC rating hits ULTRA HOT threshold on 2026-11-27 — first call window,Get ahead of the Oct/Nov renewal rush; start ACER process now before CARE backlog builds
Primus Global Technologies Pvt. Ltd.,TIER 3 — Junior RM / Tele-sales,Aug Wk3 (Aug 17-21),0.0,0,4.0,IT/Technology,BRICKWORK,October 2026,1,MEDIUM,INC rating hits ULTRA HOT threshold on 2026-11-17 — first call window,Get ahead of the Oct/Nov renewal rush; start ACER process now before BRICKWORK backlog builds
Proodle Hospitality Services Pvt. Ltd.,TIER 3 — Junior RM / Tele-sales,Aug Wk4 (Aug 24-31),0.0,0,4.0,Healthcare,CARE,October 2026,1,LOW,INC rating hits HOT threshold on 2026-11-16 — first call window,Get ahead of the Oct/Nov renewal rush; start ACER process now before CARE backlog builds
Relay Express Pvt. Ltd.,TIER 3 — Junior RM / Tele-sales,Aug Wk4 (Aug 24-31),0.0,0,4.0,Other,CARE,October 2026,1,LOW,INC rating hits HOT threshold on 2026-11-16 — first call window,Get ahead of the Oct/Nov renewal rush; start ACER process now before CARE backlog builds
Simha Motors Pvt. Ltd.,TIER 3 — Junior RM / Tele-sales,Aug Wk3 (Aug 17-21),0.0,0,4.0,Automobiles,CARE,October 2026,1,MEDIUM,INC rating hits ULTRA HOT threshold on 2026-11-27 — first call window,Get ahead of the Oct/Nov renewal rush; start ACER process now before CARE backlog builds
Skanray Technologies Ltd.,TIER 3 — Junior RM / Tele-sales,Aug Wk4 (Aug 24-31),0.0,0,5.0,IT/Technology,ICRA,October 2026,1,LOW,INC rating hits HOT threshold on 2026-11-22 — first call window,Get ahead of the Oct/Nov renewal rush; start ACER process now before ICRA backlog builds
Suditi Industries Ltd.,TIER 3 — Junior RM / Tele-sales,Aug Wk4 (Aug 24-31),0.0,0,3.0,Manufacturing,CARE,October 2026,1,LOW,INC rating hits HOT threshold on 2026-10-26 — first call window,Get ahead of the Oct/Nov renewal rush; start ACER process now before CARE backlog builds
Swastik Oil Refinery Pvt. Ltd.,TIER 3 — Junior RM / Tele-sales,Aug Wk4 (Aug 24-31),0.0,0,4.0,Other,CARE,Q2 2027,1,LOW (<90 days),"INC since Apr 2026 (59 days). MEDIUM by Oct 2026, HOT by Jan 2027, ULTRA HOT by Apr 2027.",Your Bank Guarantee at CARE hits ULTRA HOT in Apr 2027. Start ACER process by Jan 2027 to be ahead of Q2 2027 renewal rush.
