Company,Current_Rater,Instruments,Rating,Latest_Rating_Date,Days_Since_Latest,Urgency,Is_INC,INC_Agencies,Amount_Cr,Data_Source,Sector,Also_in_Infomerics,Also_in_D365,INC_Status,Why_Target,ACER_Pitch,Multi_Agency
Counto Metals & Mining Company Limited (CMMCL),Infomerics,Fund Based Facilities | Long Term Debt- Term Loan,IVR B (Reaffirmed and withdrawn),2018-12-17,2745.0,ULTRA HOT,False,,Rs. 4.73 cr. | Rs. 5.27 Cr.,Infomerics,Steel & Metals,,NO,Active,365+ days overdue — most urgent,"As an active steel company rated by Infomerics, ACER can offer competitive pricing and faster turnaround for your next rating cycle.",NO
Electrosteel Castings Limited,Infomerics,Outstanding Non-Convertible Debentures (NCD) - Series VI,IVR A (Withdrawn),2019-05-29,2582.0,ULTRA HOT,False,,Rs. 27.00 Cr.,Infomerics,Steel & Metals,,NO,Active,365+ days overdue — most urgent,"As an active steel company rated by Infomerics, ACER can offer competitive pricing and faster turnaround for your next rating cycle.",NO
Ganpati Sponge Iron Private Limited,Infomerics,Long Term Fund Based Facility - Cash Credit | Long Term Fund Based Facility - Term Loan,IVR BB+ (Assigned and Withdran),2021-06-11,1838.0,ULTRA HOT,False,,Rs. 13.50 Cr. (including sub limit Inland Letter of Credit of Rs. 2.50 crore) | Rs. 1.50 Cr.,Infomerics,Steel & Metals,,NO,Active,365+ days overdue — most urgent,"As an active steel company rated by Infomerics, ACER can offer competitive pricing and faster turnaround for your next rating cycle.",YES
Deccan Ferro Alloys Private Limited,Infomerics,Long Term Fund Based Facility | Short Term Bank Facilities,IVR BB+ (INC)(Reaffirmed and Withdrawn),2022-01-08,1627.0,ULTRA HOT,True,Infomerics,Rs. 15.00 Cr. | Rs. 30.00 Cr.,Infomerics,Steel & Metals,,NO,INC,INC at Infomerics | 365+ days overdue — most urgent,Your steel company's rating at Infomerics has been INC for 1627.0 days. ACER specializes in steel sector — we can provide an active credit rating in 21 days.,YES
NRVS Steels Limited,Infomerics,Long Term Bank Facilities,IVR BB+ (INC)(Reaffirmed and Withdrawn),2022-04-29,1516.0,ULTRA HOT,True,Infomerics,Rs. 47.91 Cr.,Infomerics,Steel & Metals,,NO,INC,INC at Infomerics | 365+ days overdue — most urgent,Your steel company's rating at Infomerics has been INC for 1516.0 days. ACER specializes in steel sector — we can provide an active credit rating in 21 days.,NO
New Laxmi Steel and Power Private Limited,Infomerics,Long Term Bank Facilities,IVR BBB- (Reaffirmed & Withdrawn),2022-07-18,1436.0,ULTRA HOT,False,,Rs. 56.49 Cr.,Infomerics,Steel & Metals,,NO,Active,365+ days overdue — most urgent,"As an active steel company rated by Infomerics, ACER can offer competitive pricing and faster turnaround for your next rating cycle.",NO
Eloquent Steels Private Limited,Infomerics,Long term Bank Facilities | Short term Bank Facilities,IVR BB (CE) Under Issuer Not Cooperating Category (Reaffirmed and Withdrawn),2022-07-27,1427.0,ULTRA HOT,False,,Rs. 65.00 Cr. | Rs. 25.00 Cr.,Infomerics,Steel & Metals,,NO,Active,365+ days overdue — most urgent,"As an active steel company rated by Infomerics, ACER can offer competitive pricing and faster turnaround for your next rating cycle.",NO
Bravo Sponge Iron Private Limited,Infomerics,Long Term Bank Facilities | Short Term Bank Facilities,IVR BB+ (INC)(Reaffirmed and Withdrawn),2022-11-17,1314.0,ULTRA HOT,True,Infomerics,Rs. 167.29 Cr. | Rs. 40.50 Cr.,Infomerics,Steel & Metals,,NO,INC,INC at Infomerics | 365+ days overdue — most urgent,Your steel company's rating at Infomerics has been INC for 1314.0 days. ACER specializes in steel sector — we can provide an active credit rating in 21 days.,YES
Rebanta Steels Private Limited,Infomerics,Bank Facilities,IVR BB- (INC)(Withdrawn),2022-11-18,1313.0,ULTRA HOT,True,Infomerics,Rs. 40.00 Cr.,Infomerics,Steel & Metals,,NO,INC,INC at Infomerics | 365+ days overdue — most urgent,Your steel company's rating at Infomerics has been INC for 1313.0 days. ACER specializes in steel sector — we can provide an active credit rating in 21 days.,NO
Agarwal Induction Furnace Pvt. Ltd,Infomerics,Long Term Bank Facilities | Short Term Bank Facilities,Withdrawn,2023-01-25,1245.0,ULTRA HOT,False,,-,Infomerics,Steel & Metals,,NO,Active,365+ days overdue — most urgent,"As an active steel company rated by Infomerics, ACER can offer competitive pricing and faster turnaround for your next rating cycle.",NO
VRKP Steel Industries Private Limited,Infomerics,Long Term Bank Facilities,Withdrawn,2023-01-25,1245.0,ULTRA HOT,False,,-,Infomerics,Steel & Metals,,NO,Active,365+ days overdue — most urgent,"As an active steel company rated by Infomerics, ACER can offer competitive pricing and faster turnaround for your next rating cycle.",NO
Mili Steels Private Limited (MSPL),Infomerics,Long Term Bank Facilities | Short Term Bank Facilities,IVR BB- (Reaffirmed and Withdrawn),2023-02-07,1232.0,ULTRA HOT,False,,Rs. 20.58 Cr. | Rs. 8.00 Cr.,Infomerics,Steel & Metals,,NO,Active,365+ days overdue — most urgent,"As an active steel company rated by Infomerics, ACER can offer competitive pricing and faster turnaround for your next rating cycle.",NO
Manaksia Coated Metals & Industries Limited,Infomerics,Long Term Bank Facilities,IVR BB+ (INC)(Reaffirmed and Withdrawn),2023-04-18,1162.0,ULTRA HOT,True,Infomerics,Rs. 15.00 Cr.,Infomerics,Steel & Metals,,NO,INC,INC at Infomerics | 365+ days overdue — most urgent,Your steel company's rating at Infomerics has been INC for 1162.0 days. ACER specializes in steel sector — we can provide an active credit rating in 21 days.,YES
Rama Power and Steel Private Limited,Infomerics,Long Term Bank Facilities,Withdrawn,2023-04-27,1153.0,ULTRA HOT,False,,Rs. 20.00 Cr.,Infomerics,Steel & Metals,,NO,Active,365+ days overdue — most urgent,"As an active steel company rated by Infomerics, ACER can offer competitive pricing and faster turnaround for your next rating cycle.",NO
SKA Steel & Power Private Limited,Infomerics,Long Term Bank Facilities,IVR B+ (INC)(Reaffirmed & Withdrawn),2023-05-30,1120.0,ULTRA HOT,True,Infomerics,Rs. 68.00 Cr.,Infomerics,Steel & Metals,,NO,INC,INC at Infomerics | 365+ days overdue — most urgent,Your steel company's rating at Infomerics has been INC for 1120.0 days. ACER specializes in steel sector — we can provide an active credit rating in 21 days.,NO
Laxcon Steels Limited,Infomerics,Long Term Bank Facilities | Short Term Bank Facilities,IVR A- (Reaffirmed and Withdrawn),2023-06-12,1107.0,ULTRA HOT,False,,Rs. 167.25 Cr. | Rs. 90.00 Cr.,Infomerics,Steel & Metals,,NO,Active,365+ days overdue — most urgent,"As an active steel company rated by Infomerics, ACER can offer competitive pricing and faster turnaround for your next rating cycle.",NO
RKSK Steel India Private Limited,Infomerics,Long Term Bank Facilities,Withdrawn,2023-08-09,1049.0,ULTRA HOT,False,,-,Infomerics,Steel & Metals,,NO,Active,365+ days overdue — most urgent,"As an active steel company rated by Infomerics, ACER can offer competitive pricing and faster turnaround for your next rating cycle.",NO
Shivalik Power & Steel Private Limited,Infomerics,Long Term Bank Facilities,Withdrawn,2023-09-28,999.0,ULTRA HOT,False,,-,Infomerics,Steel & Metals,,NO,Active,365+ days overdue — most urgent,"As an active steel company rated by Infomerics, ACER can offer competitive pricing and faster turnaround for your next rating cycle.",NO
AIC Iron Industries Private Limited,Infomerics,Long Term Bank Facilities | Short Term Bank Facilities,IVR A- (Reaffirmed and Withdrawn),2023-10-16,981.0,ULTRA HOT,False,,Rs. 127.52 Cr. | Rs. 11.75 Cr.,Infomerics,Steel & Metals,,NO,Active,365+ days overdue — most urgent,"As an active steel company rated by Infomerics, ACER can offer competitive pricing and faster turnaround for your next rating cycle.",NO
Gagan Ferrotech Limited,Infomerics,Long Term Bank Facilities | Short Term Bank Facilities,IVR BB (INC)(Reaffirmed & Withdrawn),2023-10-19,978.0,ULTRA HOT,True,Infomerics,Rs. 210.72 CR. | Rs. 93.75 Cr.,Infomerics,Steel & Metals,,NO,INC,INC at Infomerics | 365+ days overdue — most urgent,Your steel company's rating at Infomerics has been INC for 978.0 days. ACER specializes in steel sector — we can provide an active credit rating in 21 days.,NO
Giriraj Iron Limited,Infomerics,Long Term Fund based facilities Cash Credit | Long Term/ Short Term Fund based/ Non-Fund based facilities Letter of Credit,Withdrawn,2024-02-16,858.0,ULTRA HOT,False,,0.00 (Previously Rs. 20.00 Cr.) | 0.00 (Previously Rs.15.00 Cr.),Infomerics,Steel & Metals,,NO,Active,365+ days overdue — most urgent,"As an active steel company rated by Infomerics, ACER can offer competitive pricing and faster turnaround for your next rating cycle.",NO
Shabro Metallics Private Limited,Infomerics,Long Term Bank Facilities | Short Term Bank Facilities,IVR BBB- (Reaffirmed and Withdrawn),2024-08-02,690.0,ULTRA HOT,False,,Rs. 8.00 Cr. | Rs. 22.00 Cr.,Infomerics,Steel & Metals,,NO,Active,365+ days overdue — most urgent,"As an active steel company rated by Infomerics, ACER can offer competitive pricing and faster turnaround for your next rating cycle.",NO
Kashmir Steel Rolling Mills,Infomerics,Long Term Bank Facilities,IVR BBB- (Assigned),2024-08-16,676.0,ULTRA HOT,False,,Rs. 74.64 Cr.,Infomerics,Steel & Metals,,NO,Active,365+ days overdue — most urgent,"As an active steel company rated by Infomerics, ACER can offer competitive pricing and faster turnaround for your next rating cycle.",NO
Matsyodari Steel And Alloy Private Limited,Infomerics,Long Term Bank Facilities - Cash Credit | Long Term Bank Facilities - Term Loans | Short Term Facilities - Bank Guarantee,IVR BBB- (Reaffirmed & Withdrawn),2024-10-03,628.0,ULTRA HOT,False,,Rs. 40.00 Cr. | Rs. 75.00 Cr.,Infomerics,Steel & Metals,,NO,Active,365+ days overdue — most urgent,"As an active steel company rated by Infomerics, ACER can offer competitive pricing and faster turnaround for your next rating cycle.",NO
Hariom Ingots and Power Private Limited,Infomerics,Long Term Bank Facilities | Short Term Bank Facilities,IVR BB+ (Downgraded),2024-12-03,567.0,ULTRA HOT,False,,Rs. 26.50 Cr. (enhanced from Rs. 25.61 Cr.) | Rs. 7.00 Cr.,Infomerics,Steel & Metals,,NO,Active,365+ days overdue — most urgent,"As an active steel company rated by Infomerics, ACER can offer competitive pricing and faster turnaround for your next rating cycle.",NO
Kedsati Iron & Steel Private Limited,Infomerics,Long Term Bank Facilities | Long Term/ Short Term Bank Facilities,Withdrawn,2024-12-06,564.0,ULTRA HOT,False,,-,Infomerics,Steel & Metals,,NO,Active,365+ days overdue — most urgent,"As an active steel company rated by Infomerics, ACER can offer competitive pricing and faster turnaround for your next rating cycle.",NO
Saatvik Ferro Limited,Infomerics,Long Term/ Short Term Bank Facility | Short Term Bank Facility,IVR BB+/IVR A4+; (INC)(Downgraded),2024-12-27,543.0,ULTRA HOT,True,Infomerics,Rs. 15.00 Cr. | Rs. 10.00 Cr. (includes proposed limit of Rs. 10.00 Cr.),Infomerics,Steel & Metals,,NO,INC,INC at Infomerics | 365+ days overdue — most urgent,Your steel company's rating at Infomerics has been INC for 543.0 days. ACER specializes in steel sector — we can provide an active credit rating in 21 days.,NO
Rayalaseema Steel Re Rolling Mills Private Limited,Infomerics,Long Term Bank Facilities | Short Term Bank Facility,IVR B+ (INC)(Downgraded),2024-12-31,539.0,ULTRA HOT,True,Infomerics,Rs. 45.75 Cr. | Rs. 3.00 Cr.,Infomerics,Steel & Metals,,NO,INC,INC at Infomerics | 365+ days overdue — most urgent,Your steel company's rating at Infomerics has been INC for 539.0 days. ACER specializes in steel sector — we can provide an active credit rating in 21 days.,NO
Paavan Steel Tech Private Limited,Infomerics,Long Term Facilities | Short Term Facilities,IVR BBB- (Assigned),2025-01-01,538.0,ULTRA HOT,False,,Rs. 61.80 Cr. | Rs. 3.00 Cr.,Infomerics,Steel & Metals,,NO,Active,365+ days overdue — most urgent,"As an active steel company rated by Infomerics, ACER can offer competitive pricing and faster turnaround for your next rating cycle.",NO
Jay Bharat Steel Corporation,Infomerics,Long Term Bank Facility | Short Term Bank Facility,IVR BBB- (Assigned),2025-01-03,536.0,ULTRA HOT,False,,Rs. 40.00 Cr. | Rs. 85.00 Cr.,Infomerics,Steel & Metals,,NO,Active,365+ days overdue — most urgent,"As an active steel company rated by Infomerics, ACER can offer competitive pricing and faster turnaround for your next rating cycle.",NO
Om Shree Rupesh Steel Private Limited,Infomerics,Long Term Bank Facilities,IVR BBB (Assigned),2025-01-03,536.0,ULTRA HOT,False,,Rs. 48.25 Cr.,Infomerics,Steel & Metals,,NO,Active,365+ days overdue — most urgent,"As an active steel company rated by Infomerics, ACER can offer competitive pricing and faster turnaround for your next rating cycle.",YES
Zeon Steel Private Limited,Infomerics,Long Term Bank Facilities,IVR BBB (Assigned),2025-01-03,536.0,ULTRA HOT,False,,Rs. 10.75 Cr.,Infomerics,Steel & Metals,,NO,Active,365+ days overdue — most urgent,"As an active steel company rated by Infomerics, ACER can offer competitive pricing and faster turnaround for your next rating cycle.",NO
Mono Steel India Limited,Infomerics,Long Term Bank Facilities | Short Term Bank Facilities,IVR BBB+ (Reaffirmed),2025-01-06,533.0,ULTRA HOT,False,,Rs. 142.00 Cr. (Enhanced from Rs. 52.00 Crore) | Rs. 188.00 Cr.,Infomerics,Steel & Metals,,NO,Active,365+ days overdue — most urgent,"As an active steel company rated by Infomerics, ACER can offer competitive pricing and faster turnaround for your next rating cycle.",NO
Inalco Metal Private Limited,Infomerics,Long Term Bank Facilities,IVR BBB (Assigned),2025-01-08,531.0,ULTRA HOT,False,,Rs. 50.00 Cr.,Infomerics,Steel & Metals,,NO,Active,365+ days overdue — most urgent,"As an active steel company rated by Infomerics, ACER can offer competitive pricing and faster turnaround for your next rating cycle.",NO
Tirupati Steel Enterprises,Infomerics,Long-Term Bank Facilities,IVR BBB- (Upgraded),2025-01-14,525.0,ULTRA HOT,False,,Rs. 55.50 Cr.,Infomerics,Steel & Metals,,NO,Active,365+ days overdue — most urgent,"As an active steel company rated by Infomerics, ACER can offer competitive pricing and faster turnaround for your next rating cycle.",NO
Geetai Steels Private Limited,Infomerics,Long Term Bank Facilities | Long Term Bank Facilities - Proposed | Short Term Bank Facilities,IVR BBB (Assigned),2025-01-21,518.0,ULTRA HOT,False,,Rs. 180.18 Cr. | Rs. 30.00 Cr.,Infomerics,Steel & Metals,,NO,Active,365+ days overdue — most urgent,"As an active steel company rated by Infomerics, ACER can offer competitive pricing and faster turnaround for your next rating cycle.",NO
Surya Ferrous Alloys Private Limited,Infomerics,Long Term Bank Facilities | Proposed Short Term Bank Facilities | Short Term Bank Facilities,IVR BBB- (Reaffirmed),2025-01-21,518.0,ULTRA HOT,False,,Rs. 42.47 Cr. | Rs. 9.94 Cr.,Infomerics,Steel & Metals,,NO,Active,365+ days overdue — most urgent,"As an active steel company rated by Infomerics, ACER can offer competitive pricing and faster turnaround for your next rating cycle.",NO
Balu Iron & Steel Company,Infomerics,Long Term Bank Facilities | Long Term/ Short Term Bank Facilities,IVR B+ (INC)(Downgraded),2025-01-27,512.0,ULTRA HOT,True,Infomerics,Rs. 126.33 Cr. | Rs. 0.91 Cr.,Infomerics,Steel & Metals,,NO,INC,INC at Infomerics | 365+ days overdue — most urgent,Your steel company's rating at Infomerics has been INC for 512.0 days. ACER specializes in steel sector — we can provide an active credit rating in 21 days.,NO
D.M. Metalloys Private Limited,Infomerics,Long Term Bank Facilities- Cash Credit | Long Term Bank Facilities- GECL | Long Term Bank Facilities- OD against FD,IVR BBB- (Assigned),2025-01-27,512.0,ULTRA HOT,False,,Rs. 48.00 Cr. | Rs. 0.76 Cr.,Infomerics,Steel & Metals,,NO,Active,365+ days overdue — most urgent,"As an active steel company rated by Infomerics, ACER can offer competitive pricing and faster turnaround for your next rating cycle.",NO
MSR Iron and Steel Industries India Private Limited,Infomerics,Long Term Bank Facilities,IVR B+ (INC)(Downgraded),2025-01-27,512.0,ULTRA HOT,True,Infomerics,Rs. 30.00 Cr.,Infomerics,Steel & Metals,,NO,INC,INC at Infomerics | 365+ days overdue — most urgent,Your steel company's rating at Infomerics has been INC for 512.0 days. ACER specializes in steel sector — we can provide an active credit rating in 21 days.,NO
Metalfab Hightech Private Limited,Infomerics,Long Term Bank Facilities | Short Term Bank Facilities,IVR D (INC)(Reaffirmed),2025-01-27,512.0,ULTRA HOT,True,Infomerics,Rs. 59.61 Cr. | Rs. 50.00 Cr.,Infomerics,Steel & Metals,,NO,INC,INC at Infomerics | 365+ days overdue — most urgent,Your steel company's rating at Infomerics has been INC for 512.0 days. ACER specializes in steel sector — we can provide an active credit rating in 21 days.,NO
Faridabad Steel Mongers Private Limited,Infomerics,Long Term Bank Facilities,IVR BBB (Reaffirmed),2025-01-30,509.0,ULTRA HOT,False,,Rs. 80.89 Cr.,Infomerics,Steel & Metals,,NO,Active,365+ days overdue — most urgent,"As an active steel company rated by Infomerics, ACER can offer competitive pricing and faster turnaround for your next rating cycle.",NO
GBR Metals Private Limited,Infomerics,Long Term Facilities,IVR BBB- (Reaffirmed),2025-01-30,509.0,ULTRA HOT,False,,Rs. 72.78 Cr. (Enhanced from Rs. 57.00 Crore),Infomerics,Steel & Metals,,NO,Active,365+ days overdue — most urgent,"As an active steel company rated by Infomerics, ACER can offer competitive pricing and faster turnaround for your next rating cycle.",NO
Ramesh Iron & Steel Company India Private Limited,Infomerics,Long Term Bank Facilities,IVR B+ (INC)(Downgraded),2025-01-31,508.0,ULTRA HOT,True,Infomerics,Rs. 106.00 Cr.,Infomerics,Steel & Metals,,NO,INC,INC at Infomerics | 365+ days overdue — most urgent,Your steel company's rating at Infomerics has been INC for 508.0 days. ACER specializes in steel sector — we can provide an active credit rating in 21 days.,YES
Amex Alloys Private Limited,Infomerics,Long Term Fund Based Facilities | Proposed Long Term Fund Based Facilities,IVR BBB- (Assigned),2025-02-05,503.0,ULTRA HOT,False,,Rs. 27.50 Cr. | Rs. 15.00 Cr.,Infomerics,Steel & Metals,,NO,Active,365+ days overdue — most urgent,"As an active steel company rated by Infomerics, ACER can offer competitive pricing and faster turnaround for your next rating cycle.",NO
Rashmi Sponge Iron And Power Industries Private Limited,Infomerics,Long Term Bank Facilities | Short Term Bank Facilities,IVR BBB+ (Upgraded),2025-02-05,503.0,ULTRA HOT,False,,Rs. 59.25 Cr. | Rs. 15.00 Cr.,Infomerics,Steel & Metals,,NO,Active,365+ days overdue — most urgent,"As an active steel company rated by Infomerics, ACER can offer competitive pricing and faster turnaround for your next rating cycle.",YES
Sky Alloys and Power Limited,Infomerics,Long Term Bank Facilities | Short Term Bank Facilities,IVR A- (Reaffirmed)(Withdrawn),2025-02-10,498.0,ULTRA HOT,False,,Rs. 153.04 Cr. | Rs. 51.96 Cr.,Infomerics,Steel & Metals,,NO,Active,365+ days overdue — most urgent,"As an active steel company rated by Infomerics, ACER can offer competitive pricing and faster turnaround for your next rating cycle.",NO
Ghankun Steels Private Limited,Infomerics,Long Term Bank Facilities | Short Term Bank Facilities,IVR A- (Assigned),2025-02-14,494.0,ULTRA HOT,False,,Rs. 37.81 Cr. | Rs. 47.00 Cr.,Infomerics,Steel & Metals,,NO,Active,365+ days overdue — most urgent,"As an active steel company rated by Infomerics, ACER can offer competitive pricing and faster turnaround for your next rating cycle.",NO
Maruti Ferrous Private Limited,Infomerics,Long Term Bank Facilities,IVR A- (Assigned),2025-02-14,494.0,ULTRA HOT,False,,Rs. 38.96 Cr.,Infomerics,Steel & Metals,,NO,Active,365+ days overdue — most urgent,"As an active steel company rated by Infomerics, ACER can offer competitive pricing and faster turnaround for your next rating cycle.",NO
National Steel Company,Infomerics,Long Term Bank Facilities,IVR B+ (INC)(Downgraded),2025-02-17,491.0,ULTRA HOT,True,Infomerics,Rs. 30.20 Cr.,Infomerics,Steel & Metals,,NO,INC,INC at Infomerics | 365+ days overdue — most urgent,Your steel company's rating at Infomerics has been INC for 491.0 days. ACER specializes in steel sector — we can provide an active credit rating in 21 days.,NO
Gasha Steels Private Limited,Infomerics,Long Term Facilities | Short Term Facilities,IVR BBB- (Assigned),2025-02-18,490.0,ULTRA HOT,False,,Rs. 4.20 Cr. | Rs. 15.00 Cr.,Infomerics,Steel & Metals,,NO,Active,365+ days overdue — most urgent,"As an active steel company rated by Infomerics, ACER can offer competitive pricing and faster turnaround for your next rating cycle.",NO
Rajasthan Metals,Infomerics,Long Term Bank Facilities | Short Term Bank Facility,IVR B+ (INC)(Downgraded),2025-02-18,490.0,ULTRA HOT,True,Infomerics,Rs. 6.00 Cr. | Rs. 14.00 Cr.,Infomerics,Steel & Metals,,NO,INC,INC at Infomerics | 365+ days overdue — most urgent,Your steel company's rating at Infomerics has been INC for 490.0 days. ACER specializes in steel sector — we can provide an active credit rating in 21 days.,NO
Thieh Ingots Private Limited,Infomerics,Long Term Facilities | Short Term Facilities,IVR BBB- (Assigned),2025-02-18,490.0,ULTRA HOT,False,,Rs. 5.13 Cr. | Rs. 10.00 Cr.,Infomerics,Steel & Metals,,NO,Active,365+ days overdue — most urgent,"As an active steel company rated by Infomerics, ACER can offer competitive pricing and faster turnaround for your next rating cycle.",NO
Nandana Metals and Mining Limited,Infomerics,Long Term Fund-Based Bank Facilities | Long Term Fund-Based Bank Facilities - Proposed,IVR BBB- (Assigned),2025-02-19,489.0,ULTRA HOT,False,,Rs. 25.00 Cr.,Infomerics,Steel & Metals,,NO,Active,365+ days overdue — most urgent,"As an active steel company rated by Infomerics, ACER can offer competitive pricing and faster turnaround for your next rating cycle.",NO
Manaksia Aluminium Company Limited,Infomerics,Long Term Bank Facilities | Long Term/Short Term Bank Facilities | Short Term Bank Facilities,IVR BBB+ (Reaffirmed),2025-02-25,483.0,ULTRA HOT,False,,Rs. 63.15 Cr. | Rs. 100.50 Cr.,Infomerics,Steel & Metals,,NO,Active,365+ days overdue — most urgent,"As an active steel company rated by Infomerics, ACER can offer competitive pricing and faster turnaround for your next rating cycle.",NO
Animesh Steel and Power Private Limited,Infomerics,Long Term Bank Facilities,IVR BBB (Assigned),2025-02-28,480.0,ULTRA HOT,False,,Rs. 160.00 Cr.,Infomerics,Steel & Metals,,NO,Active,365+ days overdue — most urgent,"As an active steel company rated by Infomerics, ACER can offer competitive pricing and faster turnaround for your next rating cycle.",NO
J B Rolling Mills Limited,Infomerics,Long Term Bank Facilities- Cash Credit | Long Term Bank Facilities- GECL | Long Term Bank Facilities- GECL/Term Loan/ Corporate Loan/ Cash Credit,IVR BBB (Reaffirmed),2025-03-04,476.0,ULTRA HOT,False,,Rs. 78.07 Cr. | Rs. 10.00 Cr.,Infomerics,Steel & Metals,,NO,Active,365+ days overdue — most urgent,"As an active steel company rated by Infomerics, ACER can offer competitive pricing and faster turnaround for your next rating cycle.",YES
Vakrangee Metal and Minerals Private Limited,Infomerics,Long Term Bank Facilities,IVR BBB- (Assigned),2025-03-04,476.0,ULTRA HOT,False,,Rs. 98.43 Cr.,Infomerics,Steel & Metals,,NO,Active,365+ days overdue — most urgent,"As an active steel company rated by Infomerics, ACER can offer competitive pricing and faster turnaround for your next rating cycle.",NO
Saru Silver Alloys Private Limited,Infomerics,Long Term Bank Facilities | Short Term Bank Facilities,IVR BBB+ (Upgraded),2025-03-06,474.0,ULTRA HOT,False,,(Rs. 5.50 Cr.) | Rs. 22.00 Cr.,Infomerics,Steel & Metals,,NO,Active,365+ days overdue — most urgent,"As an active steel company rated by Infomerics, ACER can offer competitive pricing and faster turnaround for your next rating cycle.",NO
Sakthi Ferro Alloys (India) Private Limited,Infomerics,Long Term Bank Facilities | Short Term Bank Facilities,IVR BB (Reaffirmed and Withdrawn),2025-03-17,463.0,ULTRA HOT,False,,Rs. 100.00 Cr. (Reduced from Rs. 123.00 Crore) | Rs. 32.00 Cr.,Infomerics,Steel & Metals,,NO,Active,365+ days overdue — most urgent,"As an active steel company rated by Infomerics, ACER can offer competitive pricing and faster turnaround for your next rating cycle.",YES
Shreeyam Power And Steel Industries Limited,Infomerics,Long Term Bank Facilities | Proposed Long Term/Short Term Bank Facilities | Short Term Bank Facilities,IVR BBB+ (Assigned),2025-03-17,463.0,ULTRA HOT,False,,Rs. 100.00 Cr. | Rs. 35.00 Cr.,Infomerics,Steel & Metals,,NO,Active,365+ days overdue — most urgent,"As an active steel company rated by Infomerics, ACER can offer competitive pricing and faster turnaround for your next rating cycle.",NO
Namo Alloys Private Limited,Infomerics,Long Term Bank Facilities,IVR BB (INC)(Downgraded),2025-03-18,462.0,ULTRA HOT,True,Infomerics,Rs. 50.00 Cr.,Infomerics,Steel & Metals,,NO,INC,INC at Infomerics | 365+ days overdue — most urgent,Your steel company's rating at Infomerics has been INC for 462.0 days. ACER specializes in steel sector — we can provide an active credit rating in 21 days.,NO
Sri Kanya Iron & Steel Private Limited,Infomerics,Long Term Bank Facilities,IVR BB- (INC)(Downgraded),2025-03-20,460.0,ULTRA HOT,True,Infomerics,Rs. 47.79 Cr.,Infomerics,Steel & Metals,,NO,INC,INC at Infomerics | 365+ days overdue — most urgent,Your steel company's rating at Infomerics has been INC for 460.0 days. ACER specializes in steel sector — we can provide an active credit rating in 21 days.,YES
Shreyash Aluminium & Alloys Private Limited,Infomerics,Long Term Bank Facilities | Long Term/ Short Term Bank Facilities | Short Term Bank Facility,Withdrawn,2025-03-24,456.0,ULTRA HOT,False,,- | Rs. 25.00 Cr.,Infomerics,Steel & Metals,,NO,Active,365+ days overdue — most urgent,"As an active steel company rated by Infomerics, ACER can offer competitive pricing and faster turnaround for your next rating cycle.",NO
Sanvijay Alloys and Power Limited (SAPL),Infomerics,Long Term Facilities | Long Term Facilities - Proposed Term Loan | Short Term Facilities,IVR BBB+ (Reaffirmed),2025-03-26,454.0,ULTRA HOT,False,,Rs. 723.51 Cr. (Enhanced from Rs. 255.77 Cr.) | Rs. 25.00 Cr.,Infomerics,Steel & Metals,,NO,Active,365+ days overdue — most urgent,"As an active steel company rated by Infomerics, ACER can offer competitive pricing and faster turnaround for your next rating cycle.",NO
Windlass Steelcrafts LLP,Infomerics,Long Term Bank Facilities | Short Term Bank Facilities,IVR BB+ (Assigned),2025-03-26,454.0,ULTRA HOT,False,,Rs. 7.92 Cr. | Rs. 10.50 Cr.,Infomerics,Steel & Metals,,NO,Active,365+ days overdue — most urgent,"As an active steel company rated by Infomerics, ACER can offer competitive pricing and faster turnaround for your next rating cycle.",NO
Chandan Steel Limited,Infomerics,Long Term Bank Facilities | Short Term Bank Facilities,IVR A- (Reaffirmed),2025-03-27,453.0,ULTRA HOT,False,,Rs. 27.00 Cr. (Reduced from Rs. 39.60 Cr.) | Rs. 551.00 Cr.,Infomerics,Steel & Metals,,NO,Active,365+ days overdue — most urgent,"As an active steel company rated by Infomerics, ACER can offer competitive pricing and faster turnaround for your next rating cycle.",NO
Everest Metals FZE,Infomerics,Long Term Bank Facilities | Long Term Fund Based Limits - OD Proposed | Proposed Long Term Bank Facilities,IVR C (INC)(Reaffirmed),2025-03-27,453.0,ULTRA HOT,True,Infomerics,Rs. 76.70 Cr. | Rs. 63.30 Cr.,Infomerics,Steel & Metals,,NO,INC,INC at Infomerics | 365+ days overdue — most urgent,Your steel company's rating at Infomerics has been INC for 453.0 days. ACER specializes in steel sector — we can provide an active credit rating in 21 days.,NO
Laxmikripa Steels & Power Private Limited,Infomerics,Long Term Bank Facilities,IVR BBB- (Reaffirmed),2025-03-27,453.0,ULTRA HOT,False,,Rs. 30.00 Cr. (enhanced from Rs. 29.71 Cr.),Infomerics,Steel & Metals,,NO,Active,365+ days overdue — most urgent,"As an active steel company rated by Infomerics, ACER can offer competitive pricing and faster turnaround for your next rating cycle.",NO
Nakoda Steelmet Engineering Private Limited,Infomerics,Long Term Bank Facilities | Long Term Bank Facilities - Proposed | Short Term Bank Facilities,IVR BB (Assigned),2025-03-28,452.0,ULTRA HOT,False,,Rs. 29.42 Cr. | Rs. 17.00 Cr.,Infomerics,Steel & Metals,,NO,Active,365+ days overdue — most urgent,"As an active steel company rated by Infomerics, ACER can offer competitive pricing and faster turnaround for your next rating cycle.",NO
SNB Metal and Alloys,Infomerics,Long Term Bank Facilities | Long Term Bank Facilities - Proposed | Short Term Bank Facilities,IVR BB (Assigned),2025-03-28,452.0,ULTRA HOT,False,,Rs. 11.79 Cr. | Rs. 6.00 Cr.,Infomerics,Steel & Metals,,NO,Active,365+ days overdue — most urgent,"As an active steel company rated by Infomerics, ACER can offer competitive pricing and faster turnaround for your next rating cycle.",NO
Hill Brow Metallics and Construction Private Limited,Infomerics,Long Term Bank Facilities | Short Term Bank Facilities,IVR BB+ (INC)(Downgraded),2025-03-29,451.0,ULTRA HOT,True,Infomerics,Rs. 12.50 Cr. | Rs. 42.50 Cr.,Infomerics,Steel & Metals,,NO,INC,INC at Infomerics | 365+ days overdue — most urgent,Your steel company's rating at Infomerics has been INC for 451.0 days. ACER specializes in steel sector — we can provide an active credit rating in 21 days.,NO
Sivana Steel & Power Private Limited,Infomerics,Long Term Bank Facilities,IVR BB (Assigned),2025-03-29,451.0,ULTRA HOT,False,,Rs. 13.99 Cr,Infomerics,Steel & Metals,,NO,Active,365+ days overdue — most urgent,"As an active steel company rated by Infomerics, ACER can offer competitive pricing and faster turnaround for your next rating cycle.",YES
Enershell Alloys & Steel Private Limited,Infomerics,Long Term Bank Facilities | Short Term Bank Facilities,IVR BBB-,2025-03-31,449.0,ULTRA HOT,False,,Rs. 34.95 Cr. | Rs. 15.20 Cr.,Infomerics,Steel & Metals,,NO,Active,365+ days overdue — most urgent,"As an active steel company rated by Infomerics, ACER can offer competitive pricing and faster turnaround for your next rating cycle.",NO
Hannu Steel Private Limited,Infomerics,Long Term Bank Facilities,IVR BBB-,2025-03-31,449.0,ULTRA HOT,False,,Rs. 10.00 Cr.,Infomerics,Steel & Metals,,NO,Active,365+ days overdue — most urgent,"As an active steel company rated by Infomerics, ACER can offer competitive pricing and faster turnaround for your next rating cycle.",NO
Madhur Iron & Steel (I) Limited,Infomerics,Long Term Bank Facilities | Short Term Bank Facilities,IVR BBB (Reaffirmed),2025-03-31,449.0,ULTRA HOT,False,,Rs. 47.91 Cr. (enhanced from Rs. 16.71 Cr.) | Rs. 55.00 Cr. (enhanced from Rs. 30.00 Cr.),Infomerics,Steel & Metals,,NO,Active,365+ days overdue — most urgent,"As an active steel company rated by Infomerics, ACER can offer competitive pricing and faster turnaround for your next rating cycle.",NO
Radiance Alloy & Electricals Private Limited,Infomerics,Long Term Facilities | Proposed Long Term Facilities,IVR BB (Assigned),2025-03-31,449.0,ULTRA HOT,False,,Rs. 36.46 Cr. | Rs. 2.54 Cr.,Infomerics,Steel & Metals,,NO,Active,365+ days overdue — most urgent,"As an active steel company rated by Infomerics, ACER can offer competitive pricing and faster turnaround for your next rating cycle.",NO
Sonal Irons Industry Private Limited,Infomerics,Long Term Bank Facilities,IVR BBB- (Assigned),2025-04-02,447.0,ULTRA HOT,False,,Rs. 82.70 Cr.,Infomerics,Steel & Metals,,NO,Active,365+ days overdue — most urgent,"As an active steel company rated by Infomerics, ACER can offer competitive pricing and faster turnaround for your next rating cycle.",NO
Westwell Iron & Steel Private Limited,Infomerics,Long Term Bank Facilities | Short Term Bank Facilities,IVR BBB- (Upgraded),2025-04-02,447.0,ULTRA HOT,False,,Rs. 32.87 Cr. (enhanced from Rs. 27.46 crore) | Rs. 34.00 Cr. (enhanced from Rs. 17.00 crore),Infomerics,Steel & Metals,,NO,Active,365+ days overdue — most urgent,"As an active steel company rated by Infomerics, ACER can offer competitive pricing and faster turnaround for your next rating cycle.",NO
Poshs Metal Aurangabad LLP,Infomerics,Long Term Bank Facilities,IVR BBB- (Assigned),2025-04-03,446.0,ULTRA HOT,False,,Rs. 120.00 Cr.,Infomerics,Steel & Metals,,NO,Active,365+ days overdue — most urgent,"As an active steel company rated by Infomerics, ACER can offer competitive pricing and faster turnaround for your next rating cycle.",NO
Poshs Metal Industries Private Limited,Infomerics,Long Term Bank Facilities | Short Term Bank Facilities,IVR BBB- (Assigned),2025-04-03,446.0,ULTRA HOT,False,,Rs. 33.00 Cr. | Rs. 100.00 Cr.,Infomerics,Steel & Metals,,NO,Active,365+ days overdue — most urgent,"As an active steel company rated by Infomerics, ACER can offer competitive pricing and faster turnaround for your next rating cycle.",NO
Jalna Siddhivinayak Alloys Private Limited,Infomerics,Long Term Bank Facilities | Short Term Bank Facilities,IVR BB (INC)(Downgraded),2025-04-07,442.0,ULTRA HOT,True,Infomerics,Rs. 106.84 Cr. | Rs. 6.00 Cr.,Infomerics,Steel & Metals,,NO,INC,INC at Infomerics | 365+ days overdue — most urgent,Your steel company's rating at Infomerics has been INC for 442.0 days. ACER specializes in steel sector — we can provide an active credit rating in 21 days.,NO
Shri Krishna Steelage Private Limited,Infomerics,Long Term Bank Facilities | Long Term Bank Facilities (Proposed),IVR BB+ (Assigned),2025-04-08,441.0,ULTRA HOT,False,,Rs. 25.70 Cr. | Rs. 3.30 Cr.,Infomerics,Steel & Metals,,NO,Active,365+ days overdue — most urgent,"As an active steel company rated by Infomerics, ACER can offer competitive pricing and faster turnaround for your next rating cycle.",NO
Swarup Rolling Mills Private Limited (erstwhile Swarup Rolling Mills Limited),Infomerics,Long Term Bank Facility,IVR BB- (INC)(Downgraded),2025-04-11,438.0,ULTRA HOT,True,Infomerics,Rs. 42.00 Cr.,Infomerics,Steel & Metals,,NO,INC,INC at Infomerics | 365+ days overdue — most urgent,Your steel company's rating at Infomerics has been INC for 438.0 days. ACER specializes in steel sector — we can provide an active credit rating in 21 days.,NO
Struc-Rite Metal Building Systems,Infomerics,Long Term Bank Facilities - Cash Credit | Long Term Bank Facilities - Term Loan | Short Term Bank Facilities - Letter of Credit,IVR C (Reaffirmed),2025-04-15,434.0,ULTRA HOT,False,,Rs. 6.95 Cr. (Reduced from Rs. 7.72 Cr.) | Rs. 3.37 Cr.,Infomerics,Steel & Metals,,NO,Active,365+ days overdue — most urgent,"As an active steel company rated by Infomerics, ACER can offer competitive pricing and faster turnaround for your next rating cycle.",NO
Indalium Metal Products Limited,Infomerics,Long Term Bank Facilities | Short Term Bank Facilities,IVR BB+ (Assigned),2025-04-22,427.0,ULTRA HOT,False,,Rs. 7.16 Cr. | Rs. 26.70 Cr.,Infomerics,Steel & Metals,,NO,Active,365+ days overdue — most urgent,"As an active steel company rated by Infomerics, ACER can offer competitive pricing and faster turnaround for your next rating cycle.",NO
Sumridhi Aluminium Private Limited,Infomerics,Long Term Facilities | Short Term Facilities,IVR BBB (Assigned),2025-04-23,426.0,ULTRA HOT,False,,Rs. 231.72 Cr. | Rs. 46.00 Cr.,Infomerics,Steel & Metals,,NO,Active,365+ days overdue — most urgent,"As an active steel company rated by Infomerics, ACER can offer competitive pricing and faster turnaround for your next rating cycle.",NO
Shree Ramdev Metalex LLP (SRML),Infomerics,Long term fund-based facility - Cash Credit | Long term/ Short term non-fund-based facility - Letter of Credit | Short term non-fund-based facility - Letter of Credit,IVR BBB- (Reaffirmed),2025-04-24,425.0,ULTRA HOT,False,,Rs. 12.00 Cr. | Rs. 52.00 Cr.,Infomerics,Steel & Metals,,NO,Active,365+ days overdue — most urgent,"As an active steel company rated by Infomerics, ACER can offer competitive pricing and faster turnaround for your next rating cycle.",NO
GLS Aluminium Industries Private Limited (Erstwhile GLS Foils Product Private Limited),Infomerics,Long Term Bank Facilities | Short Term Bank Facilities,IVR BBB- (Upgraded),2025-04-28,421.0,ULTRA HOT,False,,Rs. 92.40 Cr. | Rs. 11.00 Cr.,Infomerics,Steel & Metals,,NO,Active,365+ days overdue — most urgent,"As an active steel company rated by Infomerics, ACER can offer competitive pricing and faster turnaround for your next rating cycle.",NO
Metal Engineering and Treatment Company Private Limited,Infomerics,Long Term Bank Facilities | Short Term Bank Facilities,IVR BB+ (Assigned),2025-04-30,419.0,ULTRA HOT,False,,Rs. 22.00 Cr. (Including proposed limit of Rs. 12.33 Crore) | Rs. 18.00 Cr.,Infomerics,Steel & Metals,,NO,Active,365+ days overdue — most urgent,"As an active steel company rated by Infomerics, ACER can offer competitive pricing and faster turnaround for your next rating cycle.",NO
Bhaskar Steel and Ferro Alloy Private Limited,Infomerics,Long Term Bank Facilities,IVR BBB- (Upgraded and Withdrawn),2025-05-01,418.0,ULTRA HOT,False,,Rs. 133.99 Cr. (Reduced from Rs. 173.27 Crore),Infomerics,Steel & Metals,,NO,Active,365+ days overdue — most urgent,"As an active steel company rated by Infomerics, ACER can offer competitive pricing and faster turnaround for your next rating cycle.",NO
K B Sponge Iron Ltd.,CARE,Bank Guarantee | Term loans,D,2025-05-06,413.0,ULTRA HOT,True,,5.60 | 2.44,D365,Steel & Metals,NO,,INC,INC at  | 365+ days overdue — most urgent,Your steel company's rating at CARE has been INC for 413.0 days. ACER specializes in steel sector — we can provide an active credit rating in 21 days.,NO
M A Sarsinsa Steels Pvt. Ltd.,BRICKWORK | CRISIL,Fund based financial facility/instrument | Letter Of credit,D,2025-07-16,413.0,ULTRA HOT,True,,5.00 | 7.00,D365,Steel & Metals,NO,,INC,INC at  | 365+ days overdue — most urgent,Your steel company's rating at BRICKWORK | CRISIL has been INC for 413.0 days. ACER specializes in steel sector — we can provide an active credit rating in 21 days.,NO
Orissa Alloy Steel Pvt. Ltd.,CRISIL,Fund based financial facility/instrument | Non-fund-based financial facility/instrument,AA,2026-04-27,413.0,ULTRA HOT,False,,440.00 | 150.00,D365,Steel & Metals,NO,,Active,365+ days overdue — most urgent,"As an active steel company rated by CRISIL, ACER can offer competitive pricing and faster turnaround for your next rating cycle.",NO
Orissa Metaliks Pvt. Ltd.,CRISIL,Fund based financial facility/instrument | Non-fund-based financial facility/instrument | Term loans,AA,2026-04-16,413.0,ULTRA HOT,False,,855.00 | 355.00,D365,Steel & Metals,NO,,Active,365+ days overdue — most urgent,"As an active steel company rated by CRISIL, ACER can offer competitive pricing and faster turnaround for your next rating cycle.",NO
Rashmi Metallurgical Industry Pvt. Ltd.,CRISIL,Fund based financial facility/instrument | Non-fund-based financial facility/instrument | Short-term loan,AA,2026-04-16,413.0,ULTRA HOT,False,,450.00 | 100.00,D365,Steel & Metals,NO,,Active,365+ days overdue — most urgent,"As an active steel company rated by CRISIL, ACER can offer competitive pricing and faster turnaround for your next rating cycle.",NO
Mahasai Aluminium Profiles Private Limited,Infomerics,Long Term Bank Facilities | Proposed Long Term/Short Term Bank Facilities | Short Term Bank Facilities,IVR BBB- (Assigned),2025-05-06,413.0,ULTRA HOT,False,,Rs. 39.86 Cr. | Rs. 2.50 Cr.,Infomerics,Steel & Metals,,NO,Active,365+ days overdue — most urgent,"As an active steel company rated by Infomerics, ACER can offer competitive pricing and faster turnaround for your next rating cycle.",NO
S P Iron Private Limited,Infomerics,Long Term Bank Facilities | Long term/Short Term Bank Facilities,IVR BB- (Reaffirmed),2025-05-06,413.0,ULTRA HOT,False,,Rs. 0.83 Cr. | Rs. 30.00 Cr.,Infomerics,Steel & Metals,,NO,Active,365+ days overdue — most urgent,"As an active steel company rated by Infomerics, ACER can offer competitive pricing and faster turnaround for your next rating cycle.",NO
E L E C Steel Processing Inds. Ltd.,ACUITE,Fund based financial facility/instrument | Letter Of credit | Short-term loan,A 4+,2025-09-17,412.0,ULTRA HOT,True,,20.00 | 0.75,D365,Steel & Metals,NO,,INC,INC at  | 365+ days overdue — most urgent,Your steel company's rating at ACUITE has been INC for 412.0 days. ACER specializes in steel sector — we can provide an active credit rating in 21 days.,NO
Fortune Metals Ltd.,CRISIL,Fund based financial facility/instrument | Term loans,BBB,2025-12-02,412.0,ULTRA HOT,False,,0.14 | 3.34,D365,Steel & Metals,NO,,Active,365+ days overdue — most urgent,"As an active steel company rated by CRISIL, ACER can offer competitive pricing and faster turnaround for your next rating cycle.",NO
Mehar Steels Pvt. Ltd.,BRICKWORK,Term loans,D,2025-05-07,412.0,ULTRA HOT,True,,6.50,D365,Steel & Metals,NO,,INC,INC at  | 365+ days overdue — most urgent,Your steel company's rating at BRICKWORK has been INC for 412.0 days. ACER specializes in steel sector — we can provide an active credit rating in 21 days.,NO
Dhan Steels Pvt. Ltd.,CARE,Non-government debt,B/A4,2025-05-08,411.0,ULTRA HOT,True,,35.00,D365,Steel & Metals,NO,,INC,INC at  | 365+ days overdue — most urgent,Your steel company's rating at CARE has been INC for 411.0 days. ACER specializes in steel sector — we can provide an active credit rating in 21 days.,NO
Jatia Steel Ltd.,IND-RA,Bank Guarantee | Letter Of credit | Non-government debt,A 3+,2026-04-02,411.0,ULTRA HOT,False,,20.00 | 100.00,D365,Steel & Metals,NO,,Active,365+ days overdue — most urgent,"As an active steel company rated by IND-RA, ACER can offer competitive pricing and faster turnaround for your next rating cycle.",NO
Mangalam Metals & Ores Ltd.,CRISIL,Fund based financial facility/instrument,B,2025-05-08,411.0,ULTRA HOT,True,,40.00,D365,Steel & Metals,NO,,INC,INC at  | 365+ days overdue — most urgent,Your steel company's rating at CRISIL has been INC for 411.0 days. ACER specializes in steel sector — we can provide an active credit rating in 21 days.,NO
Metal Storage Systems Pvt. Ltd.,BRICKWORK,Bank Guarantee | Term loans,A 4,2025-05-08,411.0,ULTRA HOT,True,,1.00 | 8.27,D365,Steel & Metals,NO,,INC,INC at  | 365+ days overdue — most urgent,Your steel company's rating at BRICKWORK has been INC for 411.0 days. ACER specializes in steel sector — we can provide an active credit rating in 21 days.,NO
R J S Steels Pvt. Ltd.,BRICKWORK,Letter Of credit | Term loans,A 4,2025-05-08,411.0,ULTRA HOT,True,,5.00 | 3.50,D365,Steel & Metals,NO,,INC,INC at  | 365+ days overdue — most urgent,Your steel company's rating at BRICKWORK has been INC for 411.0 days. ACER specializes in steel sector — we can provide an active credit rating in 21 days.,NO
Snam Alloys Pvt. Ltd.,CRISIL,Bank Guarantee | Letter Of credit,A 2+,2025-05-08,411.0,ULTRA HOT,False,,5.00 | 1.00,D365,Steel & Metals,NO,,Active,365+ days overdue — most urgent,"As an active steel company rated by CRISIL, ACER can offer competitive pricing and faster turnaround for your next rating cycle.",NO
Balasore Alloys Ltd.,BRICKWORK,Bank Guarantee | Letter Of credit,D,2025-05-09,410.0,ULTRA HOT,False,,,D365,Steel & Metals,NO,,Active,365+ days overdue — most urgent,"As an active steel company rated by BRICKWORK, ACER can offer competitive pricing and faster turnaround for your next rating cycle.",NO
Fabex Steel Structures Pvt. Ltd.,IND-RA,Non-fund based working capital limit | Term loans,A 3+,2025-05-09,410.0,ULTRA HOT,False,,15.00 | 10.21,D365,Steel & Metals,NO,,Active,365+ days overdue — most urgent,"As an active steel company rated by IND-RA, ACER can offer competitive pricing and faster turnaround for your next rating cycle.",NO
Sargam Metals Pvt. Ltd.,ICRA,Non-fund-based financial facility/instrument | Term loans,D,2025-05-09,410.0,ULTRA HOT,True,,8.50 | 2.50,D365,Steel & Metals,NO,,INC,INC at  | 365+ days overdue — most urgent,Your steel company's rating at ICRA has been INC for 410.0 days. ACER specializes in steel sector — we can provide an active credit rating in 21 days.,NO
Shamli Steels Pvt. Ltd.,ICRA,Non-fund-based financial facility/instrument | Term loans,A 4,2025-05-09,410.0,ULTRA HOT,True,,2.00 | 20.54,D365,Steel & Metals,NO,,INC,INC at  | 365+ days overdue — most urgent,Your steel company's rating at ICRA has been INC for 410.0 days. ACER specializes in steel sector — we can provide an active credit rating in 21 days.,NO
Vaksh Steels Pvt. Ltd.,BRICKWORK,Bank Guarantee | Letter Of credit | Term loans,D,2025-05-09,410.0,ULTRA HOT,True,,2.80 | 1.00,D365,Steel & Metals,NO,,INC,INC at  | 365+ days overdue — most urgent,Your steel company's rating at BRICKWORK has been INC for 410.0 days. ACER specializes in steel sector — we can provide an active credit rating in 21 days.,NO
Vandana Rolling Mills Pvt. Ltd.,BRICKWORK | CRISIL,Bank Guarantee | Fund based financial facility/instrument | Non-fund-based financial facility/instrument,A 3+,2025-09-02,410.0,ULTRA HOT,True,,1.50 | 2.50,D365,Steel & Metals,NO,,INC,INC at  | 365+ days overdue — most urgent,Your steel company's rating at BRICKWORK | CRISIL has been INC for 410.0 days. ACER specializes in steel sector — we can provide an active credit rating in 21 days.,NO
Balmukund Sponge & Iron Pvt. Ltd.,CRISIL,Bank Guarantee | Non-fund-based financial facility/instrument | Term loans,A-,2025-05-12,407.0,ULTRA HOT,False,,150.00 | 18.00,D365,Steel & Metals,NO,,Active,365+ days overdue — most urgent,"As an active steel company rated by CRISIL, ACER can offer competitive pricing and faster turnaround for your next rating cycle.",NO
Oro Precious Metals Pvt. Ltd.,CRISIL | ICRA,Fund based financial facility/instrument | Non-government debt,A-,2025-12-18,407.0,ULTRA HOT,False,,7.02 | 297.00,D365,Steel & Metals,NO,,Active,365+ days overdue — most urgent,"As an active steel company rated by CRISIL | ICRA, ACER can offer competitive pricing and faster turnaround for your next rating cycle.",NO
Shree Bholey Alloys Pvt. Ltd.,ACUITE | BRICKWORK | CRISIL,Bank Guarantee | Fund based financial facility/instrument | Letter Of credit,A 4+,2025-07-18,407.0,ULTRA HOT,True,,16.00 | 16.86,D365,Steel & Metals,NO,,INC,INC at  | 365+ days overdue — most urgent,Your steel company's rating at ACUITE | BRICKWORK | CRISIL has been INC for 407.0 days. ACER specializes in steel sector — we can provide an active credit rating in 21 days.,NO
Bhushan Power & Steel Ltd.,CARE,Non-government debt | Term loans,AA/A1+,2025-12-12,406.0,ULTRA HOT,False,,1200.00 | 4473.00,D365,Steel & Metals,NO,,Active,365+ days overdue — most urgent,"As an active steel company rated by CARE, ACER can offer competitive pricing and faster turnaround for your next rating cycle.",NO
J G Foundry Ltd.,BRICKWORK | CRISIL,Long term Loans | Term loans,BB+,2025-07-02,406.0,ULTRA HOT,True,,6.50 | 8.50,D365,Steel & Metals,NO,,INC,INC at  | 365+ days overdue — most urgent,Your steel company's rating at BRICKWORK | CRISIL has been INC for 406.0 days. ACER specializes in steel sector — we can provide an active credit rating in 21 days.,NO
Sanyo Special Steel Manufacturing India Pvt. Ltd.,IND-RA,Fund based financial facility/instrument | Non-fund-based financial facility/instrument | Term loans,A-,2025-05-13,406.0,ULTRA HOT,False,,458.00 | 65.00,D365,Steel & Metals,NO,,Active,365+ days overdue — most urgent,"As an active steel company rated by IND-RA, ACER can offer competitive pricing and faster turnaround for your next rating cycle.",NO
Steel Space Pvt. Ltd.,BRICKWORK,Fund based financial facility/instrument,B+,2025-05-13,406.0,ULTRA HOT,True,,4.49,D365,Steel & Metals,NO,,INC,INC at  | 365+ days overdue — most urgent,Your steel company's rating at BRICKWORK has been INC for 406.0 days. ACER specializes in steel sector — we can provide an active credit rating in 21 days.,NO
Ceedee Metalloys Pvt. Ltd.,CRISIL,Letter Of credit,A 4+,2025-05-14,405.0,ULTRA HOT,True,,2.00,D365,Steel & Metals,NO,,INC,INC at  | 365+ days overdue — most urgent,Your steel company's rating at CRISIL has been INC for 405.0 days. ACER specializes in steel sector — we can provide an active credit rating in 21 days.,NO
Jai Mata Bala Sundari Steels Pvt. Ltd.,BRICKWORK | CRISIL,Fund based financial facility/instrument | Letter Of credit,A 4,2026-04-20,405.0,ULTRA HOT,True,,2.00,D365,Steel & Metals,NO,,INC,INC at  | 365+ days overdue — most urgent,Your steel company's rating at BRICKWORK | CRISIL has been INC for 405.0 days. ACER specializes in steel sector — we can provide an active credit rating in 21 days.,NO
Multicolor Steels (India) Pvt. Ltd.,CRISIL,Fund based financial facility/instrument | Letter Of credit | Term loans,A 4+,2026-04-30,405.0,ULTRA HOT,True,,23.00 | 0.30,D365,Steel & Metals,NO,,INC,INC at  | 365+ days overdue — most urgent,Your steel company's rating at CRISIL has been INC for 405.0 days. ACER specializes in steel sector — we can provide an active credit rating in 21 days.,NO
Mongia Steel Limited,Infomerics,Long Term Facilities | Short Term Facilities,IVR BBB+ (Upgraded and Withdrawn),2025-05-14,405.0,ULTRA HOT,False,,Rs. 31.00 Cr. | Rs. 6.00 Cr.,Infomerics,Steel & Metals,,NO,Active,365+ days overdue — most urgent,"As an active steel company rated by Infomerics, ACER can offer competitive pricing and faster turnaround for your next rating cycle.",NO
Santpuria Alloys Private Limited,Infomerics,Long Term Facilities | Short Term Facilities,IVR BBB+ (Upgraded and Withdrawn),2025-05-14,405.0,ULTRA HOT,False,,Rs. 13.65 Cr. | Rs. 8.00 Cr.,Infomerics,Steel & Metals,,NO,Active,365+ days overdue — most urgent,"As an active steel company rated by Infomerics, ACER can offer competitive pricing and faster turnaround for your next rating cycle.",NO
Ilasakaa Steels Ltd.,BRICKWORK | CARE | CRISIL,Letter Of credit | Long term Loans,D,2026-03-11,404.0,ULTRA HOT,True,,2.00 | 0.25,D365,Steel & Metals,NO,,INC,INC at  | 365+ days overdue — most urgent,Your steel company's rating at BRICKWORK | CARE | CRISIL has been INC for 404.0 days. ACER specializes in steel sector — we can provide an active credit rating in 21 days.,NO
Perfect Alloys & Steel Ltd.,BRICKWORK,Term loans,C-,2025-05-15,404.0,ULTRA HOT,True,,5.25,D365,Steel & Metals,NO,,INC,INC at  | 365+ days overdue — most urgent,Your steel company's rating at BRICKWORK has been INC for 404.0 days. ACER specializes in steel sector — we can provide an active credit rating in 21 days.,NO
Shree Nakoda Infrasteel Pvt. Ltd.,ACUITE | CARE,Bank Guarantee | Long term Loans | Term loans,A 4,2025-11-28,404.0,ULTRA HOT,True,,3.00 | 2.53,D365,Steel & Metals,NO,,INC,INC at  | 365+ days overdue — most urgent,Your steel company's rating at ACUITE | CARE has been INC for 404.0 days. ACER specializes in steel sector — we can provide an active credit rating in 21 days.,NO
B P Alloys Ltd.,BRICKWORK | CARE,Bank Guarantee | Letter Of credit | Term loans,A 4,2026-02-06,403.0,ULTRA HOT,True,,7.00 | 0.16,D365,Steel & Metals,NO,,INC,INC at  | 365+ days overdue — most urgent,Your steel company's rating at BRICKWORK | CARE has been INC for 403.0 days. ACER specializes in steel sector — we can provide an active credit rating in 21 days.,NO
Samyak Metals Pvt. Ltd.,CARE,Non-government debt,BBB/A3+,2025-05-16,403.0,ULTRA HOT,False,,115.50,D365,Steel & Metals,NO,,Active,365+ days overdue — most urgent,"As an active steel company rated by CARE, ACER can offer competitive pricing and faster turnaround for your next rating cycle.",NO
Tecknoweld Alloys (India) Pvt. Ltd.,BRICKWORK,Fund based financial facility/instrument | Letter Of credit | Term loans,D,2025-05-16,403.0,ULTRA HOT,True,,6.02 | 3.70,D365,Steel & Metals,NO,,INC,INC at  | 365+ days overdue — most urgent,Your steel company's rating at BRICKWORK has been INC for 403.0 days. ACER specializes in steel sector — we can provide an active credit rating in 21 days.,NO
Vision Sponge Iron Pvt. Ltd.,BRICKWORK,Bank Guarantee | Letter Of credit,A 3,2025-05-16,403.0,ULTRA HOT,True,,2.50 | 0.15,D365,Steel & Metals,NO,,INC,INC at  | 365+ days overdue — most urgent,Your steel company's rating at BRICKWORK has been INC for 403.0 days. ACER specializes in steel sector — we can provide an active credit rating in 21 days.,NO
Indian Metals & Alloys Mfg. Co. Pvt. Ltd.,CRISIL,Bank Guarantee | Letter Of credit,A 4,2025-05-19,400.0,ULTRA HOT,True,,1.40 | 12.60,D365,Steel & Metals,NO,,INC,INC at  | 365+ days overdue — most urgent,Your steel company's rating at CRISIL has been INC for 400.0 days. ACER specializes in steel sector — we can provide an active credit rating in 21 days.,NO
N R Steel & Ferro Pvt. Ltd.,ACUITE | CRISIL,Long term Loans | Term loans,A,2025-08-06,400.0,ULTRA HOT,False,,49.30 | 22.28,D365,Steel & Metals,NO,,Active,365+ days overdue — most urgent,"As an active steel company rated by ACUITE | CRISIL, ACER can offer competitive pricing and faster turnaround for your next rating cycle.",NO
N R V S Steels Ltd.,ACUITE | CRISIL,Long term Loans | Term loans,A,2025-08-06,400.0,ULTRA HOT,False,,15.94 | 225.32,D365,Steel & Metals,NO,,Active,365+ days overdue — most urgent,"As an active steel company rated by ACUITE | CRISIL, ACER can offer competitive pricing and faster turnaround for your next rating cycle.",NO
Narsimha Iron & Steel Pvt. Ltd.,CRISIL | IND-RA,Bank Guarantee | Long term Loans | Term loans,B,2026-02-05,400.0,ULTRA HOT,False,,7.50 | 1.00,D365,Steel & Metals,NO,,Active,365+ days overdue — most urgent,"As an active steel company rated by CRISIL | IND-RA, ACER can offer competitive pricing and faster turnaround for your next rating cycle.",NO
Rajputana Stainless Ltd.,CRISIL,Fund based financial facility/instrument | Non-fund-based financial facility/instrument | Term loans,BBB,2025-05-19,400.0,ULTRA HOT,False,,11.63 | 65.00,D365,Steel & Metals,NO,,Active,365+ days overdue — most urgent,"As an active steel company rated by CRISIL, ACER can offer competitive pricing and faster turnaround for your next rating cycle.",NO
Shree Vasu Steels Pvt. Ltd.,BRICKWORK,Letter Of credit | Term loans,A 4,2025-05-19,400.0,ULTRA HOT,True,,2.00 | 10.97,D365,Steel & Metals,NO,,INC,INC at  | 365+ days overdue — most urgent,Your steel company's rating at BRICKWORK has been INC for 400.0 days. ACER specializes in steel sector — we can provide an active credit rating in 21 days.,NO
Supra Steel & Power Pvt. Ltd.,ACUITE,Long term Loans | Term loans,BB-,2025-05-19,400.0,ULTRA HOT,True,,7.55 | 29.45,D365,Steel & Metals,NO,,INC,INC at  | 365+ days overdue — most urgent,Your steel company's rating at ACUITE has been INC for 400.0 days. ACER specializes in steel sector — we can provide an active credit rating in 21 days.,NO
Suncity Metals and Tubes Private Limited (Erstwhile Suncity Sheets Private Limited),Infomerics,Long Term Bank Facilities | Short Term Bank Facilities,IVR A- (Reaffirmed),2025-05-19,400.0,ULTRA HOT,False,,Rs. 257.86 Cr. (Enhanced from Rs.222.30 crore) | Rs. 184.00 Cr. (Enhanced from Rs.161.00 crore),Infomerics,Steel & Metals,,NO,Active,365+ days overdue — most urgent,"As an active steel company rated by Infomerics, ACER can offer competitive pricing and faster turnaround for your next rating cycle.",NO
Isha Steel Treatment Pvt. Ltd.,ICRA,Term loans,A,2025-05-20,399.0,ULTRA HOT,False,,107.20,D365,Steel & Metals,NO,,Active,365+ days overdue — most urgent,"As an active steel company rated by ICRA, ACER can offer competitive pricing and faster turnaround for your next rating cycle.",NO
Trimurti Re-Rollers Pvt. Ltd.,CARE,Term loans,B-,2025-05-20,399.0,ULTRA HOT,True,,1.35,D365,Steel & Metals,NO,,INC,INC at  | 365+ days overdue — most urgent,Your steel company's rating at CARE has been INC for 399.0 days. ACER specializes in steel sector — we can provide an active credit rating in 21 days.,NO
Amba Shakti Steels Limited,Infomerics,Long Term Bank Facilities | Short Term Bank Facilities,IVR BBB- (Upgraded and Withdrawn),2025-05-20,399.0,ULTRA HOT,False,,Rs. 89.40 Cr. (Including Proposed Limit of Rs. 1.15 Crore) | Rs. 27.50 Cr.,Infomerics,Steel & Metals,,NO,Active,365+ days overdue — most urgent,"As an active steel company rated by Infomerics, ACER can offer competitive pricing and faster turnaround for your next rating cycle.",YES
Elec Steel Processing Industries Limited,Infomerics,Long Term Facilities | Proposed Short Term Facilities | Short Term Facilities,IVR BBB- (Assigned),2025-05-20,399.0,ULTRA HOT,False,,Rs. 41.35 Cr. | Rs. 20.00 Cr.,Infomerics,Steel & Metals,,NO,Active,365+ days overdue — most urgent,"As an active steel company rated by Infomerics, ACER can offer competitive pricing and faster turnaround for your next rating cycle.",NO
Mother Earth Environ Tech Private Limited,Infomerics,Long Term Bank Facilities | Proposed Long Term Bank Facilities,IVR B+ (INC)(Downgraded),2025-05-20,399.0,ULTRA HOT,True,Infomerics,Rs. 30.42 Cr. | Rs. 9.58 Cr.,Infomerics,Steel & Metals,,NO,INC,INC at Infomerics | 365+ days overdue — most urgent,Your steel company's rating at Infomerics has been INC for 399.0 days. ACER specializes in steel sector — we can provide an active credit rating in 21 days.,NO
Abhishek Steel Inds. Pvt. Ltd.,ICRA,Non-fund-based financial facility/instrument | Non-government debt,A 4,2025-05-21,398.0,ULTRA HOT,True,,10.00 | 2.00,D365,Steel & Metals,NO,,INC,INC at  | 365+ days overdue — most urgent,Your steel company's rating at ICRA has been INC for 398.0 days. ACER specializes in steel sector — we can provide an active credit rating in 21 days.,NO
Advait Steel Rolling Mills Pvt. Ltd.,CRISIL,Term loans,D,2025-05-21,398.0,ULTRA HOT,True,,3.04,D365,Steel & Metals,NO,,INC,INC at  | 365+ days overdue — most urgent,Your steel company's rating at CRISIL has been INC for 398.0 days. ACER specializes in steel sector — we can provide an active credit rating in 21 days.,NO
Aryavrata Steel Pvt. Ltd.,ACUITE | CRISIL,Bank Guarantee | Long term Loans | Non-fund-based financial facility/instrument,A 4,2025-12-01,398.0,ULTRA HOT,True,,4.50 | 13.50,D365,Steel & Metals,NO,,INC,INC at  | 365+ days overdue — most urgent,Your steel company's rating at ACUITE | CRISIL has been INC for 398.0 days. ACER specializes in steel sector — we can provide an active credit rating in 21 days.,NO
H F Metalart Pvt. Ltd.,ACUITE | CRISIL,Bank Guarantee,A 4,2026-01-20,398.0,ULTRA HOT,True,,7.00,D365,Steel & Metals,NO,,INC,INC at  | 365+ days overdue — most urgent,Your steel company's rating at ACUITE | CRISIL has been INC for 398.0 days. ACER specializes in steel sector — we can provide an active credit rating in 21 days.,NO
Jindal Nickel & Alloys Ltd.,BRICKWORK,Bank Guarantee | Letter Of credit,A 4,2025-05-21,398.0,ULTRA HOT,True,,0.32 | 13.00,D365,Steel & Metals,NO,,INC,INC at  | 365+ days overdue — most urgent,Your steel company's rating at BRICKWORK has been INC for 398.0 days. ACER specializes in steel sector — we can provide an active credit rating in 21 days.,NO
K2 Metals Pvt. Ltd.,ACUITE | ICRA,Letter Of credit | Long term Loans | Non-fund-based financial facility/instrument,D,2026-04-17,398.0,ULTRA HOT,True,,10.00 | 4.00,D365,Steel & Metals,NO,,INC,INC at  | 365+ days overdue — most urgent,Your steel company's rating at ACUITE | ICRA has been INC for 398.0 days. ACER specializes in steel sector — we can provide an active credit rating in 21 days.,NO
Taloja Steel Service Centre Ltd.,ICRA,Non-fund-based financial facility/instrument | Term loans,D,2025-05-21,398.0,ULTRA HOT,True,,95.00 | 2.22,D365,Steel & Metals,NO,,INC,INC at  | 365+ days overdue — most urgent,Your steel company's rating at ICRA has been INC for 398.0 days. ACER specializes in steel sector — we can provide an active credit rating in 21 days.,NO
Global Metal & Energy Pvt. Ltd.,ICRA,Term loans,D,2025-05-22,397.0,ULTRA HOT,True,,53.74,D365,Steel & Metals,NO,,INC,INC at  | 365+ days overdue — most urgent,Your steel company's rating at ICRA has been INC for 397.0 days. ACER specializes in steel sector — we can provide an active credit rating in 21 days.,NO
J S W Structural Metal Decking Ltd.,CRISIL,Fund based financial facility/instrument | Letter Of credit | Long term Loans,A 2,2025-05-22,397.0,ULTRA HOT,False,,14.00 | 35.00,D365,Steel & Metals,NO,,Active,365+ days overdue — most urgent,"As an active steel company rated by CRISIL, ACER can offer competitive pricing and faster turnaround for your next rating cycle.",NO
Nirman Infra-Steel Pvt. Ltd.,BRICKWORK,Letter Of credit,A 4,2025-05-22,397.0,ULTRA HOT,True,,1.50,D365,Steel & Metals,NO,,INC,INC at  | 365+ days overdue — most urgent,Your steel company's rating at BRICKWORK has been INC for 397.0 days. ACER specializes in steel sector — we can provide an active credit rating in 21 days.,NO
Bhagyalaxmi Rolling Mill Private Limited,Infomerics,Long Term Bank Facilities | Long Term/Short Term Bank Facilities,IVR A- (Reaffirmed),2025-05-22,397.0,ULTRA HOT,False,,Rs. 610.00 Cr.   (reduced from Rs. 686.75 Cr.)(including proposed limit of Rs. 11.86 Cr.) | Rs. 100.00 Cr. (reduced from Rs. 110.00 Cr.),Infomerics,Steel & Metals,,NO,Active,365+ days overdue — most urgent,"As an active steel company rated by Infomerics, ACER can offer competitive pricing and faster turnaround for your next rating cycle.",NO
Champion Rolling Mill Private Limited,Infomerics,Long Term Bank Facilities | Short Term Bank Facilities,IVR BBB- (Reaffirmed),2025-05-22,397.0,ULTRA HOT,False,,Rs. 36.50 Cr. (enhanced from Rs. 29.00 Cr.) | Rs. 15.00 Cr.,Infomerics,Steel & Metals,,NO,Active,365+ days overdue — most urgent,"As an active steel company rated by Infomerics, ACER can offer competitive pricing and faster turnaround for your next rating cycle.",YES
Anupama Steel Ltd.,BRICKWORK | CARE,Letter Of credit | Non-government debt,A 4,2025-08-07,396.0,ULTRA HOT,True,,100.00 | 125.00,D365,Steel & Metals,NO,,INC,INC at  | 365+ days overdue — most urgent,Your steel company's rating at BRICKWORK | CARE has been INC for 396.0 days. ACER specializes in steel sector — we can provide an active credit rating in 21 days.,NO
Bansal Pathways (Guna-Sironj) Pvt. Ltd.,ACUITE,Long term Loans | Term loans,BBB+,2025-05-23,396.0,ULTRA HOT,False,,46.50 | 135.50,D365,Steel & Metals,NO,,Active,365+ days overdue — most urgent,"As an active steel company rated by ACUITE, ACER can offer competitive pricing and faster turnaround for your next rating cycle.",NO
Bravo Sponge Iron Pvt. Ltd.,ACUITE | CARE | CRISIL,Bank Guarantee | Letter Of credit | Long term Loans,A-,2025-09-18,396.0,ULTRA HOT,False,,0.45 | 516.40,D365,Steel & Metals,NO,,Active,365+ days overdue — most urgent,"As an active steel company rated by ACUITE | CARE | CRISIL, ACER can offer competitive pricing and faster turnaround for your next rating cycle.",YES
C P Re-Rollers Ltd.,ACUITE | BRICKWORK | CRISIL,Bank Guarantee | Fund based financial facility/instrument | Letter Of credit,A 3,2026-04-10,396.0,ULTRA HOT,True,,9.38 | 1.10,D365,Steel & Metals,NO,,INC,INC at  | 365+ days overdue — most urgent,Your steel company's rating at ACUITE | BRICKWORK | CRISIL has been INC for 396.0 days. ACER specializes in steel sector — we can provide an active credit rating in 21 days.,NO
Eloquent Steel Pvt. Ltd.,ACUITE | CRISIL,Bank Guarantee | Fund based financial facility/instrument | Letter Of credit,A-,2025-09-17,396.0,ULTRA HOT,False,,0.77 | 73.01,D365,Steel & Metals,NO,,Active,365+ days overdue — most urgent,"As an active steel company rated by ACUITE | CRISIL, ACER can offer competitive pricing and faster turnaround for your next rating cycle.",NO
Fairdeal Steels Pvt. Ltd.,BRICKWORK | CRISIL,Bank Guarantee | Fund based financial facility/instrument,A 4,2025-12-10,396.0,ULTRA HOT,True,,5.50 | 8.00,D365,Steel & Metals,NO,,INC,INC at  | 365+ days overdue — most urgent,Your steel company's rating at BRICKWORK | CRISIL has been INC for 396.0 days. ACER specializes in steel sector — we can provide an active credit rating in 21 days.,NO
Ganga Iron & Steel Trading Co. Ltd.,BRICKWORK,Bank Guarantee | Fund based financial facility/instrument,A 4,2025-05-23,396.0,ULTRA HOT,True,,6.61,D365,Steel & Metals,NO,,INC,INC at  | 365+ days overdue — most urgent,Your steel company's rating at BRICKWORK has been INC for 396.0 days. ACER specializes in steel sector — we can provide an active credit rating in 21 days.,YES
Kaushal Ferro Metals Pvt. Ltd.,CARE,Bank Guarantee,A 4,2025-05-23,396.0,ULTRA HOT,True,,1.00,D365,Steel & Metals,NO,,INC,INC at  | 365+ days overdue — most urgent,Your steel company's rating at CARE has been INC for 396.0 days. ACER specializes in steel sector — we can provide an active credit rating in 21 days.,NO
Nilkanth Ferro Ltd.,ACUITE,Bank Guarantee | Letter Of credit | Long term Loans,A 2,2025-05-23,396.0,ULTRA HOT,False,,24.58 | 34.00,D365,Steel & Metals,NO,,Active,365+ days overdue — most urgent,"As an active steel company rated by ACUITE, ACER can offer competitive pricing and faster turnaround for your next rating cycle.",NO
S P S Steels Rolling Mills Ltd.,ACUITE | CRISIL,Bank Guarantee | Fund based financial facility/instrument | Letter Of credit,A-,2025-09-17,396.0,ULTRA HOT,False,,2.61 | 183.58,D365,Steel & Metals,NO,,Active,365+ days overdue — most urgent,"As an active steel company rated by ACUITE | CRISIL, ACER can offer competitive pricing and faster turnaround for your next rating cycle.",NO
Shree Somnath Iron & Power Pvt. Ltd.,ICRA,Term loans,B+,2025-05-23,396.0,ULTRA HOT,True,,6.00,D365,Steel & Metals,NO,,INC,INC at  | 365+ days overdue — most urgent,Your steel company's rating at ICRA has been INC for 396.0 days. ACER specializes in steel sector — we can provide an active credit rating in 21 days.,NO
Vishal Precision Steel Tubes & Strips Pvt. Ltd.,CRISIL,Letter Of credit | Non-fund-based financial facility/instrument,A 2,2026-01-28,396.0,ULTRA HOT,False,,25.30 | 15.00,D365,Steel & Metals,NO,,Active,365+ days overdue — most urgent,"As an active steel company rated by CRISIL, ACER can offer competitive pricing and faster turnaround for your next rating cycle.",NO
Draken Metals Trading Private Limited,Infomerics,Long Term/ Short Term Bank Facilities,IVR D (INC)(Reaffirmed),2025-05-23,396.0,ULTRA HOT,True,Infomerics,Rs. 150.00 Cr.,Infomerics,Steel & Metals,,NO,INC,INC at Infomerics | 365+ days overdue — most urgent,Your steel company's rating at Infomerics has been INC for 396.0 days. ACER specializes in steel sector — we can provide an active credit rating in 21 days.,NO
Home Zone Stainless Private Limited,Infomerics,Long Term Bank Facilities (including proposed),IVR B (INC)(Downgraded),2025-05-23,396.0,ULTRA HOT,True,Infomerics,Rs. 20.00 Cr.,Infomerics,Steel & Metals,,NO,INC,INC at Infomerics | 365+ days overdue — most urgent,Your steel company's rating at Infomerics has been INC for 396.0 days. ACER specializes in steel sector — we can provide an active credit rating in 21 days.,NO
Olympus Metal Private Limited,Infomerics,Long Term/ Short Term Bank Facilities | Short Term Bank Facilities,IVR D (INC)(Reaffirmed),2025-05-23,396.0,ULTRA HOT,True,Infomerics,Rs. 75.00 Cr. | Rs. 10.00 Cr.,Infomerics,Steel & Metals,,NO,INC,INC at Infomerics | 365+ days overdue — most urgent,Your steel company's rating at Infomerics has been INC for 396.0 days. ACER specializes in steel sector — we can provide an active credit rating in 21 days.,NO
Oyster Steel and Iron Private Limited,Infomerics,Long Term/ Short Term Bank Facilities | Long/Short Term Bank Facilities | Short Term Bank Facilities,IVR D (INC)(Reaffirmed),2025-05-23,396.0,ULTRA HOT,True,Infomerics,Rs. 140.00 Cr. | Rs. 20.00 Cr.,Infomerics,Steel & Metals,,NO,INC,INC at Infomerics | 365+ days overdue — most urgent,Your steel company's rating at Infomerics has been INC for 396.0 days. ACER specializes in steel sector — we can provide an active credit rating in 21 days.,NO
Worldwide Metals Private Limited,Infomerics,Long Term Bank Facility | Short Term Bank Facility,IVR D (INC)(Reaffirmed),2025-05-23,396.0,ULTRA HOT,True,Infomerics,Rs. 96.00 Cr. | Rs. 4.00 Cr.,Infomerics,Steel & Metals,,NO,INC,INC at Infomerics | 365+ days overdue — most urgent,Your steel company's rating at Infomerics has been INC for 396.0 days. ACER specializes in steel sector — we can provide an active credit rating in 21 days.,NO
Mono Steel (India) Ltd.,CRISIL,Letter Of credit,A 4,2025-05-26,393.0,ULTRA HOT,True,,111.00,D365,Steel & Metals,NO,,INC,INC at  | 365+ days overdue — most urgent,Your steel company's rating at CRISIL has been INC for 393.0 days. ACER specializes in steel sector — we can provide an active credit rating in 21 days.,NO
Mukand Sumi Metal Processing Ltd.,IND-RA,Non-fund based working capital limit,A 4+,2025-05-26,393.0,ULTRA HOT,True,,3.00,D365,Steel & Metals,NO,,INC,INC at  | 365+ days overdue — most urgent,Your steel company's rating at IND-RA has been INC for 393.0 days. ACER specializes in steel sector — we can provide an active credit rating in 21 days.,NO
Passavant Energy & Environment India Pvt. Ltd.,CARE | CRISIL,Bank Guarantee | Letter Of credit | Non-government debt,BB+,2026-03-31,393.0,ULTRA HOT,True,,63.41 | 8.83,D365,Steel & Metals,NO,,INC,INC at  | 365+ days overdue — most urgent,Your steel company's rating at CARE | CRISIL has been INC for 393.0 days. ACER specializes in steel sector — we can provide an active credit rating in 21 days.,NO
Rayalaseema Steel Re-Rolling Mills Pvt. Ltd. (Part- Ix),CARE | CRISIL,Letter Of credit | Long term Loans,A 4,2025-08-07,393.0,ULTRA HOT,True,,3.00 | 0.30,D365,Steel & Metals,NO,,INC,INC at  | 365+ days overdue — most urgent,Your steel company's rating at CARE | CRISIL has been INC for 393.0 days. ACER specializes in steel sector — we can provide an active credit rating in 21 days.,NO
Swan Environmental Pvt. Ltd.,CRISIL,Bank Guarantee | Letter Of credit,A 4,2026-02-26,393.0,ULTRA HOT,True,,15.00 | 2.00,D365,Steel & Metals,NO,,INC,INC at  | 365+ days overdue — most urgent,Your steel company's rating at CRISIL has been INC for 393.0 days. ACER specializes in steel sector — we can provide an active credit rating in 21 days.,NO
V S Multi Metal Pvt. Ltd. [Merged],BRICKWORK,Term loans,C,2025-05-26,393.0,ULTRA HOT,True,,1.26,D365,Steel & Metals,NO,,INC,INC at  | 365+ days overdue — most urgent,Your steel company's rating at BRICKWORK has been INC for 393.0 days. ACER specializes in steel sector — we can provide an active credit rating in 21 days.,NO
Vicor Stainless Pvt. Ltd. [Merged],BRICKWORK,Term loans,D,2025-05-26,393.0,ULTRA HOT,True,,4.58,D365,Steel & Metals,NO,,INC,INC at  | 365+ days overdue — most urgent,Your steel company's rating at BRICKWORK has been INC for 393.0 days. ACER specializes in steel sector — we can provide an active credit rating in 21 days.,NO
Vraj Metaliks Private Limited,Infomerics,Long Term Bank Facilities | Short Term Bank Facilities,IVR BB+ (INC)(Downgraded),2025-05-26,393.0,ULTRA HOT,True,Infomerics,Rs. 15.00 Cr. | Rs. 10.00 Cr.,Infomerics,Steel & Metals,,NO,INC,INC at Infomerics | 365+ days overdue — most urgent,Your steel company's rating at Infomerics has been INC for 393.0 days. ACER specializes in steel sector — we can provide an active credit rating in 21 days.,NO
Avtar Steel Ltd.,CRISIL,Long term Loans | Non-fund-based financial facility/instrument | Term loans,BBB,2025-05-27,392.0,ULTRA HOT,False,,0.53 | 25.00,D365,Steel & Metals,NO,,Active,365+ days overdue — most urgent,"As an active steel company rated by CRISIL, ACER can offer competitive pricing and faster turnaround for your next rating cycle.",NO
Tarni Steel LLP,Infomerics,Long Term Bank Facilities,IVR BBB- (Assigned),2025-05-27,392.0,ULTRA HOT,False,,Rs. 33.65 Cr.,Infomerics,Steel & Metals,,NO,Active,365+ days overdue — most urgent,"As an active steel company rated by Infomerics, ACER can offer competitive pricing and faster turnaround for your next rating cycle.",NO
Caspro Metal Inds. Pvt. Ltd.,CRISIL | ICRA,Bank Guarantee | Term loans,B+,2026-01-12,391.0,ULTRA HOT,True,,30.00 | 0.25,D365,Steel & Metals,NO,,INC,INC at  | 365+ days overdue — most urgent,Your steel company's rating at CRISIL | ICRA has been INC for 391.0 days. ACER specializes in steel sector — we can provide an active credit rating in 21 days.,NO
Gurpreet Galvanising Pvt. Ltd.,ICRA,Non-fund-based financial facility/instrument | Non-government debt,A 4,2025-05-28,391.0,ULTRA HOT,True,,45.00 | 10.00,D365,Steel & Metals,NO,,INC,INC at  | 365+ days overdue — most urgent,Your steel company's rating at ICRA has been INC for 391.0 days. ACER specializes in steel sector — we can provide an active credit rating in 21 days.,NO
J N Tayal Steels Pvt. Ltd.,CARE,Term loans,B-,2025-05-28,391.0,ULTRA HOT,True,,1.29,D365,Steel & Metals,NO,,INC,INC at  | 365+ days overdue — most urgent,Your steel company's rating at CARE has been INC for 391.0 days. ACER specializes in steel sector — we can provide an active credit rating in 21 days.,NO
Jindal Aluminium Ltd.,CARE | ICRA,Non-fund based working capital limit | Non-government debt,A 1+,2026-03-31,391.0,ULTRA HOT,False,,45.00 | 175.00,D365,Steel & Metals,NO,,Active,365+ days overdue — most urgent,"As an active steel company rated by CARE | ICRA, ACER can offer competitive pricing and faster turnaround for your next rating cycle.",NO
Oyster Steel & Iron Pvt. Ltd.,CARE,Bank Guarantee,D,2025-05-28,391.0,ULTRA HOT,True,,20.00,D365,Steel & Metals,NO,,INC,INC at  | 365+ days overdue — most urgent,Your steel company's rating at CARE has been INC for 391.0 days. ACER specializes in steel sector — we can provide an active credit rating in 21 days.,NO
Safi Steel Traders Pvt. Ltd.,CRISIL | ICRA,Letter Of credit | Long term Loans | Term loans,A 4,2025-07-30,391.0,ULTRA HOT,True,,5.00 | 23.34,D365,Steel & Metals,NO,,INC,INC at  | 365+ days overdue — most urgent,Your steel company's rating at CRISIL | ICRA has been INC for 391.0 days. ACER specializes in steel sector — we can provide an active credit rating in 21 days.,YES
Omsairam Steels & Alloys Pvt. Ltd.,ACUITE | CARE,Bank Guarantee | Letter Of credit | Long term Loans,A 4,2025-09-30,390.0,ULTRA HOT,True,,50.00 | 10.00,D365,Steel & Metals,NO,,INC,INC at  | 365+ days overdue — most urgent,Your steel company's rating at ACUITE | CARE has been INC for 390.0 days. ACER specializes in steel sector — we can provide an active credit rating in 21 days.,NO
R L Steels & Energy Ltd.,CARE,Bank Guarantee | Non-government debt | Term loans,A 4,2025-09-03,390.0,ULTRA HOT,True,,56.00 | 61.07,D365,Steel & Metals,NO,,INC,INC at  | 365+ days overdue — most urgent,Your steel company's rating at CARE has been INC for 390.0 days. ACER specializes in steel sector — we can provide an active credit rating in 21 days.,YES
Shera Metal Pvt. Ltd.,ACUITE | CARE,Bank Guarantee | Letter Of credit | Long term Loans,A 3+,2026-01-08,390.0,ULTRA HOT,False,,25.00 | 0.30,D365,Steel & Metals,NO,,Active,365+ days overdue — most urgent,"As an active steel company rated by ACUITE | CARE, ACER can offer competitive pricing and faster turnaround for your next rating cycle.",NO
Shivangi Rolling Mills Pvt. Ltd.,IND-RA,Term loans,BB+,2025-09-22,390.0,ULTRA HOT,False,,27.40 | 5.10,D365,Steel & Metals,NO,,Active,365+ days overdue — most urgent,"As an active steel company rated by IND-RA, ACER can offer competitive pricing and faster turnaround for your next rating cycle.",YES
Siddhi Ganesh Metal Pvt. Ltd.,CRISIL,Fund based financial facility/instrument,B,2025-05-29,390.0,ULTRA HOT,True,,25.00,D365,Steel & Metals,NO,,INC,INC at  | 365+ days overdue — most urgent,Your steel company's rating at CRISIL has been INC for 390.0 days. ACER specializes in steel sector — we can provide an active credit rating in 21 days.,NO
Vaishnavi Ferro Tech Pvt. Ltd.,CRISIL,Long term Loans | Term loans,B,2025-05-29,390.0,ULTRA HOT,True,,1.38 | 3.02,D365,Steel & Metals,NO,,INC,INC at  | 365+ days overdue — most urgent,Your steel company's rating at CRISIL has been INC for 390.0 days. ACER specializes in steel sector — we can provide an active credit rating in 21 days.,NO
R.K. Steels,Infomerics,Long Term Bank Facilities,IVR BBB- (Reaffirmed),2025-05-29,390.0,ULTRA HOT,False,,Rs. 72.00 Cr.,Infomerics,Steel & Metals,,NO,Active,365+ days overdue — most urgent,"As an active steel company rated by Infomerics, ACER can offer competitive pricing and faster turnaround for your next rating cycle.",NO
Arya Steels Rolling (India) Pvt. Ltd.,BRICKWORK | CARE | CRISIL,Bank Guarantee | Letter Of credit,A 4,2026-04-21,389.0,ULTRA HOT,True,,5.00 | 1.00,D365,Steel & Metals,NO,,INC,INC at  | 365+ days overdue — most urgent,Your steel company's rating at BRICKWORK | CARE | CRISIL has been INC for 389.0 days. ACER specializes in steel sector — we can provide an active credit rating in 21 days.,YES
Bajaj Steel Inds. Ltd.,CRISIL,Bank Guarantee | Long term Loans | Non-fund-based financial facility/instrument,A,2025-05-30,389.0,ULTRA HOT,False,,25.00 | 100.00,D365,Steel & Metals,NO,,Active,365+ days overdue — most urgent,"As an active steel company rated by CRISIL, ACER can offer competitive pricing and faster turnaround for your next rating cycle.",NO
Gagan Ferrotech Ltd.,ACUITE,Bank Guarantee | Letter Of credit | Long term Loans,A+,2025-05-30,389.0,ULTRA HOT,False,,6.83 | 25.50,D365,Steel & Metals,NO,,Active,365+ days overdue — most urgent,"As an active steel company rated by ACUITE, ACER can offer competitive pricing and faster turnaround for your next rating cycle.",NO
Gajanan Iron Pvt. Ltd.,ACUITE | CARE,Bank Guarantee | Long term Loans | Term loans,A+,2026-02-26,389.0,ULTRA HOT,True,,23.31 | 25.05,D365,Steel & Metals,NO,,INC,INC at  | 365+ days overdue — most urgent,Your steel company's rating at ACUITE | CARE has been INC for 389.0 days. ACER specializes in steel sector — we can provide an active credit rating in 21 days.,NO
Parmeshwar Metal Ltd.,CRISIL,Bank Guarantee | Letter Of credit,A 3,2026-02-02,389.0,ULTRA HOT,False,,1.25 | 9.00,D365,Steel & Metals,NO,,Active,365+ days overdue — most urgent,"As an active steel company rated by CRISIL, ACER can offer competitive pricing and faster turnaround for your next rating cycle.",NO
Peekay Steel Castings Pvt. Ltd.,CARE | CRISIL,Bank Guarantee | Letter Of credit | Non-government debt,A,2025-11-04,389.0,ULTRA HOT,False,,78.00 | 3.00,D365,Steel & Metals,NO,,Active,365+ days overdue — most urgent,"As an active steel company rated by CARE | CRISIL, ACER can offer competitive pricing and faster turnaround for your next rating cycle.",NO
Purulia Metal Casting Pvt. Ltd.,ACUITE | CRISIL,Bank Guarantee | Long term Loans | Term loans,D,2025-06-10,389.0,ULTRA HOT,False,,17.18 | 10.50,D365,Steel & Metals,NO,,Active,365+ days overdue — most urgent,"As an active steel company rated by ACUITE | CRISIL, ACER can offer competitive pricing and faster turnaround for your next rating cycle.",NO
Rai Metal Works Pvt. Ltd.,BRICKWORK | CARE | CRISIL,Letter Of credit | Non-fund-based financial facility/instrument | Non-government debt,A 4,2025-09-10,389.0,ULTRA HOT,True,,2.00 | 72.00,D365,Steel & Metals,NO,,INC,INC at  | 365+ days overdue — most urgent,Your steel company's rating at BRICKWORK | CARE | CRISIL has been INC for 389.0 days. ACER specializes in steel sector — we can provide an active credit rating in 21 days.,NO
Ramdev Stainless Strips Pvt. Ltd.,BRICKWORK | CARE | CRISIL,Term loans,C,2026-02-05,389.0,ULTRA HOT,True,,0.34 | 1.00,D365,Steel & Metals,NO,,INC,INC at  | 365+ days overdue — most urgent,Your steel company's rating at BRICKWORK | CARE | CRISIL has been INC for 389.0 days. ACER specializes in steel sector — we can provide an active credit rating in 21 days.,NO
Sai Balaji Sponge Iron India Pvt. Ltd.,BRICKWORK,Letter Of credit | Term loans,D,2025-05-30,389.0,ULTRA HOT,True,,6.00 | 13.89,D365,Steel & Metals,NO,,INC,INC at  | 365+ days overdue — most urgent,Your steel company's rating at BRICKWORK has been INC for 389.0 days. ACER specializes in steel sector — we can provide an active credit rating in 21 days.,NO
Star Pipe Foundry (India) Pvt. Ltd.,CRISIL,Bank Guarantee | Long term Loans | Term loans,A 4+,2026-01-12,389.0,ULTRA HOT,True,,2.50 | 40.00,D365,Steel & Metals,NO,,INC,INC at  | 365+ days overdue — most urgent,Your steel company's rating at CRISIL has been INC for 389.0 days. ACER specializes in steel sector — we can provide an active credit rating in 21 days.,NO
Malnad Alloy Castings Private Limited,Infomerics,Long Term Facilities,IVR BBB- (Assigned),2025-05-30,389.0,ULTRA HOT,False,,Rs. 59.75 Cr.,Infomerics,Steel & Metals,,NO,Active,365+ days overdue — most urgent,"As an active steel company rated by Infomerics, ACER can offer competitive pricing and faster turnaround for your next rating cycle.",NO
Metallic Ferro Alloys LLP,Infomerics,Long Term Bank Facilities | Short Term Bank Facilities,IVR BBB (Reaffirmed),2025-05-30,389.0,ULTRA HOT,False,,Rs. 75.00 Cr. (enhanced from Rs.50.00 Cr.) (includes proposed limit of Rs.5.00 Cr.) | Rs. 15.00 Cr. (reduced from Rs. 25.00 Cr.),Infomerics,Steel & Metals,,NO,Active,365+ days overdue — most urgent,"As an active steel company rated by Infomerics, ACER can offer competitive pricing and faster turnaround for your next rating cycle.",NO
Agrawal Metal Works Pvt. Ltd.,CRISIL,Fund based financial facility/instrument | Long term Loans | Non-fund-based financial facility/instrument,A,2025-06-02,386.0,ULTRA HOT,False,,500.00 | 7.00,D365,Steel & Metals,NO,,Active,365+ days overdue — most urgent,"As an active steel company rated by CRISIL, ACER can offer competitive pricing and faster turnaround for your next rating cycle.",NO
Oplus Steel & Power Private Limited (erstwhile Known as Swati Concast & Power Private Limited),Infomerics,Long Term Bank Facilities | Short Term Bank Facilities,IVR BB+ (INC)(Downgraded),2025-06-02,386.0,ULTRA HOT,True,Infomerics,Rs. 11.00 Cr. | Rs. 9.00 Cr.,Infomerics,Steel & Metals,,NO,INC,INC at Infomerics | 365+ days overdue — most urgent,Your steel company's rating at Infomerics has been INC for 386.0 days. ACER specializes in steel sector — we can provide an active credit rating in 21 days.,NO
E S L Steel Ltd.,CRISIL,Term loans,AA,2025-10-24,385.0,ULTRA HOT,False,,1230.15 | 1598.66,D365,Steel & Metals,NO,,Active,365+ days overdue — most urgent,"As an active steel company rated by CRISIL, ACER can offer competitive pricing and faster turnaround for your next rating cycle.",NO
Ferro Alloys Corpn. Ltd.,CRISIL,Fund based financial facility/instrument | Non-fund-based financial facility/instrument,AA,2025-10-24,385.0,ULTRA HOT,False,,10.00 | 90.00,D365,Steel & Metals,NO,,Active,365+ days overdue — most urgent,"As an active steel company rated by CRISIL, ACER can offer competitive pricing and faster turnaround for your next rating cycle.",NO
Hindustan Zinc Ltd.,CRISIL,Fund based financial facility/instrument | Letter Of credit | Long term Loans,AAA,2025-08-08,385.0,ULTRA HOT,False,,300.00 | 2150.00,D365,Steel & Metals,NO,,Active,365+ days overdue — most urgent,"As an active steel company rated by CRISIL, ACER can offer competitive pricing and faster turnaround for your next rating cycle.",NO
Nalari Ferro Alloys Pvt. Ltd.,BRICKWORK | ICRA,Bank Guarantee | Non-fund-based financial facility/instrument | Non-government debt,A 4,2026-02-26,385.0,ULTRA HOT,True,,7.50 | 0.55,D365,Steel & Metals,NO,,INC,INC at  | 365+ days overdue — most urgent,Your steel company's rating at BRICKWORK | ICRA has been INC for 385.0 days. ACER specializes in steel sector — we can provide an active credit rating in 21 days.,NO
Salasaar Iron & Steels Pvt. Ltd.,BRICKWORK | CRISIL,Long term Loans | Term loans,C,2026-01-31,385.0,ULTRA HOT,True,,4.01 | 9.00,D365,Steel & Metals,NO,,INC,INC at  | 365+ days overdue — most urgent,Your steel company's rating at BRICKWORK | CRISIL has been INC for 385.0 days. ACER specializes in steel sector — we can provide an active credit rating in 21 days.,NO
Z.V. Steels Private Limited,Infomerics,Long Term Bank Facilities,IVR BB+ (INC)(Downgraded),2025-06-03,385.0,ULTRA HOT,True,Infomerics,Rs. 48.00 Cr.,Infomerics,Steel & Metals,,NO,INC,INC at Infomerics | 365+ days overdue — most urgent,Your steel company's rating at Infomerics has been INC for 385.0 days. ACER specializes in steel sector — we can provide an active credit rating in 21 days.,NO
Balbir Rolling Mills Ltd.,CRISIL,Fund based financial facility/instrument | Long term Loans | Non-fund-based financial facility/instrument,BBB-,2025-06-04,384.0,ULTRA HOT,False,,44.00 | 2.00,D365,Steel & Metals,NO,,Active,365+ days overdue — most urgent,"As an active steel company rated by CRISIL, ACER can offer competitive pricing and faster turnaround for your next rating cycle.",NO
Brace Iron & Steel Pvt. Ltd.,IND-RA,Term loans,A,2025-06-04,384.0,ULTRA HOT,False,,139.49,D365,Steel & Metals,NO,,Active,365+ days overdue — most urgent,"As an active steel company rated by IND-RA, ACER can offer competitive pricing and faster turnaround for your next rating cycle.",NO
J B Rolling Mills Ltd.,BRICKWORK | CARE | CRISIL,Bank Guarantee | Letter Of credit | Long term Loans,A 4,2026-04-10,384.0,ULTRA HOT,True,,8.00 | 2.66,D365,Steel & Metals,NO,,INC,INC at  | 365+ days overdue — most urgent,Your steel company's rating at BRICKWORK | CARE | CRISIL has been INC for 384.0 days. ACER specializes in steel sector — we can provide an active credit rating in 21 days.,YES
S A Iron & Alloys Pvt. Ltd.,BRICKWORK | CRISIL | ICRA,Bank Guarantee | Non-fund-based financial facility/instrument | Term loans,D,2026-01-28,384.0,ULTRA HOT,True,,3.00 | 8.92,D365,Steel & Metals,NO,,INC,INC at  | 365+ days overdue — most urgent,Your steel company's rating at BRICKWORK | CRISIL | ICRA has been INC for 384.0 days. ACER specializes in steel sector — we can provide an active credit rating in 21 days.,NO
Steelco Gujarat Ltd.,BRICKWORK,Bank Guarantee | Letter Of credit | Term loans,D,2025-12-08,384.0,ULTRA HOT,True,,2.72 | 116.10,D365,Steel & Metals,NO,,INC,INC at  | 365+ days overdue — most urgent,Your steel company's rating at BRICKWORK has been INC for 384.0 days. ACER specializes in steel sector — we can provide an active credit rating in 21 days.,NO
Alkali Metals Ltd.,ICRA,Fund based financial facility/instrument | Non-fund-based financial facility/instrument,A 4+,2025-06-05,383.0,ULTRA HOT,False,,7.00 | 18.00,D365,Steel & Metals,NO,,Active,365+ days overdue — most urgent,"As an active steel company rated by ICRA, ACER can offer competitive pricing and faster turnaround for your next rating cycle.",NO
P S R Metals Pvt. Ltd.,BRICKWORK,Term loans,D,2025-06-05,383.0,ULTRA HOT,True,,2.07,D365,Steel & Metals,NO,,INC,INC at  | 365+ days overdue — most urgent,Your steel company's rating at BRICKWORK has been INC for 383.0 days. ACER specializes in steel sector — we can provide an active credit rating in 21 days.,NO
Ajay Ingot Rolling Mill Pvt. Ltd.,BRICKWORK | CARE | CRISIL,Fund based financial facility/instrument | Long term Loans | Term loans,BBB-,2026-02-03,382.0,ULTRA HOT,True,,9.29 | 14.21,D365,Steel & Metals,NO,,INC,INC at  | 365+ days overdue — most urgent,Your steel company's rating at BRICKWORK | CARE | CRISIL has been INC for 382.0 days. ACER specializes in steel sector — we can provide an active credit rating in 21 days.,NO
Deccan Ferro Alloys Pvt. Ltd.,ACUITE,Letter Of credit | Long term Loans,A 4+,2025-07-04,382.0,ULTRA HOT,True,,60.00 | 5.00,D365,Steel & Metals,NO,,INC,INC at  | 365+ days overdue — most urgent,Your steel company's rating at ACUITE has been INC for 382.0 days. ACER specializes in steel sector — we can provide an active credit rating in 21 days.,YES
Kanishk Steel Inds. Ltd.,ICRA,Non-fund-based financial facility/instrument | Non-government debt,A 4+,2025-06-06,382.0,ULTRA HOT,False,,41.00 | 20.50,D365,Steel & Metals,NO,,Active,365+ days overdue — most urgent,"As an active steel company rated by ICRA, ACER can offer competitive pricing and faster turnaround for your next rating cycle.",NO
La Reliant Aluminium Ltd.,BRICKWORK,Bank Guarantee,A 4,2025-06-06,382.0,ULTRA HOT,True,,1.00,D365,Steel & Metals,NO,,INC,INC at  | 365+ days overdue — most urgent,Your steel company's rating at BRICKWORK has been INC for 382.0 days. ACER specializes in steel sector — we can provide an active credit rating in 21 days.,NO
Prime Steel Inds. Pvt. Ltd.,CARE | CRISIL,Bank Guarantee | Fund based financial facility/instrument | Long term Loans,A 2,2026-04-06,382.0,ULTRA HOT,False,,5.91 | 1.27,D365,Steel & Metals,NO,,Active,365+ days overdue — most urgent,"As an active steel company rated by CARE | CRISIL, ACER can offer competitive pricing and faster turnaround for your next rating cycle.",NO
Lall Steels Private Limited,Infomerics,Long Term Facilities | Proposed Long- Term/Short Term Facilities | Short Term Facilities,IVR BB+ (Assigned),2025-06-06,382.0,ULTRA HOT,False,,Rs. 27.30 Cr. | Rs. 7.38 Cr.,Infomerics,Steel & Metals,,NO,Active,365+ days overdue — most urgent,"As an active steel company rated by Infomerics, ACER can offer competitive pricing and faster turnaround for your next rating cycle.",NO
Narindra and Narindra Steel Corporation,Infomerics,Long Term Bank Facility,IVR BBB- (Assigned),2025-06-06,382.0,ULTRA HOT,False,,Rs. 30.00 Cr. (includes proposed facility of Rs. 5.00 Cr.),Infomerics,Steel & Metals,,NO,Active,365+ days overdue — most urgent,"As an active steel company rated by Infomerics, ACER can offer competitive pricing and faster turnaround for your next rating cycle.",NO
Fex Foundry Alloys Pvt. Ltd.,CRISIL,Letter Of credit | Long term Loans,A 4+,2025-06-09,379.0,ULTRA HOT,True,,5.00 | 4.60,D365,Steel & Metals,NO,,INC,INC at  | 365+ days overdue — most urgent,Your steel company's rating at CRISIL has been INC for 379.0 days. ACER specializes in steel sector — we can provide an active credit rating in 21 days.,YES
Mangalam Alloys Ltd.,BRICKWORK,Fund based financial facility/instrument | Non-fund-based financial facility/instrument,A 4,2025-07-10,379.0,ULTRA HOT,True,,16.63 | 144.33,D365,Steel & Metals,NO,,INC,INC at  | 365+ days overdue — most urgent,Your steel company's rating at BRICKWORK has been INC for 379.0 days. ACER specializes in steel sector — we can provide an active credit rating in 21 days.,NO
Rajnandini Metal Ltd.,CARE,Term loans,B,2025-09-17,379.0,ULTRA HOT,True,,10.00,D365,Steel & Metals,NO,,INC,INC at  | 365+ days overdue — most urgent,Your steel company's rating at CARE has been INC for 379.0 days. ACER specializes in steel sector — we can provide an active credit rating in 21 days.,NO
Purulia Metal Castings Private Limited,Infomerics,Long Term Bank Facility,Withdrawn,2025-06-09,379.0,ULTRA HOT,False,,- (Previously Rs. 73.05 Crore),Infomerics,Steel & Metals,,NO,Active,365+ days overdue — most urgent,"As an active steel company rated by Infomerics, ACER can offer competitive pricing and faster turnaround for your next rating cycle.",NO
Lingraj Steel & Power Pvt. Ltd.,BRICKWORK,Letter Of credit,A 4,2025-06-10,378.0,ULTRA HOT,True,,5.00,D365,Steel & Metals,NO,,INC,INC at  | 365+ days overdue — most urgent,Your steel company's rating at BRICKWORK has been INC for 378.0 days. ACER specializes in steel sector — we can provide an active credit rating in 21 days.,NO
R B Rungta Steels & Food Products Pvt. Ltd.,BRICKWORK | CARE | CRISIL,Fund based financial facility/instrument | Term loans,C,2026-03-31,378.0,ULTRA HOT,True,,3.26 | 1.41,D365,Steel & Metals,NO,,INC,INC at  | 365+ days overdue — most urgent,Your steel company's rating at BRICKWORK | CARE | CRISIL has been INC for 378.0 days. ACER specializes in steel sector — we can provide an active credit rating in 21 days.,NO
Ran India Steels Pvt. Ltd.,BRICKWORK | CARE | CRISIL,Letter Of credit | Long term Loans | Term loans,A 4,2025-09-09,378.0,ULTRA HOT,True,,40.00 | 12.98,D365,Steel & Metals,NO,,INC,INC at  | 365+ days overdue — most urgent,Your steel company's rating at BRICKWORK | CARE | CRISIL has been INC for 378.0 days. ACER specializes in steel sector — we can provide an active credit rating in 21 days.,NO
Shreeyam Power & Steel Inds. Ltd.,CRISIL,Fund based financial facility/instrument | Long term Loans | Non-fund-based financial facility/instrument,BBB,2025-06-10,378.0,ULTRA HOT,False,,100.00 | 162.00,D365,Steel & Metals,NO,,Active,365+ days overdue — most urgent,"As an active steel company rated by CRISIL, ACER can offer competitive pricing and faster turnaround for your next rating cycle.",NO
L S K B Aluminium Foils Pvt. Ltd.,CRISIL,Fund based financial facility/instrument | Long term Loans | Term loans,BBB-,2025-09-23,377.0,ULTRA HOT,False,,13.44 | 52.72,D365,Steel & Metals,NO,,Active,365+ days overdue — most urgent,"As an active steel company rated by CRISIL, ACER can offer competitive pricing and faster turnaround for your next rating cycle.",NO
Mangal Sponge & Steel Pvt. Ltd.,BRICKWORK | CARE | CRISIL | ICRA,Bank Guarantee | Fund based financial facility/instrument | Letter Of credit,A 4,2026-03-20,377.0,ULTRA HOT,True,,1.00 | 25.00,D365,Steel & Metals,NO,,INC,INC at  | 365+ days overdue — most urgent,Your steel company's rating at BRICKWORK | CARE | CRISIL | ICRA has been INC for 377.0 days. ACER specializes in steel sector — we can provide an active credit rating in 21 days.,NO
Pulkit Metals Pvt. Ltd.,ACUITE | BRICKWORK,Letter Of credit | Short-term loan | Term loans,A 4,2026-04-17,377.0,ULTRA HOT,True,,45.00 | 3.35,D365,Steel & Metals,NO,,INC,INC at  | 365+ days overdue — most urgent,Your steel company's rating at ACUITE | BRICKWORK has been INC for 377.0 days. ACER specializes in steel sector — we can provide an active credit rating in 21 days.,NO
Pushpit Steels Pvt. Ltd.,ACUITE | BRICKWORK,Letter Of credit | Short-term loan | Term loans,A 4,2026-04-17,377.0,ULTRA HOT,True,,45.00 | 60.00,D365,Steel & Metals,NO,,INC,INC at  | 365+ days overdue — most urgent,Your steel company's rating at ACUITE | BRICKWORK has been INC for 377.0 days. ACER specializes in steel sector — we can provide an active credit rating in 21 days.,NO
Ratnamani Metals & Tubes Ltd.,CRISIL,Letter Of credit,A 1+,2025-06-11,377.0,ULTRA HOT,False,,1901.00,D365,Steel & Metals,NO,,Active,365+ days overdue — most urgent,"As an active steel company rated by CRISIL, ACER can offer competitive pricing and faster turnaround for your next rating cycle.",NO
Sarda Metals & Alloys Ltd.,CRISIL | IND-RA,Bank Guarantee | Letter Of credit | Long term Loans,A 1,2025-11-11,377.0,ULTRA HOT,False,,50.00 | 54.23,D365,Steel & Metals,NO,,Active,365+ days overdue — most urgent,"As an active steel company rated by CRISIL | IND-RA, ACER can offer competitive pricing and faster turnaround for your next rating cycle.",NO
Shree Sidhbali Steels Pvt. Ltd.,CRISIL,Bank Guarantee | Letter Of credit | Long term Loans,A 4,2026-03-27,377.0,ULTRA HOT,True,,2.50 | 5.00,D365,Steel & Metals,NO,,INC,INC at  | 365+ days overdue — most urgent,Your steel company's rating at CRISIL has been INC for 377.0 days. ACER specializes in steel sector — we can provide an active credit rating in 21 days.,NO
Amoda Iron & Steel Ltd.,CRISIL,Bank Guarantee | Letter Of credit | Long term Loans,D,2025-06-12,376.0,ULTRA HOT,True,,0.34 | 3.63,D365,Steel & Metals,NO,,INC,INC at  | 365+ days overdue — most urgent,Your steel company's rating at CRISIL has been INC for 376.0 days. ACER specializes in steel sector — we can provide an active credit rating in 21 days.,NO
Anmol Steel Processors Pvt. Ltd.,BRICKWORK | CRISIL,Fund based financial facility/instrument | Letter Of credit,D,2025-10-07,376.0,ULTRA HOT,True,,75.00 | 50.00,D365,Steel & Metals,NO,,INC,INC at  | 365+ days overdue — most urgent,Your steel company's rating at BRICKWORK | CRISIL has been INC for 376.0 days. ACER specializes in steel sector — we can provide an active credit rating in 21 days.,NO
Chinar Steel Segment Centre Pvt. Ltd.,CRISIL,Bank Guarantee | Fund based financial facility/instrument,A 4+,2025-08-01,376.0,ULTRA HOT,True,,26.19 | 20.00,D365,Steel & Metals,NO,,INC,INC at  | 365+ days overdue — most urgent,Your steel company's rating at CRISIL has been INC for 376.0 days. ACER specializes in steel sector — we can provide an active credit rating in 21 days.,NO
G L Metallica Pvt. Ltd.,CRISIL,Term loans,B,2025-06-12,376.0,ULTRA HOT,True,,1.11,D365,Steel & Metals,NO,,INC,INC at  | 365+ days overdue — most urgent,Your steel company's rating at CRISIL has been INC for 376.0 days. ACER specializes in steel sector — we can provide an active credit rating in 21 days.,NO
Shri Khatu Shyam Alloys Pvt. Ltd.,CRISIL | IND-RA,Bank Guarantee | Non-government debt,A 4+,2025-08-21,376.0,ULTRA HOT,True,,9.00 | 30.00,D365,Steel & Metals,NO,,INC,INC at  | 365+ days overdue — most urgent,Your steel company's rating at CRISIL | IND-RA has been INC for 376.0 days. ACER specializes in steel sector — we can provide an active credit rating in 21 days.,NO
Jai Prabhuji Iron & Steel Private Limited,Infomerics,Long Term Bank Facilities | Short Term Bank Facilities,IVR BBB- (Assigned),2025-06-12,376.0,ULTRA HOT,False,,Rs. 35.00 Cr. | Rs. 15.00 Cr.,Infomerics,Steel & Metals,,NO,Active,365+ days overdue — most urgent,"As an active steel company rated by Infomerics, ACER can offer competitive pricing and faster turnaround for your next rating cycle.",NO
Safi Steel Traders Private Limited,Infomerics,Long Term Facilities,IVR BB+ (Reaffirmed),2025-06-12,376.0,ULTRA HOT,False,,Rs. 162.74 Cr.,Infomerics,Steel & Metals,,NO,Active,365+ days overdue — most urgent,"As an active steel company rated by Infomerics, ACER can offer competitive pricing and faster turnaround for your next rating cycle.",YES
Hansa Metallics Ltd.,BRICKWORK | CRISIL,Letter Of credit | Long term Loans | Term loans,A 4,2025-10-10,375.0,ULTRA HOT,True,,27.50 | 27.20,D365,Steel & Metals,NO,,INC,INC at  | 365+ days overdue — most urgent,Your steel company's rating at BRICKWORK | CRISIL has been INC for 375.0 days. ACER specializes in steel sector — we can provide an active credit rating in 21 days.,NO
J S Auto Cast Foundry India Pvt. Ltd.,ACUITE | CRISIL | ICRA,Letter Of credit | Non-government debt | Term loans,A+/A1,2026-02-02,375.0,ULTRA HOT,True,,75.00 | 198.10,D365,Steel & Metals,NO,,INC,INC at  | 365+ days overdue — most urgent,Your steel company's rating at ACUITE | CRISIL | ICRA has been INC for 375.0 days. ACER specializes in steel sector — we can provide an active credit rating in 21 days.,NO
Nirav Metals Pvt. Ltd.,CRISIL,Bank Guarantee | Letter Of credit | Long term Loans,A 4,2025-06-13,375.0,ULTRA HOT,True,,1.00 | 1.50,D365,Steel & Metals,NO,,INC,INC at  | 365+ days overdue — most urgent,Your steel company's rating at CRISIL has been INC for 375.0 days. ACER specializes in steel sector — we can provide an active credit rating in 21 days.,NO
Ramesh Iron & Steel Co. India Pvt. Ltd.,CARE | IND-RA,Bank Guarantee | Fund based financial facility/instrument | Non-fund-based financial facility/instrument,BB,2025-11-21,375.0,ULTRA HOT,True,,2.00 | 5.00,D365,Steel & Metals,NO,,INC,INC at  | 365+ days overdue — most urgent,Your steel company's rating at CARE | IND-RA has been INC for 375.0 days. ACER specializes in steel sector — we can provide an active credit rating in 21 days.,YES
Hare Krishna Metallics Private Limited,Infomerics,Long Term Bank Facilities | Short Term Bank Facilities,IVR BBB- (Assigned),2025-06-13,375.0,ULTRA HOT,False,,Rs. 6.80 Cr. | Rs. 3.00 Cr.,Infomerics,Steel & Metals,,NO,Active,365+ days overdue — most urgent,"As an active steel company rated by Infomerics, ACER can offer competitive pricing and faster turnaround for your next rating cycle.",NO
Magadh Iron Private Limited,Infomerics,Long Term Bank Facility,IVR B (INC) (Downgraded),2025-06-13,375.0,ULTRA HOT,True,Infomerics,Rs. 36.52 Cr.,Infomerics,Steel & Metals,,NO,INC,INC at Infomerics | 365+ days overdue — most urgent,Your steel company's rating at Infomerics has been INC for 375.0 days. ACER specializes in steel sector — we can provide an active credit rating in 21 days.,NO
Lalwani Ferro Alloys Ltd.,CRISIL,Fund based financial facility/instrument | Non-fund-based financial facility/instrument,A-,2025-06-16,372.0,ULTRA HOT,False,,95.10 | 3.50,D365,Steel & Metals,NO,,Active,365+ days overdue — most urgent,"As an active steel company rated by CRISIL, ACER can offer competitive pricing and faster turnaround for your next rating cycle.",NO
Rama Ferro Alloys & Finance Pvt. Ltd.,CRISIL,Letter Of credit,A 4,2025-06-16,372.0,ULTRA HOT,True,,3.00,D365,Steel & Metals,NO,,INC,INC at  | 365+ days overdue — most urgent,Your steel company's rating at CRISIL has been INC for 372.0 days. ACER specializes in steel sector — we can provide an active credit rating in 21 days.,NO
Shubh Arya Steel Pvt. Ltd.,CARE,Letter Of credit,A 4,2025-06-16,372.0,ULTRA HOT,False,,110.00,D365,Steel & Metals,NO,,Active,365+ days overdue — most urgent,"As an active steel company rated by CARE, ACER can offer competitive pricing and faster turnaround for your next rating cycle.",NO
Superfine Metals Pvt. Ltd.,ACUITE | BRICKWORK,Letter Of credit | Term loans,D,2025-08-25,372.0,ULTRA HOT,True,,13.00 | 9.00,D365,Steel & Metals,NO,,INC,INC at  | 365+ days overdue — most urgent,Your steel company's rating at ACUITE | BRICKWORK has been INC for 372.0 days. ACER specializes in steel sector — we can provide an active credit rating in 21 days.,NO
Vishvaraj Environment Ltd.,CRISIL,Letter Of credit | Non-fund-based financial facility/instrument,A 1,2025-07-02,372.0,ULTRA HOT,False,,368.45 | 21.70,D365,Steel & Metals,NO,,Active,365+ days overdue — most urgent,"As an active steel company rated by CRISIL, ACER can offer competitive pricing and faster turnaround for your next rating cycle.",NO
Gavi Siddeswara Steels (India) Private Limited,Infomerics,Long Term Facilities,IVR BB (Assigned),2025-06-16,372.0,ULTRA HOT,False,,Rs. 40.00 Cr.,Infomerics,Steel & Metals,,NO,Active,365+ days overdue — most urgent,"As an active steel company rated by Infomerics, ACER can offer competitive pricing and faster turnaround for your next rating cycle.",NO
Jaideep Ispat & Alloys Pvt. Ltd.,ICRA,Non-fund-based financial facility/instrument | Non-government debt | Term loans,A+/A1,2025-06-17,371.0,ULTRA HOT,False,,71.01 | 78.99,D365,Steel & Metals,NO,,Active,365+ days overdue — most urgent,"As an active steel company rated by ICRA, ACER can offer competitive pricing and faster turnaround for your next rating cycle.",NO
R N Metals Pvt. Ltd.,BRICKWORK,Non-government debt,C,2025-06-17,371.0,ULTRA HOT,True,,15.00,D365,Steel & Metals,NO,,INC,INC at  | 365+ days overdue — most urgent,Your steel company's rating at BRICKWORK has been INC for 371.0 days. ACER specializes in steel sector — we can provide an active credit rating in 21 days.,NO
Arcelormittal Nippon Steel India Pvt. Ltd.,CRISIL,Letter Of credit | Long term Loans | Term loans,AA+,2025-06-18,370.0,ULTRA HOT,False,,3000.00 | 2122.50,D365,Steel & Metals,NO,,Active,365+ days overdue — most urgent,"As an active steel company rated by CRISIL, ACER can offer competitive pricing and faster turnaround for your next rating cycle.",NO
Om Shree Rupesh Steel Pvt. Ltd.,CRISIL,Fund based financial facility/instrument | Term loans,BB+,2025-11-26,370.0,ULTRA HOT,True,,10.19 | 39.68,D365,Steel & Metals,NO,,INC,INC at  | 365+ days overdue — most urgent,Your steel company's rating at CRISIL has been INC for 370.0 days. ACER specializes in steel sector — we can provide an active credit rating in 21 days.,YES
Santpuria Alloys Pvt. Ltd.,CRISIL,Bank Guarantee | Fund based financial facility/instrument | Letter Of credit,A-,2026-03-31,370.0,ULTRA HOT,False,,10.71 | 0.60,D365,Steel & Metals,NO,,Active,365+ days overdue — most urgent,"As an active steel company rated by CRISIL, ACER can offer competitive pricing and faster turnaround for your next rating cycle.",NO
H A Q Steels Pvt. Ltd.,ACUITE | CARE | IND-RA,Fund based financial facility/instrument | Non-fund-based financial facility/instrument | Non-government debt,B-,2026-03-06,369.0,ULTRA HOT,True,,26.00 | 6.00,D365,Steel & Metals,NO,,INC,INC at  | 365+ days overdue — most urgent,Your steel company's rating at ACUITE | CARE | IND-RA has been INC for 369.0 days. ACER specializes in steel sector — we can provide an active credit rating in 21 days.,NO
Hill-Brow Metallics & Construction Pvt. Ltd.,BRICKWORK | IND-RA,Bank Guarantee | Non-fund based working capital limit | Non-government debt,C,2025-10-30,369.0,ULTRA HOT,True,,15.00 | 23.00,D365,Steel & Metals,NO,,INC,INC at  | 365+ days overdue — most urgent,Your steel company's rating at BRICKWORK | IND-RA has been INC for 369.0 days. ACER specializes in steel sector — we can provide an active credit rating in 21 days.,NO
Kairali Steels & Alloys Pvt. Ltd.,CARE | CRISIL | IND-RA,Letter Of credit | Non-government debt | Term loans,A 4,2025-12-19,369.0,ULTRA HOT,True,,35.00 | 34.00,D365,Steel & Metals,NO,,INC,INC at  | 365+ days overdue — most urgent,Your steel company's rating at CARE | CRISIL | IND-RA has been INC for 369.0 days. ACER specializes in steel sector — we can provide an active credit rating in 21 days.,NO
Kalapurna Steel & Engg. Pvt. Ltd.,CRISIL,Bank Guarantee | Letter Of credit,A 4,2025-06-19,369.0,ULTRA HOT,True,,2.50 | 17.50,D365,Steel & Metals,NO,,INC,INC at  | 365+ days overdue — most urgent,Your steel company's rating at CRISIL has been INC for 369.0 days. ACER specializes in steel sector — we can provide an active credit rating in 21 days.,NO
Kay Bee Indl. Alloys Pvt. Ltd.,CRISIL,Bank Guarantee | Short-term loan,A 4,2025-06-19,369.0,ULTRA HOT,True,,0.20 | 4.80,D365,Steel & Metals,NO,,INC,INC at  | 365+ days overdue — most urgent,Your steel company's rating at CRISIL has been INC for 369.0 days. ACER specializes in steel sector — we can provide an active credit rating in 21 days.,NO
Mongia Steel Ltd.,CRISIL,Bank Guarantee | Fund based financial facility/instrument | Letter Of credit,A-,2026-03-31,369.0,ULTRA HOT,False,,10.84 | 8.68,D365,Steel & Metals,NO,,Active,365+ days overdue — most urgent,"As an active steel company rated by CRISIL, ACER can offer competitive pricing and faster turnaround for your next rating cycle.",NO
Om Metals Auto Pvt. Ltd.,CARE,Non-government debt | Term loans,BB+/A4+,2025-07-04,365.0,ULTRA HOT,False,,66.55 | 76.75,D365,Steel & Metals,NO,,Active,365+ days overdue — most urgent,"As an active steel company rated by CARE, ACER can offer competitive pricing and faster turnaround for your next rating cycle.",NO
Sacheta Metals Ltd.,ICRA,Non-fund-based financial facility/instrument | Short-term loan,A 4,2025-06-23,365.0,ULTRA HOT,True,,6.20,D365,Steel & Metals,NO,,INC,INC at  | 365+ days overdue — most urgent,Your steel company's rating at ICRA has been INC for 365.0 days. ACER specializes in steel sector — we can provide an active credit rating in 21 days.,NO
Pioneer Steels,Infomerics,Long Term Bank Facilities,IVR BB (INC)(Downgraded),2025-06-23,365.0,ULTRA HOT,True,Infomerics,Rs. 71.50 Cr.,Infomerics,Steel & Metals,,NO,INC,INC at Infomerics | 365+ days overdue — most urgent,Your steel company's rating at Infomerics has been INC for 365.0 days. ACER specializes in steel sector — we can provide an active credit rating in 21 days.,NO
Kay E M Copper Pvt. Ltd.,BRICKWORK,Bank Guarantee | Non-fund-based financial facility/instrument | Term loans,D,2025-06-24,364.0,HOT,True,,12.00 | 0.20,D365,Steel & Metals,NO,,INC,INC at  | 180-365 days — approaching renewal,Your steel company's rating at BRICKWORK has been INC for 364.0 days. ACER specializes in steel sector — we can provide an active credit rating in 21 days.,NO
Mal Metalliks Pvt. Ltd. [Merged],CRISIL,Bank Guarantee | Term loans,A,2025-12-19,364.0,HOT,False,,0.76 | 1.72,D365,Steel & Metals,NO,,Active,180-365 days — approaching renewal,"As an active steel company rated by CRISIL, ACER can offer competitive pricing and faster turnaround for your next rating cycle.",NO
U P L Environmental Engineers Ltd.,CRISIL,Bank Guarantee | Fund based financial facility/instrument,A 4,2025-06-24,364.0,HOT,True,,11.00 | 0.75,D365,Steel & Metals,NO,,INC,INC at  | 180-365 days — approaching renewal,Your steel company's rating at CRISIL has been INC for 364.0 days. ACER specializes in steel sector — we can provide an active credit rating in 21 days.,NO
West Well Iron & Steel Pvt. Ltd.,CRISIL | IND-RA,Bank Guarantee | Long term Loans | Non-fund based working capital limit,A 4,2026-02-28,364.0,HOT,True,,12.75 | 3.00,D365,Steel & Metals,NO,,INC,INC at  | 180-365 days — approaching renewal,Your steel company's rating at CRISIL | IND-RA has been INC for 364.0 days. ACER specializes in steel sector — we can provide an active credit rating in 21 days.,NO
Abhirama Steels Ltd.,BRICKWORK | IND-RA,Term loans,D,2025-08-04,363.0,HOT,True,,1.62 | 3.80,D365,Steel & Metals,NO,,INC,INC at  | 180-365 days — approaching renewal,Your steel company's rating at BRICKWORK | IND-RA has been INC for 363.0 days. ACER specializes in steel sector — we can provide an active credit rating in 21 days.,NO
Accent Metals Pvt. Ltd.,IND-RA,Non-fund based working capital limit | Term loans,D,2025-06-25,363.0,HOT,True,,21.96 | 0.40,D365,Steel & Metals,NO,,INC,INC at  | 180-365 days — approaching renewal,Your steel company's rating at IND-RA has been INC for 363.0 days. ACER specializes in steel sector — we can provide an active credit rating in 21 days.,NO
Alicon Castalloy Ltd.,CRISIL,Letter Of credit | Term loans,A,2025-06-25,363.0,HOT,False,,74.30 | 10.70,D365,Steel & Metals,NO,,Active,180-365 days — approaching renewal,"As an active steel company rated by CRISIL, ACER can offer competitive pricing and faster turnaround for your next rating cycle.",NO
Ambekeshwar Steels Pvt. Ltd.,IND-RA,Term loans,B-,2025-06-25,363.0,HOT,True,,4.43,D365,Steel & Metals,NO,,INC,INC at  | 180-365 days — approaching renewal,Your steel company's rating at IND-RA has been INC for 363.0 days. ACER specializes in steel sector — we can provide an active credit rating in 21 days.,NO
Amerikan Steels Pvt. Ltd.,CRISIL,Fund based financial facility/instrument,BBB-,2025-06-25,363.0,HOT,False,,15.00,D365,Steel & Metals,NO,,Active,180-365 days — approaching renewal,"As an active steel company rated by CRISIL, ACER can offer competitive pricing and faster turnaround for your next rating cycle.",NO
B M C Ferrocast Pvt. Ltd.,CRISIL,Long term Loans,B,2025-06-25,363.0,HOT,True,,13.60,D365,Steel & Metals,NO,,INC,INC at  | 180-365 days — approaching renewal,Your steel company's rating at CRISIL has been INC for 363.0 days. ACER specializes in steel sector — we can provide an active credit rating in 21 days.,NO
Batliboi Environmental Engineering Ltd. [Merged],ACUITE | IND-RA,Bank Guarantee | Letter Of credit | Long term Loans,A 4,2025-07-29,363.0,HOT,True,,0.25 | 19.75,D365,Steel & Metals,NO,,INC,INC at  | 180-365 days — approaching renewal,Your steel company's rating at ACUITE | IND-RA has been INC for 363.0 days. ACER specializes in steel sector — we can provide an active credit rating in 21 days.,NO
Bhadrashree Steel & Power Ltd.,BRICKWORK | IND-RA,Non-government debt | Term loans,B,2025-06-25,363.0,HOT,True,,21.00 | 0.51,D365,Steel & Metals,NO,,INC,INC at  | 180-365 days — approaching renewal,Your steel company's rating at BRICKWORK | IND-RA has been INC for 363.0 days. ACER specializes in steel sector — we can provide an active credit rating in 21 days.,NO
Bhandari Steels Ltd.,CRISIL,Fund based financial facility/instrument | Letter Of credit | Long term Loans,B+,2025-06-25,363.0,HOT,True,,11.00 | 5.00,D365,Steel & Metals,NO,,INC,INC at  | 180-365 days — approaching renewal,Your steel company's rating at CRISIL has been INC for 363.0 days. ACER specializes in steel sector — we can provide an active credit rating in 21 days.,NO
Champion Rolling Mill Pvt. Ltd.,IND-RA,Non-fund based working capital limit | Term loans,A 4+,2025-06-25,363.0,HOT,True,,14.00 | 2.34,D365,Steel & Metals,NO,,INC,INC at  | 180-365 days — approaching renewal,Your steel company's rating at IND-RA has been INC for 363.0 days. ACER specializes in steel sector — we can provide an active credit rating in 21 days.,YES
Emjay Steel Udyyog Pvt. Ltd.,IND-RA,Non-fund based working capital limit | Term loans,A 4,2025-06-25,363.0,HOT,True,,15.00 | 13.80,D365,Steel & Metals,NO,,INC,INC at  | 180-365 days — approaching renewal,Your steel company's rating at IND-RA has been INC for 363.0 days. ACER specializes in steel sector — we can provide an active credit rating in 21 days.,NO
Gokul Steels Pvt. Ltd.,CRISIL | IND-RA,Long term Loans | Term loans,B,2026-03-18,363.0,HOT,True,,3.92 | 3.05,D365,Steel & Metals,NO,,INC,INC at  | 180-365 days — approaching renewal,Your steel company's rating at CRISIL | IND-RA has been INC for 363.0 days. ACER specializes in steel sector — we can provide an active credit rating in 21 days.,NO
Hindustan Ferro Alloy Inds. Pvt. Ltd.,IND-RA,Non-fund based working capital limit,A 4,2025-06-25,363.0,HOT,True,,6.50,D365,Steel & Metals,NO,,INC,INC at  | 180-365 days — approaching renewal,Your steel company's rating at IND-RA has been INC for 363.0 days. ACER specializes in steel sector — we can provide an active credit rating in 21 days.,NO
Hy Tuf Steels Pvt. Ltd.,IND-RA,Non-fund based working capital limit | Term loans,A 4+,2025-06-25,363.0,HOT,True,,0.80 | 3.48,D365,Steel & Metals,NO,,INC,INC at  | 180-365 days — approaching renewal,Your steel company's rating at IND-RA has been INC for 363.0 days. ACER specializes in steel sector — we can provide an active credit rating in 21 days.,NO
India Steel Continental Pvt. Ltd.,CARE | CRISIL | IND-RA,Bank Guarantee | Letter Of credit | Non-fund based working capital limit,A 4,2025-11-04,363.0,HOT,True,,1.50 | 19.47,D365,Steel & Metals,NO,,INC,INC at  | 180-365 days — approaching renewal,Your steel company's rating at CARE | CRISIL | IND-RA has been INC for 363.0 days. ACER specializes in steel sector — we can provide an active credit rating in 21 days.,NO
Iron Triangle Ltd.,CARE | CRISIL | ICRA,Bank Guarantee | Fund based financial facility/instrument | Non-fund-based financial facility/instrument,A/A1,2026-02-05,363.0,HOT,True,,160.00 | 525.00,D365,Steel & Metals,NO,,INC,INC at  | 180-365 days — approaching renewal,Your steel company's rating at CARE | CRISIL | ICRA has been INC for 363.0 days. ACER specializes in steel sector — we can provide an active credit rating in 21 days.,NO
L Madanlal (Aluminium) Ltd.,ACUITE | IND-RA,Letter Of credit | Non-fund based working capital limit,A 4,2026-04-15,363.0,HOT,True,,1.00 | 2.00,D365,Steel & Metals,NO,,INC,INC at  | 180-365 days — approaching renewal,Your steel company's rating at ACUITE | IND-RA has been INC for 363.0 days. ACER specializes in steel sector — we can provide an active credit rating in 21 days.,NO
Shri Satguru Metalloys Pvt. Ltd.,BRICKWORK,Term loans,C,2025-06-25,363.0,HOT,True,,1.96,D365,Steel & Metals,NO,,INC,INC at  | 180-365 days — approaching renewal,Your steel company's rating at BRICKWORK has been INC for 363.0 days. ACER specializes in steel sector — we can provide an active credit rating in 21 days.,NO
Kashvi Power & Steel Private Limited,Infomerics,Long Term Bank Facilities | Short Term Bank Facilities,IVR BBB (Upgraded),2025-06-25,363.0,HOT,False,,Rs. 64.99 Cr. | Rs. 95.01 Cr.,Infomerics,Steel & Metals,,NO,Active,180-365 days — approaching renewal,"As an active steel company rated by Infomerics, ACER can offer competitive pricing and faster turnaround for your next rating cycle.",YES
J S S Steelitalia Ltd. [Merged],ACUITE | CRISIL,Letter Of credit | Long term Loans,A 4,2025-12-10,362.0,HOT,True,,5.00 | 10.00,D365,Steel & Metals,NO,,INC,INC at  | 180-365 days — approaching renewal,Your steel company's rating at ACUITE | CRISIL has been INC for 362.0 days. ACER specializes in steel sector — we can provide an active credit rating in 21 days.,NO
Kedar Metals Pvt. Ltd.,ACUITE | ICRA,Long term Loans | Non-fund-based financial facility/instrument,A 4,2026-03-13,362.0,HOT,True,,2.00 | 0.12,D365,Steel & Metals,NO,,INC,INC at  | 180-365 days — approaching renewal,Your steel company's rating at ACUITE | ICRA has been INC for 362.0 days. ACER specializes in steel sector — we can provide an active credit rating in 21 days.,NO
Mahamaya Steel Inds. Ltd.,CARE | ICRA,Non-fund-based financial facility/instrument | Non-government debt | Term loans,A 4,2025-11-27,362.0,HOT,True,,36.00 | 10.50,D365,Steel & Metals,NO,,INC,INC at  | 180-365 days — approaching renewal,Your steel company's rating at CARE | ICRA has been INC for 362.0 days. ACER specializes in steel sector — we can provide an active credit rating in 21 days.,NO
Paras Bhavani Steel Pvt. Ltd.,ACUITE | CARE,Fund based financial facility/instrument | Letter Of credit | Long term Loans,D,2026-02-06,362.0,HOT,True,,22.00 | 6.68,D365,Steel & Metals,NO,,INC,INC at  | 180-365 days — approaching renewal,Your steel company's rating at ACUITE | CARE has been INC for 362.0 days. ACER specializes in steel sector — we can provide an active credit rating in 21 days.,NO
Pentagon Aluminium Co. Pvt. Ltd.,CARE,Term loans,D,2025-06-26,362.0,HOT,True,,12.08,D365,Steel & Metals,NO,,INC,INC at  | 180-365 days — approaching renewal,Your steel company's rating at CARE has been INC for 362.0 days. ACER specializes in steel sector — we can provide an active credit rating in 21 days.,NO
Sakthi Ferro Alloys (India) Pvt. Ltd.,CARE,Non-government debt,BB+/A4+,2025-06-26,362.0,HOT,False,,80.00,D365,Steel & Metals,NO,,Active,180-365 days — approaching renewal,"As an active steel company rated by CARE, ACER can offer competitive pricing and faster turnaround for your next rating cycle.",YES
Sri Ganesh Sponge Iron Private Limited,Infomerics,Long Term Bank Facilities | Long Term Bank Facilities (Proposed),IVR BBB (CE)(Reaffirmed),2025-06-26,362.0,HOT,False,,Rs. 39.33 Cr. | Rs. 8.67 Cr.,Infomerics,Steel & Metals,,NO,Active,180-365 days — approaching renewal,"As an active steel company rated by Infomerics, ACER can offer competitive pricing and faster turnaround for your next rating cycle.",NO
Apollo Metalex Ltd.,ICRA,Non-fund-based financial facility/instrument | Non-government debt,A 1+,2026-02-26,361.0,HOT,False,,68.00 | 8.00,D365,Steel & Metals,NO,,Active,180-365 days — approaching renewal,"As an active steel company rated by ICRA, ACER can offer competitive pricing and faster turnaround for your next rating cycle.",NO
Bansal Alloys & Metals Pvt. Ltd.,ICRA,Non-fund-based financial facility/instrument | Non-government debt | Term loans,A 2,2025-08-01,358.0,HOT,False,,14.20 | 3.96,D365,Steel & Metals,NO,,Active,180-365 days — approaching renewal,"As an active steel company rated by ICRA, ACER can offer competitive pricing and faster turnaround for your next rating cycle.",NO
M I T C Rolling Mill Pvt. Ltd.,ICRA,Non-government debt,BBB+/A2+,2025-06-30,358.0,HOT,False,,85.00,D365,Steel & Metals,NO,,Active,180-365 days — approaching renewal,"As an active steel company rated by ICRA, ACER can offer competitive pricing and faster turnaround for your next rating cycle.",NO
Pradeep Stainless India Pvt. Ltd.,CRISIL,Letter Of credit | Long term Loans,A 3,2026-04-09,358.0,HOT,True,,7.00 | 3.71,D365,Steel & Metals,NO,,INC,INC at  | 180-365 days — approaching renewal,Your steel company's rating at CRISIL has been INC for 358.0 days. ACER specializes in steel sector — we can provide an active credit rating in 21 days.,NO
Ramnik Power & Alloys Pvt. Ltd.,CRISIL | IND-RA,Long term Loans | Non-government debt | Term loans,BBB,2025-10-08,358.0,HOT,True,,4.93 | 104.14,D365,Steel & Metals,NO,,INC,INC at  | 180-365 days — approaching renewal,Your steel company's rating at CRISIL | IND-RA has been INC for 358.0 days. ACER specializes in steel sector — we can provide an active credit rating in 21 days.,NO
Tata Steel Ltd.,CARE | IND-RA,Non-government debt | Term loans,AA+,2025-12-03,358.0,HOT,False,,13665.00 | 16165.00,D365,Steel & Metals,NO,,Active,180-365 days — approaching renewal,"As an active steel company rated by CARE | IND-RA, ACER can offer competitive pricing and faster turnaround for your next rating cycle.",NO
Sagar Metallics Private Limited,Infomerics,Long Term Bank Facilities,IVR B (INC)(Downgraded),2025-06-30,358.0,HOT,True,Infomerics,Rs. 14.57 Cr.,Infomerics,Steel & Metals,,NO,INC,INC at Infomerics | 180-365 days — approaching renewal,Your steel company's rating at Infomerics has been INC for 358.0 days. ACER specializes in steel sector — we can provide an active credit rating in 21 days.,NO
D S Alloys Pvt. Ltd.,CRISIL,Letter Of credit | Non-fund-based financial facility/instrument,A 3,2025-07-01,357.0,HOT,False,,35.00 | 4.64,D365,Steel & Metals,NO,,Active,180-365 days — approaching renewal,"As an active steel company rated by CRISIL, ACER can offer competitive pricing and faster turnaround for your next rating cycle.",NO
Rohit Iron & Steel (India) Pvt. Ltd.,BRICKWORK,Non-government debt,BB+/A4+,2025-07-01,357.0,HOT,True,,25.00,D365,Steel & Metals,NO,,INC,INC at  | 180-365 days — approaching renewal,Your steel company's rating at BRICKWORK has been INC for 357.0 days. ACER specializes in steel sector — we can provide an active credit rating in 21 days.,NO
Sree Metaliks Ltd.,ACUITE,Long term Loans | Short-term loan,A 2+,2026-03-31,357.0,HOT,False,,50.00 | 200.00,D365,Steel & Metals,NO,,Active,180-365 days — approaching renewal,"As an active steel company rated by ACUITE, ACER can offer competitive pricing and faster turnaround for your next rating cycle.",NO
Super Iron Foundry Ltd.,BRICKWORK | CARE | CRISIL,Bank Guarantee | Term loans,A 4,2026-03-25,357.0,HOT,True,,1.79 | 1.84,D365,Steel & Metals,NO,,INC,INC at  | 180-365 days — approaching renewal,Your steel company's rating at BRICKWORK | CARE | CRISIL has been INC for 357.0 days. ACER specializes in steel sector — we can provide an active credit rating in 21 days.,YES
M K K Metal Sections Pvt. Ltd.,CRISIL,Letter Of credit | Term loans,A 3,2025-07-02,356.0,HOT,False,,85.00 | 10.00,D365,Steel & Metals,NO,,Active,180-365 days — approaching renewal,"As an active steel company rated by CRISIL, ACER can offer competitive pricing and faster turnaround for your next rating cycle.",NO
M N S Metal & Profiles Pvt. Ltd.,CRISIL,Short-term loan,A 4+,2025-07-02,356.0,HOT,False,,4.00,D365,Steel & Metals,NO,,Active,180-365 days — approaching renewal,"As an active steel company rated by CRISIL, ACER can offer competitive pricing and faster turnaround for your next rating cycle.",NO
Shree Ganesh Metaliks Pvt. Ltd.,BRICKWORK,Fund based financial facility/instrument | Non-fund-based financial facility/instrument,BBB,2025-07-02,356.0,HOT,False,,191.13 | 16.50,D365,Steel & Metals,NO,,Active,180-365 days — approaching renewal,"As an active steel company rated by BRICKWORK, ACER can offer competitive pricing and faster turnaround for your next rating cycle.",NO
A I C Iron Inds. Pvt. Ltd.,ACUITE | CRISIL,Bank Guarantee | Fund based financial facility/instrument | Letter Of credit,A,2026-01-08,355.0,HOT,False,,160.00 | 83.00,D365,Steel & Metals,NO,,Active,180-365 days — approaching renewal,"As an active steel company rated by ACUITE | CRISIL, ACER can offer competitive pricing and faster turnaround for your next rating cycle.",NO
Astrotech Steels Pvt. Ltd.,CRISIL,Long term Loans | Term loans,BBB+,2026-04-02,355.0,HOT,False,,102.46 | 17.54,D365,Steel & Metals,NO,,Active,180-365 days — approaching renewal,"As an active steel company rated by CRISIL, ACER can offer competitive pricing and faster turnaround for your next rating cycle.",NO
Lall Steels Pvt. Ltd.,CARE,Non-government debt | Term loans,BB-/A4,2025-07-03,355.0,HOT,True,,8.11 | 13.55,D365,Steel & Metals,NO,,INC,INC at  | 180-365 days — approaching renewal,Your steel company's rating at CARE has been INC for 355.0 days. ACER specializes in steel sector — we can provide an active credit rating in 21 days.,NO
Manaksia Steels Ltd.,CARE,Bank Guarantee,A 2+,2025-07-21,355.0,HOT,False,,330.00 | 440.00,D365,Steel & Metals,NO,,Active,180-365 days — approaching renewal,"As an active steel company rated by CARE, ACER can offer competitive pricing and faster turnaround for your next rating cycle.",NO
J S W Steel Ltd.,CARE | ICRA,Bank Guarantee | Fund based financial facility/instrument | Non-fund-based financial facility/instrument,AA/A1+,2025-12-12,354.0,HOT,False,,11559.00 | 8372.00,D365,Steel & Metals,NO,,Active,180-365 days — approaching renewal,"As an active steel company rated by CARE | ICRA, ACER can offer competitive pricing and faster turnaround for your next rating cycle.",NO
Ratnadeep Metal & Tubes Ltd.,CRISIL | IND-RA,Bank Guarantee | Letter Of credit | Non-fund based working capital limit,A 3+,2026-04-28,354.0,HOT,True,,6.00 | 48.00,D365,Steel & Metals,NO,,INC,INC at  | 180-365 days — approaching renewal,Your steel company's rating at CRISIL | IND-RA has been INC for 354.0 days. ACER specializes in steel sector — we can provide an active credit rating in 21 days.,NO
S K H Metals Ltd.,ICRA,Non-fund-based financial facility/instrument | Non-government debt | Term loans,A-/A2+,2025-07-04,354.0,HOT,False,,295.00 | 345.08,D365,Steel & Metals,NO,,Active,180-365 days — approaching renewal,"As an active steel company rated by ICRA, ACER can offer competitive pricing and faster turnaround for your next rating cycle.",NO
Ambey Metallic Pvt. Ltd.,ACUITE,Bank Guarantee | Letter Of credit,A 4+,2025-07-07,351.0,HOT,True,,0.35 | 18.00,D365,Steel & Metals,NO,,INC,INC at  | 180-365 days — approaching renewal,Your steel company's rating at ACUITE has been INC for 351.0 days. ACER specializes in steel sector — we can provide an active credit rating in 21 days.,NO
B D G Polysteel Ltd.,CARE,Bank Guarantee | Letter Of credit,A 4+,2025-07-07,351.0,HOT,False,,1.62 | 7.00,D365,Steel & Metals,NO,,Active,180-365 days — approaching renewal,"As an active steel company rated by CARE, ACER can offer competitive pricing and faster turnaround for your next rating cycle.",NO
Eswari Global Metal Inds. Pvt. Ltd.,ACUITE,Letter Of credit | Long term Loans,A 4+,2025-07-07,351.0,HOT,True,,12.00 | 0.12,D365,Steel & Metals,NO,,INC,INC at  | 180-365 days — approaching renewal,Your steel company's rating at ACUITE has been INC for 351.0 days. ACER specializes in steel sector — we can provide an active credit rating in 21 days.,NO
Maan Steel & Power Ltd.,CRISIL,Bank Guarantee | Letter Of credit | Term loans,A-,2025-07-07,351.0,HOT,False,,20.00 | 55.00,D365,Steel & Metals,NO,,Active,180-365 days — approaching renewal,"As an active steel company rated by CRISIL, ACER can offer competitive pricing and faster turnaround for your next rating cycle.",NO
Raipur Power & Steel Ltd.,CARE,Bank Guarantee | Letter Of credit | Term loans,D,2025-07-07,351.0,HOT,False,,,D365,Steel & Metals,NO,,Active,180-365 days — approaching renewal,"As an active steel company rated by CARE, ACER can offer competitive pricing and faster turnaround for your next rating cycle.",NO
Blackrock Steel & Power Private Limited,Infomerics,Long Term Bank Facility (including proposed limit of Rs. 5.00 Crore),IVR BBB- (Reaffirmed),2025-07-07,351.0,HOT,False,,Rs. 33.00 Cr. (reduced from Rs. 33.50 Cr.),Infomerics,Steel & Metals,,NO,Active,180-365 days — approaching renewal,"As an active steel company rated by Infomerics, ACER can offer competitive pricing and faster turnaround for your next rating cycle.",NO
Amba Shakti Steels Ltd.,CRISIL,Bank Guarantee | Fund based financial facility/instrument | Letter Of credit,A 3+,2026-02-20,350.0,HOT,False,,16.00 | 0.50,D365,Steel & Metals,NO,,Active,180-365 days — approaching renewal,"As an active steel company rated by CRISIL, ACER can offer competitive pricing and faster turnaround for your next rating cycle.",YES
Dhanlaxmi Iron Inds. Pvt. Ltd.,CRISIL | ICRA,Bank Guarantee | Letter Of credit,A 4+,2025-07-30,350.0,HOT,True,,8.00,D365,Steel & Metals,NO,,INC,INC at  | 180-365 days — approaching renewal,Your steel company's rating at CRISIL | ICRA has been INC for 350.0 days. ACER specializes in steel sector — we can provide an active credit rating in 21 days.,NO
Shyam Ferrous Ltd.,CRISIL,Non-fund-based financial facility/instrument | Term loans,A 3,2026-01-02,350.0,HOT,False,,1.21 | 30.17,D365,Steel & Metals,NO,,Active,180-365 days — approaching renewal,"As an active steel company rated by CRISIL, ACER can offer competitive pricing and faster turnaround for your next rating cycle.",NO
Stalwart Alloys India Ltd.,BRICKWORK,Fund based financial facility/instrument | Letter Of credit,B,2025-07-08,350.0,HOT,True,,1.07 | 20.00,D365,Steel & Metals,NO,,INC,INC at  | 180-365 days — approaching renewal,Your steel company's rating at BRICKWORK has been INC for 350.0 days. ACER specializes in steel sector — we can provide an active credit rating in 21 days.,NO
Mangalam Alloys Limited,Infomerics,Long Term Bank Facilities | Short Term Bank Facilities,IVR BBB (Reaffirmed),2025-07-08,350.0,HOT,False,,Rs. 160.79 Cr. | Rs. 21.36 Cr.,Infomerics,Steel & Metals,,NO,Active,180-365 days — approaching renewal,"As an active steel company rated by Infomerics, ACER can offer competitive pricing and faster turnaround for your next rating cycle.",NO
Supershakti Metaliks Ltd.,CARE,Bank Guarantee,A 2,2025-07-09,349.0,HOT,False,,11.00 | 39.00,D365,Steel & Metals,NO,,Active,180-365 days — approaching renewal,"As an active steel company rated by CARE, ACER can offer competitive pricing and faster turnaround for your next rating cycle.",NO
Armour Steel Buildings India Pvt. Ltd.,CARE | CRISIL,Bank Guarantee | Long term Loans | Non-government debt,A 4,2025-08-12,348.0,HOT,True,,2.00 | 4.00,D365,Steel & Metals,NO,,INC,INC at  | 180-365 days — approaching renewal,Your steel company's rating at CARE | CRISIL has been INC for 348.0 days. ACER specializes in steel sector — we can provide an active credit rating in 21 days.,NO
Nilanjan Iron Pvt. Ltd.,CRISIL,Bank Guarantee | Fund based financial facility/instrument | Letter Of credit,A 4+,2025-07-10,348.0,HOT,True,,2.00 | 7.00,D365,Steel & Metals,NO,,INC,INC at  | 180-365 days — approaching renewal,Your steel company's rating at CRISIL has been INC for 348.0 days. ACER specializes in steel sector — we can provide an active credit rating in 21 days.,NO
Proxima Steel Forge Pvt. Ltd.,CARE,Non-fund based working capital limit | Non-government debt | Term loans,A 4,2025-07-10,348.0,HOT,False,,1.50 | 38.00,D365,Steel & Metals,NO,,Active,180-365 days — approaching renewal,"As an active steel company rated by CARE, ACER can offer competitive pricing and faster turnaround for your next rating cycle.",NO
Shanti Metalfab Pvt. Ltd.,BRICKWORK,Bank Guarantee,A 4,2025-07-11,347.0,HOT,True,,3.00,D365,Steel & Metals,NO,,INC,INC at  | 180-365 days — approaching renewal,Your steel company's rating at BRICKWORK has been INC for 347.0 days. ACER specializes in steel sector — we can provide an active credit rating in 21 days.,NO
Shree Krishna Rolling Mills (Jaipur) Ltd.,BRICKWORK | CRISIL,Bank Guarantee | Fund based financial facility/instrument | Term loans,A 4,2025-12-18,347.0,HOT,True,,12.00 | 4.00,D365,Steel & Metals,NO,,INC,INC at  | 180-365 days — approaching renewal,Your steel company's rating at BRICKWORK | CRISIL has been INC for 347.0 days. ACER specializes in steel sector — we can provide an active credit rating in 21 days.,YES
Shritirupati Steelcast Ltd.,CRISIL,Term loans,BB+,2025-07-11,347.0,HOT,True,,11.68,D365,Steel & Metals,NO,,INC,INC at  | 180-365 days — approaching renewal,Your steel company's rating at CRISIL has been INC for 347.0 days. ACER specializes in steel sector — we can provide an active credit rating in 21 days.,NO
Chennai United Metal Inds. Pvt. Ltd.,BRICKWORK | CRISIL,Bank Guarantee | Letter Of credit | Non-fund-based financial facility/instrument,A 4+,2025-11-29,344.0,HOT,False,,16.92 | 16.00,D365,Steel & Metals,NO,,Active,180-365 days — approaching renewal,"As an active steel company rated by BRICKWORK | CRISIL, ACER can offer competitive pricing and faster turnaround for your next rating cycle.",NO
Patson Steels Pvt. Ltd.,BRICKWORK | CRISIL,Fund based financial facility/instrument,B+,2025-08-28,344.0,HOT,True,,12.00 | 5.00,D365,Steel & Metals,NO,,INC,INC at  | 180-365 days — approaching renewal,Your steel company's rating at BRICKWORK | CRISIL has been INC for 344.0 days. ACER specializes in steel sector — we can provide an active credit rating in 21 days.,NO
Sun Steel & Power Pvt. Ltd.,CRISIL,Long term Loans | Term loans,BBB+,2025-08-04,344.0,HOT,False,,4.86 | 10.64,D365,Steel & Metals,NO,,Active,180-365 days — approaching renewal,"As an active steel company rated by CRISIL, ACER can offer competitive pricing and faster turnaround for your next rating cycle.",NO
Calcast Ferrous Ltd.,CRISIL,Bank Guarantee | Letter Of credit,A 4+,2025-07-15,343.0,HOT,True,,4.00 | 0.50,D365,Steel & Metals,NO,,INC,INC at  | 180-365 days — approaching renewal,Your steel company's rating at CRISIL has been INC for 343.0 days. ACER specializes in steel sector — we can provide an active credit rating in 21 days.,NO
R P Multimetals Ltd.,BRICKWORK | CARE | CRISIL,Fund based financial facility/instrument | Letter Of credit | Term loans,A 4,2025-09-17,343.0,HOT,True,,30.00 | 7.50,D365,Steel & Metals,NO,,INC,INC at  | 180-365 days — approaching renewal,Your steel company's rating at BRICKWORK | CARE | CRISIL has been INC for 343.0 days. ACER specializes in steel sector — we can provide an active credit rating in 21 days.,NO
Scan Steels Ltd.,CRISIL,Bank Guarantee | Term loans,A 2+,2025-07-15,343.0,HOT,False,,4.00 | 9.00,D365,Steel & Metals,NO,,Active,180-365 days — approaching renewal,"As an active steel company rated by CRISIL, ACER can offer competitive pricing and faster turnaround for your next rating cycle.",NO
Vraj Metaliks Pvt. Ltd.,CARE,Letter Of credit,A 3,2025-07-15,343.0,HOT,False,,10.00,D365,Steel & Metals,NO,,Active,180-365 days — approaching renewal,"As an active steel company rated by CARE, ACER can offer competitive pricing and faster turnaround for your next rating cycle.",NO
G B R Metals Pvt. Ltd.,BRICKWORK | CARE,Fund based financial facility/instrument | Letter Of credit | Non-government debt,B+/A4,2025-12-22,342.0,HOT,True,,4.00 | 1.44,D365,Steel & Metals,NO,,INC,INC at  | 180-365 days — approaching renewal,Your steel company's rating at BRICKWORK | CARE has been INC for 342.0 days. ACER specializes in steel sector — we can provide an active credit rating in 21 days.,NO
Millenium Steel India Pvt. Ltd.,CARE | CRISIL,Letter Of credit | Long term Loans,A 4,2025-10-09,342.0,HOT,True,,16.00 | 0.75,D365,Steel & Metals,NO,,INC,INC at  | 180-365 days — approaching renewal,Your steel company's rating at CARE | CRISIL has been INC for 342.0 days. ACER specializes in steel sector — we can provide an active credit rating in 21 days.,YES
Sical Iron Ore Terminals Ltd.,ICRA,Long term Loans | Non-fund-based financial facility/instrument | Short-term loan,D,2025-07-16,342.0,HOT,True,,60.00 | 500.00,D365,Steel & Metals,NO,,INC,INC at  | 180-365 days — approaching renewal,Your steel company's rating at ICRA has been INC for 342.0 days. ACER specializes in steel sector — we can provide an active credit rating in 21 days.,NO
SBA Metals And Steel Private Limited,Infomerics,Long term Bank Facilities,IVR BBB- (Reaffirmed),2025-07-16,342.0,HOT,False,,Rs. 47.81 Cr. (Enhanced from Rs. 37.09 Cr.) | 0.00 (Reduced from Rs. 0.44 Cr.),Infomerics,Steel & Metals,,NO,Active,180-365 days — approaching renewal,"As an active steel company rated by Infomerics, ACER can offer competitive pricing and faster turnaround for your next rating cycle.",NO
Alankar Alloys Pvt. Ltd.,CRISIL,Term loans,BBB+,2025-07-17,341.0,HOT,False,,2.32,D365,Steel & Metals,NO,,Active,180-365 days — approaching renewal,"As an active steel company rated by CRISIL, ACER can offer competitive pricing and faster turnaround for your next rating cycle.",NO
Punjab Metal Works Pvt. Ltd.,CRISIL | IND-RA,Letter Of credit | Non-government debt,A 4,2026-04-02,341.0,HOT,True,,5.00 | 5.50,D365,Steel & Metals,NO,,INC,INC at  | 180-365 days — approaching renewal,Your steel company's rating at CRISIL | IND-RA has been INC for 341.0 days. ACER specializes in steel sector — we can provide an active credit rating in 21 days.,NO
Heritage Alloys Private Limited,Infomerics,Long Term Bank Facilities | Long Term Bank Facilities - Proposed | Short Term Bank Facilities,IVR BBB- (Assigned),2025-07-17,341.0,HOT,False,,Rs. 28.57 Cr. | Rs. 4.93 Cr.,Infomerics,Steel & Metals,,NO,Active,180-365 days — approaching renewal,"As an active steel company rated by Infomerics, ACER can offer competitive pricing and faster turnaround for your next rating cycle.",NO
Laxmi Metal Pressing works Private Limited,Infomerics,Long term Bank Facilities | Short term Bank Facilities,IVR BBB- (Upgraded),2025-07-17,341.0,HOT,False,,Rs. 61.17 Cr. (Reduced from Rs. 72.15 crore) | Rs. 27.00 Cr.,Infomerics,Steel & Metals,,NO,Active,180-365 days — approaching renewal,"As an active steel company rated by Infomerics, ACER can offer competitive pricing and faster turnaround for your next rating cycle.",NO
Sarvottam Rolling Mills Private Limited,Infomerics,Long Term Bank Facilities,IVR B+ (INC)(Downgraded),2025-07-17,341.0,HOT,True,Infomerics,Rs. 15.00 Cr.,Infomerics,Steel & Metals,,NO,INC,INC at Infomerics | 180-365 days — approaching renewal,Your steel company's rating at Infomerics has been INC for 341.0 days. ACER specializes in steel sector — we can provide an active credit rating in 21 days.,YES
Apollo Vikas Steels Pvt. Ltd.,BRICKWORK | CRISIL,Letter Of credit,A 4,2025-10-15,340.0,HOT,True,,46.00 | 42.00,D365,Steel & Metals,NO,,INC,INC at  | 180-365 days — approaching renewal,Your steel company's rating at BRICKWORK | CRISIL has been INC for 340.0 days. ACER specializes in steel sector — we can provide an active credit rating in 21 days.,NO
Mascom Steel (India) Pvt. Ltd.,IND-RA,Term loans,B-,2025-07-18,340.0,HOT,True,,4.80,D365,Steel & Metals,NO,,INC,INC at  | 180-365 days — approaching renewal,Your steel company's rating at IND-RA has been INC for 340.0 days. ACER specializes in steel sector — we can provide an active credit rating in 21 days.,NO
Meghalaya Cast & Alloys Pvt. Ltd.,CRISIL | IND-RA,Bank Guarantee | Non-fund based working capital limit | Term loans,A 4,2025-10-09,340.0,HOT,True,,2.13 | 1.01,D365,Steel & Metals,NO,,INC,INC at  | 180-365 days — approaching renewal,Your steel company's rating at CRISIL | IND-RA has been INC for 340.0 days. ACER specializes in steel sector — we can provide an active credit rating in 21 days.,NO
Nexus Electro Steel Ltd.,CRISIL,Bank Guarantee | Letter Of credit | Long term Loans,D,2025-07-18,340.0,HOT,True,,1.50 | 33.00,D365,Steel & Metals,NO,,INC,INC at  | 180-365 days — approaching renewal,Your steel company's rating at CRISIL has been INC for 340.0 days. ACER specializes in steel sector — we can provide an active credit rating in 21 days.,NO
Niagara Metals India Ltd.,CARE | IND-RA,Bank Guarantee | Letter Of credit | Non-fund based working capital limit,D,2025-11-18,340.0,HOT,True,,16.00 | 2.00,D365,Steel & Metals,NO,,INC,INC at  | 180-365 days — approaching renewal,Your steel company's rating at CARE | IND-RA has been INC for 340.0 days. ACER specializes in steel sector — we can provide an active credit rating in 21 days.,NO
Pioneer Torsteel Mills Pvt. Ltd.,IND-RA,Non-fund based working capital limit | Term loans,D,2025-07-18,340.0,HOT,True,,4.00 | 18.50,D365,Steel & Metals,NO,,INC,INC at  | 180-365 days — approaching renewal,Your steel company's rating at IND-RA has been INC for 340.0 days. ACER specializes in steel sector — we can provide an active credit rating in 21 days.,NO
S M E Steels Pvt. Ltd.,IND-RA,Non-fund based working capital limit,A 4+,2025-07-18,340.0,HOT,True,,0.21,D365,Steel & Metals,NO,,INC,INC at  | 180-365 days — approaching renewal,Your steel company's rating at IND-RA has been INC for 340.0 days. ACER specializes in steel sector — we can provide an active credit rating in 21 days.,NO
Sarvottam Rolling Mills Pvt. Ltd.,CARE | IND-RA,Bank Guarantee | Non-fund based working capital limit | Non-government debt,A 4,2026-03-19,340.0,HOT,True,,5.50,D365,Steel & Metals,NO,,INC,INC at  | 180-365 days — approaching renewal,Your steel company's rating at CARE | IND-RA has been INC for 340.0 days. ACER specializes in steel sector — we can provide an active credit rating in 21 days.,YES
Venus Alloys Pvt. Ltd.,ACUITE | IND-RA,Long term Loans | Term loans,B+,2026-01-06,340.0,HOT,True,,21.91 | 5.40,D365,Steel & Metals,NO,,INC,INC at  | 180-365 days — approaching renewal,Your steel company's rating at ACUITE | IND-RA has been INC for 340.0 days. ACER specializes in steel sector — we can provide an active credit rating in 21 days.,NO
Yazdani Steel & Power Ltd.,ACUITE | IND-RA,Bank Guarantee | Letter Of credit | Long term Loans,D,2025-07-23,340.0,HOT,True,,7.51 | 43.49,D365,Steel & Metals,NO,,INC,INC at  | 180-365 days — approaching renewal,Your steel company's rating at ACUITE | IND-RA has been INC for 340.0 days. ACER specializes in steel sector — we can provide an active credit rating in 21 days.,NO
Global Copper Pvt. Ltd. [Merged],ACUITE,Bank Guarantee | Long term Loans | Term loans,A 2,2025-07-21,337.0,HOT,False,,1.00 | 2.17,D365,Steel & Metals,NO,,Active,180-365 days — approaching renewal,"As an active steel company rated by ACUITE, ACER can offer competitive pricing and faster turnaround for your next rating cycle.",NO
Jindal Stainless Steelway Ltd. [Merged],ACUITE | CARE | IND-RA,Bank Guarantee | Fund based financial facility/instrument | Letter Of credit,A 1+,2026-01-12,337.0,HOT,False,,10.00 | 95.00,D365,Steel & Metals,NO,,Active,180-365 days — approaching renewal,"As an active steel company rated by ACUITE | CARE | IND-RA, ACER can offer competitive pricing and faster turnaround for your next rating cycle.",NO
Lloyds Metals & Energy Ltd.,CRISIL | IND-RA,Debentures / Bonds / notes / bills | Long term Loans | Non-government debt,AA,2026-04-20,337.0,HOT,False,,1000.00 | 2500.00,D365,Steel & Metals,NO,,Active,180-365 days — approaching renewal,"As an active steel company rated by CRISIL | IND-RA, ACER can offer competitive pricing and faster turnaround for your next rating cycle.",NO
Minera Steel & Power Pvt. Ltd.,ICRA | IND-RA,Non-fund based working capital limit | Non-fund-based financial facility/instrument | Non-government debt,A+/A1,2025-10-23,337.0,HOT,False,,76.01 | 48.96,D365,Steel & Metals,NO,,Active,180-365 days — approaching renewal,"As an active steel company rated by ICRA | IND-RA, ACER can offer competitive pricing and faster turnaround for your next rating cycle.",NO
N M D C Steel Ltd.,CRISIL | IND-RA,Non-fund based working capital limit | Term loans,BBB+,2025-12-19,337.0,HOT,False,,4500.00 | 1500.00,D365,Steel & Metals,NO,,Active,180-365 days — approaching renewal,"As an active steel company rated by CRISIL | IND-RA, ACER can offer competitive pricing and faster turnaround for your next rating cycle.",NO
Saluja Steel & Power Pvt. Ltd.,CARE | CRISIL,Bank Guarantee | Fund based financial facility/instrument | Letter Of credit,A 4,2026-02-27,337.0,HOT,True,,8.50 | 14.15,D365,Steel & Metals,NO,,INC,INC at  | 180-365 days — approaching renewal,Your steel company's rating at CARE | CRISIL has been INC for 337.0 days. ACER specializes in steel sector — we can provide an active credit rating in 21 days.,NO
B.L. Foundry Private Limited,Infomerics,Long Term Bank Facilities | Short Term Bank Facilities,IVR B+ (Upgraded),2025-07-21,337.0,HOT,False,,Rs. 4.75 Cr. | Rs. 20.00 Cr. (Enhanced from Rs. 15.00 Cr.),Infomerics,Steel & Metals,,NO,Active,180-365 days — approaching renewal,"As an active steel company rated by Infomerics, ACER can offer competitive pricing and faster turnaround for your next rating cycle.",NO
Kalika Steel Alloys Private Limited,Infomerics,Long Term Bank Facilities | Long Term Bank Facilities - Proposed | Short Term Bank Facilities,IVR A- (Reaffirmed),2025-07-21,337.0,HOT,False,,Rs. 250.25 Cr. (Reduced from Rs. 298.46 Crore) | Rs. 50.00 Cr.,Infomerics,Steel & Metals,,NO,Active,180-365 days — approaching renewal,"As an active steel company rated by Infomerics, ACER can offer competitive pricing and faster turnaround for your next rating cycle.",YES
Metal Care Alloys Limited,Infomerics,Long term Bank Facilities | Short term Bank Facilities,IVR BBB- (Reaffirmed),2025-07-21,337.0,HOT,False,,Rs. 67.50 Cr. (Enhanced from Rs.52.50 crore) | Rs. 0.50 Cr.,Infomerics,Steel & Metals,,NO,Active,180-365 days — approaching renewal,"As an active steel company rated by Infomerics, ACER can offer competitive pricing and faster turnaround for your next rating cycle.",YES
Alok Ingots (Mumbai) Pvt. Ltd.,CRISIL,Letter Of credit,A 4+,2025-07-22,336.0,HOT,False,,7.07,D365,Steel & Metals,NO,,Active,180-365 days — approaching renewal,"As an active steel company rated by CRISIL, ACER can offer competitive pricing and faster turnaround for your next rating cycle.",NO
Mahindra Auto Steel Pvt. Ltd.,ICRA,Fund based financial facility/instrument | Non-fund-based financial facility/instrument | Non-government debt,AA,2025-07-22,336.0,HOT,False,,25.00 | 66.50,D365,Steel & Metals,NO,,Active,180-365 days — approaching renewal,"As an active steel company rated by ICRA, ACER can offer competitive pricing and faster turnaround for your next rating cycle.",NO
Mahindra Steel Service Centre Ltd.,ICRA,Non-fund-based financial facility/instrument | Non-government debt,AA-,2025-07-29,336.0,HOT,False,,41.50 | 2.80,D365,Steel & Metals,NO,,Active,180-365 days — approaching renewal,"As an active steel company rated by ICRA, ACER can offer competitive pricing and faster turnaround for your next rating cycle.",NO
Shiv Aum Steels Ltd.,CRISIL | IND-RA,Letter Of credit | Non-government debt,A 3+,2025-11-24,336.0,HOT,True,,15.00 | 65.00,D365,Steel & Metals,NO,,INC,INC at  | 180-365 days — approaching renewal,Your steel company's rating at CRISIL | IND-RA has been INC for 336.0 days. ACER specializes in steel sector — we can provide an active credit rating in 21 days.,NO
Kamakshi Steels Pvt. Ltd.,CARE | CRISIL,Bank Guarantee | Long term Loans,D,2025-09-25,335.0,HOT,True,,2.00 | 1.00,D365,Steel & Metals,NO,,INC,INC at  | 180-365 days — approaching renewal,Your steel company's rating at CARE | CRISIL has been INC for 335.0 days. ACER specializes in steel sector — we can provide an active credit rating in 21 days.,NO
Kutch Copper Ltd.,IND-RA,Long term Loans | Non-fund based working capital limit | Non-government debt,A-,2025-07-23,335.0,HOT,False,,5684.20 | 350.00,D365,Steel & Metals,NO,,Active,180-365 days — approaching renewal,"As an active steel company rated by IND-RA, ACER can offer competitive pricing and faster turnaround for your next rating cycle.",NO
Neo Metaliks Ltd.,CARE | CRISIL | ICRA,Fund based financial facility/instrument | Letter Of credit | Non-fund-based financial facility/instrument,A 4,2026-03-11,335.0,HOT,True,,158.20 | 0.30,D365,Steel & Metals,NO,,INC,INC at  | 180-365 days — approaching renewal,Your steel company's rating at CARE | CRISIL | ICRA has been INC for 335.0 days. ACER specializes in steel sector — we can provide an active credit rating in 21 days.,NO
Shivam Iron & Steel Co. Ltd.,IND-RA,Term loans,B-,2025-07-23,335.0,HOT,True,,212.10,D365,Steel & Metals,NO,,INC,INC at  | 180-365 days — approaching renewal,Your steel company's rating at IND-RA has been INC for 335.0 days. ACER specializes in steel sector — we can provide an active credit rating in 21 days.,YES
Sharu Steels Private Limited,Infomerics,Long Term Bank Facilities | Short Term Bank Facilities,IVR BBB- (Upgraded),2025-07-23,335.0,HOT,False,,Rs. 40.54 Cr. (Enhanced from Rs. 25.79 Crore) | Rs. 22.00 Cr.,Infomerics,Steel & Metals,,NO,Active,180-365 days — approaching renewal,"As an active steel company rated by Infomerics, ACER can offer competitive pricing and faster turnaround for your next rating cycle.",NO
M S Metals & Steels Pvt. Ltd.,CARE | CRISIL,Bank Guarantee | Fund based financial facility/instrument | Letter Of credit,A-,2026-02-16,334.0,HOT,False,,0.67 | 95.00,D365,Steel & Metals,NO,,Active,180-365 days — approaching renewal,"As an active steel company rated by CARE | CRISIL, ACER can offer competitive pricing and faster turnaround for your next rating cycle.",NO
Radharaman Stainless Steel Pvt. Ltd.,CARE | CRISIL,Letter Of credit | Long term Loans,A 4,2025-12-22,334.0,HOT,True,,2.00 | 1.88,D365,Steel & Metals,NO,,INC,INC at  | 180-365 days — approaching renewal,Your steel company's rating at CARE | CRISIL has been INC for 334.0 days. ACER specializes in steel sector — we can provide an active credit rating in 21 days.,NO
Rohit Iron and Steel (India) Private Limited,Infomerics,Long Term Bank Facilities,IVR BBB- (Assigned),2025-07-24,334.0,HOT,False,,Rs. 25.00 Cr.,Infomerics,Steel & Metals,,NO,Active,180-365 days — approaching renewal,"As an active steel company rated by Infomerics, ACER can offer competitive pricing and faster turnaround for your next rating cycle.",NO
Bhagyanagar Copper Pvt. Ltd.,ACUITE | CARE | CRISIL,Letter Of credit | Long term Loans | Term loans,A 4+,2026-03-06,333.0,HOT,False,,6.50 | 13.50,D365,Steel & Metals,NO,,Active,180-365 days — approaching renewal,"As an active steel company rated by ACUITE | CARE | CRISIL, ACER can offer competitive pricing and faster turnaround for your next rating cycle.",NO
Patnaik Steels & Alloys Ltd. [Merged],CRISIL,Bank Guarantee | Fund based financial facility/instrument | Term loans,A 4,2025-07-25,333.0,HOT,True,,2.75 | 77.21,D365,Steel & Metals,NO,,INC,INC at  | 180-365 days — approaching renewal,Your steel company's rating at CRISIL has been INC for 333.0 days. ACER specializes in steel sector — we can provide an active credit rating in 21 days.,NO
R K S Steel Inds. Pvt. Ltd.,CRISIL | IND-RA,Bank Guarantee | Long term Loans | Non-government debt,A 4,2025-12-19,333.0,HOT,True,,3.00 | 20.40,D365,Steel & Metals,NO,,INC,INC at  | 180-365 days — approaching renewal,Your steel company's rating at CRISIL | IND-RA has been INC for 333.0 days. ACER specializes in steel sector — we can provide an active credit rating in 21 days.,NO
Shree Govardhan Steels Pvt. Ltd.,ICRA,Term loans,B+,2025-07-25,333.0,HOT,True,,2.00,D365,Steel & Metals,NO,,INC,INC at  | 180-365 days — approaching renewal,Your steel company's rating at ICRA has been INC for 333.0 days. ACER specializes in steel sector — we can provide an active credit rating in 21 days.,NO
Anindita Steels Limited,Infomerics,Long Term Bank Facilities | Short Term Bank Facilities,IVR B- (INC)(Downgraded),2025-07-25,333.0,HOT,True,Infomerics,Rs. 26.68 Cr. | Rs. 3.92 Cr.,Infomerics,Steel & Metals,,NO,INC,INC at Infomerics | 180-365 days — approaching renewal,Your steel company's rating at Infomerics has been INC for 333.0 days. ACER specializes in steel sector — we can provide an active credit rating in 21 days.,NO
Bholaram Metal Inds. Pvt. Ltd.,BRICKWORK,Bank Guarantee | Fund based financial facility/instrument | Letter Of credit,A 4,2025-07-28,330.0,HOT,True,,0.98 | 4.20,D365,Steel & Metals,NO,,INC,INC at  | 180-365 days — approaching renewal,Your steel company's rating at BRICKWORK has been INC for 330.0 days. ACER specializes in steel sector — we can provide an active credit rating in 21 days.,NO
Gunina Alloy & Steel Pvt. Ltd.,CRISIL,Bank Guarantee | Long term Loans,A 4,2025-07-28,330.0,HOT,True,,0.50 | 3.50,D365,Steel & Metals,NO,,INC,INC at  | 180-365 days — approaching renewal,Your steel company's rating at CRISIL has been INC for 330.0 days. ACER specializes in steel sector — we can provide an active credit rating in 21 days.,NO
S K A Steel & Power Pvt. Ltd.,ACUITE | CRISIL,Long term Loans | Term loans,BB+,2026-02-13,330.0,HOT,True,,1.62 | 18.38,D365,Steel & Metals,NO,,INC,INC at  | 180-365 days — approaching renewal,Your steel company's rating at ACUITE | CRISIL has been INC for 330.0 days. ACER specializes in steel sector — we can provide an active credit rating in 21 days.,NO
Captain Steel India Ltd.,ACUITE | ICRA,Bank Guarantee | Letter Of credit | Non-government debt,A+/A1+,2025-12-31,329.0,HOT,False,,5.00 | 40.00,D365,Steel & Metals,NO,,Active,180-365 days — approaching renewal,"As an active steel company rated by ACUITE | ICRA, ACER can offer competitive pricing and faster turnaround for your next rating cycle.",NO
Cauvery Iron & Steel (India) Ltd.,CRISIL,Term loans,BBB-,2026-02-09,329.0,HOT,False,,14.25,D365,Steel & Metals,NO,,Active,180-365 days — approaching renewal,"As an active steel company rated by CRISIL, ACER can offer competitive pricing and faster turnaround for your next rating cycle.",NO
Rajhans Metals Pvt. Ltd.,CARE,Letter Of credit | Non-fund-based financial facility/instrument | Term loans,A 3,2026-03-16,329.0,HOT,False,,45.00 | 2.00,D365,Steel & Metals,NO,,Active,180-365 days — approaching renewal,"As an active steel company rated by CARE, ACER can offer competitive pricing and faster turnaround for your next rating cycle.",NO
Sharu Special Alloys Pvt. Ltd.,CRISIL,Letter Of credit,A 4,2025-07-29,329.0,HOT,True,,4.00,D365,Steel & Metals,NO,,INC,INC at  | 180-365 days — approaching renewal,Your steel company's rating at CRISIL has been INC for 329.0 days. ACER specializes in steel sector — we can provide an active credit rating in 21 days.,NO
Shree Ponni Lead Alloy Pvt. Ltd.,CRISIL,Term loans,B,2025-07-29,329.0,HOT,True,,3.00,D365,Steel & Metals,NO,,INC,INC at  | 180-365 days — approaching renewal,Your steel company's rating at CRISIL has been INC for 329.0 days. ACER specializes in steel sector — we can provide an active credit rating in 21 days.,NO
Stork Ferro & Mineral Inds. Pvt. Ltd.,CRISIL,Letter Of credit,A 4,2025-07-29,329.0,HOT,True,,21.00,D365,Steel & Metals,NO,,INC,INC at  | 180-365 days — approaching renewal,Your steel company's rating at CRISIL has been INC for 329.0 days. ACER specializes in steel sector — we can provide an active credit rating in 21 days.,NO
Sudisa Foundry Pvt. Ltd.,CRISIL | IND-RA,Bank Guarantee | Long term Loans | Non-fund based working capital limit,A 4,2026-01-28,329.0,HOT,True,,4.55 | 18.00,D365,Steel & Metals,NO,,INC,INC at  | 180-365 days — approaching renewal,Your steel company's rating at CRISIL | IND-RA has been INC for 329.0 days. ACER specializes in steel sector — we can provide an active credit rating in 21 days.,NO
Team Ferro Alloys Pvt. Ltd.,BRICKWORK,Letter Of credit,A 4,2025-07-29,329.0,HOT,True,,15.00,D365,Steel & Metals,NO,,INC,INC at  | 180-365 days — approaching renewal,Your steel company's rating at BRICKWORK has been INC for 329.0 days. ACER specializes in steel sector — we can provide an active credit rating in 21 days.,YES
Veer-O-Metals Pvt. Ltd.,ICRA,Non-fund-based financial facility/instrument | Non-government debt | Term loans,A-/A2+,2025-07-29,329.0,HOT,False,,0.33 | 70.75,D365,Steel & Metals,NO,,Active,180-365 days — approaching renewal,"As an active steel company rated by ICRA, ACER can offer competitive pricing and faster turnaround for your next rating cycle.",NO
ARS Steels and Alloy International Private Limited,Infomerics,Long Term Bank Facilities | Short Term Bank Facilities,IVR BBB (Reaffirmed),2025-07-29,329.0,HOT,False,,Rs. 29.00 Cr. | Rs. 53.00 Cr.,Infomerics,Steel & Metals,,NO,Active,180-365 days — approaching renewal,"As an active steel company rated by Infomerics, ACER can offer competitive pricing and faster turnaround for your next rating cycle.",NO
Prismo Steels Private Limited,Infomerics,Long Term Bank Facilities,IVR BBB- (Upgraded),2025-07-29,329.0,HOT,False,,Rs. 40.00 Cr.,Infomerics,Steel & Metals,,NO,Active,180-365 days — approaching renewal,"As an active steel company rated by Infomerics, ACER can offer competitive pricing and faster turnaround for your next rating cycle.",NO
Shivam Iron & Steel Company Limited,Infomerics,Long Term Bank Facilities | Long Term Bank Facility | Short Term Bank Facilities,IVR BBB+ (Reaffirmed),2025-07-29,329.0,HOT,False,,Rs. 198.73 Cr. (reduced from Rs. 214.46 Crore) | Rs. 106.27 Cr. (enhanced from Rs. 103.10 Crore),Infomerics,Steel & Metals,,NO,Active,180-365 days — approaching renewal,"As an active steel company rated by Infomerics, ACER can offer competitive pricing and faster turnaround for your next rating cycle.",YES
Kama Metal & Alloys Pvt. Ltd.,BRICKWORK | CARE | CRISIL,Bank Guarantee | Fund based financial facility/instrument | Long term Loans,D,2026-03-18,328.0,HOT,True,,1.00 | 1.72,D365,Steel & Metals,NO,,INC,INC at  | 180-365 days — approaching renewal,Your steel company's rating at BRICKWORK | CARE | CRISIL has been INC for 328.0 days. ACER specializes in steel sector — we can provide an active credit rating in 21 days.,NO
Kamachi Steels Pvt. Ltd.,ACUITE,Letter Of credit,D,2025-07-30,328.0,HOT,True,,6.00,D365,Steel & Metals,NO,,INC,INC at  | 180-365 days — approaching renewal,Your steel company's rating at ACUITE has been INC for 328.0 days. ACER specializes in steel sector — we can provide an active credit rating in 21 days.,NO
M I Alloys Pvt. Ltd.,ACUITE,Bank Guarantee | Term loans,A 4,2025-07-30,328.0,HOT,True,,0.85 | 5.51,D365,Steel & Metals,NO,,INC,INC at  | 180-365 days — approaching renewal,Your steel company's rating at ACUITE has been INC for 328.0 days. ACER specializes in steel sector — we can provide an active credit rating in 21 days.,NO
Pentech Metals Ltd.,CARE,Fund based financial facility/instrument | Non-government debt,D,2025-07-30,328.0,HOT,True,,5.00 | 2.00,D365,Steel & Metals,NO,,INC,INC at  | 180-365 days — approaching renewal,Your steel company's rating at CARE has been INC for 328.0 days. ACER specializes in steel sector — we can provide an active credit rating in 21 days.,NO
Rashmi Sponge Iron & Power Inds. Pvt. Ltd.,BRICKWORK | CARE,Bank Guarantee | Letter Of credit,A 4,2025-11-05,328.0,HOT,True,,5.00 | 10.00,D365,Steel & Metals,NO,,INC,INC at  | 180-365 days — approaching renewal,Your steel company's rating at BRICKWORK | CARE has been INC for 328.0 days. ACER specializes in steel sector — we can provide an active credit rating in 21 days.,YES
Nilachal Iron & Power Limited,Infomerics,Long Term Bank Facilities | Short Term Bank Facilities,IVR BB (INC)(Downgraded),2025-07-30,328.0,HOT,True,Infomerics,Rs. 154.38 Cr. | Rs. 65.00 Cr.,Infomerics,Steel & Metals,,NO,INC,INC at Infomerics | 180-365 days — approaching renewal,Your steel company's rating at Infomerics has been INC for 328.0 days. ACER specializes in steel sector — we can provide an active credit rating in 21 days.,NO
Jove Steels Pvt. Ltd.,BRICKWORK,Letter Of credit,A 4,2025-07-31,327.0,HOT,True,,15.00,D365,Steel & Metals,NO,,INC,INC at  | 180-365 days — approaching renewal,Your steel company's rating at BRICKWORK has been INC for 327.0 days. ACER specializes in steel sector — we can provide an active credit rating in 21 days.,NO
Salasar Alloy & Steel Inds. Pvt. Ltd.,CRISIL,Letter Of credit,A 3,2025-07-31,327.0,HOT,False,,4.00,D365,Steel & Metals,NO,,Active,180-365 days — approaching renewal,"As an active steel company rated by CRISIL, ACER can offer competitive pricing and faster turnaround for your next rating cycle.",NO
Savitri Steels & Rerollings Pvt. Ltd.,CRISIL,Bank Guarantee | Letter Of credit | Long term Loans,A 4,2025-07-31,327.0,HOT,True,,1.00 | 3.50,D365,Steel & Metals,NO,,INC,INC at  | 180-365 days — approaching renewal,Your steel company's rating at CRISIL has been INC for 327.0 days. ACER specializes in steel sector — we can provide an active credit rating in 21 days.,NO
Sindia Steels Ltd.,CARE,Letter Of credit,A 4,2025-07-31,327.0,HOT,True,,4.00,D365,Steel & Metals,NO,,INC,INC at  | 180-365 days — approaching renewal,Your steel company's rating at CARE has been INC for 327.0 days. ACER specializes in steel sector — we can provide an active credit rating in 21 days.,NO
Texla Plastics & Metals Pvt. Ltd.,CRISIL,Term loans,B+,2025-07-31,327.0,HOT,True,,3.45,D365,Steel & Metals,NO,,INC,INC at  | 180-365 days — approaching renewal,Your steel company's rating at CRISIL has been INC for 327.0 days. ACER specializes in steel sector — we can provide an active credit rating in 21 days.,NO
Utkal Galvanizers Ltd.,CRISIL,Fund based financial facility/instrument | Short-term loan | Term loans,B,2025-07-31,327.0,HOT,True,,2.88 | 2.00,D365,Steel & Metals,NO,,INC,INC at  | 180-365 days — approaching renewal,Your steel company's rating at CRISIL has been INC for 327.0 days. ACER specializes in steel sector — we can provide an active credit rating in 21 days.,NO
Shailputri Iron and Steels Private Limited,Infomerics,Long Term Bank Facilities | Short Term Bank Facilities,IVR BBB- (Assigned),2025-07-31,327.0,HOT,False,,Rs. 72.00 Cr. (Includes proposed limits of Rs. 60.00 crores) | Rs. 15.00 Cr. (Includes proposed limits of Rs. 15.00 crores),Infomerics,Steel & Metals,,NO,Active,180-365 days — approaching renewal,"As an active steel company rated by Infomerics, ACER can offer competitive pricing and faster turnaround for your next rating cycle.",NO
Karthik Alloys Ltd.,CARE,Bank Guarantee,D,2025-08-01,326.0,HOT,True,,16.96,D365,Steel & Metals,NO,,INC,INC at  | 180-365 days — approaching renewal,Your steel company's rating at CARE has been INC for 326.0 days. ACER specializes in steel sector — we can provide an active credit rating in 21 days.,NO
Vikas Metaliks and Energy Limited,Infomerics,Long Term Bank Facilities | Short Term Bank Facilities,IVR BBB- (Reaffirmed),2025-08-04,323.0,HOT,False,,Rs. 96.50 Cr. (reduced from Rs. 99.80 Cr.) | Rs. 20.00 Cr.,Infomerics,Steel & Metals,,NO,Active,180-365 days — approaching renewal,"As an active steel company rated by Infomerics, ACER can offer competitive pricing and faster turnaround for your next rating cycle.",NO
Hira Steels Ltd.,ACUITE | IND-RA,Bank Guarantee | Term loans,BBB,2025-10-15,322.0,HOT,True,,89.04 | 0.96,D365,Steel & Metals,NO,,INC,INC at  | 180-365 days — approaching renewal,Your steel company's rating at ACUITE | IND-RA has been INC for 322.0 days. ACER specializes in steel sector — we can provide an active credit rating in 21 days.,NO
Kantipudi Steels Pvt. Ltd.,BRICKWORK | CARE,Bank Guarantee | Fund based financial facility/instrument | Term loans,A 4,2025-08-28,322.0,HOT,True,,1.50 | 18.00,D365,Steel & Metals,NO,,INC,INC at  | 180-365 days — approaching renewal,Your steel company's rating at BRICKWORK | CARE has been INC for 322.0 days. ACER specializes in steel sector — we can provide an active credit rating in 21 days.,NO
O C L Iron & Steel Ltd.,CRISIL,Fund based financial facility/instrument | Non-fund-based financial facility/instrument | Term loans,A-,2025-08-05,322.0,HOT,False,,551.50 | 395.00,D365,Steel & Metals,NO,,Active,180-365 days — approaching renewal,"As an active steel company rated by CRISIL, ACER can offer competitive pricing and faster turnaround for your next rating cycle.",NO
Panchmahal Steel Ltd.,IND-RA,Non-fund based working capital limit,A 3,2025-08-05,322.0,HOT,False,,32.00,D365,Steel & Metals,NO,,Active,180-365 days — approaching renewal,"As an active steel company rated by IND-RA, ACER can offer competitive pricing and faster turnaround for your next rating cycle.",NO
R R Metalmakers India Ltd.,CARE,Letter Of credit,A 4,2026-03-23,322.0,HOT,False,,18.50,D365,Steel & Metals,NO,,Active,180-365 days — approaching renewal,"As an active steel company rated by CARE, ACER can offer competitive pricing and faster turnaround for your next rating cycle.",NO
R S W Steel Pvt. Ltd.,CARE,Term loans,BB,2025-08-05,322.0,HOT,False,,2.25,D365,Steel & Metals,NO,,Active,180-365 days — approaching renewal,"As an active steel company rated by CARE, ACER can offer competitive pricing and faster turnaround for your next rating cycle.",NO
Sarva Mangalam Gajanan Steel Pvt. Ltd.,CARE,Letter Of credit | Term loans,D,2025-08-05,322.0,HOT,True,,0.20 | 5.32,D365,Steel & Metals,NO,,INC,INC at  | 180-365 days — approaching renewal,Your steel company's rating at CARE has been INC for 322.0 days. ACER specializes in steel sector — we can provide an active credit rating in 21 days.,NO
Upper India Steel Mfg. & Engg. Co. Ltd.,CARE,Bank Guarantee,D,2025-08-05,322.0,HOT,True,,4.90,D365,Steel & Metals,NO,,INC,INC at  | 180-365 days — approaching renewal,Your steel company's rating at CARE has been INC for 322.0 days. ACER specializes in steel sector — we can provide an active credit rating in 21 days.,NO
Amman-Try Steels Pvt. Ltd.,CRISIL,Letter Of credit,A 2,2026-03-30,321.0,HOT,False,,10.00,D365,Steel & Metals,NO,,Active,180-365 days — approaching renewal,"As an active steel company rated by CRISIL, ACER can offer competitive pricing and faster turnaround for your next rating cycle.",NO
Jayachandran Alloys Pvt. Ltd.,CRISIL,Bank Guarantee,A 2,2026-04-23,321.0,HOT,True,,2.00,D365,Steel & Metals,NO,,INC,INC at  | 180-365 days — approaching renewal,Your steel company's rating at CRISIL has been INC for 321.0 days. ACER specializes in steel sector — we can provide an active credit rating in 21 days.,NO
Paviter Metals Pvt. Ltd.,ACUITE | CRISIL,Bank Guarantee | Fund based financial facility/instrument | Letter Of credit,A 4,2026-04-30,321.0,HOT,False,,2.00 | 1.00,D365,Steel & Metals,NO,,Active,180-365 days — approaching renewal,"As an active steel company rated by ACUITE | CRISIL, ACER can offer competitive pricing and faster turnaround for your next rating cycle.",NO
Shri Amman Steel & Alied Inds. Pvt. Ltd.,CRISIL,Letter Of credit,A 2,2026-03-30,321.0,HOT,False,,23.50,D365,Steel & Metals,NO,,Active,180-365 days — approaching renewal,"As an active steel company rated by CRISIL, ACER can offer competitive pricing and faster turnaround for your next rating cycle.",NO
Ukay Metal Inds. Pvt. Ltd.,CRISIL,Long term Loans | Term loans,A-,2025-08-06,321.0,HOT,False,,6.54 | 4.45,D365,Steel & Metals,NO,,Active,180-365 days — approaching renewal,"As an active steel company rated by CRISIL, ACER can offer competitive pricing and faster turnaround for your next rating cycle.",NO
Agni Steels Pvt. Ltd.,ICRA,Letter Of credit | Term loans,A-,2025-08-07,320.0,HOT,False,,80.31 | 10.00,D365,Steel & Metals,NO,,Active,180-365 days — approaching renewal,"As an active steel company rated by ICRA, ACER can offer competitive pricing and faster turnaround for your next rating cycle.",NO
Brand Alloys Pvt. Ltd.,BRICKWORK | CARE,Bank Guarantee | Fund based financial facility/instrument | Term loans,BBB-,2026-03-13,320.0,HOT,True,,15.00 | 1.89,D365,Steel & Metals,NO,,INC,INC at  | 180-365 days — approaching renewal,Your steel company's rating at BRICKWORK | CARE has been INC for 320.0 days. ACER specializes in steel sector — we can provide an active credit rating in 21 days.,NO
Haldia Steels Pvt. Ltd.,BRICKWORK | CARE,Bank Guarantee | Fund based financial facility/instrument | Letter Of credit,A 3,2026-03-06,320.0,HOT,True,,40.00 | 30.00,D365,Steel & Metals,NO,,INC,INC at  | 180-365 days — approaching renewal,Your steel company's rating at BRICKWORK | CARE has been INC for 320.0 days. ACER specializes in steel sector — we can provide an active credit rating in 21 days.,NO
Laxcon Steels Ltd.,CRISIL,Bank Guarantee | Letter Of credit | Term loans,A,2026-03-27,320.0,HOT,False,,80.00 | 12.00,D365,Steel & Metals,NO,,Active,180-365 days — approaching renewal,"As an active steel company rated by CRISIL, ACER can offer competitive pricing and faster turnaround for your next rating cycle.",NO
Mahavir Rolling Mill Pvt. Ltd. [Merged],CARE,Bank Guarantee,A 3,2025-08-07,320.0,HOT,False,,4.00,D365,Steel & Metals,NO,,Active,180-365 days — approaching renewal,"As an active steel company rated by CARE, ACER can offer competitive pricing and faster turnaround for your next rating cycle.",NO
R K Steel Mfg. Co. Ltd.,ACUITE,Long term Loans | Term loans,C,2025-08-07,320.0,HOT,True,,3.17 | 43.83,D365,Steel & Metals,NO,,INC,INC at  | 180-365 days — approaching renewal,Your steel company's rating at ACUITE has been INC for 320.0 days. ACER specializes in steel sector — we can provide an active credit rating in 21 days.,NO
Rimjhim Stainless Ltd.,ACUITE,Long term Loans | Term loans,A,2025-08-18,320.0,HOT,False,,6.25 | 443.75,D365,Steel & Metals,NO,,Active,180-365 days — approaching renewal,"As an active steel company rated by ACUITE, ACER can offer competitive pricing and faster turnaround for your next rating cycle.",NO
Shri Jagannath Steels & Power Ltd.,CARE | IND-RA,Non-fund based working capital limit | Non-government debt | Term loans,BBB+,2026-02-06,320.0,HOT,False,,298.00 | 51.00,D365,Steel & Metals,NO,,Active,180-365 days — approaching renewal,"As an active steel company rated by CARE | IND-RA, ACER can offer competitive pricing and faster turnaround for your next rating cycle.",NO
Vikas Stainless Steel India Pvt. Ltd.,BRICKWORK | CARE,Fund based financial facility/instrument | Term loans,D,2025-08-26,320.0,HOT,True,,39.00 | 10.81,D365,Steel & Metals,NO,,INC,INC at  | 180-365 days — approaching renewal,Your steel company's rating at BRICKWORK | CARE has been INC for 320.0 days. ACER specializes in steel sector — we can provide an active credit rating in 21 days.,NO
Swadesh Metallics Private Limited,Infomerics,Long Term Bank Facilities,IVR BBB- (Assigned),2025-08-07,320.0,HOT,False,,Rs. 360.00 Cr.,Infomerics,Steel & Metals,,NO,Active,180-365 days — approaching renewal,"As an active steel company rated by Infomerics, ACER can offer competitive pricing and faster turnaround for your next rating cycle.",NO
Steelcast Ltd.,CARE,Non-government debt,A-/A2+,2025-08-08,319.0,HOT,False,,84.65 | 16.25,D365,Steel & Metals,NO,,Active,180-365 days — approaching renewal,"As an active steel company rated by CARE, ACER can offer competitive pricing and faster turnaround for your next rating cycle.",NO
Surya Alloy Industries Limited,Infomerics,Long-term Bank Facilities | Short-term Bank Facilities,IVR BB- (Assigned),2025-08-08,319.0,HOT,False,,Rs. 97.13 Cr. | Rs. 50.77 Cr.,Infomerics,Steel & Metals,,NO,Active,180-365 days — approaching renewal,"As an active steel company rated by Infomerics, ACER can offer competitive pricing and faster turnaround for your next rating cycle.",NO
Agrawal Round Rolling Mills Ltd.,CRISIL,Long term Loans,B+,2025-08-11,316.0,HOT,True,,1.34 | 0.91,D365,Steel & Metals,NO,,INC,INC at  | 180-365 days — approaching renewal,Your steel company's rating at CRISIL has been INC for 316.0 days. ACER specializes in steel sector — we can provide an active credit rating in 21 days.,NO
Anjaney Ferro Alloys Ltd.,CARE | CRISIL,Bank Guarantee | Letter Of credit,A 4,2025-10-07,316.0,HOT,True,,23.00 | 82.00,D365,Steel & Metals,NO,,INC,INC at  | 180-365 days — approaching renewal,Your steel company's rating at CARE | CRISIL has been INC for 316.0 days. ACER specializes in steel sector — we can provide an active credit rating in 21 days.,NO
Harihar Alloys Pvt. Ltd.,CARE | IND-RA,Non-government debt | Term loans,B-,2025-11-24,316.0,HOT,True,,7.22 | 41.31,D365,Steel & Metals,NO,,INC,INC at  | 180-365 days — approaching renewal,Your steel company's rating at CARE | IND-RA has been INC for 316.0 days. ACER specializes in steel sector — we can provide an active credit rating in 21 days.,NO
Jaikrishna Steel Pvt. Ltd.,CRISIL,Long term Loans,B,2025-08-11,316.0,HOT,True,,3.10,D365,Steel & Metals,NO,,INC,INC at  | 180-365 days — approaching renewal,Your steel company's rating at CRISIL has been INC for 316.0 days. ACER specializes in steel sector — we can provide an active credit rating in 21 days.,NO
Krishnaping Alloys Ltd.,CRISIL,Letter Of credit,D,2025-08-11,316.0,HOT,True,,20.00,D365,Steel & Metals,NO,,INC,INC at  | 180-365 days — approaching renewal,Your steel company's rating at CRISIL has been INC for 316.0 days. ACER specializes in steel sector — we can provide an active credit rating in 21 days.,NO
Lajjya Steels Ltd.,CRISIL,Long term Loans,D,2025-08-11,316.0,HOT,True,,0.50,D365,Steel & Metals,NO,,INC,INC at  | 180-365 days — approaching renewal,Your steel company's rating at CRISIL has been INC for 316.0 days. ACER specializes in steel sector — we can provide an active credit rating in 21 days.,NO
B D G Metal & Power Ltd.,CRISIL,Bank Guarantee | Non-fund-based financial facility/instrument | Term loans,A-,2025-08-12,315.0,HOT,False,,0.80 | 80.00,D365,Steel & Metals,NO,,Active,180-365 days — approaching renewal,"As an active steel company rated by CRISIL, ACER can offer competitive pricing and faster turnaround for your next rating cycle.",NO
Exclusive Steel & Casting Ltd.,CARE,Bank Guarantee | Non-government debt,A 4,2025-08-12,315.0,HOT,True,,0.50 | 11.50,D365,Steel & Metals,NO,,INC,INC at  | 180-365 days — approaching renewal,Your steel company's rating at CARE has been INC for 315.0 days. ACER specializes in steel sector — we can provide an active credit rating in 21 days.,NO
Mantri Metallics Private Limited,Infomerics,Long Term Bank Facilities | Short Term Bank Facilities,IVR BBB- (Upgraded),2025-08-12,315.0,HOT,False,,Rs. 45.75 Cr. (Reduced from Rs. 54.86 Cr.) | 0.00 (Reduced from Rs. 2.64 Cr.),Infomerics,Steel & Metals,,NO,Active,180-365 days — approaching renewal,"As an active steel company rated by Infomerics, ACER can offer competitive pricing and faster turnaround for your next rating cycle.",NO
Airen Metals Pvt. Ltd.,BRICKWORK | CARE,Bank Guarantee | Letter Of credit | Term loans,D,2026-01-09,314.0,HOT,True,,82.00 | 192.50,D365,Steel & Metals,NO,,INC,INC at  | 180-365 days — approaching renewal,Your steel company's rating at BRICKWORK | CARE has been INC for 314.0 days. ACER specializes in steel sector — we can provide an active credit rating in 21 days.,NO
Jaycee Castalloys Pvt. Ltd.,CARE,Term loans,B,2025-08-13,314.0,HOT,False,,,D365,Steel & Metals,NO,,Active,180-365 days — approaching renewal,"As an active steel company rated by CARE, ACER can offer competitive pricing and faster turnaround for your next rating cycle.",NO
Metal Coatings (India) Ltd.,ACUITE,Bank Guarantee,A 3+,2025-08-13,314.0,HOT,False,,1.50,D365,Steel & Metals,NO,,Active,180-365 days — approaching renewal,"As an active steel company rated by ACUITE, ACER can offer competitive pricing and faster turnaround for your next rating cycle.",NO
Nami Steel Pvt. Ltd.,BRICKWORK,Bank Guarantee | Term loans,D,2025-08-13,314.0,HOT,True,,3.00 | 7.70,D365,Steel & Metals,NO,,INC,INC at  | 180-365 days — approaching renewal,Your steel company's rating at BRICKWORK has been INC for 314.0 days. ACER specializes in steel sector — we can provide an active credit rating in 21 days.,NO
Sakthi Steel Inds. Ltd.,CARE | CRISIL,Letter Of credit | Term loans,A 4,2026-03-31,314.0,HOT,True,,20.00 | 5.50,D365,Steel & Metals,NO,,INC,INC at  | 180-365 days — approaching renewal,Your steel company's rating at CARE | CRISIL has been INC for 314.0 days. ACER specializes in steel sector — we can provide an active credit rating in 21 days.,NO
Shristi Ispat & Alloys Ltd.,ACUITE,Bank Guarantee | Term loans,A 4+,2026-03-30,314.0,HOT,True,,2.00 | 15.00,D365,Steel & Metals,NO,,INC,INC at  | 180-365 days — approaching renewal,Your steel company's rating at ACUITE has been INC for 314.0 days. ACER specializes in steel sector — we can provide an active credit rating in 21 days.,NO
Dadiji Steels Pvt. Ltd.,CRISIL,Bank Guarantee | Letter Of credit | Long term Loans,A 4,2025-08-14,313.0,HOT,True,,3.00 | 4.00,D365,Steel & Metals,NO,,INC,INC at  | 180-365 days — approaching renewal,Your steel company's rating at CRISIL has been INC for 313.0 days. ACER specializes in steel sector — we can provide an active credit rating in 21 days.,NO
M L U Metaliks Pvt. Ltd.,CARE,Non-government debt,BB/A4+,2025-08-14,313.0,HOT,False,,34.90,D365,Steel & Metals,NO,,Active,180-365 days — approaching renewal,"As an active steel company rated by CARE, ACER can offer competitive pricing and faster turnaround for your next rating cycle.",NO
Orient Steel & Inds. Ltd.,ACUITE | CARE,Bank Guarantee | Letter Of credit,A 4,2025-12-01,313.0,HOT,True,,6.00 | 3.50,D365,Steel & Metals,NO,,INC,INC at  | 180-365 days — approaching renewal,Your steel company's rating at ACUITE | CARE has been INC for 313.0 days. ACER specializes in steel sector — we can provide an active credit rating in 21 days.,NO
Rahul Ferromet & Engg. Pvt. Ltd.,BRICKWORK | CRISIL,Bank Guarantee | Long term Loans | Term loans,A 4,2025-09-19,313.0,HOT,True,,1.00 | 3.65,D365,Steel & Metals,NO,,INC,INC at  | 180-365 days — approaching renewal,Your steel company's rating at BRICKWORK | CRISIL has been INC for 313.0 days. ACER specializes in steel sector — we can provide an active credit rating in 21 days.,NO
Rajco Metal Inds. Pvt. Ltd.,CRISIL,Term loans,B,2025-08-14,313.0,HOT,True,,4.02,D365,Steel & Metals,NO,,INC,INC at  | 180-365 days — approaching renewal,Your steel company's rating at CRISIL has been INC for 313.0 days. ACER specializes in steel sector — we can provide an active credit rating in 21 days.,NO
Rathi Steel & Metal Pvt. Ltd.,CRISIL,Bank Guarantee | Letter Of credit | Term loans,A 4,2025-08-14,313.0,HOT,True,,5.50 | 2.00,D365,Steel & Metals,NO,,INC,INC at  | 180-365 days — approaching renewal,Your steel company's rating at CRISIL has been INC for 313.0 days. ACER specializes in steel sector — we can provide an active credit rating in 21 days.,NO
Hella Infra Market Metal Pvt. Ltd.,BRICKWORK,Bank Guarantee | Term loans,D,2025-08-18,309.0,HOT,True,,3.00 | 4.50,D365,Steel & Metals,NO,,INC,INC at  | 180-365 days — approaching renewal,Your steel company's rating at BRICKWORK has been INC for 309.0 days. ACER specializes in steel sector — we can provide an active credit rating in 21 days.,NO
Patwari Steels Pvt. Ltd.,ICRA,Non-government debt | Term loans,D,2025-08-18,309.0,HOT,True,,1.17 | 0.81,D365,Steel & Metals,NO,,INC,INC at  | 180-365 days — approaching renewal,Your steel company's rating at ICRA has been INC for 309.0 days. ACER specializes in steel sector — we can provide an active credit rating in 21 days.,NO
B L Foundry Pvt. Ltd.,BRICKWORK | CRISIL,Long term Loans | Term loans,B,2025-11-17,308.0,HOT,True,,9.67 | 4.84,D365,Steel & Metals,NO,,INC,INC at  | 180-365 days — approaching renewal,Your steel company's rating at BRICKWORK | CRISIL has been INC for 308.0 days. ACER specializes in steel sector — we can provide an active credit rating in 21 days.,NO
Anjar T M T Steel Pvt. Ltd.,CARE,Non-government debt | Term loans,A+,2025-08-20,307.0,HOT,False,,250.00,D365,Steel & Metals,NO,,Active,180-365 days — approaching renewal,"As an active steel company rated by CARE, ACER can offer competitive pricing and faster turnaround for your next rating cycle.",NO
Shyam Century Ferrous Ltd.,ICRA,Fund based financial facility/instrument | Letter Of credit,A 2,2026-01-19,307.0,HOT,False,,10.00 | 24.00,D365,Steel & Metals,NO,,Active,180-365 days — approaching renewal,"As an active steel company rated by ICRA, ACER can offer competitive pricing and faster turnaround for your next rating cycle.",NO
Venkateshwara Sponge & Iron Co. Pvt. Ltd.,ACUITE | IND-RA,Bank Guarantee | Term loans,A 4,2026-01-16,307.0,HOT,True,,5.00 | 13.00,D365,Steel & Metals,NO,,INC,INC at  | 180-365 days — approaching renewal,Your steel company's rating at ACUITE | IND-RA has been INC for 307.0 days. ACER specializes in steel sector — we can provide an active credit rating in 21 days.,NO
Avighna Steel Private Limited,Infomerics,Long Term /Short Term Bank Facilities - Proposed | Long Term Bank Facilities | Short Term Bank Facilities,IVR BBB- (Assigned),2025-08-20,307.0,HOT,False,,Rs. 32.60 Cr. | Rs. 0.70 Cr.,Infomerics,Steel & Metals,,NO,Active,180-365 days — approaching renewal,"As an active steel company rated by Infomerics, ACER can offer competitive pricing and faster turnaround for your next rating cycle.",NO
Metal Scope (India) Private Limited,Infomerics,Long Term Bank Facilities | Short Term Bank Facilities,IVR BBB- (Assigned),2025-08-20,307.0,HOT,False,,Rs. 51.38 Cr. (includes proposed limit of Rs. 24.00 Cr.) | Rs. 68.62 Cr. (includes proposed limit of Rs. 25.37 Cr.),Infomerics,Steel & Metals,,NO,Active,180-365 days — approaching renewal,"As an active steel company rated by Infomerics, ACER can offer competitive pricing and faster turnaround for your next rating cycle.",NO
Alaknanda Sponge Iron Ltd.,IND-RA,Non-government debt,B/A4,2025-08-21,306.0,HOT,True,,12.75,D365,Steel & Metals,NO,,INC,INC at  | 180-365 days — approaching renewal,Your steel company's rating at IND-RA has been INC for 306.0 days. ACER specializes in steel sector — we can provide an active credit rating in 21 days.,NO
Bharamari Steels Pvt. Ltd.,IND-RA,Non-government debt,B/A4,2025-08-21,306.0,HOT,True,,20.35,D365,Steel & Metals,NO,,INC,INC at  | 180-365 days — approaching renewal,Your steel company's rating at IND-RA has been INC for 306.0 days. ACER specializes in steel sector — we can provide an active credit rating in 21 days.,NO
Bhola Ram Steels Pvt. Ltd.,IND-RA,Non-government debt,B-/A4,2025-08-21,306.0,HOT,True,,10.75,D365,Steel & Metals,NO,,INC,INC at  | 180-365 days — approaching renewal,Your steel company's rating at IND-RA has been INC for 306.0 days. ACER specializes in steel sector — we can provide an active credit rating in 21 days.,NO
G S N Ferro Alloys Pvt. Ltd.,IND-RA,Non-government debt,D,2025-08-21,306.0,HOT,True,,94.87,D365,Steel & Metals,NO,,INC,INC at  | 180-365 days — approaching renewal,Your steel company's rating at IND-RA has been INC for 306.0 days. ACER specializes in steel sector — we can provide an active credit rating in 21 days.,NO
Gold Star Steels Pvt. Ltd.,ICRA | IND-RA,Non-fund-based financial facility/instrument | Non-government debt,B-/A4,2026-02-24,306.0,HOT,True,,8.00 | 3.00,D365,Steel & Metals,NO,,INC,INC at  | 180-365 days — approaching renewal,Your steel company's rating at ICRA | IND-RA has been INC for 306.0 days. ACER specializes in steel sector — we can provide an active credit rating in 21 days.,NO
Satyam Iron & Steel Co. Pvt. Ltd.,ACUITE,Bank Guarantee | Term loans,A 4+,2025-08-21,306.0,HOT,True,,17.00 | 135.65,D365,Steel & Metals,NO,,INC,INC at  | 180-365 days — approaching renewal,Your steel company's rating at ACUITE has been INC for 306.0 days. ACER specializes in steel sector — we can provide an active credit rating in 21 days.,YES
Shree Prithvi Steel Rolling Mills Pvt. Ltd.,IND-RA,Non-government debt,B/A4,2025-08-21,306.0,HOT,True,,29.01,D365,Steel & Metals,NO,,INC,INC at  | 180-365 days — approaching renewal,Your steel company's rating at IND-RA has been INC for 306.0 days. ACER specializes in steel sector — we can provide an active credit rating in 21 days.,NO
Sri Kaliswari Metal Powders Pvt. Ltd.,CRISIL | IND-RA,Letter Of credit | Long term Loans | Non-government debt,B-/A4,2025-12-18,306.0,HOT,True,,19.56 | 18.50,D365,Steel & Metals,NO,,INC,INC at  | 180-365 days — approaching renewal,Your steel company's rating at CRISIL | IND-RA has been INC for 306.0 days. ACER specializes in steel sector — we can provide an active credit rating in 21 days.,NO
Surya Metalloys Pvt. Ltd.,IND-RA,Non-government debt,B-/A4,2025-08-21,306.0,HOT,True,,11.40,D365,Steel & Metals,NO,,INC,INC at  | 180-365 days — approaching renewal,Your steel company's rating at IND-RA has been INC for 306.0 days. ACER specializes in steel sector — we can provide an active credit rating in 21 days.,NO
Thane Steels Ltd.,CARE | IND-RA,Non-government debt | Term loans,B-/A4,2025-11-10,306.0,HOT,True,,27.07 | 1.33,D365,Steel & Metals,NO,,INC,INC at  | 180-365 days — approaching renewal,Your steel company's rating at CARE | IND-RA has been INC for 306.0 days. ACER specializes in steel sector — we can provide an active credit rating in 21 days.,NO
Siddhi Ferrous Pvt. Ltd.,BRICKWORK,Bank Guarantee | Letter Of credit | Term loans,A 4,2025-08-22,305.0,HOT,True,,2.50 | 2.00,D365,Steel & Metals,NO,,INC,INC at  | 180-365 days — approaching renewal,Your steel company's rating at BRICKWORK has been INC for 305.0 days. ACER specializes in steel sector — we can provide an active credit rating in 21 days.,NO
Swastik Copper Pvt. Ltd.,CRISIL,Bank Guarantee | Letter Of credit,D,2025-08-22,305.0,HOT,True,,36.00 | 1.50,D365,Steel & Metals,NO,,INC,INC at  | 180-365 days — approaching renewal,Your steel company's rating at CRISIL has been INC for 305.0 days. ACER specializes in steel sector — we can provide an active credit rating in 21 days.,NO
Vivan Steels Pvt. Ltd.,CARE | CRISIL,Bank Guarantee | Long term Loans | Non-government debt,A 4,2026-03-05,305.0,HOT,True,,0.50 | 1.10,D365,Steel & Metals,NO,,INC,INC at  | 180-365 days — approaching renewal,Your steel company's rating at CARE | CRISIL has been INC for 305.0 days. ACER specializes in steel sector — we can provide an active credit rating in 21 days.,NO
Rathi Steel and Metals Private Limited,Infomerics,Long Term Bank Facilities | Proposed Long Term /Short Term Facilities | Short Term Bank Facilities,IVR BBB (Downgraded),2025-08-22,305.0,HOT,False,,Rs. 202.12 Cr. (enhanced from Rs. 199.30 Crore) | Rs. 41.00 Cr.,Infomerics,Steel & Metals,,NO,Active,180-365 days — approaching renewal,"As an active steel company rated by Infomerics, ACER can offer competitive pricing and faster turnaround for your next rating cycle.",NO
H M R Steels Pvt. Ltd.,CRISIL | IND-RA,Fund based financial facility/instrument | Term loans,BB-,2026-03-06,302.0,HOT,True,,10.00 | 6.39,D365,Steel & Metals,NO,,INC,INC at  | 180-365 days — approaching renewal,Your steel company's rating at CRISIL | IND-RA has been INC for 302.0 days. ACER specializes in steel sector — we can provide an active credit rating in 21 days.,NO
Keshree Metalurgies Pvt. Ltd.,CRISIL,Fund based financial facility/instrument,B+,2025-08-25,302.0,HOT,True,,5.00,D365,Steel & Metals,NO,,INC,INC at  | 180-365 days — approaching renewal,Your steel company's rating at CRISIL has been INC for 302.0 days. ACER specializes in steel sector — we can provide an active credit rating in 21 days.,NO
P K M Metal Buildings Co. Pvt. Ltd.,CARE,Non-government debt,BB+/A4+,2025-08-25,302.0,HOT,False,,17.00,D365,Steel & Metals,NO,,Active,180-365 days — approaching renewal,"As an active steel company rated by CARE, ACER can offer competitive pricing and faster turnaround for your next rating cycle.",NO
Sivana Steel & Power Pvt. Ltd.,ACUITE | CARE,Term loans,B-,2026-04-27,302.0,HOT,True,,4.00 | 0.69,D365,Steel & Metals,NO,,INC,INC at  | 180-365 days — approaching renewal,Your steel company's rating at ACUITE | CARE has been INC for 302.0 days. ACER specializes in steel sector — we can provide an active credit rating in 21 days.,YES
A K S Alloys Pvt. Ltd.,ICRA,Non-fund-based financial facility/instrument | Short-term loan,D,2025-08-26,301.0,HOT,True,,10.00,D365,Steel & Metals,NO,,INC,INC at  | 180-365 days — approaching renewal,Your steel company's rating at ICRA has been INC for 301.0 days. ACER specializes in steel sector — we can provide an active credit rating in 21 days.,NO
J R Metal Chennai Ltd.,ICRA,Letter Of credit | Term loans,A 2,2025-12-16,301.0,HOT,False,,115.00 | 60.00,D365,Steel & Metals,NO,,Active,180-365 days — approaching renewal,"As an active steel company rated by ICRA, ACER can offer competitive pricing and faster turnaround for your next rating cycle.",NO
Tarsun Steels India Pvt. Ltd.,CRISIL,Long term Loans,B+,2025-08-26,301.0,HOT,True,,0.85 | 1.65,D365,Steel & Metals,NO,,INC,INC at  | 180-365 days — approaching renewal,Your steel company's rating at CRISIL has been INC for 301.0 days. ACER specializes in steel sector — we can provide an active credit rating in 21 days.,NO
Ravi Renewables Private Limited  (erstwhile Ravi Steel and Renewables Private Limited),Infomerics,Long Term Bank Facility | Short Term Bank Facility,IVR BB+ (Upgraded),2025-08-26,301.0,HOT,False,,Rs. 10.00 Cr.,Infomerics,Steel & Metals,,NO,Active,180-365 days — approaching renewal,"As an active steel company rated by Infomerics, ACER can offer competitive pricing and faster turnaround for your next rating cycle.",NO
Shri Nagal Aluminium Company,Infomerics,Long Term Bank Facilities - Fund Based - Cash Credit | Long Term Bank Facilities - Fund Based - Term Loan,IVR B- (INC)(Reaffirmed),2025-08-26,301.0,HOT,True,Infomerics,Rs. 2.25 Cr. | Rs. 4.25 Cr.,Infomerics,Steel & Metals,,NO,INC,INC at Infomerics | 180-365 days — approaching renewal,Your steel company's rating at Infomerics has been INC for 301.0 days. ACER specializes in steel sector — we can provide an active credit rating in 21 days.,NO
Dina Iron & Steel Ltd.,CARE,Term loans,BB+,2025-08-28,299.0,HOT,False,,2.36,D365,Steel & Metals,NO,,Active,180-365 days — approaching renewal,"As an active steel company rated by CARE, ACER can offer competitive pricing and faster turnaround for your next rating cycle.",NO
Hindupur Steel & Alloys Pvt. Ltd.,CRISIL,Non-fund-based financial facility/instrument | Term loans,A 3+,2025-08-28,299.0,HOT,False,,4.55 | 10.78,D365,Steel & Metals,NO,,Active,180-365 days — approaching renewal,"As an active steel company rated by CRISIL, ACER can offer competitive pricing and faster turnaround for your next rating cycle.",YES
Shib Dass Metals Pvt. Ltd.,CRISIL,Fund based financial facility/instrument,B+,2025-08-28,299.0,HOT,True,,12.00,D365,Steel & Metals,NO,,INC,INC at  | 180-365 days — approaching renewal,Your steel company's rating at CRISIL has been INC for 299.0 days. ACER specializes in steel sector — we can provide an active credit rating in 21 days.,NO
Surya Alloy Inds. Ltd.,ICRA,Non-fund-based financial facility/instrument | Term loans,A 4,2025-08-28,299.0,HOT,False,,50.77 | 13.89,D365,Steel & Metals,NO,,Active,180-365 days — approaching renewal,"As an active steel company rated by ICRA, ACER can offer competitive pricing and faster turnaround for your next rating cycle.",NO
KJV Alloy Conductors Private Limited,Infomerics,Long Term Facilities | Short Term Facilities,IVR BBB+ (Upgraded),2025-08-28,299.0,HOT,False,,Rs. 20.54 Cr. (reduced from Rs. 23.44 Cr.) | Rs. 42.46 Cr. (increased from Rs. 31.68 Cr.),Infomerics,Steel & Metals,,NO,Active,180-365 days — approaching renewal,"As an active steel company rated by Infomerics, ACER can offer competitive pricing and faster turnaround for your next rating cycle.",NO
Shivangi Rolling Mills Private Limited,Infomerics,Long Term Facilities,IVR BBB- (Assigned),2025-08-28,299.0,HOT,False,,Rs. 55.98 Cr.,Infomerics,Steel & Metals,,NO,Active,180-365 days — approaching renewal,"As an active steel company rated by Infomerics, ACER can offer competitive pricing and faster turnaround for your next rating cycle.",YES
Arjas Modern Steel Pvt. Ltd.,IND-RA,Non-fund based working capital limit | Term loans,A+,2025-08-29,298.0,HOT,False,,39.06 | 50.00,D365,Steel & Metals,NO,,Active,180-365 days — approaching renewal,"As an active steel company rated by IND-RA, ACER can offer competitive pricing and faster turnaround for your next rating cycle.",NO
Arjas Steel Pvt. Ltd.,IND-RA,Non-government debt,A+/A1,2025-08-29,298.0,HOT,False,,298.87 | 1093.23,D365,Steel & Metals,NO,,Active,180-365 days — approaching renewal,"As an active steel company rated by IND-RA, ACER can offer competitive pricing and faster turnaround for your next rating cycle.",NO
Asan Steels Pvt. Ltd.,CRISIL,Term loans,B,2025-08-29,298.0,HOT,True,,2.50,D365,Steel & Metals,NO,,INC,INC at  | 180-365 days — approaching renewal,Your steel company's rating at CRISIL has been INC for 298.0 days. ACER specializes in steel sector — we can provide an active credit rating in 21 days.,NO
Dewas Metal Sections Ltd.,BRICKWORK | CRISIL,Bank Guarantee | Fund based financial facility/instrument | Letter Of credit,A 4,2026-01-13,298.0,HOT,True,,18.50 | 12.49,D365,Steel & Metals,NO,,INC,INC at  | 180-365 days — approaching renewal,Your steel company's rating at BRICKWORK | CRISIL has been INC for 298.0 days. ACER specializes in steel sector — we can provide an active credit rating in 21 days.,NO
Gujarat Metal Cast Inds. Pvt. Ltd.,CARE | CRISIL,Non-government debt | Term loans,BB+,2025-11-03,298.0,HOT,False,,246.13,D365,Steel & Metals,NO,,Active,180-365 days — approaching renewal,"As an active steel company rated by CARE | CRISIL, ACER can offer competitive pricing and faster turnaround for your next rating cycle.",NO
Jai Hind Rolling Mills India Pvt. Ltd.,CARE | CRISIL,Fund based financial facility/instrument | Long term Loans | Term loans,BBB-,2025-09-23,298.0,HOT,False,,6.71 | 5.54,D365,Steel & Metals,NO,,Active,180-365 days — approaching renewal,"As an active steel company rated by CARE | CRISIL, ACER can offer competitive pricing and faster turnaround for your next rating cycle.",NO
Pinax Steel Inds. Pvt. Ltd.,CRISIL,Bank Guarantee | Letter Of credit | Long term Loans,A 3,2025-08-29,298.0,HOT,False,,40.00 | 38.00,D365,Steel & Metals,NO,,Active,180-365 days — approaching renewal,"As an active steel company rated by CRISIL, ACER can offer competitive pricing and faster turnaround for your next rating cycle.",NO
Primegold Steel And Power Limited (Erstwhile Prime Gold International Limited),Infomerics,Proposed Long Term/Short Term Bank Facility,Withdrawn,2025-08-29,298.0,HOT,False,,0.00 (Reduced from Rs. 25.00 Crore),Infomerics,Steel & Metals,,NO,Active,180-365 days — approaching renewal,"As an active steel company rated by Infomerics, ACER can offer competitive pricing and faster turnaround for your next rating cycle.",NO
Umashakti Steels Pvt. Ltd.,CARE | CRISIL,Fund based financial facility/instrument | Term loans,B,2026-04-16,297.0,HOT,True,,9.00 | 5.55,D365,Steel & Metals,NO,,INC,INC at  | 180-365 days — approaching renewal,Your steel company's rating at CARE | CRISIL has been INC for 297.0 days. ACER specializes in steel sector — we can provide an active credit rating in 21 days.,NO
Amit Iron Pvt. Ltd.,ACUITE,Fund based financial facility/instrument,D,2025-09-02,294.0,HOT,True,,100.00 | 10.00,D365,Steel & Metals,NO,,INC,INC at  | 180-365 days — approaching renewal,Your steel company's rating at ACUITE has been INC for 294.0 days. ACER specializes in steel sector — we can provide an active credit rating in 21 days.,NO
Electrosteel Castings Ltd.,CRISIL | IND-RA,Fund based financial facility/instrument | Non-fund-based financial facility/instrument | Non-government debt,AA/A1+,2026-02-04,294.0,HOT,False,,146.63 | 4240.40,D365,Steel & Metals,NO,,Active,180-365 days — approaching renewal,"As an active steel company rated by CRISIL | IND-RA, ACER can offer competitive pricing and faster turnaround for your next rating cycle.",NO
N B M Iron & Steel Trdg. Pvt. Ltd.,BRICKWORK | CARE,Letter Of credit | Non-fund-based financial facility/instrument | Non-government debt,A 3,2026-04-10,294.0,HOT,True,,4.00 | 40.80,D365,Steel & Metals,NO,,INC,INC at  | 180-365 days — approaching renewal,Your steel company's rating at BRICKWORK | CARE has been INC for 294.0 days. ACER specializes in steel sector — we can provide an active credit rating in 21 days.,NO
Alokik Steels Pvt. Ltd.,BRICKWORK,Letter Of credit | Term loans,A 4,2025-09-03,293.0,HOT,True,,3.25 | 0.03,D365,Steel & Metals,NO,,INC,INC at  | 180-365 days — approaching renewal,Your steel company's rating at BRICKWORK has been INC for 293.0 days. ACER specializes in steel sector — we can provide an active credit rating in 21 days.,NO
Ruhatiya Cotton & Metal Pvt. Ltd.,ACUITE,Term loans,BB+,2025-09-03,293.0,HOT,False,,0.26,D365,Steel & Metals,NO,,Active,180-365 days — approaching renewal,"As an active steel company rated by ACUITE, ACER can offer competitive pricing and faster turnaround for your next rating cycle.",NO
Steel Authority Of India Ltd.,CARE | IND-RA,Debentures / Bonds / notes / bills | Term loans,AA,2025-10-07,293.0,HOT,False,,14.00 | 22000.00,D365,Steel & Metals,NO,,Active,180-365 days — approaching renewal,"As an active steel company rated by CARE | IND-RA, ACER can offer competitive pricing and faster turnaround for your next rating cycle.",NO
Divyansh Steel Pvt. Ltd.,CRISIL,Letter Of credit,A 2,2026-04-16,292.0,HOT,False,,15.00,D365,Steel & Metals,NO,,Active,180-365 days — approaching renewal,"As an active steel company rated by CRISIL, ACER can offer competitive pricing and faster turnaround for your next rating cycle.",NO
Shree Parmeshwar Steels Pvt. Ltd.,ACUITE | CRISIL,Bank Guarantee | Fund based financial facility/instrument | Long term Loans,A 4,2025-12-02,292.0,HOT,True,,1.00 | 0.28,D365,Steel & Metals,NO,,INC,INC at  | 180-365 days — approaching renewal,Your steel company's rating at ACUITE | CRISIL has been INC for 292.0 days. ACER specializes in steel sector — we can provide an active credit rating in 21 days.,NO
Sree Sumangala Metals & Inds. Pvt. Ltd.,CARE,Letter Of credit | Non-fund-based financial facility/instrument | Term loans,A 3,2025-09-04,292.0,HOT,False,,50.00 | 2.50,D365,Steel & Metals,NO,,Active,180-365 days — approaching renewal,"As an active steel company rated by CARE, ACER can offer competitive pricing and faster turnaround for your next rating cycle.",NO
P P Rolling Mills Mfging Co. Pvt. Ltd.,CRISIL,Fund based financial facility/instrument | Long term Loans | Non-fund-based financial facility/instrument,BBB,2025-09-05,291.0,HOT,False,,22.00 | 6.00,D365,Steel & Metals,NO,,Active,180-365 days — approaching renewal,"As an active steel company rated by CRISIL, ACER can offer competitive pricing and faster turnaround for your next rating cycle.",NO
Hindupur Steel & Alloys Private Limited,Infomerics,Long Term Bank Facilities,IVR BBB (INC)(Downgraded),2025-09-05,291.0,HOT,True,Infomerics,Rs. 127.07 Cr.,Infomerics,Steel & Metals,,NO,INC,INC at Infomerics | 180-365 days — approaching renewal,Your steel company's rating at Infomerics has been INC for 291.0 days. ACER specializes in steel sector — we can provide an active credit rating in 21 days.,YES
Aruna Alloy Steels Pvt. Ltd.,CRISIL | IND-RA,Non-fund based working capital limit | Non-government debt | Term loans,A 3+,2026-03-13,288.0,HOT,True,,0.10 | 81.59,D365,Steel & Metals,NO,,INC,INC at  | 180-365 days — approaching renewal,Your steel company's rating at CRISIL | IND-RA has been INC for 288.0 days. ACER specializes in steel sector — we can provide an active credit rating in 21 days.,NO
Hempshier Steel Pvt. Ltd.,CRISIL,Letter Of credit,A 4+,2026-03-27,288.0,HOT,True,,20.00,D365,Steel & Metals,NO,,INC,INC at  | 180-365 days — approaching renewal,Your steel company's rating at CRISIL has been INC for 288.0 days. ACER specializes in steel sector — we can provide an active credit rating in 21 days.,NO
Met-Rolla Iron & Strips Co. Ltd.,CRISIL,Fund based financial facility/instrument | Letter Of credit,B,2026-02-26,288.0,HOT,True,,0.50 | 6.00,D365,Steel & Metals,NO,,INC,INC at  | 180-365 days — approaching renewal,Your steel company's rating at CRISIL has been INC for 288.0 days. ACER specializes in steel sector — we can provide an active credit rating in 21 days.,NO
Mohan Steels Ltd.,CRISIL,Bank Guarantee,A 4,2025-09-08,288.0,HOT,True,,10.00,D365,Steel & Metals,NO,,INC,INC at  | 180-365 days — approaching renewal,Your steel company's rating at CRISIL has been INC for 288.0 days. ACER specializes in steel sector — we can provide an active credit rating in 21 days.,NO
Riddhi Steel & Tube Ltd.,ACUITE,Bank Guarantee | Long term Loans | Term loans,A 3+,2025-09-25,288.0,HOT,False,,0.25 | 12.48,D365,Steel & Metals,NO,,Active,180-365 days — approaching renewal,"As an active steel company rated by ACUITE, ACER can offer competitive pricing and faster turnaround for your next rating cycle.",NO
Texcon Steels Limited,Infomerics,Long Term Facilities,IVR BBB- (Assigned),2025-09-08,288.0,HOT,False,,Rs. 299.63 Cr.,Infomerics,Steel & Metals,,NO,Active,180-365 days — approaching renewal,"As an active steel company rated by Infomerics, ACER can offer competitive pricing and faster turnaround for your next rating cycle.",NO
Nagarjuna Steel Pvt. Ltd.,CRISIL,Fund based financial facility/instrument,BB-,2025-09-09,287.0,HOT,False,,35.00,D365,Steel & Metals,NO,,Active,180-365 days — approaching renewal,"As an active steel company rated by CRISIL, ACER can offer competitive pricing and faster turnaround for your next rating cycle.",NO
P S Steel Tubes Pvt. Ltd.,IND-RA,Non-government debt,BB+/A4+,2025-09-09,287.0,HOT,False,,0.68 | 88.32,D365,Steel & Metals,NO,,Active,180-365 days — approaching renewal,"As an active steel company rated by IND-RA, ACER can offer competitive pricing and faster turnaround for your next rating cycle.",NO
Raunaq Steels Trdg. Pvt. Ltd.,CRISIL | ICRA,Fund based financial facility/instrument | Letter Of credit | Non-fund-based financial facility/instrument,A 2,2025-10-29,287.0,HOT,True,,30.00 | 20.00,D365,Steel & Metals,NO,,INC,INC at  | 180-365 days — approaching renewal,Your steel company's rating at CRISIL | ICRA has been INC for 287.0 days. ACER specializes in steel sector — we can provide an active credit rating in 21 days.,NO
BR Steel & Power Private Limited,Infomerics,Long Term Bank Facilities,IVR BBB- (Reaffirmed),2025-09-09,287.0,HOT,False,,Rs. 115.35 Cr. (enhanced from Rs. 107.23 Cr.),Infomerics,Steel & Metals,,NO,Active,180-365 days — approaching renewal,"As an active steel company rated by Infomerics, ACER can offer competitive pricing and faster turnaround for your next rating cycle.",NO
Anindita Steels Ltd.,CRISIL,Bank Guarantee | Long term Loans,A 3+,2025-09-22,286.0,HOT,False,,6.00 | 9.00,D365,Steel & Metals,NO,,Active,180-365 days — approaching renewal,"As an active steel company rated by CRISIL, ACER can offer competitive pricing and faster turnaround for your next rating cycle.",NO
Eagle Steel Inds. Pvt. Ltd.,CRISIL,Long term Loans,B,2025-09-10,286.0,HOT,True,,1.00,D365,Steel & Metals,NO,,INC,INC at  | 180-365 days — approaching renewal,Your steel company's rating at CRISIL has been INC for 286.0 days. ACER specializes in steel sector — we can provide an active credit rating in 21 days.,NO
Mutyam Steel Pvt. Ltd.,CRISIL,Fund based financial facility/instrument | Long term Loans | Term loans,B+,2025-09-10,286.0,HOT,False,,60.50 | 3.03,D365,Steel & Metals,NO,,Active,180-365 days — approaching renewal,"As an active steel company rated by CRISIL, ACER can offer competitive pricing and faster turnaround for your next rating cycle.",NO
Bhaskar Shrachi Alloys Ltd.,IND-RA,Non-government debt,D,2025-09-11,285.0,HOT,True,,63.20,D365,Steel & Metals,NO,,INC,INC at  | 180-365 days — approaching renewal,Your steel company's rating at IND-RA has been INC for 285.0 days. ACER specializes in steel sector — we can provide an active credit rating in 21 days.,NO
Chaman Metallics Ltd.,ACUITE,Bank Guarantee | Letter Of credit | Term loans,A-,2025-10-07,285.0,HOT,False,,180.00 | 15.00,D365,Steel & Metals,NO,,Active,180-365 days — approaching renewal,"As an active steel company rated by ACUITE, ACER can offer competitive pricing and faster turnaround for your next rating cycle.",NO
G R Krishna Ferro Alloys Pvt. Ltd.,ACUITE,Bank Guarantee | Long term Loans | Term loans,A-,2025-10-07,285.0,HOT,False,,10.00 | 20.00,D365,Steel & Metals,NO,,Active,180-365 days — approaching renewal,"As an active steel company rated by ACUITE, ACER can offer competitive pricing and faster turnaround for your next rating cycle.",NO
Ganesh Steel & Alloys Ltd.,CRISIL | IND-RA,Bank Guarantee | Fund based financial facility/instrument | Non-government debt,B-/A4,2025-11-20,285.0,HOT,True,,9.74 | 2.55,D365,Steel & Metals,NO,,INC,INC at  | 180-365 days — approaching renewal,Your steel company's rating at CRISIL | IND-RA has been INC for 285.0 days. ACER specializes in steel sector — we can provide an active credit rating in 21 days.,NO
Indo Sponge Power & Steel Ltd.,IND-RA,Term loans,D,2025-09-11,285.0,HOT,True,,13.00,D365,Steel & Metals,NO,,INC,INC at  | 180-365 days — approaching renewal,Your steel company's rating at IND-RA has been INC for 285.0 days. ACER specializes in steel sector — we can provide an active credit rating in 21 days.,NO
Mehta Intertrade Steels Pvt. Ltd.,IND-RA,Non-government debt,B-/A4,2025-09-11,285.0,HOT,True,,84.50,D365,Steel & Metals,NO,,INC,INC at  | 180-365 days — approaching renewal,Your steel company's rating at IND-RA has been INC for 285.0 days. ACER specializes in steel sector — we can provide an active credit rating in 21 days.,NO
Nikki Steels Pvt. Ltd.,IND-RA,Non-government debt,B-/A4,2025-09-11,285.0,HOT,True,,10.00,D365,Steel & Metals,NO,,INC,INC at  | 180-365 days — approaching renewal,Your steel company's rating at IND-RA has been INC for 285.0 days. ACER specializes in steel sector — we can provide an active credit rating in 21 days.,NO
Prateek Alloys Pvt. Ltd.,IND-RA,Non-government debt,B-/A4,2025-09-11,285.0,HOT,True,,22.00,D365,Steel & Metals,NO,,INC,INC at  | 180-365 days — approaching renewal,Your steel company's rating at IND-RA has been INC for 285.0 days. ACER specializes in steel sector — we can provide an active credit rating in 21 days.,NO
Heavy Metal and Tubes (India) Private Limited,Infomerics,Long Term Bank Facilities - Cash Credit | Long Term Bank Facilities - Line of Credit | Long Term Bank Facilities - Term Loan,IVR BBB- (Reaffirmed),2025-09-11,285.0,HOT,False,,Rs. 64.91 Cr. (Enhanced from Rs. 60.76 Cr.) | Rs. 65.00 Cr. (Enhanced from Rs. 40.00 Cr.),Infomerics,Steel & Metals,,NO,Active,180-365 days — approaching renewal,"As an active steel company rated by Infomerics, ACER can offer competitive pricing and faster turnaround for your next rating cycle.",NO
Lahliwala Steels Pvt. Ltd.,CRISIL,Bank Guarantee | Long term Loans,A 4,2025-09-12,284.0,HOT,True,,0.35 | 1.55,D365,Steel & Metals,NO,,INC,INC at  | 180-365 days — approaching renewal,Your steel company's rating at CRISIL has been INC for 284.0 days. ACER specializes in steel sector — we can provide an active credit rating in 21 days.,NO
Devi Iron & Power Pvt. Ltd.,CARE | ICRA,Letter Of credit | Non-fund-based financial facility/instrument | Term loans,A 4,2026-04-21,281.0,HOT,True,,17.50 | 15.00,D365,Steel & Metals,NO,,INC,INC at  | 180-365 days — approaching renewal,Your steel company's rating at CARE | ICRA has been INC for 281.0 days. ACER specializes in steel sector — we can provide an active credit rating in 21 days.,YES
Jagdamba Liquified Steels Ltd.,ACUITE | BRICKWORK | CRISIL,Bank Guarantee | Long term Loans | Term loans,D,2026-02-24,281.0,HOT,True,,3.25 | 2.54,D365,Steel & Metals,NO,,INC,INC at  | 180-365 days — approaching renewal,Your steel company's rating at ACUITE | BRICKWORK | CRISIL has been INC for 281.0 days. ACER specializes in steel sector — we can provide an active credit rating in 21 days.,NO
J S B Aluminium Pvt. Ltd.,CARE | ICRA,Term loans,B+,2026-03-06,280.0,HOT,True,,4.00,D365,Steel & Metals,NO,,INC,INC at  | 180-365 days — approaching renewal,Your steel company's rating at CARE | ICRA has been INC for 280.0 days. ACER specializes in steel sector — we can provide an active credit rating in 21 days.,NO
Narbheram Power & Steel Pvt. Ltd.,ACUITE | IND-RA,Bank Guarantee | Non-government debt | Term loans,BBB+/A2,2026-04-28,280.0,HOT,True,,50.00 | 292.08,D365,Steel & Metals,NO,,INC,INC at  | 180-365 days — approaching renewal,Your steel company's rating at ACUITE | IND-RA has been INC for 280.0 days. ACER specializes in steel sector — we can provide an active credit rating in 21 days.,NO
Shri Mahavir Iron & Steel Private Limited,Infomerics,Long Term Bank Facilities | Short Term Bank Facility,IVR BB+ (Assigned),2025-09-16,280.0,HOT,False,,Rs. 59.98 Cr. (includes proposed facility of Rs. 2.78 Cr.) | Rs. 0.02 Cr.,Infomerics,Steel & Metals,,NO,Active,180-365 days — approaching renewal,"As an active steel company rated by Infomerics, ACER can offer competitive pricing and faster turnaround for your next rating cycle.",YES
Crescent Foundry Co. Pvt. Ltd.,CRISIL,Bank Guarantee | Term loans,A-,2025-11-06,279.0,HOT,True,,49.35 | 7.75,D365,Steel & Metals,NO,,INC,INC at  | 180-365 days — approaching renewal,Your steel company's rating at CRISIL has been INC for 279.0 days. ACER specializes in steel sector — we can provide an active credit rating in 21 days.,NO
Minmat Ferro Alloys Pvt. Ltd.,CRISIL,Bank Guarantee | Letter Of credit | Long term Loans,A 4,2025-09-17,279.0,HOT,True,,0.25 | 1.50,D365,Steel & Metals,NO,,INC,INC at  | 180-365 days — approaching renewal,Your steel company's rating at CRISIL has been INC for 279.0 days. ACER specializes in steel sector — we can provide an active credit rating in 21 days.,NO
Sul Steel Pvt. Ltd.,CRISIL,Bank Guarantee | Fund based financial facility/instrument | Letter Of credit,A 4,2025-09-17,279.0,HOT,True,,5.00 | 17.00,D365,Steel & Metals,NO,,INC,INC at  | 180-365 days — approaching renewal,Your steel company's rating at CRISIL has been INC for 279.0 days. ACER specializes in steel sector — we can provide an active credit rating in 21 days.,NO
Sharu Steels Pvt. Ltd.,BRICKWORK | CRISIL | ICRA,Bank Guarantee | Letter Of credit | Long term Loans,A 4,2026-03-06,278.0,HOT,True,,20.00 | 8.00,D365,Steel & Metals,NO,,INC,INC at  | 180-365 days — approaching renewal,Your steel company's rating at BRICKWORK | CRISIL | ICRA has been INC for 278.0 days. ACER specializes in steel sector — we can provide an active credit rating in 21 days.,NO
South Malabar Steels & Alloys Pvt. Ltd.,CARE,Bank Guarantee | Term loans,A 4,2025-09-18,278.0,HOT,True,,1.50 | 1.02,D365,Steel & Metals,NO,,INC,INC at  | 180-365 days — approaching renewal,Your steel company's rating at CARE has been INC for 278.0 days. ACER specializes in steel sector — we can provide an active credit rating in 21 days.,NO
Chintpurni Steels Pvt. Ltd.,BRICKWORK | CARE | CRISIL,Bank Guarantee | Non-government debt | Term loans,B-/A4,2026-02-05,277.0,HOT,True,,1.50 | 20.00,D365,Steel & Metals,NO,,INC,INC at  | 180-365 days — approaching renewal,Your steel company's rating at BRICKWORK | CARE | CRISIL has been INC for 277.0 days. ACER specializes in steel sector — we can provide an active credit rating in 21 days.,NO
Manaksia Coated Metals & Inds. Ltd.,ACUITE,Fund based financial facility/instrument | Letter Of credit | Long term Loans,A,2025-09-19,277.0,HOT,False,,49.50 | 72.00,D365,Steel & Metals,NO,,Active,180-365 days — approaching renewal,"As an active steel company rated by ACUITE, ACER can offer competitive pricing and faster turnaround for your next rating cycle.",YES
Shri Mahavir Ferro Alloys Pvt. Ltd.,IND-RA,Term loans,BBB+,2025-09-19,277.0,HOT,False,,50.00,D365,Steel & Metals,NO,,Active,180-365 days — approaching renewal,"As an active steel company rated by IND-RA, ACER can offer competitive pricing and faster turnaround for your next rating cycle.",NO
Sri Langta Baba Steels Pvt. Ltd.,ACUITE,Bank Guarantee,A 3+,2025-09-19,277.0,HOT,False,,13.00 | 1.17,D365,Steel & Metals,NO,,Active,180-365 days — approaching renewal,"As an active steel company rated by ACUITE, ACER can offer competitive pricing and faster turnaround for your next rating cycle.",NO
Veeyes Alloys Pvt. Ltd.,CARE,Term loans,BBB+,2025-12-03,277.0,HOT,False,,39.42 | 83.51,D365,Steel & Metals,NO,,Active,180-365 days — approaching renewal,"As an active steel company rated by CARE, ACER can offer competitive pricing and faster turnaround for your next rating cycle.",NO
Kannappan Alloy & Steel Co. Pvt. Ltd.,ACUITE | CRISIL,Letter Of credit | Long term Loans | Term loans,A 4,2026-03-20,274.0,HOT,True,,6.00 | 1.24,D365,Steel & Metals,NO,,INC,INC at  | 180-365 days — approaching renewal,Your steel company's rating at ACUITE | CRISIL has been INC for 274.0 days. ACER specializes in steel sector — we can provide an active credit rating in 21 days.,NO
Tata Bluescope Steel Pvt. Ltd.,CARE,Bank Guarantee,A 1+,2026-02-23,274.0,HOT,False,,200.00,D365,Steel & Metals,NO,,Active,180-365 days — approaching renewal,"As an active steel company rated by CARE, ACER can offer competitive pricing and faster turnaround for your next rating cycle.",NO
G S Alloy Castings Pvt. Ltd.,CRISIL,Bank Guarantee | Letter Of credit | Long term Loans,A 4,2025-09-23,273.0,HOT,True,,0.25 | 6.07,D365,Steel & Metals,NO,,INC,INC at  | 180-365 days — approaching renewal,Your steel company's rating at CRISIL has been INC for 273.0 days. ACER specializes in steel sector — we can provide an active credit rating in 21 days.,NO
Magnum Steels Ltd.,CARE,Term loans,D,2025-09-23,273.0,HOT,True,,14.00,D365,Steel & Metals,NO,,INC,INC at  | 180-365 days — approaching renewal,Your steel company's rating at CARE has been INC for 273.0 days. ACER specializes in steel sector — we can provide an active credit rating in 21 days.,NO
Goyal Energy & Steel Pvt. Ltd.,CARE | CRISIL,Fund based financial facility/instrument | Letter Of credit | Short-term loan,D,2025-12-10,272.0,HOT,True,,20.00 | 11.54,D365,Steel & Metals,NO,,INC,INC at  | 180-365 days — approaching renewal,Your steel company's rating at CARE | CRISIL has been INC for 272.0 days. ACER specializes in steel sector — we can provide an active credit rating in 21 days.,NO
National Steel & Agro Industries Ltd. [Merged],ICRA | IND-RA,Non-fund-based financial facility/instrument | Non-government debt | Term loans,D,2026-01-12,272.0,HOT,True,,1199.52 | 17.95,D365,Steel & Metals,NO,,INC,INC at  | 180-365 days — approaching renewal,Your steel company's rating at ICRA | IND-RA has been INC for 272.0 days. ACER specializes in steel sector — we can provide an active credit rating in 21 days.,NO
Rana Steels India Pvt. Ltd.,BRICKWORK | CARE,Letter Of credit | Non-government debt | Term loans,D,2025-10-07,272.0,HOT,True,,4.00 | 3.59,D365,Steel & Metals,NO,,INC,INC at  | 180-365 days — approaching renewal,Your steel company's rating at BRICKWORK | CARE has been INC for 272.0 days. ACER specializes in steel sector — we can provide an active credit rating in 21 days.,NO
Sandur Manganese & Iron Ores Ltd.,ICRA,Non-fund-based financial facility/instrument | Term loans,A+,2025-09-24,272.0,HOT,False,,81.00 | 205.00,D365,Steel & Metals,NO,,Active,180-365 days — approaching renewal,"As an active steel company rated by ICRA, ACER can offer competitive pricing and faster turnaround for your next rating cycle.",NO
Shivam Hi-Tech Steels Pvt. Ltd.,CRISIL | ICRA,Bank Guarantee | Letter Of credit | Long term Loans,A 4,2026-01-23,272.0,HOT,True,,15.61 | 2.54,D365,Steel & Metals,NO,,INC,INC at  | 180-365 days — approaching renewal,Your steel company's rating at CRISIL | ICRA has been INC for 272.0 days. ACER specializes in steel sector — we can provide an active credit rating in 21 days.,NO
Shree Shailja Iron & Steels Pvt. Ltd.,CRISIL,Long term Loans,BB+,2025-09-24,272.0,HOT,True,,4.00,D365,Steel & Metals,NO,,INC,INC at  | 180-365 days — approaching renewal,Your steel company's rating at CRISIL has been INC for 272.0 days. ACER specializes in steel sector — we can provide an active credit rating in 21 days.,NO
Sunrise Multi Steel Pvt. Ltd.,CRISIL,Bank Guarantee | Fund based financial facility/instrument | Term loans,A 4+,2025-09-24,272.0,HOT,True,,4.50 | 4.51,D365,Steel & Metals,NO,,INC,INC at  | 180-365 days — approaching renewal,Your steel company's rating at CRISIL has been INC for 272.0 days. ACER specializes in steel sector — we can provide an active credit rating in 21 days.,NO
Magadh Metal Industries Private Limited,Infomerics,Long Term Bank Facilities (enhanced from Rs. 150.00 Crore),IVR BBB- (Reaffirmed),2025-09-24,272.0,HOT,False,,Rs. 185.00 Cr.,Infomerics,Steel & Metals,,NO,Active,180-365 days — approaching renewal,"As an active steel company rated by Infomerics, ACER can offer competitive pricing and faster turnaround for your next rating cycle.",NO
Satwik Steel Private Limited,Infomerics,Long Term Bank Facilities,IVR BBB- (Assigned),2025-09-24,272.0,HOT,False,,Rs. 110.00 Cr.,Infomerics,Steel & Metals,,NO,Active,180-365 days — approaching renewal,"As an active steel company rated by Infomerics, ACER can offer competitive pricing and faster turnaround for your next rating cycle.",NO
Avon Steel Inds. Pvt. Ltd.,CARE,Short-term loan,A 2,2025-09-25,271.0,HOT,False,,100.00,D365,Steel & Metals,NO,,Active,180-365 days — approaching renewal,"As an active steel company rated by CARE, ACER can offer competitive pricing and faster turnaround for your next rating cycle.",NO
Brahm (Alloys) Ltd.,BRICKWORK,Bank Guarantee | Letter Of credit,D,2025-09-25,271.0,HOT,True,,0.50 | 12.50,D365,Steel & Metals,NO,,INC,INC at  | 180-365 days — approaching renewal,Your steel company's rating at BRICKWORK has been INC for 271.0 days. ACER specializes in steel sector — we can provide an active credit rating in 21 days.,NO
Impex Metal & Ferro Alloys Ltd.,CRISIL,Bank Guarantee | Letter Of credit,A 1,2025-09-25,271.0,HOT,False,,20.00 | 80.00,D365,Steel & Metals,NO,,Active,180-365 days — approaching renewal,"As an active steel company rated by CRISIL, ACER can offer competitive pricing and faster turnaround for your next rating cycle.",NO
M S P Steel & Power Ltd.,CARE,Bank Guarantee | Letter Of credit | Term loans,A 3+,2026-03-25,271.0,HOT,False,,7.00 | 110.00,D365,Steel & Metals,NO,,Active,180-365 days — approaching renewal,"As an active steel company rated by CARE, ACER can offer competitive pricing and faster turnaround for your next rating cycle.",NO
Madhav Copper Ltd.,CRISIL,Long term Loans,B-,2025-09-25,271.0,HOT,True,,10.00,D365,Steel & Metals,NO,,INC,INC at  | 180-365 days — approaching renewal,Your steel company's rating at CRISIL has been INC for 271.0 days. ACER specializes in steel sector — we can provide an active credit rating in 21 days.,NO
Maithan Alloys Ltd.,CARE | CRISIL,Bank Guarantee | Letter Of credit | Long term Loans,AA,2026-03-31,271.0,HOT,False,,56.50 | 50.00,D365,Steel & Metals,NO,,Active,180-365 days — approaching renewal,"As an active steel company rated by CARE | CRISIL, ACER can offer competitive pricing and faster turnaround for your next rating cycle.",NO
Neel Metal Products Ltd.,ICRA,Non-fund-based financial facility/instrument | Non-government debt | Term loans,A+,2025-09-25,271.0,HOT,False,,104.52 | 618.00,D365,Steel & Metals,NO,,Active,180-365 days — approaching renewal,"As an active steel company rated by ICRA, ACER can offer competitive pricing and faster turnaround for your next rating cycle.",NO
Ganga Iron & Steel Trading Company Limited,Infomerics,Long Term Bank Facilities,IVR BBB- (Reaffirmed),2025-09-25,271.0,HOT,False,,Rs. 43.35 Cr. (reduced from Rs. 45.14 Crore),Infomerics,Steel & Metals,,NO,Active,180-365 days — approaching renewal,"As an active steel company rated by Infomerics, ACER can offer competitive pricing and faster turnaround for your next rating cycle.",YES
Giridhan Metal Pvt. Ltd.,CRISIL | IND-RA,Fund based financial facility/instrument | Long term Loans | Non-fund based working capital limit,BBB,2025-09-26,270.0,HOT,False,,275.00 | 60.15,D365,Steel & Metals,NO,,Active,180-365 days — approaching renewal,"As an active steel company rated by CRISIL | IND-RA, ACER can offer competitive pricing and faster turnaround for your next rating cycle.",NO
Jai Durga Iron Pvt. Ltd.,ACUITE | CRISIL,Letter Of credit | Long term Loans,A 4,2026-02-25,270.0,HOT,True,,2.25 | 1.44,D365,Steel & Metals,NO,,INC,INC at  | 180-365 days — approaching renewal,Your steel company's rating at ACUITE | CRISIL has been INC for 270.0 days. ACER specializes in steel sector — we can provide an active credit rating in 21 days.,NO
Kansara Popatlal Tibhovandas Metal Pvt. Ltd.,CRISIL,Long term Loans | Term loans,B,2025-09-26,270.0,HOT,True,,5.15 | 3.95,D365,Steel & Metals,NO,,INC,INC at  | 180-365 days — approaching renewal,Your steel company's rating at CRISIL has been INC for 270.0 days. ACER specializes in steel sector — we can provide an active credit rating in 21 days.,NO
Premier Steel Complex Pvt. Ltd.,CRISIL,Letter Of credit,A 4,2025-09-26,270.0,HOT,True,,11.00,D365,Steel & Metals,NO,,INC,INC at  | 180-365 days — approaching renewal,Your steel company's rating at CRISIL has been INC for 270.0 days. ACER specializes in steel sector — we can provide an active credit rating in 21 days.,NO
Veeranarayana Metal Alloys Pvt. Ltd.,BRICKWORK | CRISIL,Bank Guarantee,D,2026-03-25,270.0,HOT,True,,0.30,D365,Steel & Metals,NO,,INC,INC at  | 180-365 days — approaching renewal,Your steel company's rating at BRICKWORK | CRISIL has been INC for 270.0 days. ACER specializes in steel sector — we can provide an active credit rating in 21 days.,NO
Rajshri Iron Industries Private Limited,Infomerics,Long Term Bank Facilities | Short Term Bank Facilities,IVR BBB (Upgraded and Withdrawn),2025-09-26,270.0,HOT,False,,Rs. 35.00 Cr. | Rs. 0.72 Cr. (Including Proposed Limit of Rs. 0.12 Crore),Infomerics,Steel & Metals,,NO,Active,180-365 days — approaching renewal,"As an active steel company rated by Infomerics, ACER can offer competitive pricing and faster turnaround for your next rating cycle.",NO
J S W Steel Coated Products Ltd.,CARE,Bank Guarantee | Non-government debt | Term loans,AA/A1+,2025-09-29,267.0,HOT,False,,920.00 | 3266.00,D365,Steel & Metals,NO,,Active,180-365 days — approaching renewal,"As an active steel company rated by CARE, ACER can offer competitive pricing and faster turnaround for your next rating cycle.",NO
Sambhv Steel Tubes Ltd.,ACUITE | CARE,Letter Of credit | Non-fund-based financial facility/instrument | Non-government debt,A/A1,2025-10-15,267.0,HOT,False,,20.00 | 40.00,D365,Steel & Metals,NO,,Active,180-365 days — approaching renewal,"As an active steel company rated by ACUITE | CARE, ACER can offer competitive pricing and faster turnaround for your next rating cycle.",NO
Aloke Steels Industries Pvt. Ltd.,ACUITE,Bank Guarantee | Long term Loans,A,2025-09-30,266.0,HOT,False,,1.91 | 2.00,D365,Steel & Metals,NO,,Active,180-365 days — approaching renewal,"As an active steel company rated by ACUITE, ACER can offer competitive pricing and faster turnaround for your next rating cycle.",NO
Gupta Metal Sheets Ltd.,CARE,Non-government debt | Term loans,B-/A4,2025-12-29,266.0,HOT,True,,7.00 | 13.00,D365,Steel & Metals,NO,,INC,INC at  | 180-365 days — approaching renewal,Your steel company's rating at CARE has been INC for 266.0 days. ACER specializes in steel sector — we can provide an active credit rating in 21 days.,YES
Leebo Metals Pvt. Ltd.,CRISIL,Bank Guarantee | Fund based financial facility/instrument | Letter Of credit,A 3+,2025-09-30,266.0,HOT,False,,3.60 | 12.10,D365,Steel & Metals,NO,,Active,180-365 days — approaching renewal,"As an active steel company rated by CRISIL, ACER can offer competitive pricing and faster turnaround for your next rating cycle.",NO
Metal Scope India Pvt. Ltd.,CRISIL,Bank Guarantee | Letter Of credit | Long term Loans,A 4+,2025-09-30,266.0,HOT,True,,20.00 | 27.50,D365,Steel & Metals,NO,,INC,INC at  | 180-365 days — approaching renewal,Your steel company's rating at CRISIL has been INC for 266.0 days. ACER specializes in steel sector — we can provide an active credit rating in 21 days.,NO
Omega Rolling Mills Pvt. Ltd.,CRISIL,Bank Guarantee | Letter Of credit | Long term Loans,A 3+,2025-09-30,266.0,HOT,False,,5.00 | 1.00,D365,Steel & Metals,NO,,Active,180-365 days — approaching renewal,"As an active steel company rated by CRISIL, ACER can offer competitive pricing and faster turnaround for your next rating cycle.",NO
P D P Steels Ltd.,CARE,Bank Guarantee,A 3+,2025-09-30,266.0,HOT,False,,52.00,D365,Steel & Metals,NO,,Active,180-365 days — approaching renewal,"As an active steel company rated by CARE, ACER can offer competitive pricing and faster turnaround for your next rating cycle.",NO
R L Steels And Energy Limited,Infomerics,Long Term Bank Facilities | Proposed Long Term Bank Facilities | Short Term Bank Facilities,IVR BBB- (Reaffirmed),2025-09-30,266.0,HOT,False,,Rs. 138.77 Cr. (Reduced from Rs.158.00 crore) | Rs. 0.23 Cr.,Infomerics,Steel & Metals,,NO,Active,180-365 days — approaching renewal,"As an active steel company rated by Infomerics, ACER can offer competitive pricing and faster turnaround for your next rating cycle.",YES
Scan Steels Limited,Infomerics,Long Term Bank Facilities | Short Term Bank Facilities,IVR BBB+ (Upgraded and Withdrawn),2025-09-30,266.0,HOT,False,,Rs. 99.00 Cr. (Reduced from Rs. 106.93 Crore) | Rs. 4.00 Cr.,Infomerics,Steel & Metals,,NO,Active,180-365 days — approaching renewal,"As an active steel company rated by Infomerics, ACER can offer competitive pricing and faster turnaround for your next rating cycle.",NO
B K Rolling Mills Pvt. Ltd.,ACUITE,Term loans,B-,2025-10-01,265.0,HOT,True,,0.91,D365,Steel & Metals,NO,,INC,INC at  | 180-365 days — approaching renewal,Your steel company's rating at ACUITE has been INC for 265.0 days. ACER specializes in steel sector — we can provide an active credit rating in 21 days.,NO
Inalco Metal Pvt. Ltd.,CRISIL,Bank Guarantee | Term loans,A 3+,2025-10-03,263.0,HOT,False,,2.50 | 25.00,D365,Steel & Metals,NO,,Active,180-365 days — approaching renewal,"As an active steel company rated by CRISIL, ACER can offer competitive pricing and faster turnaround for your next rating cycle.",NO
Jay Vijay Metals Pvt. Ltd.,ACUITE,Letter Of credit | Term loans,D,2025-10-03,263.0,HOT,True,,3.00 | 6.50,D365,Steel & Metals,NO,,INC,INC at  | 180-365 days — approaching renewal,Your steel company's rating at ACUITE has been INC for 263.0 days. ACER specializes in steel sector — we can provide an active credit rating in 21 days.,NO
S L R Metaliks Ltd.,CARE,Letter Of credit | Term loans,A-,2025-10-03,263.0,HOT,False,,928.86 | 415.00,D365,Steel & Metals,NO,,Active,180-365 days — approaching renewal,"As an active steel company rated by CARE, ACER can offer competitive pricing and faster turnaround for your next rating cycle.",NO
Boparai Metals Pvt. Ltd.,CRISIL,Long term Loans,B,2025-10-06,260.0,HOT,True,,2.50,D365,Steel & Metals,NO,,INC,INC at  | 180-365 days — approaching renewal,Your steel company's rating at CRISIL has been INC for 260.0 days. ACER specializes in steel sector — we can provide an active credit rating in 21 days.,NO
Steel Infra Solutions Co. Ltd.,IND-RA,Non-fund based working capital limit,A 2+,2025-10-06,260.0,HOT,False,,50.00,D365,Steel & Metals,NO,,Active,180-365 days — approaching renewal,"As an active steel company rated by IND-RA, ACER can offer competitive pricing and faster turnaround for your next rating cycle.",NO
Anshul Steels Ltd.,BRICKWORK,Bank Guarantee | Term loans,D,2025-10-07,259.0,HOT,True,,1.00 | 2.52,D365,Steel & Metals,NO,,INC,INC at  | 180-365 days — approaching renewal,Your steel company's rating at BRICKWORK has been INC for 259.0 days. ACER specializes in steel sector — we can provide an active credit rating in 21 days.,NO
Baroda Hi-Tech Alloys Pvt. Ltd.,CARE,Bank Guarantee | Non-fund-based financial facility/instrument,A 4+,2025-10-07,259.0,HOT,True,,2.00 | 2.20,D365,Steel & Metals,NO,,INC,INC at  | 180-365 days — approaching renewal,Your steel company's rating at CARE has been INC for 259.0 days. ACER specializes in steel sector — we can provide an active credit rating in 21 days.,NO
Jai Balaji Jyoti Steels Ltd.,CARE,Non-government debt,BB+/A4+,2025-10-07,259.0,HOT,False,,,D365,Steel & Metals,NO,,Active,180-365 days — approaching renewal,"As an active steel company rated by CARE, ACER can offer competitive pricing and faster turnaround for your next rating cycle.",NO
Kothari Metals Ltd.,ICRA,Letter Of credit | Long term Loans,A-,2025-10-07,259.0,HOT,False,,485.00,D365,Steel & Metals,NO,,Active,180-365 days — approaching renewal,"As an active steel company rated by ICRA, ACER can offer competitive pricing and faster turnaround for your next rating cycle.",NO
Sandeep Lead Alloys (India) Pvt. Ltd.,CRISIL,Bank Guarantee | Long term Loans,A 4+,2025-10-07,259.0,HOT,True,,1.00 | 16.00,D365,Steel & Metals,NO,,INC,INC at  | 180-365 days — approaching renewal,Your steel company's rating at CRISIL has been INC for 259.0 days. ACER specializes in steel sector — we can provide an active credit rating in 21 days.,NO
Sona Alloys Pvt. Ltd.,CARE,Term loans,A-(CE),2025-10-07,259.0,HOT,False,,430.00,D365,Steel & Metals,NO,,Active,180-365 days — approaching renewal,"As an active steel company rated by CARE, ACER can offer competitive pricing and faster turnaround for your next rating cycle.",NO
Hindustan Copper Ltd.,ICRA,Non-fund-based financial facility/instrument | Non-government debt | Term loans,AA+/A1+,2026-04-29,258.0,HOT,False,,1400.00 | 200.00,D365,Steel & Metals,NO,,Active,180-365 days — approaching renewal,"As an active steel company rated by ICRA, ACER can offer competitive pricing and faster turnaround for your next rating cycle.",NO
Mark Steels Ltd.,CARE,Letter Of credit | Non-government debt,A 3,2025-10-08,258.0,HOT,False,,0.50 | 8.00,D365,Steel & Metals,NO,,Active,180-365 days — approaching renewal,"As an active steel company rated by CARE, ACER can offer competitive pricing and faster turnaround for your next rating cycle.",NO
Steel Exchange India Ltd.,CARE,Letter Of credit,A 4+,2025-10-08,258.0,HOT,False,,40.00,D365,Steel & Metals,NO,,Active,180-365 days — approaching renewal,"As an active steel company rated by CARE, ACER can offer competitive pricing and faster turnaround for your next rating cycle.",YES
Jindal Stainless Ltd.,CARE | CRISIL | IND-RA,Bank Guarantee | Fund based financial facility/instrument | Non-fund based working capital limit,AA,2026-03-20,257.0,HOT,False,,4350.00 | 11000.00,D365,Steel & Metals,NO,,Active,180-365 days — approaching renewal,"As an active steel company rated by CARE | CRISIL | IND-RA, ACER can offer competitive pricing and faster turnaround for your next rating cycle.",NO
Jindal Steel Ltd.,CARE | ICRA,Bank Guarantee | Non-fund-based financial facility/instrument | Term loans,AA,2025-10-10,257.0,HOT,False,,16785.00 | 16640.00,D365,Steel & Metals,NO,,Active,180-365 days — approaching renewal,"As an active steel company rated by CARE | ICRA, ACER can offer competitive pricing and faster turnaround for your next rating cycle.",NO
Jindal Steel Odisha Ltd.,CARE | ICRA,Non-government debt | Term loans,AA-/A1+,2026-04-09,257.0,HOT,False,,3025.00 | 500.00,D365,Steel & Metals,NO,,Active,180-365 days — approaching renewal,"As an active steel company rated by CARE | ICRA, ACER can offer competitive pricing and faster turnaround for your next rating cycle.",NO
Jindal United Steel Ltd.,CARE,Term loans,AA,2025-10-09,257.0,HOT,False,,2539.00,D365,Steel & Metals,NO,,Active,180-365 days — approaching renewal,"As an active steel company rated by CARE, ACER can offer competitive pricing and faster turnaround for your next rating cycle.",NO
Vishakha Metals Pvt. Ltd.,CARE,Non-government debt | Term loans,BBB/A3+,2025-10-09,257.0,HOT,False,,17.00 | 69.00,D365,Steel & Metals,NO,,Active,180-365 days — approaching renewal,"As an active steel company rated by CARE, ACER can offer competitive pricing and faster turnaround for your next rating cycle.",NO
Ajay Steels Pvt. Ltd.,ICRA,Non-fund-based financial facility/instrument | Non-government debt,AA-/A1+,2025-10-10,256.0,HOT,False,,30.00,D365,Steel & Metals,NO,,Active,180-365 days — approaching renewal,"As an active steel company rated by ICRA, ACER can offer competitive pricing and faster turnaround for your next rating cycle.",NO
Bhagyalaxmi Steeltech Pvt. Ltd.,CARE | CRISIL,Fund based financial facility/instrument | Letter Of credit | Long term Loans,A 4+,2026-02-04,256.0,HOT,True,,1.56 | 35.00,D365,Steel & Metals,NO,,INC,INC at  | 180-365 days — approaching renewal,Your steel company's rating at CARE | CRISIL has been INC for 256.0 days. ACER specializes in steel sector — we can provide an active credit rating in 21 days.,NO
Unison Metals Limited,Infomerics,Long Term Bank Facilities | Long/Short Term Bank Facilities (Proposed) | Short Term Bank Facilities,IVR BBB- (Reaffirmed),2025-10-10,256.0,HOT,False,,Rs. 14.46 Cr. (Reduced From Rs. 19.19 Crore) | Rs. 3.29 Cr. (Reduced From Rs. 23.00 Crore),Infomerics,Steel & Metals,,NO,Active,180-365 days — approaching renewal,"As an active steel company rated by Infomerics, ACER can offer competitive pricing and faster turnaround for your next rating cycle.",NO
Shree Krishna Rolling Mills (Jaipur) Limited,Infomerics,Long Term Bank Facilities | Short Term Bank Facilities,IVR BBB- (Reaffirmed),2025-10-13,253.0,HOT,False,,Rs. 57.42 Cr. | Rs. 6.00 Cr.,Infomerics,Steel & Metals,,NO,Active,180-365 days — approaching renewal,"As an active steel company rated by Infomerics, ACER can offer competitive pricing and faster turnaround for your next rating cycle.",YES
Bansal Steel & Power Ltd.,CRISIL,Letter Of credit | Term loans,A+,2025-10-14,252.0,HOT,False,,20.00 | 10.00,D365,Steel & Metals,NO,,Active,180-365 days — approaching renewal,"As an active steel company rated by CRISIL, ACER can offer competitive pricing and faster turnaround for your next rating cycle.",NO
Ganpati Sponge Iron Pvt. Ltd.,ACUITE,Letter Of credit | Term loans,A 3+,2025-10-15,251.0,HOT,True,,15.00 | 11.74,D365,Steel & Metals,NO,,INC,INC at  | 180-365 days — approaching renewal,Your steel company's rating at ACUITE has been INC for 251.0 days. ACER specializes in steel sector — we can provide an active credit rating in 21 days.,YES
Shilpa Steel & Power Ltd.,IND-RA,Non-fund based working capital limit | Term loans,A 2+,2025-10-15,251.0,HOT,False,,170.00 | 27.16,D365,Steel & Metals,NO,,Active,180-365 days — approaching renewal,"As an active steel company rated by IND-RA, ACER can offer competitive pricing and faster turnaround for your next rating cycle.",NO
Bansal Aradhya Steel Pvt. Ltd.,CRISIL,Term loans,BBB+,2025-10-16,250.0,HOT,False,,40.00 | 79.00,D365,Steel & Metals,NO,,Active,180-365 days — approaching renewal,"As an active steel company rated by CRISIL, ACER can offer competitive pricing and faster turnaround for your next rating cycle.",NO
G D Metsteel Pvt. Ltd.,CARE,Fund based financial facility/instrument | Term loans,B-,2025-10-16,250.0,HOT,True,,2.17 | 0.83,D365,Steel & Metals,NO,,INC,INC at  | 180-365 days — approaching renewal,Your steel company's rating at CARE has been INC for 250.0 days. ACER specializes in steel sector — we can provide an active credit rating in 21 days.,NO
Shree Steel Castings Pvt. Ltd.,ACUITE,Bank Guarantee | Letter Of credit | Long term Loans,A 4+,2025-10-16,250.0,HOT,False,,0.80 | 2.50,D365,Steel & Metals,NO,,Active,180-365 days — approaching renewal,"As an active steel company rated by ACUITE, ACER can offer competitive pricing and faster turnaround for your next rating cycle.",NO
Bassi Alloys Pvt. Ltd.,BRICKWORK,Fund based financial facility/instrument | Term loans,C,2025-10-17,249.0,HOT,True,,1.63 | 4.82,D365,Steel & Metals,NO,,INC,INC at  | 180-365 days — approaching renewal,Your steel company's rating at BRICKWORK has been INC for 249.0 days. ACER specializes in steel sector — we can provide an active credit rating in 21 days.,NO
Chintpurni Steel Private Limited,Infomerics,Long Term Bank Facilities | Short Term Bank Facilities,IVR BB (INC)(Downgraded),2025-10-17,249.0,HOT,True,Infomerics,Rs. 60.50 Cr. | Rs. 4.20 Cr.,Infomerics,Steel & Metals,,NO,INC,INC at Infomerics | 180-365 days — approaching renewal,Your steel company's rating at Infomerics has been INC for 249.0 days. ACER specializes in steel sector — we can provide an active credit rating in 21 days.,NO
Narsimha Iron and Steel Private Limited,Infomerics,Long Term Bank Facilities,IVR BB (INC)(Downgraded),2025-10-17,249.0,HOT,True,Infomerics,Rs. 14.91 Cr.,Infomerics,Steel & Metals,,NO,INC,INC at Infomerics | 180-365 days — approaching renewal,Your steel company's rating at Infomerics has been INC for 249.0 days. ACER specializes in steel sector — we can provide an active credit rating in 21 days.,NO
Shantdeep Metals Pvt. Ltd.,CRISIL,Long term Loans | Term loans,D,2025-10-20,246.0,HOT,True,,1.00 | 10.00,D365,Steel & Metals,NO,,INC,INC at  | 180-365 days — approaching renewal,Your steel company's rating at CRISIL has been INC for 246.0 days. ACER specializes in steel sector — we can provide an active credit rating in 21 days.,NO
Akash Steel Crafts Pvt. Ltd.,BRICKWORK,Non-government debt,A 4,2025-10-24,242.0,HOT,True,,5.00,D365,Steel & Metals,NO,,INC,INC at  | 180-365 days — approaching renewal,Your steel company's rating at BRICKWORK has been INC for 242.0 days. ACER specializes in steel sector — we can provide an active credit rating in 21 days.,NO
Bhupendra Steels Pvt. Ltd.,CRISIL,Letter Of credit | Term loans,A 4,2025-10-24,242.0,HOT,True,,15.00 | 9.00,D365,Steel & Metals,NO,,INC,INC at  | 180-365 days — approaching renewal,Your steel company's rating at CRISIL has been INC for 242.0 days. ACER specializes in steel sector — we can provide an active credit rating in 21 days.,NO
Hi Tech Ferrous & Non Ferrous India Pvt. Ltd.,ACUITE,Long term Loans | Term loans,D,2025-10-24,242.0,HOT,True,,9.26 | 2.11,D365,Steel & Metals,NO,,INC,INC at  | 180-365 days — approaching renewal,Your steel company's rating at ACUITE has been INC for 242.0 days. ACER specializes in steel sector — we can provide an active credit rating in 21 days.,NO
Metalman Auto Pvt. Ltd.,CRISIL,Bank Guarantee | Term loans,A+,2025-10-24,242.0,HOT,False,,121.00 | 2.00,D365,Steel & Metals,NO,,Active,180-365 days — approaching renewal,"As an active steel company rated by CRISIL, ACER can offer competitive pricing and faster turnaround for your next rating cycle.",NO
Metalore Overseas Pvt. Ltd.,CRISIL,Letter Of credit | Long term Loans,D,2025-10-24,242.0,HOT,True,,0.25 | 22.25,D365,Steel & Metals,NO,,INC,INC at  | 180-365 days — approaching renewal,Your steel company's rating at CRISIL has been INC for 242.0 days. ACER specializes in steel sector — we can provide an active credit rating in 21 days.,NO
Shri Shyam Iron & Power Pvt. Ltd.,BRICKWORK,Term loans,C,2025-10-24,242.0,HOT,True,,0.40,D365,Steel & Metals,NO,,INC,INC at  | 180-365 days — approaching renewal,Your steel company's rating at BRICKWORK has been INC for 242.0 days. ACER specializes in steel sector — we can provide an active credit rating in 21 days.,NO
S R J Peety Steels Pvt. Ltd.,ICRA,Bank Guarantee,A 2,2025-10-27,239.0,HOT,False,,38.25,D365,Steel & Metals,NO,,Active,180-365 days — approaching renewal,"As an active steel company rated by ICRA, ACER can offer competitive pricing and faster turnaround for your next rating cycle.",NO
Shah Steel Impex Pvt. Ltd.,CRISIL,Fund based financial facility/instrument | Letter Of credit,D,2025-10-27,239.0,HOT,True,,50.00 | 59.50,D365,Steel & Metals,NO,,INC,INC at  | 180-365 days — approaching renewal,Your steel company's rating at CRISIL has been INC for 239.0 days. ACER specializes in steel sector — we can provide an active credit rating in 21 days.,NO
Ludhiana Steel Rolling Mills Ltd.,CRISIL,Bank Guarantee | Fund based financial facility/instrument | Letter Of credit,A 3,2025-10-28,238.0,HOT,False,,0.25 | 10.00,D365,Steel & Metals,NO,,Active,180-365 days — approaching renewal,"As an active steel company rated by CRISIL, ACER can offer competitive pricing and faster turnaround for your next rating cycle.",NO
Nandan Saha Steel Pvt. Ltd.,ICRA,Non-government debt,B+/A4,2025-10-29,237.0,HOT,True,,16.20,D365,Steel & Metals,NO,,INC,INC at  | 180-365 days — approaching renewal,Your steel company's rating at ICRA has been INC for 237.0 days. ACER specializes in steel sector — we can provide an active credit rating in 21 days.,NO
Honest Alloys Private Limited,Infomerics,Long Term Bank Facilities,IVR C+ (INC)(Downgraded),2025-10-29,237.0,HOT,True,Infomerics,Rs. 17.50 Cr.,Infomerics,Steel & Metals,,NO,INC,INC at Infomerics | 180-365 days — approaching renewal,Your steel company's rating at Infomerics has been INC for 237.0 days. ACER specializes in steel sector — we can provide an active credit rating in 21 days.,NO
Peekay Rolling Mills Pvt. Ltd.,CARE | CRISIL,Bank Guarantee | Letter Of credit | Non-fund-based financial facility/instrument,A 3+,2025-12-05,236.0,HOT,False,,3.00 | 44.50,D365,Steel & Metals,NO,,Active,180-365 days — approaching renewal,"As an active steel company rated by CARE | CRISIL, ACER can offer competitive pricing and faster turnaround for your next rating cycle.",NO
Sohn Steel Pvt. Ltd.,CARE,Fund based financial facility/instrument | Non-government debt | Term loans,B-,2025-10-30,236.0,HOT,True,,10.20 | 7.00,D365,Steel & Metals,NO,,INC,INC at  | 180-365 days — approaching renewal,Your steel company's rating at CARE has been INC for 236.0 days. ACER specializes in steel sector — we can provide an active credit rating in 21 days.,NO
Tentiwala Metal Products Ltd.,CRISIL,Bank Guarantee | Term loans,D,2025-10-30,236.0,HOT,True,,4.00 | 8.15,D365,Steel & Metals,NO,,INC,INC at  | 180-365 days — approaching renewal,Your steel company's rating at CRISIL has been INC for 236.0 days. ACER specializes in steel sector — we can provide an active credit rating in 21 days.,NO
Birla Copper Asoj Pvt. Ltd.,IND-RA,Non-government debt,AA/A1+,2025-10-31,235.0,HOT,False,,27.00 | 25.00,D365,Steel & Metals,NO,,Active,180-365 days — approaching renewal,"As an active steel company rated by IND-RA, ACER can offer competitive pricing and faster turnaround for your next rating cycle.",NO
Gajlaxmi Steel Pvt. Ltd.,BRICKWORK | CARE,Bank Guarantee,A 4,2025-12-26,235.0,HOT,True,,1.75,D365,Steel & Metals,NO,,INC,INC at  | 180-365 days — approaching renewal,Your steel company's rating at BRICKWORK | CARE has been INC for 235.0 days. ACER specializes in steel sector — we can provide an active credit rating in 21 days.,NO
Evonith Metallics Ltd.,CARE | CRISIL,Non-government debt | Short-term loan | Term loans,AA-,2026-04-06,232.0,HOT,False,,95.02 | 904.98,D365,Steel & Metals,NO,,Active,180-365 days — approaching renewal,"As an active steel company rated by CARE | CRISIL, ACER can offer competitive pricing and faster turnaround for your next rating cycle.",NO
Evonith Value Steel Ltd.,CARE | CRISIL,Long term Loans | Non-government debt | Term loans,AA-,2026-03-31,232.0,HOT,False,,232.65 | 767.35,D365,Steel & Metals,NO,,Active,180-365 days — approaching renewal,"As an active steel company rated by CARE | CRISIL, ACER can offer competitive pricing and faster turnaround for your next rating cycle.",NO
RP Multimetals Private Limited,Infomerics,Long Term Bank Facilities | Short Term Bank Facilities,IVR BBB- (INC) (Downgraded),2025-11-03,232.0,HOT,True,Infomerics,Rs. 56.47 Cr. | Rs. 50.00 Cr.,Infomerics,Steel & Metals,,NO,INC,INC at Infomerics | 180-365 days — approaching renewal,Your steel company's rating at Infomerics has been INC for 232.0 days. ACER specializes in steel sector — we can provide an active credit rating in 21 days.,NO
National Aluminium Co. Ltd.,IND-RA,Non-fund based working capital limit,A 1+,2025-11-04,231.0,HOT,False,,875.00,D365,Steel & Metals,NO,,Active,180-365 days — approaching renewal,"As an active steel company rated by IND-RA, ACER can offer competitive pricing and faster turnaround for your next rating cycle.",NO
Amalgam Steel & Power Ltd.,ICRA,Non-fund-based financial facility/instrument | Non-government debt | Term loans,A 2,2025-11-05,230.0,HOT,False,,148.00 | 110.00,D365,Steel & Metals,NO,,Active,180-365 days — approaching renewal,"As an active steel company rated by ICRA, ACER can offer competitive pricing and faster turnaround for your next rating cycle.",NO
Amalgam Steel Pvt. Ltd.,ICRA,Fund based financial facility/instrument | Non-fund-based financial facility/instrument | Short-term loan,A 2,2025-11-05,230.0,HOT,False,,220.00 | 70.00,D365,Steel & Metals,NO,,Active,180-365 days — approaching renewal,"As an active steel company rated by ICRA, ACER can offer competitive pricing and faster turnaround for your next rating cycle.",NO
C M R Aluminium Pvt. Ltd.,CRISIL,Long term Loans | Term loans,A+,2025-11-05,230.0,HOT,False,,54.74 | 139.32,D365,Steel & Metals,NO,,Active,180-365 days — approaching renewal,"As an active steel company rated by CRISIL, ACER can offer competitive pricing and faster turnaround for your next rating cycle.",NO
C M R-Toyotsu Aluminium India Pvt. Ltd.,CRISIL,Term loans,A+,2025-11-05,230.0,HOT,False,,3.01 | 4.00,D365,Steel & Metals,NO,,Active,180-365 days — approaching renewal,"As an active steel company rated by CRISIL, ACER can offer competitive pricing and faster turnaround for your next rating cycle.",NO
Crest Steel & Power Pvt. Ltd.,ICRA,Non-fund-based financial facility/instrument | Short-term loan | Term loans,A 2,2025-11-05,230.0,HOT,False,,40.00 | 460.00,D365,Steel & Metals,NO,,Active,180-365 days — approaching renewal,"As an active steel company rated by ICRA, ACER can offer competitive pricing and faster turnaround for your next rating cycle.",NO
R S P Metaliks Pvt. Ltd.,CRISIL,Fund based financial facility/instrument,B,2025-11-05,230.0,HOT,True,,5.00,D365,Steel & Metals,NO,,INC,INC at  | 180-365 days — approaching renewal,Your steel company's rating at CRISIL has been INC for 230.0 days. ACER specializes in steel sector — we can provide an active credit rating in 21 days.,NO
Shyam Metalics & Energy Ltd.,CRISIL,Letter Of credit | Long term Loans,AA+,2025-11-05,230.0,HOT,False,,425.00 | 25.00,D365,Steel & Metals,NO,,Active,180-365 days — approaching renewal,"As an active steel company rated by CRISIL, ACER can offer competitive pricing and faster turnaround for your next rating cycle.",NO
Topworth Steels & Power Pvt. Ltd.,ICRA,Fund based financial facility/instrument | Non-fund-based financial facility/instrument | Term loans,A 2,2025-11-26,230.0,HOT,False,,110.00 | 83.00,D365,Steel & Metals,NO,,Active,180-365 days — approaching renewal,"As an active steel company rated by ICRA, ACER can offer competitive pricing and faster turnaround for your next rating cycle.",NO
Team Ferro Alloys Private Limited,Infomerics,Long Term Bank Facilities | Short Term Bank Facilities,IVR BBB+ (Upgraded),2025-11-06,229.0,HOT,False,,Rs. 173.32 Cr. (Enhanced from Rs. 77.70 Crore) | Rs. 1.68 Cr. (Reduced from Rs. 15.00 Crore),Infomerics,Steel & Metals,,NO,Active,180-365 days — approaching renewal,"As an active steel company rated by Infomerics, ACER can offer competitive pricing and faster turnaround for your next rating cycle.",YES
Aarti Steel Intl. Ltd.,ICRA,Non-fund-based financial facility/instrument | Non-government debt | Term loans,A+/A1,2025-11-07,228.0,HOT,False,,10.00 | 182.00,D365,Steel & Metals,NO,,Active,180-365 days — approaching renewal,"As an active steel company rated by ICRA, ACER can offer competitive pricing and faster turnaround for your next rating cycle.",NO
Global Ores & Alloys Industries Private Limited,Infomerics,Long Term Bank Facilities | Short Term Bank Facilities,IVR BB (INC)(Downgraded),2025-11-07,228.0,HOT,True,Infomerics,Rs. 25.00 Cr. | Rs. 40.00 Cr.,Infomerics,Steel & Metals,,NO,INC,INC at Infomerics | 180-365 days — approaching renewal,Your steel company's rating at Infomerics has been INC for 228.0 days. ACER specializes in steel sector — we can provide an active credit rating in 21 days.,NO
Posco-Poggenamp Electrical Steel Private Limited,Infomerics,Long Term Bank Facilities,IVR D (INC)(Reaffirmed),2025-11-07,228.0,HOT,True,Infomerics,Rs. 20.00 Cr.,Infomerics,Steel & Metals,,NO,INC,INC at Infomerics | 180-365 days — approaching renewal,Your steel company's rating at Infomerics has been INC for 228.0 days. ACER specializes in steel sector — we can provide an active credit rating in 21 days.,NO
Rangineni Steel and Power Private Limited,Infomerics,Long Term Facilities,IVR BB (Assigned),2025-11-07,228.0,HOT,False,,Rs. 59.00 Cr.,Infomerics,Steel & Metals,,NO,Active,180-365 days — approaching renewal,"As an active steel company rated by Infomerics, ACER can offer competitive pricing and faster turnaround for your next rating cycle.",NO
Abha Power & Steel Ltd.,ACUITE,Term loans,B-,2025-11-10,225.0,HOT,True,,2.00,D365,Steel & Metals,NO,,INC,INC at  | 180-365 days — approaching renewal,Your steel company's rating at ACUITE has been INC for 225.0 days. ACER specializes in steel sector — we can provide an active credit rating in 21 days.,NO
M S R Iron & Steel Inds. India Pvt. Ltd.,CARE,Bank Guarantee | Fund based financial facility/instrument | Non-fund-based financial facility/instrument,A 4,2025-11-10,225.0,HOT,True,,5.00 | 10.00,D365,Steel & Metals,NO,,INC,INC at  | 180-365 days — approaching renewal,Your steel company's rating at CARE has been INC for 225.0 days. ACER specializes in steel sector — we can provide an active credit rating in 21 days.,NO
Shyam Ferro Alloys Ltd.,CRISIL,Fund based financial facility/instrument | Non-fund-based financial facility/instrument,AA-,2025-11-10,225.0,HOT,False,,125.00 | 600.00,D365,Steel & Metals,NO,,Active,180-365 days — approaching renewal,"As an active steel company rated by CRISIL, ACER can offer competitive pricing and faster turnaround for your next rating cycle.",NO
Sundaram Alloys Ltd.,CRISIL,Fund based financial facility/instrument | Non-fund-based financial facility/instrument,AA-,2025-11-10,225.0,HOT,False,,60.00 | 320.00,D365,Steel & Metals,NO,,Active,180-365 days — approaching renewal,"As an active steel company rated by CRISIL, ACER can offer competitive pricing and faster turnaround for your next rating cycle.",NO
Arya Steels Rolling (India) Private Limited,Infomerics,Long Term Bank Facilities | Short Term Bank Facilities,IVR BB+ (INC)(Downgraded),2025-11-10,225.0,HOT,True,Infomerics,Rs. 18.00 Cr. | Rs. 2.00 Cr.,Infomerics,Steel & Metals,,NO,INC,INC at Infomerics | 180-365 days — approaching renewal,Your steel company's rating at Infomerics has been INC for 225.0 days. ACER specializes in steel sector — we can provide an active credit rating in 21 days.,YES
Ambica Steels India Ltd.,IND-RA,Term loans,BBB-,2025-11-11,224.0,HOT,False,,71.46,D365,Steel & Metals,NO,,Active,180-365 days — approaching renewal,"As an active steel company rated by IND-RA, ACER can offer competitive pricing and faster turnaround for your next rating cycle.",NO
Ambica Steels Ltd.,IND-RA,Non-fund based working capital limit | Term loans,A 2,2025-11-11,224.0,HOT,False,,100.00 | 1.50,D365,Steel & Metals,NO,,Active,180-365 days — approaching renewal,"As an active steel company rated by IND-RA, ACER can offer competitive pricing and faster turnaround for your next rating cycle.",NO
Maa Shakambari Steel Ltd.,CRISIL,Bank Guarantee | Term loans,A 2,2025-11-11,224.0,HOT,False,,2.37 | 63.00,D365,Steel & Metals,NO,,Active,180-365 days — approaching renewal,"As an active steel company rated by CRISIL, ACER can offer competitive pricing and faster turnaround for your next rating cycle.",NO
S M E L Steel Structural Pvt. Ltd.,CRISIL,Letter Of credit,AA-,2025-11-11,224.0,HOT,False,,150.00,D365,Steel & Metals,NO,,Active,180-365 days — approaching renewal,"As an active steel company rated by CRISIL, ACER can offer competitive pricing and faster turnaround for your next rating cycle.",NO
Gangajamuna Steel Pvt. Ltd.,CRISIL,Letter Of credit,A 4,2025-11-12,223.0,HOT,True,,2.00,D365,Steel & Metals,NO,,INC,INC at  | 180-365 days — approaching renewal,Your steel company's rating at CRISIL has been INC for 223.0 days. ACER specializes in steel sector — we can provide an active credit rating in 21 days.,NO
Premier Alloys Ltd.,CRISIL,Bank Guarantee | Letter Of credit | Long term Loans,A 4,2025-11-12,223.0,HOT,True,,1.00,D365,Steel & Metals,NO,,INC,INC at  | 180-365 days — approaching renewal,Your steel company's rating at CRISIL has been INC for 223.0 days. ACER specializes in steel sector — we can provide an active credit rating in 21 days.,NO
Kashmir Steel Rolling Mills Limited,Infomerics,Long Term Bank Facilities,IVR BBB- (Reaffirmed),2025-11-12,223.0,HOT,False,,Rs. 74.00 Cr. (Reduced from Rs. 74.64 Crore),Infomerics,Steel & Metals,,NO,Active,180-365 days — approaching renewal,"As an active steel company rated by Infomerics, ACER can offer competitive pricing and faster turnaround for your next rating cycle.",NO
Shuchi Alloys & Conductors Technologies Private Limited,Infomerics,Long Term Facilities | Short Term Facilities,IVR BBB,2025-11-12,223.0,HOT,False,,Rs. 187.00 Cr. | Rs. 173.00 Cr.,Infomerics,Steel & Metals,,NO,Active,180-365 days — approaching renewal,"As an active steel company rated by Infomerics, ACER can offer competitive pricing and faster turnaround for your next rating cycle.",NO
Leading Metals Pvt. Ltd.,CRISIL,Bank Guarantee,A 4,2025-11-13,222.0,HOT,True,,2.00,D365,Steel & Metals,NO,,INC,INC at  | 180-365 days — approaching renewal,Your steel company's rating at CRISIL has been INC for 222.0 days. ACER specializes in steel sector — we can provide an active credit rating in 21 days.,NO
Nyka Steels Pvt. Ltd.,CRISIL,Letter Of credit,D,2025-11-13,222.0,HOT,True,,20.00,D365,Steel & Metals,NO,,INC,INC at  | 180-365 days — approaching renewal,Your steel company's rating at CRISIL has been INC for 222.0 days. ACER specializes in steel sector — we can provide an active credit rating in 21 days.,NO
Sunflag Iron & Steel Co. Ltd.,CARE | CRISIL,Letter Of credit | Non-government debt | Term loans,AA-,2026-04-02,222.0,HOT,False,,88.91 | 480.51,D365,Steel & Metals,NO,,Active,180-365 days — approaching renewal,"As an active steel company rated by CARE | CRISIL, ACER can offer competitive pricing and faster turnaround for your next rating cycle.",NO
Agroha Steel & Power Private Limited (Previously Agroha Iron and Steel Industries),Infomerics,Long Term Bank Facilities | Long Term/ Short Term Bank Facilities,IVR BBB (Reaffirmed),2025-11-13,222.0,HOT,False,,Rs. 177.06 Cr. (enhanced from Rs. 158.34 Cr.) | Rs. 4.83 Cr. (including proposed limit of Rs. 4.83 Cr. ) (enhanced from Rs. 3.55 Cr.),Infomerics,Steel & Metals,,NO,Active,180-365 days — approaching renewal,"As an active steel company rated by Infomerics, ACER can offer competitive pricing and faster turnaround for your next rating cycle.",NO
Ramnik Power and Alloys Private Limited,Infomerics,Long Term Fund Based Facilities - CECL Loan | Long Term Fund Based Facilities - Cash Credit | Long Term Fund Based Facilities - Equipment Loan,IVR BBB- (Upgraded and Withdrawn),2025-11-13,222.0,HOT,False,,Rs. 37.00 Cr. | Rs. 102.18 Cr. (Reduced from Rs. 108.09 Crore),Infomerics,Steel & Metals,,NO,Active,180-365 days — approaching renewal,"As an active steel company rated by Infomerics, ACER can offer competitive pricing and faster turnaround for your next rating cycle.",NO
Aqua Alloys Pvt. Ltd.,CRISIL,Bank Guarantee,A 4,2025-11-14,221.0,HOT,True,,6.00,D365,Steel & Metals,NO,,INC,INC at  | 180-365 days — approaching renewal,Your steel company's rating at CRISIL has been INC for 221.0 days. ACER specializes in steel sector — we can provide an active credit rating in 21 days.,NO
Hindusthan Calcined Metals Pvt. Ltd.,BRICKWORK | ICRA,Fund based financial facility/instrument | Letter Of credit | Non-fund-based financial facility/instrument,A 4,2026-01-19,221.0,HOT,True,,2.00 | 0.25,D365,Steel & Metals,NO,,INC,INC at  | 180-365 days — approaching renewal,Your steel company's rating at BRICKWORK | ICRA has been INC for 221.0 days. ACER specializes in steel sector — we can provide an active credit rating in 21 days.,NO
Maithan Steel & Power Ltd.,ACUITE,Bank Guarantee | Letter Of credit | Short-term loan,AA-,2025-12-05,221.0,HOT,False,,230.33 | 105.00,D365,Steel & Metals,NO,,Active,180-365 days — approaching renewal,"As an active steel company rated by ACUITE, ACER can offer competitive pricing and faster turnaround for your next rating cycle.",NO
Aman Rolling Mills Private Limited,Infomerics,Long Term Bank Facilities,IVR BB+ (INC)(Downgraded),2025-11-14,221.0,HOT,True,Infomerics,Rs. 25.00 Cr. (includes proposed limit of Rs. 1.00 Crore),Infomerics,Steel & Metals,,NO,INC,INC at Infomerics | 180-365 days — approaching renewal,Your steel company's rating at Infomerics has been INC for 221.0 days. ACER specializes in steel sector — we can provide an active credit rating in 21 days.,NO
Karbonsteel Engineering Limited,Infomerics,Long Term Bank Facilities | Short Term Bank Facilities,IVR BB+ (INC)(Downgraded),2025-11-14,221.0,HOT,True,Infomerics,Rs. 27.50 Cr. | Rs. 48.00 Cr.,Infomerics,Steel & Metals,,NO,INC,INC at Infomerics | 180-365 days — approaching renewal,Your steel company's rating at Infomerics has been INC for 221.0 days. ACER specializes in steel sector — we can provide an active credit rating in 21 days.,NO
Aarti Steels Ltd.,ICRA,Non-fund-based financial facility/instrument | Non-government debt | Term loans,A/A2+,2025-11-17,218.0,HOT,False,,1.39 | 108.61,D365,Steel & Metals,NO,,Active,180-365 days — approaching renewal,"As an active steel company rated by ICRA, ACER can offer competitive pricing and faster turnaround for your next rating cycle.",NO
Bindra Steel Private Limited,Infomerics,Long Term Facilities | Short Term Facilities,IVR BB+ (INC)(Downgraded),2025-11-17,218.0,HOT,True,Infomerics,Rs. 190.00 Cr. | Rs. 20.00 Cr.,Infomerics,Steel & Metals,,NO,INC,INC at Infomerics | 180-365 days — approaching renewal,Your steel company's rating at Infomerics has been INC for 218.0 days. ACER specializes in steel sector — we can provide an active credit rating in 21 days.,NO
Eagle Steel Industries Private Limited,Infomerics,Long Term Facilities,IVR C (INC)(Downgraded),2025-11-17,218.0,HOT,True,Infomerics,Rs. 12.00 Cr.,Infomerics,Steel & Metals,,NO,INC,INC at Infomerics | 180-365 days — approaching renewal,Your steel company's rating at Infomerics has been INC for 218.0 days. ACER specializes in steel sector — we can provide an active credit rating in 21 days.,NO
Urjah Metallics Private Limited,Infomerics,NCD (Proposed),IVR BB+ (Assigned),2025-11-17,218.0,HOT,False,,Rs. 350.00 Cr.,Infomerics,Steel & Metals,,NO,Active,180-365 days — approaching renewal,"As an active steel company rated by Infomerics, ACER can offer competitive pricing and faster turnaround for your next rating cycle.",NO
Baldeo Metals Pvt. Ltd.,CRISIL,Bank Guarantee | Fund based financial facility/instrument | Letter Of credit,D,2025-11-18,217.0,HOT,True,,4.00 | 2.00,D365,Steel & Metals,NO,,INC,INC at  | 180-365 days — approaching renewal,Your steel company's rating at CRISIL has been INC for 217.0 days. ACER specializes in steel sector — we can provide an active credit rating in 21 days.,NO
Global Aluminium Pvt. Ltd.,ICRA,Term loans,A,2025-11-18,217.0,HOT,False,,50.00,D365,Steel & Metals,NO,,Active,180-365 days — approaching renewal,"As an active steel company rated by ICRA, ACER can offer competitive pricing and faster turnaround for your next rating cycle.",NO
Nilachal Carbo Metalicks Ltd.,CARE | CRISIL,Letter Of credit | Term loans,A 4+,2026-02-26,217.0,HOT,True,,8.75 | 5.43,D365,Steel & Metals,NO,,INC,INC at  | 180-365 days — approaching renewal,Your steel company's rating at CARE | CRISIL has been INC for 217.0 days. ACER specializes in steel sector — we can provide an active credit rating in 21 days.,NO
Bhagatjee Steels Pvt. Ltd.,CARE,Letter Of credit,D,2025-11-19,216.0,HOT,True,,0.57,D365,Steel & Metals,NO,,INC,INC at  | 180-365 days — approaching renewal,Your steel company's rating at CARE has been INC for 216.0 days. ACER specializes in steel sector — we can provide an active credit rating in 21 days.,NO
Dhariwal Steel Pvt. Ltd.,CARE,Bank Guarantee | Letter Of credit | Term loans,A 4,2025-11-20,215.0,HOT,True,,4.00 | 1.00,D365,Steel & Metals,NO,,INC,INC at  | 180-365 days — approaching renewal,Your steel company's rating at CARE has been INC for 215.0 days. ACER specializes in steel sector — we can provide an active credit rating in 21 days.,NO
Tehri Iron & Steel Casting Pvt. Ltd.,BRICKWORK | CRISIL,Bank Guarantee | Letter Of credit | Long term Loans,A 4+,2026-01-29,215.0,HOT,True,,4.50 | 3.50,D365,Steel & Metals,NO,,INC,INC at  | 180-365 days — approaching renewal,Your steel company's rating at BRICKWORK | CRISIL has been INC for 215.0 days. ACER specializes in steel sector — we can provide an active credit rating in 21 days.,NO
Heena Steel LLP,Infomerics,Long Term Bank Facilities | Short Term Bank Facilities,IVR BBB- (Assigned),2025-11-20,215.0,HOT,False,,Rs. 40.00 Cr. | Rs. 57.00 Cr.,Infomerics,Steel & Metals,,NO,Active,180-365 days — approaching renewal,"As an active steel company rated by Infomerics, ACER can offer competitive pricing and faster turnaround for your next rating cycle.",NO
Marvelous Metals Pvt. Ltd.,CARE,Bank Guarantee | Non-government debt | Term loans,D,2025-11-21,214.0,HOT,True,,1.00 | 3.53,D365,Steel & Metals,NO,,INC,INC at  | 180-365 days — approaching renewal,Your steel company's rating at CARE has been INC for 214.0 days. ACER specializes in steel sector — we can provide an active credit rating in 21 days.,NO
Metal Care Alloys Pvt. Ltd.,BRICKWORK | IND-RA,Bank Guarantee | Letter Of credit | Non-government debt,B/A4,2026-04-01,211.0,HOT,True,,10.00 | 0.56,D365,Steel & Metals,NO,,INC,INC at  | 180-365 days — approaching renewal,Your steel company's rating at BRICKWORK | IND-RA has been INC for 211.0 days. ACER specializes in steel sector — we can provide an active credit rating in 21 days.,YES
Omkamal Steel Pvt. Ltd.,CARE,Term loans,B-,2025-11-24,211.0,HOT,True,,0.72,D365,Steel & Metals,NO,,INC,INC at  | 180-365 days — approaching renewal,Your steel company's rating at CARE has been INC for 211.0 days. ACER specializes in steel sector — we can provide an active credit rating in 21 days.,NO
Pami Metals Pvt. Ltd.,IND-RA,Non-government debt,D,2025-11-24,211.0,HOT,True,,37.30,D365,Steel & Metals,NO,,INC,INC at  | 180-365 days — approaching renewal,Your steel company's rating at IND-RA has been INC for 211.0 days. ACER specializes in steel sector — we can provide an active credit rating in 21 days.,NO
Gupta Metal Sheets Limited,Infomerics,Long Term Bank Facilities | Short Term Bank Facility,IVR B+ (Assigned),2025-11-24,211.0,HOT,False,,Rs. 82.08 Cr. | Rs. 6.00 Cr.,Infomerics,Steel & Metals,,NO,Active,180-365 days — approaching renewal,"As an active steel company rated by Infomerics, ACER can offer competitive pricing and faster turnaround for your next rating cycle.",YES
Aditya Ultra Steel Ltd.,CRISIL,Bank Guarantee | Letter Of credit,A 3,2025-11-25,210.0,HOT,False,,1.50 | 25.00,D365,Steel & Metals,NO,,Active,180-365 days — approaching renewal,"As an active steel company rated by CRISIL, ACER can offer competitive pricing and faster turnaround for your next rating cycle.",NO
Jaihind Steel Pvt. Ltd.,CARE,Letter Of credit | Non-government debt | Term loans,A 4+,2025-11-25,210.0,HOT,False,,,D365,Steel & Metals,NO,,Active,180-365 days — approaching renewal,"As an active steel company rated by CARE, ACER can offer competitive pricing and faster turnaround for your next rating cycle.",NO
Rama Steel Tubes Ltd.,ICRA,Letter Of credit,A 4+,2025-12-22,210.0,HOT,False,,30.00,D365,Steel & Metals,NO,,Active,180-365 days — approaching renewal,"As an active steel company rated by ICRA, ACER can offer competitive pricing and faster turnaround for your next rating cycle.",NO
Chloride Metals Ltd.,ICRA,Non-fund-based financial facility/instrument | Term loans,AA,2025-11-26,209.0,HOT,False,,61.79 | 1475.00,D365,Steel & Metals,NO,,Active,180-365 days — approaching renewal,"As an active steel company rated by ICRA, ACER can offer competitive pricing and faster turnaround for your next rating cycle.",NO
Rajshri Iron Inds. Pvt. Ltd.,CRISIL,Bank Guarantee | Non-fund-based financial facility/instrument,A 4+,2026-02-06,209.0,HOT,True,,0.60 | 0.12,D365,Steel & Metals,NO,,INC,INC at  | 180-365 days — approaching renewal,Your steel company's rating at CRISIL has been INC for 209.0 days. ACER specializes in steel sector — we can provide an active credit rating in 21 days.,NO
Rosha Alloys Pvt. Ltd.,ICRA,Non-fund-based financial facility/instrument,B+,2025-11-26,209.0,HOT,True,,1.00,D365,Steel & Metals,NO,,INC,INC at  | 180-365 days — approaching renewal,Your steel company's rating at ICRA has been INC for 209.0 days. ACER specializes in steel sector — we can provide an active credit rating in 21 days.,NO
Balasore Alloys Limited,Infomerics,Proposed Long Term Bank Facility | Proposed Short Term Bank Facility,IVR BB (Assigned),2025-11-26,209.0,HOT,False,,Rs. 130.00 Cr. | Rs. 115.00 Cr.,Infomerics,Steel & Metals,,NO,Active,180-365 days — approaching renewal,"As an active steel company rated by Infomerics, ACER can offer competitive pricing and faster turnaround for your next rating cycle.",NO
MSP Sponge Iron Limited,Infomerics,Long Term/Short Term Bank Facilities,IVR BBB-/IVR A3; (Reaffirmed),2025-11-26,209.0,HOT,False,,Rs. 50.00 Cr.,Infomerics,Steel & Metals,,NO,Active,180-365 days — approaching renewal,"As an active steel company rated by Infomerics, ACER can offer competitive pricing and faster turnaround for your next rating cycle.",NO
Shreesatya Metals & Alloys Private Limited,Infomerics,Long Term Bank Facilities | Short Term Bank Facilities,IVR BB+ (INC)(Downgraded),2025-11-26,209.0,HOT,True,Infomerics,Rs. 26.52 Cr. | Rs. 0.45 Cr.,Infomerics,Steel & Metals,,NO,INC,INC at Infomerics | 180-365 days — approaching renewal,Your steel company's rating at Infomerics has been INC for 209.0 days. ACER specializes in steel sector — we can provide an active credit rating in 21 days.,NO
Shreesatya Steel & Power Private Limited,Infomerics,Long Term Bank Facilities | Short Term Bank Facilities,IVR BB+ (INC)(Downgraded),2025-11-26,209.0,HOT,True,Infomerics,Rs. 23.56 Cr. | Rs. 10.00 Cr.,Infomerics,Steel & Metals,,NO,INC,INC at Infomerics | 180-365 days — approaching renewal,Your steel company's rating at Infomerics has been INC for 209.0 days. ACER specializes in steel sector — we can provide an active credit rating in 21 days.,NO
Airan Steel & Power Pvt. Ltd.,ICRA,Non-fund-based financial facility/instrument,B+,2025-11-27,208.0,HOT,True,,0.50,D365,Steel & Metals,NO,,INC,INC at  | 180-365 days — approaching renewal,Your steel company's rating at ICRA has been INC for 208.0 days. ACER specializes in steel sector — we can provide an active credit rating in 21 days.,NO
Ferromet Steels Pvt. Ltd.,ACUITE | ICRA,Long term Loans | Non-fund-based financial facility/instrument | Short-term loan,D,2026-04-13,208.0,HOT,True,,0.50 | 4.00,D365,Steel & Metals,NO,,INC,INC at  | 180-365 days — approaching renewal,Your steel company's rating at ACUITE | ICRA has been INC for 208.0 days. ACER specializes in steel sector — we can provide an active credit rating in 21 days.,NO
Mahalaxmi Seamless Ltd.,CRISIL,Bank Guarantee | Letter Of credit,A 4,2025-11-27,208.0,HOT,True,,1.50 | 4.00,D365,Steel & Metals,NO,,INC,INC at  | 180-365 days — approaching renewal,Your steel company's rating at CRISIL has been INC for 208.0 days. ACER specializes in steel sector — we can provide an active credit rating in 21 days.,NO
Karbonsteel Engineering Ltd.,CRISIL,Letter Of credit,A 3+,2025-11-28,207.0,HOT,False,,75.00,D365,Steel & Metals,NO,,Active,180-365 days — approaching renewal,"As an active steel company rated by CRISIL, ACER can offer competitive pricing and faster turnaround for your next rating cycle.",NO
Narmada Iron & Associates Pvt. Ltd.,CRISIL,Fund based financial facility/instrument | Letter Of credit,BBB-,2025-11-28,207.0,HOT,False,,80.00 | 35.00,D365,Steel & Metals,NO,,Active,180-365 days — approaching renewal,"As an active steel company rated by CRISIL, ACER can offer competitive pricing and faster turnaround for your next rating cycle.",NO
Beekay Steel Inds. Ltd.,IND-RA,Non-government debt | Term loans,A/A1,2025-12-09,204.0,HOT,False,,18.81 | 404.19,D365,Steel & Metals,NO,,Active,180-365 days — approaching renewal,"As an active steel company rated by IND-RA, ACER can offer competitive pricing and faster turnaround for your next rating cycle.",NO
Kutch Copper Tubes Ltd.,CARE,Non-fund-based financial facility/instrument | Term loans,A-,2025-12-01,204.0,HOT,False,,25.00 | 460.00,D365,Steel & Metals,NO,,Active,180-365 days — approaching renewal,"As an active steel company rated by CARE, ACER can offer competitive pricing and faster turnaround for your next rating cycle.",NO
Yash Metal Impex Pvt. Ltd.,ACUITE,Letter Of credit,A 4,2025-12-01,204.0,HOT,True,,4.25,D365,Steel & Metals,NO,,INC,INC at  | 180-365 days — approaching renewal,Your steel company's rating at ACUITE has been INC for 204.0 days. ACER specializes in steel sector — we can provide an active credit rating in 21 days.,NO
Agrasen Iron & Steels Pvt. Ltd.,CARE,Non-government debt,BB+/A4+,2025-12-02,203.0,HOT,True,,9.00,D365,Steel & Metals,NO,,INC,INC at  | 180-365 days — approaching renewal,Your steel company's rating at CARE has been INC for 203.0 days. ACER specializes in steel sector — we can provide an active credit rating in 21 days.,NO
J S W Mi Steel Service Center Pvt. Ltd.,CARE,Non-government debt,AA-/A1+,2025-12-02,203.0,HOT,False,,500.00,D365,Steel & Metals,NO,,Active,180-365 days — approaching renewal,"As an active steel company rated by CARE, ACER can offer competitive pricing and faster turnaround for your next rating cycle.",NO
Synergy Advanced Metals Ltd.,CARE,Bank Guarantee | Term loans,A 2,2025-12-02,203.0,HOT,False,,250.00 | 43.56,D365,Steel & Metals,NO,,Active,180-365 days — approaching renewal,"As an active steel company rated by CARE, ACER can offer competitive pricing and faster turnaround for your next rating cycle.",NO
Kashi Vishwanath Steels Pvt. Ltd.,CARE,Bank Guarantee | Term loans,A 3+,2026-01-29,202.0,HOT,False,,22.75 | 71.82,D365,Steel & Metals,NO,,Active,180-365 days — approaching renewal,"As an active steel company rated by CARE, ACER can offer competitive pricing and faster turnaround for your next rating cycle.",NO
Kumar Metal Inds. Pvt. Ltd.,CRISIL,Letter Of credit | Long term Loans,A 3,2025-12-03,202.0,HOT,False,,65.00 | 1.00,D365,Steel & Metals,NO,,Active,180-365 days — approaching renewal,"As an active steel company rated by CRISIL, ACER can offer competitive pricing and faster turnaround for your next rating cycle.",NO
Steelsmith Continental Mfg. Pvt. Ltd.,CARE,Bank Guarantee | Letter Of credit | Non-government debt,A 3+,2025-12-03,202.0,HOT,False,,2.00 | 18.00,D365,Steel & Metals,NO,,Active,180-365 days — approaching renewal,"As an active steel company rated by CARE, ACER can offer competitive pricing and faster turnaround for your next rating cycle.",NO
Gajkesari Steel and Alloys Private Limited,Infomerics,Long Term Fund Based Bank Facilities - Cash Credit | Long Term Fund Based Bank Facilities â€“ Term Loan | Proposed Long term/Short term Facilities,IVR BBB+ (Reaffirmed),2025-12-03,202.0,HOT,False,,Rs. 77.86 Cr. (reduced from Rs. 108.61 Cr.) | Rs. 110.00 Cr. (enhanced from Rs. 70.00 Cr.),Infomerics,Steel & Metals,,NO,Active,180-365 days — approaching renewal,"As an active steel company rated by Infomerics, ACER can offer competitive pricing and faster turnaround for your next rating cycle.",NO
Jailaxmi Casting & Alloys Private Limited,Infomerics,Long Term Bank Facilities- Cash Credit | Short Term Bank Facilities,IVR BBB+ (Upgraded),2025-12-03,202.0,HOT,False,,Rs. 23.00 Cr. (Enhanced from Rs.12.00 crore) | 0.00 (Reduced by Rs.43.00 crore),Infomerics,Steel & Metals,,NO,Active,180-365 days — approaching renewal,"As an active steel company rated by Infomerics, ACER can offer competitive pricing and faster turnaround for your next rating cycle.",NO
M R Steels and Power Private Limited,Infomerics,Long Term Facilities,IVR BB+ (Reaffirmed),2025-12-03,202.0,HOT,False,,Rs. 45.00 Cr.,Infomerics,Steel & Metals,,NO,Active,180-365 days — approaching renewal,"As an active steel company rated by Infomerics, ACER can offer competitive pricing and faster turnaround for your next rating cycle.",NO
H M Steels Ltd.,ACUITE | BRICKWORK,Bank Guarantee | Fund based financial facility/instrument | Letter Of credit,B,2026-03-05,201.0,HOT,True,,2.00 | 10.07,D365,Steel & Metals,NO,,INC,INC at  | 180-365 days — approaching renewal,Your steel company's rating at ACUITE | BRICKWORK has been INC for 201.0 days. ACER specializes in steel sector — we can provide an active credit rating in 21 days.,NO
Mark Alloys Pvt. Ltd.,BRICKWORK,Bank Guarantee | Term loans,A 4,2025-12-04,201.0,HOT,True,,1.00 | 8.80,D365,Steel & Metals,NO,,INC,INC at  | 180-365 days — approaching renewal,Your steel company's rating at BRICKWORK has been INC for 201.0 days. ACER specializes in steel sector — we can provide an active credit rating in 21 days.,NO
Eagle Steels Rolling Mills Pvt. Ltd.,BRICKWORK | CARE,Bank Guarantee | Letter Of credit,D,2025-12-08,200.0,HOT,True,,0.50 | 8.00,D365,Steel & Metals,NO,,INC,INC at  | 180-365 days — approaching renewal,Your steel company's rating at BRICKWORK | CARE has been INC for 200.0 days. ACER specializes in steel sector — we can provide an active credit rating in 21 days.,YES
Indian Metals & Ferro Alloys Ltd.,ICRA,Fund based financial facility/instrument | Non-fund-based financial facility/instrument | Term loans,AA,2025-12-05,200.0,HOT,False,,1040.00 | 470.50,D365,Steel & Metals,NO,,Active,180-365 days — approaching renewal,"As an active steel company rated by ICRA, ACER can offer competitive pricing and faster turnaround for your next rating cycle.",NO
M P K Steels I Ltd.,CRISIL,Long term Loans | Term loans,D,2026-03-10,200.0,HOT,True,,0.36 | 2.44,D365,Steel & Metals,NO,,INC,INC at  | 180-365 days — approaching renewal,Your steel company's rating at CRISIL has been INC for 200.0 days. ACER specializes in steel sector — we can provide an active credit rating in 21 days.,NO
Matsyodari Steel & Alloys Pvt. Ltd.,CARE | CRISIL,Bank Guarantee | Fund based financial facility/instrument | Non-government debt,BBB/A3+,2026-01-07,200.0,HOT,True,,135.00 | 25.00,D365,Steel & Metals,NO,,INC,INC at  | 180-365 days — approaching renewal,Your steel company's rating at CARE | CRISIL has been INC for 200.0 days. ACER specializes in steel sector — we can provide an active credit rating in 21 days.,NO
Scania Steels & Powers Ltd.,CRISIL,Bank Guarantee | Letter Of credit | Long term Loans,D,2025-12-05,200.0,HOT,False,,1.00 | 3.00,D365,Steel & Metals,NO,,Active,180-365 days — approaching renewal,"As an active steel company rated by CRISIL, ACER can offer competitive pricing and faster turnaround for your next rating cycle.",NO
Hyundai Steel India Pvt. Ltd.,IND-RA,Non-government debt,A-/A1,2025-12-08,197.0,HOT,False,,707.50,D365,Steel & Metals,NO,,Active,180-365 days — approaching renewal,"As an active steel company rated by IND-RA, ACER can offer competitive pricing and faster turnaround for your next rating cycle.",NO
Shilpa Alloys Pvt. Ltd.,ACUITE,Short-term loan | Term loans,A 4+,2025-12-09,196.0,HOT,True,,0.34 | 9.99,D365,Steel & Metals,NO,,INC,INC at  | 180-365 days — approaching renewal,Your steel company's rating at ACUITE has been INC for 196.0 days. ACER specializes in steel sector — we can provide an active credit rating in 21 days.,NO
Smart Stainless Tubes Pvt. Ltd.,ACUITE | CARE,Bank Guarantee | Term loans,A 4,2026-04-10,196.0,HOT,True,,0.25 | 4.81,D365,Steel & Metals,NO,,INC,INC at  | 180-365 days — approaching renewal,Your steel company's rating at ACUITE | CARE has been INC for 196.0 days. ACER specializes in steel sector — we can provide an active credit rating in 21 days.,NO
Balbir Metals & Power Pvt. Ltd.,CRISIL,Bank Guarantee | Fund based financial facility/instrument,A 4+,2025-12-10,195.0,HOT,False,,3.00 | 3.25,D365,Steel & Metals,NO,,Active,180-365 days — approaching renewal,"As an active steel company rated by CRISIL, ACER can offer competitive pricing and faster turnaround for your next rating cycle.",NO
Delta Iron & Steel Co. Pvt. Ltd.,CRISIL,Letter Of credit,D,2025-12-10,195.0,HOT,True,,182.25,D365,Steel & Metals,NO,,INC,INC at  | 180-365 days — approaching renewal,Your steel company's rating at CRISIL has been INC for 195.0 days. ACER specializes in steel sector — we can provide an active credit rating in 21 days.,NO
Mor Alloys Pvt. Ltd.,ICRA,Non-government debt,B+/A4,2025-12-10,195.0,HOT,True,,16.55,D365,Steel & Metals,NO,,INC,INC at  | 180-365 days — approaching renewal,Your steel company's rating at ICRA has been INC for 195.0 days. ACER specializes in steel sector — we can provide an active credit rating in 21 days.,NO
Revent Metalcast Ltd.,CARE | CRISIL,Non-government debt | Term loans,BB+,2026-01-29,195.0,HOT,False,,45.00,D365,Steel & Metals,NO,,Active,180-365 days — approaching renewal,"As an active steel company rated by CARE | CRISIL, ACER can offer competitive pricing and faster turnaround for your next rating cycle.",NO
Sri Raghavendra Ferro Alloys Pvt. Ltd.,ACUITE,Bank Guarantee | Letter Of credit | Long term Loans,D,2025-12-10,195.0,HOT,True,,4.00 | 15.00,D365,Steel & Metals,NO,,INC,INC at  | 180-365 days — approaching renewal,Your steel company's rating at ACUITE has been INC for 195.0 days. ACER specializes in steel sector — we can provide an active credit rating in 21 days.,NO
Advance Metal Powder Pvt. Ltd.,CRISIL,Letter Of credit,A 4,2025-12-11,194.0,HOT,True,,3.00,D365,Steel & Metals,NO,,INC,INC at  | 180-365 days — approaching renewal,Your steel company's rating at CRISIL has been INC for 194.0 days. ACER specializes in steel sector — we can provide an active credit rating in 21 days.,NO
Gravity Ferrous Pvt. Ltd.,CARE | CRISIL,Term loans,BBB-,2025-12-31,194.0,HOT,False,,6.70,D365,Steel & Metals,NO,,Active,180-365 days — approaching renewal,"As an active steel company rated by CARE | CRISIL, ACER can offer competitive pricing and faster turnaround for your next rating cycle.",NO
Seven Star Steels Ltd.,ICRA,Bank Guarantee,A 3,2025-12-11,194.0,HOT,False,,5.00,D365,Steel & Metals,NO,,Active,180-365 days — approaching renewal,"As an active steel company rated by ICRA, ACER can offer competitive pricing and faster turnaround for your next rating cycle.",NO
The Maitri Metals Private Limited,Infomerics,Long Term Bank Facilities | Short Term Bank Facilities,IVR BBB- (Reaffirmed),2025-12-11,194.0,HOT,False,,Rs. 59.00 Cr. (enhanced from Rs. 46.79 Cr.) | Rs. 21.00 Cr.,Infomerics,Steel & Metals,,NO,Active,180-365 days — approaching renewal,"As an active steel company rated by Infomerics, ACER can offer competitive pricing and faster turnaround for your next rating cycle.",NO
Mauli Metal Industries Private Limited,Infomerics,Long Term Facilities,IVR BBB-,2025-12-12,193.0,HOT,False,,Rs. 38.92 Cr. (reduced from Rs. 43.00 Cr.) | Rs. 0.01 Cr. (reduced from Rs. 2.33 Cr.),Infomerics,Steel & Metals,,NO,Active,180-365 days — approaching renewal,"As an active steel company rated by Infomerics, ACER can offer competitive pricing and faster turnaround for your next rating cycle.",NO
Kalyani Steels Ltd.,CARE,Bank Guarantee | Non-government debt | Term loans,AA,2025-12-15,190.0,HOT,False,,126.75 | 300.00,D365,Steel & Metals,NO,,Active,180-365 days — approaching renewal,"As an active steel company rated by CARE, ACER can offer competitive pricing and faster turnaround for your next rating cycle.",NO
M P I L Steel Structures Ltd.,CRISIL,Bank Guarantee | Fund based financial facility/instrument | Term loans,A 4+,2025-12-15,190.0,HOT,False,,30.00 | 5.00,D365,Steel & Metals,NO,,Active,180-365 days — approaching renewal,"As an active steel company rated by CRISIL, ACER can offer competitive pricing and faster turnaround for your next rating cycle.",NO
Navneeta Steels Pvt. Ltd.,ICRA,Non-fund-based financial facility/instrument,D,2025-12-15,190.0,HOT,True,,6.00,D365,Steel & Metals,NO,,INC,INC at  | 180-365 days — approaching renewal,Your steel company's rating at ICRA has been INC for 190.0 days. ACER specializes in steel sector — we can provide an active credit rating in 21 days.,NO
Steel Strong Valves (India) Pvt. Ltd.,CRISIL,Bank Guarantee | Letter Of credit | Term loans,A 4+,2025-12-16,189.0,HOT,False,,23.50 | 7.00,D365,Steel & Metals,NO,,Active,180-365 days — approaching renewal,"As an active steel company rated by CRISIL, ACER can offer competitive pricing and faster turnaround for your next rating cycle.",NO
Utkal Metallics Ltd.,BRICKWORK | CARE,Bank Guarantee,A 4,2026-02-12,188.0,HOT,True,,0.40,D365,Steel & Metals,NO,,INC,INC at  | 180-365 days — approaching renewal,Your steel company's rating at BRICKWORK | CARE has been INC for 188.0 days. ACER specializes in steel sector — we can provide an active credit rating in 21 days.,NO
S.S. Steels & Power Private Limited,Infomerics,Long Term Bank Facilities,IVR BBB- (Reaffirmed),2025-12-17,188.0,HOT,False,,Rs. 78.00 Cr.,Infomerics,Steel & Metals,,NO,Active,180-365 days — approaching renewal,"As an active steel company rated by Infomerics, ACER can offer competitive pricing and faster turnaround for your next rating cycle.",NO
Satya Surya Aluminium Inds. Ltd.,CRISIL,Bank Guarantee,A 4,2025-12-18,187.0,HOT,True,,4.50,D365,Steel & Metals,NO,,INC,INC at  | 180-365 days — approaching renewal,Your steel company's rating at CRISIL has been INC for 187.0 days. ACER specializes in steel sector — we can provide an active credit rating in 21 days.,NO
Jai Ganesh Ispat & Ferro Alloys Pvt. Ltd.,IND-RA,Term loans,B-,2025-12-19,186.0,HOT,True,,27.00,D365,Steel & Metals,NO,,INC,INC at  | 180-365 days — approaching renewal,Your steel company's rating at IND-RA has been INC for 186.0 days. ACER specializes in steel sector — we can provide an active credit rating in 21 days.,NO
Rukmini Iron Pvt. Ltd.,IND-RA,Term loans,D,2025-12-19,186.0,HOT,True,,47.39,D365,Steel & Metals,NO,,INC,INC at  | 180-365 days — approaching renewal,Your steel company's rating at IND-RA has been INC for 186.0 days. ACER specializes in steel sector — we can provide an active credit rating in 21 days.,NO
Suncity Metals & Tubes Pvt. Ltd.,CRISIL,Fund based financial facility/instrument | Non-fund-based financial facility/instrument | Term loans,A-,2025-12-19,186.0,HOT,False,,204.00 | 61.00,D365,Steel & Metals,NO,,Active,180-365 days — approaching renewal,"As an active steel company rated by CRISIL, ACER can offer competitive pricing and faster turnaround for your next rating cycle.",NO
Best Blue Metals,Infomerics,Long Term Fund Based Bank Facility - OD | Long Term Fund Based Bank Facility - Term Loans | Proposed Long Term Fund Based Bank Facility,IVR C+ (INC)(Downgraded),2025-12-19,186.0,HOT,True,Infomerics,Rs. 4.00 Cr. | Rs. 11.95 Cr.,Infomerics,Steel & Metals,,NO,INC,INC at Infomerics | 180-365 days — approaching renewal,Your steel company's rating at Infomerics has been INC for 186.0 days. ACER specializes in steel sector — we can provide an active credit rating in 21 days.,NO
A One Steels India Pvt. Ltd.,BRICKWORK,Letter Of credit,A 4,2025-12-22,183.0,HOT,True,,5.00,D365,Steel & Metals,NO,,INC,INC at  | 180-365 days — approaching renewal,Your steel company's rating at BRICKWORK has been INC for 183.0 days. ACER specializes in steel sector — we can provide an active credit rating in 21 days.,NO
Pragati Ingots & Power Pvt. Ltd.,CRISIL,Long term Loans | Term loans,B+,2025-12-22,183.0,HOT,True,,5.20 | 0.60,D365,Steel & Metals,NO,,INC,INC at  | 180-365 days — approaching renewal,Your steel company's rating at CRISIL has been INC for 183.0 days. ACER specializes in steel sector — we can provide an active credit rating in 21 days.,NO
The Kolhapur Steel Ltd. [Merged],CARE,Fund based financial facility/instrument | Non-government debt,AA(CE),2025-12-22,183.0,HOT,False,,,D365,Steel & Metals,NO,,Active,180-365 days — approaching renewal,"As an active steel company rated by CARE, ACER can offer competitive pricing and faster turnaround for your next rating cycle.",NO
Mightysteelflow Industries Private Limited,Infomerics,Long Term Bank Facilities,IVR BBB- (Reaffirmed),2025-12-22,183.0,HOT,False,,Rs. 70.83 Cr. (reduced from Rs. 80.00 Cr.),Infomerics,Steel & Metals,,NO,Active,180-365 days — approaching renewal,"As an active steel company rated by Infomerics, ACER can offer competitive pricing and faster turnaround for your next rating cycle.",NO
Super Iron Foundry Limited,Infomerics,Long Term Bank Facilities | Long Term Bank Facilities- FCTL/ GECL | Short Term Bank Facilities,IVR BBB- (Reaffirmed),2025-12-22,183.0,HOT,False,,Rs. 4.80 Cr. | Rs. 110.65 Cr.,Infomerics,Steel & Metals,,NO,Active,180-365 days — approaching renewal,"As an active steel company rated by Infomerics, ACER can offer competitive pricing and faster turnaround for your next rating cycle.",YES
Maa Bhagawati Re-Rolling Mills Pvt. Ltd.,CARE | IND-RA,Term loans,B-,2026-01-16,182.0,HOT,True,,2.28 | 7.41,D365,Steel & Metals,NO,,INC,INC at  | 180-365 days — approaching renewal,Your steel company's rating at CARE | IND-RA has been INC for 182.0 days. ACER specializes in steel sector — we can provide an active credit rating in 21 days.,NO
Swastika Steel & Allied Products Pvt. Ltd.,CRISIL,Bank Guarantee | Long term Loans,A 4,2025-12-23,182.0,HOT,True,,0.80 | 8.90,D365,Steel & Metals,NO,,INC,INC at  | 180-365 days — approaching renewal,Your steel company's rating at CRISIL has been INC for 182.0 days. ACER specializes in steel sector — we can provide an active credit rating in 21 days.,NO
Devi Iron & Power Private Limited,Infomerics,Long Term Bank Facilities,IVR A (Upgraded),2025-12-23,182.0,HOT,False,,Rs. 172.48 Cr. (enhanced from Rs. 153.61 Cr.),Infomerics,Steel & Metals,,NO,Active,180-365 days — approaching renewal,"As an active steel company rated by Infomerics, ACER can offer competitive pricing and faster turnaround for your next rating cycle.",YES
Mahamaya Sponge Iron Private Limited,Infomerics,Long Term Bank Facilities,IVR A (Upgraded),2025-12-23,182.0,HOT,False,,Rs. 35.00 Cr.,Infomerics,Steel & Metals,,NO,Active,180-365 days — approaching renewal,"As an active steel company rated by Infomerics, ACER can offer competitive pricing and faster turnaround for your next rating cycle.",NO
Shree Shakti Iron & Alloys Private Limited,Infomerics,Long Term Bank Facilities,IVR BBB (Upgraded),2025-12-23,182.0,HOT,False,,Rs. 64.37 Cr. (enhanced from Rs. 47.54 Cr.),Infomerics,Steel & Metals,,NO,Active,180-365 days — approaching renewal,"As an active steel company rated by Infomerics, ACER can offer competitive pricing and faster turnaround for your next rating cycle.",NO
Arora Iron & Steel Rolling Mills Pvt. Ltd.,CRISIL,Letter Of credit | Non-fund-based financial facility/instrument | Term loans,A,2025-12-24,181.0,HOT,False,,99.00 | 75.00,D365,Steel & Metals,NO,,Active,180-365 days — approaching renewal,"As an active steel company rated by CRISIL, ACER can offer competitive pricing and faster turnaround for your next rating cycle.",NO
Brass Copper & Alloy (India) Ltd.,CRISIL,Fund based financial facility/instrument | Letter Of credit,A 2,2025-12-24,181.0,HOT,False,,1.50 | 1.00,D365,Steel & Metals,NO,,Active,180-365 days — approaching renewal,"As an active steel company rated by CRISIL, ACER can offer competitive pricing and faster turnaround for your next rating cycle.",NO
K I C Metaliks Ltd.,CARE,Non-government debt | Term loans,BBB/A3,2025-12-24,181.0,HOT,False,,25.00 | 3.75,D365,Steel & Metals,NO,,Active,180-365 days — approaching renewal,"As an active steel company rated by CARE, ACER can offer competitive pricing and faster turnaround for your next rating cycle.",NO
Shriram Power & Steel Pvt. Ltd.,BRICKWORK | CRISIL,Bank Guarantee,A 4,2025-12-26,181.0,HOT,True,,0.60 | 5.60,D365,Steel & Metals,NO,,INC,INC at  | 180-365 days — approaching renewal,Your steel company's rating at BRICKWORK | CRISIL has been INC for 181.0 days. ACER specializes in steel sector — we can provide an active credit rating in 21 days.,NO
Sri Venkatesh Iron & Alloys (India) Ltd.,ACUITE | BRICKWORK,Bank Guarantee | Long term Loans,A 3+,2026-03-25,181.0,HOT,True,,2.50 | 7.00,D365,Steel & Metals,NO,,INC,INC at  | 180-365 days — approaching renewal,Your steel company's rating at ACUITE | BRICKWORK has been INC for 181.0 days. ACER specializes in steel sector — we can provide an active credit rating in 21 days.,NO
Sun Rolling Mills Pvt. Ltd.,CARE,Bank Guarantee,A 4,2025-12-24,181.0,HOT,True,,1.50,D365,Steel & Metals,NO,,INC,INC at  | 180-365 days — approaching renewal,Your steel company's rating at CARE has been INC for 181.0 days. ACER specializes in steel sector — we can provide an active credit rating in 21 days.,NO
FeX Foundry Alloys Private Limited,Infomerics,Long Term Bank Facilities | Short Term Bank Facility,IVR BBB- (Assigned),2025-12-24,181.0,HOT,False,,Rs. 40.00 Cr. | Rs. 5.00 Cr.,Infomerics,Steel & Metals,,NO,Active,180-365 days — approaching renewal,"As an active steel company rated by Infomerics, ACER can offer competitive pricing and faster turnaround for your next rating cycle.",YES
Kalisma Steel Pvt. Ltd.,BRICKWORK,Fund based financial facility/instrument | Non-fund-based financial facility/instrument,D,2025-12-26,179.0,MEDIUM,True,,122.19 | 70.00,D365,Steel & Metals,NO,,INC,INC at  | 90-180 days — pre-renewal window,Your rating at BRICKWORK went INC recently. ACER can step in with a fresh rating before your next instrument needs funding.,NO
Kharagpur Metal Reforming Inds. Pvt. Ltd.,CRISIL,Bank Guarantee | Term loans,A-,2025-12-26,179.0,MEDIUM,False,,50.00 | 10.00,D365,Steel & Metals,NO,,Active,90-180 days — pre-renewal window,"As an active steel company rated by CRISIL, ACER can offer competitive pricing and faster turnaround for your next rating cycle.",NO
Ramgarh Sponge Iron Pvt. Ltd.,CRISIL,Bank Guarantee | Fund based financial facility/instrument | Term loans,A 2,2025-12-26,179.0,MEDIUM,False,,2.60 | 2.40,D365,Steel & Metals,NO,,Active,90-180 days — pre-renewal window,"As an active steel company rated by CRISIL, ACER can offer competitive pricing and faster turnaround for your next rating cycle.",NO
Berry Alloys Ltd.,ICRA,Letter Of credit | Term loans,A+,2026-04-02,175.0,MEDIUM,False,,60.00 | 340.00,D365,Steel & Metals,NO,,Active,90-180 days — pre-renewal window,"As an active steel company rated by ICRA, ACER can offer competitive pricing and faster turnaround for your next rating cycle.",NO
Kirloskar Ferrous Inds. Ltd.,ICRA,Non-government debt | Term loans,AA/A1+,2025-12-30,175.0,MEDIUM,False,,1136.51 | 2195.00,D365,Steel & Metals,NO,,Active,90-180 days — pre-renewal window,"As an active steel company rated by ICRA, ACER can offer competitive pricing and faster turnaround for your next rating cycle.",NO
Mahabal Metals Pvt. Ltd.,CARE,Bank Guarantee | Non-government debt | Term loans,A/A1,2025-12-30,175.0,MEDIUM,False,,105.00 | 91.53,D365,Steel & Metals,NO,,Active,90-180 days — pre-renewal window,"As an active steel company rated by CARE, ACER can offer competitive pricing and faster turnaround for your next rating cycle.",NO
Modison Copper Pvt. Ltd.,CARE,Bank Guarantee | Term loans,A 3+,2025-12-30,175.0,MEDIUM,False,,20.00 | 3.00,D365,Steel & Metals,NO,,Active,90-180 days — pre-renewal window,"As an active steel company rated by CARE, ACER can offer competitive pricing and faster turnaround for your next rating cycle.",NO
Shri Ambika Metaliks Pvt. Ltd.,BRICKWORK,Bank Guarantee | Letter Of credit,A 4,2025-12-30,175.0,MEDIUM,True,,1.50 | 0.50,D365,Steel & Metals,NO,,INC,INC at  | 90-180 days — pre-renewal window,Your rating at BRICKWORK went INC recently. ACER can step in with a fresh rating before your next instrument needs funding.,NO
Tuf Metallurgical Pvt. Ltd.,CARE,Non-government debt,BB+/A4+,2025-12-30,175.0,MEDIUM,False,,87.50,D365,Steel & Metals,NO,,Active,90-180 days — pre-renewal window,"As an active steel company rated by CARE, ACER can offer competitive pricing and faster turnaround for your next rating cycle.",NO
Mahamaya Steel Industries Limited,Infomerics,Long Term Bank Facilities,IVR BBB (Reaffirmed),2025-12-30,175.0,MEDIUM,False,,Rs. 53.07 Cr. (Reduced from Rs. 57.00 Crore),Infomerics,Steel & Metals,,NO,Active,90-180 days — pre-renewal window,"As an active steel company rated by Infomerics, ACER can offer competitive pricing and faster turnaround for your next rating cycle.",NO
Bhagwati Power & Steel Ltd.,ICRA,Letter Of credit,A 2+,2025-12-31,174.0,MEDIUM,False,,40.00,D365,Steel & Metals,NO,,Active,90-180 days — pre-renewal window,"As an active steel company rated by ICRA, ACER can offer competitive pricing and faster turnaround for your next rating cycle.",NO
Gajanan Ferro Pvt. Ltd.,ICRA,Bank Guarantee | Term loans,A-,2025-12-31,174.0,MEDIUM,False,,259.75 | 35.00,D365,Steel & Metals,NO,,Active,90-180 days — pre-renewal window,"As an active steel company rated by ICRA, ACER can offer competitive pricing and faster turnaround for your next rating cycle.",NO
Shree Shakambari Ferro Alloys Private Limited,Infomerics,Long Term Bank Facility,IVR BB- (Reaffirmed and Withdrawn),2025-12-31,174.0,MEDIUM,False,,Rs. 10.74 Cr. (reduced from Rs. 37.76 Crore),Infomerics,Steel & Metals,,NO,Active,90-180 days — pre-renewal window,"As an active steel company rated by Infomerics, ACER can offer competitive pricing and faster turnaround for your next rating cycle.",NO
Shiv krupa Steel and Alloys Private Limited,Infomerics,Long Term - Short Term Bank Facilities â€“ Proposed | Long Term Bank Facilities | Short Term Bank Facilities,IVR BBB- (Reaffirmed),2026-01-02,172.0,MEDIUM,False,,Rs. 22.54 Cr. (Reduced from Rs. 46.71 Crore) | Rs. 27.21 Cr.,Infomerics,Steel & Metals,,NO,Active,90-180 days — pre-renewal window,"As an active steel company rated by Infomerics, ACER can offer competitive pricing and faster turnaround for your next rating cycle.",NO
Euroteck Environmental Private Limited,Infomerics,Long Term Bank Facilities | Short Term Bank Facilities,IVR BBB,2026-01-05,169.0,MEDIUM,False,,Rs. 23.39 Cr. (reduced from Rs. 23.70 Cr.) | Rs. 71.00 Cr.,Infomerics,Steel & Metals,,NO,Active,90-180 days — pre-renewal window,"As an active steel company rated by Infomerics, ACER can offer competitive pricing and faster turnaround for your next rating cycle.",NO
Himenviro Environmental Engineering Company Private Limited,Infomerics,Long Term Bank Facilities | Short Term Bank Facilities,IVR BBB (Reaffirmed),2026-01-05,169.0,MEDIUM,False,,Rs. 15.75 Cr. (Reduced from Rs. 21.20 Crore) | Rs. 67.50 Cr. (Enhanced from Rs. 54.50 Crore),Infomerics,Steel & Metals,,NO,Active,90-180 days — pre-renewal window,"As an active steel company rated by Infomerics, ACER can offer competitive pricing and faster turnaround for your next rating cycle.",NO
Sunshine Steel Industries,Infomerics,Long Term Bank Facility,IVR BB (Assigned),2026-01-05,169.0,MEDIUM,False,,Rs. 24.00 Cr.,Infomerics,Steel & Metals,,NO,Active,90-180 days — pre-renewal window,"As an active steel company rated by Infomerics, ACER can offer competitive pricing and faster turnaround for your next rating cycle.",NO
A N S Steel Tubes Ltd.,CARE,Non-government debt,A/A2+,2026-01-06,168.0,MEDIUM,False,,20.00,D365,Steel & Metals,NO,,Active,90-180 days — pre-renewal window,"As an active steel company rated by CARE, ACER can offer competitive pricing and faster turnaround for your next rating cycle.",NO
Prakash Ferrous Inds. Pvt. Ltd.,CARE,Bank Guarantee | Letter Of credit,A 2,2026-04-09,168.0,MEDIUM,False,,1.50 | 48.50,D365,Steel & Metals,NO,,Active,90-180 days — pre-renewal window,"As an active steel company rated by CARE, ACER can offer competitive pricing and faster turnaround for your next rating cycle.",NO
Ottimo Metals Private Limited,Infomerics,Long Term Bank Facilities,Withdrawn,2026-01-06,168.0,MEDIUM,False,,-,Infomerics,Steel & Metals,,NO,Active,90-180 days — pre-renewal window,"As an active steel company rated by Infomerics, ACER can offer competitive pricing and faster turnaround for your next rating cycle.",NO
Quality Steels,Infomerics,Long Term Bank Facilities,IVR BB+ (Upgraded and Withdrawn),2026-01-06,168.0,MEDIUM,False,,Rs. 20.00 Cr.,Infomerics,Steel & Metals,,NO,Active,90-180 days — pre-renewal window,"As an active steel company rated by Infomerics, ACER can offer competitive pricing and faster turnaround for your next rating cycle.",NO
Rashtriya Metal Industries Limited,Infomerics,Long Term Facilities | Short Term Facilities,IVR A (Reaffirmed),2026-01-06,168.0,MEDIUM,False,,Rs. 162.00 Cr. (Enhanced from Rs. 125.00 Cr.) | Rs. 133.00 Cr. (Reduced from Rs. 150.00 Cr.),Infomerics,Steel & Metals,,NO,Active,90-180 days — pre-renewal window,"As an active steel company rated by Infomerics, ACER can offer competitive pricing and faster turnaround for your next rating cycle.",NO
Sugna Metals Ltd.,CARE,Fund based financial facility/instrument | Letter Of credit | Term loans,BBB-,2026-01-07,167.0,MEDIUM,False,,0.18 | 20.00,D365,Steel & Metals,NO,,Active,90-180 days — pre-renewal window,"As an active steel company rated by CARE, ACER can offer competitive pricing and faster turnaround for your next rating cycle.",NO
Jaisingh Alloys Pvt. Ltd.,CARE,Non-government debt,BB/A4,2026-01-08,166.0,MEDIUM,False,,68.00 | 12.00,D365,Steel & Metals,NO,,Active,90-180 days — pre-renewal window,"As an active steel company rated by CARE, ACER can offer competitive pricing and faster turnaround for your next rating cycle.",NO
Oriental Foundry Pvt. Ltd.,CARE,Non-government debt | Term loans,BBB/A3,2026-01-08,166.0,MEDIUM,False,,115.50 | 3.00,D365,Steel & Metals,NO,,Active,90-180 days — pre-renewal window,"As an active steel company rated by CARE, ACER can offer competitive pricing and faster turnaround for your next rating cycle.",NO
Tankeshwari Metal Powder Products Pvt. Ltd.,BRICKWORK | CRISIL,Fund based financial facility/instrument | Non-government debt | Term loans,A 4,2026-02-10,166.0,MEDIUM,True,,1.35 | 2.61,D365,Steel & Metals,NO,,INC,INC at  | 90-180 days — pre-renewal window,Your rating at BRICKWORK | CRISIL went INC recently. ACER can step in with a fresh rating before your next instrument needs funding.,NO
Tanmay Dhyata Steel Concast Limited,Infomerics,Long Term Bank Facilities,IVR BBB (Upgraded),2026-01-08,166.0,MEDIUM,False,,Rs. 100.75 Cr. (Reduced from Rs. 103.18 Crore),Infomerics,Steel & Metals,,NO,Active,90-180 days — pre-renewal window,"As an active steel company rated by Infomerics, ACER can offer competitive pricing and faster turnaround for your next rating cycle.",NO
A K P Ferrocast Pvt. Ltd.,CRISIL,Bank Guarantee | Long term Loans | Term loans,A 3+,2026-01-09,165.0,MEDIUM,False,,1.00 | 1.65,D365,Steel & Metals,NO,,Active,90-180 days — pre-renewal window,"As an active steel company rated by CRISIL, ACER can offer competitive pricing and faster turnaround for your next rating cycle.",NO
I U P Jindal Metals & Alloys Ltd.,CARE,Non-government debt | Term loans,A-/A2+,2026-01-09,165.0,MEDIUM,False,,40.00 | 4.00,D365,Steel & Metals,NO,,Active,90-180 days — pre-renewal window,"As an active steel company rated by CARE, ACER can offer competitive pricing and faster turnaround for your next rating cycle.",NO
Kothi Steels Ltd.,CARE,Non-government debt | Term loans,BBB-/A3,2026-01-09,165.0,MEDIUM,False,,33.00 | 5.00,D365,Steel & Metals,NO,,Active,90-180 days — pre-renewal window,"As an active steel company rated by CARE, ACER can offer competitive pricing and faster turnaround for your next rating cycle.",NO
Thalaivar Steels Ltd.,CARE,Bank Guarantee | Term loans,D,2026-01-09,165.0,MEDIUM,True,,269.13 | 1095.79,D365,Steel & Metals,NO,,INC,INC at  | 90-180 days — pre-renewal window,Your rating at CARE went INC recently. ACER can step in with a fresh rating before your next instrument needs funding.,NO
Vraj Iron & Steel Ltd.,CARE,Non-government debt | Term loans,A-/A2+,2026-02-26,165.0,MEDIUM,False,,30.00 | 50.00,D365,Steel & Metals,NO,,Active,90-180 days — pre-renewal window,"As an active steel company rated by CARE, ACER can offer competitive pricing and faster turnaround for your next rating cycle.",NO
JS Auto Cast Foundry India Private Limited,Infomerics,Long Term Bank Facilities | Short Term Bank Facilities,IVR B+ (INC)(Downgraded),2026-01-09,165.0,MEDIUM,True,Infomerics,Rs. 39.25 Cr. | Rs. 14.50 Cr.,Infomerics,Steel & Metals,,NO,INC,INC at Infomerics | 90-180 days — pre-renewal window,Your rating at Infomerics went INC recently. ACER can step in with a fresh rating before your next instrument needs funding.,NO
Millenium Steel India Private Limited,Infomerics,Long Term Bank Facilities | Short Term Bank Facilities,IVR C+ (INC)(Downgraded),2026-01-09,165.0,MEDIUM,True,Infomerics,Rs. 9.00 Cr. | Rs. 16.00 Cr.,Infomerics,Steel & Metals,,NO,INC,INC at Infomerics | 90-180 days — pre-renewal window,Your rating at Infomerics went INC recently. ACER can step in with a fresh rating before your next instrument needs funding.,YES
Bharat Steel Yard Pvt. Ltd.,CRISIL,Fund based financial facility/instrument | Letter Of credit | Long term Loans,B,2026-01-12,162.0,MEDIUM,True,,5.00 | 6.00,D365,Steel & Metals,NO,,INC,INC at  | 90-180 days — pre-renewal window,Your rating at CRISIL went INC recently. ACER can step in with a fresh rating before your next instrument needs funding.,NO
Sunvik Steels Private Limited,Infomerics,Long Term Bank Facilities | Short Term Bank Facilities,IVR A- (Reaffirmed),2026-01-12,162.0,MEDIUM,False,,Rs. 300.47 Cr. (Reduced from Rs. 355.74 Cr.) | Rs. 15.00 Cr.,Infomerics,Steel & Metals,,NO,Active,90-180 days — pre-renewal window,"As an active steel company rated by Infomerics, ACER can offer competitive pricing and faster turnaround for your next rating cycle.",NO
Barnala Steel Inds. Pvt. Ltd.,CRISIL,Term loans,D,2026-01-13,161.0,MEDIUM,True,,6.00,D365,Steel & Metals,NO,,INC,INC at  | 90-180 days — pre-renewal window,Your rating at CRISIL went INC recently. ACER can step in with a fresh rating before your next instrument needs funding.,NO
S K P Steel Inds. Pvt. Ltd.,ACUITE,Bank Guarantee | Long term Loans | Term loans,A 4,2026-01-13,161.0,MEDIUM,True,,0.75 | 0.21,D365,Steel & Metals,NO,,INC,INC at  | 90-180 days — pre-renewal window,Your rating at ACUITE went INC recently. ACER can step in with a fresh rating before your next instrument needs funding.,NO
Arya Iron & Steel Co. Pvt. Ltd.,CRISIL,Bank Guarantee,A 2,2026-01-14,160.0,MEDIUM,False,,5.00,D365,Steel & Metals,NO,,Active,90-180 days — pre-renewal window,"As an active steel company rated by CRISIL, ACER can offer competitive pricing and faster turnaround for your next rating cycle.",NO
Saluja Steel and Power Private Limited,Infomerics,Long Term Bank Facilities | Short Term Bank Facilities,IVR A- (Reaffirmed),2026-01-14,160.0,MEDIUM,False,,Rs. 113.50 Cr. (Enhanced from Rs. 67.54 Crore and includes proposed limit of Rs. 45.42 Crore) | Rs. 36.50 Cr. (Enhanced from Rs. 6.46 Crore),Infomerics,Steel & Metals,,NO,Active,90-180 days — pre-renewal window,"As an active steel company rated by Infomerics, ACER can offer competitive pricing and faster turnaround for your next rating cycle.",NO
Anant Steels Pvt. Ltd.,IND-RA,Term loans,B-,2026-01-16,158.0,MEDIUM,True,,6.00,D365,Steel & Metals,NO,,INC,INC at  | 90-180 days — pre-renewal window,Your rating at IND-RA went INC recently. ACER can step in with a fresh rating before your next instrument needs funding.,NO
Bajrang Steel & Alloys Pvt. Ltd.,IND-RA,Term loans,B,2026-01-16,158.0,MEDIUM,True,,14.00,D365,Steel & Metals,NO,,INC,INC at  | 90-180 days — pre-renewal window,Your rating at IND-RA went INC recently. ACER can step in with a fresh rating before your next instrument needs funding.,NO
Jainex Metaliks Ltd.,IND-RA,Non-government debt,D,2026-01-16,158.0,MEDIUM,True,,7.05,D365,Steel & Metals,NO,,INC,INC at  | 90-180 days — pre-renewal window,Your rating at IND-RA went INC recently. ACER can step in with a fresh rating before your next instrument needs funding.,NO
Kaizen Cold Formed Steel Pvt. Ltd.,CARE | IND-RA,Bank Guarantee | Letter Of credit | Non-fund-based financial facility/instrument,B-/A4,2026-02-03,158.0,MEDIUM,True,,11.07 | 1.00,D365,Steel & Metals,NO,,INC,INC at  | 90-180 days — pre-renewal window,Your rating at CARE | IND-RA went INC recently. ACER can step in with a fresh rating before your next instrument needs funding.,NO
Kannappan Iron & Steel Co. Pvt. Ltd.,IND-RA,Non-government debt,B/A4,2026-01-16,158.0,MEDIUM,True,,63.40,D365,Steel & Metals,NO,,INC,INC at  | 90-180 days — pre-renewal window,Your rating at IND-RA went INC recently. ACER can step in with a fresh rating before your next instrument needs funding.,NO
Mauryaa Alloys Pvt. Ltd.,CRISIL,Bank Guarantee | Term loans,A 3+,2026-01-16,158.0,MEDIUM,False,,4.00 | 10.00,D365,Steel & Metals,NO,,Active,90-180 days — pre-renewal window,"As an active steel company rated by CRISIL, ACER can offer competitive pricing and faster turnaround for your next rating cycle.",NO
Puneet Iron & Steel Pvt. Ltd.,IND-RA,Non-government debt,B-/A4,2026-01-16,158.0,MEDIUM,True,,22.00,D365,Steel & Metals,NO,,INC,INC at  | 90-180 days — pre-renewal window,Your rating at IND-RA went INC recently. ACER can step in with a fresh rating before your next instrument needs funding.,NO
Sagar Metallics Pvt. Ltd.,CARE | IND-RA,Non-government debt | Term loans,B-/A4,2026-02-12,158.0,MEDIUM,True,,13.39 | 11.00,D365,Steel & Metals,NO,,INC,INC at  | 90-180 days — pre-renewal window,Your rating at CARE | IND-RA went INC recently. ACER can step in with a fresh rating before your next instrument needs funding.,NO
Sun Steel Inds. Pvt. Ltd.,IND-RA,Non-government debt,B-/A4,2026-01-16,158.0,MEDIUM,True,,17.50,D365,Steel & Metals,NO,,INC,INC at  | 90-180 days — pre-renewal window,Your rating at IND-RA went INC recently. ACER can step in with a fresh rating before your next instrument needs funding.,NO
V S Metallic Pvt. Ltd.,IND-RA,Non-government debt,D,2026-01-16,158.0,MEDIUM,True,,20.00,D365,Steel & Metals,NO,,INC,INC at  | 90-180 days — pre-renewal window,Your rating at IND-RA went INC recently. ACER can step in with a fresh rating before your next instrument needs funding.,NO
Satyam Iron & Steel Company Private Limited,Infomerics,Long Term Bank Facilities | Short Term Bank Facilities (Including Proposed),IVR BBB+ (Reaffirmed),2026-01-16,158.0,MEDIUM,False,,Rs. 405.65 Cr. | Rs. 30.00 Cr.,Infomerics,Steel & Metals,,NO,Active,90-180 days — pre-renewal window,"As an active steel company rated by Infomerics, ACER can offer competitive pricing and faster turnaround for your next rating cycle.",YES
Shri Tirupati Steelcast Limited,Infomerics,Long Term Facilities | Short Term Facilities,IVR BBB+ (Reaffirmed),2026-01-19,155.0,MEDIUM,False,,Rs. 114.11 Cr. (Reduced from Rs. 121.64 Cr.) | 0.00 (Reduced from Rs. 22.36 Cr.),Infomerics,Steel & Metals,,NO,Active,90-180 days — pre-renewal window,"As an active steel company rated by Infomerics, ACER can offer competitive pricing and faster turnaround for your next rating cycle.",NO
Jayalakshmi Alloys India Pvt. Ltd.,BRICKWORK,Bank Guarantee | Term loans,D,2026-01-20,154.0,MEDIUM,True,,1.00 | 1.25,D365,Steel & Metals,NO,,INC,INC at  | 90-180 days — pre-renewal window,Your rating at BRICKWORK went INC recently. ACER can step in with a fresh rating before your next instrument needs funding.,NO
Neelkamal Steels Pvt. Ltd.,ICRA,Non-fund-based financial facility/instrument | Term loans,A 4,2026-01-20,154.0,MEDIUM,True,,5.00 | 10.00,D365,Steel & Metals,NO,,INC,INC at  | 90-180 days — pre-renewal window,Your rating at ICRA went INC recently. ACER can step in with a fresh rating before your next instrument needs funding.,NO
R B A Ferro Inds. Pvt. Ltd.,IND-RA,Term loans,BB+,2026-01-20,154.0,MEDIUM,False,,18.40,D365,Steel & Metals,NO,,Active,90-180 days — pre-renewal window,"As an active steel company rated by IND-RA, ACER can offer competitive pricing and faster turnaround for your next rating cycle.",NO
Sumangala Steel Pvt. Ltd.,CRISIL,Letter Of credit | Term loans,A 3+,2026-01-20,154.0,MEDIUM,False,,19.50 | 10.24,D365,Steel & Metals,NO,,Active,90-180 days — pre-renewal window,"As an active steel company rated by CRISIL, ACER can offer competitive pricing and faster turnaround for your next rating cycle.",NO
Bindal Stainless Limited,Infomerics,Long Term Bank Facilities | Short Term Bank Facilities,IVR BBB (Reaffirmed),2026-01-20,154.0,MEDIUM,False,,Rs. 20.00 Cr. (Reduced from Rs. 35.00 Cr.) | Rs. 11.00 Cr.,Infomerics,Steel & Metals,,NO,Active,90-180 days — pre-renewal window,"As an active steel company rated by Infomerics, ACER can offer competitive pricing and faster turnaround for your next rating cycle.",NO
DMSONS Metals Private Limited,Infomerics,Long Term Bank Facilities | Short Term Bank Facilities,IVR BBB- (Downgraded),2026-01-20,154.0,MEDIUM,False,,Rs. 2.00 Cr. | Rs. 152.00 Cr.,Infomerics,Steel & Metals,,NO,Active,90-180 days — pre-renewal window,"As an active steel company rated by Infomerics, ACER can offer competitive pricing and faster turnaround for your next rating cycle.",NO
Shree Rupanadham Steel Private Limited,Infomerics,Long Term Bank Facilities,IVR BBB (Reaffirmed),2026-01-20,154.0,MEDIUM,False,,Rs. 105.32 Cr. (Reduced from Rs. 118.61 Crore),Infomerics,Steel & Metals,,NO,Active,90-180 days — pre-renewal window,"As an active steel company rated by Infomerics, ACER can offer competitive pricing and faster turnaround for your next rating cycle.",NO
Steel Exchange India Limited,Infomerics,Long Term Bank Facilities â€“ Cash Credit | Long Term Bank Facilities â€“ Term Loans | Non-Convertible Debentures,IVR BBB- (Assigned),2026-01-20,154.0,MEDIUM,False,,Rs. 50.00 Cr. | Rs. 150.00 Cr.,Infomerics,Steel & Metals,,NO,Active,90-180 days — pre-renewal window,"As an active steel company rated by Infomerics, ACER can offer competitive pricing and faster turnaround for your next rating cycle.",YES
J V L Steel Pvt. Ltd.,CRISIL,Fund based financial facility/instrument,BB-,2026-01-21,153.0,MEDIUM,False,,5.00,D365,Steel & Metals,NO,,Active,90-180 days — pre-renewal window,"As an active steel company rated by CRISIL, ACER can offer competitive pricing and faster turnaround for your next rating cycle.",NO
R K Steel Udyog Pvt. Ltd.,CRISIL,Fund based financial facility/instrument,A 4+,2026-02-06,153.0,MEDIUM,True,,3.00,D365,Steel & Metals,NO,,INC,INC at  | 90-180 days — pre-renewal window,Your rating at CRISIL went INC recently. ACER can step in with a fresh rating before your next instrument needs funding.,NO
Sikkim Ferro Alloys Ltd.,CRISIL,Letter Of credit,D,2026-01-21,153.0,MEDIUM,False,,140.00 | 10.00,D365,Steel & Metals,NO,,Active,90-180 days — pre-renewal window,"As an active steel company rated by CRISIL, ACER can offer competitive pricing and faster turnaround for your next rating cycle.",NO
D R Steel Construction Company Private Limited,Infomerics,Long Term Facility | Short Term Facility,IVR BB (INC)(Downgraded),2026-01-21,153.0,MEDIUM,True,Infomerics,Rs. 15.00 Cr. | Rs. 10.00 Cr.,Infomerics,Steel & Metals,,NO,INC,INC at Infomerics | 90-180 days — pre-renewal window,Your rating at Infomerics went INC recently. ACER can step in with a fresh rating before your next instrument needs funding.,NO
Sovereign Metals Ltd.,CARE | ICRA,Fund based financial facility/instrument | Letter Of credit | Non-fund-based financial facility/instrument,A 3+,2026-04-21,152.0,MEDIUM,False,,150.00 | 140.00,D365,Steel & Metals,NO,,Active,90-180 days — pre-renewal window,"As an active steel company rated by CARE | ICRA, ACER can offer competitive pricing and faster turnaround for your next rating cycle.",NO
Sun-Power Metalics Pvt. Ltd.,BRICKWORK,Non-fund-based financial facility/instrument,D,2026-01-22,152.0,MEDIUM,True,,50.00,D365,Steel & Metals,NO,,INC,INC at  | 90-180 days — pre-renewal window,Your rating at BRICKWORK went INC recently. ACER can step in with a fresh rating before your next instrument needs funding.,NO
Alankar Alloys Private Limited,Infomerics,Long Term Bank Facility | Short Term Bank Facilities (Proposed),IVR BB+ (INC)(Downgraded),2026-01-22,152.0,MEDIUM,True,Infomerics,Rs. 64.90 Cr. | Rs. 1.10 Cr.,Infomerics,Steel & Metals,,NO,INC,INC at Infomerics | 90-180 days — pre-renewal window,Your rating at Infomerics went INC recently. ACER can step in with a fresh rating before your next instrument needs funding.,NO
Sourabh Rolling Mills Private Limited,Infomerics,Long Term Bank Facility,IVR BB+ (INC)(Downgraded),2026-01-22,152.0,MEDIUM,True,Infomerics,Rs. 49.00 Cr.,Infomerics,Steel & Metals,,NO,INC,INC at Infomerics | 90-180 days — pre-renewal window,Your rating at Infomerics went INC recently. ACER can step in with a fresh rating before your next instrument needs funding.,NO
Sundaram Steels Private Limited,Infomerics,Long term Bank Facilities | Short Term Bank Facilities,IVR BBB (Reaffirmed),2026-01-22,152.0,MEDIUM,False,,Rs. 217.56 Cr. (Enhanced from Rs. 209.27 Crore) | Rs. 21.00 Cr.,Infomerics,Steel & Metals,,NO,Active,90-180 days — pre-renewal window,"As an active steel company rated by Infomerics, ACER can offer competitive pricing and faster turnaround for your next rating cycle.",NO
Arco Steel Pvt. Ltd.,BRICKWORK,Fund based financial facility/instrument | Letter Of credit | Term loans,D,2026-01-23,151.0,MEDIUM,True,,2.09 | 22.50,D365,Steel & Metals,NO,,INC,INC at  | 90-180 days — pre-renewal window,Your rating at BRICKWORK went INC recently. ACER can step in with a fresh rating before your next instrument needs funding.,NO
Scorodite Stainless India Pvt. Ltd.,CRISIL,Bank Guarantee | Letter Of credit | Term loans,D,2026-01-23,151.0,MEDIUM,True,,2.00 | 9.00,D365,Steel & Metals,NO,,INC,INC at  | 90-180 days — pre-renewal window,Your rating at CRISIL went INC recently. ACER can step in with a fresh rating before your next instrument needs funding.,NO
Amar Partap Steel Private Limited,Infomerics,Long Term Facilities,IVR BB+ (INC)(Downgraded),2026-01-23,151.0,MEDIUM,True,Infomerics,Rs. 63.70 Cr.,Infomerics,Steel & Metals,,NO,INC,INC at Infomerics | 90-180 days — pre-renewal window,Your rating at Infomerics went INC recently. ACER can step in with a fresh rating before your next instrument needs funding.,NO
Prragathi Steel Castings Pvt. Ltd.,CRISIL,Letter Of credit | Term loans,B,2026-01-27,147.0,MEDIUM,True,,1.12 | 7.10,D365,Steel & Metals,NO,,INC,INC at  | 90-180 days — pre-renewal window,Your rating at CRISIL went INC recently. ACER can step in with a fresh rating before your next instrument needs funding.,NO
Smita Steels Rolling Mills Pvt. Ltd.,CRISIL | IND-RA,Letter Of credit | Long term Loans | Non-government debt,A 4,2026-04-02,147.0,MEDIUM,True,,5.00 | 0.11,D365,Steel & Metals,NO,,INC,INC at  | 90-180 days — pre-renewal window,Your rating at CRISIL | IND-RA went INC recently. ACER can step in with a fresh rating before your next instrument needs funding.,NO
Steel & Metal Tubes (India) Pvt. Ltd.,CARE,Bank Guarantee,A 3,2026-01-27,147.0,MEDIUM,False,,32.00,D365,Steel & Metals,NO,,Active,90-180 days — pre-renewal window,"As an active steel company rated by CARE, ACER can offer competitive pricing and faster turnaround for your next rating cycle.",NO
Shikhara Steels Pvt. Ltd.,CRISIL,Term loans,BBB,2026-01-28,146.0,MEDIUM,False,,50.00,D365,Steel & Metals,NO,,Active,90-180 days — pre-renewal window,"As an active steel company rated by CRISIL, ACER can offer competitive pricing and faster turnaround for your next rating cycle.",NO
Eagle Steels Rolling Mills Private Limited,Infomerics,Long Term Bank Facilities | Short Term Bank Facilities,IVR D (INC)(Reaffirmed),2026-01-28,146.0,MEDIUM,True,Infomerics,Rs. 39.50 Cr. | Rs. 2.50 Cr.,Infomerics,Steel & Metals,,NO,INC,INC at Infomerics | 90-180 days — pre-renewal window,Your rating at Infomerics went INC recently. ACER can step in with a fresh rating before your next instrument needs funding.,YES
Chetan Alloys Pvt. Ltd.,IND-RA,Non-government debt,D,2026-01-29,145.0,MEDIUM,True,,10.00,D365,Steel & Metals,NO,,INC,INC at  | 90-180 days — pre-renewal window,Your rating at IND-RA went INC recently. ACER can step in with a fresh rating before your next instrument needs funding.,NO
Insco Steels Pvt. Ltd. [Merged],CARE,Letter Of credit,D,2026-01-29,145.0,MEDIUM,True,,225.00,D365,Steel & Metals,NO,,INC,INC at  | 90-180 days — pre-renewal window,Your rating at CARE went INC recently. ACER can step in with a fresh rating before your next instrument needs funding.,NO
Pacific Iron Mfg. Ltd.,IND-RA,Term loans,BBB-,2026-01-29,145.0,MEDIUM,False,,600.00 | 137.50,D365,Steel & Metals,NO,,Active,90-180 days — pre-renewal window,"As an active steel company rated by IND-RA, ACER can offer competitive pricing and faster turnaround for your next rating cycle.",NO
Panesar Steel & Power Limited,Infomerics,Long Term Bank Facilities,IVR B+ (INC) (Downgraded),2026-01-29,145.0,MEDIUM,True,Infomerics,Rs. 33.63 Cr.,Infomerics,Steel & Metals,,NO,INC,INC at Infomerics | 90-180 days — pre-renewal window,Your rating at Infomerics went INC recently. ACER can step in with a fresh rating before your next instrument needs funding.,NO
A-One Steels India Ltd.,CRISIL,Long term Loans | Non-fund-based financial facility/instrument | Term loans,A 2,2026-01-30,144.0,MEDIUM,False,,282.00 | 49.80,D365,Steel & Metals,NO,,Active,90-180 days — pre-renewal window,"As an active steel company rated by CRISIL, ACER can offer competitive pricing and faster turnaround for your next rating cycle.",NO
Brahmaputra Metallics Ltd.,ACUITE | CARE,Letter Of credit | Term loans,D,2026-02-04,144.0,MEDIUM,True,,44.86 | 26.51,D365,Steel & Metals,NO,,INC,INC at  | 90-180 days — pre-renewal window,Your rating at ACUITE | CARE went INC recently. ACER can step in with a fresh rating before your next instrument needs funding.,NO
Monga Iron & Steel Pvt. Ltd.,CRISIL,Long term Loans,D,2026-01-30,144.0,MEDIUM,True,,6.00,D365,Steel & Metals,NO,,INC,INC at  | 90-180 days — pre-renewal window,Your rating at CRISIL went INC recently. ACER can step in with a fresh rating before your next instrument needs funding.,NO
Vanya Steels Pvt. Ltd.,CRISIL,Term loans,BBB,2026-01-30,144.0,MEDIUM,False,,4.00,D365,Steel & Metals,NO,,Active,90-180 days — pre-renewal window,"As an active steel company rated by CRISIL, ACER can offer competitive pricing and faster turnaround for your next rating cycle.",NO
Environ Speciality Chemicals Pvt. Ltd.,CARE | CRISIL,Non-government debt | Term loans,BB+,2026-04-07,143.0,MEDIUM,True,,4.16 | 76.00,D365,Steel & Metals,NO,,INC,INC at  | 90-180 days — pre-renewal window,Your rating at CARE | CRISIL went INC recently. ACER can step in with a fresh rating before your next instrument needs funding.,NO
Patna Iron Pvt. Ltd.,CRISIL,Long term Loans,B,2026-01-31,143.0,MEDIUM,True,,5.00,D365,Steel & Metals,NO,,INC,INC at  | 90-180 days — pre-renewal window,Your rating at CRISIL went INC recently. ACER can step in with a fresh rating before your next instrument needs funding.,NO
P R Rolling Mills Pvt. Ltd.,CARE,Bank Guarantee | Term loans,A 3+,2026-02-02,141.0,MEDIUM,False,,3.00 | 4.50,D365,Steel & Metals,NO,,Active,90-180 days — pre-renewal window,"As an active steel company rated by CARE, ACER can offer competitive pricing and faster turnaround for your next rating cycle.",NO
Magnum MI Steel Private Limited,Infomerics,Long Term Bank Facilities | Long Term Bank Facilities-Proposed | Short Term Bank Facilities,IVR A- (Assigned),2026-02-02,141.0,MEDIUM,False,,Rs. 30.05 Cr. | Rs. 5.00 Cr.,Infomerics,Steel & Metals,,NO,Active,90-180 days — pre-renewal window,"As an active steel company rated by Infomerics, ACER can offer competitive pricing and faster turnaround for your next rating cycle.",NO
Prabodh Steel Private Limited,Infomerics,Long Term Bank Facilities | Short Term Bank Facilities,IVR B (INC) (Downgraded),2026-02-02,141.0,MEDIUM,True,Infomerics,Rs. 33.52 Cr. | Rs. 2.00 Cr.,Infomerics,Steel & Metals,,NO,INC,INC at Infomerics | 90-180 days — pre-renewal window,Your rating at Infomerics went INC recently. ACER can step in with a fresh rating before your next instrument needs funding.,NO
Isgec Titan Metal Fabricators Pvt. Ltd.,CRISIL,Letter Of credit | Non-fund-based financial facility/instrument,A 1,2026-02-04,139.0,MEDIUM,False,,80.00 | 15.00,D365,Steel & Metals,NO,,Active,90-180 days — pre-renewal window,"As an active steel company rated by CRISIL, ACER can offer competitive pricing and faster turnaround for your next rating cycle.",NO
Shri Kanha Stainless Ltd.,CRISIL,Letter Of credit | Long term Loans | Term loans,A 3,2026-02-04,139.0,MEDIUM,False,,3.00 | 10.92,D365,Steel & Metals,NO,,Active,90-180 days — pre-renewal window,"As an active steel company rated by CRISIL, ACER can offer competitive pricing and faster turnaround for your next rating cycle.",NO
Shree Parashnath Re-Rolling Mills Ltd.,CARE,Bank Guarantee | Term loans,D,2026-02-05,138.0,MEDIUM,True,,53.92 | 54.95,D365,Steel & Metals,NO,,INC,INC at  | 90-180 days — pre-renewal window,Your rating at CARE went INC recently. ACER can step in with a fresh rating before your next instrument needs funding.,NO
Pulkit Metals Private Limited,Infomerics,Long Term Bank Facilities | Short Term Bank Facilities,IVR A- (Assigned),2026-02-05,138.0,MEDIUM,False,,Rs. 46.00 Cr. | Rs. 179.00 Cr.,Infomerics,Steel & Metals,,NO,Active,90-180 days — pre-renewal window,"As an active steel company rated by Infomerics, ACER can offer competitive pricing and faster turnaround for your next rating cycle.",NO
Pushpit Steels Private Limited,Infomerics,Long Term Bank Facilities | Short Term Bank Facilities,IVR A- (Assigned),2026-02-05,138.0,MEDIUM,False,,Rs. 655.46 Cr. | Rs. 285.00 Cr.,Infomerics,Steel & Metals,,NO,Active,90-180 days — pre-renewal window,"As an active steel company rated by Infomerics, ACER can offer competitive pricing and faster turnaround for your next rating cycle.",NO
Grow Ever Steel (India) Pvt. Ltd.,CARE,Non-government debt,A/A1,2026-02-06,137.0,MEDIUM,False,,8.00,D365,Steel & Metals,NO,,Active,90-180 days — pre-renewal window,"As an active steel company rated by CARE, ACER can offer competitive pricing and faster turnaround for your next rating cycle.",NO
Shubh Aluminium Pvt. Ltd.,CARE,Non-government debt,C/A4,2026-02-06,137.0,MEDIUM,True,,14.00,D365,Steel & Metals,NO,,INC,INC at  | 90-180 days — pre-renewal window,Your rating at CARE went INC recently. ACER can step in with a fresh rating before your next instrument needs funding.,NO
Bhagwati Ferro Metal Pvt. Ltd.,CRISIL,Fund based financial facility/instrument | Non-fund-based financial facility/instrument | Term loans,A-,2026-02-09,134.0,MEDIUM,False,,40.00 | 43.23,D365,Steel & Metals,NO,,Active,90-180 days — pre-renewal window,"As an active steel company rated by CRISIL, ACER can offer competitive pricing and faster turnaround for your next rating cycle.",NO
Bhagwati Steel Cast Pvt. Ltd.,CRISIL,Non-fund-based financial facility/instrument,A 2+,2026-02-09,134.0,MEDIUM,False,,35.35,D365,Steel & Metals,NO,,Active,90-180 days — pre-renewal window,"As an active steel company rated by CRISIL, ACER can offer competitive pricing and faster turnaround for your next rating cycle.",NO
Sky Alloys & Power Ltd.,CRISIL,Letter Of credit | Term loans,A-,2026-02-09,134.0,MEDIUM,False,,140.53 | 3.00,D365,Steel & Metals,NO,,Active,90-180 days — pre-renewal window,"As an active steel company rated by CRISIL, ACER can offer competitive pricing and faster turnaround for your next rating cycle.",NO
Yaxis Structural Steels Pvt. Ltd.,CRISIL,Term loans,BBB-,2026-02-09,134.0,MEDIUM,False,,1.09 | 11.00,D365,Steel & Metals,NO,,Active,90-180 days — pre-renewal window,"As an active steel company rated by CRISIL, ACER can offer competitive pricing and faster turnaround for your next rating cycle.",NO
Bihar Foundry & Casting Limited,Infomerics,Long Term Bank Facilities | Short Term Bank Facilities,IVR A (Upgraded),2026-02-09,134.0,MEDIUM,False,,Rs. 822.82 Cr. (enhanced from Rs. 807.82 Cr.) | Rs. 292.53 Cr. (enhanced from Rs. 282.53 Cr.),Infomerics,Steel & Metals,,NO,Active,90-180 days — pre-renewal window,"As an active steel company rated by Infomerics, ACER can offer competitive pricing and faster turnaround for your next rating cycle.",NO
Rashi Steel and Power Limited,Infomerics,Long Term Bank Facilities (Proposed),IVR BBB (Reaffirmed),2026-02-09,134.0,MEDIUM,False,,Rs. 20.00 Cr.,Infomerics,Steel & Metals,,NO,Active,90-180 days — pre-renewal window,"As an active steel company rated by Infomerics, ACER can offer competitive pricing and faster turnaround for your next rating cycle.",NO
J S W J F E Electrical Steel Nashik Pvt. Ltd.,CARE,Non-government debt,AA-/A1+,2026-02-10,133.0,MEDIUM,False,,340.00,D365,Steel & Metals,NO,,Active,90-180 days — pre-renewal window,"As an active steel company rated by CARE, ACER can offer competitive pricing and faster turnaround for your next rating cycle.",NO
Vimla Fuels & Metals Limited,Infomerics,Long Term Bank Facilities | Long Term Bank Facilities- Proposed | Short Term Bank Facilities,IVR D (INC),2026-02-10,133.0,MEDIUM,True,Infomerics,Rs. 14.95 Cr. | Rs. 50.30 Cr.,Infomerics,Steel & Metals,,NO,INC,INC at Infomerics | 90-180 days — pre-renewal window,Your rating at Infomerics went INC recently. ACER can step in with a fresh rating before your next instrument needs funding.,YES
Brahampuri Steels Ltd.,ACUITE,Letter Of credit | Long term Loans,A 4,2026-02-11,132.0,MEDIUM,True,,7.00 | 0.74,D365,Steel & Metals,NO,,INC,INC at  | 90-180 days — pre-renewal window,Your rating at ACUITE went INC recently. ACER can step in with a fresh rating before your next instrument needs funding.,NO
Himenviro Environmental Engg. Co. Pvt. Ltd.,CRISIL,Bank Guarantee | Term loans,A 3+,2026-03-11,132.0,MEDIUM,False,,46.50 | 61.50,D365,Steel & Metals,NO,,Active,90-180 days — pre-renewal window,"As an active steel company rated by CRISIL, ACER can offer competitive pricing and faster turnaround for your next rating cycle.",NO
Kalika Steel Alloys Pvt. Ltd.,CARE,Bank Guarantee | Letter Of credit | Term loans,A 4,2026-04-01,132.0,MEDIUM,True,,20.00 | 70.00,D365,Steel & Metals,NO,,INC,INC at  | 90-180 days — pre-renewal window,Your rating at CARE went INC recently. ACER can step in with a fresh rating before your next instrument needs funding.,YES
Steel Works & Power Engineers Pvt. Ltd.,CRISIL,Letter Of credit | Term loans,A 4,2026-02-11,132.0,MEDIUM,False,,13.30 | 2.80,D365,Steel & Metals,NO,,Active,90-180 days — pre-renewal window,"As an active steel company rated by CRISIL, ACER can offer competitive pricing and faster turnaround for your next rating cycle.",NO
Hi-Tech Power & Steel Ltd.,ACUITE,Bank Guarantee | Fund based financial facility/instrument | Letter Of credit,A,2026-02-12,131.0,MEDIUM,False,,4.78 | 1.00,D365,Steel & Metals,NO,,Active,90-180 days — pre-renewal window,"As an active steel company rated by ACUITE, ACER can offer competitive pricing and faster turnaround for your next rating cycle.",NO
Nandan Steels & Power Ltd.,ACUITE,Bank Guarantee | Fund based financial facility/instrument | Letter Of credit,A,2026-02-12,131.0,MEDIUM,False,,40.00 | 7.79,D365,Steel & Metals,NO,,Active,90-180 days — pre-renewal window,"As an active steel company rated by ACUITE, ACER can offer competitive pricing and faster turnaround for your next rating cycle.",NO
Divine Alloys & Power Co. Ltd.,ICRA,Non-government debt | Term loans,D,2026-02-13,130.0,MEDIUM,True,,0.91 | 361.34,D365,Steel & Metals,NO,,INC,INC at  | 90-180 days — pre-renewal window,Your rating at ICRA went INC recently. ACER can step in with a fresh rating before your next instrument needs funding.,NO
Addi Alloys Pvt. Ltd.,ICRA,Non-fund-based financial facility/instrument,A 4,2026-02-16,127.0,MEDIUM,True,,3.00,D365,Steel & Metals,NO,,INC,INC at  | 90-180 days — pre-renewal window,Your rating at ICRA went INC recently. ACER can step in with a fresh rating before your next instrument needs funding.,NO
Madhuban Trade-Steels Pvt. Ltd.,CARE,Term loans,A-,2026-02-16,127.0,MEDIUM,False,,3.75,D365,Steel & Metals,NO,,Active,90-180 days — pre-renewal window,"As an active steel company rated by CARE, ACER can offer competitive pricing and faster turnaround for your next rating cycle.",NO
Mercure Metals & Alloys Pvt. Ltd.,CARE,Bank Guarantee | Fund based financial facility/instrument,A-,2026-02-16,127.0,MEDIUM,False,,221.00 | 8.00,D365,Steel & Metals,NO,,Active,90-180 days — pre-renewal window,"As an active steel company rated by CARE, ACER can offer competitive pricing and faster turnaround for your next rating cycle.",NO
Shivshiva Steel Pvt. Ltd.,CARE,Term loans,B-,2026-02-16,127.0,MEDIUM,True,,21.00,D365,Steel & Metals,NO,,INC,INC at  | 90-180 days — pre-renewal window,Your rating at CARE went INC recently. ACER can step in with a fresh rating before your next instrument needs funding.,NO
Hira Ferro Alloys Ltd.,CRISIL,Letter Of credit | Term loans,A+,2026-02-17,126.0,MEDIUM,False,,7.00 | 100.00,D365,Steel & Metals,NO,,Active,90-180 days — pre-renewal window,"As an active steel company rated by CRISIL, ACER can offer competitive pricing and faster turnaround for your next rating cycle.",NO
S K M Steels Ltd.,CARE | ICRA,Fund based financial facility/instrument | Letter Of credit | Non-fund-based financial facility/instrument,A-,2026-04-01,126.0,MEDIUM,False,,25.00 | 150.00,D365,Steel & Metals,NO,,Active,90-180 days — pre-renewal window,"As an active steel company rated by CARE | ICRA, ACER can offer competitive pricing and faster turnaround for your next rating cycle.",NO
Sri Kanya Iron & Steel Pvt. Ltd.,CARE,Term loans,BB+,2026-02-17,126.0,MEDIUM,False,,3.72,D365,Steel & Metals,NO,,Active,90-180 days — pre-renewal window,"As an active steel company rated by CARE, ACER can offer competitive pricing and faster turnaround for your next rating cycle.",YES
Vitson Steel Corp Pvt. Ltd.,CRISIL,Fund based financial facility/instrument,BBB-,2026-02-17,126.0,MEDIUM,False,,26.00,D365,Steel & Metals,NO,,Active,90-180 days — pre-renewal window,"As an active steel company rated by CRISIL, ACER can offer competitive pricing and faster turnaround for your next rating cycle.",NO
Steel Strips Wheels Ltd.,IND-RA,Non-government debt | Term loans,AA-/A1+,2026-02-18,125.0,MEDIUM,False,,1341.50 | 275.00,D365,Steel & Metals,NO,,Active,90-180 days — pre-renewal window,"As an active steel company rated by IND-RA, ACER can offer competitive pricing and faster turnaround for your next rating cycle.",NO
Steelman Telecom Ltd.,CRISIL,Bank Guarantee | Long term Loans,A 4,2026-02-18,125.0,MEDIUM,False,,3.40 | 19.38,D365,Steel & Metals,NO,,Active,90-180 days — pre-renewal window,"As an active steel company rated by CRISIL, ACER can offer competitive pricing and faster turnaround for your next rating cycle.",NO
Anil Steels Pvt. Ltd.,CRISIL,Letter Of credit,A 4,2026-02-20,123.0,MEDIUM,True,,11.00,D365,Steel & Metals,NO,,INC,INC at  | 90-180 days — pre-renewal window,Your rating at CRISIL went INC recently. ACER can step in with a fresh rating before your next instrument needs funding.,NO
Jai Hind Wire Rod Mills Pvt. Ltd.,CARE,Bank Guarantee | Letter Of credit | Term loans,B,2026-02-20,123.0,MEDIUM,True,,0.25 | 15.00,D365,Steel & Metals,NO,,INC,INC at  | 90-180 days — pre-renewal window,Your rating at CARE went INC recently. ACER can step in with a fresh rating before your next instrument needs funding.,NO
Prakash Steelage Ltd.,CARE,Bank Guarantee | Fund based financial facility/instrument,D,2026-02-20,123.0,MEDIUM,True,,70.00 | 150.00,D365,Steel & Metals,NO,,INC,INC at  | 90-180 days — pre-renewal window,Your rating at CARE went INC recently. ACER can step in with a fresh rating before your next instrument needs funding.,NO
Rukmani Power & Steel Pvt. Ltd.,BRICKWORK,Non-government debt,C,2026-02-20,123.0,MEDIUM,True,,8.00,D365,Steel & Metals,NO,,INC,INC at  | 90-180 days — pre-renewal window,Your rating at BRICKWORK went INC recently. ACER can step in with a fresh rating before your next instrument needs funding.,NO
Durgapur Iron & Steel Co. Pvt. Ltd.,CRISIL,Bank Guarantee | Fund based financial facility/instrument | Short-term loan,A 4,2026-02-23,120.0,MEDIUM,True,,12.00 | 24.70,D365,Steel & Metals,NO,,INC,INC at  | 90-180 days — pre-renewal window,Your rating at CRISIL went INC recently. ACER can step in with a fresh rating before your next instrument needs funding.,NO
K G Iron & Steel Castings Pvt. Ltd.,CRISIL,Long term Loans | Term loans,B-,2026-02-23,120.0,MEDIUM,True,,2.00 | 4.50,D365,Steel & Metals,NO,,INC,INC at  | 90-180 days — pre-renewal window,Your rating at CRISIL went INC recently. ACER can step in with a fresh rating before your next instrument needs funding.,NO
Newmalayalam Steel Ltd.,CARE,Letter Of credit | Non-government debt | Term loans,A 3,2026-02-23,120.0,MEDIUM,False,,25.00 | 30.00,D365,Steel & Metals,NO,,Active,90-180 days — pre-renewal window,"As an active steel company rated by CARE, ACER can offer competitive pricing and faster turnaround for your next rating cycle.",NO
Thames Steels Pvt. Ltd.,BRICKWORK,Bank Guarantee | Letter Of credit | Term loans,D,2026-02-24,119.0,MEDIUM,True,,2.00 | 36.10,D365,Steel & Metals,NO,,INC,INC at  | 90-180 days — pre-renewal window,Your rating at BRICKWORK went INC recently. ACER can step in with a fresh rating before your next instrument needs funding.,NO
A D Electro-Steel Co. Pvt. Ltd.,CRISIL,Bank Guarantee | Fund based financial facility/instrument,A 4,2026-02-25,118.0,MEDIUM,True,,3.00,D365,Steel & Metals,NO,,INC,INC at  | 90-180 days — pre-renewal window,Your rating at CRISIL went INC recently. ACER can step in with a fresh rating before your next instrument needs funding.,NO
Krimeesha Steels Pvt. Ltd.,CRISIL,Fund based financial facility/instrument,A 4+,2026-02-25,118.0,MEDIUM,False,,32.00,D365,Steel & Metals,NO,,Active,90-180 days — pre-renewal window,"As an active steel company rated by CRISIL, ACER can offer competitive pricing and faster turnaround for your next rating cycle.",NO
New Steel Trdg. Pvt. Ltd.,BRICKWORK,Bank Guarantee | Letter Of credit,D,2026-02-25,118.0,MEDIUM,True,,1.00 | 17.50,D365,Steel & Metals,NO,,INC,INC at  | 90-180 days — pre-renewal window,Your rating at BRICKWORK went INC recently. ACER can step in with a fresh rating before your next instrument needs funding.,NO
Sree Ramakrishna Alloys Pvt. Ltd.,BRICKWORK,Letter Of credit,D,2026-02-25,118.0,MEDIUM,True,,20.00,D365,Steel & Metals,NO,,INC,INC at  | 90-180 days — pre-renewal window,Your rating at BRICKWORK went INC recently. ACER can step in with a fresh rating before your next instrument needs funding.,NO
Sunalco Alloys Pvt. Ltd.,CARE,Non-government debt,BB-/A4,2026-02-25,118.0,MEDIUM,True,,135.00,D365,Steel & Metals,NO,,INC,INC at  | 90-180 days — pre-renewal window,Your rating at CARE went INC recently. ACER can step in with a fresh rating before your next instrument needs funding.,NO
Waryam Steel Castings Pvt. Ltd.,CRISIL,Letter Of credit,A 4,2026-02-25,118.0,MEDIUM,True,,5.00 | 8.10,D365,Steel & Metals,NO,,INC,INC at  | 90-180 days — pre-renewal window,Your rating at CRISIL went INC recently. ACER can step in with a fresh rating before your next instrument needs funding.,NO
Yatin Steels India Pvt. Ltd.,ACUITE,Letter Of credit | Long term Loans,D,2026-02-25,118.0,MEDIUM,True,,89.00 | 250.50,D365,Steel & Metals,NO,,INC,INC at  | 90-180 days — pre-renewal window,Your rating at ACUITE went INC recently. ACER can step in with a fresh rating before your next instrument needs funding.,NO
Hariom Ingots & Power Pvt. Ltd.,ACUITE,Long term Loans,BB-,2026-02-26,117.0,MEDIUM,True,,4.77,D365,Steel & Metals,NO,,INC,INC at  | 90-180 days — pre-renewal window,Your rating at ACUITE went INC recently. ACER can step in with a fresh rating before your next instrument needs funding.,NO
Minex Metallurgical Co. Ltd.,ICRA,Non-government debt,A 3+,2026-02-26,117.0,MEDIUM,False,,25.00,D365,Steel & Metals,NO,,Active,90-180 days — pre-renewal window,"As an active steel company rated by ICRA, ACER can offer competitive pricing and faster turnaround for your next rating cycle.",NO
Raajratna Metal Inds. Ltd.,ICRA,Non-fund-based financial facility/instrument | Non-government debt,AA/A1+,2026-02-26,117.0,MEDIUM,False,,310.00 | 40.00,D365,Steel & Metals,NO,,Active,90-180 days — pre-renewal window,"As an active steel company rated by ICRA, ACER can offer competitive pricing and faster turnaround for your next rating cycle.",NO
Sun Metallics & Alloys Pvt. Ltd. [Merged],ICRA,Non-fund-based financial facility/instrument | Non-government debt,A 4,2026-02-26,117.0,MEDIUM,True,,11.50 | 0.50,D365,Steel & Metals,NO,,INC,INC at  | 90-180 days — pre-renewal window,Your rating at ICRA went INC recently. ACER can step in with a fresh rating before your next instrument needs funding.,NO
J R Seamless Pvt. Ltd.,BRICKWORK,Letter Of credit,A 4,2026-02-27,116.0,MEDIUM,True,,4.00,D365,Steel & Metals,NO,,INC,INC at  | 90-180 days — pre-renewal window,Your rating at BRICKWORK went INC recently. ACER can step in with a fresh rating before your next instrument needs funding.,NO
Jsons Foundry Pvt. Ltd.,CARE,Bank Guarantee | Non-government debt | Term loans,A 3+,2026-02-27,116.0,MEDIUM,False,,2.32 | 67.30,D365,Steel & Metals,NO,,Active,90-180 days — pre-renewal window,"As an active steel company rated by CARE, ACER can offer competitive pricing and faster turnaround for your next rating cycle.",NO
Shalini Steels Pvt. Ltd.,CRISIL,Long term Loans,B,2026-02-27,116.0,MEDIUM,True,,4.50,D365,Steel & Metals,NO,,INC,INC at  | 90-180 days — pre-renewal window,Your rating at CRISIL went INC recently. ACER can step in with a fresh rating before your next instrument needs funding.,NO
Shree Ram Sponge & Steels Pvt. Ltd.,CRISIL,Letter Of credit,A 4,2026-02-27,116.0,MEDIUM,True,,3.00,D365,Steel & Metals,NO,,INC,INC at  | 90-180 days — pre-renewal window,Your rating at CRISIL went INC recently. ACER can step in with a fresh rating before your next instrument needs funding.,NO
Vallabh Steels Ltd.,ACUITE | CRISIL,Letter Of credit | Long term Loans | Term loans,D,2026-04-23,116.0,MEDIUM,True,,26.50 | 4.80,D365,Steel & Metals,NO,,INC,INC at  | 90-180 days — pre-renewal window,Your rating at ACUITE | CRISIL went INC recently. ACER can step in with a fresh rating before your next instrument needs funding.,NO
Shree Yash Stainless Pvt. Ltd.,CRISIL,Fund based financial facility/instrument,BBB-,2026-02-28,115.0,MEDIUM,False,,5.00,D365,Steel & Metals,NO,,Active,90-180 days — pre-renewal window,"As an active steel company rated by CRISIL, ACER can offer competitive pricing and faster turnaround for your next rating cycle.",NO
Vijay Iron Foundry Pvt. Ltd.,CRISIL,Letter Of credit | Long term Loans,A 4,2026-02-28,115.0,MEDIUM,True,,7.00 | 6.00,D365,Steel & Metals,NO,,INC,INC at  | 90-180 days — pre-renewal window,Your rating at CRISIL went INC recently. ACER can step in with a fresh rating before your next instrument needs funding.,NO
Zeal Metaliks Pvt. Ltd.,CRISIL,Term loans,B,2026-02-28,115.0,MEDIUM,True,,1.00,D365,Steel & Metals,NO,,INC,INC at  | 90-180 days — pre-renewal window,Your rating at CRISIL went INC recently. ACER can step in with a fresh rating before your next instrument needs funding.,NO
Bothra Metals & Alloys Ltd.,ACUITE,Letter Of credit | Term loans,D,2026-03-02,113.0,MEDIUM,True,,35.00 | 1.61,D365,Steel & Metals,NO,,INC,INC at  | 90-180 days — pre-renewal window,Your rating at ACUITE went INC recently. ACER can step in with a fresh rating before your next instrument needs funding.,NO
Maharashtra Seamless Ltd.,ICRA,Non-government debt | Term loans,AA+/A1+,2026-03-02,113.0,MEDIUM,False,,1219.00 | 125.00,D365,Steel & Metals,NO,,Active,90-180 days — pre-renewal window,"As an active steel company rated by ICRA, ACER can offer competitive pricing and faster turnaround for your next rating cycle.",NO
Patnaik Steel International Ltd.,CRISIL,Bank Guarantee,A 3+,2026-03-02,113.0,MEDIUM,False,,25.00,D365,Steel & Metals,NO,,Active,90-180 days — pre-renewal window,"As an active steel company rated by CRISIL, ACER can offer competitive pricing and faster turnaround for your next rating cycle.",NO
Banco Aluminium Pvt. Ltd.,CARE,Letter Of credit | Non-government debt | Term loans,A-/A2+,2026-03-04,111.0,MEDIUM,False,,145.00 | 16.50,D365,Steel & Metals,NO,,Active,90-180 days — pre-renewal window,"As an active steel company rated by CARE, ACER can offer competitive pricing and faster turnaround for your next rating cycle.",NO
Khayati Steel Inds. Ltd.,ACUITE | CARE,Bank Guarantee | Term loans,A 4+,2026-04-22,111.0,MEDIUM,True,,15.00 | 98.14,D365,Steel & Metals,NO,,INC,INC at  | 90-180 days — pre-renewal window,Your rating at ACUITE | CARE went INC recently. ACER can step in with a fresh rating before your next instrument needs funding.,NO
Surendra Steels Pvt. Ltd.,CRISIL,Fund based financial facility/instrument,A 3+,2026-03-04,111.0,MEDIUM,False,,10.00,D365,Steel & Metals,NO,,Active,90-180 days — pre-renewal window,"As an active steel company rated by CRISIL, ACER can offer competitive pricing and faster turnaround for your next rating cycle.",NO
Airen Copper Pvt. Ltd.,CARE,Bank Guarantee,D,2026-03-05,110.0,MEDIUM,True,,24.75,D365,Steel & Metals,NO,,INC,INC at  | 90-180 days — pre-renewal window,Your rating at CARE went INC recently. ACER can step in with a fresh rating before your next instrument needs funding.,NO
Maa Kali Alloys Udyog Pvt. Ltd.,BRICKWORK,Bank Guarantee | Term loans,A 4,2026-03-05,110.0,MEDIUM,True,,0.50 | 11.88,D365,Steel & Metals,NO,,INC,INC at  | 90-180 days — pre-renewal window,Your rating at BRICKWORK went INC recently. ACER can step in with a fresh rating before your next instrument needs funding.,NO
Zigma Global Environ Solutions Pvt. Ltd.,CARE,Bank Guarantee | Non-government debt | Term loans,A 3,2026-03-05,110.0,MEDIUM,False,,82.57 | 12.00,D365,Steel & Metals,NO,,Active,90-180 days — pre-renewal window,"As an active steel company rated by CARE, ACER can offer competitive pricing and faster turnaround for your next rating cycle.",NO
Bajaj Steels & Inds. Ltd.,BRICKWORK,Term loans,D,2026-03-06,109.0,MEDIUM,True,,4.00,D365,Steel & Metals,NO,,INC,INC at  | 90-180 days — pre-renewal window,Your rating at BRICKWORK went INC recently. ACER can step in with a fresh rating before your next instrument needs funding.,NO
Kisaan Steels Pvt. Ltd.,BRICKWORK,Bank Guarantee | Fund based financial facility/instrument,A 4,2026-03-06,109.0,MEDIUM,True,,0.40 | 1.10,D365,Steel & Metals,NO,,INC,INC at  | 90-180 days — pre-renewal window,Your rating at BRICKWORK went INC recently. ACER can step in with a fresh rating before your next instrument needs funding.,NO
Saini Alloys Ltd.,CRISIL,Bank Guarantee,A 3,2026-03-09,106.0,MEDIUM,False,,1.45,D365,Steel & Metals,NO,,Active,90-180 days — pre-renewal window,"As an active steel company rated by CRISIL, ACER can offer competitive pricing and faster turnaround for your next rating cycle.",NO
Jaideep Metallics & Alloys Pvt. Ltd.,CARE,Bank Guarantee | Letter Of credit | Term loans,A 4,2026-03-10,105.0,MEDIUM,True,,1.50 | 4.00,D365,Steel & Metals,NO,,INC,INC at  | 90-180 days — pre-renewal window,Your rating at CARE went INC recently. ACER can step in with a fresh rating before your next instrument needs funding.,NO
Core Metal Krafts Ltd.,CARE,Non-government debt,BB/A4,2026-03-11,104.0,MEDIUM,False,,20.00,D365,Steel & Metals,NO,,Active,90-180 days — pre-renewal window,"As an active steel company rated by CARE, ACER can offer competitive pricing and faster turnaround for your next rating cycle.",NO
Steeltech Resources Ltd.,BRICKWORK,Bank Guarantee | Letter Of credit,D,2026-03-11,104.0,MEDIUM,True,,1.50 | 56.00,D365,Steel & Metals,NO,,INC,INC at  | 90-180 days — pre-renewal window,Your rating at BRICKWORK went INC recently. ACER can step in with a fresh rating before your next instrument needs funding.,NO
Vibhor Steel Tubes Ltd.,CARE | CRISIL,Bank Guarantee | Letter Of credit | Non-government debt,A 3+,2026-04-17,104.0,MEDIUM,False,,140.00 | 60.99,D365,Steel & Metals,NO,,Active,90-180 days — pre-renewal window,"As an active steel company rated by CARE | CRISIL, ACER can offer competitive pricing and faster turnaround for your next rating cycle.",NO
Accurate Steel Forgings (India) Ltd.,CRISIL,Term loans,B,2026-03-12,103.0,MEDIUM,True,,7.00,D365,Steel & Metals,NO,,INC,INC at  | 90-180 days — pre-renewal window,Your rating at CRISIL went INC recently. ACER can step in with a fresh rating before your next instrument needs funding.,NO
Bhaskar Steel & Ferro Alloy Pvt. Ltd.,ACUITE,Long term Loans | Term loans,BBB,2026-03-12,103.0,MEDIUM,False,,12.70 | 110.32,D365,Steel & Metals,NO,,Active,90-180 days — pre-renewal window,"As an active steel company rated by ACUITE, ACER can offer competitive pricing and faster turnaround for your next rating cycle.",NO
S M W Metal Pvt. Ltd.,BRICKWORK,Letter Of credit,A 4,2026-03-12,103.0,MEDIUM,True,,30.00,D365,Steel & Metals,NO,,INC,INC at  | 90-180 days — pre-renewal window,Your rating at BRICKWORK went INC recently. ACER can step in with a fresh rating before your next instrument needs funding.,NO
Shivalik Bimetal Controls Ltd.,CRISIL,Fund based financial facility/instrument | Non-fund-based financial facility/instrument,A,2026-03-12,103.0,MEDIUM,False,,90.00 | 5.00,D365,Steel & Metals,NO,,Active,90-180 days — pre-renewal window,"As an active steel company rated by CRISIL, ACER can offer competitive pricing and faster turnaround for your next rating cycle.",NO
V S Ferrous Enterprises Pvt. Ltd.,ICRA,Non-government debt,B+,2026-03-12,103.0,MEDIUM,True,,50.00,D365,Steel & Metals,NO,,INC,INC at  | 90-180 days — pre-renewal window,Your rating at ICRA went INC recently. ACER can step in with a fresh rating before your next instrument needs funding.,NO
Samrat Irons Pvt. Ltd.,CRISIL | IND-RA,Fund based financial facility/instrument | Non-government debt,BBB-,2026-04-02,102.0,MEDIUM,True,,85.00 | 94.00,D365,Steel & Metals,NO,,INC,INC at  | 90-180 days — pre-renewal window,Your rating at CRISIL | IND-RA went INC recently. ACER can step in with a fresh rating before your next instrument needs funding.,NO
Ratnesh Metal Inds. Pvt. Ltd.,BRICKWORK,Bank Guarantee | Fund based financial facility/instrument | Letter Of credit,A 4,2026-03-16,99.0,MEDIUM,True,,14.19 | 9.25,D365,Steel & Metals,NO,,INC,INC at  | 90-180 days — pre-renewal window,Your rating at BRICKWORK went INC recently. ACER can step in with a fresh rating before your next instrument needs funding.,NO
J B M Environment Mgmt. Pvt. Ltd.,IND-RA,Term loans,BBB+,2026-03-17,98.0,MEDIUM,False,,68.62,D365,Steel & Metals,NO,,Active,90-180 days — pre-renewal window,"As an active steel company rated by IND-RA, ACER can offer competitive pricing and faster turnaround for your next rating cycle.",NO
J J Plastalloy Pvt. Ltd.,CARE,Bank Guarantee | Letter Of credit | Non-government debt,A 2,2026-03-17,98.0,MEDIUM,False,,5.00 | 2.00,D365,Steel & Metals,NO,,Active,90-180 days — pre-renewal window,"As an active steel company rated by CARE, ACER can offer competitive pricing and faster turnaround for your next rating cycle.",NO
Kiwi Alloys Ltd.,CRISIL,Long term Loans | Term loans,B,2026-03-17,98.0,MEDIUM,True,,1.75 | 1.00,D365,Steel & Metals,NO,,INC,INC at  | 90-180 days — pre-renewal window,Your rating at CRISIL went INC recently. ACER can step in with a fresh rating before your next instrument needs funding.,NO
Glitter Metals Pvt. Ltd.,ICRA,Non-government debt,B+/A4,2026-03-18,97.0,MEDIUM,True,,10.00,D365,Steel & Metals,NO,,INC,INC at  | 90-180 days — pre-renewal window,Your rating at ICRA went INC recently. ACER can step in with a fresh rating before your next instrument needs funding.,NO
Inducto Steels Ltd.,ACUITE,Letter Of credit,A 4+,2026-03-19,96.0,MEDIUM,False,,80.00,D365,Steel & Metals,NO,,Active,90-180 days — pre-renewal window,"As an active steel company rated by ACUITE, ACER can offer competitive pricing and faster turnaround for your next rating cycle.",NO
A P L Metals Ltd.,ACUITE,Letter Of credit,D,2026-03-23,92.0,MEDIUM,True,,48.00,D365,Steel & Metals,NO,,INC,INC at  | 90-180 days — pre-renewal window,Your rating at ACUITE went INC recently. ACER can step in with a fresh rating before your next instrument needs funding.,NO
Tirumala Balaji Alloys Pvt. Ltd.,ACUITE,Bank Guarantee | Letter Of credit | Long term Loans,A 2,2026-03-23,92.0,MEDIUM,False,,3.00 | 2.00,D365,Steel & Metals,NO,,Active,90-180 days — pre-renewal window,"As an active steel company rated by ACUITE, ACER can offer competitive pricing and faster turnaround for your next rating cycle.",NO
Multimetals Ltd.,CARE,Bank Guarantee | Letter Of credit | Non-government debt,A 3+,2026-03-24,91.0,MEDIUM,False,,15.00 | 22.00,D365,Steel & Metals,NO,,Active,90-180 days — pre-renewal window,"As an active steel company rated by CARE, ACER can offer competitive pricing and faster turnaround for your next rating cycle.",NO
Shreejee Structural Steel Pvt. Ltd.,CARE,Non-government debt,BBB-/A3,2026-03-24,91.0,MEDIUM,False,,42.15,D365,Steel & Metals,NO,,Active,90-180 days — pre-renewal window,"As an active steel company rated by CARE, ACER can offer competitive pricing and faster turnaround for your next rating cycle.",NO
Maa Mahamaya Alloys Pvt. Ltd.,CARE,Bank Guarantee | Term loans,A 4,2026-03-25,90.0,MEDIUM,True,,50.71 | 6.79,D365,Steel & Metals,NO,,INC,INC at  | 90-180 days — pre-renewal window,Your rating at CARE went INC recently. ACER can step in with a fresh rating before your next instrument needs funding.,NO
Prestige Metallics Pvt. Ltd.,CARE,Bank Guarantee | Term loans,BBB-,2026-04-10,90.0,MEDIUM,False,,9.13 | 5.00,D365,Steel & Metals,NO,,Active,90-180 days — pre-renewal window,"As an active steel company rated by CARE, ACER can offer competitive pricing and faster turnaround for your next rating cycle.",NO
Rajuri Steels & T M T Bars Pvt. Ltd.,ACUITE | CRISIL,Bank Guarantee | Long term Loans | Term loans,A 3,2026-04-10,90.0,MEDIUM,True,,55.00 | 73.45,D365,Steel & Metals,NO,,INC,INC at  | 90-180 days — pre-renewal window,Your rating at ACUITE | CRISIL went INC recently. ACER can step in with a fresh rating before your next instrument needs funding.,NO
Carysil Steel Ltd.,ICRA,Letter Of credit | Non-fund-based financial facility/instrument | Term loans,A 2,2026-03-26,89.0,LOW,False,,0.60 | 1.00,D365,Steel & Metals,NO,,Active,Active Steel company — candidate for ACER rating,"As an active steel company rated by ICRA, ACER can offer competitive pricing and faster turnaround for your next rating cycle.",NO
German Green Steel & Power Ltd.,CRISIL,Bank Guarantee | Fund based financial facility/instrument | Letter Of credit,A-,2026-04-02,89.0,LOW,False,,93.18 | 20.75,D365,Steel & Metals,NO,,Active,Active Steel company — candidate for ACER rating,"As an active steel company rated by CRISIL, ACER can offer competitive pricing and faster turnaround for your next rating cycle.",NO
Ajay Steel Casting Pvt. Ltd.,CRISIL,Term loans,B,2026-03-27,88.0,LOW,True,,2.00,D365,Steel & Metals,NO,,INC,INC at ,Your rating at CRISIL went INC recently. ACER can step in with a fresh rating before your next instrument needs funding.,NO
R & D Multiples (Metal Cast) Pvt. Ltd.,CARE,Letter Of credit | Non-government debt,A 3,2026-03-27,88.0,LOW,False,,5.00 | 14.00,D365,Steel & Metals,NO,,Active,Active Steel company — candidate for ACER rating,"As an active steel company rated by CARE, ACER can offer competitive pricing and faster turnaround for your next rating cycle.",NO
S A L Steel Ltd.,ACUITE,Long term Loans,BBB+,2026-03-27,88.0,LOW,False,,250.00,D365,Steel & Metals,NO,,Active,Active Steel company — candidate for ACER rating,"As an active steel company rated by ACUITE, ACER can offer competitive pricing and faster turnaround for your next rating cycle.",NO
Pentagon Steels India Pvt. Ltd.,CRISIL,Letter Of credit | Term loans,A 4,2026-03-30,85.0,LOW,True,,1.50 | 4.27,D365,Steel & Metals,NO,,INC,INC at ,Your rating at CRISIL went INC recently. ACER can step in with a fresh rating before your next instrument needs funding.,NO
Sigma Metal & Power Pvt. Ltd.,CARE,Term loans,BB,2026-03-30,85.0,LOW,True,,50.00,D365,Steel & Metals,NO,,INC,INC at ,Your rating at CARE went INC recently. ACER can step in with a fresh rating before your next instrument needs funding.,NO
Iron Mountain India Pvt. Ltd.,ICRA,Non-government debt | Term loans,BBB-/A3,2026-03-31,84.0,LOW,False,,14.00 | 297.00,D365,Steel & Metals,NO,,Active,Active Steel company — candidate for ACER rating,"As an active steel company rated by ICRA, ACER can offer competitive pricing and faster turnaround for your next rating cycle.",NO
Paul & Co. Steel Merchants Pvt. Ltd.,ACUITE,Fund based financial facility/instrument,B,2026-03-31,84.0,LOW,True,,15.00,D365,Steel & Metals,NO,,INC,INC at ,Your rating at ACUITE went INC recently. ACER can step in with a fresh rating before your next instrument needs funding.,NO
Rathi Special Steels Ltd.,CARE,Term loans,BB+,2026-03-31,84.0,LOW,True,,7.70,D365,Steel & Metals,NO,,INC,INC at ,Your rating at CARE went INC recently. ACER can step in with a fresh rating before your next instrument needs funding.,NO
Tarapur Environment Protection Society,CRISIL,Term loans,B,2026-03-31,84.0,LOW,True,,35.00,D365,Steel & Metals,NO,,INC,INC at ,Your rating at CRISIL went INC recently. ACER can step in with a fresh rating before your next instrument needs funding.,NO
Century Aluminium Mfg. Co. Ltd.,BRICKWORK,Bank Guarantee | Letter Of credit,D,2026-04-02,82.0,LOW,True,,15.00 | 57.50,D365,Steel & Metals,NO,,INC,INC at ,Your rating at BRICKWORK went INC recently. ACER can step in with a fresh rating before your next instrument needs funding.,NO
Harihara Metalloys Pvt. Ltd.,IND-RA,Non-government debt,B/A4,2026-04-02,82.0,LOW,True,,20.00,D365,Steel & Metals,NO,,INC,INC at ,Your rating at IND-RA went INC recently. ACER can step in with a fresh rating before your next instrument needs funding.,NO
Hero Steels Ltd.,CRISIL,Letter Of credit | Long term Loans | Non-fund-based financial facility/instrument,A,2026-04-02,82.0,LOW,False,,66.00 | 50.00,D365,Steel & Metals,NO,,Active,Active Steel company — candidate for ACER rating,"As an active steel company rated by CRISIL, ACER can offer competitive pricing and faster turnaround for your next rating cycle.",NO
Raghuveer Metal Inds. Ltd.,IND-RA,Non-government debt,C/A4,2026-04-02,82.0,LOW,True,,13.00,D365,Steel & Metals,NO,,INC,INC at ,Your rating at IND-RA went INC recently. ACER can step in with a fresh rating before your next instrument needs funding.,NO
Himalayan Rolling Steel Inds. Pvt. Ltd.,BRICKWORK,Term loans,D,2026-04-06,78.0,LOW,True,,82.62,D365,Steel & Metals,NO,,INC,INC at ,Your rating at BRICKWORK went INC recently. ACER can step in with a fresh rating before your next instrument needs funding.,NO
Baramati Speciality Steels Ltd.,CARE,Term loans,BBB+,2026-04-07,77.0,LOW,False,,5.00,D365,Steel & Metals,NO,,Active,Active Steel company — candidate for ACER rating,"As an active steel company rated by CARE, ACER can offer competitive pricing and faster turnaround for your next rating cycle.",NO
Biop Steels & Power Pvt. Ltd.,BRICKWORK,Bank Guarantee | Letter Of credit,A 4,2026-04-07,77.0,LOW,True,,1.00 | 3.00,D365,Steel & Metals,NO,,INC,INC at ,Your rating at BRICKWORK went INC recently. ACER can step in with a fresh rating before your next instrument needs funding.,NO
Drolia Electrosteel Pvt. Ltd.,CARE,Letter Of credit | Non-fund-based financial facility/instrument | Term loans,A 3,2026-04-08,76.0,LOW,False,,20.00 | 0.75,D365,Steel & Metals,NO,,Active,Active Steel company — candidate for ACER rating,"As an active steel company rated by CARE, ACER can offer competitive pricing and faster turnaround for your next rating cycle.",NO
Kandla Agro & Metal Pvt. Ltd.,CARE,Non-government debt | Term loans,BBB/A3+,2026-04-08,76.0,LOW,False,,150.00 | 72.10,D365,Steel & Metals,NO,,Active,Active Steel company — candidate for ACER rating,"As an active steel company rated by CARE, ACER can offer competitive pricing and faster turnaround for your next rating cycle.",NO
Iclean Hollow Metal Systems Pvt. Ltd.,CARE,Non-government debt | Term loans,BBB+/A 3+,2026-04-09,75.0,LOW,False,,30.00 | 6.23,D365,Steel & Metals,NO,,Active,Active Steel company — candidate for ACER rating,"As an active steel company rated by CARE, ACER can offer competitive pricing and faster turnaround for your next rating cycle.",NO
S F C Environmental Technologies Ltd.,CARE,Non-government debt | Term loans,A+/A1+,2026-04-09,75.0,LOW,False,,113.70 | 180.00,D365,Steel & Metals,NO,,Active,Active Steel company — candidate for ACER rating,"As an active steel company rated by CARE, ACER can offer competitive pricing and faster turnaround for your next rating cycle.",NO
Steel & Industrial Forgings Ltd.,IND-RA,Bank Guarantee | Letter Of credit | Term loans,A 3+,2026-04-09,75.0,LOW,False,,8.00 | 9.50,D365,Steel & Metals,NO,,Active,Active Steel company — candidate for ACER rating,"As an active steel company rated by IND-RA, ACER can offer competitive pricing and faster turnaround for your next rating cycle.",NO
Venkateswara Steels & Springs (India) Pvt. Ltd.,ACUITE,Bank Guarantee | Term loans,A 4,2026-04-09,75.0,LOW,True,,0.15 | 3.86,D365,Steel & Metals,NO,,INC,INC at ,Your rating at ACUITE went INC recently. ACER can step in with a fresh rating before your next instrument needs funding.,NO
Andhra Ferro Alloys Ltd.,ICRA,Non-fund-based financial facility/instrument | Non-government debt | Term loans,D,2026-04-10,74.0,LOW,True,,25.00 | 33.50,D365,Steel & Metals,NO,,INC,INC at ,Your rating at ICRA went INC recently. ACER can step in with a fresh rating before your next instrument needs funding.,NO
Heavy Metals & Tubes Ltd.,CARE,Non-fund based working capital limit | Term loans,D,2026-04-10,74.0,LOW,True,,11.50 | 146.57,D365,Steel & Metals,NO,,INC,INC at ,Your rating at CARE went INC recently. ACER can step in with a fresh rating before your next instrument needs funding.,NO
J M Ferro Alloys Pvt. Ltd.,CARE,Letter Of credit,D,2026-04-10,74.0,LOW,True,,12.00,D365,Steel & Metals,NO,,INC,INC at ,Your rating at CARE went INC recently. ACER can step in with a fresh rating before your next instrument needs funding.,NO
Kotecha Steel Forge & Cast Inds. Pvt. Ltd.,CARE,Non-government debt | Term loans,BBB-/A3,2026-04-10,74.0,LOW,False,,24.95 | 8.77,D365,Steel & Metals,NO,,Active,Active Steel company — candidate for ACER rating,"As an active steel company rated by CARE, ACER can offer competitive pricing and faster turnaround for your next rating cycle.",NO
B S Shakti Steel Pvt. Ltd.,CARE,Fund based financial facility/instrument | Letter Of credit | Term loans,B-,2026-04-13,71.0,LOW,True,,17.50 | 3.00,D365,Steel & Metals,NO,,INC,INC at ,Your rating at CARE went INC recently. ACER can step in with a fresh rating before your next instrument needs funding.,NO
Omega Bright Steel Pvt. Ltd.,IND-RA,Non-government debt,BBB/A3+,2026-04-13,71.0,LOW,False,,16.00 | 80.00,D365,Steel & Metals,NO,,Active,Active Steel company — candidate for ACER rating,"As an active steel company rated by IND-RA, ACER can offer competitive pricing and faster turnaround for your next rating cycle.",NO
Kalinga Metalics Ltd.,CRISIL,Term loans,A+,2026-04-15,69.0,LOW,False,,120.00,D365,Steel & Metals,NO,,Active,Active Steel company — candidate for ACER rating,"As an active steel company rated by CRISIL, ACER can offer competitive pricing and faster turnaround for your next rating cycle.",NO
Orissa Steel & Power Pvt. Ltd.,CRISIL,Fund based financial facility/instrument | Non-fund-based financial facility/instrument,AA,2026-04-15,69.0,LOW,False,,265.00 | 110.00,D365,Steel & Metals,NO,,Active,Active Steel company — candidate for ACER rating,"As an active steel company rated by CRISIL, ACER can offer competitive pricing and faster turnaround for your next rating cycle.",NO
Rashmi Green Hydrogen Steel Pvt. Ltd.,CRISIL,Fund based financial facility/instrument | Term loans,A+,2026-04-15,69.0,LOW,False,,160.00 | 92.00,D365,Steel & Metals,NO,,Active,Active Steel company — candidate for ACER rating,"As an active steel company rated by CRISIL, ACER can offer competitive pricing and faster turnaround for your next rating cycle.",NO
Pratap Re-Rollers Pvt. Ltd.,CRISIL,Long term Loans,BB+,2026-04-16,68.0,LOW,False,,6.00,D365,Steel & Metals,NO,,Active,Active Steel company — candidate for ACER rating,"As an active steel company rated by CRISIL, ACER can offer competitive pricing and faster turnaround for your next rating cycle.",NO
Rashmi Metaliks Ltd.,CRISIL,Fund based financial facility/instrument | Non-fund-based financial facility/instrument,AA,2026-04-16,68.0,LOW,False,,690.00 | 385.00,D365,Steel & Metals,NO,,Active,Active Steel company — candidate for ACER rating,"As an active steel company rated by CRISIL, ACER can offer competitive pricing and faster turnaround for your next rating cycle.",NO
B D Steels Pvt. Ltd.,ICRA,Non-fund-based financial facility/instrument,A 4,2026-04-17,67.0,LOW,True,,3.00,D365,Steel & Metals,NO,,INC,INC at ,Your rating at ICRA went INC recently. ACER can step in with a fresh rating before your next instrument needs funding.,NO
Greta Steels Pvt. Ltd.,ACUITE,Letter Of credit,D,2026-04-17,67.0,LOW,True,,15.00,D365,Steel & Metals,NO,,INC,INC at ,Your rating at ACUITE went INC recently. ACER can step in with a fresh rating before your next instrument needs funding.,NO
Idcol Ferro Chrome & Alloys Ltd. [Merged],CARE,Bank Guarantee,A 4,2026-04-17,67.0,LOW,True,,1.50,D365,Steel & Metals,NO,,INC,INC at ,Your rating at CARE went INC recently. ACER can step in with a fresh rating before your next instrument needs funding.,NO
Shri Veerganapathi Steels Pvt. Ltd.,ACUITE,Bank Guarantee | Letter Of credit,A 4,2026-04-17,67.0,LOW,True,,5.00 | 10.00,D365,Steel & Metals,NO,,INC,INC at ,Your rating at ACUITE went INC recently. ACER can step in with a fresh rating before your next instrument needs funding.,NO
Vimla Fuels & Metals Ltd.,ACUITE,Letter Of credit | Long term Loans,D,2026-04-17,67.0,LOW,True,,25.00 | 46.75,D365,Steel & Metals,NO,,INC,INC at ,Your rating at ACUITE went INC recently. ACER can step in with a fresh rating before your next instrument needs funding.,YES
Dmson'S Metal Pvt. Ltd.,CRISIL,Letter Of credit,A 4,2026-04-20,64.0,LOW,True,,58.00,D365,Steel & Metals,NO,,INC,INC at ,Your rating at CRISIL went INC recently. ACER can step in with a fresh rating before your next instrument needs funding.,NO
Govind Steel Co. Ltd.,CRISIL,Fund based financial facility/instrument | Letter Of credit,B,2026-04-20,64.0,LOW,True,,7.00 | 3.00,D365,Steel & Metals,NO,,INC,INC at ,Your rating at CRISIL went INC recently. ACER can step in with a fresh rating before your next instrument needs funding.,NO
Hansco Iron & Steels Pvt. Ltd.,CRISIL,Letter Of credit | Long term Loans,A 4,2026-04-20,64.0,LOW,True,,3.00 | 4.00,D365,Steel & Metals,NO,,INC,INC at ,Your rating at CRISIL went INC recently. ACER can step in with a fresh rating before your next instrument needs funding.,NO
International Steel Exchange Pvt. Ltd.,CRISIL,Bank Guarantee,A 4,2026-04-20,64.0,LOW,True,,2.00,D365,Steel & Metals,NO,,INC,INC at ,Your rating at CRISIL went INC recently. ACER can step in with a fresh rating before your next instrument needs funding.,NO
Kashvi Power & Steel Pvt. Ltd.,CRISIL,Bank Guarantee | Fund based financial facility/instrument | Letter Of credit,A 2,2026-04-20,64.0,LOW,False,,33.50 | 25.00,D365,Steel & Metals,NO,,Active,Active Steel company — candidate for ACER rating,"As an active steel company rated by CRISIL, ACER can offer competitive pricing and faster turnaround for your next rating cycle.",YES
North East Ferro Alloys Co. Pvt. Ltd.,CARE,Term loans,B-,2026-04-20,64.0,LOW,True,,0.95,D365,Steel & Metals,NO,,INC,INC at ,Your rating at CARE went INC recently. ACER can step in with a fresh rating before your next instrument needs funding.,NO
Ankur Iron (India) Pvt. Ltd.,CRISIL,Letter Of credit | Long term Loans | Term loans,D,2026-04-21,63.0,LOW,True,,5.00 | 2.12,D365,Steel & Metals,NO,,INC,INC at ,Your rating at CRISIL went INC recently. ACER can step in with a fresh rating before your next instrument needs funding.,NO
Prayan Ispat & Steel Pvt. Ltd.,CARE,Letter Of credit | Term loans,D,2026-04-22,62.0,LOW,True,,1.50 | 0.09,D365,Steel & Metals,NO,,INC,INC at ,Your rating at CARE went INC recently. ACER can step in with a fresh rating before your next instrument needs funding.,NO
G M Iron & Steel Co. Ltd.,CRISIL,Bank Guarantee,A 4,2026-04-23,61.0,LOW,True,,15.00,D365,Steel & Metals,NO,,INC,INC at ,Your rating at CRISIL went INC recently. ACER can step in with a fresh rating before your next instrument needs funding.,NO
Kesar Alloy & Metal Pvt. Ltd.,CRISIL,Fund based financial facility/instrument | Term loans,B,2026-04-23,61.0,LOW,True,,7.20 | 0.75,D365,Steel & Metals,NO,,INC,INC at ,Your rating at CRISIL went INC recently. ACER can step in with a fresh rating before your next instrument needs funding.,NO
Masina Alloys Pvt. Ltd.,CRISIL,Bank Guarantee,A 4,2026-04-23,61.0,LOW,True,,1.50,D365,Steel & Metals,NO,,INC,INC at ,Your rating at CRISIL went INC recently. ACER can step in with a fresh rating before your next instrument needs funding.,NO
Multiple Special Steel Pvt. Ltd.,CRISIL,Letter Of credit | Long term Loans | Term loans,A 4,2026-04-24,60.0,LOW,True,,2.00 | 0.81,D365,Steel & Metals,NO,,INC,INC at ,Your rating at CRISIL went INC recently. ACER can step in with a fresh rating before your next instrument needs funding.,NO
Sundaram Steels Pvt. Ltd.,CARE,Term loans,B,2026-04-24,60.0,LOW,True,,12.07,D365,Steel & Metals,NO,,INC,INC at ,Your rating at CARE went INC recently. ACER can step in with a fresh rating before your next instrument needs funding.,NO
Metal Crafts Constructors Pvt. Ltd.,CRISIL,Bank Guarantee | Term loans,A 4,2026-04-27,57.0,LOW,True,,26.00 | 5.70,D365,Steel & Metals,NO,,INC,INC at ,Your rating at CRISIL went INC recently. ACER can step in with a fresh rating before your next instrument needs funding.,NO
Shri Mahavir Iron & Steel Pvt. Ltd.,CARE,Term loans,BB-,2026-04-27,57.0,LOW,True,,28.00,D365,Steel & Metals,NO,,INC,INC at ,Your rating at CARE went INC recently. ACER can step in with a fresh rating before your next instrument needs funding.,YES
Bangalore Metallurgicals Pvt. Ltd.,ICRA,Term loans,B+,2026-04-29,55.0,LOW,True,,1.50,D365,Steel & Metals,NO,,INC,INC at ,Your rating at ICRA went INC recently. ACER can step in with a fresh rating before your next instrument needs funding.,NO
Gopani Metal Inds. Pvt. Ltd.,CRISIL,Fund based financial facility/instrument | Letter Of credit,BBB,2026-04-29,55.0,LOW,False,,10.36 | 88.14,D365,Steel & Metals,NO,,Active,Active Steel company — candidate for ACER rating,"As an active steel company rated by CRISIL, ACER can offer competitive pricing and faster turnaround for your next rating cycle.",NO
R S A L Steel Pvt. Ltd.,ICRA,Non-fund-based financial facility/instrument | Term loans,D,2026-04-29,55.0,LOW,True,,206.55 | 35.59,D365,Steel & Metals,NO,,INC,INC at ,Your rating at ICRA went INC recently. ACER can step in with a fresh rating before your next instrument needs funding.,NO
Rishabh Metals & Chemicals Pvt. Ltd.,ACUITE,Letter Of credit | Long term Loans,A 4+,2026-04-29,55.0,LOW,True,,7.00 | 9.00,D365,Steel & Metals,NO,,INC,INC at ,Your rating at ACUITE went INC recently. ACER can step in with a fresh rating before your next instrument needs funding.,NO
P M P Iron & Steels (India) Ltd.,CRISIL,Letter Of credit,A 4+,2026-04-30,54.0,LOW,False,,1.26,D365,Steel & Metals,NO,,Active,Active Steel company — candidate for ACER rating,"As an active steel company rated by CRISIL, ACER can offer competitive pricing and faster turnaround for your next rating cycle.",NO
Peb Steel Lloyd (India) Ltd.,CRISIL,Letter Of credit | Long term Loans,A 3+,2026-04-30,54.0,LOW,False,,5.00 | 13.00,D365,Steel & Metals,NO,,Active,Active Steel company — candidate for ACER rating,"As an active steel company rated by CRISIL, ACER can offer competitive pricing and faster turnaround for your next rating cycle.",NO
Total Environment Building Systems Pvt. Ltd.,CRISIL,Term loans,BBB-,2026-04-30,54.0,LOW,False,,50.00,D365,Steel & Metals,NO,,Active,Active Steel company — candidate for ACER rating,"As an active steel company rated by CRISIL, ACER can offer competitive pricing and faster turnaround for your next rating cycle.",NO
Total Environment Constructions Pvt. Ltd.,CRISIL,Term loans,BB+,2026-04-30,54.0,LOW,False,,230.00,D365,Steel & Metals,NO,,Active,Active Steel company — candidate for ACER rating,"As an active steel company rated by CRISIL, ACER can offer competitive pricing and faster turnaround for your next rating cycle.",NO
Total Environment Habitat Pvt. Ltd.,CRISIL,Term loans,BB+,2026-04-30,54.0,LOW,False,,771.74,D365,Steel & Metals,NO,,Active,Active Steel company — candidate for ACER rating,"As an active steel company rated by CRISIL, ACER can offer competitive pricing and faster turnaround for your next rating cycle.",NO
Vardhman Special Steels Ltd.,CRISIL,Letter Of credit | Long term Loans,AA,2026-04-30,54.0,LOW,False,,26.52 | 200.00,D365,Steel & Metals,NO,,Active,Active Steel company — candidate for ACER rating,"As an active steel company rated by CRISIL, ACER can offer competitive pricing and faster turnaround for your next rating cycle.",NO
Vedanta Aluminium Metal Ltd.,CRISIL,Long term Loans | Non-fund-based financial facility/instrument,AA,2026-04-30,54.0,LOW,False,,4500.00 | 500.00,D365,Steel & Metals,NO,,Active,Active Steel company — candidate for ACER rating,"As an active steel company rated by CRISIL, ACER can offer competitive pricing and faster turnaround for your next rating cycle.",NO
