Company Name,Latest Instrument,Current Rater,Rating,Rating Date,Urgency,Sector,INC Flag,All Raters,Rater Count,All Instruments,Latest Status,Data Source,Priority Score,Why Target,ACER Pitch Angle
Abhirama Steels Ltd.,Term loans,BRICKWORK,D,2025-08-04,MEDIUM,Steel & Metals,YES,BRICKWORK | IND-RA,2,Term loans,Reaffirmed,D365,5,INC — issuer not cooperating with current rater | Rating approaching renewal (6-12 months) | Multi-agency — open to new entrant,"INC + approaching renewal — ACER as fresh, cooperative alternative"
Abhishek Steel Inds. Pvt. Ltd.,Non-fund-based financial facility/instrument,ICRA,A 4,2025-05-21,HIGH,Steel & Metals,YES,ICRA,1,Non-fund-based financial facility/instrument | Non-government debt,Reaffirmed,D365,5,INC — issuer not cooperating with current rater | Rating overdue (>12 months),"ULTRA HOT — INC + overdue: current rater abandoned, ACER rescues in 15 days"
Advait Steel Rolling Mills Pvt. Ltd.,Term loans,CRISIL,D,2025-05-21,HIGH,Steel & Metals,YES,CRISIL,1,Term loans,Reaffirmed,D365,5,INC — issuer not cooperating with current rater | Rating overdue (>12 months),"ULTRA HOT — INC + overdue: current rater abandoned, ACER rescues in 15 days"
Amoda Iron & Steel Ltd.,Bank Guarantee,CRISIL,D,2025-06-12,HIGH,Steel & Metals,YES,CRISIL,1,Bank Guarantee | Letter Of credit | Long term Loans,Reaffirmed,D365,5,INC — issuer not cooperating with current rater | Rating overdue (>12 months),"ULTRA HOT — INC + overdue: current rater abandoned, ACER rescues in 15 days"
Anjaney Ferro Alloys Ltd.,Bank Guarantee,CARE,A 1+,2025-10-07,MEDIUM,Steel & Metals,YES,CARE | CRISIL,2,Bank Guarantee | Letter Of credit,Upgraded,D365,5,INC — issuer not cooperating with current rater | Rating approaching renewal (6-12 months) | Multi-agency — open to new entrant,"INC + approaching renewal — ACER as fresh, cooperative alternative"
Anmol Steel Processors Pvt. Ltd.,Fund based financial facility/instrument,CRISIL,D,2025-10-07,MEDIUM,Steel & Metals,YES,BRICKWORK | CRISIL,2,Fund based financial facility/instrument | Letter Of credit,Reaffirmed,D365,5,INC — issuer not cooperating with current rater | Rating approaching renewal (6-12 months) | Multi-agency — open to new entrant,"INC + approaching renewal — ACER as fresh, cooperative alternative"
Anupama Steel Ltd.,Non-government debt,CARE,BBB/A3,2025-08-07,MEDIUM,Steel & Metals,YES,BRICKWORK | CARE,2,Letter Of credit | Non-government debt,Reaffirmed,D365,5,INC — issuer not cooperating with current rater | Rating approaching renewal (6-12 months) | Multi-agency — open to new entrant,"INC + approaching renewal — ACER as fresh, cooperative alternative"
Apollo Vikas Steels Pvt. Ltd.,Letter Of credit,BRICKWORK,A 4,2025-10-15,MEDIUM,Steel & Metals,YES,BRICKWORK | CRISIL,2,Letter Of credit,Reaffirmed,D365,5,INC — issuer not cooperating with current rater | Rating approaching renewal (6-12 months) | Multi-agency — open to new entrant,"INC + approaching renewal — ACER as fresh, cooperative alternative"
Armour Steel Buildings India Pvt. Ltd.,Non-government debt,CARE,B+/A4,2025-08-12,MEDIUM,Steel & Metals,YES,CARE | CRISIL,2,Bank Guarantee | Long term Loans | Non-government debt | Term loans,Downgraded,D365,5,INC — issuer not cooperating with current rater | Rating approaching renewal (6-12 months) | Multi-agency — open to new entrant,"INC + approaching renewal — ACER as fresh, cooperative alternative"
Aryavrata Steel Pvt. Ltd.,Bank Guarantee,ACUITE,A 4,2025-12-01,MEDIUM,Steel & Metals,YES,ACUITE | CRISIL,2,Bank Guarantee | Long term Loans | Non-fund-based financial facility/instrument,Reaffirmed,D365,5,INC — issuer not cooperating with current rater | Rating approaching renewal (6-12 months) | Multi-agency — open to new entrant,"INC + approaching renewal — ACER as fresh, cooperative alternative"
Associated Broadcasting Co. Pvt. Ltd.,Fund based financial facility/instrument,ICRA,A-,2025-11-17,MEDIUM,Steel & Metals,YES,ICRA | IND-RA,2,Fund based financial facility/instrument | Non-fund based working capital limit | Non-fund-based financial facility/instrument,Withdrawn,D365,5,INC — issuer not cooperating with current rater | Rating approaching renewal (6-12 months) | Multi-agency — open to new entrant,"INC + approaching renewal — ACER as fresh, cooperative alternative"
B L Foundry Pvt. Ltd.,Long term Loans,CRISIL,B,2025-11-17,MEDIUM,Steel & Metals,YES,BRICKWORK | CRISIL,2,Long term Loans | Term loans,Withdrawn,D365,5,INC — issuer not cooperating with current rater | Rating approaching renewal (6-12 months) | Multi-agency — open to new entrant,"INC + approaching renewal — ACER as fresh, cooperative alternative"
Batliboi Environmental Engineering Ltd. [Merged],Bank Guarantee,ACUITE,A 4+,2025-07-29,MEDIUM,Steel & Metals,YES,ACUITE | IND-RA,2,Bank Guarantee | Letter Of credit | Long term Loans | Non-fund based working capital limit,Withdrawn,D365,5,INC — issuer not cooperating with current rater | Rating approaching renewal (6-12 months) | Multi-agency — open to new entrant,"INC + approaching renewal — ACER as fresh, cooperative alternative"
Bhadrashree Steel & Power Ltd.,Non-government debt,BRICKWORK,B,2025-06-25,MEDIUM,Steel & Metals,YES,BRICKWORK | IND-RA,2,Non-government debt | Term loans,Downgraded,D365,5,INC — issuer not cooperating with current rater | Rating approaching renewal (6-12 months) | Multi-agency — open to new entrant,"INC + approaching renewal — ACER as fresh, cooperative alternative"
Castings India Pvt. Ltd.,Long term Loans,CRISIL,B,2025-09-17,MEDIUM,Steel & Metals,YES,CARE | CRISIL | IND-RA,3,Long term Loans | Short-term loan | Term loans,Reaffirmed,D365,5,INC — issuer not cooperating with current rater | Rating approaching renewal (6-12 months) | Multi-agency — open to new entrant,"INC + approaching renewal — ACER as fresh, cooperative alternative"
Ceedee Metalloys Pvt. Ltd.,Letter Of credit,CRISIL,A 4+,2025-05-14,HIGH,Steel & Metals,YES,CRISIL,1,Letter Of credit,Reaffirmed,D365,5,INC — issuer not cooperating with current rater | Rating overdue (>12 months),"ULTRA HOT — INC + overdue: current rater abandoned, ACER rescues in 15 days"
Dhan Steels Pvt. Ltd.,Non-government debt,CARE,B/A4,2025-05-08,HIGH,Steel & Metals,YES,CARE,1,Non-government debt,Downgraded,D365,5,INC — issuer not cooperating with current rater | Rating overdue (>12 months),"ULTRA HOT — INC + overdue: current rater abandoned, ACER rescues in 15 days"
Dhanlaxmi Iron Inds. Pvt. Ltd.,Letter Of credit,CRISIL,A 2,2025-07-30,MEDIUM,Steel & Metals,YES,CRISIL | ICRA,2,Bank Guarantee | Letter Of credit,Initial Rating,D365,5,INC — issuer not cooperating with current rater | Rating approaching renewal (6-12 months) | Multi-agency — open to new entrant,"INC + approaching renewal — ACER as fresh, cooperative alternative"
Eagle Steels Rolling Mills Pvt. Ltd.,Bank Guarantee,BRICKWORK,D,2025-12-08,MEDIUM,Steel & Metals,YES,BRICKWORK | CARE,2,Bank Guarantee | Letter Of credit,Downgraded,D365,5,INC — issuer not cooperating with current rater | Rating approaching renewal (6-12 months) | Multi-agency — open to new entrant,"INC + approaching renewal — ACER as fresh, cooperative alternative"
Fairdeal Steels Pvt. Ltd.,Fund based financial facility/instrument,CRISIL,B,2025-12-10,MEDIUM,Steel & Metals,YES,BRICKWORK | CRISIL,2,Bank Guarantee | Fund based financial facility/instrument,Reaffirmed,D365,5,INC — issuer not cooperating with current rater | Rating approaching renewal (6-12 months) | Multi-agency — open to new entrant,"INC + approaching renewal — ACER as fresh, cooperative alternative"
Fex Foundry Alloys Pvt. Ltd.,Letter Of credit,CRISIL,A 4+,2025-06-09,HIGH,Steel & Metals,YES,CRISIL,1,Letter Of credit | Long term Loans,Reaffirmed,D365,5,INC — issuer not cooperating with current rater | Rating overdue (>12 months),"ULTRA HOT — INC + overdue: current rater abandoned, ACER rescues in 15 days"
G L Metallica Pvt. Ltd.,Term loans,CRISIL,B,2025-06-12,HIGH,Steel & Metals,YES,CRISIL,1,Term loans,Reaffirmed,D365,5,INC — issuer not cooperating with current rater | Rating overdue (>12 months),"ULTRA HOT — INC + overdue: current rater abandoned, ACER rescues in 15 days"
Ganesh Steel & Alloys Ltd.,Bank Guarantee,CRISIL,A 4,2025-11-20,MEDIUM,Steel & Metals,YES,CRISIL | IND-RA,2,Bank Guarantee | Fund based financial facility/instrument | Non-government debt,Reaffirmed,D365,5,INC — issuer not cooperating with current rater | Rating approaching renewal (6-12 months) | Multi-agency — open to new entrant,"INC + approaching renewal — ACER as fresh, cooperative alternative"
Ganga Iron & Steel Trading Co. Ltd.,Bank Guarantee,BRICKWORK,A 4,2025-05-23,HIGH,Steel & Metals,YES,BRICKWORK,1,Bank Guarantee | Fund based financial facility/instrument,Downgraded,D365,5,INC — issuer not cooperating with current rater | Rating overdue (>12 months),"ULTRA HOT — INC + overdue: current rater abandoned, ACER rescues in 15 days"
Global Metal & Energy Pvt. Ltd.,Term loans,ICRA,D,2025-05-22,HIGH,Steel & Metals,YES,ICRA,1,Term loans,Reaffirmed,D365,5,INC — issuer not cooperating with current rater | Rating overdue (>12 months),"ULTRA HOT — INC + overdue: current rater abandoned, ACER rescues in 15 days"
Goyal Energy & Steel Pvt. Ltd.,Fund based financial facility/instrument,CRISIL,D,2025-12-10,MEDIUM,Steel & Metals,YES,CARE | CRISIL,2,Fund based financial facility/instrument | Letter Of credit | Short-term loan | Term loans,Reaffirmed,D365,5,INC — issuer not cooperating with current rater | Rating approaching renewal (6-12 months) | Multi-agency — open to new entrant,"INC + approaching renewal — ACER as fresh, cooperative alternative"
Gurpreet Galvanising Pvt. Ltd.,Non-fund-based financial facility/instrument,ICRA,A 4,2025-05-28,HIGH,Steel & Metals,YES,ICRA,1,Non-fund-based financial facility/instrument | Non-government debt,Reaffirmed,D365,5,INC — issuer not cooperating with current rater | Rating overdue (>12 months),"ULTRA HOT — INC + overdue: current rater abandoned, ACER rescues in 15 days"
Hansa Metallics Ltd.,Letter Of credit,BRICKWORK,A 4,2025-10-10,MEDIUM,Steel & Metals,YES,BRICKWORK | CRISIL,2,Letter Of credit | Long term Loans | Term loans,Withdrawn,D365,5,INC — issuer not cooperating with current rater | Rating approaching renewal (6-12 months) | Multi-agency — open to new entrant,"INC + approaching renewal — ACER as fresh, cooperative alternative"
Harihar Alloys Pvt. Ltd.,Non-government debt,IND-RA,B-/A4,2025-11-24,MEDIUM,Steel & Metals,YES,CARE | IND-RA,2,Non-government debt | Term loans,Reaffirmed,D365,5,INC — issuer not cooperating with current rater | Rating approaching renewal (6-12 months) | Multi-agency — open to new entrant,"INC + approaching renewal — ACER as fresh, cooperative alternative"
Hill-Brow Metallics & Construction Pvt. Ltd.,Non-government debt,IND-RA,BB-/A4+,2025-10-30,MEDIUM,Steel & Metals,YES,BRICKWORK | IND-RA,2,Bank Guarantee | Non-fund based working capital limit | Non-government debt,Withdrawn,D365,5,INC — issuer not cooperating with current rater | Rating approaching renewal (6-12 months) | Multi-agency — open to new entrant,"INC + approaching renewal — ACER as fresh, cooperative alternative"
Hira Steels Ltd.,Bank Guarantee,ACUITE,A 4+,2025-10-15,MEDIUM,Steel & Metals,YES,ACUITE | IND-RA,2,Bank Guarantee | Term loans,Reaffirmed,D365,5,INC — issuer not cooperating with current rater | Rating approaching renewal (6-12 months) | Multi-agency — open to new entrant,"INC + approaching renewal — ACER as fresh, cooperative alternative"
India Steel Continental Pvt. Ltd.,Bank Guarantee,CARE,A 4,2025-11-04,MEDIUM,Steel & Metals,YES,CARE | CRISIL | IND-RA,3,Bank Guarantee | Letter Of credit | Non-fund based working capital limit | Term loans,Reaffirmed,D365,5,INC — issuer not cooperating with current rater | Rating approaching renewal (6-12 months) | Multi-agency — open to new entrant,"INC + approaching renewal — ACER as fresh, cooperative alternative"
Indian Metals & Alloys Mfg. Co. Pvt. Ltd.,Bank Guarantee,CRISIL,A 4,2025-05-19,HIGH,Steel & Metals,YES,CRISIL,1,Bank Guarantee | Letter Of credit,Downgraded,D365,5,INC — issuer not cooperating with current rater | Rating overdue (>12 months),"ULTRA HOT — INC + overdue: current rater abandoned, ACER rescues in 15 days"
International Tubes India Pvt. Ltd.,Bank Guarantee,BRICKWORK,A 4,2025-06-02,HIGH,Steel & Metals,YES,BRICKWORK,1,Bank Guarantee | Letter Of credit | Term loans,Reaffirmed,D365,5,INC — issuer not cooperating with current rater | Rating overdue (>12 months),"ULTRA HOT — INC + overdue: current rater abandoned, ACER rescues in 15 days"
J G Foundry Ltd.,Term loans,BRICKWORK,B-,2025-07-02,MEDIUM,Steel & Metals,YES,BRICKWORK | CRISIL,2,Long term Loans | Term loans,Downgraded,D365,5,INC — issuer not cooperating with current rater | Rating approaching renewal (6-12 months) | Multi-agency — open to new entrant,"INC + approaching renewal — ACER as fresh, cooperative alternative"
J N Tayal Steels Pvt. Ltd.,Term loans,CARE,B-,2025-05-28,HIGH,Steel & Metals,YES,CARE,1,Term loans,Reaffirmed,D365,5,INC — issuer not cooperating with current rater | Rating overdue (>12 months),"ULTRA HOT — INC + overdue: current rater abandoned, ACER rescues in 15 days"
J S S Steelitalia Ltd. [Merged],Letter Of credit,CRISIL,A 4,2025-12-10,MEDIUM,Steel & Metals,YES,ACUITE | CRISIL,2,Letter Of credit | Long term Loans,Reaffirmed,D365,5,INC — issuer not cooperating with current rater | Rating approaching renewal (6-12 months) | Multi-agency — open to new entrant,"INC + approaching renewal — ACER as fresh, cooperative alternative"
Jindal Nickel & Alloys Ltd.,Bank Guarantee,BRICKWORK,A 4,2025-05-21,HIGH,Steel & Metals,YES,BRICKWORK,1,Bank Guarantee | Letter Of credit,Reaffirmed,D365,5,INC — issuer not cooperating with current rater | Rating overdue (>12 months),"ULTRA HOT — INC + overdue: current rater abandoned, ACER rescues in 15 days"
K B Sponge Iron Ltd.,Bank Guarantee,CARE,D,2025-05-06,HIGH,Steel & Metals,YES,CARE,1,Bank Guarantee | Term loans,Downgraded,D365,5,INC — issuer not cooperating with current rater | Rating overdue (>12 months),"ULTRA HOT — INC + overdue: current rater abandoned, ACER rescues in 15 days"
Kairali Steels & Alloys Pvt. Ltd.,Non-government debt,IND-RA,B/A4,2025-12-19,MEDIUM,Steel & Metals,YES,CARE | CRISIL | IND-RA,3,Letter Of credit | Non-government debt | Term loans,Downgraded,D365,5,INC — issuer not cooperating with current rater | Rating approaching renewal (6-12 months) | Multi-agency — open to new entrant,"INC + approaching renewal — ACER as fresh, cooperative alternative"
Kamakshi Steels Pvt. Ltd.,Long term Loans,CRISIL,D,2025-09-25,MEDIUM,Steel & Metals,YES,CARE | CRISIL,2,Bank Guarantee | Long term Loans,Reaffirmed,D365,5,INC — issuer not cooperating with current rater | Rating approaching renewal (6-12 months) | Multi-agency — open to new entrant,"INC + approaching renewal — ACER as fresh, cooperative alternative"
Kantipudi Steels Pvt. Ltd.,Fund based financial facility/instrument,CARE,BBB-,2025-08-28,MEDIUM,Steel & Metals,YES,BRICKWORK | CARE,2,Bank Guarantee | Fund based financial facility/instrument | Term loans,Withdrawn,D365,5,INC — issuer not cooperating with current rater | Rating approaching renewal (6-12 months) | Multi-agency — open to new entrant,"INC + approaching renewal — ACER as fresh, cooperative alternative"
Kaushal Ferro Metals Pvt. Ltd.,Bank Guarantee,CARE,A 4,2025-05-23,HIGH,Steel & Metals,YES,CARE,1,Bank Guarantee,Reaffirmed,D365,5,INC — issuer not cooperating with current rater | Rating overdue (>12 months),"ULTRA HOT — INC + overdue: current rater abandoned, ACER rescues in 15 days"
La Reliant Aluminium Ltd.,Bank Guarantee,BRICKWORK,A 4,2025-06-06,HIGH,Steel & Metals,YES,BRICKWORK,1,Bank Guarantee,Reaffirmed,D365,5,INC — issuer not cooperating with current rater | Rating overdue (>12 months),"ULTRA HOT — INC + overdue: current rater abandoned, ACER rescues in 15 days"
Lingraj Steel & Power Pvt. Ltd.,Letter Of credit,BRICKWORK,A 4,2025-06-10,HIGH,Steel & Metals,YES,BRICKWORK,1,Letter Of credit,Reaffirmed,D365,5,INC — issuer not cooperating with current rater | Rating overdue (>12 months),"ULTRA HOT — INC + overdue: current rater abandoned, ACER rescues in 15 days"
M A Sarsinsa Steels Pvt. Ltd.,Fund based financial facility/instrument,CRISIL,D,2025-07-16,MEDIUM,Steel & Metals,YES,BRICKWORK | CRISIL,2,Fund based financial facility/instrument | Letter Of credit,Reaffirmed,D365,5,INC — issuer not cooperating with current rater | Rating approaching renewal (6-12 months) | Multi-agency — open to new entrant,"INC + approaching renewal — ACER as fresh, cooperative alternative"
Mahamaya Steel Inds. Ltd.,Non-government debt,CARE,BB+/A4+,2025-11-27,MEDIUM,Steel & Metals,YES,CARE | ICRA,2,Non-fund-based financial facility/instrument | Non-government debt | Term loans,Reaffirmed,D365,5,INC — issuer not cooperating with current rater | Rating approaching renewal (6-12 months) | Multi-agency — open to new entrant,"INC + approaching renewal — ACER as fresh, cooperative alternative"
Mandovi Casting Pvt. Ltd.,Letter Of credit,CRISIL,A 4,2025-05-12,HIGH,Steel & Metals,YES,CRISIL,1,Letter Of credit,Withdrawn,D365,5,INC — issuer not cooperating with current rater | Rating overdue (>12 months),"ULTRA HOT — INC + overdue: current rater abandoned, ACER rescues in 15 days"
Mangalam Metals & Ores Ltd.,Fund based financial facility/instrument,CRISIL,B,2025-05-08,HIGH,Steel & Metals,YES,CRISIL,1,Fund based financial facility/instrument,Reaffirmed,D365,5,INC — issuer not cooperating with current rater | Rating overdue (>12 months),"ULTRA HOT — INC + overdue: current rater abandoned, ACER rescues in 15 days"
Meghalaya Cast & Alloys Pvt. Ltd.,Bank Guarantee,CRISIL,A 4,2025-10-09,MEDIUM,Steel & Metals,YES,CRISIL | IND-RA,2,Bank Guarantee | Non-fund based working capital limit | Term loans,Reaffirmed,D365,5,INC — issuer not cooperating with current rater | Rating approaching renewal (6-12 months) | Multi-agency — open to new entrant,"INC + approaching renewal — ACER as fresh, cooperative alternative"
Mehar Steels Pvt. Ltd.,Term loans,BRICKWORK,D,2025-05-07,HIGH,Steel & Metals,YES,BRICKWORK,1,Term loans,Reaffirmed,D365,5,INC — issuer not cooperating with current rater | Rating overdue (>12 months),"ULTRA HOT — INC + overdue: current rater abandoned, ACER rescues in 15 days"
Metal Storage Systems Pvt. Ltd.,Bank Guarantee,BRICKWORK,A 4,2025-05-08,HIGH,Steel & Metals,YES,BRICKWORK,1,Bank Guarantee | Term loans,Reaffirmed,D365,5,INC — issuer not cooperating with current rater | Rating overdue (>12 months),"ULTRA HOT — INC + overdue: current rater abandoned, ACER rescues in 15 days"
Millenium Steel India Pvt. Ltd.,Letter Of credit,CARE,A 4,2025-10-09,MEDIUM,Steel & Metals,YES,CARE | CRISIL,2,Letter Of credit | Long term Loans,Reaffirmed,D365,5,INC — issuer not cooperating with current rater | Rating approaching renewal (6-12 months) | Multi-agency — open to new entrant,"INC + approaching renewal — ACER as fresh, cooperative alternative"
Mono Steel (India) Ltd.,Letter Of credit,CRISIL,A 4,2025-05-26,HIGH,Steel & Metals,YES,CRISIL,1,Letter Of credit,Reaffirmed,D365,5,INC — issuer not cooperating with current rater | Rating overdue (>12 months),"ULTRA HOT — INC + overdue: current rater abandoned, ACER rescues in 15 days"
Mukand Sumi Metal Processing Ltd.,Non-fund based working capital limit,IND-RA,A 4+,2025-05-26,HIGH,Steel & Metals,YES,IND-RA,1,Non-fund based working capital limit,Withdrawn,D365,5,INC — issuer not cooperating with current rater | Rating overdue (>12 months),"ULTRA HOT — INC + overdue: current rater abandoned, ACER rescues in 15 days"
Niagara Metals India Ltd.,Bank Guarantee,CARE,D,2025-11-18,MEDIUM,Steel & Metals,YES,CARE | IND-RA,2,Bank Guarantee | Letter Of credit | Non-fund based working capital limit | Term loans,Reaffirmed,D365,5,INC — issuer not cooperating with current rater | Rating approaching renewal (6-12 months) | Multi-agency — open to new entrant,"INC + approaching renewal — ACER as fresh, cooperative alternative"
Nirav Metals Pvt. Ltd.,Bank Guarantee,CRISIL,A 4,2025-06-13,HIGH,Steel & Metals,YES,CRISIL,1,Bank Guarantee | Letter Of credit | Long term Loans,Reaffirmed,D365,5,INC — issuer not cooperating with current rater | Rating overdue (>12 months),"ULTRA HOT — INC + overdue: current rater abandoned, ACER rescues in 15 days"
Nirman Infra-Steel Pvt. Ltd.,Letter Of credit,BRICKWORK,A 4,2025-05-22,HIGH,Steel & Metals,YES,BRICKWORK,1,Letter Of credit,Reaffirmed,D365,5,INC — issuer not cooperating with current rater | Rating overdue (>12 months),"ULTRA HOT — INC + overdue: current rater abandoned, ACER rescues in 15 days"
Omsairam Steels & Alloys Pvt. Ltd.,Long term Loans,ACUITE,A-,2025-09-30,MEDIUM,Steel & Metals,YES,ACUITE | CARE,2,Bank Guarantee | Letter Of credit | Long term Loans | Non-fund-based financial facility/instrument | Term loans,Reaffirmed,D365,5,INC — issuer not cooperating with current rater | Rating approaching renewal (6-12 months) | Multi-agency — open to new entrant,"INC + approaching renewal — ACER as fresh, cooperative alternative"
Orient Steel & Inds. Ltd.,Bank Guarantee,ACUITE,A 4,2025-12-01,MEDIUM,Steel & Metals,YES,ACUITE | CARE,2,Bank Guarantee | Letter Of credit,Reaffirmed,D365,5,INC — issuer not cooperating with current rater | Rating approaching renewal (6-12 months) | Multi-agency — open to new entrant,"INC + approaching renewal — ACER as fresh, cooperative alternative"
Oyster Steel & Iron Pvt. Ltd.,Bank Guarantee,CARE,D,2025-05-28,HIGH,Steel & Metals,YES,CARE,1,Bank Guarantee,Reaffirmed,D365,5,INC — issuer not cooperating with current rater | Rating overdue (>12 months),"ULTRA HOT — INC + overdue: current rater abandoned, ACER rescues in 15 days"
P S R Metals Pvt. Ltd.,Term loans,BRICKWORK,D,2025-06-05,HIGH,Steel & Metals,YES,BRICKWORK,1,Term loans,Downgraded,D365,5,INC — issuer not cooperating with current rater | Rating overdue (>12 months),"ULTRA HOT — INC + overdue: current rater abandoned, ACER rescues in 15 days"
Patson Steels Pvt. Ltd.,Fund based financial facility/instrument,BRICKWORK,C,2025-08-28,MEDIUM,Steel & Metals,YES,BRICKWORK | CRISIL,2,Fund based financial facility/instrument,Reaffirmed,D365,5,INC — issuer not cooperating with current rater | Rating approaching renewal (6-12 months) | Multi-agency — open to new entrant,"INC + approaching renewal — ACER as fresh, cooperative alternative"
Pawan Castings Meghalaya Pvt. Ltd.,Term loans,CRISIL,B+,2025-10-13,MEDIUM,Steel & Metals,YES,CRISIL | IND-RA,2,Term loans,Reaffirmed,D365,5,INC — issuer not cooperating with current rater | Rating approaching renewal (6-12 months) | Multi-agency — open to new entrant,"INC + approaching renewal — ACER as fresh, cooperative alternative"
Perfect Alloys & Steel Ltd.,Term loans,BRICKWORK,C-,2025-05-15,HIGH,Steel & Metals,YES,BRICKWORK,1,Term loans,Reaffirmed,D365,5,INC — issuer not cooperating with current rater | Rating overdue (>12 months),"ULTRA HOT — INC + overdue: current rater abandoned, ACER rescues in 15 days"
R J S Steels Pvt. Ltd.,Letter Of credit,BRICKWORK,A 4,2025-05-08,HIGH,Steel & Metals,YES,BRICKWORK,1,Letter Of credit | Term loans,Reaffirmed,D365,5,INC — issuer not cooperating with current rater | Rating overdue (>12 months),"ULTRA HOT — INC + overdue: current rater abandoned, ACER rescues in 15 days"
R K S Steel Inds. Pvt. Ltd.,Non-government debt,IND-RA,B-/A4,2025-12-19,MEDIUM,Steel & Metals,YES,CRISIL | IND-RA,2,Bank Guarantee | Long term Loans | Non-government debt,Downgraded,D365,5,INC — issuer not cooperating with current rater | Rating approaching renewal (6-12 months) | Multi-agency — open to new entrant,"INC + approaching renewal — ACER as fresh, cooperative alternative"
R N Metals Pvt. Ltd.,Non-government debt,BRICKWORK,C,2025-06-17,HIGH,Steel & Metals,YES,BRICKWORK,1,Non-government debt,Downgraded,D365,5,INC — issuer not cooperating with current rater | Rating overdue (>12 months),"ULTRA HOT — INC + overdue: current rater abandoned, ACER rescues in 15 days"
R P Multimetals Ltd.,Letter Of credit,CARE,A 4,2025-09-17,MEDIUM,Steel & Metals,YES,BRICKWORK | CARE | CRISIL,3,Fund based financial facility/instrument | Letter Of credit | Term loans,Downgraded,D365,5,INC — issuer not cooperating with current rater | Rating approaching renewal (6-12 months) | Multi-agency — open to new entrant,"INC + approaching renewal — ACER as fresh, cooperative alternative"
Rahul Ferromet & Engg. Pvt. Ltd.,Bank Guarantee,BRICKWORK,A 4,2025-09-19,MEDIUM,Steel & Metals,YES,BRICKWORK | CRISIL,2,Bank Guarantee | Long term Loans | Term loans,Reaffirmed,D365,5,INC — issuer not cooperating with current rater | Rating approaching renewal (6-12 months) | Multi-agency — open to new entrant,"INC + approaching renewal — ACER as fresh, cooperative alternative"
Rai Metal Works Pvt. Ltd.,Letter Of credit,CRISIL,A 4,2025-09-10,MEDIUM,Steel & Metals,YES,BRICKWORK | CARE | CRISIL,3,Letter Of credit | Non-fund-based financial facility/instrument | Non-government debt,Withdrawn,D365,5,INC — issuer not cooperating with current rater | Rating approaching renewal (6-12 months) | Multi-agency — open to new entrant,"INC + approaching renewal — ACER as fresh, cooperative alternative"
Rajdhani Castings Pvt. Ltd.,Term loans,BRICKWORK,C,2025-10-10,MEDIUM,Steel & Metals,YES,BRICKWORK | CRISIL,2,Term loans,Reaffirmed,D365,5,INC — issuer not cooperating with current rater | Rating approaching renewal (6-12 months) | Multi-agency — open to new entrant,"INC + approaching renewal — ACER as fresh, cooperative alternative"
Rama Ferro Alloys & Finance Pvt. Ltd.,Letter Of credit,CRISIL,A 4,2025-06-16,HIGH,Steel & Metals,YES,CRISIL,1,Letter Of credit,Reaffirmed,D365,5,INC — issuer not cooperating with current rater | Rating overdue (>12 months),"ULTRA HOT — INC + overdue: current rater abandoned, ACER rescues in 15 days"
Ramesh Iron & Steel Co. India Pvt. Ltd.,Bank Guarantee,CARE,A 4,2025-11-21,MEDIUM,Steel & Metals,YES,CARE | IND-RA,2,Bank Guarantee | Fund based financial facility/instrument | Non-fund-based financial facility/instrument | Term loans,Reaffirmed,D365,5,INC — issuer not cooperating with current rater | Rating approaching renewal (6-12 months) | Multi-agency — open to new entrant,"INC + approaching renewal — ACER as fresh, cooperative alternative"
Ramnik Power & Alloys Pvt. Ltd.,Non-government debt,IND-RA,B-/A4,2025-10-08,MEDIUM,Steel & Metals,YES,CRISIL | IND-RA,2,Long term Loans | Non-government debt | Term loans,Withdrawn,D365,5,INC — issuer not cooperating with current rater | Rating approaching renewal (6-12 months) | Multi-agency — open to new entrant,"INC + approaching renewal — ACER as fresh, cooperative alternative"
Ran India Steels Pvt. Ltd.,Letter Of credit,CARE,D,2025-09-09,MEDIUM,Steel & Metals,YES,BRICKWORK | CARE | CRISIL,3,Letter Of credit | Long term Loans | Term loans,Downgraded,D365,5,INC — issuer not cooperating with current rater | Rating approaching renewal (6-12 months) | Multi-agency — open to new entrant,"INC + approaching renewal — ACER as fresh, cooperative alternative"
Rana Steels India Pvt. Ltd.,Letter Of credit,BRICKWORK,A 4,2025-10-07,MEDIUM,Steel & Metals,YES,BRICKWORK | CARE,2,Letter Of credit | Non-government debt | Term loans,Reaffirmed,D365,5,INC — issuer not cooperating with current rater | Rating approaching renewal (6-12 months) | Multi-agency — open to new entrant,"INC + approaching renewal — ACER as fresh, cooperative alternative"
Rashmi Sponge Iron & Power Inds. Pvt. Ltd.,Bank Guarantee,CARE,A 4,2025-11-05,MEDIUM,Steel & Metals,YES,BRICKWORK | CARE,2,Bank Guarantee | Letter Of credit,Reaffirmed,D365,5,INC — issuer not cooperating with current rater | Rating approaching renewal (6-12 months) | Multi-agency — open to new entrant,"INC + approaching renewal — ACER as fresh, cooperative alternative"
Raunaq Steels Trdg. Pvt. Ltd.,Fund based financial facility/instrument,CRISIL,A 4+,2025-10-29,MEDIUM,Steel & Metals,YES,CRISIL | ICRA,2,Fund based financial facility/instrument | Letter Of credit | Non-fund-based financial facility/instrument,Downgraded,D365,5,INC — issuer not cooperating with current rater | Rating approaching renewal (6-12 months) | Multi-agency — open to new entrant,"INC + approaching renewal — ACER as fresh, cooperative alternative"
Rayalaseema Steel Re-Rolling Mills Pvt. Ltd. (Part- Ix),Letter Of credit,CARE,A 4,2025-08-07,MEDIUM,Steel & Metals,YES,CARE | CRISIL,2,Letter Of credit | Long term Loans,Reaffirmed,D365,5,INC — issuer not cooperating with current rater | Rating approaching renewal (6-12 months) | Multi-agency — open to new entrant,"INC + approaching renewal — ACER as fresh, cooperative alternative"
Roll Tubes Ltd.,Bank Guarantee,CRISIL,A 4,2025-11-05,MEDIUM,Steel & Metals,YES,BRICKWORK | CRISIL,2,Bank Guarantee | Letter Of credit,Reaffirmed,D365,5,INC — issuer not cooperating with current rater | Rating approaching renewal (6-12 months) | Multi-agency — open to new entrant,"INC + approaching renewal — ACER as fresh, cooperative alternative"
Safi Steel Traders Pvt. Ltd.,Long term Loans,CRISIL,B+,2025-07-30,MEDIUM,Steel & Metals,YES,CRISIL | ICRA,2,Letter Of credit | Long term Loans | Term loans,Reaffirmed,D365,5,INC — issuer not cooperating with current rater | Rating approaching renewal (6-12 months) | Multi-agency — open to new entrant,"INC + approaching renewal — ACER as fresh, cooperative alternative"
Sai Balaji Sponge Iron India Pvt. Ltd.,Letter Of credit,BRICKWORK,D,2025-05-30,HIGH,Steel & Metals,YES,BRICKWORK,1,Letter Of credit | Term loans,Reaffirmed,D365,5,INC — issuer not cooperating with current rater | Rating overdue (>12 months),"ULTRA HOT — INC + overdue: current rater abandoned, ACER rescues in 15 days"
Sangam Forgings Pvt. Ltd.,Non-government debt,IND-RA,B-/A4,2025-12-19,MEDIUM,Steel & Metals,YES,CRISIL | IND-RA,2,Letter Of credit | Long term Loans | Non-government debt,Reaffirmed,D365,5,INC — issuer not cooperating with current rater | Rating approaching renewal (6-12 months) | Multi-agency — open to new entrant,"INC + approaching renewal — ACER as fresh, cooperative alternative"
Sargam Metals Pvt. Ltd.,Non-fund-based financial facility/instrument,ICRA,D,2025-05-09,HIGH,Steel & Metals,YES,ICRA,1,Non-fund-based financial facility/instrument | Term loans,Reaffirmed,D365,5,INC — issuer not cooperating with current rater | Rating overdue (>12 months),"ULTRA HOT — INC + overdue: current rater abandoned, ACER rescues in 15 days"
Shamli Steels Pvt. Ltd.,Non-fund-based financial facility/instrument,ICRA,A 4,2025-05-09,HIGH,Steel & Metals,YES,ICRA,1,Non-fund-based financial facility/instrument | Term loans,Reaffirmed,D365,5,INC — issuer not cooperating with current rater | Rating overdue (>12 months),"ULTRA HOT — INC + overdue: current rater abandoned, ACER rescues in 15 days"
Shiv Aum Steels Ltd.,Non-government debt,IND-RA,B/A4,2025-11-24,MEDIUM,Steel & Metals,YES,CRISIL | IND-RA,2,Letter Of credit | Non-government debt,Downgraded,D365,5,INC — issuer not cooperating with current rater | Rating approaching renewal (6-12 months) | Multi-agency — open to new entrant,"INC + approaching renewal — ACER as fresh, cooperative alternative"
Shiva Polytubes Pvt. Ltd.,Short-term loan,ICRA,A 4,2025-09-24,MEDIUM,Steel & Metals,YES,BRICKWORK | ICRA | IND-RA,3,Non-government debt | Short-term loan,Reaffirmed,D365,5,INC — issuer not cooperating with current rater | Rating approaching renewal (6-12 months) | Multi-agency — open to new entrant,"INC + approaching renewal — ACER as fresh, cooperative alternative"
Shree Bholey Alloys Pvt. Ltd.,Bank Guarantee,CRISIL,A 3,2025-07-18,MEDIUM,Steel & Metals,YES,ACUITE | BRICKWORK | CRISIL,3,Bank Guarantee | Fund based financial facility/instrument | Letter Of credit | Term loans,Reaffirmed,D365,5,INC — issuer not cooperating with current rater | Rating approaching renewal (6-12 months) | Multi-agency — open to new entrant,"INC + approaching renewal — ACER as fresh, cooperative alternative"
Shree Krishna Rolling Mills (Jaipur) Ltd.,Bank Guarantee,CRISIL,A 4,2025-12-18,MEDIUM,Steel & Metals,YES,BRICKWORK | CRISIL,2,Bank Guarantee | Fund based financial facility/instrument | Term loans,Reaffirmed,D365,5,INC — issuer not cooperating with current rater | Rating approaching renewal (6-12 months) | Multi-agency — open to new entrant,"INC + approaching renewal — ACER as fresh, cooperative alternative"
Shree Nakoda Infrasteel Pvt. Ltd.,Bank Guarantee,CARE,A 4,2025-11-28,MEDIUM,Steel & Metals,YES,ACUITE | CARE,2,Bank Guarantee | Long term Loans | Term loans,Reaffirmed,D365,5,INC — issuer not cooperating with current rater | Rating approaching renewal (6-12 months) | Multi-agency — open to new entrant,"INC + approaching renewal — ACER as fresh, cooperative alternative"
Shree Parmeshwar Steels Pvt. Ltd.,Bank Guarantee,CRISIL,A 4+,2025-12-02,MEDIUM,Steel & Metals,YES,ACUITE | CRISIL,2,Bank Guarantee | Fund based financial facility/instrument | Long term Loans,Downgraded,D365,5,INC — issuer not cooperating with current rater | Rating approaching renewal (6-12 months) | Multi-agency — open to new entrant,"INC + approaching renewal — ACER as fresh, cooperative alternative"
Shree Somnath Iron & Power Pvt. Ltd.,Term loans,ICRA,B+,2025-05-23,HIGH,Steel & Metals,YES,ICRA,1,Term loans,Reaffirmed,D365,5,INC — issuer not cooperating with current rater | Rating overdue (>12 months),"ULTRA HOT — INC + overdue: current rater abandoned, ACER rescues in 15 days"
Shree Vasu Steels Pvt. Ltd.,Letter Of credit,BRICKWORK,A 4,2025-05-19,HIGH,Steel & Metals,YES,BRICKWORK,1,Letter Of credit | Term loans,Reaffirmed,D365,5,INC — issuer not cooperating with current rater | Rating overdue (>12 months),"ULTRA HOT — INC + overdue: current rater abandoned, ACER rescues in 15 days"
Shri Balaji Rollings Pvt. Ltd.,Bank Guarantee,BRICKWORK,A 4,2025-10-24,MEDIUM,Steel & Metals,YES,BRICKWORK | CARE,2,Bank Guarantee | Letter Of credit,Reaffirmed,D365,5,INC — issuer not cooperating with current rater | Rating approaching renewal (6-12 months) | Multi-agency — open to new entrant,"INC + approaching renewal — ACER as fresh, cooperative alternative"
Shri Khatu Shyam Alloys Pvt. Ltd.,Non-government debt,IND-RA,B-/A4,2025-08-21,MEDIUM,Steel & Metals,YES,CRISIL | IND-RA,2,Bank Guarantee | Non-government debt,Downgraded,D365,5,INC — issuer not cooperating with current rater | Rating approaching renewal (6-12 months) | Multi-agency — open to new entrant,"INC + approaching renewal — ACER as fresh, cooperative alternative"
Shubhlaxmi Casting Pvt. Ltd. [Merged],Bank Guarantee,BRICKWORK,A 4,2025-05-21,HIGH,Steel & Metals,YES,BRICKWORK,1,Bank Guarantee | Letter Of credit | Term loans,Reaffirmed,D365,5,INC — issuer not cooperating with current rater | Rating overdue (>12 months),"ULTRA HOT — INC + overdue: current rater abandoned, ACER rescues in 15 days"
Siddhi Ganesh Metal Pvt. Ltd.,Fund based financial facility/instrument,CRISIL,B,2025-05-29,HIGH,Steel & Metals,YES,CRISIL,1,Fund based financial facility/instrument,Downgraded,D365,5,INC — issuer not cooperating with current rater | Rating overdue (>12 months),"ULTRA HOT — INC + overdue: current rater abandoned, ACER rescues in 15 days"
Simplex Castings Ltd.,Bank Guarantee,CARE,C,2025-09-09,MEDIUM,Steel & Metals,YES,BRICKWORK | CARE | CRISIL | IND-RA,4,Bank Guarantee | Fund based financial facility/instrument | Letter Of credit | Non-fund based working capital limit | Non-fund-based financial facility/instrument | Term loans,Withdrawn,D365,5,INC — issuer not cooperating with current rater | Rating approaching renewal (6-12 months) | Multi-agency — open to new entrant,"INC + approaching renewal — ACER as fresh, cooperative alternative"
Sri Bhavani Castings Ltd.,Bank Guarantee,BRICKWORK,C,2025-10-29,MEDIUM,Steel & Metals,YES,BRICKWORK | CRISIL,2,Bank Guarantee | Term loans,Downgraded,D365,5,INC — issuer not cooperating with current rater | Rating approaching renewal (6-12 months) | Multi-agency — open to new entrant,"INC + approaching renewal — ACER as fresh, cooperative alternative"
Sri Kaliswari Metal Powders Pvt. Ltd.,Letter Of credit,CRISIL,A 4,2025-12-18,MEDIUM,Steel & Metals,YES,CRISIL | IND-RA,2,Letter Of credit | Long term Loans | Non-government debt,Reaffirmed,D365,5,INC — issuer not cooperating with current rater | Rating approaching renewal (6-12 months) | Multi-agency — open to new entrant,"INC + approaching renewal — ACER as fresh, cooperative alternative"
Steel Space Pvt. Ltd.,Fund based financial facility/instrument,BRICKWORK,B+,2025-05-13,HIGH,Steel & Metals,YES,BRICKWORK,1,Fund based financial facility/instrument,Downgraded,D365,5,INC — issuer not cooperating with current rater | Rating overdue (>12 months),"ULTRA HOT — INC + overdue: current rater abandoned, ACER rescues in 15 days"
Superfine Metals Pvt. Ltd.,Letter Of credit,ACUITE,D,2025-08-25,MEDIUM,Steel & Metals,YES,ACUITE | BRICKWORK,2,Letter Of credit | Term loans,Reaffirmed,D365,5,INC — issuer not cooperating with current rater | Rating approaching renewal (6-12 months) | Multi-agency — open to new entrant,"INC + approaching renewal — ACER as fresh, cooperative alternative"
Supra Steel & Power Pvt. Ltd.,Long term Loans,ACUITE,BB-,2025-05-19,HIGH,Steel & Metals,YES,ACUITE,1,Long term Loans | Term loans,Withdrawn,D365,5,INC — issuer not cooperating with current rater | Rating overdue (>12 months),"ULTRA HOT — INC + overdue: current rater abandoned, ACER rescues in 15 days"
Taloja Steel Service Centre Ltd.,Non-fund-based financial facility/instrument,ICRA,D,2025-05-21,HIGH,Steel & Metals,YES,ICRA,1,Non-fund-based financial facility/instrument | Term loans,Reaffirmed,D365,5,INC — issuer not cooperating with current rater | Rating overdue (>12 months),"ULTRA HOT — INC + overdue: current rater abandoned, ACER rescues in 15 days"
Technico Strips & Tubes Pvt. Ltd.,Letter Of credit,ACUITE,A 4,2025-08-26,MEDIUM,Steel & Metals,YES,ACUITE | CARE,2,Bank Guarantee | Letter Of credit | Long term Loans | Term loans,Reaffirmed,D365,5,INC — issuer not cooperating with current rater | Rating approaching renewal (6-12 months) | Multi-agency — open to new entrant,"INC + approaching renewal — ACER as fresh, cooperative alternative"
Tecknoweld Alloys (India) Pvt. Ltd.,Fund based financial facility/instrument,BRICKWORK,D,2025-05-16,HIGH,Steel & Metals,YES,BRICKWORK,1,Fund based financial facility/instrument | Letter Of credit | Term loans,Reaffirmed,D365,5,INC — issuer not cooperating with current rater | Rating overdue (>12 months),"ULTRA HOT — INC + overdue: current rater abandoned, ACER rescues in 15 days"
Thane Steels Ltd.,Non-government debt,CARE,BB/A4,2025-11-10,MEDIUM,Steel & Metals,YES,CARE | IND-RA,2,Non-government debt | Term loans,Reaffirmed,D365,5,INC — issuer not cooperating with current rater | Rating approaching renewal (6-12 months) | Multi-agency — open to new entrant,"INC + approaching renewal — ACER as fresh, cooperative alternative"
Universal Tube Accessories Pvt. Ltd.,Long term Loans,CRISIL,D,2025-09-15,MEDIUM,Steel & Metals,YES,CARE | CRISIL,2,Fund based financial facility/instrument | Long term Loans,Withdrawn,D365,5,INC — issuer not cooperating with current rater | Rating approaching renewal (6-12 months) | Multi-agency — open to new entrant,"INC + approaching renewal — ACER as fresh, cooperative alternative"
V S Multi Metal Pvt. Ltd. [Merged],Term loans,BRICKWORK,C,2025-05-26,HIGH,Steel & Metals,YES,BRICKWORK,1,Term loans,Reaffirmed,D365,5,INC — issuer not cooperating with current rater | Rating overdue (>12 months),"ULTRA HOT — INC + overdue: current rater abandoned, ACER rescues in 15 days"
Vaishnavi Ferro Tech Pvt. Ltd.,Long term Loans,CRISIL,B,2025-05-29,HIGH,Steel & Metals,YES,CRISIL,1,Long term Loans | Term loans,Reaffirmed,D365,5,INC — issuer not cooperating with current rater | Rating overdue (>12 months),"ULTRA HOT — INC + overdue: current rater abandoned, ACER rescues in 15 days"
Vaksh Steels Pvt. Ltd.,Bank Guarantee,BRICKWORK,D,2025-05-09,HIGH,Steel & Metals,YES,BRICKWORK,1,Bank Guarantee | Letter Of credit | Term loans,Reaffirmed,D365,5,INC — issuer not cooperating with current rater | Rating overdue (>12 months),"ULTRA HOT — INC + overdue: current rater abandoned, ACER rescues in 15 days"
Vandana Rolling Mills Pvt. Ltd.,Fund based financial facility/instrument,BRICKWORK,B,2025-09-02,MEDIUM,Steel & Metals,YES,BRICKWORK | CRISIL,2,Bank Guarantee | Fund based financial facility/instrument | Non-fund-based financial facility/instrument | Term loans,Reaffirmed,D365,5,INC — issuer not cooperating with current rater | Rating approaching renewal (6-12 months) | Multi-agency — open to new entrant,"INC + approaching renewal — ACER as fresh, cooperative alternative"
Vicor Stainless Pvt. Ltd. [Merged],Term loans,BRICKWORK,D,2025-05-26,HIGH,Steel & Metals,YES,BRICKWORK,1,Term loans,Reaffirmed,D365,5,INC — issuer not cooperating with current rater | Rating overdue (>12 months),"ULTRA HOT — INC + overdue: current rater abandoned, ACER rescues in 15 days"
Vikas Stainless Steel India Pvt. Ltd.,Term loans,CARE,D,2025-08-26,MEDIUM,Steel & Metals,YES,BRICKWORK | CARE,2,Fund based financial facility/instrument | Term loans,Reaffirmed,D365,5,INC — issuer not cooperating with current rater | Rating approaching renewal (6-12 months) | Multi-agency — open to new entrant,"INC + approaching renewal — ACER as fresh, cooperative alternative"
Vision Sponge Iron Pvt. Ltd.,Bank Guarantee,BRICKWORK,A 3,2025-05-16,HIGH,Steel & Metals,YES,BRICKWORK,1,Bank Guarantee | Letter Of credit,Reaffirmed,D365,5,INC — issuer not cooperating with current rater | Rating overdue (>12 months),"ULTRA HOT — INC + overdue: current rater abandoned, ACER rescues in 15 days"
Yazdani Steel & Power Ltd.,Bank Guarantee,ACUITE,A 4,2025-07-23,MEDIUM,Steel & Metals,YES,ACUITE | IND-RA,2,Bank Guarantee | Letter Of credit | Long term Loans | Non-fund based working capital limit | Term loans,Downgraded,D365,5,INC — issuer not cooperating with current rater | Rating approaching renewal (6-12 months) | Multi-agency — open to new entrant,"INC + approaching renewal — ACER as fresh, cooperative alternative"
A K S Alloys Pvt. Ltd.,Non-fund-based financial facility/instrument,ICRA,D,2025-08-26,MEDIUM,Steel & Metals,YES,ICRA,1,Non-fund-based financial facility/instrument | Short-term loan,Reaffirmed,D365,4,INC — issuer not cooperating with current rater | Rating approaching renewal (6-12 months),"INC + approaching renewal — ACER as fresh, cooperative alternative"
A T R Malleable Casting Pvt. Ltd.,Bank Guarantee,CRISIL,A 4,2025-11-20,MEDIUM,Steel & Metals,YES,CRISIL,1,Bank Guarantee | Letter Of credit,Reaffirmed,D365,4,INC — issuer not cooperating with current rater | Rating approaching renewal (6-12 months),"INC + approaching renewal — ACER as fresh, cooperative alternative"
Abdos Lamitubes Pvt. Ltd.,Long term Loans,CRISIL,B+,2025-07-10,MEDIUM,Steel & Metals,YES,CRISIL,1,Long term Loans,Reaffirmed,D365,4,INC — issuer not cooperating with current rater | Rating approaching renewal (6-12 months),"INC + approaching renewal — ACER as fresh, cooperative alternative"
Abha Power & Steel Ltd.,Term loans,ACUITE,B-,2025-11-10,MEDIUM,Steel & Metals,YES,ACUITE,1,Term loans,Downgraded,D365,4,INC — issuer not cooperating with current rater | Rating approaching renewal (6-12 months),"INC + approaching renewal — ACER as fresh, cooperative alternative"
Accent Metals Pvt. Ltd.,Non-fund based working capital limit,IND-RA,D,2025-06-25,MEDIUM,Steel & Metals,YES,IND-RA,1,Non-fund based working capital limit | Term loans,Reaffirmed,D365,4,INC — issuer not cooperating with current rater | Rating approaching renewal (6-12 months),"INC + approaching renewal — ACER as fresh, cooperative alternative"
Advance Metal Powder Pvt. Ltd.,Letter Of credit,CRISIL,A 4,2025-12-11,MEDIUM,Steel & Metals,YES,CRISIL,1,Letter Of credit,Reaffirmed,D365,4,INC — issuer not cooperating with current rater | Rating approaching renewal (6-12 months),"INC + approaching renewal — ACER as fresh, cooperative alternative"
Agrasen Iron & Steels Pvt. Ltd.,Non-government debt,CARE,BB+/A4+,2025-12-02,MEDIUM,Steel & Metals,YES,CARE,1,Non-government debt,Downgraded,D365,4,INC — issuer not cooperating with current rater | Rating approaching renewal (6-12 months),"INC + approaching renewal — ACER as fresh, cooperative alternative"
Agrawal Round Rolling Mills Ltd.,Long term Loans,CRISIL,B+,2025-08-11,MEDIUM,Steel & Metals,YES,CRISIL,1,Long term Loans,Reaffirmed,D365,4,INC — issuer not cooperating with current rater | Rating approaching renewal (6-12 months),"INC + approaching renewal — ACER as fresh, cooperative alternative"
Airan Steel & Power Pvt. Ltd.,Non-fund-based financial facility/instrument,ICRA,B+,2025-11-27,MEDIUM,Steel & Metals,YES,ICRA,1,Non-fund-based financial facility/instrument,Reaffirmed,D365,4,INC — issuer not cooperating with current rater | Rating approaching renewal (6-12 months),"INC + approaching renewal — ACER as fresh, cooperative alternative"
Airen Metals Pvt. Ltd.,Bank Guarantee,CARE,D,2026-01-09,LOW,Steel & Metals,YES,BRICKWORK | CARE,2,Bank Guarantee | Letter Of credit | Term loans,Reaffirmed,D365,4,INC — issuer not cooperating with current rater | Multi-agency — open to new entrant,"INC + approaching renewal — ACER as fresh, cooperative alternative"
Ajay Ingot Rolling Mill Pvt. Ltd.,Term loans,CARE,B,2026-02-03,LOW,Steel & Metals,YES,BRICKWORK | CARE | CRISIL,3,Fund based financial facility/instrument | Long term Loans | Term loans,Downgraded,D365,4,INC — issuer not cooperating with current rater | Multi-agency — open to new entrant,"INC + approaching renewal — ACER as fresh, cooperative alternative"
Akash Steel Crafts Pvt. Ltd.,Non-government debt,BRICKWORK,A 4,2025-10-24,MEDIUM,Steel & Metals,YES,BRICKWORK,1,Non-government debt,Reaffirmed,D365,4,INC — issuer not cooperating with current rater | Rating approaching renewal (6-12 months),"INC + approaching renewal — ACER as fresh, cooperative alternative"
Alaknanda Sponge Iron Ltd.,Non-government debt,IND-RA,B/A4,2025-08-21,MEDIUM,Steel & Metals,YES,IND-RA,1,Non-government debt,Downgraded,D365,4,INC — issuer not cooperating with current rater | Rating approaching renewal (6-12 months),"INC + approaching renewal — ACER as fresh, cooperative alternative"
Alokik Steels Pvt. Ltd.,Letter Of credit,BRICKWORK,A 4,2025-09-03,MEDIUM,Steel & Metals,YES,BRICKWORK,1,Letter Of credit | Term loans,Reaffirmed,D365,4,INC — issuer not cooperating with current rater | Rating approaching renewal (6-12 months),"INC + approaching renewal — ACER as fresh, cooperative alternative"
Ambekeshwar Steels Pvt. Ltd.,Term loans,IND-RA,B-,2025-06-25,MEDIUM,Steel & Metals,YES,IND-RA,1,Term loans,Downgraded,D365,4,INC — issuer not cooperating with current rater | Rating approaching renewal (6-12 months),"INC + approaching renewal — ACER as fresh, cooperative alternative"
Ambey Metallic Pvt. Ltd.,Bank Guarantee,ACUITE,A 4+,2025-07-07,MEDIUM,Steel & Metals,YES,ACUITE,1,Bank Guarantee | Letter Of credit,Downgraded,D365,4,INC — issuer not cooperating with current rater | Rating approaching renewal (6-12 months),"INC + approaching renewal — ACER as fresh, cooperative alternative"
Amit Iron Pvt. Ltd.,Fund based financial facility/instrument,ACUITE,D,2025-09-02,MEDIUM,Steel & Metals,YES,ACUITE,1,Fund based financial facility/instrument,Reaffirmed,D365,4,INC — issuer not cooperating with current rater | Rating approaching renewal (6-12 months),"INC + approaching renewal — ACER as fresh, cooperative alternative"
Angel Pipes & Tubes Pvt. Ltd.,Long term Loans,CRISIL,B,2025-07-10,MEDIUM,Steel & Metals,YES,CRISIL,1,Long term Loans,Reaffirmed,D365,4,INC — issuer not cooperating with current rater | Rating approaching renewal (6-12 months),"INC + approaching renewal — ACER as fresh, cooperative alternative"
Anshul Steels Ltd.,Bank Guarantee,BRICKWORK,D,2025-10-07,MEDIUM,Steel & Metals,YES,BRICKWORK,1,Bank Guarantee | Term loans,Reaffirmed,D365,4,INC — issuer not cooperating with current rater | Rating approaching renewal (6-12 months),"INC + approaching renewal — ACER as fresh, cooperative alternative"
Apex Tubes Pvt. Ltd.,Bank Guarantee,CARE,D,2025-08-07,MEDIUM,Steel & Metals,YES,CARE,1,Bank Guarantee,Reaffirmed,D365,4,INC — issuer not cooperating with current rater | Rating approaching renewal (6-12 months),"INC + approaching renewal — ACER as fresh, cooperative alternative"
Aqua Alloys Pvt. Ltd.,Bank Guarantee,CRISIL,A 4,2025-11-14,MEDIUM,Steel & Metals,YES,CRISIL,1,Bank Guarantee,Reaffirmed,D365,4,INC — issuer not cooperating with current rater | Rating approaching renewal (6-12 months),"INC + approaching renewal — ACER as fresh, cooperative alternative"
Aruna Alloy Steels Pvt. Ltd.,Term loans,CRISIL,B,2026-03-13,LOW,Steel & Metals,YES,CRISIL | IND-RA,2,Non-fund based working capital limit | Non-government debt | Term loans,Downgraded,D365,4,INC — issuer not cooperating with current rater | Multi-agency — open to new entrant,"INC + approaching renewal — ACER as fresh, cooperative alternative"
Arya Steels Rolling (India) Pvt. Ltd.,Letter Of credit,CRISIL,A 4,2026-04-21,LOW,Steel & Metals,YES,BRICKWORK | CARE | CRISIL,3,Bank Guarantee | Letter Of credit,Reaffirmed,D365,4,INC — issuer not cooperating with current rater | Multi-agency — open to new entrant,"INC + approaching renewal — ACER as fresh, cooperative alternative"
Asan Steels Pvt. Ltd.,Term loans,CRISIL,B,2025-08-29,MEDIUM,Steel & Metals,YES,CRISIL,1,Term loans,Reaffirmed,D365,4,INC — issuer not cooperating with current rater | Rating approaching renewal (6-12 months),"INC + approaching renewal — ACER as fresh, cooperative alternative"
B K Rolling Mills Pvt. Ltd.,Term loans,ACUITE,B-,2025-10-01,MEDIUM,Steel & Metals,YES,ACUITE,1,Term loans,Downgraded,D365,4,INC — issuer not cooperating with current rater | Rating approaching renewal (6-12 months),"INC + approaching renewal — ACER as fresh, cooperative alternative"
B M C Ferrocast Pvt. Ltd.,Long term Loans,CRISIL,B,2025-06-25,MEDIUM,Steel & Metals,YES,CRISIL,1,Long term Loans,Reaffirmed,D365,4,INC — issuer not cooperating with current rater | Rating approaching renewal (6-12 months),"INC + approaching renewal — ACER as fresh, cooperative alternative"
B P Alloys Ltd.,Bank Guarantee,CARE,A 4,2026-02-06,LOW,Steel & Metals,YES,BRICKWORK | CARE,2,Bank Guarantee | Letter Of credit | Term loans,Reaffirmed,D365,4,INC — issuer not cooperating with current rater | Multi-agency — open to new entrant,"INC + approaching renewal — ACER as fresh, cooperative alternative"
B S L Castings Pvt. Ltd.,Letter Of credit,CRISIL,A 4,2025-10-13,MEDIUM,Steel & Metals,YES,CRISIL,1,Letter Of credit | Term loans,Downgraded,D365,4,INC — issuer not cooperating with current rater | Rating approaching renewal (6-12 months),"INC + approaching renewal — ACER as fresh, cooperative alternative"
Baldeo Metals Pvt. Ltd.,Bank Guarantee,CRISIL,D,2025-11-18,MEDIUM,Steel & Metals,YES,CRISIL,1,Bank Guarantee | Fund based financial facility/instrument | Letter Of credit,Reaffirmed,D365,4,INC — issuer not cooperating with current rater | Rating approaching renewal (6-12 months),"INC + approaching renewal — ACER as fresh, cooperative alternative"
Baroda Hi-Tech Alloys Pvt. Ltd.,Bank Guarantee,CARE,A 4+,2025-10-07,MEDIUM,Steel & Metals,YES,CARE,1,Bank Guarantee | Non-fund-based financial facility/instrument,Downgraded,D365,4,INC — issuer not cooperating with current rater | Rating approaching renewal (6-12 months),"INC + approaching renewal — ACER as fresh, cooperative alternative"
Bassi Alloys Pvt. Ltd.,Fund based financial facility/instrument,BRICKWORK,C,2025-10-17,MEDIUM,Steel & Metals,YES,BRICKWORK,1,Fund based financial facility/instrument | Term loans,Reaffirmed,D365,4,INC — issuer not cooperating with current rater | Rating approaching renewal (6-12 months),"INC + approaching renewal — ACER as fresh, cooperative alternative"
Beepath Castings Pvt. Ltd.,Bank Guarantee,CRISIL,A 4,2025-09-18,MEDIUM,Steel & Metals,YES,CRISIL,1,Bank Guarantee | Letter Of credit | Term loans,Reaffirmed,D365,4,INC — issuer not cooperating with current rater | Rating approaching renewal (6-12 months),"INC + approaching renewal — ACER as fresh, cooperative alternative"
Bhagatjee Steels Pvt. Ltd.,Letter Of credit,CARE,D,2025-11-19,MEDIUM,Steel & Metals,YES,CARE,1,Letter Of credit,Reaffirmed,D365,4,INC — issuer not cooperating with current rater | Rating approaching renewal (6-12 months),"INC + approaching renewal — ACER as fresh, cooperative alternative"
Bhagyalaxmi Steeltech Pvt. Ltd.,Fund based financial facility/instrument,CARE,B+,2026-02-04,LOW,Steel & Metals,YES,CARE | CRISIL,2,Fund based financial facility/instrument | Letter Of credit | Long term Loans,Downgraded,D365,4,INC — issuer not cooperating with current rater | Multi-agency — open to new entrant,"INC + approaching renewal — ACER as fresh, cooperative alternative"
Bhandari Foils & Tubes Ltd.,Letter Of credit,CARE,D,2025-09-08,MEDIUM,Steel & Metals,YES,CARE,1,Letter Of credit | Non-fund-based financial facility/instrument,Reaffirmed,D365,4,INC — issuer not cooperating with current rater | Rating approaching renewal (6-12 months),"INC + approaching renewal — ACER as fresh, cooperative alternative"
Bhandari Precision Forgings Pvt. Ltd.,Letter Of credit,CRISIL,A 4+,2025-10-23,MEDIUM,Steel & Metals,YES,CRISIL,1,Letter Of credit | Term loans,Reaffirmed,D365,4,INC — issuer not cooperating with current rater | Rating approaching renewal (6-12 months),"INC + approaching renewal — ACER as fresh, cooperative alternative"
Bhandari Steels Ltd.,Fund based financial facility/instrument,CRISIL,B+,2025-06-25,MEDIUM,Steel & Metals,YES,CRISIL,1,Fund based financial facility/instrument | Letter Of credit | Long term Loans,Reaffirmed,D365,4,INC — issuer not cooperating with current rater | Rating approaching renewal (6-12 months),"INC + approaching renewal — ACER as fresh, cooperative alternative"
Bharamari Steels Pvt. Ltd.,Non-government debt,IND-RA,B/A4,2025-08-21,MEDIUM,Steel & Metals,YES,IND-RA,1,Non-government debt,Downgraded,D365,4,INC — issuer not cooperating with current rater | Rating approaching renewal (6-12 months),"INC + approaching renewal — ACER as fresh, cooperative alternative"
Bhaskar Shrachi Alloys Ltd.,Non-government debt,IND-RA,D,2025-09-11,MEDIUM,Steel & Metals,YES,IND-RA,1,Non-government debt,Reaffirmed,D365,4,INC — issuer not cooperating with current rater | Rating approaching renewal (6-12 months),"INC + approaching renewal — ACER as fresh, cooperative alternative"
Bhola Ram Steels Pvt. Ltd.,Non-government debt,IND-RA,B-/A4,2025-08-21,MEDIUM,Steel & Metals,YES,IND-RA,1,Non-government debt,Downgraded,D365,4,INC — issuer not cooperating with current rater | Rating approaching renewal (6-12 months),"INC + approaching renewal — ACER as fresh, cooperative alternative"
Bholaram Metal Inds. Pvt. Ltd.,Bank Guarantee,BRICKWORK,A 4,2025-07-28,MEDIUM,Steel & Metals,YES,BRICKWORK,1,Bank Guarantee | Fund based financial facility/instrument | Letter Of credit | Term loans,Reaffirmed,D365,4,INC — issuer not cooperating with current rater | Rating approaching renewal (6-12 months),"INC + approaching renewal — ACER as fresh, cooperative alternative"
Bhupendra Steels Pvt. Ltd.,Letter Of credit,CRISIL,A 4,2025-10-24,MEDIUM,Steel & Metals,YES,CRISIL,1,Letter Of credit | Term loans,Downgraded,D365,4,INC — issuer not cooperating with current rater | Rating approaching renewal (6-12 months),"INC + approaching renewal — ACER as fresh, cooperative alternative"
Blue Stampings & Forgings Ltd.,Bank Guarantee,CRISIL,A 3+,2026-01-28,LOW,Steel & Metals,YES,ACUITE | CRISIL,2,Bank Guarantee | Letter Of credit | Long term Loans | Term loans,Upgraded,D365,4,INC — issuer not cooperating with current rater | Multi-agency — open to new entrant,"INC + approaching renewal — ACER as fresh, cooperative alternative"
Boparai Metals Pvt. Ltd.,Long term Loans,CRISIL,B,2025-10-06,MEDIUM,Steel & Metals,YES,CRISIL,1,Long term Loans,Reaffirmed,D365,4,INC — issuer not cooperating with current rater | Rating approaching renewal (6-12 months),"INC + approaching renewal — ACER as fresh, cooperative alternative"
Brahm (Alloys) Ltd.,Bank Guarantee,BRICKWORK,D,2025-09-25,MEDIUM,Steel & Metals,YES,BRICKWORK,1,Bank Guarantee | Letter Of credit,Reaffirmed,D365,4,INC — issuer not cooperating with current rater | Rating approaching renewal (6-12 months),"INC + approaching renewal — ACER as fresh, cooperative alternative"
Brahmaputra Metallics Ltd.,Letter Of credit,CARE,D,2026-02-04,LOW,Steel & Metals,YES,ACUITE | CARE,2,Letter Of credit | Term loans,Reaffirmed,D365,4,INC — issuer not cooperating with current rater | Multi-agency — open to new entrant,"INC + approaching renewal — ACER as fresh, cooperative alternative"
Brand Alloys Pvt. Ltd.,Bank Guarantee,BRICKWORK,A 4,2026-03-13,LOW,Steel & Metals,YES,BRICKWORK | CARE,2,Bank Guarantee | Fund based financial facility/instrument | Term loans,Reaffirmed,D365,4,INC — issuer not cooperating with current rater | Multi-agency — open to new entrant,"INC + approaching renewal — ACER as fresh, cooperative alternative"
Calcast Ferrous Ltd.,Bank Guarantee,CRISIL,A 4+,2025-07-15,MEDIUM,Steel & Metals,YES,CRISIL,1,Bank Guarantee | Letter Of credit,Downgraded,D365,4,INC — issuer not cooperating with current rater | Rating approaching renewal (6-12 months),"INC + approaching renewal — ACER as fresh, cooperative alternative"
Caspro Metal Inds. Pvt. Ltd.,Bank Guarantee,CRISIL,A 4,2026-01-12,LOW,Steel & Metals,YES,CRISIL | ICRA,2,Bank Guarantee | Term loans,Reaffirmed,D365,4,INC — issuer not cooperating with current rater | Multi-agency — open to new entrant,"INC + approaching renewal — ACER as fresh, cooperative alternative"
Castings Dynamics Ltd.,Non-government debt,CARE,D,2025-11-20,MEDIUM,Steel & Metals,YES,CARE,1,Non-government debt | Term loans,Reaffirmed,D365,4,INC — issuer not cooperating with current rater | Rating approaching renewal (6-12 months),"INC + approaching renewal — ACER as fresh, cooperative alternative"
Cemcon Casting Pvt. Ltd.,Bank Guarantee,CRISIL,A 4+,2025-10-07,MEDIUM,Steel & Metals,YES,CRISIL,1,Bank Guarantee | Term loans,Reaffirmed,D365,4,INC — issuer not cooperating with current rater | Rating approaching renewal (6-12 months),"INC + approaching renewal — ACER as fresh, cooperative alternative"
Champion Rolling Mill Pvt. Ltd.,Non-fund based working capital limit,IND-RA,A 4+,2025-06-25,MEDIUM,Steel & Metals,YES,IND-RA,1,Non-fund based working capital limit | Term loans,Reaffirmed,D365,4,INC — issuer not cooperating with current rater | Rating approaching renewal (6-12 months),"INC + approaching renewal — ACER as fresh, cooperative alternative"
Chinar Steel Segment Centre Pvt. Ltd.,Fund based financial facility/instrument,CRISIL,BBB-,2025-08-01,MEDIUM,Steel & Metals,YES,CRISIL,1,Bank Guarantee | Fund based financial facility/instrument,Upgraded,D365,4,INC — issuer not cooperating with current rater | Rating approaching renewal (6-12 months),"INC + approaching renewal — ACER as fresh, cooperative alternative"
Chintpurni Steels Pvt. Ltd.,Bank Guarantee,CRISIL,A 2,2026-02-05,LOW,Steel & Metals,YES,BRICKWORK | CARE | CRISIL,3,Bank Guarantee | Non-government debt | Term loans,Reaffirmed,D365,4,INC — issuer not cooperating with current rater | Multi-agency — open to new entrant,"INC + approaching renewal — ACER as fresh, cooperative alternative"
Crescent Foundry Co. Pvt. Ltd.,Term loans,CRISIL,A-,2025-11-06,MEDIUM,Steel & Metals,YES,CRISIL,1,Bank Guarantee | Term loans,Reaffirmed,D365,4,INC — issuer not cooperating with current rater | Rating approaching renewal (6-12 months),"INC + approaching renewal — ACER as fresh, cooperative alternative"
Dadiji Steels Pvt. Ltd.,Bank Guarantee,CRISIL,A 4,2025-08-14,MEDIUM,Steel & Metals,YES,CRISIL,1,Bank Guarantee | Letter Of credit | Long term Loans | Term loans,Reaffirmed,D365,4,INC — issuer not cooperating with current rater | Rating approaching renewal (6-12 months),"INC + approaching renewal — ACER as fresh, cooperative alternative"
Damani Castings Pvt. Ltd.,Bank Guarantee,CRISIL,D,2025-08-26,MEDIUM,Steel & Metals,YES,CRISIL,1,Bank Guarantee,Reaffirmed,D365,4,INC — issuer not cooperating with current rater | Rating approaching renewal (6-12 months),"INC + approaching renewal — ACER as fresh, cooperative alternative"
Deccan Ferro Alloys Pvt. Ltd.,Letter Of credit,ACUITE,A 2,2025-07-04,MEDIUM,Steel & Metals,YES,ACUITE,1,Letter Of credit | Long term Loans,Upgraded,D365,4,INC — issuer not cooperating with current rater | Rating approaching renewal (6-12 months),"INC + approaching renewal — ACER as fresh, cooperative alternative"
Delta Iron & Steel Co. Pvt. Ltd.,Letter Of credit,CRISIL,D,2025-12-10,MEDIUM,Steel & Metals,YES,CRISIL,1,Letter Of credit,Reaffirmed,D365,4,INC — issuer not cooperating with current rater | Rating approaching renewal (6-12 months),"INC + approaching renewal — ACER as fresh, cooperative alternative"
Devi Iron & Power Pvt. Ltd.,Non-fund-based financial facility/instrument,ICRA,A 4,2026-04-21,LOW,Steel & Metals,YES,CARE | ICRA,2,Letter Of credit | Non-fund-based financial facility/instrument | Term loans,Withdrawn,D365,4,INC — issuer not cooperating with current rater | Multi-agency — open to new entrant,"INC + approaching renewal — ACER as fresh, cooperative alternative"
Dewas Metal Sections Ltd.,Bank Guarantee,CRISIL,A 4+,2026-01-13,LOW,Steel & Metals,YES,BRICKWORK | CRISIL,2,Bank Guarantee | Fund based financial facility/instrument | Letter Of credit | Term loans,Reaffirmed,D365,4,INC — issuer not cooperating with current rater | Multi-agency — open to new entrant,"INC + approaching renewal — ACER as fresh, cooperative alternative"
Dhariwal Steel Pvt. Ltd.,Bank Guarantee,CARE,A 4,2025-11-20,MEDIUM,Steel & Metals,YES,CARE,1,Bank Guarantee | Letter Of credit | Term loans,Reaffirmed,D365,4,INC — issuer not cooperating with current rater | Rating approaching renewal (6-12 months),"INC + approaching renewal — ACER as fresh, cooperative alternative"
E L E C Steel Processing Inds. Ltd.,Letter Of credit,ACUITE,A 4+,2025-09-17,MEDIUM,Steel & Metals,YES,ACUITE,1,Fund based financial facility/instrument | Letter Of credit | Short-term loan | Term loans,Withdrawn,D365,4,INC — issuer not cooperating with current rater | Rating approaching renewal (6-12 months),"INC + approaching renewal — ACER as fresh, cooperative alternative"
Eagle Steel Inds. Pvt. Ltd.,Long term Loans,CRISIL,B,2025-09-10,MEDIUM,Steel & Metals,YES,CRISIL,1,Long term Loans,Reaffirmed,D365,4,INC — issuer not cooperating with current rater | Rating approaching renewal (6-12 months),"INC + approaching renewal — ACER as fresh, cooperative alternative"
Emjay Steel Udyyog Pvt. Ltd.,Non-fund based working capital limit,IND-RA,A 4,2025-06-25,MEDIUM,Steel & Metals,YES,IND-RA,1,Non-fund based working capital limit | Term loans,Downgraded,D365,4,INC — issuer not cooperating with current rater | Rating approaching renewal (6-12 months),"INC + approaching renewal — ACER as fresh, cooperative alternative"
Emkay Forgings Pvt. Ltd.,Long term Loans,CRISIL,B,2025-08-11,MEDIUM,Steel & Metals,YES,CRISIL,1,Long term Loans,Downgraded,D365,4,INC — issuer not cooperating with current rater | Rating approaching renewal (6-12 months),"INC + approaching renewal — ACER as fresh, cooperative alternative"
Environ Speciality Chemicals Pvt. Ltd.,Non-government debt,CARE,BB+/A4,2026-04-07,LOW,Steel & Metals,YES,CARE | CRISIL,2,Non-government debt | Term loans,Reaffirmed,D365,4,INC — issuer not cooperating with current rater | Multi-agency — open to new entrant,"INC + approaching renewal — ACER as fresh, cooperative alternative"
Eswari Global Metal Inds. Pvt. Ltd.,Letter Of credit,ACUITE,A 4+,2025-07-07,MEDIUM,Steel & Metals,YES,ACUITE,1,Letter Of credit | Long term Loans,Downgraded,D365,4,INC — issuer not cooperating with current rater | Rating approaching renewal (6-12 months),"INC + approaching renewal — ACER as fresh, cooperative alternative"
Everon Castings Pvt. Ltd.,Non-government debt,IND-RA,C/A4,2026-04-02,LOW,Steel & Metals,YES,ACUITE | IND-RA,2,Bank Guarantee | Non-government debt | Term loans,Reaffirmed,D365,4,INC — issuer not cooperating with current rater | Multi-agency — open to new entrant,"INC + approaching renewal — ACER as fresh, cooperative alternative"
Exclusive Steel & Casting Ltd.,Bank Guarantee,CARE,A 4,2025-08-12,MEDIUM,Steel & Metals,YES,CARE,1,Bank Guarantee | Non-government debt,Reaffirmed,D365,4,INC — issuer not cooperating with current rater | Rating approaching renewal (6-12 months),"INC + approaching renewal — ACER as fresh, cooperative alternative"
Ferromet Steels Pvt. Ltd.,Term loans,ACUITE,D,2026-04-13,LOW,Steel & Metals,YES,ACUITE | ICRA,2,Long term Loans | Non-fund-based financial facility/instrument | Short-term loan | Term loans,Reaffirmed,D365,4,INC — issuer not cooperating with current rater | Multi-agency — open to new entrant,"INC + approaching renewal — ACER as fresh, cooperative alternative"
G B R Metals Pvt. Ltd.,Fund based financial facility/instrument,BRICKWORK,BBB,2025-12-22,LOW,Steel & Metals,YES,BRICKWORK | CARE,2,Fund based financial facility/instrument | Letter Of credit | Non-government debt,Upgraded,D365,4,INC — issuer not cooperating with current rater | Multi-agency — open to new entrant,"INC + approaching renewal — ACER as fresh, cooperative alternative"
G D Metsteel Pvt. Ltd.,Fund based financial facility/instrument,CARE,B-,2025-10-16,MEDIUM,Steel & Metals,YES,CARE,1,Fund based financial facility/instrument | Term loans,Downgraded,D365,4,INC — issuer not cooperating with current rater | Rating approaching renewal (6-12 months),"INC + approaching renewal — ACER as fresh, cooperative alternative"
G S Alloy Castings Pvt. Ltd.,Bank Guarantee,CRISIL,A 4,2025-09-23,MEDIUM,Steel & Metals,YES,CRISIL,1,Bank Guarantee | Letter Of credit | Long term Loans,Reaffirmed,D365,4,INC — issuer not cooperating with current rater | Rating approaching renewal (6-12 months),"INC + approaching renewal — ACER as fresh, cooperative alternative"
G S N Ferro Alloys Pvt. Ltd.,Non-government debt,IND-RA,D,2025-08-21,MEDIUM,Steel & Metals,YES,IND-RA,1,Non-government debt,Reaffirmed,D365,4,INC — issuer not cooperating with current rater | Rating approaching renewal (6-12 months),"INC + approaching renewal — ACER as fresh, cooperative alternative"
Gajanan Iron Pvt. Ltd.,Bank Guarantee,CARE,A 4,2026-02-26,LOW,Steel & Metals,YES,ACUITE | CARE,2,Bank Guarantee | Long term Loans | Term loans,Reaffirmed,D365,4,INC — issuer not cooperating with current rater | Multi-agency — open to new entrant,"INC + approaching renewal — ACER as fresh, cooperative alternative"
Gajlaxmi Steel Pvt. Ltd.,Bank Guarantee,BRICKWORK,A 4,2025-12-26,LOW,Steel & Metals,YES,BRICKWORK | CARE,2,Bank Guarantee,Reaffirmed,D365,4,INC — issuer not cooperating with current rater | Multi-agency — open to new entrant,"INC + approaching renewal — ACER as fresh, cooperative alternative"
Gangajamuna Steel Pvt. Ltd.,Letter Of credit,CRISIL,A 4,2025-11-12,MEDIUM,Steel & Metals,YES,CRISIL,1,Letter Of credit,Reaffirmed,D365,4,INC — issuer not cooperating with current rater | Rating approaching renewal (6-12 months),"INC + approaching renewal — ACER as fresh, cooperative alternative"
Ganpati Sponge Iron Pvt. Ltd.,Letter Of credit,ACUITE,A 3+,2025-10-15,MEDIUM,Steel & Metals,YES,ACUITE,1,Letter Of credit | Term loans,Downgraded,D365,4,INC — issuer not cooperating with current rater | Rating approaching renewal (6-12 months),"INC + approaching renewal — ACER as fresh, cooperative alternative"
Gokul Steels Pvt. Ltd.,Long term Loans,CRISIL,D,2026-03-18,LOW,Steel & Metals,YES,CRISIL | IND-RA,2,Long term Loans | Term loans,Reaffirmed,D365,4,INC — issuer not cooperating with current rater | Multi-agency — open to new entrant,"INC + approaching renewal — ACER as fresh, cooperative alternative"
Gold Range Castings Pvt. Ltd.,Long term Loans,CRISIL,B+,2025-11-12,MEDIUM,Steel & Metals,YES,CRISIL,1,Long term Loans,Reaffirmed,D365,4,INC — issuer not cooperating with current rater | Rating approaching renewal (6-12 months),"INC + approaching renewal — ACER as fresh, cooperative alternative"
Gold Star Steels Pvt. Ltd.,Non-fund-based financial facility/instrument,ICRA,D,2026-02-24,LOW,Steel & Metals,YES,ICRA | IND-RA,2,Non-fund-based financial facility/instrument | Non-government debt,Reaffirmed,D365,4,INC — issuer not cooperating with current rater | Multi-agency — open to new entrant,"INC + approaching renewal — ACER as fresh, cooperative alternative"
Gunina Alloy & Steel Pvt. Ltd.,Bank Guarantee,CRISIL,A 4,2025-07-28,MEDIUM,Steel & Metals,YES,CRISIL,1,Bank Guarantee | Long term Loans,Reaffirmed,D365,4,INC — issuer not cooperating with current rater | Rating approaching renewal (6-12 months),"INC + approaching renewal — ACER as fresh, cooperative alternative"
H A Q Steels Pvt. Ltd.,Term loans,ACUITE,B-,2026-03-06,LOW,Steel & Metals,YES,ACUITE | CARE | IND-RA,3,Fund based financial facility/instrument | Non-fund-based financial facility/instrument | Non-government debt | Term loans,Downgraded,D365,4,INC — issuer not cooperating with current rater | Multi-agency — open to new entrant,"INC + approaching renewal — ACER as fresh, cooperative alternative"
H F Metalart Pvt. Ltd.,Bank Guarantee,ACUITE,A 4,2026-01-20,LOW,Steel & Metals,YES,ACUITE | CRISIL,2,Bank Guarantee,Reaffirmed,D365,4,INC — issuer not cooperating with current rater | Multi-agency — open to new entrant,"INC + approaching renewal — ACER as fresh, cooperative alternative"
H M R Steels Pvt. Ltd.,Term loans,IND-RA,D,2026-03-06,LOW,Steel & Metals,YES,CRISIL | IND-RA,2,Fund based financial facility/instrument | Term loans,Withdrawn,D365,4,INC — issuer not cooperating with current rater | Multi-agency — open to new entrant,"INC + approaching renewal — ACER as fresh, cooperative alternative"
H M Steels Ltd.,Bank Guarantee,ACUITE,A 4,2026-03-05,LOW,Steel & Metals,YES,ACUITE | BRICKWORK,2,Bank Guarantee | Fund based financial facility/instrument | Letter Of credit | Long term Loans,Reaffirmed,D365,4,INC — issuer not cooperating with current rater | Multi-agency — open to new entrant,"INC + approaching renewal — ACER as fresh, cooperative alternative"
Haldia Steels Pvt. Ltd.,Bank Guarantee,BRICKWORK,A 4,2026-03-06,LOW,Steel & Metals,YES,BRICKWORK | CARE,2,Bank Guarantee | Fund based financial facility/instrument | Letter Of credit | Term loans,Reaffirmed,D365,4,INC — issuer not cooperating with current rater | Multi-agency — open to new entrant,"INC + approaching renewal — ACER as fresh, cooperative alternative"
Hella Infra Market Metal Pvt. Ltd.,Bank Guarantee,BRICKWORK,D,2025-08-18,MEDIUM,Steel & Metals,YES,BRICKWORK,1,Bank Guarantee | Term loans,Reaffirmed,D365,4,INC — issuer not cooperating with current rater | Rating approaching renewal (6-12 months),"INC + approaching renewal — ACER as fresh, cooperative alternative"
Hi Tech Ferrous & Non Ferrous India Pvt. Ltd.,Term loans,ACUITE,D,2025-10-24,MEDIUM,Steel & Metals,YES,ACUITE,1,Long term Loans | Term loans,Reaffirmed,D365,4,INC — issuer not cooperating with current rater | Rating approaching renewal (6-12 months),"INC + approaching renewal — ACER as fresh, cooperative alternative"
Hindustan Coils Ltd.,Term loans,CARE,BB-,2025-12-04,MEDIUM,Steel & Metals,YES,CARE,1,Term loans,Withdrawn,D365,4,INC — issuer not cooperating with current rater | Rating approaching renewal (6-12 months),"INC + approaching renewal — ACER as fresh, cooperative alternative"
Hindustan Ferro Alloy Inds. Pvt. Ltd.,Non-fund based working capital limit,IND-RA,A 4,2025-06-25,MEDIUM,Steel & Metals,YES,IND-RA,1,Non-fund based working capital limit,Downgraded,D365,4,INC — issuer not cooperating with current rater | Rating approaching renewal (6-12 months),"INC + approaching renewal — ACER as fresh, cooperative alternative"
Hindusthan Calcined Metals Pvt. Ltd.,Fund based financial facility/instrument,ICRA,A 4,2026-01-19,LOW,Steel & Metals,YES,BRICKWORK | ICRA,2,Fund based financial facility/instrument | Letter Of credit | Non-fund-based financial facility/instrument,Reaffirmed,D365,4,INC — issuer not cooperating with current rater | Multi-agency — open to new entrant,"INC + approaching renewal — ACER as fresh, cooperative alternative"
Hy Tuf Steels Pvt. Ltd.,Non-fund based working capital limit,IND-RA,A 4+,2025-06-25,MEDIUM,Steel & Metals,YES,IND-RA,1,Non-fund based working capital limit | Term loans,Reaffirmed,D365,4,INC — issuer not cooperating with current rater | Rating approaching renewal (6-12 months),"INC + approaching renewal — ACER as fresh, cooperative alternative"
Ilasakaa Steels Ltd.,Letter Of credit,BRICKWORK,D,2026-03-11,LOW,Steel & Metals,YES,BRICKWORK | CARE | CRISIL,3,Letter Of credit | Long term Loans,Reaffirmed,D365,4,INC — issuer not cooperating with current rater | Multi-agency — open to new entrant,"INC + approaching renewal — ACER as fresh, cooperative alternative"
Imperial Tubes Pvt. Ltd.,Non-fund-based financial facility/instrument,ICRA,D,2026-04-16,LOW,Steel & Metals,YES,BRICKWORK | ICRA | IND-RA,3,Bank Guarantee | Letter Of credit | Non-fund-based financial facility/instrument | Non-government debt,Reaffirmed,D365,4,INC — issuer not cooperating with current rater | Multi-agency — open to new entrant,"INC + approaching renewal — ACER as fresh, cooperative alternative"
Indo Sponge Power & Steel Ltd.,Term loans,IND-RA,D,2025-09-11,MEDIUM,Steel & Metals,YES,IND-RA,1,Term loans,Reaffirmed,D365,4,INC — issuer not cooperating with current rater | Rating approaching renewal (6-12 months),"INC + approaching renewal — ACER as fresh, cooperative alternative"
Industrial Forging Inds. Pvt. Ltd.,Non-fund-based financial facility/instrument,ICRA,A 4,2025-09-18,MEDIUM,Steel & Metals,YES,ICRA,1,Non-fund-based financial facility/instrument | Non-government debt,Reaffirmed,D365,4,INC — issuer not cooperating with current rater | Rating approaching renewal (6-12 months),"INC + approaching renewal — ACER as fresh, cooperative alternative"
Innovative Tyres & Tubes Ltd.,Non-fund based working capital limit,IND-RA,D,2025-06-25,MEDIUM,Steel & Metals,YES,IND-RA,1,Non-fund based working capital limit | Term loans,Reaffirmed,D365,4,INC — issuer not cooperating with current rater | Rating approaching renewal (6-12 months),"INC + approaching renewal — ACER as fresh, cooperative alternative"
Iron Triangle Ltd.,Non-fund-based financial facility/instrument,ICRA,A 4,2026-02-05,LOW,Steel & Metals,YES,CARE | CRISIL | ICRA,3,Bank Guarantee | Fund based financial facility/instrument | Non-fund-based financial facility/instrument | Non-government debt | Term loans,Reaffirmed,D365,4,INC — issuer not cooperating with current rater | Multi-agency — open to new entrant,"INC + approaching renewal — ACER as fresh, cooperative alternative"
J B Rolling Mills Ltd.,Bank Guarantee,CRISIL,A 2,2026-04-10,LOW,Steel & Metals,YES,BRICKWORK | CARE | CRISIL,3,Bank Guarantee | Letter Of credit | Long term Loans | Non-fund-based financial facility/instrument | Term loans,Reaffirmed,D365,4,INC — issuer not cooperating with current rater | Multi-agency — open to new entrant,"INC + approaching renewal — ACER as fresh, cooperative alternative"
J S Auto Cast Foundry India Pvt. Ltd.,Letter Of credit,ACUITE,A 4,2026-02-02,LOW,Steel & Metals,YES,ACUITE | CRISIL | ICRA,3,Letter Of credit | Non-government debt | Term loans,Reaffirmed,D365,4,INC — issuer not cooperating with current rater | Multi-agency — open to new entrant,"INC + approaching renewal — ACER as fresh, cooperative alternative"
J S B Aluminium Pvt. Ltd.,Term loans,CARE,BB,2026-03-06,LOW,Steel & Metals,YES,CARE | ICRA,2,Term loans,Withdrawn,D365,4,INC — issuer not cooperating with current rater | Multi-agency — open to new entrant,"INC + approaching renewal — ACER as fresh, cooperative alternative"
Jagdamba Liquified Steels Ltd.,Bank Guarantee,ACUITE,D,2026-02-24,LOW,Steel & Metals,YES,ACUITE | BRICKWORK | CRISIL,3,Bank Guarantee | Long term Loans | Term loans,Reaffirmed,D365,4,INC — issuer not cooperating with current rater | Multi-agency — open to new entrant,"INC + approaching renewal — ACER as fresh, cooperative alternative"
Jai Durga Iron Pvt. Ltd.,Letter Of credit,CRISIL,A 4,2026-02-25,LOW,Steel & Metals,YES,ACUITE | CRISIL,2,Letter Of credit | Long term Loans,Reaffirmed,D365,4,INC — issuer not cooperating with current rater | Multi-agency — open to new entrant,"INC + approaching renewal — ACER as fresh, cooperative alternative"
Jai Ganesh Ispat & Ferro Alloys Pvt. Ltd.,Term loans,IND-RA,B-,2025-12-19,MEDIUM,Steel & Metals,YES,IND-RA,1,Term loans,Downgraded,D365,4,INC — issuer not cooperating with current rater | Rating approaching renewal (6-12 months),"INC + approaching renewal — ACER as fresh, cooperative alternative"
Jai Mata Bala Sundari Steels Pvt. Ltd.,Fund based financial facility/instrument,CRISIL,B,2026-04-20,LOW,Steel & Metals,YES,BRICKWORK | CRISIL,2,Fund based financial facility/instrument | Letter Of credit,Reaffirmed,D365,4,INC — issuer not cooperating with current rater | Multi-agency — open to new entrant,"INC + approaching renewal — ACER as fresh, cooperative alternative"
Jaikrishna Steel Pvt. Ltd.,Long term Loans,CRISIL,B,2025-08-11,MEDIUM,Steel & Metals,YES,CRISIL,1,Long term Loans,Reaffirmed,D365,4,INC — issuer not cooperating with current rater | Rating approaching renewal (6-12 months),"INC + approaching renewal — ACER as fresh, cooperative alternative"
Jay Vijay Metals Pvt. Ltd.,Letter Of credit,ACUITE,D,2025-10-03,MEDIUM,Steel & Metals,YES,ACUITE,1,Letter Of credit | Term loans,Reaffirmed,D365,4,INC — issuer not cooperating with current rater | Rating approaching renewal (6-12 months),"INC + approaching renewal — ACER as fresh, cooperative alternative"
Jaydeep Tubes Pvt. Ltd.,Term loans,IND-RA,B-,2025-08-21,MEDIUM,Steel & Metals,YES,IND-RA,1,Term loans,Reaffirmed,D365,4,INC — issuer not cooperating with current rater | Rating approaching renewal (6-12 months),"INC + approaching renewal — ACER as fresh, cooperative alternative"
Jogindra Castings Pvt. Ltd.,Non-fund based working capital limit,IND-RA,A 4+,2025-06-25,MEDIUM,Steel & Metals,YES,IND-RA,1,Non-fund based working capital limit,Reaffirmed,D365,4,INC — issuer not cooperating with current rater | Rating approaching renewal (6-12 months),"INC + approaching renewal — ACER as fresh, cooperative alternative"
Jove Steels Pvt. Ltd.,Letter Of credit,BRICKWORK,A 4,2025-07-31,MEDIUM,Steel & Metals,YES,BRICKWORK,1,Letter Of credit,Reaffirmed,D365,4,INC — issuer not cooperating with current rater | Rating approaching renewal (6-12 months),"INC + approaching renewal — ACER as fresh, cooperative alternative"
K P C Flexi Tubes Pvt. Ltd.,Letter Of credit,CRISIL,A 4,2025-10-31,MEDIUM,Steel & Metals,YES,CRISIL,1,Letter Of credit | Term loans,Reaffirmed,D365,4,INC — issuer not cooperating with current rater | Rating approaching renewal (6-12 months),"INC + approaching renewal — ACER as fresh, cooperative alternative"
K2 Metals Pvt. Ltd.,Letter Of credit,ACUITE,D,2026-04-17,LOW,Steel & Metals,YES,ACUITE | ICRA,2,Letter Of credit | Long term Loans | Non-fund-based financial facility/instrument | Term loans,Reaffirmed,D365,4,INC — issuer not cooperating with current rater | Multi-agency — open to new entrant,"INC + approaching renewal — ACER as fresh, cooperative alternative"
Kaizen Cold Formed Steel Pvt. Ltd.,Bank Guarantee,CARE,A 4,2026-02-03,LOW,Steel & Metals,YES,CARE | IND-RA,2,Bank Guarantee | Letter Of credit | Non-fund-based financial facility/instrument | Non-government debt,Reaffirmed,D365,4,INC — issuer not cooperating with current rater | Multi-agency — open to new entrant,"INC + approaching renewal — ACER as fresh, cooperative alternative"
Kalapurna Steel & Engg. Pvt. Ltd.,Bank Guarantee,CRISIL,A 4,2025-06-19,MEDIUM,Steel & Metals,YES,CRISIL,1,Bank Guarantee | Letter Of credit,Reaffirmed,D365,4,INC — issuer not cooperating with current rater | Rating approaching renewal (6-12 months),"INC + approaching renewal — ACER as fresh, cooperative alternative"
Kama Metal & Alloys Pvt. Ltd.,Long term Loans,CRISIL,D,2026-03-18,LOW,Steel & Metals,YES,BRICKWORK | CARE | CRISIL,3,Bank Guarantee | Fund based financial facility/instrument | Long term Loans | Term loans,Reaffirmed,D365,4,INC — issuer not cooperating with current rater | Multi-agency — open to new entrant,"INC + approaching renewal — ACER as fresh, cooperative alternative"
Kamachi Steels Pvt. Ltd.,Letter Of credit,ACUITE,D,2025-07-30,MEDIUM,Steel & Metals,YES,ACUITE,1,Letter Of credit,Reaffirmed,D365,4,INC — issuer not cooperating with current rater | Rating approaching renewal (6-12 months),"INC + approaching renewal — ACER as fresh, cooperative alternative"
Kannappan Alloy & Steel Co. Pvt. Ltd.,Letter Of credit,CRISIL,A 4,2026-03-20,LOW,Steel & Metals,YES,ACUITE | CRISIL,2,Letter Of credit | Long term Loans | Term loans,Reaffirmed,D365,4,INC — issuer not cooperating with current rater | Multi-agency — open to new entrant,"INC + approaching renewal — ACER as fresh, cooperative alternative"
Kansara Popatlal Tibhovandas Metal Pvt. Ltd.,Long term Loans,CRISIL,B,2025-09-26,MEDIUM,Steel & Metals,YES,CRISIL,1,Long term Loans | Term loans,Reaffirmed,D365,4,INC — issuer not cooperating with current rater | Rating approaching renewal (6-12 months),"INC + approaching renewal — ACER as fresh, cooperative alternative"
Karthik Alloys Ltd.,Bank Guarantee,CARE,D,2025-08-01,MEDIUM,Steel & Metals,YES,CARE,1,Bank Guarantee,Reaffirmed,D365,4,INC — issuer not cooperating with current rater | Rating approaching renewal (6-12 months),"INC + approaching renewal — ACER as fresh, cooperative alternative"
Kay Bee Indl. Alloys Pvt. Ltd.,Bank Guarantee,CRISIL,A 4,2025-06-19,MEDIUM,Steel & Metals,YES,CRISIL,1,Bank Guarantee | Short-term loan,Reaffirmed,D365,4,INC — issuer not cooperating with current rater | Rating approaching renewal (6-12 months),"INC + approaching renewal — ACER as fresh, cooperative alternative"
Kay E M Copper Pvt. Ltd.,Bank Guarantee,BRICKWORK,D,2025-06-24,MEDIUM,Steel & Metals,YES,BRICKWORK,1,Bank Guarantee | Non-fund-based financial facility/instrument | Term loans,Reaffirmed,D365,4,INC — issuer not cooperating with current rater | Rating approaching renewal (6-12 months),"INC + approaching renewal — ACER as fresh, cooperative alternative"
Kay Jay Forgings Ltd.,Term loans,CARE,A-,2026-03-04,LOW,Steel & Metals,YES,CARE | ICRA,2,Bank Guarantee | Non-fund-based financial facility/instrument | Non-government debt | Term loans,Reaffirmed,D365,4,INC — issuer not cooperating with current rater | Multi-agency — open to new entrant,"INC + approaching renewal — ACER as fresh, cooperative alternative"
Kedar Metals Pvt. Ltd.,Long term Loans,ACUITE,B,2026-03-13,LOW,Steel & Metals,YES,ACUITE | ICRA,2,Long term Loans | Non-fund-based financial facility/instrument,Downgraded,D365,4,INC — issuer not cooperating with current rater | Multi-agency — open to new entrant,"INC + approaching renewal — ACER as fresh, cooperative alternative"
Keshree Metalurgies Pvt. Ltd.,Fund based financial facility/instrument,CRISIL,B+,2025-08-25,MEDIUM,Steel & Metals,YES,CRISIL,1,Fund based financial facility/instrument,Reaffirmed,D365,4,INC — issuer not cooperating with current rater | Rating approaching renewal (6-12 months),"INC + approaching renewal — ACER as fresh, cooperative alternative"
Khayati Steel Inds. Ltd.,Bank Guarantee,ACUITE,A 3+,2026-04-22,LOW,Steel & Metals,YES,ACUITE | CARE,2,Bank Guarantee | Term loans,Initial Rating,D365,4,INC — issuer not cooperating with current rater | Multi-agency — open to new entrant,"INC + approaching renewal — ACER as fresh, cooperative alternative"
Krishna Coil Cutters Pvt. Ltd.,Fund based financial facility/instrument,CRISIL,BBB+,2026-03-18,LOW,Steel & Metals,YES,CRISIL | IND-RA,2,Fund based financial facility/instrument | Non-government debt,Reaffirmed,D365,4,INC — issuer not cooperating with current rater | Multi-agency — open to new entrant,"INC + approaching renewal — ACER as fresh, cooperative alternative"
Krishnaping Alloys Ltd.,Letter Of credit,CRISIL,D,2025-08-11,MEDIUM,Steel & Metals,YES,CRISIL,1,Letter Of credit,Reaffirmed,D365,4,INC — issuer not cooperating with current rater | Rating approaching renewal (6-12 months),"INC + approaching renewal — ACER as fresh, cooperative alternative"
L Madanlal (Aluminium) Ltd.,Letter Of credit,ACUITE,A 4,2026-04-15,LOW,Steel & Metals,YES,ACUITE | IND-RA,2,Letter Of credit | Non-fund based working capital limit,Reaffirmed,D365,4,INC — issuer not cooperating with current rater | Multi-agency — open to new entrant,"INC + approaching renewal — ACER as fresh, cooperative alternative"
Lahliwala Steels Pvt. Ltd.,Bank Guarantee,CRISIL,A 4,2025-09-12,MEDIUM,Steel & Metals,YES,CRISIL,1,Bank Guarantee | Long term Loans,Reaffirmed,D365,4,INC — issuer not cooperating with current rater | Rating approaching renewal (6-12 months),"INC + approaching renewal — ACER as fresh, cooperative alternative"
Lajjya Steels Ltd.,Long term Loans,CRISIL,D,2025-08-11,MEDIUM,Steel & Metals,YES,CRISIL,1,Long term Loans,Reaffirmed,D365,4,INC — issuer not cooperating with current rater | Rating approaching renewal (6-12 months),"INC + approaching renewal — ACER as fresh, cooperative alternative"
Lall Steels Pvt. Ltd.,Non-government debt,CARE,BB-/A4,2025-07-03,MEDIUM,Steel & Metals,YES,CARE,1,Non-government debt | Term loans,Downgraded,D365,4,INC — issuer not cooperating with current rater | Rating approaching renewal (6-12 months),"INC + approaching renewal — ACER as fresh, cooperative alternative"
Leading Metals Pvt. Ltd.,Bank Guarantee,CRISIL,A 4,2025-11-13,MEDIUM,Steel & Metals,YES,CRISIL,1,Bank Guarantee,Reaffirmed,D365,4,INC — issuer not cooperating with current rater | Rating approaching renewal (6-12 months),"INC + approaching renewal — ACER as fresh, cooperative alternative"
M I Alloys Pvt. Ltd.,Bank Guarantee,ACUITE,A 4,2025-07-30,MEDIUM,Steel & Metals,YES,ACUITE,1,Bank Guarantee | Term loans,Reaffirmed,D365,4,INC — issuer not cooperating with current rater | Rating approaching renewal (6-12 months),"INC + approaching renewal — ACER as fresh, cooperative alternative"
M S R Iron & Steel Inds. India Pvt. Ltd.,Bank Guarantee,CARE,A 4,2025-11-10,MEDIUM,Steel & Metals,YES,CARE,1,Bank Guarantee | Fund based financial facility/instrument | Non-fund-based financial facility/instrument | Term loans,Reaffirmed,D365,4,INC — issuer not cooperating with current rater | Rating approaching renewal (6-12 months),"INC + approaching renewal — ACER as fresh, cooperative alternative"
Maa Bhagawati Re-Rolling Mills Pvt. Ltd.,Term loans,IND-RA,B-,2026-01-16,LOW,Steel & Metals,YES,CARE | IND-RA,2,Term loans,Downgraded,D365,4,INC — issuer not cooperating with current rater | Multi-agency — open to new entrant,"INC + approaching renewal — ACER as fresh, cooperative alternative"
Madhav Copper Ltd.,Long term Loans,CRISIL,B-,2025-09-25,MEDIUM,Steel & Metals,YES,CRISIL,1,Long term Loans,Reaffirmed,D365,4,INC — issuer not cooperating with current rater | Rating approaching renewal (6-12 months),"INC + approaching renewal — ACER as fresh, cooperative alternative"
Magnum Steels Ltd.,Term loans,CARE,D,2025-09-23,MEDIUM,Steel & Metals,YES,CARE,1,Term loans,Reaffirmed,D365,4,INC — issuer not cooperating with current rater | Rating approaching renewal (6-12 months),"INC + approaching renewal — ACER as fresh, cooperative alternative"
Mahalaxmi Seamless Ltd.,Bank Guarantee,CRISIL,A 4,2025-11-27,MEDIUM,Steel & Metals,YES,CRISIL,1,Bank Guarantee | Letter Of credit,Reaffirmed,D365,4,INC — issuer not cooperating with current rater | Rating approaching renewal (6-12 months),"INC + approaching renewal — ACER as fresh, cooperative alternative"
Mahamaya Casting Pvt. Ltd.,Term loans,CRISIL,B,2025-08-11,MEDIUM,Steel & Metals,YES,CRISIL,1,Term loans,Reaffirmed,D365,4,INC — issuer not cooperating with current rater | Rating approaching renewal (6-12 months),"INC + approaching renewal — ACER as fresh, cooperative alternative"
Mangal Sponge & Steel Pvt. Ltd.,Non-fund-based financial facility/instrument,ICRA,A 4,2026-03-20,LOW,Steel & Metals,YES,BRICKWORK | CARE | CRISIL | ICRA,4,Bank Guarantee | Fund based financial facility/instrument | Letter Of credit | Non-fund-based financial facility/instrument | Term loans,Reaffirmed,D365,4,INC — issuer not cooperating with current rater | Multi-agency — open to new entrant,"INC + approaching renewal — ACER as fresh, cooperative alternative"
Mangalam Alloys Ltd.,Non-fund-based financial facility/instrument,BRICKWORK,A 4,2025-07-10,MEDIUM,Steel & Metals,YES,BRICKWORK,1,Fund based financial facility/instrument | Non-fund-based financial facility/instrument,Withdrawn,D365,4,INC — issuer not cooperating with current rater | Rating approaching renewal (6-12 months),"INC + approaching renewal — ACER as fresh, cooperative alternative"
Mangla Tubes Pvt. Ltd.,Letter Of credit,CRISIL,A 4,2025-07-17,MEDIUM,Steel & Metals,YES,CRISIL,1,Letter Of credit | Term loans,Reaffirmed,D365,4,INC — issuer not cooperating with current rater | Rating approaching renewal (6-12 months),"INC + approaching renewal — ACER as fresh, cooperative alternative"
Mark Alloys Pvt. Ltd.,Bank Guarantee,BRICKWORK,A 4,2025-12-04,MEDIUM,Steel & Metals,YES,BRICKWORK,1,Bank Guarantee | Term loans,Reaffirmed,D365,4,INC — issuer not cooperating with current rater | Rating approaching renewal (6-12 months),"INC + approaching renewal — ACER as fresh, cooperative alternative"
Marvelous Metals Pvt. Ltd.,Bank Guarantee,CARE,D,2025-11-21,MEDIUM,Steel & Metals,YES,CARE,1,Bank Guarantee | Non-government debt | Term loans,Downgraded,D365,4,INC — issuer not cooperating with current rater | Rating approaching renewal (6-12 months),"INC + approaching renewal — ACER as fresh, cooperative alternative"
Mascom Steel (India) Pvt. Ltd.,Term loans,IND-RA,B-,2025-07-18,MEDIUM,Steel & Metals,YES,IND-RA,1,Term loans,Reaffirmed,D365,4,INC — issuer not cooperating with current rater | Rating approaching renewal (6-12 months),"INC + approaching renewal — ACER as fresh, cooperative alternative"
Matsyodari Steel & Alloys Pvt. Ltd.,Bank Guarantee,CRISIL,A 4+,2026-01-07,LOW,Steel & Metals,YES,CARE | CRISIL,2,Bank Guarantee | Fund based financial facility/instrument | Non-government debt | Term loans,Withdrawn,D365,4,INC — issuer not cooperating with current rater | Multi-agency — open to new entrant,"INC + approaching renewal — ACER as fresh, cooperative alternative"
Maxim Tubes Co. Pvt. Ltd.,Non-fund based working capital limit,IND-RA,A 2,2025-07-01,MEDIUM,Steel & Metals,YES,IND-RA,1,Non-fund based working capital limit | Term loans,Withdrawn,D365,4,INC — issuer not cooperating with current rater | Rating approaching renewal (6-12 months),"INC + approaching renewal — ACER as fresh, cooperative alternative"
Mehta Intertrade Steels Pvt. Ltd.,Non-government debt,IND-RA,B-/A4,2025-09-11,MEDIUM,Steel & Metals,YES,IND-RA,1,Non-government debt,Downgraded,D365,4,INC — issuer not cooperating with current rater | Rating approaching renewal (6-12 months),"INC + approaching renewal — ACER as fresh, cooperative alternative"
Metal Care Alloys Pvt. Ltd.,Letter Of credit,BRICKWORK,A 4,2026-04-01,LOW,Steel & Metals,YES,BRICKWORK | IND-RA,2,Bank Guarantee | Letter Of credit | Non-government debt | Term loans,Reaffirmed,D365,4,INC — issuer not cooperating with current rater | Multi-agency — open to new entrant,"INC + approaching renewal — ACER as fresh, cooperative alternative"
Metal Scope India Pvt. Ltd.,Bank Guarantee,CRISIL,A 4+,2025-09-30,MEDIUM,Steel & Metals,YES,CRISIL,1,Bank Guarantee | Letter Of credit | Long term Loans | Term loans,Withdrawn,D365,4,INC — issuer not cooperating with current rater | Rating approaching renewal (6-12 months),"INC + approaching renewal — ACER as fresh, cooperative alternative"
Metalore Overseas Pvt. Ltd.,Letter Of credit,CRISIL,D,2025-10-24,MEDIUM,Steel & Metals,YES,CRISIL,1,Letter Of credit | Long term Loans,Reaffirmed,D365,4,INC — issuer not cooperating with current rater | Rating approaching renewal (6-12 months),"INC + approaching renewal — ACER as fresh, cooperative alternative"
Minmat Ferro Alloys Pvt. Ltd.,Bank Guarantee,CRISIL,A 4,2025-09-17,MEDIUM,Steel & Metals,YES,CRISIL,1,Bank Guarantee | Letter Of credit | Long term Loans,Downgraded,D365,4,INC — issuer not cooperating with current rater | Rating approaching renewal (6-12 months),"INC + approaching renewal — ACER as fresh, cooperative alternative"
Mohan Steels Ltd.,Bank Guarantee,CRISIL,A 4,2025-09-08,MEDIUM,Steel & Metals,YES,CRISIL,1,Bank Guarantee,Reaffirmed,D365,4,INC — issuer not cooperating with current rater | Rating approaching renewal (6-12 months),"INC + approaching renewal — ACER as fresh, cooperative alternative"
Mor Alloys Pvt. Ltd.,Non-government debt,ICRA,B+/A4,2025-12-10,MEDIUM,Steel & Metals,YES,ICRA,1,Non-government debt,Reaffirmed,D365,4,INC — issuer not cooperating with current rater | Rating approaching renewal (6-12 months),"INC + approaching renewal — ACER as fresh, cooperative alternative"
N B M Iron & Steel Trdg. Pvt. Ltd.,Letter Of credit,BRICKWORK,A 4,2026-04-10,LOW,Steel & Metals,YES,BRICKWORK | CARE,2,Letter Of credit | Non-fund-based financial facility/instrument | Non-government debt,Reaffirmed,D365,4,INC — issuer not cooperating with current rater | Multi-agency — open to new entrant,"INC + approaching renewal — ACER as fresh, cooperative alternative"
Nalari Ferro Alloys Pvt. Ltd.,Non-fund-based financial facility/instrument,ICRA,A 4,2026-02-26,LOW,Steel & Metals,YES,BRICKWORK | ICRA,2,Bank Guarantee | Non-fund-based financial facility/instrument | Non-government debt | Term loans,Reaffirmed,D365,4,INC — issuer not cooperating with current rater | Multi-agency — open to new entrant,"INC + approaching renewal — ACER as fresh, cooperative alternative"
Nami Steel Pvt. Ltd.,Bank Guarantee,BRICKWORK,D,2025-08-13,MEDIUM,Steel & Metals,YES,BRICKWORK,1,Bank Guarantee | Term loans,Reaffirmed,D365,4,INC — issuer not cooperating with current rater | Rating approaching renewal (6-12 months),"INC + approaching renewal — ACER as fresh, cooperative alternative"
Nandan Saha Steel Pvt. Ltd.,Non-government debt,ICRA,B+/A4,2025-10-29,MEDIUM,Steel & Metals,YES,ICRA,1,Non-government debt,Reaffirmed,D365,4,INC — issuer not cooperating with current rater | Rating approaching renewal (6-12 months),"INC + approaching renewal — ACER as fresh, cooperative alternative"
Narbheram Power & Steel Pvt. Ltd.,Bank Guarantee,ACUITE,A 2,2026-04-28,LOW,Steel & Metals,YES,ACUITE | IND-RA,2,Bank Guarantee | Non-government debt | Term loans,Withdrawn,D365,4,INC — issuer not cooperating with current rater | Multi-agency — open to new entrant,"INC + approaching renewal — ACER as fresh, cooperative alternative"
National Steel & Agro Industries Ltd. [Merged],Non-government debt,IND-RA,D,2026-01-12,LOW,Steel & Metals,YES,ICRA | IND-RA,2,Non-fund-based financial facility/instrument | Non-government debt | Term loans,Reaffirmed,D365,4,INC — issuer not cooperating with current rater | Multi-agency — open to new entrant,"INC + approaching renewal — ACER as fresh, cooperative alternative"
Natraj Electro Casting Pvt. Ltd.,Bank Guarantee,CRISIL,A 4,2026-04-24,LOW,Steel & Metals,YES,CARE | CRISIL | IND-RA,3,Bank Guarantee | Non-government debt | Term loans,Reaffirmed,D365,4,INC — issuer not cooperating with current rater | Multi-agency — open to new entrant,"INC + approaching renewal — ACER as fresh, cooperative alternative"
Navneeta Steels Pvt. Ltd.,Non-fund-based financial facility/instrument,ICRA,D,2025-12-15,MEDIUM,Steel & Metals,YES,ICRA,1,Non-fund-based financial facility/instrument,Reaffirmed,D365,4,INC — issuer not cooperating with current rater | Rating approaching renewal (6-12 months),"INC + approaching renewal — ACER as fresh, cooperative alternative"
Neo Metaliks Ltd.,Letter Of credit,CRISIL,A 4,2026-03-11,LOW,Steel & Metals,YES,CARE | CRISIL | ICRA,3,Fund based financial facility/instrument | Letter Of credit | Non-fund-based financial facility/instrument | Non-government debt | Term loans,Withdrawn,D365,4,INC — issuer not cooperating with current rater | Multi-agency — open to new entrant,"INC + approaching renewal — ACER as fresh, cooperative alternative"
Nexus Electro Steel Ltd.,Bank Guarantee,CRISIL,D,2025-07-18,MEDIUM,Steel & Metals,YES,CRISIL,1,Bank Guarantee | Letter Of credit | Long term Loans,Reaffirmed,D365,4,INC — issuer not cooperating with current rater | Rating approaching renewal (6-12 months),"INC + approaching renewal — ACER as fresh, cooperative alternative"
Nibber Castings Pvt. Ltd. [Merged],Bank Guarantee,ACUITE,A 4,2025-08-21,MEDIUM,Steel & Metals,YES,ACUITE,1,Bank Guarantee | Long term Loans | Term loans,Reaffirmed,D365,4,INC — issuer not cooperating with current rater | Rating approaching renewal (6-12 months),"INC + approaching renewal — ACER as fresh, cooperative alternative"
Nikki Steels Pvt. Ltd.,Non-government debt,IND-RA,B-/A4,2025-09-11,MEDIUM,Steel & Metals,YES,IND-RA,1,Non-government debt,Reaffirmed,D365,4,INC — issuer not cooperating with current rater | Rating approaching renewal (6-12 months),"INC + approaching renewal — ACER as fresh, cooperative alternative"
Nilachal Carbo Metalicks Ltd.,Term loans,CRISIL,BB+,2026-02-26,LOW,Steel & Metals,YES,CARE | CRISIL,2,Letter Of credit | Term loans,Initial Rating,D365,4,INC — issuer not cooperating with current rater | Multi-agency — open to new entrant,"INC + approaching renewal — ACER as fresh, cooperative alternative"
Nilanjan Iron Pvt. Ltd.,Bank Guarantee,CRISIL,A 4+,2025-07-10,MEDIUM,Steel & Metals,YES,CRISIL,1,Bank Guarantee | Fund based financial facility/instrument | Letter Of credit,Withdrawn,D365,4,INC — issuer not cooperating with current rater | Rating approaching renewal (6-12 months),"INC + approaching renewal — ACER as fresh, cooperative alternative"
Nyka Steels Pvt. Ltd.,Letter Of credit,CRISIL,D,2025-11-13,MEDIUM,Steel & Metals,YES,CRISIL,1,Letter Of credit,Reaffirmed,D365,4,INC — issuer not cooperating with current rater | Rating approaching renewal (6-12 months),"INC + approaching renewal — ACER as fresh, cooperative alternative"
Om Shree Rupesh Steel Pvt. Ltd.,Fund based financial facility/instrument,CRISIL,BBB-,2025-11-26,MEDIUM,Steel & Metals,YES,CRISIL,1,Fund based financial facility/instrument | Term loans,Withdrawn,D365,4,INC — issuer not cooperating with current rater | Rating approaching renewal (6-12 months),"INC + approaching renewal — ACER as fresh, cooperative alternative"
Omkamal Steel Pvt. Ltd.,Term loans,CARE,B-,2025-11-24,MEDIUM,Steel & Metals,YES,CARE,1,Term loans,Reaffirmed,D365,4,INC — issuer not cooperating with current rater | Rating approaching renewal (6-12 months),"INC + approaching renewal — ACER as fresh, cooperative alternative"
P Dass Forging Pvt. Ltd.,Term loans,ACUITE,B,2026-04-24,LOW,Steel & Metals,YES,ACUITE | CRISIL,2,Long term Loans | Term loans,Downgraded,D365,4,INC — issuer not cooperating with current rater | Multi-agency — open to new entrant,"INC + approaching renewal — ACER as fresh, cooperative alternative"
Padmavati Castings Pvt. Ltd.,Term loans,CRISIL,BB+,2025-10-03,MEDIUM,Steel & Metals,YES,CRISIL,1,Term loans,Reaffirmed,D365,4,INC — issuer not cooperating with current rater | Rating approaching renewal (6-12 months),"INC + approaching renewal — ACER as fresh, cooperative alternative"
Pami Metals Pvt. Ltd.,Non-government debt,IND-RA,D,2025-11-24,MEDIUM,Steel & Metals,YES,IND-RA,1,Non-government debt,Reaffirmed,D365,4,INC — issuer not cooperating with current rater | Rating approaching renewal (6-12 months),"INC + approaching renewal — ACER as fresh, cooperative alternative"
Paramount Speciality Forgings Ltd.,Bank Guarantee,CRISIL,A 4,2025-11-12,MEDIUM,Steel & Metals,YES,CRISIL,1,Bank Guarantee | Long term Loans,Reaffirmed,D365,4,INC — issuer not cooperating with current rater | Rating approaching renewal (6-12 months),"INC + approaching renewal — ACER as fresh, cooperative alternative"
Paras Bhavani Steel Pvt. Ltd.,Fund based financial facility/instrument,CARE,D,2026-02-06,LOW,Steel & Metals,YES,ACUITE | CARE,2,Fund based financial facility/instrument | Letter Of credit | Long term Loans | Non-fund-based financial facility/instrument | Term loans,Reaffirmed,D365,4,INC — issuer not cooperating with current rater | Multi-agency — open to new entrant,"INC + approaching renewal — ACER as fresh, cooperative alternative"
Parekh Aluminex Ltd.,Letter Of credit,CRISIL,D,2025-11-27,MEDIUM,Steel & Metals,YES,CRISIL,1,Letter Of credit | Long term Loans,Reaffirmed,D365,4,INC — issuer not cooperating with current rater | Rating approaching renewal (6-12 months),"INC + approaching renewal — ACER as fresh, cooperative alternative"
Passavant Energy & Environment India Pvt. Ltd.,Non-government debt,CARE,BB+,2026-03-31,LOW,Steel & Metals,YES,CARE | CRISIL,2,Bank Guarantee | Letter Of credit | Non-government debt,Reaffirmed,D365,4,INC — issuer not cooperating with current rater | Multi-agency — open to new entrant,"INC + approaching renewal — ACER as fresh, cooperative alternative"
Patnaik Steels & Alloys Ltd. [Merged],Bank Guarantee,CRISIL,A 4,2025-07-25,MEDIUM,Steel & Metals,YES,CRISIL,1,Bank Guarantee | Fund based financial facility/instrument | Term loans,Reaffirmed,D365,4,INC — issuer not cooperating with current rater | Rating approaching renewal (6-12 months),"INC + approaching renewal — ACER as fresh, cooperative alternative"
Patwari Steels Pvt. Ltd.,Non-government debt,ICRA,D,2025-08-18,MEDIUM,Steel & Metals,YES,ICRA,1,Non-government debt | Term loans,Reaffirmed,D365,4,INC — issuer not cooperating with current rater | Rating approaching renewal (6-12 months),"INC + approaching renewal — ACER as fresh, cooperative alternative"
Paul Strips & Tubes Pvt. Ltd.,Bank Guarantee,BRICKWORK,A 4,2025-12-15,MEDIUM,Steel & Metals,YES,BRICKWORK,1,Bank Guarantee | Term loans,Reaffirmed,D365,4,INC — issuer not cooperating with current rater | Rating approaching renewal (6-12 months),"INC + approaching renewal — ACER as fresh, cooperative alternative"
Pentagon Aluminium Co. Pvt. Ltd.,Term loans,CARE,D,2025-06-26,MEDIUM,Steel & Metals,YES,CARE,1,Term loans,Reaffirmed,D365,4,INC — issuer not cooperating with current rater | Rating approaching renewal (6-12 months),"INC + approaching renewal — ACER as fresh, cooperative alternative"
Pentech Metals Ltd.,Fund based financial facility/instrument,CARE,D,2025-07-30,MEDIUM,Steel & Metals,YES,CARE,1,Fund based financial facility/instrument | Non-government debt,Reaffirmed,D365,4,INC — issuer not cooperating with current rater | Rating approaching renewal (6-12 months),"INC + approaching renewal — ACER as fresh, cooperative alternative"
Pioneer Torsteel Mills Pvt. Ltd.,Non-fund based working capital limit,IND-RA,D,2025-07-18,MEDIUM,Steel & Metals,YES,IND-RA,1,Non-fund based working capital limit | Term loans,Reaffirmed,D365,4,INC — issuer not cooperating with current rater | Rating approaching renewal (6-12 months),"INC + approaching renewal — ACER as fresh, cooperative alternative"
Prateek Alloys Pvt. Ltd.,Non-government debt,IND-RA,B-/A4,2025-09-11,MEDIUM,Steel & Metals,YES,IND-RA,1,Non-government debt,Reaffirmed,D365,4,INC — issuer not cooperating with current rater | Rating approaching renewal (6-12 months),"INC + approaching renewal — ACER as fresh, cooperative alternative"
Premier Alloys Ltd.,Bank Guarantee,CRISIL,A 4,2025-11-12,MEDIUM,Steel & Metals,YES,CRISIL,1,Bank Guarantee | Letter Of credit | Long term Loans,Reaffirmed,D365,4,INC — issuer not cooperating with current rater | Rating approaching renewal (6-12 months),"INC + approaching renewal — ACER as fresh, cooperative alternative"
Premier Steel Complex Pvt. Ltd.,Letter Of credit,CRISIL,A 4,2025-09-26,MEDIUM,Steel & Metals,YES,CRISIL,1,Letter Of credit,Reaffirmed,D365,4,INC — issuer not cooperating with current rater | Rating approaching renewal (6-12 months),"INC + approaching renewal — ACER as fresh, cooperative alternative"
Premprakash Tubes Ltd.,Letter Of credit,BRICKWORK,D,2025-12-08,MEDIUM,Steel & Metals,YES,BRICKWORK,1,Letter Of credit | Non-fund-based financial facility/instrument | Term loans,Reaffirmed,D365,4,INC — issuer not cooperating with current rater | Rating approaching renewal (6-12 months),"INC + approaching renewal — ACER as fresh, cooperative alternative"
Primuss Pipes & Tubes Ltd.,Letter Of credit,CRISIL,D,2026-01-31,LOW,Steel & Metals,YES,BRICKWORK | CARE | CRISIL,3,Bank Guarantee | Letter Of credit | Long term Loans | Non-government debt,Reaffirmed,D365,4,INC — issuer not cooperating with current rater | Multi-agency — open to new entrant,"INC + approaching renewal — ACER as fresh, cooperative alternative"
Pulkit Metals Pvt. Ltd.,Letter Of credit,ACUITE,A 4+,2026-04-17,LOW,Steel & Metals,YES,ACUITE | BRICKWORK,2,Letter Of credit | Short-term loan | Term loans,Withdrawn,D365,4,INC — issuer not cooperating with current rater | Multi-agency — open to new entrant,"INC + approaching renewal — ACER as fresh, cooperative alternative"
Punjab Metal Works Pvt. Ltd.,Non-government debt,IND-RA,B-/A4,2026-04-02,LOW,Steel & Metals,YES,CRISIL | IND-RA,2,Letter Of credit | Non-government debt,Reaffirmed,D365,4,INC — issuer not cooperating with current rater | Multi-agency — open to new entrant,"INC + approaching renewal — ACER as fresh, cooperative alternative"
Purulia Metal Casting Pvt. Ltd.,Term loans,ACUITE,D,2025-06-10,HIGH,Steel & Metals,NO,ACUITE | CRISIL,2,Bank Guarantee | Long term Loans | Term loans,Withdrawn,D365,4,Rating overdue (>12 months) | Multi-agency — open to new entrant,Overdue — pitch on speed: ACER completes renewal faster than incumbent
Pushpit Steels Pvt. Ltd.,Short-term loan,ACUITE,A-,2026-04-17,LOW,Steel & Metals,YES,ACUITE | BRICKWORK,2,Letter Of credit | Short-term loan | Term loans,Withdrawn,D365,4,INC — issuer not cooperating with current rater | Multi-agency — open to new entrant,"INC + approaching renewal — ACER as fresh, cooperative alternative"
R B Rungta Steels & Food Products Pvt. Ltd.,Fund based financial facility/instrument,CRISIL,B,2026-03-31,LOW,Steel & Metals,YES,BRICKWORK | CARE | CRISIL,3,Fund based financial facility/instrument | Term loans,Reaffirmed,D365,4,INC — issuer not cooperating with current rater | Multi-agency — open to new entrant,"INC + approaching renewal — ACER as fresh, cooperative alternative"
R H J Tubes Pvt. Ltd.,Fund based financial facility/instrument,CRISIL,D,2025-07-17,MEDIUM,Steel & Metals,YES,CRISIL,1,Fund based financial facility/instrument,Reaffirmed,D365,4,INC — issuer not cooperating with current rater | Rating approaching renewal (6-12 months),"INC + approaching renewal — ACER as fresh, cooperative alternative"
R K Steel Mfg. Co. Ltd.,Long term Loans,ACUITE,C,2025-08-07,MEDIUM,Steel & Metals,YES,ACUITE,1,Long term Loans | Term loans,Downgraded,D365,4,INC — issuer not cooperating with current rater | Rating approaching renewal (6-12 months),"INC + approaching renewal — ACER as fresh, cooperative alternative"
R L Steels & Energy Ltd.,Bank Guarantee,CARE,D,2025-09-03,MEDIUM,Steel & Metals,YES,CARE,1,Bank Guarantee | Non-government debt | Term loans,Withdrawn,D365,4,INC — issuer not cooperating with current rater | Rating approaching renewal (6-12 months),"INC + approaching renewal — ACER as fresh, cooperative alternative"
R S P Metaliks Pvt. Ltd.,Fund based financial facility/instrument,CRISIL,B,2025-11-05,MEDIUM,Steel & Metals,YES,CRISIL,1,Fund based financial facility/instrument,Reaffirmed,D365,4,INC — issuer not cooperating with current rater | Rating approaching renewal (6-12 months),"INC + approaching renewal — ACER as fresh, cooperative alternative"
Radharaman Stainless Steel Pvt. Ltd.,Letter Of credit,CRISIL,A 4,2025-12-22,LOW,Steel & Metals,YES,CARE | CRISIL,2,Letter Of credit | Long term Loans,Reaffirmed,D365,4,INC — issuer not cooperating with current rater | Multi-agency — open to new entrant,"INC + approaching renewal — ACER as fresh, cooperative alternative"
Rajco Metal Inds. Pvt. Ltd.,Term loans,CRISIL,B,2025-08-14,MEDIUM,Steel & Metals,YES,CRISIL,1,Term loans,Downgraded,D365,4,INC — issuer not cooperating with current rater | Rating approaching renewal (6-12 months),"INC + approaching renewal — ACER as fresh, cooperative alternative"
Rajnandini Metal Ltd.,Term loans,CARE,B,2025-09-17,MEDIUM,Steel & Metals,YES,CARE,1,Term loans,Withdrawn,D365,4,INC — issuer not cooperating with current rater | Rating approaching renewal (6-12 months),"INC + approaching renewal — ACER as fresh, cooperative alternative"
Rajuri Steels & T M T Bars Pvt. Ltd.,Bank Guarantee,ACUITE,A 4+,2026-04-10,LOW,Steel & Metals,YES,ACUITE | CRISIL,2,Bank Guarantee | Long term Loans | Term loans,Withdrawn,D365,4,INC — issuer not cooperating with current rater | Multi-agency — open to new entrant,"INC + approaching renewal — ACER as fresh, cooperative alternative"
Ramdev Stainless Strips Pvt. Ltd.,Term loans,CRISIL,B,2026-02-05,LOW,Steel & Metals,YES,BRICKWORK | CARE | CRISIL,3,Term loans,Withdrawn,D365,4,INC — issuer not cooperating with current rater | Multi-agency — open to new entrant,"INC + approaching renewal — ACER as fresh, cooperative alternative"
Ramkrishna Casting Solutions Ltd.,Non-fund-based financial facility/instrument,ICRA,D,2026-01-15,LOW,Steel & Metals,YES,CRISIL | ICRA | IND-RA,3,Long term Loans | Non-fund-based financial facility/instrument | Non-government debt | Term loans,Withdrawn,D365,4,INC — issuer not cooperating with current rater | Multi-agency — open to new entrant,"INC + approaching renewal — ACER as fresh, cooperative alternative"
Ramsons Castings Pvt. Ltd.,Non-fund-based financial facility/instrument,ICRA,A 4,2025-11-19,MEDIUM,Steel & Metals,YES,ICRA,1,Non-fund-based financial facility/instrument | Non-government debt,Reaffirmed,D365,4,INC — issuer not cooperating with current rater | Rating approaching renewal (6-12 months),"INC + approaching renewal — ACER as fresh, cooperative alternative"
Ranba Castings Ltd.,Letter Of credit,ACUITE,A 4,2025-10-08,MEDIUM,Steel & Metals,YES,ACUITE,1,Letter Of credit | Term loans,Withdrawn,D365,4,INC — issuer not cooperating with current rater | Rating approaching renewal (6-12 months),"INC + approaching renewal — ACER as fresh, cooperative alternative"
Ratan Aluminum Recycling Pvt. Ltd.,Fund based financial facility/instrument,CRISIL,B,2026-04-17,LOW,Steel & Metals,YES,BRICKWORK | CRISIL,2,Bank Guarantee | Fund based financial facility/instrument | Long term Loans | Term loans,Withdrawn,D365,4,INC — issuer not cooperating with current rater | Multi-agency — open to new entrant,"INC + approaching renewal — ACER as fresh, cooperative alternative"
Rathi Steel & Metal Pvt. Ltd.,Bank Guarantee,CRISIL,A 4,2025-08-14,MEDIUM,Steel & Metals,YES,CRISIL,1,Bank Guarantee | Letter Of credit | Term loans,Reaffirmed,D365,4,INC — issuer not cooperating with current rater | Rating approaching renewal (6-12 months),"INC + approaching renewal — ACER as fresh, cooperative alternative"
Ratnadeep Metal & Tubes Ltd.,Non-government debt,IND-RA,BB-/A4+,2026-04-28,LOW,Steel & Metals,YES,CRISIL | IND-RA,2,Bank Guarantee | Letter Of credit | Non-fund based working capital limit | Non-government debt | Term loans,Withdrawn,D365,4,INC — issuer not cooperating with current rater | Multi-agency — open to new entrant,"INC + approaching renewal — ACER as fresh, cooperative alternative"
Riddhi Casting Pvt. Ltd.,Term loans,CRISIL,B+,2025-07-23,MEDIUM,Steel & Metals,YES,CRISIL,1,Term loans,Reaffirmed,D365,4,INC — issuer not cooperating with current rater | Rating approaching renewal (6-12 months),"INC + approaching renewal — ACER as fresh, cooperative alternative"
Rohit Iron & Steel (India) Pvt. Ltd.,Non-government debt,BRICKWORK,BB+/A4+,2025-07-01,MEDIUM,Steel & Metals,YES,BRICKWORK,1,Non-government debt,Downgraded,D365,4,INC — issuer not cooperating with current rater | Rating approaching renewal (6-12 months),"INC + approaching renewal — ACER as fresh, cooperative alternative"
Rosha Alloys Pvt. Ltd.,Non-fund-based financial facility/instrument,ICRA,B+,2025-11-26,MEDIUM,Steel & Metals,YES,ICRA,1,Non-fund-based financial facility/instrument,Reaffirmed,D365,4,INC — issuer not cooperating with current rater | Rating approaching renewal (6-12 months),"INC + approaching renewal — ACER as fresh, cooperative alternative"
Rukmini Iron Pvt. Ltd.,Term loans,IND-RA,D,2025-12-19,MEDIUM,Steel & Metals,YES,IND-RA,1,Term loans,Reaffirmed,D365,4,INC — issuer not cooperating with current rater | Rating approaching renewal (6-12 months),"INC + approaching renewal — ACER as fresh, cooperative alternative"
S A Iron & Alloys Pvt. Ltd.,Non-fund-based financial facility/instrument,ICRA,D,2026-01-28,LOW,Steel & Metals,YES,BRICKWORK | CRISIL | ICRA,3,Bank Guarantee | Non-fund-based financial facility/instrument | Term loans,Reaffirmed,D365,4,INC — issuer not cooperating with current rater | Multi-agency — open to new entrant,"INC + approaching renewal — ACER as fresh, cooperative alternative"
S K A Steel & Power Pvt. Ltd.,Long term Loans,CRISIL,BBB-,2026-02-13,LOW,Steel & Metals,YES,ACUITE | CRISIL,2,Long term Loans | Term loans,Reaffirmed,D365,4,INC — issuer not cooperating with current rater | Multi-agency — open to new entrant,"INC + approaching renewal — ACER as fresh, cooperative alternative"
S M E Steels Pvt. Ltd.,Non-fund based working capital limit,IND-RA,A 4+,2025-07-18,MEDIUM,Steel & Metals,YES,IND-RA,1,Non-fund based working capital limit,Reaffirmed,D365,4,INC — issuer not cooperating with current rater | Rating approaching renewal (6-12 months),"INC + approaching renewal — ACER as fresh, cooperative alternative"
S R S Diecasting Pvt. Ltd.,Long term Loans,ACUITE,B-,2025-10-30,MEDIUM,Steel & Metals,YES,ACUITE,1,Long term Loans | Term loans,Downgraded,D365,4,INC — issuer not cooperating with current rater | Rating approaching renewal (6-12 months),"INC + approaching renewal — ACER as fresh, cooperative alternative"
Sacheta Metals Ltd.,Non-fund-based financial facility/instrument,ICRA,A 4,2025-06-23,MEDIUM,Steel & Metals,YES,ICRA,1,Non-fund-based financial facility/instrument | Short-term loan,Reaffirmed,D365,4,INC — issuer not cooperating with current rater | Rating approaching renewal (6-12 months),"INC + approaching renewal — ACER as fresh, cooperative alternative"
Sagar Metallics Pvt. Ltd.,Non-government debt,CARE,B-/A4,2026-02-12,LOW,Steel & Metals,YES,CARE | IND-RA,2,Non-government debt | Term loans,Reaffirmed,D365,4,INC — issuer not cooperating with current rater | Multi-agency — open to new entrant,"INC + approaching renewal — ACER as fresh, cooperative alternative"
Sakthi Steel Inds. Ltd.,Term loans,CARE,BB+,2026-03-31,LOW,Steel & Metals,YES,CARE | CRISIL,2,Letter Of credit | Term loans,Initial Rating,D365,4,INC — issuer not cooperating with current rater | Multi-agency — open to new entrant,"INC + approaching renewal — ACER as fresh, cooperative alternative"
Salasaar Iron & Steels Pvt. Ltd.,Long term Loans,CRISIL,B,2026-01-31,LOW,Steel & Metals,YES,BRICKWORK | CRISIL,2,Long term Loans | Term loans,Reaffirmed,D365,4,INC — issuer not cooperating with current rater | Multi-agency — open to new entrant,"INC + approaching renewal — ACER as fresh, cooperative alternative"
Saluja Steel & Power Pvt. Ltd.,Bank Guarantee,CRISIL,A 2,2026-02-27,LOW,Steel & Metals,YES,CARE | CRISIL,2,Bank Guarantee | Fund based financial facility/instrument | Letter Of credit | Long term Loans | Non-government debt | Term loans,Withdrawn,D365,4,INC — issuer not cooperating with current rater | Multi-agency — open to new entrant,"INC + approaching renewal — ACER as fresh, cooperative alternative"
Samrat Forgings Ltd.,Bank Guarantee,CRISIL,A 4+,2025-09-30,MEDIUM,Steel & Metals,YES,CRISIL,1,Bank Guarantee | Letter Of credit | Term loans,Withdrawn,D365,4,INC — issuer not cooperating with current rater | Rating approaching renewal (6-12 months),"INC + approaching renewal — ACER as fresh, cooperative alternative"
Samrat Irons Pvt. Ltd.,Non-government debt,IND-RA,B/A4,2026-04-02,LOW,Steel & Metals,YES,CRISIL | IND-RA,2,Fund based financial facility/instrument | Non-government debt,Downgraded,D365,4,INC — issuer not cooperating with current rater | Multi-agency — open to new entrant,"INC + approaching renewal — ACER as fresh, cooperative alternative"
Sandeep Lead Alloys (India) Pvt. Ltd.,Bank Guarantee,CRISIL,A 4+,2025-10-07,MEDIUM,Steel & Metals,YES,CRISIL,1,Bank Guarantee | Long term Loans,Reaffirmed,D365,4,INC — issuer not cooperating with current rater | Rating approaching renewal (6-12 months),"INC + approaching renewal — ACER as fresh, cooperative alternative"
Sanvijay Rolling & Engg. Ltd.,Non-fund-based financial facility/instrument,BRICKWORK,A 4,2025-12-08,MEDIUM,Steel & Metals,YES,BRICKWORK,1,Fund based financial facility/instrument | Non-fund-based financial facility/instrument,Reaffirmed,D365,4,INC — issuer not cooperating with current rater | Rating approaching renewal (6-12 months),"INC + approaching renewal — ACER as fresh, cooperative alternative"
Sarva Mangalam Gajanan Steel Pvt. Ltd.,Letter Of credit,CARE,D,2025-08-05,MEDIUM,Steel & Metals,YES,CARE,1,Letter Of credit | Term loans,Reaffirmed,D365,4,INC — issuer not cooperating with current rater | Rating approaching renewal (6-12 months),"INC + approaching renewal — ACER as fresh, cooperative alternative"
Sarvottam Rolling Mills Pvt. Ltd.,Bank Guarantee,CARE,A 4,2026-03-19,LOW,Steel & Metals,YES,CARE | IND-RA,2,Bank Guarantee | Non-fund based working capital limit | Non-government debt,Withdrawn,D365,4,INC — issuer not cooperating with current rater | Multi-agency — open to new entrant,"INC + approaching renewal — ACER as fresh, cooperative alternative"
Satya Surya Aluminium Inds. Ltd.,Bank Guarantee,CRISIL,A 4,2025-12-18,MEDIUM,Steel & Metals,YES,CRISIL,1,Bank Guarantee,Reaffirmed,D365,4,INC — issuer not cooperating with current rater | Rating approaching renewal (6-12 months),"INC + approaching renewal — ACER as fresh, cooperative alternative"
Satyam Iron & Steel Co. Pvt. Ltd.,Bank Guarantee,ACUITE,A 4+,2025-08-21,MEDIUM,Steel & Metals,YES,ACUITE,1,Bank Guarantee | Term loans,Withdrawn,D365,4,INC — issuer not cooperating with current rater | Rating approaching renewal (6-12 months),"INC + approaching renewal — ACER as fresh, cooperative alternative"
Savitri Steels & Rerollings Pvt. Ltd.,Bank Guarantee,CRISIL,A 4,2025-07-31,MEDIUM,Steel & Metals,YES,CRISIL,1,Bank Guarantee | Letter Of credit | Long term Loans,Reaffirmed,D365,4,INC — issuer not cooperating with current rater | Rating approaching renewal (6-12 months),"INC + approaching renewal — ACER as fresh, cooperative alternative"
Shah Steel Impex Pvt. Ltd.,Fund based financial facility/instrument,CRISIL,D,2025-10-27,MEDIUM,Steel & Metals,YES,CRISIL,1,Fund based financial facility/instrument | Letter Of credit,Reaffirmed,D365,4,INC — issuer not cooperating with current rater | Rating approaching renewal (6-12 months),"INC + approaching renewal — ACER as fresh, cooperative alternative"
Shantdeep Metals Pvt. Ltd.,Long term Loans,CRISIL,D,2025-10-20,MEDIUM,Steel & Metals,YES,CRISIL,1,Long term Loans | Term loans,Reaffirmed,D365,4,INC — issuer not cooperating with current rater | Rating approaching renewal (6-12 months),"INC + approaching renewal — ACER as fresh, cooperative alternative"
Shanti Metalfab Pvt. Ltd.,Bank Guarantee,BRICKWORK,A 4,2025-07-11,MEDIUM,Steel & Metals,YES,BRICKWORK,1,Bank Guarantee,Reaffirmed,D365,4,INC — issuer not cooperating with current rater | Rating approaching renewal (6-12 months),"INC + approaching renewal — ACER as fresh, cooperative alternative"
Sharu Special Alloys Pvt. Ltd.,Letter Of credit,CRISIL,A 4,2025-07-29,MEDIUM,Steel & Metals,YES,CRISIL,1,Letter Of credit,Reaffirmed,D365,4,INC — issuer not cooperating with current rater | Rating approaching renewal (6-12 months),"INC + approaching renewal — ACER as fresh, cooperative alternative"
Sharu Steels Pvt. Ltd.,Bank Guarantee,BRICKWORK,A 4,2026-03-06,LOW,Steel & Metals,YES,BRICKWORK | CRISIL | ICRA,3,Bank Guarantee | Letter Of credit | Long term Loans | Non-fund-based financial facility/instrument | Non-government debt | Term loans,Reaffirmed,D365,4,INC — issuer not cooperating with current rater | Multi-agency — open to new entrant,"INC + approaching renewal — ACER as fresh, cooperative alternative"
Shib Dass Metals Pvt. Ltd.,Fund based financial facility/instrument,CRISIL,B+,2025-08-28,MEDIUM,Steel & Metals,YES,CRISIL,1,Fund based financial facility/instrument,Reaffirmed,D365,4,INC — issuer not cooperating with current rater | Rating approaching renewal (6-12 months),"INC + approaching renewal — ACER as fresh, cooperative alternative"
Shilpa Alloys Pvt. Ltd.,Short-term loan,ACUITE,A 4+,2025-12-09,MEDIUM,Steel & Metals,YES,ACUITE,1,Short-term loan | Term loans,Reaffirmed,D365,4,INC — issuer not cooperating with current rater | Rating approaching renewal (6-12 months),"INC + approaching renewal — ACER as fresh, cooperative alternative"
Shivam Hi-Tech Steels Pvt. Ltd.,Bank Guarantee,CRISIL,A 4,2026-01-23,LOW,Steel & Metals,YES,CRISIL | ICRA,2,Bank Guarantee | Letter Of credit | Long term Loans | Non-fund-based financial facility/instrument | Non-government debt | Term loans,Reaffirmed,D365,4,INC — issuer not cooperating with current rater | Multi-agency — open to new entrant,"INC + approaching renewal — ACER as fresh, cooperative alternative"
Shivam Iron & Steel Co. Ltd.,Term loans,IND-RA,B-,2025-07-23,MEDIUM,Steel & Metals,YES,IND-RA,1,Term loans,Withdrawn,D365,4,INC — issuer not cooperating with current rater | Rating approaching renewal (6-12 months),"INC + approaching renewal — ACER as fresh, cooperative alternative"
Shree Govardhan Steels Pvt. Ltd.,Term loans,ICRA,B+,2025-07-25,MEDIUM,Steel & Metals,YES,ICRA,1,Term loans,Reaffirmed,D365,4,INC — issuer not cooperating with current rater | Rating approaching renewal (6-12 months),"INC + approaching renewal — ACER as fresh, cooperative alternative"
Shree Ponni Lead Alloy Pvt. Ltd.,Term loans,CRISIL,B,2025-07-29,MEDIUM,Steel & Metals,YES,CRISIL,1,Term loans,Reaffirmed,D365,4,INC — issuer not cooperating with current rater | Rating approaching renewal (6-12 months),"INC + approaching renewal — ACER as fresh, cooperative alternative"
Shree Prithvi Steel Rolling Mills Pvt. Ltd.,Non-government debt,IND-RA,B/A4,2025-08-21,MEDIUM,Steel & Metals,YES,IND-RA,1,Non-government debt,Downgraded,D365,4,INC — issuer not cooperating with current rater | Rating approaching renewal (6-12 months),"INC + approaching renewal — ACER as fresh, cooperative alternative"
Shree Shailja Iron & Steels Pvt. Ltd.,Long term Loans,CRISIL,BB+,2025-09-24,MEDIUM,Steel & Metals,YES,CRISIL,1,Long term Loans,Reaffirmed,D365,4,INC — issuer not cooperating with current rater | Rating approaching renewal (6-12 months),"INC + approaching renewal — ACER as fresh, cooperative alternative"
Shri Satguru Metalloys Pvt. Ltd.,Term loans,BRICKWORK,C,2025-06-25,MEDIUM,Steel & Metals,YES,BRICKWORK,1,Term loans,Downgraded,D365,4,INC — issuer not cooperating with current rater | Rating approaching renewal (6-12 months),"INC + approaching renewal — ACER as fresh, cooperative alternative"
Shri Shyam Iron & Power Pvt. Ltd.,Term loans,BRICKWORK,C,2025-10-24,MEDIUM,Steel & Metals,YES,BRICKWORK,1,Term loans,Reaffirmed,D365,4,INC — issuer not cooperating with current rater | Rating approaching renewal (6-12 months),"INC + approaching renewal — ACER as fresh, cooperative alternative"
Shriram Power & Steel Pvt. Ltd.,Bank Guarantee,CRISIL,A 2,2025-12-26,LOW,Steel & Metals,YES,BRICKWORK | CRISIL,2,Bank Guarantee,Upgraded,D365,4,INC — issuer not cooperating with current rater | Multi-agency — open to new entrant,"INC + approaching renewal — ACER as fresh, cooperative alternative"
Shritirupati Steelcast Ltd.,Term loans,CRISIL,BB+,2025-07-11,MEDIUM,Steel & Metals,YES,CRISIL,1,Term loans,Withdrawn,D365,4,INC — issuer not cooperating with current rater | Rating approaching renewal (6-12 months),"INC + approaching renewal — ACER as fresh, cooperative alternative"
Sical Iron Ore Terminals Ltd.,Long term Loans,ICRA,D,2025-07-16,MEDIUM,Steel & Metals,YES,ICRA,1,Long term Loans | Non-fund-based financial facility/instrument | Short-term loan | Term loans,Reaffirmed,D365,4,INC — issuer not cooperating with current rater | Rating approaching renewal (6-12 months),"INC + approaching renewal — ACER as fresh, cooperative alternative"
Siddhi Ferrous Pvt. Ltd.,Bank Guarantee,BRICKWORK,A 4,2025-08-22,MEDIUM,Steel & Metals,YES,BRICKWORK,1,Bank Guarantee | Letter Of credit | Term loans,Reaffirmed,D365,4,INC — issuer not cooperating with current rater | Rating approaching renewal (6-12 months),"INC + approaching renewal — ACER as fresh, cooperative alternative"
Sindia Steels Ltd.,Letter Of credit,CARE,A 4,2025-07-31,MEDIUM,Steel & Metals,YES,CARE,1,Letter Of credit,Reaffirmed,D365,4,INC — issuer not cooperating with current rater | Rating approaching renewal (6-12 months),"INC + approaching renewal — ACER as fresh, cooperative alternative"
Sivana Steel & Power Pvt. Ltd.,Term loans,CARE,B-,2026-04-27,LOW,Steel & Metals,YES,ACUITE | CARE,2,Term loans,Downgraded,D365,4,INC — issuer not cooperating with current rater | Multi-agency — open to new entrant,"INC + approaching renewal — ACER as fresh, cooperative alternative"
Smart Stainless Tubes Pvt. Ltd.,Bank Guarantee,CARE,A 4,2026-04-10,LOW,Steel & Metals,YES,ACUITE | CARE,2,Bank Guarantee | Term loans,Reaffirmed,D365,4,INC — issuer not cooperating with current rater | Multi-agency — open to new entrant,"INC + approaching renewal — ACER as fresh, cooperative alternative"
Smita Steels Rolling Mills Pvt. Ltd.,Non-government debt,IND-RA,B-/A4,2026-04-02,LOW,Steel & Metals,YES,CRISIL | IND-RA,2,Letter Of credit | Long term Loans | Non-government debt,Downgraded,D365,4,INC — issuer not cooperating with current rater | Multi-agency — open to new entrant,"INC + approaching renewal — ACER as fresh, cooperative alternative"
Sohn Steel Pvt. Ltd.,Fund based financial facility/instrument,CARE,B-,2025-10-30,MEDIUM,Steel & Metals,YES,CARE,1,Fund based financial facility/instrument | Non-government debt | Term loans,Reaffirmed,D365,4,INC — issuer not cooperating with current rater | Rating approaching renewal (6-12 months),"INC + approaching renewal — ACER as fresh, cooperative alternative"
South Malabar Steels & Alloys Pvt. Ltd.,Bank Guarantee,CARE,A 4,2025-09-18,MEDIUM,Steel & Metals,YES,CARE,1,Bank Guarantee | Term loans,Reaffirmed,D365,4,INC — issuer not cooperating with current rater | Rating approaching renewal (6-12 months),"INC + approaching renewal — ACER as fresh, cooperative alternative"
Sri Raghavendra Ferro Alloys Pvt. Ltd.,Bank Guarantee,ACUITE,D,2025-12-10,MEDIUM,Steel & Metals,YES,ACUITE,1,Bank Guarantee | Letter Of credit | Long term Loans | Term loans,Reaffirmed,D365,4,INC — issuer not cooperating with current rater | Rating approaching renewal (6-12 months),"INC + approaching renewal — ACER as fresh, cooperative alternative"
Sri Venkatesh Iron & Alloys (India) Ltd.,Bank Guarantee,BRICKWORK,A 4,2026-03-25,LOW,Steel & Metals,YES,ACUITE | BRICKWORK,2,Bank Guarantee | Long term Loans,Reaffirmed,D365,4,INC — issuer not cooperating with current rater | Multi-agency — open to new entrant,"INC + approaching renewal — ACER as fresh, cooperative alternative"
Stalwart Alloys India Ltd.,Fund based financial facility/instrument,BRICKWORK,B,2025-07-08,MEDIUM,Steel & Metals,YES,BRICKWORK,1,Fund based financial facility/instrument | Letter Of credit,Downgraded,D365,4,INC — issuer not cooperating with current rater | Rating approaching renewal (6-12 months),"INC + approaching renewal — ACER as fresh, cooperative alternative"
Steelco Gujarat Ltd.,Bank Guarantee,BRICKWORK,D,2025-12-08,MEDIUM,Steel & Metals,YES,BRICKWORK,1,Bank Guarantee | Letter Of credit | Term loans,Withdrawn,D365,4,INC — issuer not cooperating with current rater | Rating approaching renewal (6-12 months),"INC + approaching renewal — ACER as fresh, cooperative alternative"
Stork Ferro & Mineral Inds. Pvt. Ltd.,Letter Of credit,CRISIL,A 4,2025-07-29,MEDIUM,Steel & Metals,YES,CRISIL,1,Letter Of credit,Reaffirmed,D365,4,INC — issuer not cooperating with current rater | Rating approaching renewal (6-12 months),"INC + approaching renewal — ACER as fresh, cooperative alternative"
Sudisa Foundry Pvt. Ltd.,Term loans,IND-RA,A-,2026-01-28,LOW,Steel & Metals,YES,CRISIL | IND-RA,2,Bank Guarantee | Long term Loans | Non-fund based working capital limit | Term loans,Reaffirmed,D365,4,INC — issuer not cooperating with current rater | Multi-agency — open to new entrant,"INC + approaching renewal — ACER as fresh, cooperative alternative"
Sul Steel Pvt. Ltd.,Bank Guarantee,CRISIL,A 4,2025-09-17,MEDIUM,Steel & Metals,YES,CRISIL,1,Bank Guarantee | Fund based financial facility/instrument | Letter Of credit,Reaffirmed,D365,4,INC — issuer not cooperating with current rater | Rating approaching renewal (6-12 months),"INC + approaching renewal — ACER as fresh, cooperative alternative"
Sunrise Multi Steel Pvt. Ltd.,Bank Guarantee,CRISIL,A 4+,2025-09-24,MEDIUM,Steel & Metals,YES,CRISIL,1,Bank Guarantee | Fund based financial facility/instrument | Term loans,Reaffirmed,D365,4,INC — issuer not cooperating with current rater | Rating approaching renewal (6-12 months),"INC + approaching renewal — ACER as fresh, cooperative alternative"
Super Iron Foundry Ltd.,Term loans,CARE,B+,2026-03-25,LOW,Steel & Metals,YES,BRICKWORK | CARE | CRISIL,3,Bank Guarantee | Term loans,Withdrawn,D365,4,INC — issuer not cooperating with current rater | Multi-agency — open to new entrant,"INC + approaching renewal — ACER as fresh, cooperative alternative"
Supreme Polytubes Ltd.,Letter Of credit,CARE,D,2025-07-29,MEDIUM,Steel & Metals,YES,CARE,1,Letter Of credit,Reaffirmed,D365,4,INC — issuer not cooperating with current rater | Rating approaching renewal (6-12 months),"INC + approaching renewal — ACER as fresh, cooperative alternative"
Surya Metalloys Pvt. Ltd.,Non-government debt,IND-RA,B-/A4,2025-08-21,MEDIUM,Steel & Metals,YES,IND-RA,1,Non-government debt,Reaffirmed,D365,4,INC — issuer not cooperating with current rater | Rating approaching renewal (6-12 months),"INC + approaching renewal — ACER as fresh, cooperative alternative"
Swastik Copper Pvt. Ltd.,Bank Guarantee,CRISIL,D,2025-08-22,MEDIUM,Steel & Metals,YES,CRISIL,1,Bank Guarantee | Letter Of credit,Reaffirmed,D365,4,INC — issuer not cooperating with current rater | Rating approaching renewal (6-12 months),"INC + approaching renewal — ACER as fresh, cooperative alternative"
Synergies Castings Ltd.,Term loans,IND-RA,B+,2025-07-08,MEDIUM,Steel & Metals,YES,IND-RA,1,Term loans,Downgraded,D365,4,INC — issuer not cooperating with current rater | Rating approaching renewal (6-12 months),"INC + approaching renewal — ACER as fresh, cooperative alternative"
Tankeshwari Metal Powder Products Pvt. Ltd.,Non-government debt,BRICKWORK,BB+/A4+,2026-02-10,LOW,Steel & Metals,YES,BRICKWORK | CRISIL,2,Fund based financial facility/instrument | Non-government debt | Term loans,Reaffirmed,D365,4,INC — issuer not cooperating with current rater | Multi-agency — open to new entrant,"INC + approaching renewal — ACER as fresh, cooperative alternative"
Tarsun Steels India Pvt. Ltd.,Long term Loans,CRISIL,B+,2025-08-26,MEDIUM,Steel & Metals,YES,CRISIL,1,Long term Loans,Reaffirmed,D365,4,INC — issuer not cooperating with current rater | Rating approaching renewal (6-12 months),"INC + approaching renewal — ACER as fresh, cooperative alternative"
Team Ferro Alloys Pvt. Ltd.,Letter Of credit,BRICKWORK,A 4,2025-07-29,MEDIUM,Steel & Metals,YES,BRICKWORK,1,Letter Of credit,Withdrawn,D365,4,INC — issuer not cooperating with current rater | Rating approaching renewal (6-12 months),"INC + approaching renewal — ACER as fresh, cooperative alternative"
Tehri Iron & Steel Casting Pvt. Ltd.,Bank Guarantee,BRICKWORK,A 4,2026-01-29,LOW,Steel & Metals,YES,BRICKWORK | CRISIL,2,Bank Guarantee | Letter Of credit | Long term Loans | Term loans,Reaffirmed,D365,4,INC — issuer not cooperating with current rater | Multi-agency — open to new entrant,"INC + approaching renewal — ACER as fresh, cooperative alternative"
Tentiwala Metal Products Ltd.,Bank Guarantee,CRISIL,D,2025-10-30,MEDIUM,Steel & Metals,YES,CRISIL,1,Bank Guarantee | Term loans,Reaffirmed,D365,4,INC — issuer not cooperating with current rater | Rating approaching renewal (6-12 months),"INC + approaching renewal — ACER as fresh, cooperative alternative"
Texla Plastics & Metals Pvt. Ltd.,Term loans,CRISIL,B+,2025-07-31,MEDIUM,Steel & Metals,YES,CRISIL,1,Term loans,Reaffirmed,D365,4,INC — issuer not cooperating with current rater | Rating approaching renewal (6-12 months),"INC + approaching renewal — ACER as fresh, cooperative alternative"
Tube Turn (India) Pvt. Ltd.,Non-fund-based financial facility/instrument,ICRA,D,2026-01-02,LOW,Steel & Metals,YES,CARE | CRISIL | ICRA,3,Bank Guarantee | Letter Of credit | Non-fund-based financial facility/instrument,Reaffirmed,D365,4,INC — issuer not cooperating with current rater | Multi-agency — open to new entrant,"INC + approaching renewal — ACER as fresh, cooperative alternative"
U P L Environmental Engineers Ltd.,Bank Guarantee,CRISIL,A 4,2025-06-24,MEDIUM,Steel & Metals,YES,CRISIL,1,Bank Guarantee | Fund based financial facility/instrument,Reaffirmed,D365,4,INC — issuer not cooperating with current rater | Rating approaching renewal (6-12 months),"INC + approaching renewal — ACER as fresh, cooperative alternative"
Umashakti Steels Pvt. Ltd.,Fund based financial facility/instrument,CARE,B-,2026-04-16,LOW,Steel & Metals,YES,CARE | CRISIL,2,Fund based financial facility/instrument | Term loans,Reaffirmed,D365,4,INC — issuer not cooperating with current rater | Multi-agency — open to new entrant,"INC + approaching renewal — ACER as fresh, cooperative alternative"
Unique Forgings (India) Pvt. Ltd.,Bank Guarantee,ICRA,A 3+,2026-04-28,LOW,Steel & Metals,YES,CRISIL | ICRA,2,Bank Guarantee | Non-government debt | Term loans,Reaffirmed,D365,4,INC — issuer not cooperating with current rater | Multi-agency — open to new entrant,"INC + approaching renewal — ACER as fresh, cooperative alternative"
Upper India Steel Mfg. & Engg. Co. Ltd.,Bank Guarantee,CARE,D,2025-08-05,MEDIUM,Steel & Metals,YES,CARE,1,Bank Guarantee,Reaffirmed,D365,4,INC — issuer not cooperating with current rater | Rating approaching renewal (6-12 months),"INC + approaching renewal — ACER as fresh, cooperative alternative"
Utkal Galvanizers Ltd.,Fund based financial facility/instrument,CRISIL,B,2025-07-31,MEDIUM,Steel & Metals,YES,CRISIL,1,Fund based financial facility/instrument | Short-term loan | Term loans,Reaffirmed,D365,4,INC — issuer not cooperating with current rater | Rating approaching renewal (6-12 months),"INC + approaching renewal — ACER as fresh, cooperative alternative"
Utkal Metallics Ltd.,Bank Guarantee,CARE,A 4,2026-02-12,LOW,Steel & Metals,YES,BRICKWORK | CARE,2,Bank Guarantee,Reaffirmed,D365,4,INC — issuer not cooperating with current rater | Multi-agency — open to new entrant,"INC + approaching renewal — ACER as fresh, cooperative alternative"
Vallabh Steels Ltd.,Letter Of credit,ACUITE,D,2026-04-23,LOW,Steel & Metals,YES,ACUITE | CRISIL,2,Letter Of credit | Long term Loans | Term loans,Reaffirmed,D365,4,INC — issuer not cooperating with current rater | Multi-agency — open to new entrant,"INC + approaching renewal — ACER as fresh, cooperative alternative"
Veeranarayana Metal Alloys Pvt. Ltd.,Bank Guarantee,BRICKWORK,D,2026-03-25,LOW,Steel & Metals,YES,BRICKWORK | CRISIL,2,Bank Guarantee,Reaffirmed,D365,4,INC — issuer not cooperating with current rater | Multi-agency — open to new entrant,"INC + approaching renewal — ACER as fresh, cooperative alternative"
Venkateshwara Sponge & Iron Co. Pvt. Ltd.,Term loans,IND-RA,B-,2026-01-16,LOW,Steel & Metals,YES,ACUITE | IND-RA,2,Bank Guarantee | Term loans,Reaffirmed,D365,4,INC — issuer not cooperating with current rater | Multi-agency — open to new entrant,"INC + approaching renewal — ACER as fresh, cooperative alternative"
Venus Alloys Pvt. Ltd.,Long term Loans,ACUITE,BBB,2026-01-06,LOW,Steel & Metals,YES,ACUITE | IND-RA,2,Long term Loans | Term loans,Reaffirmed,D365,4,INC — issuer not cooperating with current rater | Multi-agency — open to new entrant,"INC + approaching renewal — ACER as fresh, cooperative alternative"
Vivan Steels Pvt. Ltd.,Non-government debt,CARE,BBB-/A3,2026-03-05,LOW,Steel & Metals,YES,CARE | CRISIL,2,Bank Guarantee | Long term Loans | Non-government debt | Term loans,Reaffirmed,D365,4,INC — issuer not cooperating with current rater | Multi-agency — open to new entrant,"INC + approaching renewal — ACER as fresh, cooperative alternative"
Warm Forgings Pvt. Ltd.,Bank Guarantee,BRICKWORK,D,2026-03-26,LOW,Steel & Metals,YES,BRICKWORK | CARE,2,Bank Guarantee | Letter Of credit,Reaffirmed,D365,4,INC — issuer not cooperating with current rater | Multi-agency — open to new entrant,"INC + approaching renewal — ACER as fresh, cooperative alternative"
West Well Iron & Steel Pvt. Ltd.,Bank Guarantee,CRISIL,A 4,2026-02-28,LOW,Steel & Metals,YES,CRISIL | IND-RA,2,Bank Guarantee | Long term Loans | Non-fund based working capital limit,Reaffirmed,D365,4,INC — issuer not cooperating with current rater | Multi-agency — open to new entrant,"INC + approaching renewal — ACER as fresh, cooperative alternative"
Yash Metal Impex Pvt. Ltd.,Letter Of credit,ACUITE,A 4,2025-12-01,MEDIUM,Steel & Metals,YES,ACUITE,1,Letter Of credit,Reaffirmed,D365,4,INC — issuer not cooperating with current rater | Rating approaching renewal (6-12 months),"INC + approaching renewal — ACER as fresh, cooperative alternative"
A D Electro-Steel Co. Pvt. Ltd.,Bank Guarantee,CRISIL,A 4,2026-02-25,LOW,Steel & Metals,YES,CRISIL,1,Bank Guarantee | Fund based financial facility/instrument,Reaffirmed,D365,3,INC — issuer not cooperating with current rater,"INC + approaching renewal — ACER as fresh, cooperative alternative"
A One Steels India Pvt. Ltd.,Letter Of credit,BRICKWORK,A 4,2025-12-22,LOW,Steel & Metals,YES,BRICKWORK,1,Letter Of credit,Reaffirmed,D365,3,INC — issuer not cooperating with current rater,"INC + approaching renewal — ACER as fresh, cooperative alternative"
A P L Metals Ltd.,Letter Of credit,ACUITE,D,2026-03-23,LOW,Steel & Metals,YES,ACUITE,1,Letter Of credit,Reaffirmed,D365,3,INC — issuer not cooperating with current rater,"INC + approaching renewal — ACER as fresh, cooperative alternative"
Accurate Steel Forgings (India) Ltd.,Term loans,CRISIL,B,2026-03-12,LOW,Steel & Metals,YES,CRISIL,1,Term loans,Reaffirmed,D365,3,INC — issuer not cooperating with current rater,"INC + approaching renewal — ACER as fresh, cooperative alternative"
Addi Alloys Pvt. Ltd.,Non-fund-based financial facility/instrument,ICRA,A 4,2026-02-16,LOW,Steel & Metals,YES,ICRA,1,Non-fund-based financial facility/instrument,Reaffirmed,D365,3,INC — issuer not cooperating with current rater,"INC + approaching renewal — ACER as fresh, cooperative alternative"
Agrawal Metal Works Pvt. Ltd.,Fund based financial facility/instrument,CRISIL,A,2025-06-02,HIGH,Steel & Metals,NO,CRISIL,1,Fund based financial facility/instrument | Long term Loans | Non-fund-based financial facility/instrument,Reaffirmed,D365,3,Rating overdue (>12 months),Overdue — pitch on speed: ACER completes renewal faster than incumbent
Airen Copper Pvt. Ltd.,Bank Guarantee,CARE,D,2026-03-05,LOW,Steel & Metals,YES,CARE,1,Bank Guarantee,Reaffirmed,D365,3,INC — issuer not cooperating with current rater,"INC + approaching renewal — ACER as fresh, cooperative alternative"
Ajay Steel Casting Pvt. Ltd.,Term loans,CRISIL,B,2026-03-27,LOW,Steel & Metals,YES,CRISIL,1,Term loans,Reaffirmed,D365,3,INC — issuer not cooperating with current rater,"INC + approaching renewal — ACER as fresh, cooperative alternative"
Akshay Khandelwal Tubes & Ispat Pvt. Ltd.,Term loans,ACUITE,D,2026-03-17,LOW,Steel & Metals,YES,ACUITE,1,Term loans,Downgraded,D365,3,INC — issuer not cooperating with current rater,"INC + approaching renewal — ACER as fresh, cooperative alternative"
Alfa Flexitubes Pvt. Ltd.,Non-government debt,CARE,B-/A4,2026-04-08,LOW,Steel & Metals,YES,CARE,1,Non-government debt | Term loans,Reaffirmed,D365,3,INC — issuer not cooperating with current rater,"INC + approaching renewal — ACER as fresh, cooperative alternative"
Alkali Metals Ltd.,Non-fund-based financial facility/instrument,ICRA,A 4+,2025-06-05,HIGH,Steel & Metals,NO,ICRA,1,Fund based financial facility/instrument | Non-fund-based financial facility/instrument,Reaffirmed,D365,3,Rating overdue (>12 months),Overdue — pitch on speed: ACER completes renewal faster than incumbent
Anant Steels Pvt. Ltd.,Term loans,IND-RA,B-,2026-01-16,LOW,Steel & Metals,YES,IND-RA,1,Term loans,Reaffirmed,D365,3,INC — issuer not cooperating with current rater,"INC + approaching renewal — ACER as fresh, cooperative alternative"
Andhra Ferro Alloys Ltd.,Non-fund-based financial facility/instrument,ICRA,D,2026-04-10,LOW,Steel & Metals,YES,ICRA,1,Non-fund-based financial facility/instrument | Non-government debt | Term loans,Reaffirmed,D365,3,INC — issuer not cooperating with current rater,"INC + approaching renewal — ACER as fresh, cooperative alternative"
Anil Steels Pvt. Ltd.,Letter Of credit,CRISIL,A 4,2026-02-20,LOW,Steel & Metals,YES,CRISIL,1,Letter Of credit,Reaffirmed,D365,3,INC — issuer not cooperating with current rater,"INC + approaching renewal — ACER as fresh, cooperative alternative"
Ankur Iron (India) Pvt. Ltd.,Letter Of credit,CRISIL,D,2026-04-21,LOW,Steel & Metals,YES,CRISIL,1,Letter Of credit | Long term Loans | Term loans,Reaffirmed,D365,3,INC — issuer not cooperating with current rater,"INC + approaching renewal — ACER as fresh, cooperative alternative"
Arcelormittal Nippon Steel India Pvt. Ltd.,Letter Of credit,CRISIL,AA+,2025-06-18,HIGH,Steel & Metals,NO,CRISIL,1,Letter Of credit | Long term Loans | Term loans,Upgraded,D365,3,Rating overdue (>12 months),Overdue — pitch on speed: ACER completes renewal faster than incumbent
Arco Steel Pvt. Ltd.,Fund based financial facility/instrument,BRICKWORK,D,2026-01-23,LOW,Steel & Metals,YES,BRICKWORK,1,Fund based financial facility/instrument | Letter Of credit | Term loans,Reaffirmed,D365,3,INC — issuer not cooperating with current rater,"INC + approaching renewal — ACER as fresh, cooperative alternative"
Aryan Castings Pvt. Ltd.,Letter Of credit,ACUITE,D,2026-04-24,LOW,Steel & Metals,YES,ACUITE,1,Letter Of credit,Reaffirmed,D365,3,INC — issuer not cooperating with current rater,"INC + approaching renewal — ACER as fresh, cooperative alternative"
Avon Tubetech Pvt. Ltd.,Bank Guarantee,ACUITE,A 4,2026-02-16,LOW,Steel & Metals,YES,ACUITE,1,Bank Guarantee | Letter Of credit | Term loans,Reaffirmed,D365,3,INC — issuer not cooperating with current rater,"INC + approaching renewal — ACER as fresh, cooperative alternative"
Avtar Steel Ltd.,Long term Loans,CRISIL,BBB,2025-05-27,HIGH,Steel & Metals,NO,CRISIL,1,Long term Loans | Non-fund-based financial facility/instrument | Term loans,Reaffirmed,D365,3,Rating overdue (>12 months),Overdue — pitch on speed: ACER completes renewal faster than incumbent
B D Steels Pvt. Ltd.,Non-fund-based financial facility/instrument,ICRA,A 4,2026-04-17,LOW,Steel & Metals,YES,ICRA,1,Non-fund-based financial facility/instrument,Reaffirmed,D365,3,INC — issuer not cooperating with current rater,"INC + approaching renewal — ACER as fresh, cooperative alternative"
B S Shakti Steel Pvt. Ltd.,Fund based financial facility/instrument,CARE,B-,2026-04-13,LOW,Steel & Metals,YES,CARE,1,Fund based financial facility/instrument | Letter Of credit | Term loans,Downgraded,D365,3,INC — issuer not cooperating with current rater,"INC + approaching renewal — ACER as fresh, cooperative alternative"
Bajaj Steel Inds. Ltd.,Long term Loans,CRISIL,A,2025-05-30,HIGH,Steel & Metals,NO,CRISIL,1,Bank Guarantee | Long term Loans | Non-fund-based financial facility/instrument,Reaffirmed,D365,3,Rating overdue (>12 months),Overdue — pitch on speed: ACER completes renewal faster than incumbent
Bajaj Steels & Inds. Ltd.,Term loans,BRICKWORK,D,2026-03-06,LOW,Steel & Metals,YES,BRICKWORK,1,Term loans,Reaffirmed,D365,3,INC — issuer not cooperating with current rater,"INC + approaching renewal — ACER as fresh, cooperative alternative"
Bajrang Steel & Alloys Pvt. Ltd.,Term loans,IND-RA,B,2026-01-16,LOW,Steel & Metals,YES,IND-RA,1,Term loans,Downgraded,D365,3,INC — issuer not cooperating with current rater,"INC + approaching renewal — ACER as fresh, cooperative alternative"
Balasore Alloys Ltd.,Bank Guarantee,BRICKWORK,D,2025-05-09,HIGH,Steel & Metals,NO,BRICKWORK,1,Bank Guarantee | Letter Of credit,Withdrawn,D365,3,Rating overdue (>12 months),Overdue — pitch on speed: ACER completes renewal faster than incumbent
Balbir Rolling Mills Ltd.,Fund based financial facility/instrument,CRISIL,BBB-,2025-06-04,HIGH,Steel & Metals,NO,CRISIL,1,Fund based financial facility/instrument | Long term Loans | Non-fund-based financial facility/instrument,Reaffirmed,D365,3,Rating overdue (>12 months),Overdue — pitch on speed: ACER completes renewal faster than incumbent
Balmukund Sponge & Iron Pvt. Ltd.,Term loans,CRISIL,A-,2025-05-12,HIGH,Steel & Metals,NO,CRISIL,1,Bank Guarantee | Non-fund-based financial facility/instrument | Term loans,Reaffirmed,D365,3,Rating overdue (>12 months),Overdue — pitch on speed: ACER completes renewal faster than incumbent
Bangalore Metallurgicals Pvt. Ltd.,Term loans,ICRA,B+,2026-04-29,LOW,Steel & Metals,YES,ICRA,1,Term loans,Reaffirmed,D365,3,INC — issuer not cooperating with current rater,"INC + approaching renewal — ACER as fresh, cooperative alternative"
Bansal Pathways (Guna-Sironj) Pvt. Ltd.,Long term Loans,ACUITE,BBB+,2025-05-23,HIGH,Steel & Metals,NO,ACUITE,1,Long term Loans | Term loans,Withdrawn,D365,3,Rating overdue (>12 months),Overdue — pitch on speed: ACER completes renewal faster than incumbent
Barnala Steel Inds. Pvt. Ltd.,Term loans,CRISIL,D,2026-01-13,LOW,Steel & Metals,YES,CRISIL,1,Term loans,Reaffirmed,D365,3,INC — issuer not cooperating with current rater,"INC + approaching renewal — ACER as fresh, cooperative alternative"
Bharat Steel Yard Pvt. Ltd.,Fund based financial facility/instrument,CRISIL,B,2026-01-12,LOW,Steel & Metals,YES,CRISIL,1,Fund based financial facility/instrument | Letter Of credit | Long term Loans,Reaffirmed,D365,3,INC — issuer not cooperating with current rater,"INC + approaching renewal — ACER as fresh, cooperative alternative"
Bhushan Tubes Pvt. Ltd.,Bank Guarantee,CRISIL,A 4,2026-01-12,LOW,Steel & Metals,YES,CRISIL,1,Bank Guarantee | Fund based financial facility/instrument,Reaffirmed,D365,3,INC — issuer not cooperating with current rater,"INC + approaching renewal — ACER as fresh, cooperative alternative"
Biop Steels & Power Pvt. Ltd.,Bank Guarantee,BRICKWORK,A 4,2026-04-07,LOW,Steel & Metals,YES,BRICKWORK,1,Bank Guarantee | Letter Of credit,Reaffirmed,D365,3,INC — issuer not cooperating with current rater,"INC + approaching renewal — ACER as fresh, cooperative alternative"
Bothra Metals & Alloys Ltd.,Letter Of credit,ACUITE,D,2026-03-02,LOW,Steel & Metals,YES,ACUITE,1,Letter Of credit | Term loans,Reaffirmed,D365,3,INC — issuer not cooperating with current rater,"INC + approaching renewal — ACER as fresh, cooperative alternative"
Brace Iron & Steel Pvt. Ltd.,Term loans,IND-RA,A,2025-06-04,HIGH,Steel & Metals,NO,IND-RA,1,Term loans,Withdrawn,D365,3,Rating overdue (>12 months),Overdue — pitch on speed: ACER completes renewal faster than incumbent
Brahampuri Steels Ltd.,Letter Of credit,ACUITE,A 4,2026-02-11,LOW,Steel & Metals,YES,ACUITE,1,Letter Of credit | Long term Loans,Reaffirmed,D365,3,INC — issuer not cooperating with current rater,"INC + approaching renewal — ACER as fresh, cooperative alternative"
Bravo Sponge Iron Pvt. Ltd.,Bank Guarantee,CRISIL,A 2,2025-09-18,MEDIUM,Steel & Metals,NO,ACUITE | CARE | CRISIL,3,Bank Guarantee | Letter Of credit | Long term Loans | Term loans,Withdrawn,D365,3,Rating approaching renewal (6-12 months) | Multi-agency — open to new entrant,Approaching renewal — pitch on quality and accessibility vs current rater
Century Aluminium Mfg. Co. Ltd.,Bank Guarantee,BRICKWORK,D,2026-04-02,LOW,Steel & Metals,YES,BRICKWORK,1,Bank Guarantee | Letter Of credit,Reaffirmed,D365,3,INC — issuer not cooperating with current rater,"INC + approaching renewal — ACER as fresh, cooperative alternative"
Chennai United Metal Inds. Pvt. Ltd.,Term loans,CRISIL,BBB,2025-11-29,MEDIUM,Steel & Metals,NO,BRICKWORK | CRISIL,2,Bank Guarantee | Letter Of credit | Non-fund-based financial facility/instrument | Term loans,Initial Rating,D365,3,Rating approaching renewal (6-12 months) | Multi-agency — open to new entrant,Approaching renewal — pitch on quality and accessibility vs current rater
Chetan Alloys Pvt. Ltd.,Non-government debt,IND-RA,D,2026-01-29,LOW,Steel & Metals,YES,IND-RA,1,Non-government debt,Downgraded,D365,3,INC — issuer not cooperating with current rater,"INC + approaching renewal — ACER as fresh, cooperative alternative"
Divine Alloys & Power Co. Ltd.,Non-government debt,ICRA,D,2026-02-13,LOW,Steel & Metals,YES,ICRA,1,Non-government debt | Term loans,Reaffirmed,D365,3,INC — issuer not cooperating with current rater,"INC + approaching renewal — ACER as fresh, cooperative alternative"
Dmson'S Metal Pvt. Ltd.,Letter Of credit,CRISIL,A 4,2026-04-20,LOW,Steel & Metals,YES,CRISIL,1,Letter Of credit,Reaffirmed,D365,3,INC — issuer not cooperating with current rater,"INC + approaching renewal — ACER as fresh, cooperative alternative"
Durgapur Iron & Steel Co. Pvt. Ltd.,Bank Guarantee,CRISIL,A 4,2026-02-23,LOW,Steel & Metals,YES,CRISIL,1,Bank Guarantee | Fund based financial facility/instrument | Short-term loan | Term loans,Reaffirmed,D365,3,INC — issuer not cooperating with current rater,"INC + approaching renewal — ACER as fresh, cooperative alternative"
Eloquent Steel Pvt. Ltd.,Bank Guarantee,CRISIL,A 2,2025-09-17,MEDIUM,Steel & Metals,NO,ACUITE | CRISIL,2,Bank Guarantee | Fund based financial facility/instrument | Letter Of credit | Long term Loans | Term loans,Withdrawn,D365,3,Rating approaching renewal (6-12 months) | Multi-agency — open to new entrant,Approaching renewal — pitch on quality and accessibility vs current rater
Enam Castings Pvt. Ltd.,Term loans,CRISIL,B,2026-04-28,LOW,Steel & Metals,YES,CRISIL,1,Term loans,Downgraded,D365,3,INC — issuer not cooperating with current rater,"INC + approaching renewal — ACER as fresh, cooperative alternative"
Fabex Steel Structures Pvt. Ltd.,Non-fund based working capital limit,IND-RA,A 3+,2025-05-09,HIGH,Steel & Metals,NO,IND-RA,1,Non-fund based working capital limit | Term loans,Upgraded,D365,3,Rating overdue (>12 months),Overdue — pitch on speed: ACER completes renewal faster than incumbent
G M Iron & Steel Co. Ltd.,Bank Guarantee,CRISIL,A 4,2026-04-23,LOW,Steel & Metals,YES,CRISIL,1,Bank Guarantee,Downgraded,D365,3,INC — issuer not cooperating with current rater,"INC + approaching renewal — ACER as fresh, cooperative alternative"
Gagan Ferrotech Ltd.,Long term Loans,ACUITE,A+,2025-05-30,HIGH,Steel & Metals,NO,ACUITE,1,Bank Guarantee | Letter Of credit | Long term Loans,Withdrawn,D365,3,Rating overdue (>12 months),Overdue — pitch on speed: ACER completes renewal faster than incumbent
Giridhan Metal Pvt. Ltd.,Fund based financial facility/instrument,CRISIL,BBB,2025-09-26,MEDIUM,Steel & Metals,NO,CRISIL | IND-RA,2,Fund based financial facility/instrument | Long term Loans | Non-fund based working capital limit | Non-fund-based financial facility/instrument | Term loans,Reaffirmed,D365,3,Rating approaching renewal (6-12 months) | Multi-agency — open to new entrant,Approaching renewal — pitch on quality and accessibility vs current rater
Glitter Metals Pvt. Ltd.,Non-government debt,ICRA,B+/A4,2026-03-18,LOW,Steel & Metals,YES,ICRA,1,Non-government debt,Reaffirmed,D365,3,INC — issuer not cooperating with current rater,"INC + approaching renewal — ACER as fresh, cooperative alternative"
Govind Steel Co. Ltd.,Fund based financial facility/instrument,CRISIL,B,2026-04-20,LOW,Steel & Metals,YES,CRISIL,1,Fund based financial facility/instrument | Letter Of credit,Downgraded,D365,3,INC — issuer not cooperating with current rater,"INC + approaching renewal — ACER as fresh, cooperative alternative"
Greta Steels Pvt. Ltd.,Letter Of credit,ACUITE,D,2026-04-17,LOW,Steel & Metals,YES,ACUITE,1,Letter Of credit,Reaffirmed,D365,3,INC — issuer not cooperating with current rater,"INC + approaching renewal — ACER as fresh, cooperative alternative"
Gujarat Metal Cast Inds. Pvt. Ltd.,Non-government debt,CARE,BB+/A4+,2025-11-03,MEDIUM,Steel & Metals,NO,CARE | CRISIL,2,Non-government debt | Term loans,Withdrawn,D365,3,Rating approaching renewal (6-12 months) | Multi-agency — open to new entrant,Approaching renewal — pitch on quality and accessibility vs current rater
Gupta Metal Sheets Ltd.,Non-government debt,CARE,B-/A4,2025-12-29,LOW,Steel & Metals,YES,CARE,1,Non-government debt | Term loans,Withdrawn,D365,3,INC — issuer not cooperating with current rater,"INC + approaching renewal — ACER as fresh, cooperative alternative"
Hansco Iron & Steels Pvt. Ltd.,Letter Of credit,CRISIL,A 4,2026-04-20,LOW,Steel & Metals,YES,CRISIL,1,Letter Of credit | Long term Loans,Reaffirmed,D365,3,INC — issuer not cooperating with current rater,"INC + approaching renewal — ACER as fresh, cooperative alternative"
Harihara Metalloys Pvt. Ltd.,Non-government debt,IND-RA,B/A4,2026-04-02,LOW,Steel & Metals,YES,IND-RA,1,Non-government debt,Downgraded,D365,3,INC — issuer not cooperating with current rater,"INC + approaching renewal — ACER as fresh, cooperative alternative"
Heavy Metals & Tubes Ltd.,Non-fund based working capital limit,CARE,D,2026-04-10,LOW,Steel & Metals,YES,CARE,1,Non-fund based working capital limit | Term loans,Reaffirmed,D365,3,INC — issuer not cooperating with current rater,"INC + approaching renewal — ACER as fresh, cooperative alternative"
Hempshier Steel Pvt. Ltd.,Letter Of credit,CRISIL,A 4,2026-03-27,LOW,Steel & Metals,YES,CRISIL,1,Letter Of credit,Downgraded,D365,3,INC — issuer not cooperating with current rater,"INC + approaching renewal — ACER as fresh, cooperative alternative"
Himalayan Rolling Steel Inds. Pvt. Ltd.,Term loans,BRICKWORK,D,2026-04-06,LOW,Steel & Metals,YES,BRICKWORK,1,Term loans,Reaffirmed,D365,3,INC — issuer not cooperating with current rater,"INC + approaching renewal — ACER as fresh, cooperative alternative"
Idcol Ferro Chrome & Alloys Ltd. [Merged],Bank Guarantee,CARE,A 4,2026-04-17,LOW,Steel & Metals,YES,CARE,1,Bank Guarantee,Reaffirmed,D365,3,INC — issuer not cooperating with current rater,"INC + approaching renewal — ACER as fresh, cooperative alternative"
Insco Steels Pvt. Ltd. [Merged],Letter Of credit,CARE,D,2026-01-29,LOW,Steel & Metals,YES,CARE,1,Letter Of credit,Reaffirmed,D365,3,INC — issuer not cooperating with current rater,"INC + approaching renewal — ACER as fresh, cooperative alternative"
International Coil Ltd.,Non-government debt,IND-RA,B-/A4,2026-04-02,LOW,Steel & Metals,YES,IND-RA,1,Non-government debt,Downgraded,D365,3,INC — issuer not cooperating with current rater,"INC + approaching renewal — ACER as fresh, cooperative alternative"
International Steel Exchange Pvt. Ltd.,Bank Guarantee,CRISIL,A 4,2026-04-20,LOW,Steel & Metals,YES,CRISIL,1,Bank Guarantee,Reaffirmed,D365,3,INC — issuer not cooperating with current rater,"INC + approaching renewal — ACER as fresh, cooperative alternative"
Isha Steel Treatment Pvt. Ltd.,Term loans,ICRA,A,2025-05-20,HIGH,Steel & Metals,NO,ICRA,1,Term loans,Reaffirmed,D365,3,Rating overdue (>12 months),Overdue — pitch on speed: ACER completes renewal faster than incumbent
J M Ferro Alloys Pvt. Ltd.,Letter Of credit,CARE,D,2026-04-10,LOW,Steel & Metals,YES,CARE,1,Letter Of credit,Reaffirmed,D365,3,INC — issuer not cooperating with current rater,"INC + approaching renewal — ACER as fresh, cooperative alternative"
J R Seamless Pvt. Ltd.,Letter Of credit,BRICKWORK,A 4,2026-02-27,LOW,Steel & Metals,YES,BRICKWORK,1,Letter Of credit,Reaffirmed,D365,3,INC — issuer not cooperating with current rater,"INC + approaching renewal — ACER as fresh, cooperative alternative"
J S W Steel Ltd.,Non-government debt,ICRA,AA/A1+,2025-12-12,MEDIUM,Steel & Metals,NO,CARE | ICRA,2,Bank Guarantee | Fund based financial facility/instrument | Non-fund-based financial facility/instrument | Non-government debt | Term loans,Rating Watch,D365,3,Rating approaching renewal (6-12 months) | Multi-agency — open to new entrant,Approaching renewal — pitch on quality and accessibility vs current rater
J S W Structural Metal Decking Ltd.,Fund based financial facility/instrument,CRISIL,A 2,2025-05-22,HIGH,Steel & Metals,NO,CRISIL,1,Fund based financial facility/instrument | Letter Of credit | Long term Loans,Reaffirmed,D365,3,Rating overdue (>12 months),Overdue — pitch on speed: ACER completes renewal faster than incumbent
Jai Hind Rolling Mills India Pvt. Ltd.,Long term Loans,CRISIL,BBB-,2025-09-23,MEDIUM,Steel & Metals,NO,CARE | CRISIL,2,Fund based financial facility/instrument | Long term Loans | Term loans,Initial Rating,D365,3,Rating approaching renewal (6-12 months) | Multi-agency — open to new entrant,Approaching renewal — pitch on quality and accessibility vs current rater
Jai Hind Wire Rod Mills Pvt. Ltd.,Bank Guarantee,CARE,B,2026-02-20,LOW,Steel & Metals,YES,CARE,1,Bank Guarantee | Letter Of credit | Term loans,Downgraded,D365,3,INC — issuer not cooperating with current rater,"INC + approaching renewal — ACER as fresh, cooperative alternative"
Jaideep Ispat & Alloys Pvt. Ltd.,Non-government debt,ICRA,A+/A1,2025-06-17,HIGH,Steel & Metals,NO,ICRA,1,Non-fund-based financial facility/instrument | Non-government debt | Term loans,Reaffirmed,D365,3,Rating overdue (>12 months),Overdue — pitch on speed: ACER completes renewal faster than incumbent
Jaideep Metallics & Alloys Pvt. Ltd.,Bank Guarantee,CARE,A 4,2026-03-10,LOW,Steel & Metals,YES,CARE,1,Bank Guarantee | Letter Of credit | Term loans,Reaffirmed,D365,3,INC — issuer not cooperating with current rater,"INC + approaching renewal — ACER as fresh, cooperative alternative"
Jainex Metaliks Ltd.,Non-government debt,IND-RA,D,2026-01-16,LOW,Steel & Metals,YES,IND-RA,1,Non-government debt,Reaffirmed,D365,3,INC — issuer not cooperating with current rater,"INC + approaching renewal — ACER as fresh, cooperative alternative"
Jayachandran Alloys Pvt. Ltd.,Bank Guarantee,CRISIL,A 4,2026-04-23,LOW,Steel & Metals,YES,CRISIL,1,Bank Guarantee,Downgraded,D365,3,INC — issuer not cooperating with current rater,"INC + approaching renewal — ACER as fresh, cooperative alternative"
Jayalakshmi Alloys India Pvt. Ltd.,Bank Guarantee,BRICKWORK,D,2026-01-20,LOW,Steel & Metals,YES,BRICKWORK,1,Bank Guarantee | Term loans,Reaffirmed,D365,3,INC — issuer not cooperating with current rater,"INC + approaching renewal — ACER as fresh, cooperative alternative"
Jindal Steel Ltd.,Term loans,ICRA,AA,2025-10-10,MEDIUM,Steel & Metals,NO,CARE | ICRA,2,Bank Guarantee | Non-fund-based financial facility/instrument | Term loans,Reaffirmed,D365,3,Rating approaching renewal (6-12 months) | Multi-agency — open to new entrant,Approaching renewal — pitch on quality and accessibility vs current rater
K G Iron & Steel Castings Pvt. Ltd.,Long term Loans,CRISIL,B-,2026-02-23,LOW,Steel & Metals,YES,CRISIL,1,Long term Loans | Term loans,Reaffirmed,D365,3,INC — issuer not cooperating with current rater,"INC + approaching renewal — ACER as fresh, cooperative alternative"
Kalika Steel Alloys Pvt. Ltd.,Bank Guarantee,CARE,A 4,2026-04-01,LOW,Steel & Metals,YES,CARE,1,Bank Guarantee | Letter Of credit | Term loans,Withdrawn,D365,3,INC — issuer not cooperating with current rater,"INC + approaching renewal — ACER as fresh, cooperative alternative"
Kalisma Steel Pvt. Ltd.,Fund based financial facility/instrument,BRICKWORK,D,2025-12-26,LOW,Steel & Metals,YES,BRICKWORK,1,Fund based financial facility/instrument | Non-fund-based financial facility/instrument,Reaffirmed,D365,3,INC — issuer not cooperating with current rater,"INC + approaching renewal — ACER as fresh, cooperative alternative"
Kanishk Steel Inds. Ltd.,Non-fund-based financial facility/instrument,ICRA,A 4+,2025-06-06,HIGH,Steel & Metals,NO,ICRA,1,Non-fund-based financial facility/instrument | Non-government debt,Downgraded,D365,3,Rating overdue (>12 months),Overdue — pitch on speed: ACER completes renewal faster than incumbent
Kannappan Iron & Steel Co. Pvt. Ltd.,Non-government debt,IND-RA,B/A4,2026-01-16,LOW,Steel & Metals,YES,IND-RA,1,Non-government debt,Downgraded,D365,3,INC — issuer not cooperating with current rater,"INC + approaching renewal — ACER as fresh, cooperative alternative"
Kesar Alloy & Metal Pvt. Ltd.,Fund based financial facility/instrument,CRISIL,B,2026-04-23,LOW,Steel & Metals,YES,CRISIL,1,Fund based financial facility/instrument | Term loans,Reaffirmed,D365,3,INC — issuer not cooperating with current rater,"INC + approaching renewal — ACER as fresh, cooperative alternative"
Kisaan Steels Pvt. Ltd.,Bank Guarantee,BRICKWORK,A 4,2026-03-06,LOW,Steel & Metals,YES,BRICKWORK,1,Bank Guarantee | Fund based financial facility/instrument,Reaffirmed,D365,3,INC — issuer not cooperating with current rater,"INC + approaching renewal — ACER as fresh, cooperative alternative"
Kisco Castings (India) Ltd.,Letter Of credit,CRISIL,A 4,2026-03-20,LOW,Steel & Metals,YES,CRISIL,1,Letter Of credit | Long term Loans | Term loans,Reaffirmed,D365,3,INC — issuer not cooperating with current rater,"INC + approaching renewal — ACER as fresh, cooperative alternative"
Kiwi Alloys Ltd.,Long term Loans,CRISIL,B,2026-03-17,LOW,Steel & Metals,YES,CRISIL,1,Long term Loans | Term loans,Reaffirmed,D365,3,INC — issuer not cooperating with current rater,"INC + approaching renewal — ACER as fresh, cooperative alternative"
Kuber Casting Pvt. Ltd.,Letter Of credit,CARE,A 4,2026-02-12,LOW,Steel & Metals,YES,CARE,1,Letter Of credit | Non-government debt,Reaffirmed,D365,3,INC — issuer not cooperating with current rater,"INC + approaching renewal — ACER as fresh, cooperative alternative"
Lalwani Ferro Alloys Ltd.,Fund based financial facility/instrument,CRISIL,A-,2025-06-16,HIGH,Steel & Metals,NO,CRISIL,1,Fund based financial facility/instrument | Non-fund-based financial facility/instrument,Downgraded,D365,3,Rating overdue (>12 months),Overdue — pitch on speed: ACER completes renewal faster than incumbent
M P K Steels I Ltd.,Long term Loans,CRISIL,D,2026-03-10,LOW,Steel & Metals,YES,CRISIL,1,Long term Loans | Term loans,Withdrawn,D365,3,INC — issuer not cooperating with current rater,"INC + approaching renewal — ACER as fresh, cooperative alternative"
Maa Kali Alloys Udyog Pvt. Ltd.,Bank Guarantee,BRICKWORK,A 4,2026-03-05,LOW,Steel & Metals,YES,BRICKWORK,1,Bank Guarantee | Term loans,Reaffirmed,D365,3,INC — issuer not cooperating with current rater,"INC + approaching renewal — ACER as fresh, cooperative alternative"
Maa Mahamaya Alloys Pvt. Ltd.,Bank Guarantee,CARE,A 4,2026-03-25,LOW,Steel & Metals,YES,CARE,1,Bank Guarantee | Term loans,Reaffirmed,D365,3,INC — issuer not cooperating with current rater,"INC + approaching renewal — ACER as fresh, cooperative alternative"
Masina Alloys Pvt. Ltd.,Bank Guarantee,CRISIL,A 4,2026-04-23,LOW,Steel & Metals,YES,CRISIL,1,Bank Guarantee,Reaffirmed,D365,3,INC — issuer not cooperating with current rater,"INC + approaching renewal — ACER as fresh, cooperative alternative"
Met-Rolla Iron & Strips Co. Ltd.,Fund based financial facility/instrument,CRISIL,B,2026-02-26,LOW,Steel & Metals,YES,CRISIL,1,Fund based financial facility/instrument | Letter Of credit,Reaffirmed,D365,3,INC — issuer not cooperating with current rater,"INC + approaching renewal — ACER as fresh, cooperative alternative"
Metal Crafts Constructors Pvt. Ltd.,Bank Guarantee,CRISIL,A 4,2026-04-27,LOW,Steel & Metals,YES,CRISIL,1,Bank Guarantee | Term loans,Downgraded,D365,3,INC — issuer not cooperating with current rater,"INC + approaching renewal — ACER as fresh, cooperative alternative"
Minera Steel & Power Pvt. Ltd.,Non-government debt,IND-RA,A+/A1+,2025-10-23,MEDIUM,Steel & Metals,NO,ICRA | IND-RA,2,Non-fund based working capital limit | Non-fund-based financial facility/instrument | Non-government debt | Term loans,Reaffirmed,D365,3,Rating approaching renewal (6-12 months) | Multi-agency — open to new entrant,Approaching renewal — pitch on quality and accessibility vs current rater
Monga Iron & Steel Pvt. Ltd.,Long term Loans,CRISIL,D,2026-01-30,LOW,Steel & Metals,YES,CRISIL,1,Long term Loans,Reaffirmed,D365,3,INC — issuer not cooperating with current rater,"INC + approaching renewal — ACER as fresh, cooperative alternative"
Multicolor Steels (India) Pvt. Ltd.,Letter Of credit,CRISIL,A 4+,2026-04-30,LOW,Steel & Metals,YES,CRISIL,1,Fund based financial facility/instrument | Letter Of credit | Term loans,Reaffirmed,D365,3,INC — issuer not cooperating with current rater,"INC + approaching renewal — ACER as fresh, cooperative alternative"
Multiple Special Steel Pvt. Ltd.,Letter Of credit,CRISIL,A 4,2026-04-24,LOW,Steel & Metals,YES,CRISIL,1,Letter Of credit | Long term Loans | Term loans,Reaffirmed,D365,3,INC — issuer not cooperating with current rater,"INC + approaching renewal — ACER as fresh, cooperative alternative"
N M D C Steel Ltd.,Non-fund based working capital limit,IND-RA,A 2+,2025-12-19,MEDIUM,Steel & Metals,NO,CRISIL | IND-RA,2,Non-fund based working capital limit | Term loans,Reaffirmed,D365,3,Rating approaching renewal (6-12 months) | Multi-agency — open to new entrant,Approaching renewal — pitch on quality and accessibility vs current rater
N R Steel & Ferro Pvt. Ltd.,Long term Loans,CRISIL,A,2025-08-06,MEDIUM,Steel & Metals,NO,ACUITE | CRISIL,2,Long term Loans | Term loans,Reaffirmed,D365,3,Rating approaching renewal (6-12 months) | Multi-agency — open to new entrant,Approaching renewal — pitch on quality and accessibility vs current rater
N R V S Steels Ltd.,Term loans,CRISIL,A,2025-08-06,MEDIUM,Steel & Metals,NO,ACUITE | CRISIL,2,Long term Loans | Term loans,Reaffirmed,D365,3,Rating approaching renewal (6-12 months) | Multi-agency — open to new entrant,Approaching renewal — pitch on quality and accessibility vs current rater
Neco Heavy Engg. & Castings Pvt. Ltd.,Non-fund-based financial facility/instrument,ICRA,A 4,2026-04-28,LOW,Steel & Metals,YES,ICRA,1,Non-fund-based financial facility/instrument,Withdrawn,D365,3,INC — issuer not cooperating with current rater,"INC + approaching renewal — ACER as fresh, cooperative alternative"
Neelkamal Steels Pvt. Ltd.,Non-fund-based financial facility/instrument,ICRA,A 4,2026-01-20,LOW,Steel & Metals,YES,ICRA,1,Non-fund-based financial facility/instrument | Term loans,Reaffirmed,D365,3,INC — issuer not cooperating with current rater,"INC + approaching renewal — ACER as fresh, cooperative alternative"
New Steel Trdg. Pvt. Ltd.,Bank Guarantee,BRICKWORK,D,2026-02-25,LOW,Steel & Metals,YES,BRICKWORK,1,Bank Guarantee | Letter Of credit,Reaffirmed,D365,3,INC — issuer not cooperating with current rater,"INC + approaching renewal — ACER as fresh, cooperative alternative"
Nilkanth Ferro Ltd.,Bank Guarantee,ACUITE,A 2,2025-05-23,HIGH,Steel & Metals,NO,ACUITE,1,Bank Guarantee | Letter Of credit | Long term Loans,Reaffirmed,D365,3,Rating overdue (>12 months),Overdue — pitch on speed: ACER completes renewal faster than incumbent
North East Ferro Alloys Co. Pvt. Ltd.,Term loans,CARE,B-,2026-04-20,LOW,Steel & Metals,YES,CARE,1,Term loans,Reaffirmed,D365,3,INC — issuer not cooperating with current rater,"INC + approaching renewal — ACER as fresh, cooperative alternative"
Oro Precious Metals Pvt. Ltd.,Non-government debt,ICRA,A-/A2+,2025-12-18,MEDIUM,Steel & Metals,NO,CRISIL | ICRA,2,Fund based financial facility/instrument | Non-government debt,Reaffirmed,D365,3,Rating approaching renewal (6-12 months) | Multi-agency — open to new entrant,Approaching renewal — pitch on quality and accessibility vs current rater
Patna Iron Pvt. Ltd.,Long term Loans,CRISIL,B,2026-01-31,LOW,Steel & Metals,YES,CRISIL,1,Long term Loans,Downgraded,D365,3,INC — issuer not cooperating with current rater,"INC + approaching renewal — ACER as fresh, cooperative alternative"
Paul & Co. Steel Merchants Pvt. Ltd.,Fund based financial facility/instrument,ACUITE,B,2026-03-31,LOW,Steel & Metals,YES,ACUITE,1,Fund based financial facility/instrument,Downgraded,D365,3,INC — issuer not cooperating with current rater,"INC + approaching renewal — ACER as fresh, cooperative alternative"
Peekay Rolling Mills Pvt. Ltd.,Non-government debt,CARE,BBB/A3+,2025-12-05,MEDIUM,Steel & Metals,NO,CARE | CRISIL,2,Bank Guarantee | Letter Of credit | Non-fund-based financial facility/instrument | Non-government debt | Term loans,Withdrawn,D365,3,Rating approaching renewal (6-12 months) | Multi-agency — open to new entrant,Approaching renewal — pitch on quality and accessibility vs current rater
Peekay Steel Castings Pvt. Ltd.,Non-government debt,CARE,A-/A2,2025-11-04,MEDIUM,Steel & Metals,NO,CARE | CRISIL,2,Bank Guarantee | Letter Of credit | Non-government debt | Term loans,Withdrawn,D365,3,Rating approaching renewal (6-12 months) | Multi-agency — open to new entrant,Approaching renewal — pitch on quality and accessibility vs current rater
Pentagon Steels India Pvt. Ltd.,Letter Of credit,CRISIL,A 4,2026-03-30,LOW,Steel & Metals,YES,CRISIL,1,Letter Of credit | Term loans,Reaffirmed,D365,3,INC — issuer not cooperating with current rater,"INC + approaching renewal — ACER as fresh, cooperative alternative"
Pradeep Stainless India Pvt. Ltd.,Letter Of credit,CRISIL,A 4,2026-04-09,LOW,Steel & Metals,YES,CRISIL,1,Letter Of credit | Long term Loans,Downgraded,D365,3,INC — issuer not cooperating with current rater,"INC + approaching renewal — ACER as fresh, cooperative alternative"
Prakash Steelage Ltd.,Bank Guarantee,CARE,D,2026-02-20,LOW,Steel & Metals,YES,CARE,1,Bank Guarantee | Fund based financial facility/instrument,Reaffirmed,D365,3,INC — issuer not cooperating with current rater,"INC + approaching renewal — ACER as fresh, cooperative alternative"
Prayan Ispat & Steel Pvt. Ltd.,Letter Of credit,CARE,D,2026-04-22,LOW,Steel & Metals,YES,CARE,1,Letter Of credit | Term loans,Reaffirmed,D365,3,INC — issuer not cooperating with current rater,"INC + approaching renewal — ACER as fresh, cooperative alternative"
Prragathi Steel Castings Pvt. Ltd.,Letter Of credit,CRISIL,B,2026-01-27,LOW,Steel & Metals,YES,CRISIL,1,Letter Of credit | Term loans,Reaffirmed,D365,3,INC — issuer not cooperating with current rater,"INC + approaching renewal — ACER as fresh, cooperative alternative"
Puneet Iron & Steel Pvt. Ltd.,Non-government debt,IND-RA,B-/A4,2026-01-16,LOW,Steel & Metals,YES,IND-RA,1,Non-government debt,Downgraded,D365,3,INC — issuer not cooperating with current rater,"INC + approaching renewal — ACER as fresh, cooperative alternative"
R K Steel Udyog Pvt. Ltd.,Fund based financial facility/instrument,CRISIL,A 4+,2026-02-06,LOW,Steel & Metals,YES,CRISIL,1,Fund based financial facility/instrument,Withdrawn,D365,3,INC — issuer not cooperating with current rater,"INC + approaching renewal — ACER as fresh, cooperative alternative"
R S A L Steel Pvt. Ltd.,Non-fund-based financial facility/instrument,ICRA,D,2026-04-29,LOW,Steel & Metals,YES,ICRA,1,Non-fund-based financial facility/instrument | Term loans,Reaffirmed,D365,3,INC — issuer not cooperating with current rater,"INC + approaching renewal — ACER as fresh, cooperative alternative"
Raghuveer Metal Inds. Ltd.,Non-government debt,IND-RA,C/A4,2026-04-02,LOW,Steel & Metals,YES,IND-RA,1,Non-government debt,Reaffirmed,D365,3,INC — issuer not cooperating with current rater,"INC + approaching renewal — ACER as fresh, cooperative alternative"
Rajputana Stainless Ltd.,Fund based financial facility/instrument,CRISIL,BBB,2025-05-19,HIGH,Steel & Metals,NO,CRISIL,1,Fund based financial facility/instrument | Non-fund-based financial facility/instrument | Term loans,Reaffirmed,D365,3,Rating overdue (>12 months),Overdue — pitch on speed: ACER completes renewal faster than incumbent
Rajshri Iron Inds. Pvt. Ltd.,Bank Guarantee,CRISIL,A 2,2026-02-06,LOW,Steel & Metals,YES,CRISIL,1,Bank Guarantee | Non-fund-based financial facility/instrument,Upgraded,D365,3,INC — issuer not cooperating with current rater,"INC + approaching renewal — ACER as fresh, cooperative alternative"
Ramkrishna Forgings Ltd.,Fund based financial facility/instrument,CRISIL,AA-,2025-12-19,MEDIUM,Steel & Metals,NO,CRISIL | ICRA,2,Fund based financial facility/instrument | Non-fund-based financial facility/instrument | Non-government debt | Term loans,Reaffirmed,D365,3,Rating approaching renewal (6-12 months) | Multi-agency — open to new entrant,Approaching renewal — pitch on quality and accessibility vs current rater
Ramprasad Tubes & Bars Pvt. Ltd.,Bank Guarantee,ACUITE,A 4,2026-01-20,LOW,Steel & Metals,YES,ACUITE,1,Bank Guarantee | Letter Of credit | Long term Loans,Reaffirmed,D365,3,INC — issuer not cooperating with current rater,"INC + approaching renewal — ACER as fresh, cooperative alternative"
Rathi Special Steels Ltd.,Term loans,CARE,BB+,2026-03-31,LOW,Steel & Metals,YES,CARE,1,Term loans,Downgraded,D365,3,INC — issuer not cooperating with current rater,"INC + approaching renewal — ACER as fresh, cooperative alternative"
Ratnamani Metals & Tubes Ltd.,Letter Of credit,CRISIL,A 1+,2025-06-11,HIGH,Steel & Metals,NO,CRISIL,1,Letter Of credit,Reaffirmed,D365,3,Rating overdue (>12 months),Overdue — pitch on speed: ACER completes renewal faster than incumbent
Ratnesh Metal Inds. Pvt. Ltd.,Bank Guarantee,BRICKWORK,A 4,2026-03-16,LOW,Steel & Metals,YES,BRICKWORK,1,Bank Guarantee | Fund based financial facility/instrument | Letter Of credit | Non-fund-based financial facility/instrument,Reaffirmed,D365,3,INC — issuer not cooperating with current rater,"INC + approaching renewal — ACER as fresh, cooperative alternative"
Rishabh Metals & Chemicals Pvt. Ltd.,Letter Of credit,ACUITE,A 4+,2026-04-29,LOW,Steel & Metals,YES,ACUITE,1,Letter Of credit | Long term Loans,Reaffirmed,D365,3,INC — issuer not cooperating with current rater,"INC + approaching renewal — ACER as fresh, cooperative alternative"
Rukmani Power & Steel Pvt. Ltd.,Non-government debt,BRICKWORK,C,2026-02-20,LOW,Steel & Metals,YES,BRICKWORK,1,Non-government debt,Reaffirmed,D365,3,INC — issuer not cooperating with current rater,"INC + approaching renewal — ACER as fresh, cooperative alternative"
S K P Steel Inds. Pvt. Ltd.,Bank Guarantee,ACUITE,A 4,2026-01-13,LOW,Steel & Metals,YES,ACUITE,1,Bank Guarantee | Long term Loans | Term loans,Downgraded,D365,3,INC — issuer not cooperating with current rater,"INC + approaching renewal — ACER as fresh, cooperative alternative"
S M W Metal Pvt. Ltd.,Letter Of credit,BRICKWORK,A 4,2026-03-12,LOW,Steel & Metals,YES,BRICKWORK,1,Letter Of credit,Reaffirmed,D365,3,INC — issuer not cooperating with current rater,"INC + approaching renewal — ACER as fresh, cooperative alternative"
S P S Steels Rolling Mills Ltd.,Bank Guarantee,CRISIL,A 2,2025-09-17,MEDIUM,Steel & Metals,NO,ACUITE | CRISIL,2,Bank Guarantee | Fund based financial facility/instrument | Letter Of credit | Long term Loans | Non-fund-based financial facility/instrument | Term loans,Withdrawn,D365,3,Rating approaching renewal (6-12 months) | Multi-agency — open to new entrant,Approaching renewal — pitch on quality and accessibility vs current rater
Sadhu Forging Ltd.,Non-fund-based financial facility/instrument,ICRA,A 3,2025-05-29,HIGH,Steel & Metals,NO,ICRA,1,Non-fund-based financial facility/instrument | Non-government debt | Term loans,Withdrawn,D365,3,Rating overdue (>12 months),Overdue — pitch on speed: ACER completes renewal faster than incumbent
Sambhv Steel Tubes Ltd.,Term loans,ACUITE,A,2025-10-15,MEDIUM,Steel & Metals,NO,ACUITE | CARE,2,Letter Of credit | Non-fund-based financial facility/instrument | Non-government debt | Term loans,Reaffirmed,D365,3,Rating approaching renewal (6-12 months) | Multi-agency — open to new entrant,Approaching renewal — pitch on quality and accessibility vs current rater
Samyak Metals Pvt. Ltd.,Non-government debt,CARE,BBB/A3+,2025-05-16,HIGH,Steel & Metals,NO,CARE,1,Non-government debt,Initial Rating,D365,3,Rating overdue (>12 months),Overdue — pitch on speed: ACER completes renewal faster than incumbent
Sanyo Special Steel Manufacturing India Pvt. Ltd.,Fund based financial facility/instrument,IND-RA,A-,2025-05-13,HIGH,Steel & Metals,NO,IND-RA,1,Fund based financial facility/instrument | Non-fund-based financial facility/instrument | Term loans,Upgraded,D365,3,Rating overdue (>12 months),Overdue — pitch on speed: ACER completes renewal faster than incumbent
Sarda Metals & Alloys Ltd.,Long term Loans,CRISIL,A,2025-11-11,MEDIUM,Steel & Metals,NO,CRISIL | IND-RA,2,Bank Guarantee | Letter Of credit | Long term Loans | Non-fund-based financial facility/instrument | Term loans,Reaffirmed,D365,3,Rating approaching renewal (6-12 months) | Multi-agency — open to new entrant,Approaching renewal — pitch on quality and accessibility vs current rater
Scorodite Stainless India Pvt. Ltd.,Bank Guarantee,CRISIL,D,2026-01-23,LOW,Steel & Metals,YES,CRISIL,1,Bank Guarantee | Letter Of credit | Term loans,Reaffirmed,D365,3,INC — issuer not cooperating with current rater,"INC + approaching renewal — ACER as fresh, cooperative alternative"
Shalini Steels Pvt. Ltd.,Long term Loans,CRISIL,B,2026-02-27,LOW,Steel & Metals,YES,CRISIL,1,Long term Loans,Downgraded,D365,3,INC — issuer not cooperating with current rater,"INC + approaching renewal — ACER as fresh, cooperative alternative"
Shivshiva Steel Pvt. Ltd.,Term loans,CARE,B-,2026-02-16,LOW,Steel & Metals,YES,CARE,1,Term loans,Reaffirmed,D365,3,INC — issuer not cooperating with current rater,"INC + approaching renewal — ACER as fresh, cooperative alternative"
Shree Parashnath Re-Rolling Mills Ltd.,Bank Guarantee,CARE,D,2026-02-05,LOW,Steel & Metals,YES,CARE,1,Bank Guarantee | Term loans,Reaffirmed,D365,3,INC — issuer not cooperating with current rater,"INC + approaching renewal — ACER as fresh, cooperative alternative"
Shree Ram Sponge & Steels Pvt. Ltd.,Letter Of credit,CRISIL,A 4,2026-02-27,LOW,Steel & Metals,YES,CRISIL,1,Letter Of credit,Reaffirmed,D365,3,INC — issuer not cooperating with current rater,"INC + approaching renewal — ACER as fresh, cooperative alternative"
Shree Sidhbali Steels Pvt. Ltd.,Bank Guarantee,CRISIL,A 4,2026-03-27,LOW,Steel & Metals,YES,CRISIL,1,Bank Guarantee | Letter Of credit | Long term Loans | Term loans,Withdrawn,D365,3,INC — issuer not cooperating with current rater,"INC + approaching renewal — ACER as fresh, cooperative alternative"
Shreeyam Power & Steel Inds. Ltd.,Fund based financial facility/instrument,CRISIL,BBB,2025-06-10,HIGH,Steel & Metals,NO,CRISIL,1,Fund based financial facility/instrument | Long term Loans | Non-fund-based financial facility/instrument,Reaffirmed,D365,3,Rating overdue (>12 months),Overdue — pitch on speed: ACER completes renewal faster than incumbent
Shri Ambika Metaliks Pvt. Ltd.,Bank Guarantee,BRICKWORK,A 4,2025-12-30,LOW,Steel & Metals,YES,BRICKWORK,1,Bank Guarantee | Letter Of credit,Reaffirmed,D365,3,INC — issuer not cooperating with current rater,"INC + approaching renewal — ACER as fresh, cooperative alternative"
Shri Mahavir Iron & Steel Pvt. Ltd.,Term loans,CARE,BB-,2026-04-27,LOW,Steel & Metals,YES,CARE,1,Term loans,Downgraded,D365,3,INC — issuer not cooperating with current rater,"INC + approaching renewal — ACER as fresh, cooperative alternative"
Shri Veerganapathi Steels Pvt. Ltd.,Bank Guarantee,ACUITE,A 4,2026-04-17,LOW,Steel & Metals,YES,ACUITE,1,Bank Guarantee | Letter Of credit,Reaffirmed,D365,3,INC — issuer not cooperating with current rater,"INC + approaching renewal — ACER as fresh, cooperative alternative"
Shristi Ispat & Alloys Ltd.,Bank Guarantee,ACUITE,A 4+,2026-03-30,LOW,Steel & Metals,YES,ACUITE,1,Bank Guarantee | Term loans,Withdrawn,D365,3,INC — issuer not cooperating with current rater,"INC + approaching renewal — ACER as fresh, cooperative alternative"
Shubh Aluminium Pvt. Ltd.,Non-government debt,CARE,C/A4,2026-02-06,LOW,Steel & Metals,YES,CARE,1,Non-government debt,Reaffirmed,D365,3,INC — issuer not cooperating with current rater,"INC + approaching renewal — ACER as fresh, cooperative alternative"
Shubh Arya Steel Pvt. Ltd.,Letter Of credit,CARE,A 4,2025-06-16,HIGH,Steel & Metals,NO,CARE,1,Letter Of credit,Reaffirmed,D365,3,Rating overdue (>12 months),Overdue — pitch on speed: ACER completes renewal faster than incumbent
Sigma Metal & Power Pvt. Ltd.,Term loans,CARE,BB,2026-03-30,LOW,Steel & Metals,YES,CARE,1,Term loans,Downgraded,D365,3,INC — issuer not cooperating with current rater,"INC + approaching renewal — ACER as fresh, cooperative alternative"
Snam Alloys Pvt. Ltd.,Bank Guarantee,CRISIL,A 2+,2025-05-08,HIGH,Steel & Metals,NO,CRISIL,1,Bank Guarantee | Letter Of credit,Reaffirmed,D365,3,Rating overdue (>12 months),Overdue — pitch on speed: ACER completes renewal faster than incumbent
Sona B L W Precision Forgings Ltd.,Non-government debt,IND-RA,AA+/A1+,2025-05-19,HIGH,Steel & Metals,NO,IND-RA,1,Non-government debt | Term loans,Reaffirmed,D365,3,Rating overdue (>12 months),Overdue — pitch on speed: ACER completes renewal faster than incumbent
Spintech Tubes Pvt. Ltd.,Term loans,ACUITE,A+,2025-05-30,HIGH,Steel & Metals,NO,ACUITE,1,Bank Guarantee | Letter Of credit | Term loans,Reaffirmed,D365,3,Rating overdue (>12 months),Overdue — pitch on speed: ACER completes renewal faster than incumbent
Sree Ramakrishna Alloys Pvt. Ltd.,Letter Of credit,BRICKWORK,D,2026-02-25,LOW,Steel & Metals,YES,BRICKWORK,1,Letter Of credit,Reaffirmed,D365,3,INC — issuer not cooperating with current rater,"INC + approaching renewal — ACER as fresh, cooperative alternative"
Star Pipe Foundry (India) Pvt. Ltd.,Bank Guarantee,CRISIL,A 2,2026-01-12,LOW,Steel & Metals,YES,CRISIL,1,Bank Guarantee | Long term Loans | Term loans,Upgraded,D365,3,INC — issuer not cooperating with current rater,"INC + approaching renewal — ACER as fresh, cooperative alternative"
Steel Authority Of India Ltd.,Debentures / Bonds / notes / bills,CARE,AA,2025-10-07,MEDIUM,Steel & Metals,NO,CARE | IND-RA,2,Debentures / Bonds / notes / bills | Term loans,Reaffirmed,D365,3,Rating approaching renewal (6-12 months) | Multi-agency — open to new entrant,Approaching renewal — pitch on quality and accessibility vs current rater
Steeltech Resources Ltd.,Bank Guarantee,BRICKWORK,D,2026-03-11,LOW,Steel & Metals,YES,BRICKWORK,1,Bank Guarantee | Letter Of credit,Reaffirmed,D365,3,INC — issuer not cooperating with current rater,"INC + approaching renewal — ACER as fresh, cooperative alternative"
Sun Metallics & Alloys Pvt. Ltd. [Merged],Non-fund-based financial facility/instrument,ICRA,A 4,2026-02-26,LOW,Steel & Metals,YES,ICRA,1,Non-fund-based financial facility/instrument | Non-government debt,Withdrawn,D365,3,INC — issuer not cooperating with current rater,"INC + approaching renewal — ACER as fresh, cooperative alternative"
Sun Rolling Mills Pvt. Ltd.,Bank Guarantee,CARE,A 4,2025-12-24,LOW,Steel & Metals,YES,CARE,1,Bank Guarantee,Reaffirmed,D365,3,INC — issuer not cooperating with current rater,"INC + approaching renewal — ACER as fresh, cooperative alternative"
Sun Steel Inds. Pvt. Ltd.,Non-government debt,IND-RA,B-/A4,2026-01-16,LOW,Steel & Metals,YES,IND-RA,1,Non-government debt,Downgraded,D365,3,INC — issuer not cooperating with current rater,"INC + approaching renewal — ACER as fresh, cooperative alternative"
Sun-Power Metalics Pvt. Ltd.,Non-fund-based financial facility/instrument,BRICKWORK,D,2026-01-22,LOW,Steel & Metals,YES,BRICKWORK,1,Non-fund-based financial facility/instrument,Reaffirmed,D365,3,INC — issuer not cooperating with current rater,"INC + approaching renewal — ACER as fresh, cooperative alternative"
Sunalco Alloys Pvt. Ltd.,Non-government debt,CARE,BB-/A4,2026-02-25,LOW,Steel & Metals,YES,CARE,1,Non-government debt,Downgraded,D365,3,INC — issuer not cooperating with current rater,"INC + approaching renewal — ACER as fresh, cooperative alternative"
Sundaram Steels Pvt. Ltd.,Term loans,CARE,B,2026-04-24,LOW,Steel & Metals,YES,CARE,1,Term loans,Reaffirmed,D365,3,INC — issuer not cooperating with current rater,"INC + approaching renewal — ACER as fresh, cooperative alternative"
Swan Environmental Pvt. Ltd.,Bank Guarantee,CRISIL,A 4,2026-02-26,LOW,Steel & Metals,YES,CRISIL,1,Bank Guarantee | Letter Of credit,Withdrawn,D365,3,INC — issuer not cooperating with current rater,"INC + approaching renewal — ACER as fresh, cooperative alternative"
Swastika Steel & Allied Products Pvt. Ltd.,Bank Guarantee,CRISIL,A 4,2025-12-23,LOW,Steel & Metals,YES,CRISIL,1,Bank Guarantee | Long term Loans,Reaffirmed,D365,3,INC — issuer not cooperating with current rater,"INC + approaching renewal — ACER as fresh, cooperative alternative"
Tarapur Environment Protection Society,Term loans,CRISIL,B,2026-03-31,LOW,Steel & Metals,YES,CRISIL,1,Term loans,Withdrawn,D365,3,INC — issuer not cooperating with current rater,"INC + approaching renewal — ACER as fresh, cooperative alternative"
Tata Steel Ltd.,Non-government debt,IND-RA,AAA/A1+,2025-12-03,MEDIUM,Steel & Metals,NO,CARE | IND-RA,2,Non-government debt | Term loans,Initial Rating,D365,3,Rating approaching renewal (6-12 months) | Multi-agency — open to new entrant,Approaching renewal — pitch on quality and accessibility vs current rater
Thalaivar Steels Ltd.,Bank Guarantee,CARE,D,2026-01-09,LOW,Steel & Metals,YES,CARE,1,Bank Guarantee | Term loans,Reaffirmed,D365,3,INC — issuer not cooperating with current rater,"INC + approaching renewal — ACER as fresh, cooperative alternative"
Thames Steels Pvt. Ltd.,Bank Guarantee,BRICKWORK,D,2026-02-24,LOW,Steel & Metals,YES,BRICKWORK,1,Bank Guarantee | Letter Of credit | Term loans,Reaffirmed,D365,3,INC — issuer not cooperating with current rater,"INC + approaching renewal — ACER as fresh, cooperative alternative"
Tube Investments Of India Ltd.,Fund based financial facility/instrument,ICRA,A 1+,2025-11-27,MEDIUM,Steel & Metals,NO,CRISIL | ICRA,2,Fund based financial facility/instrument | Letter Of credit,Reaffirmed,D365,3,Rating approaching renewal (6-12 months) | Multi-agency — open to new entrant,Approaching renewal — pitch on quality and accessibility vs current rater
V S Ferrous Enterprises Pvt. Ltd.,Non-government debt,ICRA,B+,2026-03-12,LOW,Steel & Metals,YES,ICRA,1,Non-government debt,Reaffirmed,D365,3,INC — issuer not cooperating with current rater,"INC + approaching renewal — ACER as fresh, cooperative alternative"
V S Metallic Pvt. Ltd.,Non-government debt,IND-RA,D,2026-01-16,LOW,Steel & Metals,YES,IND-RA,1,Non-government debt,Reaffirmed,D365,3,INC — issuer not cooperating with current rater,"INC + approaching renewal — ACER as fresh, cooperative alternative"
Venkateswara Steels & Springs (India) Pvt. Ltd.,Bank Guarantee,ACUITE,A 4,2026-04-09,LOW,Steel & Metals,YES,ACUITE,1,Bank Guarantee | Term loans,Reaffirmed,D365,3,INC — issuer not cooperating with current rater,"INC + approaching renewal — ACER as fresh, cooperative alternative"
Vijay Iron Foundry Pvt. Ltd.,Letter Of credit,CRISIL,A 4,2026-02-28,LOW,Steel & Metals,YES,CRISIL,1,Letter Of credit | Long term Loans,Reaffirmed,D365,3,INC — issuer not cooperating with current rater,"INC + approaching renewal — ACER as fresh, cooperative alternative"
Vimla Fuels & Metals Ltd.,Letter Of credit,ACUITE,D,2026-04-17,LOW,Steel & Metals,YES,ACUITE,1,Letter Of credit | Long term Loans,Downgraded,D365,3,INC — issuer not cooperating with current rater,"INC + approaching renewal — ACER as fresh, cooperative alternative"
Vishwas Tubes India Ltd.,Term loans,IND-RA,D,2026-01-16,LOW,Steel & Metals,YES,IND-RA,1,Term loans,Reaffirmed,D365,3,INC — issuer not cooperating with current rater,"INC + approaching renewal — ACER as fresh, cooperative alternative"
Waryam Steel Castings Pvt. Ltd.,Letter Of credit,CRISIL,A 4,2026-02-25,LOW,Steel & Metals,YES,CRISIL,1,Letter Of credit,Reaffirmed,D365,3,INC — issuer not cooperating with current rater,"INC + approaching renewal — ACER as fresh, cooperative alternative"
Yatin Steels India Pvt. Ltd.,Letter Of credit,ACUITE,D,2026-02-25,LOW,Steel & Metals,YES,ACUITE,1,Letter Of credit | Long term Loans,Reaffirmed,D365,3,INC — issuer not cooperating with current rater,"INC + approaching renewal — ACER as fresh, cooperative alternative"
Zeal Metaliks Pvt. Ltd.,Term loans,CRISIL,B,2026-02-28,LOW,Steel & Metals,YES,CRISIL,1,Term loans,Downgraded,D365,3,INC — issuer not cooperating with current rater,"INC + approaching renewal — ACER as fresh, cooperative alternative"
Zetek Castings Pvt. Ltd.,Non-fund-based financial facility/instrument,ICRA,A 4,2026-01-30,LOW,Steel & Metals,YES,ICRA,1,Non-fund-based financial facility/instrument | Term loans,Reaffirmed,D365,3,INC — issuer not cooperating with current rater,"INC + approaching renewal — ACER as fresh, cooperative alternative"
A I C Iron Inds. Pvt. Ltd.,Long term Loans,ACUITE,A,2026-01-08,LOW,Steel & Metals,NO,ACUITE | CRISIL,2,Bank Guarantee | Fund based financial facility/instrument | Letter Of credit | Long term Loans | Non-fund-based financial facility/instrument | Term loans,Reaffirmed,D365,2,Multi-agency — open to new entrant,Approaching renewal — pitch on quality and accessibility vs current rater
A P L Apollo Tubes Ltd.,Non-government debt,ICRA,AA+/A1+,2026-02-26,LOW,Steel & Metals,NO,CRISIL | ICRA,2,Letter Of credit | Non-fund-based financial facility/instrument | Non-government debt | Term loans,Reaffirmed,D365,2,Multi-agency — open to new entrant,Approaching renewal — pitch on quality and accessibility vs current rater
Aarti Steel Intl. Ltd.,Non-government debt,ICRA,A+/A1,2025-11-07,MEDIUM,Steel & Metals,NO,ICRA,1,Non-fund-based financial facility/instrument | Non-government debt | Term loans,Reaffirmed,D365,2,Rating approaching renewal (6-12 months),Approaching renewal — pitch on quality and accessibility vs current rater
Aarti Steels Ltd.,Non-government debt,ICRA,A/A2+,2025-11-17,MEDIUM,Steel & Metals,NO,ICRA,1,Non-fund-based financial facility/instrument | Non-government debt | Term loans,Reaffirmed,D365,2,Rating approaching renewal (6-12 months),Approaching renewal — pitch on quality and accessibility vs current rater
Aditya Ultra Steel Ltd.,Bank Guarantee,CRISIL,A 3,2025-11-25,MEDIUM,Steel & Metals,NO,CRISIL,1,Bank Guarantee | Letter Of credit,Downgraded,D365,2,Rating approaching renewal (6-12 months),Approaching renewal — pitch on quality and accessibility vs current rater
Agni Steels Pvt. Ltd.,Term loans,ICRA,A-,2025-08-07,MEDIUM,Steel & Metals,NO,ICRA,1,Letter Of credit | Term loans,Reaffirmed,D365,2,Rating approaching renewal (6-12 months),Approaching renewal — pitch on quality and accessibility vs current rater
Ajay Steels Pvt. Ltd.,Non-government debt,ICRA,AA-/A1+,2025-10-10,MEDIUM,Steel & Metals,NO,ICRA,1,Non-fund-based financial facility/instrument | Non-government debt,Withdrawn,D365,2,Rating approaching renewal (6-12 months),Approaching renewal — pitch on quality and accessibility vs current rater
Alankar Alloys Pvt. Ltd.,Term loans,CRISIL,BBB+,2025-07-17,MEDIUM,Steel & Metals,NO,CRISIL,1,Term loans,Initial Rating,D365,2,Rating approaching renewal (6-12 months),Approaching renewal — pitch on quality and accessibility vs current rater
Alicon Castalloy Ltd.,Term loans,CRISIL,A,2025-06-25,MEDIUM,Steel & Metals,NO,CRISIL,1,Letter Of credit | Term loans,Reaffirmed,D365,2,Rating approaching renewal (6-12 months),Approaching renewal — pitch on quality and accessibility vs current rater
Aloke Steels Industries Pvt. Ltd.,Long term Loans,ACUITE,A,2025-09-30,MEDIUM,Steel & Metals,NO,ACUITE,1,Bank Guarantee | Long term Loans,Upgraded,D365,2,Rating approaching renewal (6-12 months),Approaching renewal — pitch on quality and accessibility vs current rater
Amalgam Steel & Power Ltd.,Non-fund-based financial facility/instrument,ICRA,A 2,2025-11-05,MEDIUM,Steel & Metals,NO,ICRA,1,Non-fund-based financial facility/instrument | Non-government debt | Term loans,Reaffirmed,D365,2,Rating approaching renewal (6-12 months),Approaching renewal — pitch on quality and accessibility vs current rater
Amalgam Steel Pvt. Ltd.,Short-term loan,ICRA,A 2,2025-11-05,MEDIUM,Steel & Metals,NO,ICRA,1,Fund based financial facility/instrument | Non-fund-based financial facility/instrument | Short-term loan | Term loans,Reaffirmed,D365,2,Rating approaching renewal (6-12 months),Approaching renewal — pitch on quality and accessibility vs current rater
Ambica Steels India Ltd.,Term loans,IND-RA,BBB-,2025-11-11,MEDIUM,Steel & Metals,NO,IND-RA,1,Term loans,Reaffirmed,D365,2,Rating approaching renewal (6-12 months),Approaching renewal — pitch on quality and accessibility vs current rater
Ambica Steels Ltd.,Non-fund based working capital limit,IND-RA,A 2,2025-11-11,MEDIUM,Steel & Metals,NO,IND-RA,1,Non-fund based working capital limit | Term loans,Reaffirmed,D365,2,Rating approaching renewal (6-12 months),Approaching renewal — pitch on quality and accessibility vs current rater
Amerikan Steels Pvt. Ltd.,Fund based financial facility/instrument,CRISIL,BBB-,2025-06-25,MEDIUM,Steel & Metals,NO,CRISIL,1,Fund based financial facility/instrument,Reaffirmed,D365,2,Rating approaching renewal (6-12 months),Approaching renewal — pitch on quality and accessibility vs current rater
Anindita Steels Ltd.,Bank Guarantee,CRISIL,A 3+,2025-09-22,MEDIUM,Steel & Metals,NO,CRISIL,1,Bank Guarantee | Long term Loans,Reaffirmed,D365,2,Rating approaching renewal (6-12 months),Approaching renewal — pitch on quality and accessibility vs current rater
Anjar T M T Steel Pvt. Ltd.,Term loans,CARE,A+,2025-08-20,MEDIUM,Steel & Metals,NO,CARE,1,Non-government debt | Term loans,Withdrawn,D365,2,Rating approaching renewal (6-12 months),Approaching renewal — pitch on quality and accessibility vs current rater
Anugraha Valve Castings Ltd.,Non-government debt,ICRA,A-/A2+,2025-09-30,MEDIUM,Steel & Metals,NO,ICRA,1,Non-fund-based financial facility/instrument | Non-government debt,Upgraded,D365,2,Rating approaching renewal (6-12 months),Approaching renewal — pitch on quality and accessibility vs current rater
Arjas Modern Steel Pvt. Ltd.,Term loans,IND-RA,A+,2025-08-29,MEDIUM,Steel & Metals,NO,IND-RA,1,Non-fund based working capital limit | Term loans,Upgraded,D365,2,Rating approaching renewal (6-12 months),Approaching renewal — pitch on quality and accessibility vs current rater
Arjas Steel Pvt. Ltd.,Non-government debt,IND-RA,A+/A1,2025-08-29,MEDIUM,Steel & Metals,NO,IND-RA,1,Non-government debt,Initial Rating,D365,2,Rating approaching renewal (6-12 months),Approaching renewal — pitch on quality and accessibility vs current rater
Avon Steel Inds. Pvt. Ltd.,Short-term loan,CARE,A 2,2025-09-25,MEDIUM,Steel & Metals,NO,CARE,1,Short-term loan,Downgraded,D365,2,Rating approaching renewal (6-12 months),Approaching renewal — pitch on quality and accessibility vs current rater
B D G Metal & Power Ltd.,Term loans,CRISIL,A-,2025-08-12,MEDIUM,Steel & Metals,NO,CRISIL,1,Bank Guarantee | Non-fund-based financial facility/instrument | Term loans,Reaffirmed,D365,2,Rating approaching renewal (6-12 months),Approaching renewal — pitch on quality and accessibility vs current rater
B D G Polysteel Ltd.,Bank Guarantee,CARE,A 4+,2025-07-07,MEDIUM,Steel & Metals,NO,CARE,1,Bank Guarantee | Letter Of credit,Reaffirmed,D365,2,Rating approaching renewal (6-12 months),Approaching renewal — pitch on quality and accessibility vs current rater
Balbir Metals & Power Pvt. Ltd.,Bank Guarantee,CRISIL,A 4+,2025-12-10,MEDIUM,Steel & Metals,NO,CRISIL,1,Bank Guarantee | Fund based financial facility/instrument,Reaffirmed,D365,2,Rating approaching renewal (6-12 months),Approaching renewal — pitch on quality and accessibility vs current rater
Bansal Alloys & Metals Pvt. Ltd.,Non-fund-based financial facility/instrument,ICRA,A 2,2025-08-01,MEDIUM,Steel & Metals,NO,ICRA,1,Non-fund-based financial facility/instrument | Non-government debt | Term loans,Reaffirmed,D365,2,Rating approaching renewal (6-12 months),Approaching renewal — pitch on quality and accessibility vs current rater
Bansal Aradhya Steel Pvt. Ltd.,Term loans,CRISIL,BBB+,2025-10-16,MEDIUM,Steel & Metals,NO,CRISIL,1,Term loans,Reaffirmed,D365,2,Rating approaching renewal (6-12 months),Approaching renewal — pitch on quality and accessibility vs current rater
Bansal Steel & Power Ltd.,Term loans,CRISIL,A+,2025-10-14,MEDIUM,Steel & Metals,NO,CRISIL,1,Letter Of credit | Term loans,Reaffirmed,D365,2,Rating approaching renewal (6-12 months),Approaching renewal — pitch on quality and accessibility vs current rater
Beekay Steel Inds. Ltd.,Non-government debt,IND-RA,A/A1,2025-12-09,MEDIUM,Steel & Metals,NO,IND-RA,1,Non-government debt | Term loans,Reaffirmed,D365,2,Rating approaching renewal (6-12 months),Approaching renewal — pitch on quality and accessibility vs current rater
Bhagyanagar Copper Pvt. Ltd.,Long term Loans,CRISIL,BBB+,2026-03-06,LOW,Steel & Metals,NO,ACUITE | CARE | CRISIL,3,Letter Of credit | Long term Loans | Term loans,Reaffirmed,D365,2,Multi-agency — open to new entrant,Approaching renewal — pitch on quality and accessibility vs current rater
Bhushan Power & Steel Ltd.,Non-government debt,CARE,AA/A1+,2025-12-12,MEDIUM,Steel & Metals,NO,CARE,1,Non-government debt | Term loans,Rating Watch,D365,2,Rating approaching renewal (6-12 months),Approaching renewal — pitch on quality and accessibility vs current rater
Birla Copper Asoj Pvt. Ltd.,Non-government debt,IND-RA,AA/A1+,2025-10-31,MEDIUM,Steel & Metals,NO,IND-RA,1,Non-government debt,Reaffirmed,D365,2,Rating approaching renewal (6-12 months),Approaching renewal — pitch on quality and accessibility vs current rater
C M R Aluminium Pvt. Ltd.,Long term Loans,CRISIL,A+,2025-11-05,MEDIUM,Steel & Metals,NO,CRISIL,1,Long term Loans | Term loans,Reaffirmed,D365,2,Rating approaching renewal (6-12 months),Approaching renewal — pitch on quality and accessibility vs current rater
C M R-Toyotsu Aluminium India Pvt. Ltd.,Term loans,CRISIL,A+,2025-11-05,MEDIUM,Steel & Metals,NO,CRISIL,1,Term loans,Reaffirmed,D365,2,Rating approaching renewal (6-12 months),Approaching renewal — pitch on quality and accessibility vs current rater
Captain Steel India Ltd.,Bank Guarantee,ACUITE,A 1+,2025-12-31,LOW,Steel & Metals,NO,ACUITE | ICRA,2,Bank Guarantee | Letter Of credit | Non-government debt,Reaffirmed,D365,2,Multi-agency — open to new entrant,Approaching renewal — pitch on quality and accessibility vs current rater
Chaman Metallics Ltd.,Letter Of credit,ACUITE,A-,2025-10-07,MEDIUM,Steel & Metals,NO,ACUITE,1,Bank Guarantee | Letter Of credit | Term loans,Reaffirmed,D365,2,Rating approaching renewal (6-12 months),Approaching renewal — pitch on quality and accessibility vs current rater
Chloride Metals Ltd.,Term loans,ICRA,AA,2025-11-26,MEDIUM,Steel & Metals,NO,ICRA,1,Non-fund-based financial facility/instrument | Term loans,Reaffirmed,D365,2,Rating approaching renewal (6-12 months),Approaching renewal — pitch on quality and accessibility vs current rater
Crest Steel & Power Pvt. Ltd.,Non-fund-based financial facility/instrument,ICRA,A 2,2025-11-05,MEDIUM,Steel & Metals,NO,ICRA,1,Non-fund-based financial facility/instrument | Short-term loan | Term loans,Reaffirmed,D365,2,Rating approaching renewal (6-12 months),Approaching renewal — pitch on quality and accessibility vs current rater
D S Alloys Pvt. Ltd.,Letter Of credit,CRISIL,A 3,2025-07-01,MEDIUM,Steel & Metals,NO,CRISIL,1,Letter Of credit | Non-fund-based financial facility/instrument,Upgraded,D365,2,Rating approaching renewal (6-12 months),Approaching renewal — pitch on quality and accessibility vs current rater
Dina Iron & Steel Ltd.,Term loans,CARE,BB+,2025-08-28,MEDIUM,Steel & Metals,NO,CARE,1,Term loans,Reaffirmed,D365,2,Rating approaching renewal (6-12 months),Approaching renewal — pitch on quality and accessibility vs current rater
E S L Steel Ltd.,Term loans,CRISIL,AA,2025-10-24,MEDIUM,Steel & Metals,NO,CRISIL,1,Term loans,Rating Watch,D365,2,Rating approaching renewal (6-12 months),Approaching renewal — pitch on quality and accessibility vs current rater
Electrosteel Castings Ltd.,Fund based financial facility/instrument,CRISIL,AA,2026-02-04,LOW,Steel & Metals,NO,CRISIL | IND-RA,2,Fund based financial facility/instrument | Non-fund-based financial facility/instrument | Non-government debt | Term loans,Reaffirmed,D365,2,Multi-agency — open to new entrant,Approaching renewal — pitch on quality and accessibility vs current rater
Evonith Metallics Ltd.,Term loans,CRISIL,AA-,2026-04-06,LOW,Steel & Metals,NO,CARE | CRISIL,2,Non-government debt | Short-term loan | Term loans,Reaffirmed,D365,2,Multi-agency — open to new entrant,Approaching renewal — pitch on quality and accessibility vs current rater
Evonith Value Steel Ltd.,Long term Loans,CRISIL,AA-,2026-03-31,LOW,Steel & Metals,NO,CARE | CRISIL,2,Long term Loans | Non-government debt | Term loans,Reaffirmed,D365,2,Multi-agency — open to new entrant,Approaching renewal — pitch on quality and accessibility vs current rater
Ferro Alloys Corpn. Ltd.,Fund based financial facility/instrument,CRISIL,AA,2025-10-24,MEDIUM,Steel & Metals,NO,CRISIL,1,Fund based financial facility/instrument | Non-fund-based financial facility/instrument,Rating Watch,D365,2,Rating approaching renewal (6-12 months),Approaching renewal — pitch on quality and accessibility vs current rater
Fortune Metals Ltd.,Term loans,CRISIL,BBB+,2025-12-02,MEDIUM,Steel & Metals,NO,CRISIL,1,Fund based financial facility/instrument | Term loans,Upgraded,D365,2,Rating approaching renewal (6-12 months),Approaching renewal — pitch on quality and accessibility vs current rater
G R Krishna Ferro Alloys Pvt. Ltd.,Long term Loans,ACUITE,A-,2025-10-07,MEDIUM,Steel & Metals,NO,ACUITE,1,Bank Guarantee | Long term Loans | Term loans,Reaffirmed,D365,2,Rating approaching renewal (6-12 months),Approaching renewal — pitch on quality and accessibility vs current rater
Global Aluminium Pvt. Ltd.,Term loans,ICRA,A,2025-11-18,MEDIUM,Steel & Metals,NO,ICRA,1,Term loans,Initial Rating,D365,2,Rating approaching renewal (6-12 months),Approaching renewal — pitch on quality and accessibility vs current rater
Global Copper Pvt. Ltd. [Merged],Bank Guarantee,ACUITE,A 2,2025-07-21,MEDIUM,Steel & Metals,NO,ACUITE,1,Bank Guarantee | Long term Loans | Term loans,Withdrawn,D365,2,Rating approaching renewal (6-12 months),Approaching renewal — pitch on quality and accessibility vs current rater
Gravity Ferrous Pvt. Ltd.,Term loans,CRISIL,BBB-,2025-12-31,LOW,Steel & Metals,NO,CARE | CRISIL,2,Term loans,Initial Rating,D365,2,Multi-agency — open to new entrant,Approaching renewal — pitch on quality and accessibility vs current rater
Gujarat Credo Alumina Chemicals Ltd.,Letter Of credit,CRISIL,A 2,2025-08-05,MEDIUM,Steel & Metals,NO,CRISIL,1,Letter Of credit | Long term Loans | Term loans,Reaffirmed,D365,2,Rating approaching renewal (6-12 months),Approaching renewal — pitch on quality and accessibility vs current rater
Happy Forgings Ltd.,Non-government debt,ICRA,AA/A1+,2026-03-17,LOW,Steel & Metals,NO,CRISIL | ICRA,2,Long term Loans | Non-government debt,Reaffirmed,D365,2,Multi-agency — open to new entrant,Approaching renewal — pitch on quality and accessibility vs current rater
Hindupur Steel & Alloys Pvt. Ltd.,Non-fund-based financial facility/instrument,CRISIL,A 3+,2025-08-28,MEDIUM,Steel & Metals,NO,CRISIL,1,Non-fund-based financial facility/instrument | Term loans,Initial Rating,D365,2,Rating approaching renewal (6-12 months),Approaching renewal — pitch on quality and accessibility vs current rater
Hindustan Zinc Ltd.,Fund based financial facility/instrument,CRISIL,AAA,2025-08-08,MEDIUM,Steel & Metals,NO,CRISIL,1,Fund based financial facility/instrument | Letter Of credit | Long term Loans | Term loans,Reaffirmed,D365,2,Rating approaching renewal (6-12 months),Approaching renewal — pitch on quality and accessibility vs current rater
Hyundai Steel India Pvt. Ltd.,Non-government debt,IND-RA,A-/A1,2025-12-08,MEDIUM,Steel & Metals,NO,IND-RA,1,Non-government debt,Reaffirmed,D365,2,Rating approaching renewal (6-12 months),Approaching renewal — pitch on quality and accessibility vs current rater
Impex Metal & Ferro Alloys Ltd.,Bank Guarantee,CRISIL,A 1,2025-09-25,MEDIUM,Steel & Metals,NO,CRISIL,1,Bank Guarantee | Letter Of credit,Withdrawn,D365,2,Rating approaching renewal (6-12 months),Approaching renewal — pitch on quality and accessibility vs current rater
Inalco Metal Pvt. Ltd.,Bank Guarantee,CRISIL,A 3+,2025-10-03,MEDIUM,Steel & Metals,NO,CRISIL,1,Bank Guarantee | Term loans,Initial Rating,D365,2,Rating approaching renewal (6-12 months),Approaching renewal — pitch on quality and accessibility vs current rater
Indian Metals & Ferro Alloys Ltd.,Fund based financial facility/instrument,ICRA,AA,2025-12-05,MEDIUM,Steel & Metals,NO,ICRA,1,Fund based financial facility/instrument | Non-fund-based financial facility/instrument | Term loans,Upgraded,D365,2,Rating approaching renewal (6-12 months),Approaching renewal — pitch on quality and accessibility vs current rater
Investment & Precision Castings Ltd.,Non-government debt,CARE,BBB-/A3,2025-07-04,MEDIUM,Steel & Metals,NO,CARE,1,Non-government debt | Term loans,Reaffirmed,D365,2,Rating approaching renewal (6-12 months),Approaching renewal — pitch on quality and accessibility vs current rater
J R Metal Chennai Ltd.,Letter Of credit,ICRA,A 2,2025-12-16,MEDIUM,Steel & Metals,NO,ICRA,1,Letter Of credit | Term loans,Reaffirmed,D365,2,Rating approaching renewal (6-12 months),Approaching renewal — pitch on quality and accessibility vs current rater
J S W Mi Steel Service Center Pvt. Ltd.,Non-government debt,CARE,AA-/A1+,2025-12-02,MEDIUM,Steel & Metals,NO,CARE,1,Non-government debt,Initial Rating,D365,2,Rating approaching renewal (6-12 months),Approaching renewal — pitch on quality and accessibility vs current rater
J S W Steel Coated Products Ltd.,Non-government debt,CARE,AA/A1+,2025-09-29,MEDIUM,Steel & Metals,NO,CARE,1,Bank Guarantee | Non-government debt | Term loans,Reaffirmed,D365,2,Rating approaching renewal (6-12 months),Approaching renewal — pitch on quality and accessibility vs current rater
Jai Balaji Jyoti Steels Ltd.,Non-government debt,CARE,BB+/A4+,2025-10-07,MEDIUM,Steel & Metals,NO,CARE,1,Non-government debt,Withdrawn,D365,2,Rating approaching renewal (6-12 months),Approaching renewal — pitch on quality and accessibility vs current rater
Jaihind Steel Pvt. Ltd.,Letter Of credit,CARE,A 4+,2025-11-25,MEDIUM,Steel & Metals,NO,CARE,1,Letter Of credit | Non-government debt | Term loans,Withdrawn,D365,2,Rating approaching renewal (6-12 months),Approaching renewal — pitch on quality and accessibility vs current rater
Jay Jagdamba Forgings Pvt. Ltd.,Long term Loans,ACUITE,A,2025-10-08,MEDIUM,Steel & Metals,NO,ACUITE,1,Long term Loans,Upgraded,D365,2,Rating approaching renewal (6-12 months),Approaching renewal — pitch on quality and accessibility vs current rater
Jaycee Castalloys Pvt. Ltd.,Term loans,CARE,B,2025-08-13,MEDIUM,Steel & Metals,NO,CARE,1,Term loans,Withdrawn,D365,2,Rating approaching renewal (6-12 months),Approaching renewal — pitch on quality and accessibility vs current rater
Jindal Aluminium Ltd.,Non-government debt,CARE,AA+/A1+,2026-03-31,LOW,Steel & Metals,NO,CARE | ICRA,2,Non-fund based working capital limit | Non-government debt,Initial Rating,D365,2,Multi-agency — open to new entrant,Approaching renewal — pitch on quality and accessibility vs current rater
Jindal Stainless Ltd.,Fund based financial facility/instrument,CRISIL,AA,2026-03-20,LOW,Steel & Metals,NO,CARE | CRISIL | IND-RA,3,Bank Guarantee | Fund based financial facility/instrument | Non-fund based working capital limit | Non-fund-based financial facility/instrument | Non-government debt | Term loans,Reaffirmed,D365,2,Multi-agency — open to new entrant,Approaching renewal — pitch on quality and accessibility vs current rater
Jindal Stainless Steelway Ltd. [Merged],Fund based financial facility/instrument,CARE,AA-,2026-01-12,LOW,Steel & Metals,NO,ACUITE | CARE | IND-RA,3,Bank Guarantee | Fund based financial facility/instrument | Letter Of credit | Non-fund based working capital limit | Non-fund-based financial facility/instrument,Reaffirmed,D365,2,Multi-agency — open to new entrant,Approaching renewal — pitch on quality and accessibility vs current rater
Jindal Steel Odisha Ltd.,Non-government debt,CARE,AA/A1+,2026-04-09,LOW,Steel & Metals,NO,CARE | ICRA,2,Non-government debt | Term loans,Upgraded,D365,2,Multi-agency — open to new entrant,Approaching renewal — pitch on quality and accessibility vs current rater
Jindal United Steel Ltd.,Term loans,CARE,AA,2025-10-09,MEDIUM,Steel & Metals,NO,CARE,1,Term loans,Reaffirmed,D365,2,Rating approaching renewal (6-12 months),Approaching renewal — pitch on quality and accessibility vs current rater
Kalyani Steels Ltd.,Term loans,CARE,AA,2025-12-15,MEDIUM,Steel & Metals,NO,CARE,1,Bank Guarantee | Non-government debt | Term loans,Reaffirmed,D365,2,Rating approaching renewal (6-12 months),Approaching renewal — pitch on quality and accessibility vs current rater
Karbonsteel Engineering Ltd.,Letter Of credit,CRISIL,A 3+,2025-11-28,MEDIUM,Steel & Metals,NO,CRISIL,1,Letter Of credit,Initial Rating,D365,2,Rating approaching renewal (6-12 months),Approaching renewal — pitch on quality and accessibility vs current rater
Kejriwal Castings Ltd.,Bank Guarantee,CRISIL,A 2,2025-10-23,MEDIUM,Steel & Metals,NO,CRISIL,1,Bank Guarantee | Letter Of credit | Term loans,Reaffirmed,D365,2,Rating approaching renewal (6-12 months),Approaching renewal — pitch on quality and accessibility vs current rater
Kems Forgings Ltd.,Non-fund-based financial facility/instrument,ICRA,A 3+,2025-12-15,MEDIUM,Steel & Metals,NO,ICRA,1,Non-fund-based financial facility/instrument,Reaffirmed,D365,2,Rating approaching renewal (6-12 months),Approaching renewal — pitch on quality and accessibility vs current rater
Kothari Metals Ltd.,Long term Loans,ICRA,A-,2025-10-07,MEDIUM,Steel & Metals,NO,ICRA,1,Letter Of credit | Long term Loans,Reaffirmed,D365,2,Rating approaching renewal (6-12 months),Approaching renewal — pitch on quality and accessibility vs current rater
Kumar Metal Inds. Pvt. Ltd.,Letter Of credit,CRISIL,A 3,2025-12-03,MEDIUM,Steel & Metals,NO,CRISIL,1,Letter Of credit | Long term Loans,Reaffirmed,D365,2,Rating approaching renewal (6-12 months),Approaching renewal — pitch on quality and accessibility vs current rater
Kutch Copper Ltd.,Long term Loans,IND-RA,A-,2025-07-23,MEDIUM,Steel & Metals,NO,IND-RA,1,Long term Loans | Non-fund based working capital limit | Non-government debt,Reaffirmed,D365,2,Rating approaching renewal (6-12 months),Approaching renewal — pitch on quality and accessibility vs current rater
Kutch Copper Tubes Ltd.,Non-fund-based financial facility/instrument,CARE,A-,2025-12-01,MEDIUM,Steel & Metals,NO,CARE,1,Non-fund-based financial facility/instrument | Term loans,Initial Rating,D365,2,Rating approaching renewal (6-12 months),Approaching renewal — pitch on quality and accessibility vs current rater
L S K B Aluminium Foils Pvt. Ltd.,Fund based financial facility/instrument,CRISIL,BBB-,2025-09-23,MEDIUM,Steel & Metals,NO,CRISIL,1,Fund based financial facility/instrument | Long term Loans | Term loans,Reaffirmed,D365,2,Rating approaching renewal (6-12 months),Approaching renewal — pitch on quality and accessibility vs current rater
Leebo Metals Pvt. Ltd.,Bank Guarantee,CRISIL,A 3+,2025-09-30,MEDIUM,Steel & Metals,NO,CRISIL,1,Bank Guarantee | Fund based financial facility/instrument | Letter Of credit,Reaffirmed,D365,2,Rating approaching renewal (6-12 months),Approaching renewal — pitch on quality and accessibility vs current rater
Lloyds Metals & Energy Ltd.,Long term Loans,CRISIL,AA,2026-04-20,LOW,Steel & Metals,NO,CRISIL | IND-RA,2,Debentures / Bonds / notes / bills | Long term Loans | Non-government debt | Term loans,Reaffirmed,D365,2,Multi-agency — open to new entrant,Approaching renewal — pitch on quality and accessibility vs current rater
Ludhiana Steel Rolling Mills Ltd.,Bank Guarantee,CRISIL,A 3,2025-10-28,MEDIUM,Steel & Metals,NO,CRISIL,1,Bank Guarantee | Fund based financial facility/instrument | Letter Of credit | Term loans,Reaffirmed,D365,2,Rating approaching renewal (6-12 months),Approaching renewal — pitch on quality and accessibility vs current rater
M I T C Rolling Mill Pvt. Ltd.,Non-government debt,ICRA,BBB+/A2+,2025-06-30,MEDIUM,Steel & Metals,NO,ICRA,1,Non-government debt,Reaffirmed,D365,2,Rating approaching renewal (6-12 months),Approaching renewal — pitch on quality and accessibility vs current rater
M K K Metal Sections Pvt. Ltd.,Letter Of credit,CRISIL,A 3,2025-07-02,MEDIUM,Steel & Metals,NO,CRISIL,1,Letter Of credit | Term loans,Upgraded,D365,2,Rating approaching renewal (6-12 months),Approaching renewal — pitch on quality and accessibility vs current rater
M L U Metaliks Pvt. Ltd.,Non-government debt,CARE,BB/A4+,2025-08-14,MEDIUM,Steel & Metals,NO,CARE,1,Non-government debt,Reaffirmed,D365,2,Rating approaching renewal (6-12 months),Approaching renewal — pitch on quality and accessibility vs current rater
M N S Metal & Profiles Pvt. Ltd.,Short-term loan,CRISIL,A 4+,2025-07-02,MEDIUM,Steel & Metals,NO,CRISIL,1,Short-term loan,Withdrawn,D365,2,Rating approaching renewal (6-12 months),Approaching renewal — pitch on quality and accessibility vs current rater
M P I L Steel Structures Ltd.,Bank Guarantee,CRISIL,A 4+,2025-12-15,MEDIUM,Steel & Metals,NO,CRISIL,1,Bank Guarantee | Fund based financial facility/instrument | Term loans,Downgraded,D365,2,Rating approaching renewal (6-12 months),Approaching renewal — pitch on quality and accessibility vs current rater
M S Metals & Steels Pvt. Ltd.,Term loans,CARE,A-,2026-02-16,LOW,Steel & Metals,NO,CARE | CRISIL,2,Bank Guarantee | Fund based financial facility/instrument | Letter Of credit | Term loans,Reaffirmed,D365,2,Multi-agency — open to new entrant,Approaching renewal — pitch on quality and accessibility vs current rater
Maa Shakambari Steel Ltd.,Bank Guarantee,CRISIL,A 2,2025-11-11,MEDIUM,Steel & Metals,NO,CRISIL,1,Bank Guarantee | Term loans,Reaffirmed,D365,2,Rating approaching renewal (6-12 months),Approaching renewal — pitch on quality and accessibility vs current rater
Maan Steel & Power Ltd.,Bank Guarantee,CRISIL,A-,2025-07-07,MEDIUM,Steel & Metals,NO,CRISIL,1,Bank Guarantee | Letter Of credit | Term loans,Reaffirmed,D365,2,Rating approaching renewal (6-12 months),Approaching renewal — pitch on quality and accessibility vs current rater
Mahavir Rolling Mill Pvt. Ltd. [Merged],Bank Guarantee,CARE,A 3,2025-08-07,MEDIUM,Steel & Metals,NO,CARE,1,Bank Guarantee,Reaffirmed,D365,2,Rating approaching renewal (6-12 months),Approaching renewal — pitch on quality and accessibility vs current rater
Mahindra Auto Steel Pvt. Ltd.,Fund based financial facility/instrument,ICRA,AA,2025-07-22,MEDIUM,Steel & Metals,NO,ICRA,1,Fund based financial facility/instrument | Non-fund-based financial facility/instrument | Non-government debt | Term loans,Upgraded,D365,2,Rating approaching renewal (6-12 months),Approaching renewal — pitch on quality and accessibility vs current rater
Mahindra Steel Service Centre Ltd.,Non-government debt,ICRA,AA-,2025-07-29,MEDIUM,Steel & Metals,NO,ICRA,1,Non-fund-based financial facility/instrument | Non-government debt,Reaffirmed,D365,2,Rating approaching renewal (6-12 months),Approaching renewal — pitch on quality and accessibility vs current rater
Maithan Alloys Ltd.,Bank Guarantee,CRISIL,A 1+,2026-03-31,LOW,Steel & Metals,NO,CARE | CRISIL,2,Bank Guarantee | Letter Of credit | Long term Loans | Non-government debt,Reaffirmed,D365,2,Multi-agency — open to new entrant,Approaching renewal — pitch on quality and accessibility vs current rater
Maithan Steel & Power Ltd.,Term loans,ACUITE,AA-,2025-12-05,MEDIUM,Steel & Metals,NO,ACUITE,1,Bank Guarantee | Letter Of credit | Short-term loan | Term loans,Reaffirmed,D365,2,Rating approaching renewal (6-12 months),Approaching renewal — pitch on quality and accessibility vs current rater
Mal Metalliks Pvt. Ltd. [Merged],Term loans,CRISIL,A-,2025-12-19,MEDIUM,Steel & Metals,NO,CRISIL,1,Bank Guarantee | Term loans,Reaffirmed,D365,2,Rating approaching renewal (6-12 months),Approaching renewal — pitch on quality and accessibility vs current rater
Manaksia Coated Metals & Inds. Ltd.,Fund based financial facility/instrument,ACUITE,A,2025-09-19,MEDIUM,Steel & Metals,NO,ACUITE,1,Fund based financial facility/instrument | Letter Of credit | Long term Loans | Term loans,Initial Rating,D365,2,Rating approaching renewal (6-12 months),Approaching renewal — pitch on quality and accessibility vs current rater
Manaksia Steels Ltd.,Bank Guarantee,CARE,A 2+,2025-07-21,MEDIUM,Steel & Metals,NO,CARE,1,Bank Guarantee,Reaffirmed,D365,2,Rating approaching renewal (6-12 months),Approaching renewal — pitch on quality and accessibility vs current rater
Mark Steels Ltd.,Letter Of credit,CARE,A 3,2025-10-08,MEDIUM,Steel & Metals,NO,CARE,1,Letter Of credit | Non-government debt,Reaffirmed,D365,2,Rating approaching renewal (6-12 months),Approaching renewal — pitch on quality and accessibility vs current rater
Maxion Wheels Aluminum India Pvt. Ltd.,Non-government debt,ICRA,BBB+,2025-10-17,MEDIUM,Steel & Metals,NO,ICRA,1,Non-government debt | Term loans,Reaffirmed,D365,2,Rating approaching renewal (6-12 months),Approaching renewal — pitch on quality and accessibility vs current rater
Metal Coatings (India) Ltd.,Bank Guarantee,ACUITE,A 3+,2025-08-13,MEDIUM,Steel & Metals,NO,ACUITE,1,Bank Guarantee,Reaffirmed,D365,2,Rating approaching renewal (6-12 months),Approaching renewal — pitch on quality and accessibility vs current rater
Metalman Auto Pvt. Ltd.,Term loans,CRISIL,A+,2025-10-24,MEDIUM,Steel & Metals,NO,CRISIL,1,Bank Guarantee | Term loans,Upgraded,D365,2,Rating approaching renewal (6-12 months),Approaching renewal — pitch on quality and accessibility vs current rater
Motherson Molds & Diecasting Ltd.,Bank Guarantee,CRISIL,A 1+,2025-10-06,MEDIUM,Steel & Metals,NO,CRISIL,1,Bank Guarantee | Letter Of credit,Reaffirmed,D365,2,Rating approaching renewal (6-12 months),Approaching renewal — pitch on quality and accessibility vs current rater
Mutyam Steel Pvt. Ltd.,Fund based financial facility/instrument,CRISIL,B+,2025-09-10,MEDIUM,Steel & Metals,NO,CRISIL,1,Fund based financial facility/instrument | Long term Loans | Term loans,Reaffirmed,D365,2,Rating approaching renewal (6-12 months),Approaching renewal — pitch on quality and accessibility vs current rater
Nagarjuna Steel Pvt. Ltd.,Fund based financial facility/instrument,CRISIL,BB-,2025-09-09,MEDIUM,Steel & Metals,NO,CRISIL,1,Fund based financial facility/instrument,Reaffirmed,D365,2,Rating approaching renewal (6-12 months),Approaching renewal — pitch on quality and accessibility vs current rater
Narmada Iron & Associates Pvt. Ltd.,Fund based financial facility/instrument,CRISIL,BBB-,2025-11-28,MEDIUM,Steel & Metals,NO,CRISIL,1,Fund based financial facility/instrument | Letter Of credit,Downgraded,D365,2,Rating approaching renewal (6-12 months),Approaching renewal — pitch on quality and accessibility vs current rater
Narsimha Iron & Steel Pvt. Ltd.,Bank Guarantee,CRISIL,A 2,2026-02-05,LOW,Steel & Metals,NO,CRISIL | IND-RA,2,Bank Guarantee | Long term Loans | Term loans,Reaffirmed,D365,2,Multi-agency — open to new entrant,Approaching renewal — pitch on quality and accessibility vs current rater
National Aluminium Co. Ltd.,Non-fund based working capital limit,IND-RA,A 1+,2025-11-04,MEDIUM,Steel & Metals,NO,IND-RA,1,Non-fund based working capital limit,Reaffirmed,D365,2,Rating approaching renewal (6-12 months),Approaching renewal — pitch on quality and accessibility vs current rater
Neel Metal Products Ltd.,Non-fund-based financial facility/instrument,ICRA,A+,2025-09-25,MEDIUM,Steel & Metals,NO,ICRA,1,Non-fund-based financial facility/instrument | Non-government debt | Term loans,Upgraded,D365,2,Rating approaching renewal (6-12 months),Approaching renewal — pitch on quality and accessibility vs current rater
Nitin Castings Ltd.,Letter Of credit,CRISIL,A 3+,2025-08-05,MEDIUM,Steel & Metals,NO,CRISIL,1,Letter Of credit,Reaffirmed,D365,2,Rating approaching renewal (6-12 months),Approaching renewal — pitch on quality and accessibility vs current rater
O C L Iron & Steel Ltd.,Fund based financial facility/instrument,CRISIL,A-,2025-08-05,MEDIUM,Steel & Metals,NO,CRISIL,1,Fund based financial facility/instrument | Non-fund-based financial facility/instrument | Term loans,Reaffirmed,D365,2,Rating approaching renewal (6-12 months),Approaching renewal — pitch on quality and accessibility vs current rater
Okay Fern Precision Castings Pvt. Ltd.,Term loans,CRISIL,BBB-,2025-06-30,MEDIUM,Steel & Metals,NO,CRISIL,1,Term loans,Reaffirmed,D365,2,Rating approaching renewal (6-12 months),Approaching renewal — pitch on quality and accessibility vs current rater
Om Metals Auto Pvt. Ltd.,Non-government debt,CARE,BB+/A4+,2025-07-04,MEDIUM,Steel & Metals,NO,CARE,1,Non-government debt | Term loans,Reaffirmed,D365,2,Rating approaching renewal (6-12 months),Approaching renewal — pitch on quality and accessibility vs current rater
Omega Rolling Mills Pvt. Ltd.,Bank Guarantee,CRISIL,A 3+,2025-09-30,MEDIUM,Steel & Metals,NO,CRISIL,1,Bank Guarantee | Letter Of credit | Long term Loans,Reaffirmed,D365,2,Rating approaching renewal (6-12 months),Approaching renewal — pitch on quality and accessibility vs current rater
Oswal Castings Pvt. Ltd.,Non-government debt,CARE,BBB/A3,2025-09-03,MEDIUM,Steel & Metals,NO,CARE,1,Non-government debt | Term loans,Reaffirmed,D365,2,Rating approaching renewal (6-12 months),Approaching renewal — pitch on quality and accessibility vs current rater
P D P Steels Ltd.,Bank Guarantee,CARE,A 3+,2025-09-30,MEDIUM,Steel & Metals,NO,CARE,1,Bank Guarantee,Downgraded,D365,2,Rating approaching renewal (6-12 months),Approaching renewal — pitch on quality and accessibility vs current rater
P K M Metal Buildings Co. Pvt. Ltd.,Non-government debt,CARE,BB+/A4+,2025-08-25,MEDIUM,Steel & Metals,NO,CARE,1,Non-government debt,Reaffirmed,D365,2,Rating approaching renewal (6-12 months),Approaching renewal — pitch on quality and accessibility vs current rater
P P Rolling Mills Mfging Co. Pvt. Ltd.,Fund based financial facility/instrument,CRISIL,BBB,2025-09-05,MEDIUM,Steel & Metals,NO,CRISIL,1,Fund based financial facility/instrument | Long term Loans | Non-fund-based financial facility/instrument,Reaffirmed,D365,2,Rating approaching renewal (6-12 months),Approaching renewal — pitch on quality and accessibility vs current rater
P S Steel Tubes Pvt. Ltd.,Non-government debt,IND-RA,BB+/A4+,2025-09-09,MEDIUM,Steel & Metals,NO,IND-RA,1,Non-government debt,Initial Rating,D365,2,Rating approaching renewal (6-12 months),Approaching renewal — pitch on quality and accessibility vs current rater
Padmavati Castings & Forgings Pvt. Ltd.,Bank Guarantee,CRISIL,A 4+,2025-09-30,MEDIUM,Steel & Metals,NO,CRISIL,1,Bank Guarantee | Term loans,Initial Rating,D365,2,Rating approaching renewal (6-12 months),Approaching renewal — pitch on quality and accessibility vs current rater
Panchmahal Steel Ltd.,Non-fund based working capital limit,IND-RA,A 3,2025-08-05,MEDIUM,Steel & Metals,NO,IND-RA,1,Non-fund based working capital limit,Reaffirmed,D365,2,Rating approaching renewal (6-12 months),Approaching renewal — pitch on quality and accessibility vs current rater
Paviter Metals Pvt. Ltd.,Fund based financial facility/instrument,CRISIL,BB,2026-04-30,LOW,Steel & Metals,NO,ACUITE | CRISIL,2,Bank Guarantee | Fund based financial facility/instrument | Letter Of credit | Long term Loans | Term loans,Initial Rating,D365,2,Multi-agency — open to new entrant,Approaching renewal — pitch on quality and accessibility vs current rater
Pinax Steel Inds. Pvt. Ltd.,Bank Guarantee,CRISIL,A 3,2025-08-29,MEDIUM,Steel & Metals,NO,CRISIL,1,Bank Guarantee | Letter Of credit | Long term Loans,Reaffirmed,D365,2,Rating approaching renewal (6-12 months),Approaching renewal — pitch on quality and accessibility vs current rater
Prime Steel Inds. Pvt. Ltd.,Non-fund-based financial facility/instrument,CRISIL,A 2,2026-04-06,LOW,Steel & Metals,NO,CARE | CRISIL,2,Bank Guarantee | Fund based financial facility/instrument | Long term Loans | Non-fund-based financial facility/instrument | Non-government debt | Term loans,Reaffirmed,D365,2,Multi-agency — open to new entrant,Approaching renewal — pitch on quality and accessibility vs current rater
Proxima Steel Forge Pvt. Ltd.,Non-fund based working capital limit,CARE,A 4,2025-07-10,MEDIUM,Steel & Metals,NO,CARE,1,Non-fund based working capital limit | Non-government debt | Term loans,Initial Rating,D365,2,Rating approaching renewal (6-12 months),Approaching renewal — pitch on quality and accessibility vs current rater
R S W Steel Pvt. Ltd.,Term loans,CARE,BB,2025-08-05,MEDIUM,Steel & Metals,NO,CARE,1,Term loans,Upgraded,D365,2,Rating approaching renewal (6-12 months),Approaching renewal — pitch on quality and accessibility vs current rater
Raipur Power & Steel Ltd.,Bank Guarantee,CARE,D,2025-07-07,MEDIUM,Steel & Metals,NO,CARE,1,Bank Guarantee | Letter Of credit | Term loans,Withdrawn,D365,2,Rating approaching renewal (6-12 months),Approaching renewal — pitch on quality and accessibility vs current rater
Revent Metalcast Ltd.,Non-government debt,CARE,BB+/A4+,2026-01-29,LOW,Steel & Metals,NO,CARE | CRISIL,2,Non-government debt | Term loans,Withdrawn,D365,2,Multi-agency — open to new entrant,Approaching renewal — pitch on quality and accessibility vs current rater
Riddhi Steel & Tube Ltd.,Bank Guarantee,ACUITE,A 2,2025-09-25,MEDIUM,Steel & Metals,NO,ACUITE,1,Bank Guarantee | Long term Loans | Term loans,Upgraded,D365,2,Rating approaching renewal (6-12 months),Approaching renewal — pitch on quality and accessibility vs current rater
Rimjhim Stainless Ltd.,Long term Loans,ACUITE,A,2025-08-18,MEDIUM,Steel & Metals,NO,ACUITE,1,Long term Loans | Term loans,Reaffirmed,D365,2,Rating approaching renewal (6-12 months),Approaching renewal — pitch on quality and accessibility vs current rater
Ruhatiya Cotton & Metal Pvt. Ltd.,Term loans,ACUITE,BB+,2025-09-03,MEDIUM,Steel & Metals,NO,ACUITE,1,Term loans,Reaffirmed,D365,2,Rating approaching renewal (6-12 months),Approaching renewal — pitch on quality and accessibility vs current rater
S K H Metals Ltd.,Non-government debt,ICRA,A-/A2+,2025-07-04,MEDIUM,Steel & Metals,NO,ICRA,1,Non-fund-based financial facility/instrument | Non-government debt | Term loans,Reaffirmed,D365,2,Rating approaching renewal (6-12 months),Approaching renewal — pitch on quality and accessibility vs current rater
S K M Steels Ltd.,Non-government debt,CARE,A-/A2+,2026-04-01,LOW,Steel & Metals,NO,CARE | ICRA,2,Fund based financial facility/instrument | Letter Of credit | Non-fund-based financial facility/instrument | Non-government debt | Term loans,Reaffirmed,D365,2,Multi-agency — open to new entrant,Approaching renewal — pitch on quality and accessibility vs current rater
S L R Metaliks Ltd.,Term loans,CARE,A-,2025-10-03,MEDIUM,Steel & Metals,NO,CARE,1,Letter Of credit | Term loans,Reaffirmed,D365,2,Rating approaching renewal (6-12 months),Approaching renewal — pitch on quality and accessibility vs current rater
S M E L Steel Structural Pvt. Ltd.,Letter Of credit,CRISIL,AA-,2025-11-11,MEDIUM,Steel & Metals,NO,CRISIL,1,Letter Of credit,Initial Rating,D365,2,Rating approaching renewal (6-12 months),Approaching renewal — pitch on quality and accessibility vs current rater
S R J Peety Steels Pvt. Ltd.,Bank Guarantee,ICRA,A 2,2025-10-27,MEDIUM,Steel & Metals,NO,ICRA,1,Bank Guarantee,Withdrawn,D365,2,Rating approaching renewal (6-12 months),Approaching renewal — pitch on quality and accessibility vs current rater
Sakthi Ferro Alloys (India) Pvt. Ltd.,Non-government debt,CARE,BB+/A4+,2025-06-26,MEDIUM,Steel & Metals,NO,CARE,1,Non-government debt,Initial Rating,D365,2,Rating approaching renewal (6-12 months),Approaching renewal — pitch on quality and accessibility vs current rater
Salasar Alloy & Steel Inds. Pvt. Ltd.,Letter Of credit,CRISIL,A 3,2025-07-31,MEDIUM,Steel & Metals,NO,CRISIL,1,Letter Of credit,Reaffirmed,D365,2,Rating approaching renewal (6-12 months),Approaching renewal — pitch on quality and accessibility vs current rater
Sandur Manganese & Iron Ores Ltd.,Term loans,ICRA,A+,2025-09-24,MEDIUM,Steel & Metals,NO,ICRA,1,Non-fund-based financial facility/instrument | Term loans,Reaffirmed,D365,2,Rating approaching renewal (6-12 months),Approaching renewal — pitch on quality and accessibility vs current rater
Sarita Forgings Ltd.,Bank Guarantee,CARE,A 4+,2025-08-08,MEDIUM,Steel & Metals,NO,CARE,1,Bank Guarantee | Non-government debt | Term loans,Withdrawn,D365,2,Rating approaching renewal (6-12 months),Approaching renewal — pitch on quality and accessibility vs current rater
Scan Steels Ltd.,Bank Guarantee,CRISIL,A 2+,2025-07-15,MEDIUM,Steel & Metals,NO,CRISIL,1,Bank Guarantee | Term loans,Reaffirmed,D365,2,Rating approaching renewal (6-12 months),Approaching renewal — pitch on quality and accessibility vs current rater
Scania Steels & Powers Ltd.,Bank Guarantee,CRISIL,D,2025-12-05,MEDIUM,Steel & Metals,NO,CRISIL,1,Bank Guarantee | Letter Of credit | Long term Loans | Term loans,Reaffirmed,D365,2,Rating approaching renewal (6-12 months),Approaching renewal — pitch on quality and accessibility vs current rater
Scoda Tubes Ltd.,Letter Of credit,CRISIL,A 3+,2026-01-02,LOW,Steel & Metals,NO,CARE | CRISIL,2,Letter Of credit | Long term Loans | Non-government debt | Term loans,Withdrawn,D365,2,Multi-agency — open to new entrant,Approaching renewal — pitch on quality and accessibility vs current rater
Seven Star Steels Ltd.,Bank Guarantee,ICRA,A 3,2025-12-11,MEDIUM,Steel & Metals,NO,ICRA,1,Bank Guarantee,Reaffirmed,D365,2,Rating approaching renewal (6-12 months),Approaching renewal — pitch on quality and accessibility vs current rater
Shera Metal Pvt. Ltd.,Letter Of credit,CARE,A 3+,2026-01-08,LOW,Steel & Metals,NO,ACUITE | CARE,2,Bank Guarantee | Letter Of credit | Long term Loans | Non-fund-based financial facility/instrument | Non-government debt | Term loans,Withdrawn,D365,2,Multi-agency — open to new entrant,Approaching renewal — pitch on quality and accessibility vs current rater
Shilpa Steel & Power Ltd.,Non-fund based working capital limit,IND-RA,A 2+,2025-10-15,MEDIUM,Steel & Metals,NO,IND-RA,1,Non-fund based working capital limit | Term loans,Reaffirmed,D365,2,Rating approaching renewal (6-12 months),Approaching renewal — pitch on quality and accessibility vs current rater
Shivangi Rolling Mills Pvt. Ltd.,Term loans,IND-RA,BB+,2025-09-22,MEDIUM,Steel & Metals,NO,IND-RA,1,Term loans,Withdrawn,D365,2,Rating approaching renewal (6-12 months),Approaching renewal — pitch on quality and accessibility vs current rater
Shree Ganesh Metaliks Pvt. Ltd.,Fund based financial facility/instrument,BRICKWORK,BBB,2025-07-02,MEDIUM,Steel & Metals,NO,BRICKWORK,1,Fund based financial facility/instrument | Non-fund-based financial facility/instrument,Upgraded,D365,2,Rating approaching renewal (6-12 months),Approaching renewal — pitch on quality and accessibility vs current rater
Shree Steel Castings Pvt. Ltd.,Bank Guarantee,ACUITE,A 4+,2025-10-16,MEDIUM,Steel & Metals,NO,ACUITE,1,Bank Guarantee | Letter Of credit | Long term Loans | Term loans,Reaffirmed,D365,2,Rating approaching renewal (6-12 months),Approaching renewal — pitch on quality and accessibility vs current rater
Shri Jagannath Steels & Power Ltd.,Non-fund based working capital limit,IND-RA,A 2+,2026-02-06,LOW,Steel & Metals,NO,CARE | IND-RA,2,Non-fund based working capital limit | Non-government debt | Term loans,Withdrawn,D365,2,Multi-agency — open to new entrant,Approaching renewal — pitch on quality and accessibility vs current rater
Shri Mahavir Ferro Alloys Pvt. Ltd.,Term loans,IND-RA,BBB+,2025-09-19,MEDIUM,Steel & Metals,NO,IND-RA,1,Term loans,Upgraded,D365,2,Rating approaching renewal (6-12 months),Approaching renewal — pitch on quality and accessibility vs current rater
Shyam Ferro Alloys Ltd.,Fund based financial facility/instrument,CRISIL,AA-,2025-11-10,MEDIUM,Steel & Metals,NO,CRISIL,1,Fund based financial facility/instrument | Non-fund-based financial facility/instrument,Reaffirmed,D365,2,Rating approaching renewal (6-12 months),Approaching renewal — pitch on quality and accessibility vs current rater
Shyam Metalics & Energy Ltd.,Letter Of credit,CRISIL,AA+,2025-11-05,MEDIUM,Steel & Metals,NO,CRISIL,1,Letter Of credit | Long term Loans,Upgraded,D365,2,Rating approaching renewal (6-12 months),Approaching renewal — pitch on quality and accessibility vs current rater
Sona Alloys Pvt. Ltd.,Term loans,CARE,A-(CE),2025-10-07,MEDIUM,Steel & Metals,NO,CARE,1,Term loans,Initial Rating,D365,2,Rating approaching renewal (6-12 months),Approaching renewal — pitch on quality and accessibility vs current rater
Sovereign Metals Ltd.,Letter Of credit,CARE,A 3+,2026-04-21,LOW,Steel & Metals,NO,CARE | ICRA,2,Fund based financial facility/instrument | Letter Of credit | Non-fund-based financial facility/instrument | Non-government debt,Initial Rating,D365,2,Multi-agency — open to new entrant,Approaching renewal — pitch on quality and accessibility vs current rater
Squad Forging India Pvt. Ltd.,Term loans,CARE,BBB-,2025-07-07,MEDIUM,Steel & Metals,NO,CARE,1,Term loans,Reaffirmed,D365,2,Rating approaching renewal (6-12 months),Approaching renewal — pitch on quality and accessibility vs current rater
Sree Sumangala Metals & Inds. Pvt. Ltd.,Letter Of credit,CARE,A 3,2025-09-04,MEDIUM,Steel & Metals,NO,CARE,1,Letter Of credit | Non-fund-based financial facility/instrument | Term loans,Reaffirmed,D365,2,Rating approaching renewal (6-12 months),Approaching renewal — pitch on quality and accessibility vs current rater
Sri Langta Baba Steels Pvt. Ltd.,Bank Guarantee,ACUITE,A 3+,2025-09-19,MEDIUM,Steel & Metals,NO,ACUITE,1,Bank Guarantee,Reaffirmed,D365,2,Rating approaching renewal (6-12 months),Approaching renewal — pitch on quality and accessibility vs current rater
Steel Exchange India Ltd.,Letter Of credit,CARE,A 4+,2025-10-08,MEDIUM,Steel & Metals,NO,CARE,1,Letter Of credit,Upgraded,D365,2,Rating approaching renewal (6-12 months),Approaching renewal — pitch on quality and accessibility vs current rater
Steel Infra Solutions Co. Ltd.,Non-fund based working capital limit,IND-RA,A 2+,2025-10-06,MEDIUM,Steel & Metals,NO,IND-RA,1,Non-fund based working capital limit,Withdrawn,D365,2,Rating approaching renewal (6-12 months),Approaching renewal — pitch on quality and accessibility vs current rater
Steel Strong Valves (India) Pvt. Ltd.,Bank Guarantee,CRISIL,A 4+,2025-12-16,MEDIUM,Steel & Metals,NO,CRISIL,1,Bank Guarantee | Letter Of credit | Term loans,Reaffirmed,D365,2,Rating approaching renewal (6-12 months),Approaching renewal — pitch on quality and accessibility vs current rater
Steelcast Ltd.,Non-government debt,CARE,A-/A2+,2025-08-08,MEDIUM,Steel & Metals,NO,CARE,1,Non-government debt,Reaffirmed,D365,2,Rating approaching renewal (6-12 months),Approaching renewal — pitch on quality and accessibility vs current rater
Steelsmith Continental Mfg. Pvt. Ltd.,Bank Guarantee,CARE,A 3+,2025-12-03,MEDIUM,Steel & Metals,NO,CARE,1,Bank Guarantee | Letter Of credit | Non-government debt | Term loans,Reaffirmed,D365,2,Rating approaching renewal (6-12 months),Approaching renewal — pitch on quality and accessibility vs current rater
Sun Steel & Power Pvt. Ltd.,Term loans,CRISIL,BBB+,2025-08-04,MEDIUM,Steel & Metals,NO,CRISIL,1,Long term Loans | Term loans,Reaffirmed,D365,2,Rating approaching renewal (6-12 months),Approaching renewal — pitch on quality and accessibility vs current rater
Suncity Metals & Tubes Pvt. Ltd.,Fund based financial facility/instrument,CRISIL,A-,2025-12-19,MEDIUM,Steel & Metals,NO,CRISIL,1,Fund based financial facility/instrument | Non-fund-based financial facility/instrument | Term loans,Initial Rating,D365,2,Rating approaching renewal (6-12 months),Approaching renewal — pitch on quality and accessibility vs current rater
Sundaram Alloys Ltd.,Fund based financial facility/instrument,CRISIL,AA-,2025-11-10,MEDIUM,Steel & Metals,NO,CRISIL,1,Fund based financial facility/instrument | Non-fund-based financial facility/instrument,Reaffirmed,D365,2,Rating approaching renewal (6-12 months),Approaching renewal — pitch on quality and accessibility vs current rater
Sunflag Iron & Steel Co. Ltd.,Term loans,CRISIL,AA-,2026-04-02,LOW,Steel & Metals,NO,CARE | CRISIL,2,Letter Of credit | Non-government debt | Term loans,Withdrawn,D365,2,Multi-agency — open to new entrant,Approaching renewal — pitch on quality and accessibility vs current rater
Supershakti Metaliks Ltd.,Bank Guarantee,CARE,A 2,2025-07-09,MEDIUM,Steel & Metals,NO,CARE,1,Bank Guarantee,Reaffirmed,D365,2,Rating approaching renewal (6-12 months),Approaching renewal — pitch on quality and accessibility vs current rater
Surya Alloy Inds. Ltd.,Non-fund-based financial facility/instrument,ICRA,A 4,2025-08-28,MEDIUM,Steel & Metals,NO,ICRA,1,Non-fund-based financial facility/instrument | Term loans,Withdrawn,D365,2,Rating approaching renewal (6-12 months),Approaching renewal — pitch on quality and accessibility vs current rater
Synergy Advanced Metals Ltd.,Bank Guarantee,CARE,A 2,2025-12-02,MEDIUM,Steel & Metals,NO,CARE,1,Bank Guarantee | Term loans,Downgraded,D365,2,Rating approaching renewal (6-12 months),Approaching renewal — pitch on quality and accessibility vs current rater
Topworth Steels & Power Pvt. Ltd.,Non-fund-based financial facility/instrument,ICRA,A 2,2025-11-26,MEDIUM,Steel & Metals,NO,ICRA,1,Fund based financial facility/instrument | Non-fund-based financial facility/instrument | Term loans,Reaffirmed,D365,2,Rating approaching renewal (6-12 months),Approaching renewal — pitch on quality and accessibility vs current rater
Ukay Metal Inds. Pvt. Ltd.,Long term Loans,CRISIL,A-,2025-08-06,MEDIUM,Steel & Metals,NO,CRISIL,1,Long term Loans | Term loans,Upgraded,D365,2,Rating approaching renewal (6-12 months),Approaching renewal — pitch on quality and accessibility vs current rater
Utkal Alumina Intl. Ltd.,Non-government debt,CARE,AA+/A1+,2025-10-10,MEDIUM,Steel & Metals,NO,CARE,1,Non-government debt,Reaffirmed,D365,2,Rating approaching renewal (6-12 months),Approaching renewal — pitch on quality and accessibility vs current rater
Veer-O-Metals Pvt. Ltd.,Non-government debt,ICRA,A-/A2+,2025-07-29,MEDIUM,Steel & Metals,NO,ICRA,1,Non-fund-based financial facility/instrument | Non-government debt | Term loans,Upgraded,D365,2,Rating approaching renewal (6-12 months),Approaching renewal — pitch on quality and accessibility vs current rater
Veeresha Castings Pvt. Ltd.,Bank Guarantee,CRISIL,A 4+,2025-09-03,MEDIUM,Steel & Metals,NO,CRISIL,1,Bank Guarantee | Term loans,Reaffirmed,D365,2,Rating approaching renewal (6-12 months),Approaching renewal — pitch on quality and accessibility vs current rater
Veeyes Alloys Pvt. Ltd.,Term loans,CARE,BBB+,2025-12-03,MEDIUM,Steel & Metals,NO,CARE,1,Term loans,Reaffirmed,D365,2,Rating approaching renewal (6-12 months),Approaching renewal — pitch on quality and accessibility vs current rater
Venus Pipes & Tubes Ltd.,Fund based financial facility/instrument,CRISIL,A,2025-06-20,MEDIUM,Steel & Metals,NO,CRISIL,1,Bank Guarantee | Fund based financial facility/instrument | Letter Of credit | Long term Loans | Non-fund-based financial facility/instrument | Term loans,Upgraded,D365,2,Rating approaching renewal (6-12 months),Approaching renewal — pitch on quality and accessibility vs current rater
Vibhor Steel Tubes Ltd.,Letter Of credit,CRISIL,A 2,2026-04-17,LOW,Steel & Metals,NO,CARE | CRISIL,2,Bank Guarantee | Letter Of credit | Non-government debt | Term loans,Reaffirmed,D365,2,Multi-agency — open to new entrant,Approaching renewal — pitch on quality and accessibility vs current rater
Vishakha Metals Pvt. Ltd.,Non-government debt,CARE,BBB/A3+,2025-10-09,MEDIUM,Steel & Metals,NO,CARE,1,Non-government debt | Term loans,Rating Watch,D365,2,Rating approaching renewal (6-12 months),Approaching renewal — pitch on quality and accessibility vs current rater
Vishvaraj Environment Ltd.,Letter Of credit,CRISIL,A 1,2025-07-02,MEDIUM,Steel & Metals,NO,CRISIL,1,Letter Of credit | Non-fund-based financial facility/instrument,Reaffirmed,D365,2,Rating approaching renewal (6-12 months),Approaching renewal — pitch on quality and accessibility vs current rater
Vraj Metaliks Pvt. Ltd.,Letter Of credit,CARE,A 3,2025-07-15,MEDIUM,Steel & Metals,NO,CARE,1,Letter Of credit,Initial Rating,D365,2,Rating approaching renewal (6-12 months),Approaching renewal — pitch on quality and accessibility vs current rater
A K P Ferrocast Pvt. Ltd.,Bank Guarantee,CRISIL,A 3+,2026-01-09,LOW,Steel & Metals,NO,CRISIL,1,Bank Guarantee | Long term Loans | Term loans,Reaffirmed,D365,1,Rated — potential ACER prospect,Approaching renewal — pitch on quality and accessibility vs current rater
A N S Steel Tubes Ltd.,Non-government debt,CARE,A/A2+,2026-01-06,LOW,Steel & Metals,NO,CARE,1,Non-government debt,Upgraded,D365,1,Rated — potential ACER prospect,Approaching renewal — pitch on quality and accessibility vs current rater
A-One Steels India Ltd.,Non-fund-based financial facility/instrument,CRISIL,A 2,2026-01-30,LOW,Steel & Metals,NO,CRISIL,1,Long term Loans | Non-fund-based financial facility/instrument | Term loans,Downgraded,D365,1,Rated — potential ACER prospect,Approaching renewal — pitch on quality and accessibility vs current rater
Amba Shakti Steels Ltd.,Bank Guarantee,CRISIL,A 3+,2026-02-20,LOW,Steel & Metals,NO,CRISIL,1,Bank Guarantee | Fund based financial facility/instrument | Letter Of credit | Long term Loans | Term loans,Reaffirmed,D365,1,Rated — potential ACER prospect,Approaching renewal — pitch on quality and accessibility vs current rater
Amman-Try Steels Pvt. Ltd.,Letter Of credit,CRISIL,A 2,2026-03-30,LOW,Steel & Metals,NO,CRISIL,1,Letter Of credit,Reaffirmed,D365,1,Rated — potential ACER prospect,Approaching renewal — pitch on quality and accessibility vs current rater
Apollo Metalex Ltd.,Non-government debt,ICRA,AA+/A1+,2026-02-26,LOW,Steel & Metals,NO,ICRA,1,Non-fund-based financial facility/instrument | Non-government debt,Initial Rating,D365,1,Rated — potential ACER prospect,Approaching renewal — pitch on quality and accessibility vs current rater
Arora Iron & Steel Rolling Mills Pvt. Ltd.,Term loans,CRISIL,A,2025-12-24,LOW,Steel & Metals,NO,CRISIL,1,Letter Of credit | Non-fund-based financial facility/instrument | Term loans,Reaffirmed,D365,1,Rated — potential ACER prospect,Approaching renewal — pitch on quality and accessibility vs current rater
Arya Iron & Steel Co. Pvt. Ltd.,Bank Guarantee,CRISIL,A 2,2026-01-14,LOW,Steel & Metals,NO,CRISIL,1,Bank Guarantee,Reaffirmed,D365,1,Rated — potential ACER prospect,Approaching renewal — pitch on quality and accessibility vs current rater
Astrotech Steels Pvt. Ltd.,Long term Loans,CRISIL,BBB,2026-04-02,LOW,Steel & Metals,NO,CRISIL,1,Long term Loans | Term loans,Downgraded,D365,1,Rated — potential ACER prospect,Approaching renewal — pitch on quality and accessibility vs current rater
B F N Forgings Pvt. Ltd.,Non-government debt,IND-RA,BBB+/A2,2026-04-29,LOW,Steel & Metals,NO,IND-RA,1,Non-government debt,Upgraded,D365,1,Rated — potential ACER prospect,Approaching renewal — pitch on quality and accessibility vs current rater
Banco Aluminium Pvt. Ltd.,Non-government debt,CARE,A-/A2+,2026-03-04,LOW,Steel & Metals,NO,CARE,1,Letter Of credit | Non-government debt | Term loans,Reaffirmed,D365,1,Rated — potential ACER prospect,Approaching renewal — pitch on quality and accessibility vs current rater
Baramati Speciality Steels Ltd.,Term loans,CARE,BBB+,2026-04-07,LOW,Steel & Metals,NO,CARE,1,Term loans,Reaffirmed,D365,1,Rated — potential ACER prospect,Approaching renewal — pitch on quality and accessibility vs current rater
Berry Alloys Ltd.,Term loans,ICRA,A+,2026-04-02,LOW,Steel & Metals,NO,ICRA,1,Letter Of credit | Term loans,Reaffirmed,D365,1,Rated — potential ACER prospect,Approaching renewal — pitch on quality and accessibility vs current rater
Bhagwati Ferro Metal Pvt. Ltd.,Fund based financial facility/instrument,CRISIL,A-,2026-02-09,LOW,Steel & Metals,NO,CRISIL,1,Fund based financial facility/instrument | Non-fund-based financial facility/instrument | Term loans,Upgraded,D365,1,Rated — potential ACER prospect,Approaching renewal — pitch on quality and accessibility vs current rater
Bhagwati Power & Steel Ltd.,Letter Of credit,ICRA,A 2+,2025-12-31,LOW,Steel & Metals,NO,ICRA,1,Letter Of credit,Reaffirmed,D365,1,Rated — potential ACER prospect,Approaching renewal — pitch on quality and accessibility vs current rater
Bhagwati Steel Cast Pvt. Ltd.,Non-fund-based financial facility/instrument,CRISIL,A 2+,2026-02-09,LOW,Steel & Metals,NO,CRISIL,1,Non-fund-based financial facility/instrument,Upgraded,D365,1,Rated — potential ACER prospect,Approaching renewal — pitch on quality and accessibility vs current rater
Bhaskar Steel & Ferro Alloy Pvt. Ltd.,Long term Loans,ACUITE,BBB,2026-03-12,LOW,Steel & Metals,NO,ACUITE,1,Long term Loans | Term loans,Reaffirmed,D365,1,Rated — potential ACER prospect,Approaching renewal — pitch on quality and accessibility vs current rater
Brass Copper & Alloy (India) Ltd.,Letter Of credit,CRISIL,A 2,2025-12-24,LOW,Steel & Metals,NO,CRISIL,1,Fund based financial facility/instrument | Letter Of credit,Upgraded,D365,1,Rated — potential ACER prospect,Approaching renewal — pitch on quality and accessibility vs current rater
Carysil Steel Ltd.,Letter Of credit,ICRA,A 2,2026-03-26,LOW,Steel & Metals,NO,ICRA,1,Letter Of credit | Non-fund-based financial facility/instrument | Term loans,Reaffirmed,D365,1,Rated — potential ACER prospect,Approaching renewal — pitch on quality and accessibility vs current rater
Cauvery Iron & Steel (India) Ltd.,Term loans,CRISIL,BBB-,2026-02-09,LOW,Steel & Metals,NO,CRISIL,1,Term loans,Reaffirmed,D365,1,Rated — potential ACER prospect,Approaching renewal — pitch on quality and accessibility vs current rater
Core Metal Krafts Ltd.,Non-government debt,CARE,BB/A4,2026-03-11,LOW,Steel & Metals,NO,CARE,1,Non-government debt,Initial Rating,D365,1,Rated — potential ACER prospect,Approaching renewal — pitch on quality and accessibility vs current rater
Divyansh Steel Pvt. Ltd.,Letter Of credit,CRISIL,A 2,2026-04-16,LOW,Steel & Metals,NO,CRISIL,1,Letter Of credit,Reaffirmed,D365,1,Rated — potential ACER prospect,Approaching renewal — pitch on quality and accessibility vs current rater
Drolia Electrosteel Pvt. Ltd.,Letter Of credit,CARE,A 3,2026-04-08,LOW,Steel & Metals,NO,CARE,1,Letter Of credit | Non-fund-based financial facility/instrument | Term loans,Reaffirmed,D365,1,Rated — potential ACER prospect,Approaching renewal — pitch on quality and accessibility vs current rater
Gajanan Ferro Pvt. Ltd.,Term loans,ICRA,A-,2025-12-31,LOW,Steel & Metals,NO,ICRA,1,Bank Guarantee | Term loans,Upgraded,D365,1,Rated — potential ACER prospect,Approaching renewal — pitch on quality and accessibility vs current rater
German Green Steel & Power Ltd.,Fund based financial facility/instrument,CRISIL,A-,2026-04-02,LOW,Steel & Metals,NO,CRISIL,1,Bank Guarantee | Fund based financial facility/instrument | Letter Of credit | Term loans,Reaffirmed,D365,1,Rated — potential ACER prospect,Approaching renewal — pitch on quality and accessibility vs current rater
Gopani Metal Inds. Pvt. Ltd.,Fund based financial facility/instrument,CRISIL,BBB,2026-04-29,LOW,Steel & Metals,NO,CRISIL,1,Fund based financial facility/instrument | Letter Of credit,Reaffirmed,D365,1,Rated — potential ACER prospect,Approaching renewal — pitch on quality and accessibility vs current rater
Grow Ever Steel (India) Pvt. Ltd.,Non-government debt,CARE,A/A1,2026-02-06,LOW,Steel & Metals,NO,CARE,1,Non-government debt,Reaffirmed,D365,1,Rated — potential ACER prospect,Approaching renewal — pitch on quality and accessibility vs current rater
Guardian Castings Pvt. Ltd.,Non-government debt,ICRA,A-/A2+,2026-04-16,LOW,Steel & Metals,NO,ICRA,1,Bank Guarantee | Non-government debt | Term loans,Reaffirmed,D365,1,Rated — potential ACER prospect,Approaching renewal — pitch on quality and accessibility vs current rater
Gujarat Victory Forgings Pvt. Ltd.,Letter Of credit,BRICKWORK,A 2,2026-02-17,LOW,Steel & Metals,NO,BRICKWORK,1,Letter Of credit,Initial Rating,D365,1,Rated — potential ACER prospect,Approaching renewal — pitch on quality and accessibility vs current rater
Hero Steels Ltd.,Long term Loans,CRISIL,A,2026-04-02,LOW,Steel & Metals,NO,CRISIL,1,Letter Of credit | Long term Loans | Non-fund-based financial facility/instrument | Term loans,Reaffirmed,D365,1,Rated — potential ACER prospect,Approaching renewal — pitch on quality and accessibility vs current rater
Hi-Tech Power & Steel Ltd.,Fund based financial facility/instrument,ACUITE,A,2026-02-12,LOW,Steel & Metals,NO,ACUITE,1,Bank Guarantee | Fund based financial facility/instrument | Letter Of credit | Long term Loans | Term loans,Reaffirmed,D365,1,Rated — potential ACER prospect,Approaching renewal — pitch on quality and accessibility vs current rater
Himenviro Environmental Engg. Co. Pvt. Ltd.,Bank Guarantee,CRISIL,A 3+,2026-03-11,LOW,Steel & Metals,NO,CRISIL,1,Bank Guarantee | Term loans,Reaffirmed,D365,1,Rated — potential ACER prospect,Approaching renewal — pitch on quality and accessibility vs current rater
Hindustan Copper Ltd.,Non-fund-based financial facility/instrument,ICRA,AA+,2026-04-29,LOW,Steel & Metals,NO,ICRA,1,Non-fund-based financial facility/instrument | Non-government debt | Term loans,Reaffirmed,D365,1,Rated — potential ACER prospect,Approaching renewal — pitch on quality and accessibility vs current rater
Hira Ferro Alloys Ltd.,Term loans,CRISIL,A+,2026-02-17,LOW,Steel & Metals,NO,CRISIL,1,Letter Of credit | Term loans,Reaffirmed,D365,1,Rated — potential ACER prospect,Approaching renewal — pitch on quality and accessibility vs current rater
I U P Jindal Metals & Alloys Ltd.,Non-government debt,CARE,A-/A2+,2026-01-09,LOW,Steel & Metals,NO,CARE,1,Non-government debt | Term loans,Reaffirmed,D365,1,Rated — potential ACER prospect,Approaching renewal — pitch on quality and accessibility vs current rater
Iclean Hollow Metal Systems Pvt. Ltd.,Non-government debt,CARE,BBB+/A 3+,2026-04-09,LOW,Steel & Metals,NO,CARE,1,Non-government debt | Term loans,Reaffirmed,D365,1,Rated — potential ACER prospect,Approaching renewal — pitch on quality and accessibility vs current rater
Inducto Steels Ltd.,Letter Of credit,ACUITE,A 4+,2026-03-19,LOW,Steel & Metals,NO,ACUITE,1,Letter Of credit,Reaffirmed,D365,1,Rated — potential ACER prospect,Approaching renewal — pitch on quality and accessibility vs current rater
Iron Mountain India Pvt. Ltd.,Non-government debt,ICRA,BBB-/A3,2026-03-31,LOW,Steel & Metals,NO,ICRA,1,Non-government debt | Term loans,Reaffirmed,D365,1,Rated — potential ACER prospect,Approaching renewal — pitch on quality and accessibility vs current rater
Isgec Titan Metal Fabricators Pvt. Ltd.,Letter Of credit,CRISIL,A 1,2026-02-04,LOW,Steel & Metals,NO,CRISIL,1,Letter Of credit | Non-fund-based financial facility/instrument,Reaffirmed,D365,1,Rated — potential ACER prospect,Approaching renewal — pitch on quality and accessibility vs current rater
J B M Environment Mgmt. Pvt. Ltd.,Term loans,IND-RA,BBB+,2026-03-17,LOW,Steel & Metals,NO,IND-RA,1,Term loans,Reaffirmed,D365,1,Rated — potential ACER prospect,Approaching renewal — pitch on quality and accessibility vs current rater
J J Plastalloy Pvt. Ltd.,Bank Guarantee,CARE,A 2,2026-03-17,LOW,Steel & Metals,NO,CARE,1,Bank Guarantee | Letter Of credit | Non-government debt | Term loans,Reaffirmed,D365,1,Rated — potential ACER prospect,Approaching renewal — pitch on quality and accessibility vs current rater
J S W J F E Electrical Steel Nashik Pvt. Ltd.,Non-government debt,CARE,AA-/A1+,2026-02-10,LOW,Steel & Metals,NO,CARE,1,Non-government debt,Initial Rating,D365,1,Rated — potential ACER prospect,Approaching renewal — pitch on quality and accessibility vs current rater
J V L Steel Pvt. Ltd.,Fund based financial facility/instrument,CRISIL,BB-,2026-01-21,LOW,Steel & Metals,NO,CRISIL,1,Fund based financial facility/instrument,Reaffirmed,D365,1,Rated — potential ACER prospect,Approaching renewal — pitch on quality and accessibility vs current rater
Jaisingh Alloys Pvt. Ltd.,Non-government debt,CARE,BB/A4,2026-01-08,LOW,Steel & Metals,NO,CARE,1,Non-government debt,Reaffirmed,D365,1,Rated — potential ACER prospect,Approaching renewal — pitch on quality and accessibility vs current rater
Jatia Steel Ltd.,Bank Guarantee,IND-RA,A 2,2026-04-02,LOW,Steel & Metals,NO,IND-RA,1,Bank Guarantee | Letter Of credit | Non-government debt | Term loans,Upgraded,D365,1,Rated — potential ACER prospect,Approaching renewal — pitch on quality and accessibility vs current rater
Jiangyin Uni-Pol Vacuum Casting India Pvt. Ltd.,Non-government debt,ICRA,BBB-/A3,2026-04-07,LOW,Steel & Metals,NO,ICRA,1,Non-government debt,Reaffirmed,D365,1,Rated — potential ACER prospect,Approaching renewal — pitch on quality and accessibility vs current rater
Jsons Foundry Pvt. Ltd.,Bank Guarantee,CARE,A 3+,2026-02-27,LOW,Steel & Metals,NO,CARE,1,Bank Guarantee | Non-government debt | Term loans,Upgraded,D365,1,Rated — potential ACER prospect,Approaching renewal — pitch on quality and accessibility vs current rater
K I C Metaliks Ltd.,Non-government debt,CARE,BBB/A3,2025-12-24,LOW,Steel & Metals,NO,CARE,1,Non-government debt | Term loans,Downgraded,D365,1,Rated — potential ACER prospect,Approaching renewal — pitch on quality and accessibility vs current rater
K V S Castings Ltd.,Bank Guarantee,CRISIL,A 3,2026-04-09,LOW,Steel & Metals,NO,CRISIL,1,Bank Guarantee | Fund based financial facility/instrument | Term loans,Initial Rating,D365,1,Rated — potential ACER prospect,Approaching renewal — pitch on quality and accessibility vs current rater
Kalinga Metalics Ltd.,Term loans,CRISIL,A+,2026-04-15,LOW,Steel & Metals,NO,CRISIL,1,Term loans,Withdrawn,D365,1,Rated — potential ACER prospect,Approaching renewal — pitch on quality and accessibility vs current rater
Kandla Agro & Metal Pvt. Ltd.,Non-government debt,CARE,BBB/A3+,2026-04-08,LOW,Steel & Metals,NO,CARE,1,Non-government debt | Term loans,Reaffirmed,D365,1,Rated — potential ACER prospect,Approaching renewal — pitch on quality and accessibility vs current rater
Kashi Vishwanath Steels Pvt. Ltd.,Bank Guarantee,CARE,A 3+,2026-01-29,LOW,Steel & Metals,NO,CARE,1,Bank Guarantee | Term loans,Reaffirmed,D365,1,Rated — potential ACER prospect,Approaching renewal — pitch on quality and accessibility vs current rater
Kashvi Power & Steel Pvt. Ltd.,Bank Guarantee,CRISIL,A 2,2026-04-20,LOW,Steel & Metals,NO,CRISIL,1,Bank Guarantee | Fund based financial facility/instrument | Letter Of credit | Non-fund-based financial facility/instrument | Term loans,Initial Rating,D365,1,Rated — potential ACER prospect,Approaching renewal — pitch on quality and accessibility vs current rater
Kharagpur Metal Reforming Inds. Pvt. Ltd.,Term loans,CRISIL,A-,2025-12-26,LOW,Steel & Metals,NO,CRISIL,1,Bank Guarantee | Term loans,Reaffirmed,D365,1,Rated — potential ACER prospect,Approaching renewal — pitch on quality and accessibility vs current rater
Kirloskar Ferrous Inds. Ltd.,Non-government debt,ICRA,AA/A1+,2025-12-30,LOW,Steel & Metals,NO,ICRA,1,Non-government debt | Term loans,Reaffirmed,D365,1,Rated — potential ACER prospect,Approaching renewal — pitch on quality and accessibility vs current rater
Kotecha Steel Forge & Cast Inds. Pvt. Ltd.,Non-government debt,CARE,BBB-/A3,2026-04-10,LOW,Steel & Metals,NO,CARE,1,Non-government debt | Term loans,Reaffirmed,D365,1,Rated — potential ACER prospect,Approaching renewal — pitch on quality and accessibility vs current rater
Kothi Steels Ltd.,Non-government debt,CARE,BBB-/A3,2026-01-09,LOW,Steel & Metals,NO,CARE,1,Non-government debt | Term loans,Reaffirmed,D365,1,Rated — potential ACER prospect,Approaching renewal — pitch on quality and accessibility vs current rater
Krimeesha Steels Pvt. Ltd.,Fund based financial facility/instrument,CRISIL,A 4+,2026-02-25,LOW,Steel & Metals,NO,CRISIL,1,Fund based financial facility/instrument,Initial Rating,D365,1,Rated — potential ACER prospect,Approaching renewal — pitch on quality and accessibility vs current rater
Laxcon Steels Ltd.,Term loans,CRISIL,A,2026-03-27,LOW,Steel & Metals,NO,CRISIL,1,Bank Guarantee | Letter Of credit | Term loans,Reaffirmed,D365,1,Rated — potential ACER prospect,Approaching renewal — pitch on quality and accessibility vs current rater
M M Forgings Ltd.,Non-government debt,CARE,A/A1,2026-04-09,LOW,Steel & Metals,NO,CARE,1,Bank Guarantee | Non-government debt | Term loans,Reaffirmed,D365,1,Rated — potential ACER prospect,Approaching renewal — pitch on quality and accessibility vs current rater
M S P Steel & Power Ltd.,Bank Guarantee,CARE,A 2,2026-03-25,LOW,Steel & Metals,NO,CARE,1,Bank Guarantee | Letter Of credit | Term loans,Upgraded,D365,1,Rated — potential ACER prospect,Approaching renewal — pitch on quality and accessibility vs current rater
Madhuban Trade-Steels Pvt. Ltd.,Term loans,CARE,A-,2026-02-16,LOW,Steel & Metals,NO,CARE,1,Term loans,Reaffirmed,D365,1,Rated — potential ACER prospect,Approaching renewal — pitch on quality and accessibility vs current rater
Magna Electro Castings Ltd.,Bank Guarantee,CARE,A 2,2025-12-31,LOW,Steel & Metals,NO,CARE,1,Bank Guarantee | Term loans,Reaffirmed,D365,1,Rated — potential ACER prospect,Approaching renewal — pitch on quality and accessibility vs current rater
Mahabal Metals Pvt. Ltd.,Non-government debt,CARE,A/A1,2025-12-30,LOW,Steel & Metals,NO,CARE,1,Bank Guarantee | Non-government debt | Term loans,Reaffirmed,D365,1,Rated — potential ACER prospect,Approaching renewal — pitch on quality and accessibility vs current rater
Maharashtra Seamless Ltd.,Non-government debt,ICRA,AA+/A1+,2026-03-02,LOW,Steel & Metals,NO,ICRA,1,Non-government debt | Term loans,Reaffirmed,D365,1,Rated — potential ACER prospect,Approaching renewal — pitch on quality and accessibility vs current rater
Mauryaa Alloys Pvt. Ltd.,Bank Guarantee,CRISIL,A 3+,2026-01-16,LOW,Steel & Metals,NO,CRISIL,1,Bank Guarantee | Term loans,Reaffirmed,D365,1,Rated — potential ACER prospect,Approaching renewal — pitch on quality and accessibility vs current rater
Mehta Tubes Ltd.,Term loans,CRISIL,A-,2026-04-01,LOW,Steel & Metals,NO,CRISIL,1,Short-term loan | Term loans,Upgraded,D365,1,Rated — potential ACER prospect,Approaching renewal — pitch on quality and accessibility vs current rater
Mercure Metals & Alloys Pvt. Ltd.,Fund based financial facility/instrument,CARE,A-,2026-02-16,LOW,Steel & Metals,NO,CARE,1,Bank Guarantee | Fund based financial facility/instrument,Reaffirmed,D365,1,Rated — potential ACER prospect,Approaching renewal — pitch on quality and accessibility vs current rater
Minex Metallurgical Co. Ltd.,Non-government debt,ICRA,A 3+,2026-02-26,LOW,Steel & Metals,NO,ICRA,1,Non-government debt,Reaffirmed,D365,1,Rated — potential ACER prospect,Approaching renewal — pitch on quality and accessibility vs current rater
Modison Copper Pvt. Ltd.,Bank Guarantee,CARE,A 3+,2025-12-30,LOW,Steel & Metals,NO,CARE,1,Bank Guarantee | Term loans,Reaffirmed,D365,1,Rated — potential ACER prospect,Approaching renewal — pitch on quality and accessibility vs current rater
Mongia Steel Ltd.,Fund based financial facility/instrument,CRISIL,A-,2026-03-31,LOW,Steel & Metals,NO,CRISIL,1,Bank Guarantee | Fund based financial facility/instrument | Letter Of credit | Term loans,Reaffirmed,D365,1,Rated — potential ACER prospect,Approaching renewal — pitch on quality and accessibility vs current rater
Multimetals Ltd.,Bank Guarantee,CARE,A 3+,2026-03-24,LOW,Steel & Metals,NO,CARE,1,Bank Guarantee | Letter Of credit | Non-government debt,Reaffirmed,D365,1,Rated — potential ACER prospect,Approaching renewal — pitch on quality and accessibility vs current rater
Nandan Steels & Power Ltd.,Bank Guarantee,ACUITE,A,2026-02-12,LOW,Steel & Metals,NO,ACUITE,1,Bank Guarantee | Fund based financial facility/instrument | Letter Of credit | Long term Loans | Term loans,Reaffirmed,D365,1,Rated — potential ACER prospect,Approaching renewal — pitch on quality and accessibility vs current rater
Newmalayalam Steel Ltd.,Letter Of credit,CARE,A 3,2026-02-23,LOW,Steel & Metals,NO,CARE,1,Letter Of credit | Non-government debt | Term loans,Reaffirmed,D365,1,Rated — potential ACER prospect,Approaching renewal — pitch on quality and accessibility vs current rater
Nezone Tubes (T N) Ltd.,Non-government debt,ICRA,A+/A1,2026-02-23,LOW,Steel & Metals,NO,ICRA,1,Non-fund based working capital limit | Non-fund-based financial facility/instrument | Non-government debt | Term loans,Reaffirmed,D365,1,Rated — potential ACER prospect,Approaching renewal — pitch on quality and accessibility vs current rater
Nezone Tubes (Utkal) Ltd.,Non-government debt,ICRA,A+/A1,2026-02-23,LOW,Steel & Metals,NO,ICRA,1,Non-fund based working capital limit | Non-fund-based financial facility/instrument | Non-government debt,Reaffirmed,D365,1,Rated — potential ACER prospect,Approaching renewal — pitch on quality and accessibility vs current rater
Nezone Tubes Ltd.,Non-government debt,ICRA,A+/A1,2026-02-23,LOW,Steel & Metals,NO,ICRA,1,Non-fund based working capital limit | Non-government debt,Reaffirmed,D365,1,Rated — potential ACER prospect,Approaching renewal — pitch on quality and accessibility vs current rater
Omega Bright Steel Pvt. Ltd.,Non-government debt,IND-RA,BBB/A3+,2026-04-13,LOW,Steel & Metals,NO,IND-RA,1,Non-government debt,Initial Rating,D365,1,Rated — potential ACER prospect,Approaching renewal — pitch on quality and accessibility vs current rater
Oriental Foundry Pvt. Ltd.,Non-government debt,CARE,BBB/A3,2026-01-08,LOW,Steel & Metals,NO,CARE,1,Non-government debt | Term loans,Reaffirmed,D365,1,Rated — potential ACER prospect,Approaching renewal — pitch on quality and accessibility vs current rater
Orissa Alloy Steel Pvt. Ltd.,Fund based financial facility/instrument,CRISIL,AA,2026-04-27,LOW,Steel & Metals,NO,CRISIL,1,Fund based financial facility/instrument | Non-fund-based financial facility/instrument,Reaffirmed,D365,1,Rated — potential ACER prospect,Approaching renewal — pitch on quality and accessibility vs current rater
Orissa Metaliks Pvt. Ltd.,Fund based financial facility/instrument,CRISIL,AA,2026-04-16,LOW,Steel & Metals,NO,CRISIL,1,Fund based financial facility/instrument | Non-fund-based financial facility/instrument | Term loans,Reaffirmed,D365,1,Rated — potential ACER prospect,Approaching renewal — pitch on quality and accessibility vs current rater
Orissa Steel & Power Pvt. Ltd.,Fund based financial facility/instrument,CRISIL,AA,2026-04-15,LOW,Steel & Metals,NO,CRISIL,1,Fund based financial facility/instrument | Non-fund-based financial facility/instrument,Reaffirmed,D365,1,Rated — potential ACER prospect,Approaching renewal — pitch on quality and accessibility vs current rater
P M P Iron & Steels (India) Ltd.,Letter Of credit,CRISIL,A 4+,2026-04-30,LOW,Steel & Metals,NO,CRISIL,1,Letter Of credit,Initial Rating,D365,1,Rated — potential ACER prospect,Approaching renewal — pitch on quality and accessibility vs current rater
P R Rolling Mills Pvt. Ltd.,Bank Guarantee,CARE,A 3+,2026-02-02,LOW,Steel & Metals,NO,CARE,1,Bank Guarantee | Term loans,Reaffirmed,D365,1,Rated — potential ACER prospect,Approaching renewal — pitch on quality and accessibility vs current rater
Pacific Iron Mfg. Ltd.,Term loans,IND-RA,BBB-,2026-01-29,LOW,Steel & Metals,NO,IND-RA,1,Term loans,Initial Rating,D365,1,Rated — potential ACER prospect,Approaching renewal — pitch on quality and accessibility vs current rater
Parmeshwar Metal Ltd.,Bank Guarantee,CRISIL,A 3,2026-02-02,LOW,Steel & Metals,NO,CRISIL,1,Bank Guarantee | Letter Of credit,Reaffirmed,D365,1,Rated — potential ACER prospect,Approaching renewal — pitch on quality and accessibility vs current rater
Patnaik Steel International Ltd.,Bank Guarantee,CRISIL,A 3+,2026-03-02,LOW,Steel & Metals,NO,CRISIL,1,Bank Guarantee,Reaffirmed,D365,1,Rated — potential ACER prospect,Approaching renewal — pitch on quality and accessibility vs current rater
Peb Steel Lloyd (India) Ltd.,Letter Of credit,CRISIL,A 3+,2026-04-30,LOW,Steel & Metals,NO,CRISIL,1,Letter Of credit | Long term Loans,Upgraded,D365,1,Rated — potential ACER prospect,Approaching renewal — pitch on quality and accessibility vs current rater
Prakash Ferrous Inds. Pvt. Ltd.,Bank Guarantee,CARE,A 2,2026-04-09,LOW,Steel & Metals,NO,CARE,1,Bank Guarantee | Letter Of credit,Reaffirmed,D365,1,Rated — potential ACER prospect,Approaching renewal — pitch on quality and accessibility vs current rater
Prestige Metallics Pvt. Ltd.,Bank Guarantee,CARE,A 3,2026-04-10,LOW,Steel & Metals,NO,CARE,1,Bank Guarantee | Term loans,Initial Rating,D365,1,Rated — potential ACER prospect,Approaching renewal — pitch on quality and accessibility vs current rater
R & D Multiples (Metal Cast) Pvt. Ltd.,Letter Of credit,CARE,A 3,2026-03-27,LOW,Steel & Metals,NO,CARE,1,Letter Of credit | Non-government debt,Reaffirmed,D365,1,Rated — potential ACER prospect,Approaching renewal — pitch on quality and accessibility vs current rater
R B A Ferro Inds. Pvt. Ltd.,Term loans,IND-RA,BB+,2026-01-20,LOW,Steel & Metals,NO,IND-RA,1,Term loans,Withdrawn,D365,1,Rated — potential ACER prospect,Approaching renewal — pitch on quality and accessibility vs current rater
R R Metalmakers India Ltd.,Letter Of credit,CARE,A 4,2026-03-23,LOW,Steel & Metals,NO,CARE,1,Letter Of credit,Reaffirmed,D365,1,Rated — potential ACER prospect,Approaching renewal — pitch on quality and accessibility vs current rater
Raajratna Metal Inds. Ltd.,Non-government debt,ICRA,AA/A1+,2026-02-26,LOW,Steel & Metals,NO,ICRA,1,Non-fund-based financial facility/instrument | Non-government debt,Upgraded,D365,1,Rated — potential ACER prospect,Approaching renewal — pitch on quality and accessibility vs current rater
Rajasthan Tube Mfg. Co. Ltd.,Non-fund-based financial facility/instrument,ICRA,A 4,2026-04-30,LOW,Steel & Metals,NO,ICRA,1,Non-fund-based financial facility/instrument,Reaffirmed,D365,1,Rated — potential ACER prospect,Approaching renewal — pitch on quality and accessibility vs current rater
Rajhans Metals Pvt. Ltd.,Letter Of credit,CARE,A 3,2026-03-16,LOW,Steel & Metals,NO,CARE,1,Letter Of credit | Non-fund-based financial facility/instrument | Term loans,Reaffirmed,D365,1,Rated — potential ACER prospect,Approaching renewal — pitch on quality and accessibility vs current rater
Rama Steel Tubes Ltd.,Letter Of credit,ICRA,A 4+,2025-12-22,LOW,Steel & Metals,NO,ICRA,1,Letter Of credit,Rating Watch,D365,1,Rated — potential ACER prospect,Approaching renewal — pitch on quality and accessibility vs current rater
Ramgarh Sponge Iron Pvt. Ltd.,Bank Guarantee,CRISIL,A 2,2025-12-26,LOW,Steel & Metals,NO,CRISIL,1,Bank Guarantee | Fund based financial facility/instrument | Term loans,Upgraded,D365,1,Rated — potential ACER prospect,Approaching renewal — pitch on quality and accessibility vs current rater
Rashmi Green Hydrogen Steel Pvt. Ltd.,Fund based financial facility/instrument,CRISIL,A+,2026-04-15,LOW,Steel & Metals,NO,CRISIL,1,Fund based financial facility/instrument | Term loans,Reaffirmed,D365,1,Rated — potential ACER prospect,Approaching renewal — pitch on quality and accessibility vs current rater
Rashmi Metaliks Ltd.,Fund based financial facility/instrument,CRISIL,AA,2026-04-16,LOW,Steel & Metals,NO,CRISIL,1,Fund based financial facility/instrument | Non-fund-based financial facility/instrument,Reaffirmed,D365,1,Rated — potential ACER prospect,Approaching renewal — pitch on quality and accessibility vs current rater
Rashmi Metallurgical Industry Pvt. Ltd.,Fund based financial facility/instrument,CRISIL,AA,2026-04-16,LOW,Steel & Metals,NO,CRISIL,1,Fund based financial facility/instrument | Non-fund-based financial facility/instrument | Short-term loan,Reaffirmed,D365,1,Rated — potential ACER prospect,Approaching renewal — pitch on quality and accessibility vs current rater
S A L Steel Ltd.,Long term Loans,ACUITE,BBB+,2026-03-27,LOW,Steel & Metals,NO,ACUITE,1,Long term Loans,Initial Rating,D365,1,Rated — potential ACER prospect,Approaching renewal — pitch on quality and accessibility vs current rater
S F C Environmental Technologies Ltd.,Non-government debt,CARE,A+/A1+,2026-04-09,LOW,Steel & Metals,NO,CARE,1,Non-government debt | Term loans,Upgraded,D365,1,Rated — potential ACER prospect,Approaching renewal — pitch on quality and accessibility vs current rater
Sainest Tubes Pvt. Ltd.,Bank Guarantee,CARE,BBB-,2026-03-16,LOW,Steel & Metals,NO,CARE,1,Bank Guarantee | Non-government debt | Term loans,Withdrawn,D365,1,Rated — potential ACER prospect,Approaching renewal — pitch on quality and accessibility vs current rater
Saini Alloys Ltd.,Bank Guarantee,CRISIL,A 3,2026-03-09,LOW,Steel & Metals,NO,CRISIL,1,Bank Guarantee,Reaffirmed,D365,1,Rated — potential ACER prospect,Approaching renewal — pitch on quality and accessibility vs current rater
Santpuria Alloys Pvt. Ltd.,Fund based financial facility/instrument,CRISIL,A-,2026-03-31,LOW,Steel & Metals,NO,CRISIL,1,Bank Guarantee | Fund based financial facility/instrument | Letter Of credit | Non-fund-based financial facility/instrument | Term loans,Reaffirmed,D365,1,Rated — potential ACER prospect,Approaching renewal — pitch on quality and accessibility vs current rater
Shikhara Steels Pvt. Ltd.,Term loans,CRISIL,BBB,2026-01-28,LOW,Steel & Metals,NO,CRISIL,1,Term loans,Upgraded,D365,1,Rated — potential ACER prospect,Approaching renewal — pitch on quality and accessibility vs current rater
Shivalik Bimetal Controls Ltd.,Fund based financial facility/instrument,CRISIL,A,2026-03-12,LOW,Steel & Metals,NO,CRISIL,1,Fund based financial facility/instrument | Non-fund-based financial facility/instrument,Reaffirmed,D365,1,Rated — potential ACER prospect,Approaching renewal — pitch on quality and accessibility vs current rater
Shree Yash Stainless Pvt. Ltd.,Fund based financial facility/instrument,CRISIL,BBB-,2026-02-28,LOW,Steel & Metals,NO,CRISIL,1,Fund based financial facility/instrument,Upgraded,D365,1,Rated — potential ACER prospect,Approaching renewal — pitch on quality and accessibility vs current rater
Shreejee Structural Steel Pvt. Ltd.,Non-government debt,CARE,BBB-/A3,2026-03-24,LOW,Steel & Metals,NO,CARE,1,Non-government debt,Reaffirmed,D365,1,Rated — potential ACER prospect,Approaching renewal — pitch on quality and accessibility vs current rater
Shri Amman Steel & Alied Inds. Pvt. Ltd.,Letter Of credit,CRISIL,A 2,2026-03-30,LOW,Steel & Metals,NO,CRISIL,1,Letter Of credit,Reaffirmed,D365,1,Rated — potential ACER prospect,Approaching renewal — pitch on quality and accessibility vs current rater
Shri Kanha Stainless Ltd.,Letter Of credit,CRISIL,A 3,2026-02-04,LOW,Steel & Metals,NO,CRISIL,1,Letter Of credit | Long term Loans | Term loans,Initial Rating,D365,1,Rated — potential ACER prospect,Approaching renewal — pitch on quality and accessibility vs current rater
Shyam Century Ferrous Ltd.,Letter Of credit,ICRA,A 2,2026-01-19,LOW,Steel & Metals,NO,ICRA,1,Fund based financial facility/instrument | Letter Of credit,Withdrawn,D365,1,Rated — potential ACER prospect,Approaching renewal — pitch on quality and accessibility vs current rater
Shyam Ferrous Ltd.,Non-fund-based financial facility/instrument,CRISIL,A 3,2026-01-02,LOW,Steel & Metals,NO,CRISIL,1,Non-fund-based financial facility/instrument | Term loans,Reaffirmed,D365,1,Rated — potential ACER prospect,Approaching renewal — pitch on quality and accessibility vs current rater
Sikkim Ferro Alloys Ltd.,Letter Of credit,CRISIL,D,2026-01-21,LOW,Steel & Metals,NO,CRISIL,1,Letter Of credit,Reaffirmed,D365,1,Rated — potential ACER prospect,Approaching renewal — pitch on quality and accessibility vs current rater
Sky Alloys & Power Ltd.,Term loans,CRISIL,A-,2026-02-09,LOW,Steel & Metals,NO,CRISIL,1,Letter Of credit | Term loans,Reaffirmed,D365,1,Rated — potential ACER prospect,Approaching renewal — pitch on quality and accessibility vs current rater
Sound Castings Pvt. Ltd.,Non-government debt,CARE,A+/A1,2026-04-01,LOW,Steel & Metals,NO,CARE,1,Bank Guarantee | Non-government debt | Term loans,Upgraded,D365,1,Rated — potential ACER prospect,Approaching renewal — pitch on quality and accessibility vs current rater
Sree Metaliks Ltd.,Long term Loans,ACUITE,A-,2026-03-31,LOW,Steel & Metals,NO,ACUITE,1,Long term Loans | Short-term loan,Upgraded,D365,1,Rated — potential ACER prospect,Approaching renewal — pitch on quality and accessibility vs current rater
Sri Kanya Iron & Steel Pvt. Ltd.,Term loans,CARE,BB+,2026-02-17,LOW,Steel & Metals,NO,CARE,1,Term loans,Reaffirmed,D365,1,Rated — potential ACER prospect,Approaching renewal — pitch on quality and accessibility vs current rater
Steel & Industrial Forgings Ltd.,Bank Guarantee,IND-RA,A 3+,2026-04-09,LOW,Steel & Metals,NO,IND-RA,1,Bank Guarantee | Letter Of credit | Term loans,Reaffirmed,D365,1,Rated — potential ACER prospect,Approaching renewal — pitch on quality and accessibility vs current rater
Steel & Metal Tubes (India) Pvt. Ltd.,Bank Guarantee,CARE,A 3,2026-01-27,LOW,Steel & Metals,NO,CARE,1,Bank Guarantee,Reaffirmed,D365,1,Rated — potential ACER prospect,Approaching renewal — pitch on quality and accessibility vs current rater
Steel Strips Wheels Ltd.,Non-government debt,IND-RA,AA-/A1+,2026-02-18,LOW,Steel & Metals,NO,IND-RA,1,Non-government debt | Term loans,Reaffirmed,D365,1,Rated — potential ACER prospect,Approaching renewal — pitch on quality and accessibility vs current rater
Steel Works & Power Engineers Pvt. Ltd.,Letter Of credit,CRISIL,A 4,2026-02-11,LOW,Steel & Metals,NO,CRISIL,1,Letter Of credit | Term loans,Withdrawn,D365,1,Rated — potential ACER prospect,Approaching renewal — pitch on quality and accessibility vs current rater
Steelman Telecom Ltd.,Bank Guarantee,CRISIL,A 4,2026-02-18,LOW,Steel & Metals,NO,CRISIL,1,Bank Guarantee | Long term Loans,Initial Rating,D365,1,Rated — potential ACER prospect,Approaching renewal — pitch on quality and accessibility vs current rater
Sugna Metals Ltd.,Fund based financial facility/instrument,CARE,BBB-,2026-01-07,LOW,Steel & Metals,NO,CARE,1,Fund based financial facility/instrument | Letter Of credit | Term loans,Downgraded,D365,1,Rated — potential ACER prospect,Approaching renewal — pitch on quality and accessibility vs current rater
Sumangala Steel Pvt. Ltd.,Letter Of credit,CRISIL,A 3+,2026-01-20,LOW,Steel & Metals,NO,CRISIL,1,Letter Of credit | Term loans,Downgraded,D365,1,Rated — potential ACER prospect,Approaching renewal — pitch on quality and accessibility vs current rater
Surendra Steels Pvt. Ltd.,Fund based financial facility/instrument,CRISIL,A 3+,2026-03-04,LOW,Steel & Metals,NO,CRISIL,1,Fund based financial facility/instrument,Reaffirmed,D365,1,Rated — potential ACER prospect,Approaching renewal — pitch on quality and accessibility vs current rater
Tata Bluescope Steel Pvt. Ltd.,Bank Guarantee,CARE,A 1+,2026-02-23,LOW,Steel & Metals,NO,CARE,1,Bank Guarantee,Reaffirmed,D365,1,Rated — potential ACER prospect,Approaching renewal — pitch on quality and accessibility vs current rater
Thaai Casting Ltd.,Fund based financial facility/instrument,CRISIL,BBB-,2026-04-06,LOW,Steel & Metals,NO,CRISIL,1,Fund based financial facility/instrument | Long term Loans | Term loans,Reaffirmed,D365,1,Rated — potential ACER prospect,Approaching renewal — pitch on quality and accessibility vs current rater
The Kolhapur Steel Ltd. [Merged],Fund based financial facility/instrument,CARE,AA(CE),2025-12-22,LOW,Steel & Metals,NO,CARE,1,Fund based financial facility/instrument | Non-government debt,Withdrawn,D365,1,Rated — potential ACER prospect,Approaching renewal — pitch on quality and accessibility vs current rater
Tirumala Balaji Alloys Pvt. Ltd.,Bank Guarantee,ACUITE,A 2,2026-03-23,LOW,Steel & Metals,NO,ACUITE,1,Bank Guarantee | Letter Of credit | Long term Loans,Reaffirmed,D365,1,Rated — potential ACER prospect,Approaching renewal — pitch on quality and accessibility vs current rater
Total Environment Building Systems Pvt. Ltd.,Term loans,CRISIL,BBB-,2026-04-30,LOW,Steel & Metals,NO,CRISIL,1,Term loans,Downgraded,D365,1,Rated — potential ACER prospect,Approaching renewal — pitch on quality and accessibility vs current rater
Total Environment Constructions Pvt. Ltd.,Term loans,CRISIL,BB+,2026-04-30,LOW,Steel & Metals,NO,CRISIL,1,Term loans,Downgraded,D365,1,Rated — potential ACER prospect,Approaching renewal — pitch on quality and accessibility vs current rater
Total Environment Habitat Pvt. Ltd.,Term loans,CRISIL,BB+,2026-04-30,LOW,Steel & Metals,NO,CRISIL,1,Term loans,Downgraded,D365,1,Rated — potential ACER prospect,Approaching renewal — pitch on quality and accessibility vs current rater
Tuf Metallurgical Pvt. Ltd.,Non-government debt,CARE,BB+/A4+,2025-12-30,LOW,Steel & Metals,NO,CARE,1,Non-government debt,Downgraded,D365,1,Rated — potential ACER prospect,Approaching renewal — pitch on quality and accessibility vs current rater
Vanya Steels Pvt. Ltd.,Term loans,CRISIL,BBB,2026-01-30,LOW,Steel & Metals,NO,CRISIL,1,Term loans,Downgraded,D365,1,Rated — potential ACER prospect,Approaching renewal — pitch on quality and accessibility vs current rater
Vardhman Special Steels Ltd.,Long term Loans,CRISIL,AA,2026-04-30,LOW,Steel & Metals,NO,CRISIL,1,Letter Of credit | Long term Loans,Reaffirmed,D365,1,Rated — potential ACER prospect,Approaching renewal — pitch on quality and accessibility vs current rater
Vedanta Aluminium Metal Ltd.,Long term Loans,CRISIL,AA,2026-04-30,LOW,Steel & Metals,NO,CRISIL,1,Long term Loans | Non-fund-based financial facility/instrument,Initial Rating,D365,1,Rated — potential ACER prospect,Approaching renewal — pitch on quality and accessibility vs current rater
Virgo Aluminum Ltd.,Non-government debt,ICRA,A-/A2+,2026-03-30,LOW,Steel & Metals,NO,ICRA,1,Non-fund-based financial facility/instrument | Non-government debt | Term loans,Upgraded,D365,1,Rated — potential ACER prospect,Approaching renewal — pitch on quality and accessibility vs current rater
Vishal Precision Steel Tubes & Strips Pvt. Ltd.,Letter Of credit,CRISIL,A 3+,2026-01-28,LOW,Steel & Metals,NO,CRISIL,1,Letter Of credit | Non-fund-based financial facility/instrument,Reaffirmed,D365,1,Rated — potential ACER prospect,Approaching renewal — pitch on quality and accessibility vs current rater
Vitson Steel Corp Pvt. Ltd.,Fund based financial facility/instrument,CRISIL,BBB-,2026-02-17,LOW,Steel & Metals,NO,CRISIL,1,Fund based financial facility/instrument,Reaffirmed,D365,1,Rated — potential ACER prospect,Approaching renewal — pitch on quality and accessibility vs current rater
Vossloh Beekay Castings Ltd.,Bank Guarantee,CRISIL,A 2,2026-02-04,LOW,Steel & Metals,NO,CRISIL,1,Bank Guarantee | Letter Of credit,Upgraded,D365,1,Rated — potential ACER prospect,Approaching renewal — pitch on quality and accessibility vs current rater
Vraj Iron & Steel Ltd.,Non-government debt,CARE,A-/A2+,2026-02-26,LOW,Steel & Metals,NO,CARE,1,Non-government debt | Term loans,Reaffirmed,D365,1,Rated — potential ACER prospect,Approaching renewal — pitch on quality and accessibility vs current rater
Western India Forgings Pvt. Ltd.,Non-government debt,IND-RA,A/A1,2026-01-14,LOW,Steel & Metals,NO,IND-RA,1,Non-fund based working capital limit | Non-government debt | Term loans,Reaffirmed,D365,1,Rated — potential ACER prospect,Approaching renewal — pitch on quality and accessibility vs current rater
Yaxis Structural Steels Pvt. Ltd.,Term loans,CRISIL,BBB-,2026-02-09,LOW,Steel & Metals,NO,CRISIL,1,Term loans,Reaffirmed,D365,1,Rated — potential ACER prospect,Approaching renewal — pitch on quality and accessibility vs current rater
Zigma Global Environ Solutions Pvt. Ltd.,Bank Guarantee,CARE,A 3,2026-03-05,LOW,Steel & Metals,NO,CARE,1,Bank Guarantee | Non-government debt | Term loans,Reaffirmed,D365,1,Rated — potential ACER prospect,Approaching renewal — pitch on quality and accessibility vs current rater
