Company Name,Date,Agency,Instrument,Grade,Rating,Status,Ammount,Company/Issuer not cooperating,is_INC,Days_Overdue,Urgency,is_NCD,Company_upper,Why_Target
3 G Telecom Infra India Pvt. Ltd.,2026-04-02,IND-RA,Non-government debt,High Risk,B-/A4,Reaffirmed,6.04,Y,True,80.0,LOW,True,3 G TELECOM INFRA INDIA PVT. LTD.,"IND-RA NCD INC only — no CRISIL rating, ACER can be primary NCD rater"
4 Genius Minds Pvt. Ltd.,2025-11-24,IND-RA,Non-government debt,Default,D,Reaffirmed,45.0,Y,True,209.0,HOT,True,4 GENIUS MINDS PVT. LTD.,"IND-RA NCD INC only — no CRISIL rating, ACER can be primary NCD rater"
A A A Textiles Pvt. Ltd.,2025-10-08,IND-RA,Non-government debt,Inadequate Safety,BB/A4+,Reaffirmed,5.36,Y,True,256.0,HOT,True,A A A TEXTILES PVT. LTD.,"IND-RA NCD INC only — no CRISIL rating, ACER can be primary NCD rater"
A P R Constructions Ltd.,2026-01-16,IND-RA,Non-government debt,High Risk,B/A4,Downgraded,150.0,Y,True,156.0,WARM,True,A P R CONSTRUCTIONS LTD.,"IND-RA NCD INC only — no CRISIL rating, ACER can be primary NCD rater"
A R L Tyres Ltd.,2025-08-21,IND-RA,Non-government debt,High Risk,B/A4,Downgraded,82.9,Y,True,304.0,HOT,True,A R L TYRES LTD.,"IND-RA NCD INC only — no CRISIL rating, ACER can be primary NCD rater"
A S Jute Product Pvt. Ltd.,2025-09-11,IND-RA,Non-government debt,High Risk,B-/A4,Reaffirmed,10.0,Y,True,283.0,HOT,True,A S JUTE PRODUCT PVT. LTD.,"IND-RA NCD INC only — no CRISIL rating, ACER can be primary NCD rater"
Aanchal Cement Ltd.,2025-08-21,IND-RA,Non-government debt,Default,D,Reaffirmed,23.21,Y,True,304.0,HOT,True,AANCHAL CEMENT LTD.,"IND-RA NCD INC only — no CRISIL rating, ACER can be primary NCD rater"
Aanchal Collection Ltd.,2025-08-21,IND-RA,Non-government debt,Default,D,Reaffirmed,16.5,Y,True,304.0,HOT,True,AANCHAL COLLECTION LTD.,"IND-RA NCD INC only — no CRISIL rating, ACER can be primary NCD rater"
Aarohan Builders Pvt. Ltd.,2025-08-21,IND-RA,Non-government debt,High Risk,B-/A4,Reaffirmed,4.4,Y,True,304.0,HOT,True,AAROHAN BUILDERS PVT. LTD.,"IND-RA NCD INC only — no CRISIL rating, ACER can be primary NCD rater"
Aarti Infrastructure & Buildcon Ltd.,2026-01-16,IND-RA,Non-government debt,High Risk,B-/A4,Downgraded,12.0,Y,True,156.0,WARM,True,AARTI INFRASTRUCTURE & BUILDCON LTD.,"IND-RA NCD INC only — no CRISIL rating, ACER can be primary NCD rater"
Abhinandan Exports Ltd.,2025-08-21,IND-RA,Non-government debt,High Risk,B-/A4,Reaffirmed,10.5,Y,True,304.0,HOT,True,ABHINANDAN EXPORTS LTD.,"IND-RA NCD INC only — no CRISIL rating, ACER can be primary NCD rater"
Abhiraj Engicon Pvt. Ltd.,2025-12-19,IND-RA,Non-government debt,High Risk,B-/A4,Downgraded,16.39,Y,True,184.0,HOT,True,ABHIRAJ ENGICON PVT. LTD.,"IND-RA NCD INC only — no CRISIL rating, ACER can be primary NCD rater"
Adlers Bio-Energy Ltd.,2025-08-21,IND-RA,Non-government debt,Default,D,Reaffirmed,30.93,Y,True,304.0,HOT,True,ADLERS BIO-ENERGY LTD.,"IND-RA NCD INC only — no CRISIL rating, ACER can be primary NCD rater"
Aegan Industries Pvt. Ltd.,2025-08-21,IND-RA,Non-government debt,Default,D,Reaffirmed,81.9,Y,True,304.0,HOT,True,AEGAN INDUSTRIES PVT. LTD.,"IND-RA NCD INC only — no CRISIL rating, ACER can be primary NCD rater"
Ailsinghani Transport Pvt. Ltd.,2025-11-24,IND-RA,Non-government debt,High Risk,B-/A4,Downgraded,4.0,Y,True,209.0,HOT,True,AILSINGHANI TRANSPORT PVT. LTD.,"IND-RA NCD INC only — no CRISIL rating, ACER can be primary NCD rater"
Ainwesha Engineering & Projects Ltd.,2026-04-02,IND-RA,Non-government debt,Default,D,Reaffirmed,326.04,Y,True,80.0,LOW,True,AINWESHA ENGINEERING & PROJECTS LTD.,"IND-RA NCD INC only — no CRISIL rating, ACER can be primary NCD rater"
Akal Spring Ltd.,2025-10-17,IND-RA,Non-government debt,High Risk,B+/A4,Downgraded,13.37,Y,True,247.0,HOT,True,AKAL SPRING LTD.,"IND-RA NCD INC only — no CRISIL rating, ACER can be primary NCD rater"
Akash Fashion Prints Pvt. Ltd.,2025-08-21,IND-RA,Non-government debt,High Risk,B/A4,Downgraded,21.69,Y,True,304.0,HOT,True,AKASH FASHION PRINTS PVT. LTD.,"IND-RA NCD INC only — no CRISIL rating, ACER can be primary NCD rater"
Al-Gayathri Trading Co. Pvt. Ltd.,2025-08-21,IND-RA,Non-government debt,High Risk,B/A4,Downgraded,5.6,Y,True,304.0,HOT,True,AL-GAYATHRI TRADING CO. PVT. LTD.,"IND-RA NCD INC only — no CRISIL rating, ACER can be primary NCD rater"
Alaknanda Sponge Iron Ltd.,2025-08-21,IND-RA,Non-government debt,High Risk,B/A4,Downgraded,12.75,Y,True,304.0,HOT,True,ALAKNANDA SPONGE IRON LTD.,"IND-RA NCD INC only — no CRISIL rating, ACER can be primary NCD rater"
Allied Medical Ltd.,2025-08-21,IND-RA,Non-government debt,High Risk,B-/A4,Downgraded,15.0,Y,True,304.0,HOT,True,ALLIED MEDICAL LTD.,"IND-RA NCD INC only — no CRISIL rating, ACER can be primary NCD rater"
Alpha Pacific Systems Pvt. Ltd.,2026-01-16,IND-RA,Non-government debt,High Risk,B-/A4,Downgraded,6.7,Y,True,156.0,WARM,True,ALPHA PACIFIC SYSTEMS PVT. LTD.,"IND-RA NCD INC only — no CRISIL rating, ACER can be primary NCD rater"
Amritvarsha Industries Ltd.,2025-08-21,IND-RA,Non-government debt,High Risk,B-/A4,Downgraded,23.0,Y,True,304.0,HOT,True,AMRITVARSHA INDUSTRIES LTD.,"IND-RA NCD INC only — no CRISIL rating, ACER can be primary NCD rater"
Anadrone Systems Pvt. Ltd.,2025-09-11,IND-RA,Non-government debt,High Risk,B-/A4,Reaffirmed,14.0,Y,True,283.0,HOT,True,ANADRONE SYSTEMS PVT. LTD.,"IND-RA NCD INC only — no CRISIL rating, ACER can be primary NCD rater"
Anand Construwell Pvt. Ltd.,2026-01-16,IND-RA,Non-government debt,High Risk,B/A4,Downgraded,21.0,Y,True,156.0,WARM,True,ANAND CONSTRUWELL PVT. LTD.,"IND-RA NCD INC only — no CRISIL rating, ACER can be primary NCD rater"
Anand Mine Tools Pvt. Ltd.,2026-04-02,IND-RA,Non-government debt,Default,D,Reaffirmed,17.35,Y,True,80.0,LOW,True,ANAND MINE TOOLS PVT. LTD.,"IND-RA NCD INC only — no CRISIL rating, ACER can be primary NCD rater"
Anantnath Silk Mills Pvt. Ltd.,2025-08-21,IND-RA,Non-government debt,High Risk,B/A4,Downgraded,25.37,Y,True,304.0,HOT,True,ANANTNATH SILK MILLS PVT. LTD.,"IND-RA NCD INC only — no CRISIL rating, ACER can be primary NCD rater"
Ansal Housing Ltd.,2026-01-12,IND-RA,Non-government debt,Default,D,Reaffirmed,146.63,Y,True,160.0,WARM,True,ANSAL HOUSING LTD.,"IND-RA NCD INC only — no CRISIL rating, ACER can be primary NCD rater"
Arasu Hi Tech Infra Pvt. Ltd.,2025-08-21,IND-RA,Non-government debt,High Risk,B-/A4,Reaffirmed,20.0,Y,True,304.0,HOT,True,ARASU HI TECH INFRA PVT. LTD.,"IND-RA NCD INC only — no CRISIL rating, ACER can be primary NCD rater"
Archana Mines Pvt. Ltd.,2025-08-21,IND-RA,Non-government debt,High Risk,B-/A4,Downgraded,18.52,Y,True,304.0,HOT,True,ARCHANA MINES PVT. LTD.,"IND-RA NCD INC only — no CRISIL rating, ACER can be primary NCD rater"
Arena Lifestyles Pvt. Ltd.,2026-04-02,IND-RA,Non-government debt,High Risk,B-/A4,Downgraded,29.0,Y,True,80.0,LOW,True,ARENA LIFESTYLES PVT. LTD.,"IND-RA NCD INC only — no CRISIL rating, ACER can be primary NCD rater"
Arrow Constructions Ltd.,2026-04-02,IND-RA,Non-government debt,Default,D,Reaffirmed,10.0,Y,True,80.0,LOW,True,ARROW CONSTRUCTIONS LTD.,"IND-RA NCD INC only — no CRISIL rating, ACER can be primary NCD rater"
Artek Enterprises Pvt. Ltd.,2025-08-21,IND-RA,Non-government debt,High Risk,B-/A4,Reaffirmed,5.95,Y,True,304.0,HOT,True,ARTEK ENTERPRISES PVT. LTD.,"IND-RA NCD INC only — no CRISIL rating, ACER can be primary NCD rater"
Arunoday Construction Co. Pvt. Ltd.,2025-09-11,IND-RA,Non-government debt,High Risk,B-/A4,Downgraded,24.85,Y,True,283.0,HOT,True,ARUNODAY CONSTRUCTION CO. PVT. LTD.,"IND-RA NCD INC only — no CRISIL rating, ACER can be primary NCD rater"
Arunodaya Print Pack Pvt. Ltd.,2026-04-02,IND-RA,Non-government debt,High Risk,B-/A4,Downgraded,7.12,Y,True,80.0,LOW,True,ARUNODAYA PRINT PACK PVT. LTD.,"IND-RA NCD INC only — no CRISIL rating, ACER can be primary NCD rater"
Asclepius Hospitals & Health Care Pvt. Ltd.,2026-03-27,IND-RA,Non-government debt,High Risk,B-/A4,Downgraded,49.81,Y,True,86.0,LOW,True,ASCLEPIUS HOSPITALS & HEALTH CARE PVT. LTD.,"IND-RA NCD INC only — no CRISIL rating, ACER can be primary NCD rater"
Ascon Infratech Pvt. Ltd.,2025-06-25,IND-RA,Non-government debt,Inadequate Safety,BB-/A4+,Downgraded,8.0,Y,True,361.0,HOT,True,ASCON INFRATECH PVT. LTD.,"IND-RA NCD INC only — no CRISIL rating, ACER can be primary NCD rater"
Ashok Textile Mills Pvt. Ltd.,2025-12-19,IND-RA,Non-government debt,High Risk,B/A4,Downgraded,89.21,Y,True,184.0,HOT,True,ASHOK TEXTILE MILLS PVT. LTD.,"IND-RA NCD INC only — no CRISIL rating, ACER can be primary NCD rater"
Asian Handicrafts Pvt. Ltd.,2025-09-11,IND-RA,Non-government debt,High Risk,B-/A4,Reaffirmed,14.0,Y,True,283.0,HOT,True,ASIAN HANDICRAFTS PVT. LTD.,"IND-RA NCD INC only — no CRISIL rating, ACER can be primary NCD rater"
Athitheya Kshema Hotels Pvt. Ltd.,2025-11-24,IND-RA,Non-government debt,Default,D,Reaffirmed,14.06,Y,True,209.0,HOT,True,ATHITHEYA KSHEMA HOTELS PVT. LTD.,"IND-RA NCD INC only — no CRISIL rating, ACER can be primary NCD rater"
Athulitha Laboratories Pvt. Ltd.,2026-01-16,IND-RA,Non-government debt,High Risk,B-/A4,Downgraded,10.52,Y,True,156.0,WARM,True,ATHULITHA LABORATORIES PVT. LTD.,"IND-RA NCD INC only — no CRISIL rating, ACER can be primary NCD rater"
Atmastco Ltd.,2026-02-27,IND-RA,Non-government debt,High Risk,B/A4,Downgraded,85.75,Y,True,114.0,WARM,True,ATMASTCO LTD.,"IND-RA NCD INC only — no CRISIL rating, ACER can be primary NCD rater"
Auro Industries Ltd.,2025-09-11,IND-RA,Non-government debt,High Risk,B-/A4,Downgraded,11.0,Y,True,283.0,HOT,True,AURO INDUSTRIES LTD.,"IND-RA NCD INC only — no CRISIL rating, ACER can be primary NCD rater"
Axis Overseas Ltd.,2025-08-21,IND-RA,Non-government debt,High Risk,B-/A4,Reaffirmed,25.0,Y,True,304.0,HOT,True,AXIS OVERSEAS LTD.,"IND-RA NCD INC only — no CRISIL rating, ACER can be primary NCD rater"
Azafran Innovacion Ltd.,2025-08-21,IND-RA,Non-government debt,High Risk,B-/A4,Reaffirmed,11.56,Y,True,304.0,HOT,True,AZAFRAN INNOVACION LTD.,"IND-RA NCD INC only — no CRISIL rating, ACER can be primary NCD rater"
B A S S Minerals India Pvt. Ltd.,2026-04-02,IND-RA,Non-government debt,High Risk,B-/A4,Reaffirmed,5.0,Y,True,80.0,LOW,True,B A S S MINERALS INDIA PVT. LTD.,"IND-RA NCD INC only — no CRISIL rating, ACER can be primary NCD rater"
B C Sen & Co. Ltd.,2026-02-27,IND-RA,Non-government debt,High Risk,B-/A4,Downgraded,39.5,Y,True,114.0,WARM,True,B C SEN & CO. LTD.,"IND-RA NCD INC only — no CRISIL rating, ACER can be primary NCD rater"
B L Agro Inds. Ltd.,2025-11-24,IND-RA,Non-government debt,High Risk,B-/A4,Downgraded,352.0,Y,True,209.0,HOT,True,B L AGRO INDS. LTD.,"IND-RA NCD INC only — no CRISIL rating, ACER can be primary NCD rater"
B M R Blue Genetics Pvt. Ltd.,2025-08-21,IND-RA,Non-government debt,High Risk,B/A4,Reaffirmed,10.06,Y,True,304.0,HOT,True,B M R BLUE GENETICS PVT. LTD.,"IND-RA NCD INC only — no CRISIL rating, ACER can be primary NCD rater"
B N S R Inds. Ltd.,2026-04-02,IND-RA,Non-government debt,High Risk,B-/A4,Downgraded,4.9,Y,True,80.0,LOW,True,B N S R INDS. LTD.,"IND-RA NCD INC only — no CRISIL rating, ACER can be primary NCD rater"
B N T Connections Impex Ltd.,2026-04-02,IND-RA,Non-government debt,High Risk,B-/A4,Downgraded,30.55,Y,True,80.0,LOW,True,B N T CONNECTIONS IMPEX LTD.,"IND-RA NCD INC only — no CRISIL rating, ACER can be primary NCD rater"
B N T Innovations Pvt. Ltd.,2026-01-16,IND-RA,Non-government debt,Default,D,Reaffirmed,10.0,Y,True,156.0,WARM,True,B N T INNOVATIONS PVT. LTD.,"IND-RA NCD INC only — no CRISIL rating, ACER can be primary NCD rater"
B V L Exports Pvt. Ltd.,2026-01-16,IND-RA,Non-government debt,Default,D,Reaffirmed,125.0,Y,True,156.0,WARM,True,B V L EXPORTS PVT. LTD.,"IND-RA NCD INC only — no CRISIL rating, ACER can be primary NCD rater"
Badri Ecofibres Pvt. Ltd.,2025-08-21,IND-RA,Non-government debt,High Risk,B-/A4,Downgraded,47.95,Y,True,304.0,HOT,True,BADRI ECOFIBRES PVT. LTD.,"IND-RA NCD INC only — no CRISIL rating, ACER can be primary NCD rater"
Balaji Fiber Reinforce Pvt. Ltd.,2026-04-02,IND-RA,Non-government debt,Default,D,Reaffirmed,30.0,Y,True,80.0,LOW,True,BALAJI FIBER REINFORCE PVT. LTD.,"IND-RA NCD INC only — no CRISIL rating, ACER can be primary NCD rater"
Balaji Oil Industries Pvt. Ltd.,2026-02-27,IND-RA,Non-government debt,High Risk,B-/A4,Reaffirmed,32.39,Y,True,114.0,WARM,True,BALAJI OIL INDUSTRIES PVT. LTD.,"IND-RA NCD INC only — no CRISIL rating, ACER can be primary NCD rater"
Bansal Spinning Mills Pvt. Ltd.,2025-08-21,IND-RA,Non-government debt,High Risk,B/A4,Downgraded,166.3,Y,True,304.0,HOT,True,BANSAL SPINNING MILLS PVT. LTD.,"IND-RA NCD INC only — no CRISIL rating, ACER can be primary NCD rater"
Bay Datacom Solutions Pvt. Ltd.,2026-01-16,IND-RA,Non-government debt,High Risk,B/A4,Downgraded,23.0,Y,True,156.0,WARM,True,BAY DATACOM SOLUTIONS PVT. LTD.,"IND-RA NCD INC only — no CRISIL rating, ACER can be primary NCD rater"
Bellatrix Infrastructure Pvt. Ltd.,2025-08-21,IND-RA,Non-government debt,High Risk,B-/A4,Downgraded,5.41,Y,True,304.0,HOT,True,BELLATRIX INFRASTRUCTURE PVT. LTD.,"IND-RA NCD INC only — no CRISIL rating, ACER can be primary NCD rater"
Bemco Sleepers Ltd.,2025-11-24,IND-RA,Non-government debt,High Risk,B-/A4,Downgraded,13.1,Y,True,209.0,HOT,True,BEMCO SLEEPERS LTD.,"IND-RA NCD INC only — no CRISIL rating, ACER can be primary NCD rater"
Bharamari Steels Pvt. Ltd.,2025-08-21,IND-RA,Non-government debt,High Risk,B/A4,Downgraded,20.35,Y,True,304.0,HOT,True,BHARAMARI STEELS PVT. LTD.,"IND-RA NCD INC only — no CRISIL rating, ACER can be primary NCD rater"
Bhartia Yarns Pvt. Ltd.,2026-04-02,IND-RA,Non-government debt,High Risk,B/A4,Downgraded,10.0,Y,True,80.0,LOW,True,BHARTIA YARNS PVT. LTD.,"IND-RA NCD INC only — no CRISIL rating, ACER can be primary NCD rater"
Bhaskar Shrachi Alloys Ltd.,2025-09-11,IND-RA,Non-government debt,Default,D,Reaffirmed,63.2,Y,True,283.0,HOT,True,BHASKAR SHRACHI ALLOYS LTD.,"IND-RA NCD INC only — no CRISIL rating, ACER can be primary NCD rater"
Bhola Ram Steels Pvt. Ltd.,2025-08-21,IND-RA,Non-government debt,High Risk,B-/A4,Downgraded,10.75,Y,True,304.0,HOT,True,BHOLA RAM STEELS PVT. LTD.,"IND-RA NCD INC only — no CRISIL rating, ACER can be primary NCD rater"
Bhopal Switch Gears Pvt. Ltd.,2025-08-21,IND-RA,Non-government debt,High Risk,B-/A4,Reaffirmed,9.22,Y,True,304.0,HOT,True,BHOPAL SWITCH GEARS PVT. LTD.,"IND-RA NCD INC only — no CRISIL rating, ACER can be primary NCD rater"
Bhopal Tractors Pvt. Ltd.,2026-04-02,IND-RA,Non-government debt,High Risk,B/A4,Downgraded,10.0,Y,True,80.0,LOW,True,BHOPAL TRACTORS PVT. LTD.,"IND-RA NCD INC only — no CRISIL rating, ACER can be primary NCD rater"
Bilt Graphic Paper Products Ltd.,2025-12-19,IND-RA,Non-government debt,Default,D,Reaffirmed,0.5,Y,True,184.0,HOT,True,BILT GRAPHIC PAPER PRODUCTS LTD.,"IND-RA NCD INC only — no CRISIL rating, ACER can be primary NCD rater"
Biomedix Optotechnik & Devices Pvt. Ltd.,2026-04-02,IND-RA,Non-government debt,High Risk,B-/A4,Downgraded,8.91,Y,True,80.0,LOW,True,BIOMEDIX OPTOTECHNIK & DEVICES PVT. LTD.,"IND-RA NCD INC only — no CRISIL rating, ACER can be primary NCD rater"
Birbal International Pvt. Ltd.,2025-08-21,IND-RA,Non-government debt,High Risk,B-/A4,Reaffirmed,10.0,Y,True,304.0,HOT,True,BIRBAL INTERNATIONAL PVT. LTD.,"IND-RA NCD INC only — no CRISIL rating, ACER can be primary NCD rater"
Birmi International Pvt. Ltd.,2025-08-21,IND-RA,Non-government debt,High Risk,B/A4,Downgraded,21.7,Y,True,304.0,HOT,True,BIRMI INTERNATIONAL PVT. LTD.,"IND-RA NCD INC only — no CRISIL rating, ACER can be primary NCD rater"
Bloom Dekor Ltd.,2025-08-21,IND-RA,Non-government debt,Default,D,Reaffirmed,32.5,Y,True,304.0,HOT,True,BLOOM DEKOR LTD.,"IND-RA NCD INC only — no CRISIL rating, ACER can be primary NCD rater"
Blue Duck Textiles Pvt. Ltd.,2026-04-02,IND-RA,Non-government debt,Default,D,Reaffirmed,7.83,Y,True,80.0,LOW,True,BLUE DUCK TEXTILES PVT. LTD.,"IND-RA NCD INC only — no CRISIL rating, ACER can be primary NCD rater"
Bon Ton Softwares Pvt. Ltd.,2026-02-27,IND-RA,Non-government debt,High Risk,B-/A4,Downgraded,26.14,Y,True,114.0,WARM,True,BON TON SOFTWARES PVT. LTD.,"IND-RA NCD INC only — no CRISIL rating, ACER can be primary NCD rater"
Brahmani Developers Pvt. Ltd.,2025-09-11,IND-RA,Non-government debt,High Risk,B/A4,Downgraded,7.0,Y,True,283.0,HOT,True,BRAHMANI DEVELOPERS PVT. LTD.,"IND-RA NCD INC only — no CRISIL rating, ACER can be primary NCD rater"
Brindha Cotton Mills Pvt. Ltd.,2026-04-02,IND-RA,Non-government debt,Default,D,Reaffirmed,10.57,Y,True,80.0,LOW,True,BRINDHA COTTON MILLS PVT. LTD.,"IND-RA NCD INC only — no CRISIL rating, ACER can be primary NCD rater"
C M C Textiles Pvt. Ltd.,2025-11-24,IND-RA,Non-government debt,High Risk,B/A4,Downgraded,27.73,Y,True,209.0,HOT,True,C M C TEXTILES PVT. LTD.,"IND-RA NCD INC only — no CRISIL rating, ACER can be primary NCD rater"
C V S Infrastructure Pvt. Ltd.,2025-08-21,IND-RA,Non-government debt,High Risk,B-/A4,Downgraded,17.0,Y,True,304.0,HOT,True,C V S INFRASTRUCTURE PVT. LTD.,"IND-RA NCD INC only — no CRISIL rating, ACER can be primary NCD rater"
Camex Ltd.,2025-12-19,IND-RA,Non-government debt,High Risk,B-/A4,Downgraded,24.5,Y,True,184.0,HOT,True,CAMEX LTD.,"IND-RA NCD INC only — no CRISIL rating, ACER can be primary NCD rater"
Canaan Engineering Pvt. Ltd.,2025-08-21,IND-RA,Non-government debt,Default,D,Reaffirmed,27.62,Y,True,304.0,HOT,True,CANAAN ENGINEERING PVT. LTD.,"IND-RA NCD INC only — no CRISIL rating, ACER can be primary NCD rater"
Caravel Logistics Pvt. Ltd.,2025-12-19,IND-RA,Non-government debt,Substantial Risk,C/A4,Reaffirmed,11.1,Y,True,184.0,HOT,True,CARAVEL LOGISTICS PVT. LTD.,"IND-RA NCD INC only — no CRISIL rating, ACER can be primary NCD rater"
Cbsi India Pvt. Ltd. [Merged],2025-09-11,IND-RA,Non-government debt,High Risk,B/A4,Downgraded,7.5,Y,True,283.0,HOT,True,CBSI INDIA PVT. LTD. [MERGED],"IND-RA NCD INC only — no CRISIL rating, ACER can be primary NCD rater"
Cee Dee Vacuum Equipment Pvt. Ltd.,2025-08-21,IND-RA,Non-government debt,High Risk,B/A4,Downgraded,36.97,Y,True,304.0,HOT,True,CEE DEE VACUUM EQUIPMENT PVT. LTD.,"IND-RA NCD INC only — no CRISIL rating, ACER can be primary NCD rater"
Cennet Biopharma Pvt. Ltd.,2026-02-27,IND-RA,Non-government debt,High Risk,B-/A4,Reaffirmed,15.0,Y,True,114.0,WARM,True,CENNET BIOPHARMA PVT. LTD.,"IND-RA NCD INC only — no CRISIL rating, ACER can be primary NCD rater"
Chanakya Technos Pvt. Ltd.,2026-01-16,IND-RA,Non-government debt,High Risk,B-/A4,Downgraded,10.3,Y,True,156.0,WARM,True,CHANAKYA TECHNOS PVT. LTD.,"IND-RA NCD INC only — no CRISIL rating, ACER can be primary NCD rater"
Charoen Pokphand Seeds (India) Pvt. Ltd.,2026-02-27,IND-RA,Non-government debt,High Risk,B-/A4,Downgraded,110.0,Y,True,114.0,WARM,True,CHAROEN POKPHAND SEEDS (INDIA) PVT. LTD.,"IND-RA NCD INC only — no CRISIL rating, ACER can be primary NCD rater"
Chetan Alloys Pvt. Ltd.,2026-01-29,IND-RA,Non-government debt,Default,D,Downgraded,10.0,Y,True,143.0,WARM,True,CHETAN ALLOYS PVT. LTD.,"IND-RA NCD INC only — no CRISIL rating, ACER can be primary NCD rater"
Chetan Overseas Pvt. Ltd.,2026-04-02,IND-RA,Non-government debt,High Risk,B-/A4,Reaffirmed,13.5,Y,True,80.0,LOW,True,CHETAN OVERSEAS PVT. LTD.,"IND-RA NCD INC only — no CRISIL rating, ACER can be primary NCD rater"
Chhabra Ispat Pvt. Ltd.,2025-09-11,IND-RA,Non-government debt,High Risk,B-/A4,Downgraded,34.0,Y,True,283.0,HOT,True,CHHABRA ISPAT PVT. LTD.,"IND-RA NCD INC only — no CRISIL rating, ACER can be primary NCD rater"
Classic Knits India Pvt. Ltd.,2026-01-16,IND-RA,Non-government debt,Default,D,Reaffirmed,112.72,Y,True,156.0,WARM,True,CLASSIC KNITS INDIA PVT. LTD.,"IND-RA NCD INC only — no CRISIL rating, ACER can be primary NCD rater"
Cleantec Infra Pvt. Ltd.,2026-04-02,IND-RA,Non-government debt,High Risk,B/A4,Downgraded,6.0,Y,True,80.0,LOW,True,CLEANTEC INFRA PVT. LTD.,"IND-RA NCD INC only — no CRISIL rating, ACER can be primary NCD rater"
Clifton Export Pvt. Ltd.,2025-12-19,IND-RA,Non-government debt,High Risk,B/A4,Downgraded,69.26,Y,True,184.0,HOT,True,CLIFTON EXPORT PVT. LTD.,"IND-RA NCD INC only — no CRISIL rating, ACER can be primary NCD rater"
Coirfoam (India) Pvt. Ltd.,2026-04-02,IND-RA,Non-government debt,High Risk,B-/A4,Downgraded,8.0,Y,True,80.0,LOW,True,COIRFOAM (INDIA) PVT. LTD.,"IND-RA NCD INC only — no CRISIL rating, ACER can be primary NCD rater"
Commercial Auto Products Pvt. Ltd.,2026-01-16,IND-RA,Non-government debt,High Risk,B-/A4,Reaffirmed,10.0,Y,True,156.0,WARM,True,COMMERCIAL AUTO PRODUCTS PVT. LTD.,"IND-RA NCD INC only — no CRISIL rating, ACER can be primary NCD rater"
Continental Milkose (India) Ltd.,2026-01-16,IND-RA,Non-government debt,High Risk,B-/A4,Downgraded,40.0,Y,True,156.0,WARM,True,CONTINENTAL MILKOSE (INDIA) LTD.,"IND-RA NCD INC only — no CRISIL rating, ACER can be primary NCD rater"
Corlim Marine Exports Pvt. Ltd.,2025-09-11,IND-RA,Non-government debt,Default,D,Reaffirmed,46.0,Y,True,283.0,HOT,True,CORLIM MARINE EXPORTS PVT. LTD.,"IND-RA NCD INC only — no CRISIL rating, ACER can be primary NCD rater"
Crown Cashew Impex Pvt. Ltd.,2025-08-21,IND-RA,Non-government debt,High Risk,B-/A4,Reaffirmed,9.9,Y,True,304.0,HOT,True,CROWN CASHEW IMPEX PVT. LTD.,"IND-RA NCD INC only — no CRISIL rating, ACER can be primary NCD rater"
Crystal Cable Inds. Ltd.,2026-01-16,IND-RA,Non-government debt,Default,D,Reaffirmed,76.26,Y,True,156.0,WARM,True,CRYSTAL CABLE INDS. LTD.,"IND-RA NCD INC only — no CRISIL rating, ACER can be primary NCD rater"
D C S Techno Services Pvt. Ltd.,2026-04-02,IND-RA,Non-government debt,High Risk,B-/A4,Downgraded,12.0,Y,True,80.0,LOW,True,D C S TECHNO SERVICES PVT. LTD.,"IND-RA NCD INC only — no CRISIL rating, ACER can be primary NCD rater"
D M L Exim Pvt. Ltd.,2026-04-02,IND-RA,Non-government debt,High Risk,B/A4,Downgraded,130.0,Y,True,80.0,LOW,True,D M L EXIM PVT. LTD.,"IND-RA NCD INC only — no CRISIL rating, ACER can be primary NCD rater"
D M L World Trade Pvt. Ltd.,2026-04-02,IND-RA,Non-government debt,High Risk,B/A4,Downgraded,20.0,Y,True,80.0,LOW,True,D M L WORLD TRADE PVT. LTD.,"IND-RA NCD INC only — no CRISIL rating, ACER can be primary NCD rater"
Darshan Overseas Pvt. Ltd.,2026-04-02,IND-RA,Non-government debt,High Risk,B/A4,Downgraded,50.0,Y,True,80.0,LOW,True,DARSHAN OVERSEAS PVT. LTD.,"IND-RA NCD INC only — no CRISIL rating, ACER can be primary NCD rater"
Dayana Polyplast Pvt. Ltd.,2025-08-21,IND-RA,Non-government debt,High Risk,B-/A4,Downgraded,22.0,Y,True,304.0,HOT,True,DAYANA POLYPLAST PVT. LTD.,"IND-RA NCD INC only — no CRISIL rating, ACER can be primary NCD rater"
Deep Weldmesh Pvt. Ltd.,2025-09-11,IND-RA,Non-government debt,Default,D,Reaffirmed,10.0,Y,True,283.0,HOT,True,DEEP WELDMESH PVT. LTD.,"IND-RA NCD INC only — no CRISIL rating, ACER can be primary NCD rater"
Delco Infrastructure Projects Ltd.,2026-01-16,IND-RA,Non-government debt,Default,D,Reaffirmed,18.0,Y,True,156.0,WARM,True,DELCO INFRASTRUCTURE PROJECTS LTD.,"IND-RA NCD INC only — no CRISIL rating, ACER can be primary NCD rater"
Dembla Timber Co. Pvt. Ltd.,2026-01-16,IND-RA,Non-government debt,Default,D,Reaffirmed,24.61,Y,True,156.0,WARM,True,DEMBLA TIMBER CO. PVT. LTD.,"IND-RA NCD INC only — no CRISIL rating, ACER can be primary NCD rater"
Deoghar Agrotech Pvt. Ltd.,2025-09-11,IND-RA,Non-government debt,High Risk,B-/A4,Reaffirmed,17.0,Y,True,283.0,HOT,True,DEOGHAR AGROTECH PVT. LTD.,"IND-RA NCD INC only — no CRISIL rating, ACER can be primary NCD rater"
Desai Infra Projects (India) Pvt. Ltd.,2025-09-11,IND-RA,Non-government debt,High Risk,B/A4,Downgraded,27.5,Y,True,283.0,HOT,True,DESAI INFRA PROJECTS (INDIA) PVT. LTD.,"IND-RA NCD INC only — no CRISIL rating, ACER can be primary NCD rater"
Dev Shree Cotsyn Pvt. Ltd.,2025-08-21,IND-RA,Non-government debt,High Risk,B-/A4,Downgraded,29.0,Y,True,304.0,HOT,True,DEV SHREE COTSYN PVT. LTD.,"IND-RA NCD INC only — no CRISIL rating, ACER can be primary NCD rater"
Dev'S Chem Tec Pvt. Ltd.,2025-11-24,IND-RA,Non-government debt,High Risk,B-/A4,Downgraded,6.0,Y,True,209.0,HOT,True,DEV'S CHEM TEC PVT. LTD.,"IND-RA NCD INC only — no CRISIL rating, ACER can be primary NCD rater"
Dhanlaxmi Electricals Pvt. Ltd.,2026-04-02,IND-RA,Non-government debt,Default,D,Reaffirmed,23.0,Y,True,80.0,LOW,True,DHANLAXMI ELECTRICALS PVT. LTD.,"IND-RA NCD INC only — no CRISIL rating, ACER can be primary NCD rater"
Dhara Petrochemicals Pvt. Ltd. [Merged],2026-01-16,IND-RA,Non-government debt,High Risk,B-/A4,Reaffirmed,11.5,Y,True,156.0,WARM,True,DHARA PETROCHEMICALS PVT. LTD. [MERGED],"IND-RA NCD INC only — no CRISIL rating, ACER can be primary NCD rater"
Dhaulagiree Polyolefins Pvt. Ltd.,2025-11-24,IND-RA,Non-government debt,High Risk,B-/A4,Reaffirmed,3.4,Y,True,209.0,HOT,True,DHAULAGIREE POLYOLEFINS PVT. LTD.,"IND-RA NCD INC only — no CRISIL rating, ACER can be primary NCD rater"
Diamond Textile Mills Pvt. Ltd.,2026-02-27,IND-RA,Non-government debt,High Risk,B/A4,Downgraded,53.0,Y,True,114.0,WARM,True,DIAMOND TEXTILE MILLS PVT. LTD.,"IND-RA NCD INC only — no CRISIL rating, ACER can be primary NCD rater"
Digiflic Controls (India) Pvt. Ltd.,2025-08-21,IND-RA,Non-government debt,High Risk,B-/A4,Reaffirmed,11.67,Y,True,304.0,HOT,True,DIGIFLIC CONTROLS (INDIA) PVT. LTD.,"IND-RA NCD INC only — no CRISIL rating, ACER can be primary NCD rater"
Digilogic Systems Ltd.,2025-11-24,IND-RA,Non-government debt,High Risk,B-/A4,Downgraded,4.8,Y,True,209.0,HOT,True,DIGILOGIC SYSTEMS LTD.,"IND-RA NCD INC only — no CRISIL rating, ACER can be primary NCD rater"
Dinesh Oils Ltd.,2026-03-04,IND-RA,Non-government debt,Default,D,Reaffirmed,169.2,Y,True,109.0,WARM,True,DINESH OILS LTD.,"IND-RA NCD INC only — no CRISIL rating, ACER can be primary NCD rater"
Durgashakti Foods Pvt. Ltd.,2025-12-19,IND-RA,Non-government debt,Default,D,Reaffirmed,12.4,Y,True,184.0,HOT,True,DURGASHAKTI FOODS PVT. LTD.,"IND-RA NCD INC only — no CRISIL rating, ACER can be primary NCD rater"
Eapro Global Ltd.,2026-01-16,IND-RA,Non-government debt,High Risk,B-/A4,Downgraded,10.0,Y,True,156.0,WARM,True,EAPRO GLOBAL LTD.,"IND-RA NCD INC only — no CRISIL rating, ACER can be primary NCD rater"
East Hooghly Polyplast Pvt. Ltd.,2025-09-11,IND-RA,Non-government debt,High Risk,B/A4,Downgraded,11.87,Y,True,283.0,HOT,True,EAST HOOGHLY POLYPLAST PVT. LTD.,"IND-RA NCD INC only — no CRISIL rating, ACER can be primary NCD rater"
Ecokrin Hygiene Pvt. Ltd.,2026-01-16,IND-RA,Non-government debt,High Risk,B-/A4,Downgraded,5.75,Y,True,156.0,WARM,True,ECOKRIN HYGIENE PVT. LTD.,"IND-RA NCD INC only — no CRISIL rating, ACER can be primary NCD rater"
Egwood Boards & Panels Pvt. Ltd.,2026-01-16,IND-RA,Non-government debt,High Risk,B-/A4,Reaffirmed,14.27,Y,True,156.0,WARM,True,EGWOOD BOARDS & PANELS PVT. LTD.,"IND-RA NCD INC only — no CRISIL rating, ACER can be primary NCD rater"
Elastochemie Impex Pvt. Ltd.,2026-01-16,IND-RA,Non-government debt,High Risk,B-/A4,Reaffirmed,15.4,Y,True,156.0,WARM,True,ELASTOCHEMIE IMPEX PVT. LTD.,"IND-RA NCD INC only — no CRISIL rating, ACER can be primary NCD rater"
Electro Teknica Switchgears Pvt. Ltd.,2025-09-11,IND-RA,Non-government debt,High Risk,B-/A4,Reaffirmed,6.5,Y,True,283.0,HOT,True,ELECTRO TEKNICA SWITCHGEARS PVT. LTD.,"IND-RA NCD INC only — no CRISIL rating, ACER can be primary NCD rater"
Elljay Textiles Pvt. Ltd.,2025-08-21,IND-RA,Non-government debt,High Risk,B-/A4,Reaffirmed,11.46,Y,True,304.0,HOT,True,ELLJAY TEXTILES PVT. LTD.,"IND-RA NCD INC only — no CRISIL rating, ACER can be primary NCD rater"
Elysium Pharmaceuticals Ltd.,2026-04-02,IND-RA,Non-government debt,Inadequate Safety,BB-/A4+,Downgraded,82.65,Y,True,80.0,LOW,True,ELYSIUM PHARMACEUTICALS LTD.,"IND-RA NCD INC only — no CRISIL rating, ACER can be primary NCD rater"
Encorp Powertrans Pvt. Ltd.,2026-01-16,IND-RA,Non-government debt,High Risk,B/A4,Downgraded,55.0,Y,True,156.0,WARM,True,ENCORP POWERTRANS PVT. LTD.,"IND-RA NCD INC only — no CRISIL rating, ACER can be primary NCD rater"
Enginemates Heat Transfer Pvt. Ltd.,2025-08-21,IND-RA,Non-government debt,High Risk,B-/A4,Reaffirmed,7.0,Y,True,304.0,HOT,True,ENGINEMATES HEAT TRANSFER PVT. LTD.,"IND-RA NCD INC only — no CRISIL rating, ACER can be primary NCD rater"
Esco Couplings & Transmissions Pvt. Ltd.,2025-08-21,IND-RA,Non-government debt,Inadequate Safety,BB-/A4+,Downgraded,8.23,Y,True,304.0,HOT,True,ESCO COUPLINGS & TRANSMISSIONS PVT. LTD.,"IND-RA NCD INC only — no CRISIL rating, ACER can be primary NCD rater"
Everon Castings Pvt. Ltd.,2026-04-02,IND-RA,Non-government debt,Substantial Risk,C/A4,Reaffirmed,43.67,Y,True,80.0,LOW,True,EVERON CASTINGS PVT. LTD.,"IND-RA NCD INC only — no CRISIL rating, ACER can be primary NCD rater"
Everrenew Energy Pvt. Ltd.,2026-04-13,IND-RA,Non-government debt,Inadequate Safety,BB/A4+,Downgraded,141.0,Y,True,69.0,LOW,True,EVERRENEW ENERGY PVT. LTD.,"IND-RA NCD INC only — no CRISIL rating, ACER can be primary NCD rater"
Extol Infracon India Pvt. Ltd.,2026-01-16,IND-RA,Non-government debt,Default,D,Reaffirmed,7.61,Y,True,156.0,WARM,True,EXTOL INFRACON INDIA PVT. LTD.,"IND-RA NCD INC only — no CRISIL rating, ACER can be primary NCD rater"
Fivebro International Pvt. Ltd.,2026-01-16,IND-RA,Non-government debt,Default,D,Reaffirmed,28.86,Y,True,156.0,WARM,True,FIVEBRO INTERNATIONAL PVT. LTD.,"IND-RA NCD INC only — no CRISIL rating, ACER can be primary NCD rater"
Fiza Developers & Infrastructure Pvt. Ltd.,2025-11-24,IND-RA,Non-government debt,High Risk,B-/A4,Reaffirmed,15.0,Y,True,209.0,HOT,True,FIZA DEVELOPERS & INFRASTRUCTURE PVT. LTD.,"IND-RA NCD INC only — no CRISIL rating, ACER can be primary NCD rater"
Fuso Glass India Pvt. Ltd.,2025-08-21,IND-RA,Non-government debt,High Risk,B-/A4,Downgraded,44.87,Y,True,304.0,HOT,True,FUSO GLASS INDIA PVT. LTD.,"IND-RA NCD INC only — no CRISIL rating, ACER can be primary NCD rater"
G B Enterprises (Transport) Pvt. Ltd.,2025-09-11,IND-RA,Non-government debt,High Risk,B-/A4,Downgraded,2.78,Y,True,283.0,HOT,True,G B ENTERPRISES (TRANSPORT) PVT. LTD.,"IND-RA NCD INC only — no CRISIL rating, ACER can be primary NCD rater"
G C Threads Pvt. Ltd.,2025-08-21,IND-RA,Non-government debt,High Risk,B-/A4,Downgraded,31.17,Y,True,304.0,HOT,True,G C THREADS PVT. LTD.,"IND-RA NCD INC only — no CRISIL rating, ACER can be primary NCD rater"
G D Dyestuff Inds. Ltd.,2025-10-17,IND-RA,Non-government debt,High Risk,B/A4,Downgraded,27.68,Y,True,247.0,HOT,True,G D DYESTUFF INDS. LTD.,"IND-RA NCD INC only — no CRISIL rating, ACER can be primary NCD rater"
G M A Pinnacle Automotives Pvt. Ltd.,2026-04-02,IND-RA,Non-government debt,High Risk,B-/A4,Downgraded,15.0,Y,True,80.0,LOW,True,G M A PINNACLE AUTOMOTIVES PVT. LTD.,"IND-RA NCD INC only — no CRISIL rating, ACER can be primary NCD rater"
G M Reddy Cotton Inds. Pvt. Ltd.,2025-09-11,IND-RA,Non-government debt,High Risk,B-/A4,Reaffirmed,7.5,Y,True,283.0,HOT,True,G M REDDY COTTON INDS. PVT. LTD.,"IND-RA NCD INC only — no CRISIL rating, ACER can be primary NCD rater"
G M W Engineers Pvt. Ltd.,2026-01-16,IND-RA,Non-government debt,High Risk,B-/A4,Downgraded,11.88,Y,True,156.0,WARM,True,G M W ENGINEERS PVT. LTD.,"IND-RA NCD INC only — no CRISIL rating, ACER can be primary NCD rater"
G M W Pvt. Ltd.,2026-04-02,IND-RA,Non-government debt,High Risk,B-/A4,Downgraded,66.26,Y,True,80.0,LOW,True,G M W PVT. LTD.,"IND-RA NCD INC only — no CRISIL rating, ACER can be primary NCD rater"
G R Engineering Pvt. Ltd.,2026-04-02,IND-RA,Non-government debt,High Risk,B/A4,Downgraded,322.62,Y,True,80.0,LOW,True,G R ENGINEERING PVT. LTD.,"IND-RA NCD INC only — no CRISIL rating, ACER can be primary NCD rater"
G R Infrastructure Pvt. Ltd.,2025-09-11,IND-RA,Non-government debt,High Risk,B-/A4,Downgraded,48.33,Y,True,283.0,HOT,True,G R INFRASTRUCTURE PVT. LTD.,"IND-RA NCD INC only — no CRISIL rating, ACER can be primary NCD rater"
G R N Constructions Pvt. Ltd.,2025-09-11,IND-RA,Non-government debt,High Risk,B-/A4,Downgraded,70.0,Y,True,283.0,HOT,True,G R N CONSTRUCTIONS PVT. LTD.,"IND-RA NCD INC only — no CRISIL rating, ACER can be primary NCD rater"
G S Atwal & Co. (Engineers) Pvt. Ltd.,2025-08-21,IND-RA,Non-government debt,Default,D,Reaffirmed,25.74,Y,True,304.0,HOT,True,G S ATWAL & CO. (ENGINEERS) PVT. LTD.,"IND-RA NCD INC only — no CRISIL rating, ACER can be primary NCD rater"
G S C O Infrastructure Pvt. Ltd.,2026-04-02,IND-RA,Non-government debt,Default,D,Reaffirmed,46.4,Y,True,80.0,LOW,True,G S C O INFRASTRUCTURE PVT. LTD.,"IND-RA NCD INC only — no CRISIL rating, ACER can be primary NCD rater"
G S Developers & Contractors Pvt. Ltd.,2025-08-21,IND-RA,Non-government debt,High Risk,B-/A4,Reaffirmed,17.75,Y,True,304.0,HOT,True,G S DEVELOPERS & CONTRACTORS PVT. LTD.,"IND-RA NCD INC only — no CRISIL rating, ACER can be primary NCD rater"
G S N Ferro Alloys Pvt. Ltd.,2025-08-21,IND-RA,Non-government debt,Default,D,Reaffirmed,94.87,Y,True,304.0,HOT,True,G S N FERRO ALLOYS PVT. LTD.,"IND-RA NCD INC only — no CRISIL rating, ACER can be primary NCD rater"
G T C Oilfield Services Ltd.,2025-08-21,IND-RA,Non-government debt,High Risk,B-/A4,Downgraded,72.88,Y,True,304.0,HOT,True,G T C OILFIELD SERVICES LTD.,"IND-RA NCD INC only — no CRISIL rating, ACER can be primary NCD rater"
G7 Sugar Ltd.,2025-08-21,IND-RA,Non-government debt,Default,D,Reaffirmed,511.66,Y,True,304.0,HOT,True,G7 SUGAR LTD.,"IND-RA NCD INC only — no CRISIL rating, ACER can be primary NCD rater"
Ganges Gardens Realtors Pvt. Ltd.,2026-04-02,IND-RA,Non-government debt,High Risk,B-/A4,Downgraded,12.5,Y,True,80.0,LOW,True,GANGES GARDENS REALTORS PVT. LTD.,"IND-RA NCD INC only — no CRISIL rating, ACER can be primary NCD rater"
Gansons Pvt. Ltd.,2025-12-19,IND-RA,Non-government debt,High Risk,B-/A4,Reaffirmed,23.0,Y,True,184.0,HOT,True,GANSONS PVT. LTD.,"IND-RA NCD INC only — no CRISIL rating, ACER can be primary NCD rater"
Garg Granites Pvt. Ltd.,2025-08-21,IND-RA,Non-government debt,High Risk,B-/A4,Reaffirmed,6.0,Y,True,304.0,HOT,True,GARG GRANITES PVT. LTD.,"IND-RA NCD INC only — no CRISIL rating, ACER can be primary NCD rater"
Gargs Weldmesh Pvt. Ltd.,2025-09-11,IND-RA,Non-government debt,Default,D,Reaffirmed,10.0,Y,True,283.0,HOT,True,GARGS WELDMESH PVT. LTD.,"IND-RA NCD INC only — no CRISIL rating, ACER can be primary NCD rater"
Gayatri Microns Pvt. Ltd.,2026-01-16,IND-RA,Non-government debt,High Risk,B-/A4,Downgraded,8.24,Y,True,156.0,WARM,True,GAYATRI MICRONS PVT. LTD.,"IND-RA NCD INC only — no CRISIL rating, ACER can be primary NCD rater"
Gayatri Satya Infraworks (India) Pvt. Ltd.,2025-09-11,IND-RA,Non-government debt,High Risk,B-/A4,Downgraded,0.4,Y,True,283.0,HOT,True,GAYATRI SATYA INFRAWORKS (INDIA) PVT. LTD.,"IND-RA NCD INC only — no CRISIL rating, ACER can be primary NCD rater"
Gem Motors (India) Pvt. Ltd.,2026-04-02,IND-RA,Non-government debt,High Risk,B-/A4,Reaffirmed,20.0,Y,True,80.0,LOW,True,GEM MOTORS (INDIA) PVT. LTD.,"IND-RA NCD INC only — no CRISIL rating, ACER can be primary NCD rater"
George Maijo Inds. Pvt. Ltd.,2026-01-16,IND-RA,Non-government debt,High Risk,B-/A4,Downgraded,74.32,Y,True,156.0,WARM,True,GEORGE MAIJO INDS. PVT. LTD.,"IND-RA NCD INC only — no CRISIL rating, ACER can be primary NCD rater"
Global Powersource (India) Pvt. Ltd.,2025-12-19,IND-RA,Non-government debt,Default,D,Reaffirmed,93.5,Y,True,184.0,HOT,True,GLOBAL POWERSOURCE (INDIA) PVT. LTD.,"IND-RA NCD INC only — no CRISIL rating, ACER can be primary NCD rater"
Globarena Technologies Pvt. Ltd.,2026-01-16,IND-RA,Non-government debt,Default,D,Reaffirmed,7.0,Y,True,156.0,WARM,True,GLOBARENA TECHNOLOGIES PVT. LTD.,"IND-RA NCD INC only — no CRISIL rating, ACER can be primary NCD rater"
Glory Products Pvt. Ltd.,2025-09-11,IND-RA,Non-government debt,High Risk,B-/A4,Downgraded,6.0,Y,True,283.0,HOT,True,GLORY PRODUCTS PVT. LTD.,"IND-RA NCD INC only — no CRISIL rating, ACER can be primary NCD rater"
Goa Sponge & Power Ltd.,2025-12-19,IND-RA,Non-government debt,High Risk,B/A4,Downgraded,80.0,Y,True,184.0,HOT,True,GOA SPONGE & POWER LTD.,"IND-RA NCD INC only — no CRISIL rating, ACER can be primary NCD rater"
Gold Star Steels Pvt. Ltd.,2025-08-21,IND-RA,Non-government debt,High Risk,B-/A4,Reaffirmed,8.0,Y,True,304.0,HOT,True,GOLD STAR STEELS PVT. LTD.,"IND-RA NCD INC only — no CRISIL rating, ACER can be primary NCD rater"
Golden Seams Inds. Pvt. Ltd.,2026-02-27,IND-RA,Non-government debt,Inadequate Safety,BB-/A4+,Downgraded,40.0,Y,True,114.0,WARM,True,GOLDEN SEAMS INDS. PVT. LTD.,"IND-RA NCD INC only — no CRISIL rating, ACER can be primary NCD rater"
Goldust Consulting Services Pvt. Ltd. [Merged],2025-09-11,IND-RA,Non-government debt,High Risk,B-/A4,Reaffirmed,9.15,Y,True,283.0,HOT,True,GOLDUST CONSULTING SERVICES PVT. LTD. [MERGED],"IND-RA NCD INC only — no CRISIL rating, ACER can be primary NCD rater"
Goodwear Fashions Pvt. Ltd.,2026-01-16,IND-RA,Non-government debt,High Risk,B-/A4,Downgraded,10.35,Y,True,156.0,WARM,True,GOODWEAR FASHIONS PVT. LTD.,"IND-RA NCD INC only — no CRISIL rating, ACER can be primary NCD rater"
Goodwin Jewellers Pvt. Ltd.,2026-01-16,IND-RA,Non-government debt,Default,D,Reaffirmed,70.0,Y,True,156.0,WARM,True,GOODWIN JEWELLERS PVT. LTD.,"IND-RA NCD INC only — no CRISIL rating, ACER can be primary NCD rater"
Gujral Roadways Pvt. Ltd.,2025-09-11,IND-RA,Non-government debt,High Risk,B-/A4,Downgraded,4.02,Y,True,283.0,HOT,True,GUJRAL ROADWAYS PVT. LTD.,"IND-RA NCD INC only — no CRISIL rating, ACER can be primary NCD rater"
Gupta & Sons (Motors) Pvt. Ltd.,2026-01-16,IND-RA,Non-government debt,Default,D,Reaffirmed,8.0,Y,True,156.0,WARM,True,GUPTA & SONS (MOTORS) PVT. LTD.,"IND-RA NCD INC only — no CRISIL rating, ACER can be primary NCD rater"
Gypsum Structural India Pvt. Ltd.,2026-04-10,IND-RA,Non-government debt,High Risk,B/A4,Withdrawn,6.0,Y,True,72.0,LOW,True,GYPSUM STRUCTURAL INDIA PVT. LTD.,"IND-RA NCD INC only — no CRISIL rating, ACER can be primary NCD rater"
H A Q Steels Pvt. Ltd.,2025-08-21,IND-RA,Non-government debt,High Risk,B-/A4,Downgraded,32.65,Y,True,304.0,HOT,True,H A Q STEELS PVT. LTD.,"IND-RA NCD INC only — no CRISIL rating, ACER can be primary NCD rater"
H M Industrial Pvt. Ltd.,2025-08-21,IND-RA,Non-government debt,Default,D,Reaffirmed,117.85,Y,True,304.0,HOT,True,H M INDUSTRIAL PVT. LTD.,"IND-RA NCD INC only — no CRISIL rating, ACER can be primary NCD rater"
Haldia Nirman Projects Pvt. Ltd.,2026-04-02,IND-RA,Non-government debt,Default,D,Reaffirmed,7.65,Y,True,80.0,LOW,True,HALDIA NIRMAN PROJECTS PVT. LTD.,"IND-RA NCD INC only — no CRISIL rating, ACER can be primary NCD rater"
Har Auto Pvt. Ltd.,2026-01-16,IND-RA,Non-government debt,High Risk,B-/A4,Reaffirmed,18.0,Y,True,156.0,WARM,True,HAR AUTO PVT. LTD.,"IND-RA NCD INC only — no CRISIL rating, ACER can be primary NCD rater"
Harihar Alloys Pvt. Ltd.,2025-11-24,IND-RA,Non-government debt,High Risk,B-/A4,Reaffirmed,41.31,Y,True,209.0,HOT,True,HARIHAR ALLOYS PVT. LTD.,"IND-RA NCD INC only — no CRISIL rating, ACER can be primary NCD rater"
Harihara Metalloys Pvt. Ltd.,2026-04-02,IND-RA,Non-government debt,High Risk,B/A4,Downgraded,20.0,Y,True,80.0,LOW,True,HARIHARA METALLOYS PVT. LTD.,"IND-RA NCD INC only — no CRISIL rating, ACER can be primary NCD rater"
Hemant Surgical Inds. Ltd.,2026-04-02,IND-RA,Non-government debt,High Risk,B-/A4,Downgraded,18.35,Y,True,80.0,LOW,True,HEMANT SURGICAL INDS. LTD.,"IND-RA NCD INC only — no CRISIL rating, ACER can be primary NCD rater"
Hercules Hospitalities Pvt. Ltd.,2026-04-02,IND-RA,Non-government debt,High Risk,B-/A4,Reaffirmed,12.02,Y,True,80.0,LOW,True,HERCULES HOSPITALITIES PVT. LTD.,"IND-RA NCD INC only — no CRISIL rating, ACER can be primary NCD rater"
Hetro Spinners Pvt. Ltd.,2026-04-02,IND-RA,Non-government debt,Default,D,Reaffirmed,34.27,Y,True,80.0,LOW,True,HETRO SPINNERS PVT. LTD.,"IND-RA NCD INC only — no CRISIL rating, ACER can be primary NCD rater"
High Ground Enterprise Ltd.,2025-12-19,IND-RA,Non-government debt,Default,D,Reaffirmed,24.5,Y,True,184.0,HOT,True,HIGH GROUND ENTERPRISE LTD.,"IND-RA NCD INC only — no CRISIL rating, ACER can be primary NCD rater"
Hiland Agro Products Pvt. Ltd.,2025-12-19,IND-RA,Non-government debt,High Risk,B-/A4,Reaffirmed,6.23,Y,True,184.0,HOT,True,HILAND AGRO PRODUCTS PVT. LTD.,"IND-RA NCD INC only — no CRISIL rating, ACER can be primary NCD rater"
Himanchal Construction Co. Pvt. Ltd.,2025-08-21,IND-RA,Non-government debt,High Risk,B/A4,Downgraded,13.0,Y,True,304.0,HOT,True,HIMANCHAL CONSTRUCTION CO. PVT. LTD.,"IND-RA NCD INC only — no CRISIL rating, ACER can be primary NCD rater"
Hindustan Adhesives Ltd.,2026-04-02,IND-RA,Non-government debt,High Risk,B-/A4,Downgraded,47.94,Y,True,80.0,LOW,True,HINDUSTAN ADHESIVES LTD.,"IND-RA NCD INC only — no CRISIL rating, ACER can be primary NCD rater"
Hindustan Prefab Ltd.,2025-10-17,IND-RA,Non-government debt,High Risk,B-/A4,Downgraded,40.0,Y,True,247.0,HOT,True,HINDUSTAN PREFAB LTD.,"IND-RA NCD INC only — no CRISIL rating, ACER can be primary NCD rater"
I C A Edu Skills Pvt. Ltd.,2025-09-11,IND-RA,Non-government debt,High Risk,B/A4,Downgraded,21.5,Y,True,283.0,HOT,True,I C A EDU SKILLS PVT. LTD.,"IND-RA NCD INC only — no CRISIL rating, ACER can be primary NCD rater"
Ideal Hotels & Inds. Ltd.,2025-08-21,IND-RA,Non-government debt,High Risk,B-/A4,Reaffirmed,15.0,Y,True,304.0,HOT,True,IDEAL HOTELS & INDS. LTD.,"IND-RA NCD INC only — no CRISIL rating, ACER can be primary NCD rater"
Imperial Tubes Pvt. Ltd.,2026-01-16,IND-RA,Non-government debt,Default,D,Reaffirmed,45.0,Y,True,156.0,WARM,True,IMPERIAL TUBES PVT. LTD.,"IND-RA NCD INC only — no CRISIL rating, ACER can be primary NCD rater"
Inabensa Bharat Pvt. Ltd.,2025-09-11,IND-RA,Non-government debt,Default,D,Reaffirmed,20.0,Y,True,283.0,HOT,True,INABENSA BHARAT PVT. LTD.,"IND-RA NCD INC only — no CRISIL rating, ACER can be primary NCD rater"
Indian Pulp & Paper Pvt. Ltd.,2026-04-02,IND-RA,Non-government debt,Default,D,Reaffirmed,70.02,Y,True,80.0,LOW,True,INDIAN PULP & PAPER PVT. LTD.,"IND-RA NCD INC only — no CRISIL rating, ACER can be primary NCD rater"
Infres Methodex Pvt. Ltd.,2026-04-02,IND-RA,Non-government debt,High Risk,B/A4,Downgraded,37.8,Y,True,80.0,LOW,True,INFRES METHODEX PVT. LTD.,"IND-RA NCD INC only — no CRISIL rating, ACER can be primary NCD rater"
International Coil Ltd.,2026-04-02,IND-RA,Non-government debt,High Risk,B-/A4,Downgraded,88.0,Y,True,80.0,LOW,True,INTERNATIONAL COIL LTD.,"IND-RA NCD INC only — no CRISIL rating, ACER can be primary NCD rater"
International Commerce Ltd.,2025-12-19,IND-RA,Non-government debt,Default,D,Reaffirmed,55.0,Y,True,184.0,HOT,True,INTERNATIONAL COMMERCE LTD.,"IND-RA NCD INC only — no CRISIL rating, ACER can be primary NCD rater"
Iris Regtech Solutions Ltd.,2025-08-21,IND-RA,Non-government debt,High Risk,B-/A4,Reaffirmed,17.0,Y,True,304.0,HOT,True,IRIS REGTECH SOLUTIONS LTD.,"IND-RA NCD INC only — no CRISIL rating, ACER can be primary NCD rater"
Ispat Damodar Pvt. Ltd.,2025-09-11,IND-RA,Non-government debt,High Risk,B-/A4,Reaffirmed,104.73,Y,True,283.0,HOT,True,ISPAT DAMODAR PVT. LTD.,"IND-RA NCD INC only — no CRISIL rating, ACER can be primary NCD rater"
J P B Chemical Inds. Pvt. Ltd.,2025-08-21,IND-RA,Non-government debt,High Risk,B-/A4,Downgraded,22.0,Y,True,304.0,HOT,True,J P B CHEMICAL INDS. PVT. LTD.,"IND-RA NCD INC only — no CRISIL rating, ACER can be primary NCD rater"
J S Designer Ltd.,2025-09-11,IND-RA,Non-government debt,Default,D,Reaffirmed,101.43,Y,True,283.0,HOT,True,J S DESIGNER LTD.,"IND-RA NCD INC only — no CRISIL rating, ACER can be primary NCD rater"
Jagruti Sugar & Allied Inds. Ltd.,2026-01-12,IND-RA,Non-government debt,Inadequate Safety,BB-/A4+,Downgraded,75.0,Y,True,160.0,WARM,True,JAGRUTI SUGAR & ALLIED INDS. LTD.,"IND-RA NCD INC only — no CRISIL rating, ACER can be primary NCD rater"
Jai Hari Inds. Pvt. Ltd.,2026-01-16,IND-RA,Non-government debt,Default,D,Reaffirmed,6.75,Y,True,156.0,WARM,True,JAI HARI INDS. PVT. LTD.,"IND-RA NCD INC only — no CRISIL rating, ACER can be primary NCD rater"
Jai Kumar Arun Kumar Pvt. Ltd.,2026-01-16,IND-RA,Non-government debt,High Risk,B-/A4,Downgraded,8.75,Y,True,156.0,WARM,True,JAI KUMAR ARUN KUMAR PVT. LTD.,"IND-RA NCD INC only — no CRISIL rating, ACER can be primary NCD rater"
Jain Vinimay Pvt. Ltd.,2026-01-16,IND-RA,Non-government debt,Default,D,Reaffirmed,8.43,Y,True,156.0,WARM,True,JAIN VINIMAY PVT. LTD.,"IND-RA NCD INC only — no CRISIL rating, ACER can be primary NCD rater"
Jainex Metaliks Ltd.,2026-01-16,IND-RA,Non-government debt,Default,D,Reaffirmed,7.05,Y,True,156.0,WARM,True,JAINEX METALIKS LTD.,"IND-RA NCD INC only — no CRISIL rating, ACER can be primary NCD rater"
Jajoo Surgicals Pvt. Ltd.,2026-04-02,IND-RA,Non-government debt,High Risk,B-/A4,Downgraded,7.96,Y,True,80.0,LOW,True,JAJOO SURGICALS PVT. LTD.,"IND-RA NCD INC only — no CRISIL rating, ACER can be primary NCD rater"
James Retail Pvt. Ltd.,2026-04-02,IND-RA,Non-government debt,High Risk,B-/A4,Downgraded,13.0,Y,True,80.0,LOW,True,JAMES RETAIL PVT. LTD.,"IND-RA NCD INC only — no CRISIL rating, ACER can be primary NCD rater"
Jasmine Towels Pvt. Ltd.,2025-11-24,IND-RA,Non-government debt,High Risk,B/A4,Downgraded,18.25,Y,True,209.0,HOT,True,JASMINE TOWELS PVT. LTD.,"IND-RA NCD INC only — no CRISIL rating, ACER can be primary NCD rater"
Jatson Power Pvt. Ltd.,2026-01-16,IND-RA,Non-government debt,High Risk,B-/A4,Downgraded,8.0,Y,True,156.0,WARM,True,JATSON POWER PVT. LTD.,"IND-RA NCD INC only — no CRISIL rating, ACER can be primary NCD rater"
Jeewan Motors Pvt. Ltd.,2025-09-11,IND-RA,Non-government debt,High Risk,B-/A4,Downgraded,31.0,Y,True,283.0,HOT,True,JEEWAN MOTORS PVT. LTD.,"IND-RA NCD INC only — no CRISIL rating, ACER can be primary NCD rater"
John Energy Ltd.,2025-08-21,IND-RA,Non-government debt,Default,D,Reaffirmed,649.66,Y,True,304.0,HOT,True,JOHN ENERGY LTD.,"IND-RA NCD INC only — no CRISIL rating, ACER can be primary NCD rater"
Joseph Leslie Dynamiks Mfg. Pvt. Ltd.,2026-01-16,IND-RA,Non-government debt,Default,D,Reaffirmed,10.0,Y,True,156.0,WARM,True,JOSEPH LESLIE DYNAMIKS MFG. PVT. LTD.,"IND-RA NCD INC only — no CRISIL rating, ACER can be primary NCD rater"
Jumax Foam Pvt. Ltd.,2025-09-11,IND-RA,Non-government debt,High Risk,B/A4,Downgraded,10.0,Y,True,283.0,HOT,True,JUMAX FOAM PVT. LTD.,"IND-RA NCD INC only — no CRISIL rating, ACER can be primary NCD rater"
Jyoti Buildtech Pvt. Ltd.,2026-01-16,IND-RA,Non-government debt,Default,D,Reaffirmed,185.86,Y,True,156.0,WARM,True,JYOTI BUILDTECH PVT. LTD.,"IND-RA NCD INC only — no CRISIL rating, ACER can be primary NCD rater"
K B A Infrastructure Pvt. Ltd.,2025-08-21,IND-RA,Non-government debt,High Risk,B-/A4,Reaffirmed,10.0,Y,True,304.0,HOT,True,K B A INFRASTRUCTURE PVT. LTD.,"IND-RA NCD INC only — no CRISIL rating, ACER can be primary NCD rater"
K L R Industries Ltd.,2025-09-11,IND-RA,Non-government debt,Default,D,Reaffirmed,43.7,Y,True,283.0,HOT,True,K L R INDUSTRIES LTD.,"IND-RA NCD INC only — no CRISIL rating, ACER can be primary NCD rater"
K P M Processing Mill Pvt. Ltd.,2026-01-16,IND-RA,Non-government debt,High Risk,B-/A4,Downgraded,22.59,Y,True,156.0,WARM,True,K P M PROCESSING MILL PVT. LTD.,"IND-RA NCD INC only — no CRISIL rating, ACER can be primary NCD rater"
K P Packaging Ltd.,2025-08-21,IND-RA,Non-government debt,Default,D,Reaffirmed,9.0,Y,True,304.0,HOT,True,K P PACKAGING LTD.,"IND-RA NCD INC only — no CRISIL rating, ACER can be primary NCD rater"
K P Polyolefin Sacks Pvt. Ltd.,2026-04-02,IND-RA,Non-government debt,High Risk,B/A4,Downgraded,11.48,Y,True,80.0,LOW,True,K P POLYOLEFIN SACKS PVT. LTD.,"IND-RA NCD INC only — no CRISIL rating, ACER can be primary NCD rater"
K P Solvex Pvt. Ltd.,2025-09-11,IND-RA,Non-government debt,High Risk,B-/A4,Reaffirmed,31.0,Y,True,283.0,HOT,True,K P SOLVEX PVT. LTD.,"IND-RA NCD INC only — no CRISIL rating, ACER can be primary NCD rater"
K S A Powerinfra Pvt. Ltd.,2025-11-24,IND-RA,Non-government debt,Default,D,Reaffirmed,83.0,Y,True,209.0,HOT,True,K S A POWERINFRA PVT. LTD.,"IND-RA NCD INC only — no CRISIL rating, ACER can be primary NCD rater"
K7 Computing Pvt. Ltd.,2025-12-19,IND-RA,Non-government debt,High Risk,B-/A4,Downgraded,18.0,Y,True,184.0,HOT,True,K7 COMPUTING PVT. LTD.,"IND-RA NCD INC only — no CRISIL rating, ACER can be primary NCD rater"
Kaizen Cold Formed Steel Pvt. Ltd.,2026-01-16,IND-RA,Non-government debt,High Risk,B-/A4,Reaffirmed,11.07,Y,True,156.0,WARM,True,KAIZEN COLD FORMED STEEL PVT. LTD.,"IND-RA NCD INC only — no CRISIL rating, ACER can be primary NCD rater"
Kalpataru Cold Storage Pvt. Ltd.,2025-08-21,IND-RA,Non-government debt,Default,D,Reaffirmed,12.26,Y,True,304.0,HOT,True,KALPATARU COLD STORAGE PVT. LTD.,"IND-RA NCD INC only — no CRISIL rating, ACER can be primary NCD rater"
Kandui Industries Pvt. Ltd.,2025-11-24,IND-RA,Non-government debt,High Risk,B-/A4,Downgraded,56.89,Y,True,209.0,HOT,True,KANDUI INDUSTRIES PVT. LTD.,"IND-RA NCD INC only — no CRISIL rating, ACER can be primary NCD rater"
Kannappan Iron & Steel Co. Pvt. Ltd.,2026-01-16,IND-RA,Non-government debt,High Risk,B/A4,Downgraded,63.4,Y,True,156.0,WARM,True,KANNAPPAN IRON & STEEL CO. PVT. LTD.,"IND-RA NCD INC only — no CRISIL rating, ACER can be primary NCD rater"
Kannappan Textile Mill Pvt. Ltd.,2025-08-21,IND-RA,Non-government debt,High Risk,B-/A4,Downgraded,7.0,Y,True,304.0,HOT,True,KANNAPPAN TEXTILE MILL PVT. LTD.,"IND-RA NCD INC only — no CRISIL rating, ACER can be primary NCD rater"
Kanoria Sugar & General Mfg. Co. Ltd.,2025-09-11,IND-RA,Non-government debt,Default,D,Reaffirmed,72.25,Y,True,283.0,HOT,True,KANORIA SUGAR & GENERAL MFG. CO. LTD.,"IND-RA NCD INC only — no CRISIL rating, ACER can be primary NCD rater"
Kasturchand Fertilisers Pvt. Ltd.,2025-08-21,IND-RA,Non-government debt,High Risk,B-/A4,Reaffirmed,10.55,Y,True,304.0,HOT,True,KASTURCHAND FERTILISERS PVT. LTD.,"IND-RA NCD INC only — no CRISIL rating, ACER can be primary NCD rater"
Kavit Pu Leather Cloth Inds. Pvt. Ltd.,2026-01-16,IND-RA,Non-government debt,Default,D,Reaffirmed,5.7,Y,True,156.0,WARM,True,KAVIT PU LEATHER CLOTH INDS. PVT. LTD.,"IND-RA NCD INC only — no CRISIL rating, ACER can be primary NCD rater"
Khare & Tarkunde Infrastructure Pvt. Ltd.,2025-11-24,IND-RA,Non-government debt,Default,D,Reaffirmed,160.91,Y,True,209.0,HOT,True,KHARE & TARKUNDE INFRASTRUCTURE PVT. LTD.,"IND-RA NCD INC only — no CRISIL rating, ACER can be primary NCD rater"
Kineta Global Ltd.,2026-04-02,IND-RA,Non-government debt,High Risk,B-/A4,Reaffirmed,38.0,Y,True,80.0,LOW,True,KINETA GLOBAL LTD.,"IND-RA NCD INC only — no CRISIL rating, ACER can be primary NCD rater"
Kinjal Chemicals Pvt. Ltd.,2026-01-16,IND-RA,Non-government debt,High Risk,B-/A4,Downgraded,14.0,Y,True,156.0,WARM,True,KINJAL CHEMICALS PVT. LTD.,"IND-RA NCD INC only — no CRISIL rating, ACER can be primary NCD rater"
Klassik Lamitex Pvt. Ltd.,2026-04-02,IND-RA,Non-government debt,High Risk,B/A4,Downgraded,27.76,Y,True,80.0,LOW,True,KLASSIK LAMITEX PVT. LTD.,"IND-RA NCD INC only — no CRISIL rating, ACER can be primary NCD rater"
Kolluri Impex Pvt. Ltd.,2026-01-16,IND-RA,Non-government debt,High Risk,B-/A4,Downgraded,15.0,Y,True,156.0,WARM,True,KOLLURI IMPEX PVT. LTD.,"IND-RA NCD INC only — no CRISIL rating, ACER can be primary NCD rater"
Krishna Coil Cutters Pvt. Ltd.,2025-08-21,IND-RA,Non-government debt,High Risk,B-/A4,Downgraded,60.0,Y,True,304.0,HOT,True,KRISHNA COIL CUTTERS PVT. LTD.,"IND-RA NCD INC only — no CRISIL rating, ACER can be primary NCD rater"
Kumar Spintex Pvt. Ltd.,2025-11-11,IND-RA,Non-government debt,Inadequate Safety,BB-/A4+,Withdrawn,43.27,Y,True,222.0,HOT,True,KUMAR SPINTEX PVT. LTD.,"IND-RA NCD INC only — no CRISIL rating, ACER can be primary NCD rater"
Kuna Impex Pvt. Ltd.,2025-12-19,IND-RA,Non-government debt,High Risk,B-/A4,Reaffirmed,11.25,Y,True,184.0,HOT,True,KUNA IMPEX PVT. LTD.,"IND-RA NCD INC only — no CRISIL rating, ACER can be primary NCD rater"
L B Industries Pvt. Ltd.,2025-09-11,IND-RA,Non-government debt,Default,D,Reaffirmed,48.0,Y,True,283.0,HOT,True,L B INDUSTRIES PVT. LTD.,"IND-RA NCD INC only — no CRISIL rating, ACER can be primary NCD rater"
L S Rice Exports Pvt. Ltd.,2026-04-02,IND-RA,Non-government debt,High Risk,B-/A4,Reaffirmed,5.31,Y,True,80.0,LOW,True,L S RICE EXPORTS PVT. LTD.,"IND-RA NCD INC only — no CRISIL rating, ACER can be primary NCD rater"
L T S Plastics (India) Pvt. Ltd.,2026-01-16,IND-RA,Non-government debt,Default,D,Reaffirmed,18.1,Y,True,156.0,WARM,True,L T S PLASTICS (INDIA) PVT. LTD.,"IND-RA NCD INC only — no CRISIL rating, ACER can be primary NCD rater"
Leben Life Sciences Pvt. Ltd.,2025-12-19,IND-RA,Non-government debt,High Risk,B-,Downgraded,35.63,Y,True,184.0,HOT,True,LEBEN LIFE SCIENCES PVT. LTD.,"IND-RA NCD INC only — no CRISIL rating, ACER can be primary NCD rater"
Lenz Ceramic Pvt. Ltd.,2026-04-02,IND-RA,Non-government debt,High Risk,B-/A4,Downgraded,10.5,Y,True,80.0,LOW,True,LENZ CERAMIC PVT. LTD.,"IND-RA NCD INC only — no CRISIL rating, ACER can be primary NCD rater"
Lodz Denim Pvt. Ltd.,2026-02-27,IND-RA,Non-government debt,Inadequate Safety,BB-/A4+,Downgraded,118.0,Y,True,114.0,WARM,True,LODZ DENIM PVT. LTD.,"IND-RA NCD INC only — no CRISIL rating, ACER can be primary NCD rater"
Lulu India Shopping Mall Pvt. Ltd.,2026-03-11,IND-RA,Non-government debt,Moderate Safety,BBB/A3+,Withdrawn,120.0,Y,True,102.0,WARM,True,LULU INDIA SHOPPING MALL PVT. LTD.,"IND-RA NCD INC only — no CRISIL rating, ACER can be primary NCD rater"
Lyka B D R Intl. Ltd.,2026-04-02,IND-RA,Non-government debt,High Risk,B-/A4,Reaffirmed,13.4,Y,True,80.0,LOW,True,LYKA B D R INTL. LTD.,"IND-RA NCD INC only — no CRISIL rating, ACER can be primary NCD rater"
M D A Mineral Dhatu (A P) Pvt. Ltd.,2026-04-02,IND-RA,Non-government debt,High Risk,B-/A4,Downgraded,5.0,Y,True,80.0,LOW,True,M D A MINERAL DHATU (A P) PVT. LTD.,"IND-RA NCD INC only — no CRISIL rating, ACER can be primary NCD rater"
M G I (India) Pvt. Ltd.,2026-01-16,IND-RA,Non-government debt,Default,D,Reaffirmed,9.35,Y,True,156.0,WARM,True,M G I (INDIA) PVT. LTD.,"IND-RA NCD INC only — no CRISIL rating, ACER can be primary NCD rater"
M K Roy & Bros. Projects Ltd.,2026-04-02,IND-RA,Non-government debt,High Risk,B-/A4,Downgraded,15.65,Y,True,80.0,LOW,True,M K ROY & BROS. PROJECTS LTD.,"IND-RA NCD INC only — no CRISIL rating, ACER can be primary NCD rater"
M N R Cottons Pvt. Ltd.,2025-09-11,IND-RA,Non-government debt,High Risk,B-/A4,Downgraded,18.46,Y,True,283.0,HOT,True,M N R COTTONS PVT. LTD.,"IND-RA NCD INC only — no CRISIL rating, ACER can be primary NCD rater"
M P Board & Paper Mills Pvt. Ltd.,2025-08-21,IND-RA,Non-government debt,High Risk,B-/A4,Downgraded,5.4,Y,True,304.0,HOT,True,M P BOARD & PAPER MILLS PVT. LTD.,"IND-RA NCD INC only — no CRISIL rating, ACER can be primary NCD rater"
M S Graphics Pvt. Ltd.,2026-02-27,IND-RA,Non-government debt,High Risk,B-/A4,Downgraded,18.0,Y,True,114.0,WARM,True,M S GRAPHICS PVT. LTD.,"IND-RA NCD INC only — no CRISIL rating, ACER can be primary NCD rater"
M V Omni Projects (India) Ltd.,2025-12-19,IND-RA,Non-government debt,Default,D,Reaffirmed,311.0,Y,True,184.0,HOT,True,M V OMNI PROJECTS (INDIA) LTD.,"IND-RA NCD INC only — no CRISIL rating, ACER can be primary NCD rater"
Maa Bala Sundri Plywood Pvt. Ltd.,2025-08-21,IND-RA,Non-government debt,High Risk,B-/A4,Reaffirmed,6.5,Y,True,304.0,HOT,True,MAA BALA SUNDRI PLYWOOD PVT. LTD.,"IND-RA NCD INC only — no CRISIL rating, ACER can be primary NCD rater"
Madhav Engineers Pvt. Ltd.,2025-09-11,IND-RA,Non-government debt,High Risk,B/A4,Downgraded,30.0,Y,True,283.0,HOT,True,MADHAV ENGINEERS PVT. LTD.,"IND-RA NCD INC only — no CRISIL rating, ACER can be primary NCD rater"
Madhu Industries Pvt. Ltd.,2025-09-11,IND-RA,Non-government debt,High Risk,B/A4,Downgraded,22.5,Y,True,283.0,HOT,True,MADHU INDUSTRIES PVT. LTD.,"IND-RA NCD INC only — no CRISIL rating, ACER can be primary NCD rater"
Madurai Krishna Network Pvt. Ltd.,2025-11-24,IND-RA,Non-government debt,Default,D,Reaffirmed,6.4,Y,True,209.0,HOT,True,MADURAI KRISHNA NETWORK PVT. LTD.,"IND-RA NCD INC only — no CRISIL rating, ACER can be primary NCD rater"
Magnolia Ltd.,2025-08-21,IND-RA,Non-government debt,High Risk,B/A4,Downgraded,8.89,Y,True,304.0,HOT,True,MAGNOLIA LTD.,"IND-RA NCD INC only — no CRISIL rating, ACER can be primary NCD rater"
Mahakali Ispat Pvt. Ltd.,2025-12-19,IND-RA,Non-government debt,High Risk,B-/A4,Reaffirmed,11.3,Y,True,184.0,HOT,True,MAHAKALI ISPAT PVT. LTD.,"IND-RA NCD INC only — no CRISIL rating, ACER can be primary NCD rater"
Mahalaxmi Automotives Wheels Pvt. Ltd.,2026-04-02,IND-RA,Non-government debt,High Risk,B-/A4,Reaffirmed,2.3,Y,True,80.0,LOW,True,MAHALAXMI AUTOMOTIVES WHEELS PVT. LTD.,"IND-RA NCD INC only — no CRISIL rating, ACER can be primary NCD rater"
Maharashtra Fastners Pvt. Ltd.,2025-08-21,IND-RA,Non-government debt,High Risk,B-/A4,Downgraded,23.0,Y,True,304.0,HOT,True,MAHARASHTRA FASTNERS PVT. LTD.,"IND-RA NCD INC only — no CRISIL rating, ACER can be primary NCD rater"
Mahathi Software Pvt. Ltd.,2025-09-11,IND-RA,Non-government debt,High Risk,B-/A4,Reaffirmed,6.23,Y,True,283.0,HOT,True,MAHATHI SOFTWARE PVT. LTD.,"IND-RA NCD INC only — no CRISIL rating, ACER can be primary NCD rater"
Maini Construction Equipments Pvt. Ltd.,2026-04-02,IND-RA,Non-government debt,Default,D,Reaffirmed,10.9,Y,True,80.0,LOW,True,MAINI CONSTRUCTION EQUIPMENTS PVT. LTD.,"IND-RA NCD INC only — no CRISIL rating, ACER can be primary NCD rater"
Maktel Power Ltd.,2025-09-11,IND-RA,Non-government debt,Default,D,Reaffirmed,23.0,Y,True,283.0,HOT,True,MAKTEL POWER LTD.,"IND-RA NCD INC only — no CRISIL rating, ACER can be primary NCD rater"
Malabar Hotels Pvt. Ltd.,2025-08-21,IND-RA,Non-government debt,Default,D,Reaffirmed,33.0,Y,True,304.0,HOT,True,MALABAR HOTELS PVT. LTD.,"IND-RA NCD INC only — no CRISIL rating, ACER can be primary NCD rater"
Malar Solvent Extraction Pvt. Ltd.,2025-08-21,IND-RA,Non-government debt,High Risk,B-/A4,Downgraded,5.0,Y,True,304.0,HOT,True,MALAR SOLVENT EXTRACTION PVT. LTD.,"IND-RA NCD INC only — no CRISIL rating, ACER can be primary NCD rater"
Man Tubinox Ltd.,2026-01-16,IND-RA,Non-government debt,Default,D,Reaffirmed,139.5,Y,True,156.0,WARM,True,MAN TUBINOX LTD.,"IND-RA NCD INC only — no CRISIL rating, ACER can be primary NCD rater"
Mandar Health & Hygiene Pvt. Ltd.,2026-01-16,IND-RA,Non-government debt,High Risk,B-/A4,Reaffirmed,19.0,Y,True,156.0,WARM,True,MANDAR HEALTH & HYGIENE PVT. LTD.,"IND-RA NCD INC only — no CRISIL rating, ACER can be primary NCD rater"
Mani More Synthetics Pvt. Ltd.,2025-11-24,IND-RA,Non-government debt,High Risk,B/A4,Downgraded,8.11,Y,True,209.0,HOT,True,MANI MORE SYNTHETICS PVT. LTD.,"IND-RA NCD INC only — no CRISIL rating, ACER can be primary NCD rater"
Maniyar Refinery Pvt. Ltd.,2026-01-16,IND-RA,Non-government debt,High Risk,B-/A4,Downgraded,8.0,Y,True,156.0,WARM,True,MANIYAR REFINERY PVT. LTD.,"IND-RA NCD INC only — no CRISIL rating, ACER can be primary NCD rater"
Manjeera Constructions Ltd.,2026-04-02,IND-RA,Non-government debt,Default,D,Reaffirmed,15.0,Y,True,80.0,LOW,True,MANJEERA CONSTRUCTIONS LTD.,"IND-RA NCD INC only — no CRISIL rating, ACER can be primary NCD rater"
Manjeet Fibers Pvt. Ltd.,2026-04-02,IND-RA,Non-government debt,High Risk,B/A4,Downgraded,46.11,Y,True,80.0,LOW,True,MANJEET FIBERS PVT. LTD.,"IND-RA NCD INC only — no CRISIL rating, ACER can be primary NCD rater"
Mansarovar Pearls (India) Pvt. Ltd.,2025-11-24,IND-RA,Non-government debt,Default,D,Reaffirmed,35.0,Y,True,209.0,HOT,True,MANSAROVAR PEARLS (INDIA) PVT. LTD.,"IND-RA NCD INC only — no CRISIL rating, ACER can be primary NCD rater"
Mantram Technofab Pvt. Ltd.,2025-09-11,IND-RA,Non-government debt,High Risk,B-/A4,Downgraded,29.2,Y,True,283.0,HOT,True,MANTRAM TECHNOFAB PVT. LTD.,"IND-RA NCD INC only — no CRISIL rating, ACER can be primary NCD rater"
Map Cotton Pvt. Ltd.,2025-08-21,IND-RA,Non-government debt,High Risk,B-/A4,Downgraded,47.89,Y,True,304.0,HOT,True,MAP COTTON PVT. LTD.,"IND-RA NCD INC only — no CRISIL rating, ACER can be primary NCD rater"
Map Refoils India Ltd.,2026-03-04,IND-RA,Non-government debt,Default,D,Reaffirmed,132.27,Y,True,109.0,WARM,True,MAP REFOILS INDIA LTD.,"IND-RA NCD INC only — no CRISIL rating, ACER can be primary NCD rater"
Maps Granito Pvt. Ltd.,2025-08-21,IND-RA,Non-government debt,High Risk,B-/A4,Downgraded,116.81,Y,True,304.0,HOT,True,MAPS GRANITO PVT. LTD.,"IND-RA NCD INC only — no CRISIL rating, ACER can be primary NCD rater"
Maya Construction Co. Pvt. Ltd.,2026-01-16,IND-RA,Non-government debt,High Risk,B-/A4,Downgraded,20.0,Y,True,156.0,WARM,True,MAYA CONSTRUCTION CO. PVT. LTD.,"IND-RA NCD INC only — no CRISIL rating, ACER can be primary NCD rater"
Medsmart Logistics Pvt. Ltd. [Merged],2026-04-02,IND-RA,Non-government debt,High Risk,B+/A4,Downgraded,50.0,Y,True,80.0,LOW,True,MEDSMART LOGISTICS PVT. LTD. [MERGED],"IND-RA NCD INC only — no CRISIL rating, ACER can be primary NCD rater"
Meghaaarika International Pvt. Ltd.,2025-08-21,IND-RA,Non-government debt,Default,D,Reaffirmed,53.0,Y,True,304.0,HOT,True,MEGHAAARIKA INTERNATIONAL PVT. LTD.,"IND-RA NCD INC only — no CRISIL rating, ACER can be primary NCD rater"
Meghdoot Ginning & Pressing Inds. Pvt. Ltd.,2025-08-21,IND-RA,Non-government debt,High Risk,B-/A4,Reaffirmed,30.0,Y,True,304.0,HOT,True,MEGHDOOT GINNING & PRESSING INDS. PVT. LTD.,"IND-RA NCD INC only — no CRISIL rating, ACER can be primary NCD rater"
Mehadia Sales Trade Corpn. Pvt. Ltd.,2026-04-02,IND-RA,Non-government debt,Default,D,Reaffirmed,35.0,Y,True,80.0,LOW,True,MEHADIA SALES TRADE CORPN. PVT. LTD.,"IND-RA NCD INC only — no CRISIL rating, ACER can be primary NCD rater"
Mehta Intertrade Steels Pvt. Ltd.,2025-09-11,IND-RA,Non-government debt,High Risk,B-/A4,Downgraded,84.5,Y,True,283.0,HOT,True,MEHTA INTERTRADE STEELS PVT. LTD.,"IND-RA NCD INC only — no CRISIL rating, ACER can be primary NCD rater"
Metal Care Alloys Pvt. Ltd.,2025-11-24,IND-RA,Non-government debt,High Risk,B/A4,Downgraded,10.0,Y,True,209.0,HOT,True,METAL CARE ALLOYS PVT. LTD.,"IND-RA NCD INC only — no CRISIL rating, ACER can be primary NCD rater"
Metamorphosis Engitech India Pvt. Ltd.,2025-08-21,IND-RA,Non-government debt,High Risk,B-/A4,Downgraded,55.0,Y,True,304.0,HOT,True,METAMORPHOSIS ENGITECH INDIA PVT. LTD.,"IND-RA NCD INC only — no CRISIL rating, ACER can be primary NCD rater"
Milando Fashions Ltd.,2025-11-24,IND-RA,Non-government debt,High Risk,B/A4,Downgraded,10.88,Y,True,209.0,HOT,True,MILANDO FASHIONS LTD.,"IND-RA NCD INC only — no CRISIL rating, ACER can be primary NCD rater"
Millenium Marbles Pvt. Ltd.,2026-04-02,IND-RA,Non-government debt,High Risk,B-/A4,Downgraded,10.0,Y,True,80.0,LOW,True,MILLENIUM MARBLES PVT. LTD.,"IND-RA NCD INC only — no CRISIL rating, ACER can be primary NCD rater"
Mining Associates Pvt. Ltd.,2025-08-21,IND-RA,Non-government debt,High Risk,B/A4,Downgraded,28.0,Y,True,304.0,HOT,True,MINING ASSOCIATES PVT. LTD.,"IND-RA NCD INC only — no CRISIL rating, ACER can be primary NCD rater"
Mintech Global Pvt. Ltd.,2026-01-16,IND-RA,Non-government debt,Default,D,Reaffirmed,24.5,Y,True,156.0,WARM,True,MINTECH GLOBAL PVT. LTD.,"IND-RA NCD INC only — no CRISIL rating, ACER can be primary NCD rater"
Mittal Hospitals Ltd.,2025-08-21,IND-RA,Non-government debt,High Risk,B-/A4,Downgraded,26.96,Y,True,304.0,HOT,True,MITTAL HOSPITALS LTD.,"IND-RA NCD INC only — no CRISIL rating, ACER can be primary NCD rater"
Moenus Textile Pvt. Ltd.,2025-09-11,IND-RA,Non-government debt,Default,D,Reaffirmed,26.2,Y,True,283.0,HOT,True,MOENUS TEXTILE PVT. LTD.,"IND-RA NCD INC only — no CRISIL rating, ACER can be primary NCD rater"
Motorsales Ltd.,2026-01-16,IND-RA,Non-government debt,High Risk,B-/A4,Reaffirmed,9.1,Y,True,156.0,WARM,True,MOTORSALES LTD.,"IND-RA NCD INC only — no CRISIL rating, ACER can be primary NCD rater"
Mukand Systems & Networking Pvt. Ltd.,2025-08-21,IND-RA,Non-government debt,High Risk,B/A4,Downgraded,7.25,Y,True,304.0,HOT,True,MUKAND SYSTEMS & NETWORKING PVT. LTD.,"IND-RA NCD INC only — no CRISIL rating, ACER can be primary NCD rater"
Mukka Proteins Ltd.,2025-08-21,IND-RA,Non-government debt,High Risk,B-/A4,Downgraded,40.0,Y,True,304.0,HOT,True,MUKKA PROTEINS LTD.,"IND-RA NCD INC only — no CRISIL rating, ACER can be primary NCD rater"
Multitex Filteration Engineers Ltd.,2026-01-16,IND-RA,Non-government debt,High Risk,B-/A4,Downgraded,84.4,Y,True,156.0,WARM,True,MULTITEX FILTERATION ENGINEERS LTD.,"IND-RA NCD INC only — no CRISIL rating, ACER can be primary NCD rater"
My Box Technologies Pvt. Ltd.,2025-06-25,IND-RA,Non-government debt,High Risk,B+/A4,Downgraded,15.0,Y,True,361.0,HOT,True,MY BOX TECHNOLOGIES PVT. LTD.,"IND-RA NCD INC only — no CRISIL rating, ACER can be primary NCD rater"
N I M P Healthcare Pvt. Ltd.,2025-08-21,IND-RA,Non-government debt,Default,D,Reaffirmed,6.7,Y,True,304.0,HOT,True,N I M P HEALTHCARE PVT. LTD.,"IND-RA NCD INC only — no CRISIL rating, ACER can be primary NCD rater"
N K C M Spinners Pvt. Ltd.,2025-08-21,IND-RA,Non-government debt,High Risk,B-/A4,Downgraded,42.3,Y,True,304.0,HOT,True,N K C M SPINNERS PVT. LTD.,"IND-RA NCD INC only — no CRISIL rating, ACER can be primary NCD rater"
N M C Industries Pvt. Ltd.,2025-09-11,IND-RA,Non-government debt,High Risk,B-/A4,Downgraded,22.5,Y,True,283.0,HOT,True,N M C INDUSTRIES PVT. LTD.,"IND-RA NCD INC only — no CRISIL rating, ACER can be primary NCD rater"
Nainital Motors Pvt. Ltd.,2026-04-02,IND-RA,Non-government debt,High Risk,B-/A4,Downgraded,18.25,Y,True,80.0,LOW,True,NAINITAL MOTORS PVT. LTD.,"IND-RA NCD INC only — no CRISIL rating, ACER can be primary NCD rater"
Nani Agrofoods Pvt. Ltd.,2026-04-02,IND-RA,Non-government debt,High Risk,B/A4,Downgraded,60.0,Y,True,80.0,LOW,True,NANI AGROFOODS PVT. LTD.,"IND-RA NCD INC only — no CRISIL rating, ACER can be primary NCD rater"
Narayanadri Hospitals & Research Institute Pvt. Ltd.,2026-04-02,IND-RA,Non-government debt,High Risk,B-/A4,Reaffirmed,12.36,Y,True,80.0,LOW,True,NARAYANADRI HOSPITALS & RESEARCH INSTITUTE PVT. LTD.,"IND-RA NCD INC only — no CRISIL rating, ACER can be primary NCD rater"
Narmada Agrobase Ltd.,2026-04-02,IND-RA,Non-government debt,High Risk,B-/A4,Downgraded,6.23,Y,True,80.0,LOW,True,NARMADA AGROBASE LTD.,"IND-RA NCD INC only — no CRISIL rating, ACER can be primary NCD rater"
Neeraj Paper Mktg. Ltd.,2026-01-16,IND-RA,Non-government debt,High Risk,B/A4,Downgraded,55.0,Y,True,156.0,WARM,True,NEERAJ PAPER MKTG. LTD.,"IND-RA NCD INC only — no CRISIL rating, ACER can be primary NCD rater"
Neo Pack Plast (India) Pvt. Ltd.,2025-09-11,IND-RA,Non-government debt,High Risk,B-/A4,Downgraded,5.93,Y,True,283.0,HOT,True,NEO PACK PLAST (INDIA) PVT. LTD.,"IND-RA NCD INC only — no CRISIL rating, ACER can be primary NCD rater"
New Field Industrial Equipment Pvt. Ltd.,2026-01-16,IND-RA,Non-government debt,High Risk,B-/A4,Downgraded,21.25,Y,True,156.0,WARM,True,NEW FIELD INDUSTRIAL EQUIPMENT PVT. LTD.,"IND-RA NCD INC only — no CRISIL rating, ACER can be primary NCD rater"
Nikki Steels Pvt. Ltd.,2025-09-11,IND-RA,Non-government debt,High Risk,B-/A4,Reaffirmed,10.0,Y,True,283.0,HOT,True,NIKKI STEELS PVT. LTD.,"IND-RA NCD INC only — no CRISIL rating, ACER can be primary NCD rater"
Nirmala Infra Projects India Pvt. Ltd.,2025-08-21,IND-RA,Non-government debt,Default,D,Reaffirmed,13.0,Y,True,304.0,HOT,True,NIRMALA INFRA PROJECTS INDIA PVT. LTD.,"IND-RA NCD INC only — no CRISIL rating, ACER can be primary NCD rater"
Niyati Engineering Pvt. Ltd.,2026-01-16,IND-RA,Non-government debt,High Risk,B/A4,Downgraded,9.75,Y,True,156.0,WARM,True,NIYATI ENGINEERING PVT. LTD.,"IND-RA NCD INC only — no CRISIL rating, ACER can be primary NCD rater"
Noslar International Ltd.,2025-08-21,IND-RA,Non-government debt,Default,D,Reaffirmed,24.66,Y,True,304.0,HOT,True,NOSLAR INTERNATIONAL LTD.,"IND-RA NCD INC only — no CRISIL rating, ACER can be primary NCD rater"
Notandas Gems Pvt. Ltd.,2026-01-16,IND-RA,Non-government debt,High Risk,B-/A4,Downgraded,8.0,Y,True,156.0,WARM,True,NOTANDAS GEMS PVT. LTD.,"IND-RA NCD INC only — no CRISIL rating, ACER can be primary NCD rater"
Nufuture Digital (India) Ltd.,2025-08-21,IND-RA,Non-government debt,Substantial Risk,C/A4,Reaffirmed,17.5,Y,True,304.0,HOT,True,NUFUTURE DIGITAL (INDIA) LTD.,"IND-RA NCD INC only — no CRISIL rating, ACER can be primary NCD rater"
Olive Tex Silk Mills Pvt. Ltd.,2025-09-11,IND-RA,Non-government debt,High Risk,B-/A4,Downgraded,30.46,Y,True,283.0,HOT,True,OLIVE TEX SILK MILLS PVT. LTD.,"IND-RA NCD INC only — no CRISIL rating, ACER can be primary NCD rater"
Omkar Infracon Pvt. Ltd.,2026-01-16,IND-RA,Non-government debt,High Risk,B-/A4,Downgraded,8.21,Y,True,156.0,WARM,True,OMKAR INFRACON PVT. LTD.,"IND-RA NCD INC only — no CRISIL rating, ACER can be primary NCD rater"
Osnar Chemical Pvt. Ltd.,2025-08-21,IND-RA,Non-government debt,High Risk,B-/A4,Reaffirmed,8.0,Y,True,304.0,HOT,True,OSNAR CHEMICAL PVT. LTD.,"IND-RA NCD INC only — no CRISIL rating, ACER can be primary NCD rater"
Ozone Diamonds Pvt. Ltd.,2026-01-16,IND-RA,Non-government debt,High Risk,B-/A4,Downgraded,10.0,Y,True,156.0,WARM,True,OZONE DIAMONDS PVT. LTD.,"IND-RA NCD INC only — no CRISIL rating, ACER can be primary NCD rater"
P E C Ltd.,2026-01-16,IND-RA,Non-government debt,Default,D,Reaffirmed,3432.0,Y,True,156.0,WARM,True,P E C LTD.,"IND-RA NCD INC only — no CRISIL rating, ACER can be primary NCD rater"
P E Erectors Pvt. Ltd.,2026-04-02,IND-RA,Non-government debt,Inadequate Safety,BB-/A4+,Downgraded,30.0,Y,True,80.0,LOW,True,P E ERECTORS PVT. LTD.,"IND-RA NCD INC only — no CRISIL rating, ACER can be primary NCD rater"
P P Pandey Infrastructure Pvt. Ltd.,2026-04-02,IND-RA,Non-government debt,Default,D,Reaffirmed,22.6,Y,True,80.0,LOW,True,P P PANDEY INFRASTRUCTURE PVT. LTD.,"IND-RA NCD INC only — no CRISIL rating, ACER can be primary NCD rater"
Padmey Impex Pvt. Ltd.,2025-09-11,IND-RA,Non-government debt,Default,D,Reaffirmed,18.0,Y,True,283.0,HOT,True,PADMEY IMPEX PVT. LTD.,"IND-RA NCD INC only — no CRISIL rating, ACER can be primary NCD rater"
Pafetech Enterprises Pvt. Ltd.,2026-01-16,IND-RA,Non-government debt,High Risk,B-/A4,Downgraded,25.0,Y,True,156.0,WARM,True,PAFETECH ENTERPRISES PVT. LTD.,"IND-RA NCD INC only — no CRISIL rating, ACER can be primary NCD rater"
Pai-Aim Solder (India) Pvt. Ltd.,2025-09-10,IND-RA,Non-government debt,High Risk,B-/A4,Downgraded,12.34,Y,True,284.0,HOT,True,PAI-AIM SOLDER (INDIA) PVT. LTD.,"IND-RA NCD INC only — no CRISIL rating, ACER can be primary NCD rater"
Pami Metals Pvt. Ltd.,2025-11-24,IND-RA,Non-government debt,Default,D,Reaffirmed,37.3,Y,True,209.0,HOT,True,PAMI METALS PVT. LTD.,"IND-RA NCD INC only — no CRISIL rating, ACER can be primary NCD rater"
Paracoat Products Ltd.,2026-01-16,IND-RA,Non-government debt,High Risk,B-/A4,Downgraded,27.5,Y,True,156.0,WARM,True,PARACOAT PRODUCTS LTD.,"IND-RA NCD INC only — no CRISIL rating, ACER can be primary NCD rater"
Patdiam Jewellery Ltd.,2025-11-24,IND-RA,Non-government debt,High Risk,B-/A4,Downgraded,21.0,Y,True,209.0,HOT,True,PATDIAM JEWELLERY LTD.,"IND-RA NCD INC only — no CRISIL rating, ACER can be primary NCD rater"
Patiala Cotspin Pvt. Ltd.,2026-04-02,IND-RA,Non-government debt,High Risk,B/A4,Downgraded,31.65,Y,True,80.0,LOW,True,PATIALA COTSPIN PVT. LTD.,"IND-RA NCD INC only — no CRISIL rating, ACER can be primary NCD rater"
Patil Construction & Infrastructure Ltd.,2026-03-04,IND-RA,Non-government debt,Default,D,Reaffirmed,728.15,Y,True,109.0,WARM,True,PATIL CONSTRUCTION & INFRASTRUCTURE LTD.,"IND-RA NCD INC only — no CRISIL rating, ACER can be primary NCD rater"
Pawan Communications Pvt. Ltd.,2025-08-21,IND-RA,Non-government debt,High Risk,B-/A4,Downgraded,5.0,Y,True,304.0,HOT,True,PAWAN COMMUNICATIONS PVT. LTD.,"IND-RA NCD INC only — no CRISIL rating, ACER can be primary NCD rater"
Pearl International Services Pvt. Ltd.,2026-01-16,IND-RA,Non-government debt,High Risk,B-/A4,Downgraded,21.5,Y,True,156.0,WARM,True,PEARL INTERNATIONAL SERVICES PVT. LTD.,"IND-RA NCD INC only — no CRISIL rating, ACER can be primary NCD rater"
Peerless Hospital Guwahati Pvt. Ltd.,2025-09-11,IND-RA,Non-government debt,Default,D,Reaffirmed,97.19,Y,True,283.0,HOT,True,PEERLESS HOSPITAL GUWAHATI PVT. LTD.,"IND-RA NCD INC only — no CRISIL rating, ACER can be primary NCD rater"
Penta Gold Ltd.,2025-11-24,IND-RA,Non-government debt,Default,D,Reaffirmed,38.0,Y,True,209.0,HOT,True,PENTA GOLD LTD.,"IND-RA NCD INC only — no CRISIL rating, ACER can be primary NCD rater"
Petron Engineering Construction Ltd.,2025-12-19,IND-RA,Non-government debt,Default,D,Reaffirmed,508.66,Y,True,184.0,HOT,True,PETRON ENGINEERING CONSTRUCTION LTD.,"IND-RA NCD INC only — no CRISIL rating, ACER can be primary NCD rater"
Phthalo Colours & Chemicals (India) Ltd.,2025-08-21,IND-RA,Non-government debt,Default,D,Reaffirmed,26.58,Y,True,304.0,HOT,True,PHTHALO COLOURS & CHEMICALS (INDIA) LTD.,"IND-RA NCD INC only — no CRISIL rating, ACER can be primary NCD rater"
Piyush Infratech Pvt. Ltd.,2025-10-17,IND-RA,Non-government debt,High Risk,B+/A4,Downgraded,40.0,Y,True,247.0,HOT,True,PIYUSH INFRATECH PVT. LTD.,"IND-RA NCD INC only — no CRISIL rating, ACER can be primary NCD rater"
Polixel Security Systems Pvt. Ltd.,2025-12-19,IND-RA,Non-government debt,High Risk,B-/A4,Downgraded,8.5,Y,True,184.0,HOT,True,POLIXEL SECURITY SYSTEMS PVT. LTD.,"IND-RA NCD INC only — no CRISIL rating, ACER can be primary NCD rater"
Prakash Industrial Infrastructure Pvt. Ltd.,2025-11-24,IND-RA,Non-government debt,Default,D,Reaffirmed,19.37,Y,True,209.0,HOT,True,PRAKASH INDUSTRIAL INFRASTRUCTURE PVT. LTD.,"IND-RA NCD INC only — no CRISIL rating, ACER can be primary NCD rater"
Prakash Parcel Services Ltd. (Karnataka),2026-02-27,IND-RA,Non-government debt,High Risk,B/A4,Downgraded,35.0,Y,True,114.0,WARM,True,PRAKASH PARCEL SERVICES LTD. (KARNATAKA),"IND-RA NCD INC only — no CRISIL rating, ACER can be primary NCD rater"
Prashu Minerals & Services Pvt. Ltd.,2025-11-24,IND-RA,Non-government debt,High Risk,B/A4,Downgraded,40.0,Y,True,209.0,HOT,True,PRASHU MINERALS & SERVICES PVT. LTD.,"IND-RA NCD INC only — no CRISIL rating, ACER can be primary NCD rater"
Prateek Alloys Pvt. Ltd.,2025-09-11,IND-RA,Non-government debt,High Risk,B-/A4,Reaffirmed,22.0,Y,True,283.0,HOT,True,PRATEEK ALLOYS PVT. LTD.,"IND-RA NCD INC only — no CRISIL rating, ACER can be primary NCD rater"
Prateek Apparels Pvt. Ltd.,2026-03-04,IND-RA,Non-government debt,Default,D,Downgraded,91.43,Y,True,109.0,WARM,True,PRATEEK APPARELS PVT. LTD.,"IND-RA NCD INC only — no CRISIL rating, ACER can be primary NCD rater"
Pratibha Syntex Ltd.,2025-11-24,IND-RA,Non-government debt,High Risk,B-/A4,Downgraded,549.24,Y,True,209.0,HOT,True,PRATIBHA SYNTEX LTD.,"IND-RA NCD INC only — no CRISIL rating, ACER can be primary NCD rater"
Precise Automation & Control Pvt. Ltd.,2025-11-24,IND-RA,Non-government debt,High Risk,B-/A4,Reaffirmed,5.89,Y,True,209.0,HOT,True,PRECISE AUTOMATION & CONTROL PVT. LTD.,"IND-RA NCD INC only — no CRISIL rating, ACER can be primary NCD rater"
Precision Granite & Marble Pvt. Ltd.,2025-09-11,IND-RA,Non-government debt,High Risk,B-/A4,Reaffirmed,32.91,Y,True,283.0,HOT,True,PRECISION GRANITE & MARBLE PVT. LTD.,"IND-RA NCD INC only — no CRISIL rating, ACER can be primary NCD rater"
Premier Poultry Products Pvt. Ltd.,2026-01-16,IND-RA,Non-government debt,High Risk,B/A4,Downgraded,10.56,Y,True,156.0,WARM,True,PREMIER POULTRY PRODUCTS PVT. LTD.,"IND-RA NCD INC only — no CRISIL rating, ACER can be primary NCD rater"
Premier Seafoods Exim Pvt. Ltd.,2025-11-24,IND-RA,Non-government debt,High Risk,B-/A4,Downgraded,18.0,Y,True,209.0,HOT,True,PREMIER SEAFOODS EXIM PVT. LTD.,"IND-RA NCD INC only — no CRISIL rating, ACER can be primary NCD rater"
Price & Buckland (India) Pvt. Ltd.,2026-04-02,IND-RA,Non-government debt,High Risk,B-/A4,Reaffirmed,6.3,Y,True,80.0,LOW,True,PRICE & BUCKLAND (INDIA) PVT. LTD.,"IND-RA NCD INC only — no CRISIL rating, ACER can be primary NCD rater"
Prime Retail India Ltd.,2026-04-02,IND-RA,Non-government debt,Default,D,Reaffirmed,31.75,Y,True,80.0,LOW,True,PRIME RETAIL INDIA LTD.,"IND-RA NCD INC only — no CRISIL rating, ACER can be primary NCD rater"
Prime Technoplast Pvt. Ltd.,2025-08-21,IND-RA,Non-government debt,Default,D,Reaffirmed,36.65,Y,True,304.0,HOT,True,PRIME TECHNOPLAST PVT. LTD.,"IND-RA NCD INC only — no CRISIL rating, ACER can be primary NCD rater"
Primitus Industries Pvt. Ltd.,2026-04-02,IND-RA,Non-government debt,High Risk,B-/A4,Reaffirmed,25.0,Y,True,80.0,LOW,True,PRIMITUS INDUSTRIES PVT. LTD.,"IND-RA NCD INC only — no CRISIL rating, ACER can be primary NCD rater"
Prins Polytech Pvt. Ltd.,2025-08-21,IND-RA,Non-government debt,High Risk,B-/A4,Reaffirmed,5.7,Y,True,304.0,HOT,True,PRINS POLYTECH PVT. LTD.,"IND-RA NCD INC only — no CRISIL rating, ACER can be primary NCD rater"
Prithvi Polymer Inds. Pvt. Ltd.,2025-08-21,IND-RA,Non-government debt,High Risk,B-/A4,Reaffirmed,10.22,Y,True,304.0,HOT,True,PRITHVI POLYMER INDS. PVT. LTD.,"IND-RA NCD INC only — no CRISIL rating, ACER can be primary NCD rater"
Prits Leather Art Pvt. Ltd.,2026-02-27,IND-RA,Non-government debt,High Risk,B-/A4,Downgraded,13.5,Y,True,114.0,WARM,True,PRITS LEATHER ART PVT. LTD.,"IND-RA NCD INC only — no CRISIL rating, ACER can be primary NCD rater"
Priya Ltd.,2025-11-24,IND-RA,Non-government debt,Default,D,Reaffirmed,42.0,Y,True,209.0,HOT,True,PRIYA LTD.,"IND-RA NCD INC only — no CRISIL rating, ACER can be primary NCD rater"
Priyanka Communications India Pvt. Ltd.,2026-01-16,IND-RA,Non-government debt,Default,D,Reaffirmed,120.0,Y,True,156.0,WARM,True,PRIYANKA COMMUNICATIONS INDIA PVT. LTD.,"IND-RA NCD INC only — no CRISIL rating, ACER can be primary NCD rater"
Profive Engineering Pvt. Ltd.,2026-04-02,IND-RA,Non-government debt,High Risk,B-/A4,Downgraded,8.57,Y,True,80.0,LOW,True,PROFIVE ENGINEERING PVT. LTD.,"IND-RA NCD INC only — no CRISIL rating, ACER can be primary NCD rater"
Puneet Iron & Steel Pvt. Ltd.,2026-01-16,IND-RA,Non-government debt,High Risk,B-/A4,Downgraded,22.0,Y,True,156.0,WARM,True,PUNEET IRON & STEEL PVT. LTD.,"IND-RA NCD INC only — no CRISIL rating, ACER can be primary NCD rater"
Quality Tea Plantations Pvt. Ltd.,2026-01-16,IND-RA,Non-government debt,High Risk,B-/A4,Downgraded,16.77,Y,True,156.0,WARM,True,QUALITY TEA PLANTATIONS PVT. LTD.,"IND-RA NCD INC only — no CRISIL rating, ACER can be primary NCD rater"
R K I Builders Pvt. Ltd.,2025-12-19,IND-RA,Non-government debt,Default,D,Reaffirmed,30.0,Y,True,184.0,HOT,True,R K I BUILDERS PVT. LTD.,"IND-RA NCD INC only — no CRISIL rating, ACER can be primary NCD rater"
R K Natural Fibre Pvt. Ltd.,2026-04-02,IND-RA,Non-government debt,High Risk,B-/A4,Reaffirmed,6.8,Y,True,80.0,LOW,True,R K NATURAL FIBRE PVT. LTD.,"IND-RA NCD INC only — no CRISIL rating, ACER can be primary NCD rater"
R K Poultries Pvt. Ltd.,2026-01-16,IND-RA,Non-government debt,Default,D,Reaffirmed,6.0,Y,True,156.0,WARM,True,R K POULTRIES PVT. LTD.,"IND-RA NCD INC only — no CRISIL rating, ACER can be primary NCD rater"
R K R Gold Pvt. Ltd.,2026-04-02,IND-RA,Non-government debt,Default,D,Reaffirmed,90.0,Y,True,80.0,LOW,True,R K R GOLD PVT. LTD.,"IND-RA NCD INC only — no CRISIL rating, ACER can be primary NCD rater"
R K Wind Ltd.,2025-09-11,IND-RA,Non-government debt,Default,D,Reaffirmed,239.49,Y,True,283.0,HOT,True,R K WIND LTD.,"IND-RA NCD INC only — no CRISIL rating, ACER can be primary NCD rater"
R P L Inds. Ltd.,2025-09-11,IND-RA,Non-government debt,High Risk,B-/A4,Downgraded,8.0,Y,True,283.0,HOT,True,R P L INDS. LTD.,"IND-RA NCD INC only — no CRISIL rating, ACER can be primary NCD rater"
R S G Exports Pvt. Ltd.,2025-11-24,IND-RA,Non-government debt,High Risk,B-/A4,Downgraded,35.0,Y,True,209.0,HOT,True,R S G EXPORTS PVT. LTD.,"IND-RA NCD INC only — no CRISIL rating, ACER can be primary NCD rater"
R S H Agro Products Ltd.,2025-11-24,IND-RA,Non-government debt,Default,D,Reaffirmed,44.99,Y,True,209.0,HOT,True,R S H AGRO PRODUCTS LTD.,"IND-RA NCD INC only — no CRISIL rating, ACER can be primary NCD rater"
Radiant Bizcom Pvt. Ltd.,2025-08-21,IND-RA,Non-government debt,Default,D,Reaffirmed,25.0,Y,True,304.0,HOT,True,RADIANT BIZCOM PVT. LTD.,"IND-RA NCD INC only — no CRISIL rating, ACER can be primary NCD rater"
Radiant Textiles Pvt. Ltd.,2025-12-08,IND-RA,Non-government debt,Inadequate Safety,BB/A4+,Reaffirmed,121.0,Y,True,195.0,HOT,True,RADIANT TEXTILES PVT. LTD.,"IND-RA NCD INC only — no CRISIL rating, ACER can be primary NCD rater"
Raga Motors Pvt. Ltd.,2025-08-21,IND-RA,Non-government debt,High Risk,B-/A4,Downgraded,19.09,Y,True,304.0,HOT,True,RAGA MOTORS PVT. LTD.,"IND-RA NCD INC only — no CRISIL rating, ACER can be primary NCD rater"
Raghunandan Jewellers (Delhi) Pvt. Ltd.,2025-08-21,IND-RA,Non-government debt,High Risk,B-/A4,Reaffirmed,9.0,Y,True,304.0,HOT,True,RAGHUNANDAN JEWELLERS (DELHI) PVT. LTD.,"IND-RA NCD INC only — no CRISIL rating, ACER can be primary NCD rater"
Raghuveer Metal Inds. Ltd.,2026-04-02,IND-RA,Non-government debt,Substantial Risk,C/A4,Reaffirmed,13.0,Y,True,80.0,LOW,True,RAGHUVEER METAL INDS. LTD.,"IND-RA NCD INC only — no CRISIL rating, ACER can be primary NCD rater"
Rajaramsevak Multipurpose Cold Storage Pvt. Ltd.,2026-04-02,IND-RA,Non-government debt,Default,D,Reaffirmed,14.0,Y,True,80.0,LOW,True,RAJARAMSEVAK MULTIPURPOSE COLD STORAGE PVT. LTD.,"IND-RA NCD INC only — no CRISIL rating, ACER can be primary NCD rater"
Rajathadri Jewellers Pvt. Ltd.,2026-01-16,IND-RA,Non-government debt,Default,D,Reaffirmed,18.0,Y,True,156.0,WARM,True,RAJATHADRI JEWELLERS PVT. LTD.,"IND-RA NCD INC only — no CRISIL rating, ACER can be primary NCD rater"
Rajesh Power Services Ltd.,2026-02-27,IND-RA,Non-government debt,High Risk,B-/A4,Downgraded,47.0,Y,True,114.0,WARM,True,RAJESH POWER SERVICES LTD.,"IND-RA NCD INC only — no CRISIL rating, ACER can be primary NCD rater"
Ramnik Power & Alloys Pvt. Ltd.,2025-10-08,IND-RA,Non-government debt,High Risk,B-/A4,Withdrawn,13.77,Y,True,256.0,HOT,True,RAMNIK POWER & ALLOYS PVT. LTD.,"IND-RA NCD INC only — no CRISIL rating, ACER can be primary NCD rater"
Ramvijay Clothing Co. Pvt. Ltd.,2025-09-11,IND-RA,Non-government debt,High Risk,B-/A4,Reaffirmed,7.08,Y,True,283.0,HOT,True,RAMVIJAY CLOTHING CO. PVT. LTD.,"IND-RA NCD INC only — no CRISIL rating, ACER can be primary NCD rater"
Ramya Reprographic Pvt. Ltd.,2026-02-27,IND-RA,Non-government debt,High Risk,B/A4,Downgraded,25.5,Y,True,114.0,WARM,True,RAMYA REPROGRAPHIC PVT. LTD.,"IND-RA NCD INC only — no CRISIL rating, ACER can be primary NCD rater"
Ranger Cotton Mills India Pvt. Ltd.,2025-08-21,IND-RA,Non-government debt,High Risk,B-/A4,Reaffirmed,29.14,Y,True,304.0,HOT,True,RANGER COTTON MILLS INDIA PVT. LTD.,"IND-RA NCD INC only — no CRISIL rating, ACER can be primary NCD rater"
Rangotsav Sarees Pvt. Ltd.,2025-11-24,IND-RA,Non-government debt,Default,D,Reaffirmed,15.75,Y,True,209.0,HOT,True,RANGOTSAV SAREES PVT. LTD.,"IND-RA NCD INC only — no CRISIL rating, ACER can be primary NCD rater"
Rank Cranes Pvt. Ltd.,2025-08-21,IND-RA,Non-government debt,High Risk,B/A4,Downgraded,8.0,Y,True,304.0,HOT,True,RANK CRANES PVT. LTD.,"IND-RA NCD INC only — no CRISIL rating, ACER can be primary NCD rater"
Ratnadeep Metal & Tubes Ltd.,2026-04-28,IND-RA,Non-government debt,Inadequate Safety,BB-/A4+,Withdrawn,63.0,Y,True,54.0,LOW,True,RATNADEEP METAL & TUBES LTD.,"IND-RA NCD INC only — no CRISIL rating, ACER can be primary NCD rater"
Ratnesh Ispat Services Pvt. Ltd.,2026-01-16,IND-RA,Non-government debt,High Risk,B-/A4,Downgraded,45.0,Y,True,156.0,WARM,True,RATNESH ISPAT SERVICES PVT. LTD.,"IND-RA NCD INC only — no CRISIL rating, ACER can be primary NCD rater"
Regrow Biosciences Pvt. Ltd.,2026-04-02,IND-RA,Non-government debt,High Risk,B-/A4,Reaffirmed,5.2,Y,True,80.0,LOW,True,REGROW BIOSCIENCES PVT. LTD.,"IND-RA NCD INC only — no CRISIL rating, ACER can be primary NCD rater"
Rejeuvine Enterprises Pvt. Ltd.,2025-08-21,IND-RA,Non-government debt,High Risk,B-/A4,Reaffirmed,15.33,Y,True,304.0,HOT,True,REJEUVINE ENTERPRISES PVT. LTD.,"IND-RA NCD INC only — no CRISIL rating, ACER can be primary NCD rater"
Rishi Ice & Cold Storage Pvt. Ltd.,2026-02-27,IND-RA,Non-government debt,High Risk,B/A4,Downgraded,3.66,Y,True,114.0,WARM,True,RISHI ICE & COLD STORAGE PVT. LTD.,"IND-RA NCD INC only — no CRISIL rating, ACER can be primary NCD rater"
Rohit Extractions Pvt. Ltd.,2025-09-11,IND-RA,Non-government debt,High Risk,B+/A4,Downgraded,48.77,Y,True,283.0,HOT,True,ROHIT EXTRACTIONS PVT. LTD.,"IND-RA NCD INC only — no CRISIL rating, ACER can be primary NCD rater"
Rohit'S Heritage Jewellers Pvt. Ltd.,2026-01-16,IND-RA,Non-government debt,Default,D,Reaffirmed,11.0,Y,True,156.0,WARM,True,ROHIT'S HERITAGE JEWELLERS PVT. LTD.,"IND-RA NCD INC only — no CRISIL rating, ACER can be primary NCD rater"
Rolta India Ltd.,2026-03-04,IND-RA,Non-government debt,Default,D,Reaffirmed,2783.2,Y,True,109.0,WARM,True,ROLTA INDIA LTD.,"IND-RA NCD INC only — no CRISIL rating, ACER can be primary NCD rater"
Royal Latex Pvt. Ltd.,2025-09-11,IND-RA,Non-government debt,High Risk,B-/A4,Downgraded,15.83,Y,True,283.0,HOT,True,ROYAL LATEX PVT. LTD.,"IND-RA NCD INC only — no CRISIL rating, ACER can be primary NCD rater"
Royalline Resources Ltd.,2025-07-18,IND-RA,Non-government debt,High Risk,A 4,Downgraded,80.0,Y,True,338.0,HOT,True,ROYALLINE RESOURCES LTD.,"IND-RA NCD INC only — no CRISIL rating, ACER can be primary NCD rater"
Rushabh Flour Mills Pvt. Ltd.,2025-11-24,IND-RA,Non-government debt,High Risk,B-/A4,Downgraded,6.0,Y,True,209.0,HOT,True,RUSHABH FLOUR MILLS PVT. LTD.,"IND-RA NCD INC only — no CRISIL rating, ACER can be primary NCD rater"
Rydak Syndicate Ltd.,2025-12-19,IND-RA,Non-government debt,High Risk,B/A4,Downgraded,22.0,Y,True,184.0,HOT,True,RYDAK SYNDICATE LTD.,"IND-RA NCD INC only — no CRISIL rating, ACER can be primary NCD rater"
S A S International Pvt. Ltd.,2025-08-21,IND-RA,Non-government debt,High Risk,B-/A4,Downgraded,24.5,Y,True,304.0,HOT,True,S A S INTERNATIONAL PVT. LTD.,"IND-RA NCD INC only — no CRISIL rating, ACER can be primary NCD rater"
S B Cold Storage Inds. Pvt. Ltd.,2025-08-21,IND-RA,Non-government debt,Default,D,Reaffirmed,13.62,Y,True,304.0,HOT,True,S B COLD STORAGE INDS. PVT. LTD.,"IND-RA NCD INC only — no CRISIL rating, ACER can be primary NCD rater"
S C S Constructions India Pvt. Ltd.,2026-01-28,IND-RA,Non-government debt,Default,D,Withdrawn,19.48,Y,True,144.0,WARM,True,S C S CONSTRUCTIONS INDIA PVT. LTD.,"IND-RA NCD INC only — no CRISIL rating, ACER can be primary NCD rater"
S D M Projects Pvt. Ltd.,2026-04-02,IND-RA,Non-government debt,High Risk,B-/A4,Downgraded,7.0,Y,True,80.0,LOW,True,S D M PROJECTS PVT. LTD.,"IND-RA NCD INC only — no CRISIL rating, ACER can be primary NCD rater"
S G R Exim Pvt. Ltd.,2025-08-21,IND-RA,Non-government debt,Substantial Risk,C/A4,Reaffirmed,11.8,Y,True,304.0,HOT,True,S G R EXIM PVT. LTD.,"IND-RA NCD INC only — no CRISIL rating, ACER can be primary NCD rater"
S G S Motors Pvt. Ltd.,2026-01-16,IND-RA,Non-government debt,High Risk,B/A4,Downgraded,32.0,Y,True,156.0,WARM,True,S G S MOTORS PVT. LTD.,"IND-RA NCD INC only — no CRISIL rating, ACER can be primary NCD rater"
S K I Himalayas Ropeway Pvt. Ltd.,2025-08-21,IND-RA,Non-government debt,High Risk,B/A4,Downgraded,7.85,Y,True,304.0,HOT,True,S K I HIMALAYAS ROPEWAY PVT. LTD.,"IND-RA NCD INC only — no CRISIL rating, ACER can be primary NCD rater"
S K M Infraventure Pvt. Ltd.,2025-11-24,IND-RA,Non-government debt,High Risk,B-/A4,Downgraded,6.0,Y,True,209.0,HOT,True,S K M INFRAVENTURE PVT. LTD.,"IND-RA NCD INC only — no CRISIL rating, ACER can be primary NCD rater"
S K Translines Pvt. Ltd.,2026-04-02,IND-RA,Non-government debt,High Risk,B-/A4,Downgraded,10.33,Y,True,80.0,LOW,True,S K TRANSLINES PVT. LTD.,"IND-RA NCD INC only — no CRISIL rating, ACER can be primary NCD rater"
S K Wheels Pvt. Ltd.,2025-11-24,IND-RA,Non-government debt,Default,D,Reaffirmed,157.8,Y,True,209.0,HOT,True,S K WHEELS PVT. LTD.,"IND-RA NCD INC only — no CRISIL rating, ACER can be primary NCD rater"
S M R Plantation Pvt. Ltd.,2025-09-11,IND-RA,Non-government debt,High Risk,B-/A4,Downgraded,64.96,Y,True,283.0,HOT,True,S M R PLANTATION PVT. LTD.,"IND-RA NCD INC only — no CRISIL rating, ACER can be primary NCD rater"
S O W I L Ltd.,2026-04-02,IND-RA,Non-government debt,High Risk,B-/A4,Downgraded,8.04,Y,True,80.0,LOW,True,S O W I L LTD.,"IND-RA NCD INC only — no CRISIL rating, ACER can be primary NCD rater"
S R S Ltd.,2026-01-12,IND-RA,Non-government debt,Default,D,Reaffirmed,835.0,Y,True,160.0,WARM,True,S R S LTD.,"IND-RA NCD INC only — no CRISIL rating, ACER can be primary NCD rater"
S R S Modern Sales Ltd.,2025-08-21,IND-RA,Non-government debt,Default,D,Reaffirmed,75.0,Y,True,304.0,HOT,True,S R S MODERN SALES LTD.,"IND-RA NCD INC only — no CRISIL rating, ACER can be primary NCD rater"
S S Infrastructure Devp. Consultants Ltd.,2025-12-19,IND-RA,Non-government debt,Default,D,Reaffirmed,9.97,Y,True,184.0,HOT,True,S S INFRASTRUCTURE DEVP. CONSULTANTS LTD.,"IND-RA NCD INC only — no CRISIL rating, ACER can be primary NCD rater"
S S Offshore Pvt. Ltd.,2025-09-11,IND-RA,Non-government debt,High Risk,B-/A4,Downgraded,27.39,Y,True,283.0,HOT,True,S S OFFSHORE PVT. LTD.,"IND-RA NCD INC only — no CRISIL rating, ACER can be primary NCD rater"
S S V Fab Inds. Pvt. Ltd.,2026-03-24,IND-RA,Non-government debt,High Risk,B/A4,Downgraded,21.0,Y,True,89.0,LOW,True,S S V FAB INDS. PVT. LTD.,"IND-RA NCD INC only — no CRISIL rating, ACER can be primary NCD rater"
S S V Spinners Pvt. Ltd.,2026-04-02,IND-RA,Non-government debt,High Risk,B-/A4,Downgraded,30.7,Y,True,80.0,LOW,True,S S V SPINNERS PVT. LTD.,"IND-RA NCD INC only — no CRISIL rating, ACER can be primary NCD rater"
S V Ispat Pvt. Ltd.,2026-01-16,IND-RA,Non-government debt,High Risk,B-/A4,Downgraded,7.95,Y,True,156.0,WARM,True,S V ISPAT PVT. LTD.,"IND-RA NCD INC only — no CRISIL rating, ACER can be primary NCD rater"
Sadbhav Infrastructure Project Ltd.,2025-09-11,IND-RA,Non-government debt,Substantial Risk,C/A4,Reaffirmed,300.0,Y,True,283.0,HOT,True,SADBHAV INFRASTRUCTURE PROJECT LTD.,"IND-RA NCD INC only — no CRISIL rating, ACER can be primary NCD rater"
Sagar Industries & Distilleries Pvt. Ltd.,2025-09-11,IND-RA,Non-government debt,High Risk,B-/A4,Reaffirmed,25.0,Y,True,283.0,HOT,True,SAGAR INDUSTRIES & DISTILLERIES PVT. LTD.,"IND-RA NCD INC only — no CRISIL rating, ACER can be primary NCD rater"
Sagar Metallics Pvt. Ltd.,2026-01-16,IND-RA,Non-government debt,High Risk,B-/A4,Downgraded,13.39,Y,True,156.0,WARM,True,SAGAR METALLICS PVT. LTD.,"IND-RA NCD INC only — no CRISIL rating, ACER can be primary NCD rater"
Sahara Engineering Pvt. Ltd.,2026-04-02,IND-RA,Non-government debt,High Risk,B-/A4,Downgraded,12.25,Y,True,80.0,LOW,True,SAHARA ENGINEERING PVT. LTD.,"IND-RA NCD INC only — no CRISIL rating, ACER can be primary NCD rater"
Sai Smaran Foods Pvt. Ltd.,2026-01-16,IND-RA,Non-government debt,High Risk,B/A4,Downgraded,45.0,Y,True,156.0,WARM,True,SAI SMARAN FOODS PVT. LTD.,"IND-RA NCD INC only — no CRISIL rating, ACER can be primary NCD rater"
Saipavani Constructions India Pvt. Ltd.,2025-08-21,IND-RA,Non-government debt,High Risk,B-/A4,Reaffirmed,50.0,Y,True,304.0,HOT,True,SAIPAVANI CONSTRUCTIONS INDIA PVT. LTD.,"IND-RA NCD INC only — no CRISIL rating, ACER can be primary NCD rater"
Saishakti Polysacks Pvt. Ltd.,2025-08-21,IND-RA,Non-government debt,High Risk,B-/A4,Reaffirmed,11.05,Y,True,304.0,HOT,True,SAISHAKTI POLYSACKS PVT. LTD.,"IND-RA NCD INC only — no CRISIL rating, ACER can be primary NCD rater"
Samkwang India Electronic Pvt. Ltd.,2025-09-11,IND-RA,Non-government debt,High Risk,B-/A4,Downgraded,60.0,Y,True,283.0,HOT,True,SAMKWANG INDIA ELECTRONIC PVT. LTD.,"IND-RA NCD INC only — no CRISIL rating, ACER can be primary NCD rater"
Samrat Gems Impex Pvt. Ltd.,2025-12-19,IND-RA,Non-government debt,Default,D,Reaffirmed,48.95,Y,True,184.0,HOT,True,SAMRAT GEMS IMPEX PVT. LTD.,"IND-RA NCD INC only — no CRISIL rating, ACER can be primary NCD rater"
Samrat Irons Pvt. Ltd.,2026-04-02,IND-RA,Non-government debt,High Risk,B/A4,Downgraded,67.25,Y,True,80.0,LOW,True,SAMRAT IRONS PVT. LTD.,"IND-RA NCD INC only — no CRISIL rating, ACER can be primary NCD rater"
Samrat Wires Pvt. Ltd.,2025-09-11,IND-RA,Non-government debt,High Risk,B-/A4,Reaffirmed,13.4,Y,True,283.0,HOT,True,SAMRAT WIRES PVT. LTD.,"IND-RA NCD INC only — no CRISIL rating, ACER can be primary NCD rater"
Sangani Infrastructure India Pvt. Ltd.,2025-12-19,IND-RA,Non-government debt,Default,D,Reaffirmed,55.38,Y,True,184.0,HOT,True,SANGANI INFRASTRUCTURE INDIA PVT. LTD.,"IND-RA NCD INC only — no CRISIL rating, ACER can be primary NCD rater"
Sangat Printers Pvt. Ltd.,2025-11-24,IND-RA,Non-government debt,High Risk,B-/A4,Downgraded,6.1,Y,True,209.0,HOT,True,SANGAT PRINTERS PVT. LTD.,"IND-RA NCD INC only — no CRISIL rating, ACER can be primary NCD rater"
Sangeeth Textiles Pvt. Ltd.,2026-01-16,IND-RA,Non-government debt,High Risk,B/A4,Downgraded,47.04,Y,True,156.0,WARM,True,SANGEETH TEXTILES PVT. LTD.,"IND-RA NCD INC only — no CRISIL rating, ACER can be primary NCD rater"
Sansaara Weaves & Filaments Pvt. Ltd.,2026-01-16,IND-RA,Non-government debt,High Risk,B-/A4,Downgraded,6.67,Y,True,156.0,WARM,True,SANSAARA WEAVES & FILAMENTS PVT. LTD.,"IND-RA NCD INC only — no CRISIL rating, ACER can be primary NCD rater"
Sanshu Agro Pvt. Ltd.,2025-09-11,IND-RA,Non-government debt,High Risk,B-/A4,Reaffirmed,14.0,Y,True,283.0,HOT,True,SANSHU AGRO PVT. LTD.,"IND-RA NCD INC only — no CRISIL rating, ACER can be primary NCD rater"
Sanshu Green Corn Pvt. Ltd.,2025-09-11,IND-RA,Non-government debt,High Risk,B-/A4,Downgraded,17.72,Y,True,283.0,HOT,True,SANSHU GREEN CORN PVT. LTD.,"IND-RA NCD INC only — no CRISIL rating, ACER can be primary NCD rater"
Sara Spintex India Pvt. Ltd.,2026-01-16,IND-RA,Non-government debt,Default,D,Reaffirmed,45.73,Y,True,156.0,WARM,True,SARA SPINTEX INDIA PVT. LTD.,"IND-RA NCD INC only — no CRISIL rating, ACER can be primary NCD rater"
Sarvejana Healthcare Pvt. Ltd.,2025-08-21,IND-RA,Non-government debt,High Risk,B/A4,Downgraded,37.05,Y,True,304.0,HOT,True,SARVEJANA HEALTHCARE PVT. LTD.,"IND-RA NCD INC only — no CRISIL rating, ACER can be primary NCD rater"
Sea Lagoon Hotels Pvt. Ltd.,2025-09-11,IND-RA,Non-government debt,High Risk,B-/A4,Reaffirmed,23.0,Y,True,283.0,HOT,True,SEA LAGOON HOTELS PVT. LTD.,"IND-RA NCD INC only — no CRISIL rating, ACER can be primary NCD rater"
Seahawk Agro Pvt. Ltd.,2025-09-11,IND-RA,Non-government debt,High Risk,B-/A4,Downgraded,7.1,Y,True,283.0,HOT,True,SEAHAWK AGRO PVT. LTD.,"IND-RA NCD INC only — no CRISIL rating, ACER can be primary NCD rater"
Securevalue India Ltd.,2026-03-27,IND-RA,Non-government debt,Default,D,Reaffirmed,199.0,Y,True,86.0,LOW,True,SECUREVALUE INDIA LTD.,"IND-RA NCD INC only — no CRISIL rating, ACER can be primary NCD rater"
Servotech India Ltd.,2026-01-16,IND-RA,Non-government debt,High Risk,B/A4,Downgraded,30.0,Y,True,156.0,WARM,True,SERVOTECH INDIA LTD.,"IND-RA NCD INC only — no CRISIL rating, ACER can be primary NCD rater"
Seshsayi Foods Pvt. Ltd.,2026-04-02,IND-RA,Non-government debt,High Risk,B/A4,Downgraded,49.02,Y,True,80.0,LOW,True,SESHSAYI FOODS PVT. LTD.,"IND-RA NCD INC only — no CRISIL rating, ACER can be primary NCD rater"
Setubandhan Infrastructure Ltd.,2025-11-24,IND-RA,Non-government debt,Default,D,Reaffirmed,90.0,Y,True,209.0,HOT,True,SETUBANDHAN INFRASTRUCTURE LTD.,"IND-RA NCD INC only — no CRISIL rating, ACER can be primary NCD rater"
Shakti Component Ventures Pvt. Ltd.,2025-08-21,IND-RA,Non-government debt,High Risk,B-/A4,Downgraded,8.58,Y,True,304.0,HOT,True,SHAKTI COMPONENT VENTURES PVT. LTD.,"IND-RA NCD INC only — no CRISIL rating, ACER can be primary NCD rater"
Shakti Polyweave Pvt. Ltd.,2025-09-11,IND-RA,Non-government debt,High Risk,B-/A4,Downgraded,142.78,Y,True,283.0,HOT,True,SHAKTI POLYWEAVE PVT. LTD.,"IND-RA NCD INC only — no CRISIL rating, ACER can be primary NCD rater"
Sharma Pharmaceutical Pvt. Ltd.,2026-01-16,IND-RA,Non-government debt,High Risk,B-/A4,Reaffirmed,9.0,Y,True,156.0,WARM,True,SHARMA PHARMACEUTICAL PVT. LTD.,"IND-RA NCD INC only — no CRISIL rating, ACER can be primary NCD rater"
Shashi Cables Ltd.,2026-01-12,IND-RA,Non-government debt,Inadequate Safety,BB-/A4+,Downgraded,457.11,Y,True,160.0,WARM,True,SHASHI CABLES LTD.,"IND-RA NCD INC only — no CRISIL rating, ACER can be primary NCD rater"
Sheetal Structurals Pvt. Ltd.,2025-09-11,IND-RA,Non-government debt,High Risk,B/A4,Downgraded,9.0,Y,True,283.0,HOT,True,SHEETAL STRUCTURALS PVT. LTD.,"IND-RA NCD INC only — no CRISIL rating, ACER can be primary NCD rater"
Shinde Developers Pvt. Ltd.,2026-04-02,IND-RA,Non-government debt,High Risk,B-/A4,Downgraded,53.0,Y,True,80.0,LOW,True,SHINDE DEVELOPERS PVT. LTD.,"IND-RA NCD INC only — no CRISIL rating, ACER can be primary NCD rater"
Shiv Aum Steels Ltd.,2025-11-24,IND-RA,Non-government debt,High Risk,B/A4,Downgraded,65.0,Y,True,209.0,HOT,True,SHIV AUM STEELS LTD.,"IND-RA NCD INC only — no CRISIL rating, ACER can be primary NCD rater"
Shiv Shakti Exporters Pvt. Ltd.,2025-08-21,IND-RA,Non-government debt,Default,D,Reaffirmed,34.35,Y,True,304.0,HOT,True,SHIV SHAKTI EXPORTERS PVT. LTD.,"IND-RA NCD INC only — no CRISIL rating, ACER can be primary NCD rater"
Shiva Polytubes Pvt. Ltd.,2025-08-21,IND-RA,Non-government debt,High Risk,B/A4,Downgraded,10.54,Y,True,304.0,HOT,True,SHIVA POLYTUBES PVT. LTD.,"IND-RA NCD INC only — no CRISIL rating, ACER can be primary NCD rater"
Shiva-Parvati Poultry Feed Pvt. Ltd.,2026-04-02,IND-RA,Non-government debt,High Risk,B-/A4,Downgraded,41.07,Y,True,80.0,LOW,True,SHIVA-PARVATI POULTRY FEED PVT. LTD.,"IND-RA NCD INC only — no CRISIL rating, ACER can be primary NCD rater"
Shivam Protein Products Pvt. Ltd.,2026-01-16,IND-RA,Non-government debt,Default,D,Reaffirmed,10.72,Y,True,156.0,WARM,True,SHIVAM PROTEIN PRODUCTS PVT. LTD.,"IND-RA NCD INC only — no CRISIL rating, ACER can be primary NCD rater"
Shree Ashtvinayak Roller Flour Mills Pvt. Ltd.,2025-08-21,IND-RA,Non-government debt,Default,D,Reaffirmed,7.85,Y,True,304.0,HOT,True,SHREE ASHTVINAYAK ROLLER FLOUR MILLS PVT. LTD.,"IND-RA NCD INC only — no CRISIL rating, ACER can be primary NCD rater"
Shree Bharka (India) Ltd.,2026-04-02,IND-RA,Non-government debt,High Risk,B/A4,Downgraded,24.0,Y,True,80.0,LOW,True,SHREE BHARKA (INDIA) LTD.,"IND-RA NCD INC only — no CRISIL rating, ACER can be primary NCD rater"
Shree Dulichand Chemicals Pvt. Ltd.,2026-04-02,IND-RA,Non-government debt,High Risk,B-/A4,Reaffirmed,7.5,Y,True,80.0,LOW,True,SHREE DULICHAND CHEMICALS PVT. LTD.,"IND-RA NCD INC only — no CRISIL rating, ACER can be primary NCD rater"
Shree Jee Flour Mills Pvt. Ltd.,2025-08-21,IND-RA,Non-government debt,High Risk,B/A4,Downgraded,10.72,Y,True,304.0,HOT,True,SHREE JEE FLOUR MILLS PVT. LTD.,"IND-RA NCD INC only — no CRISIL rating, ACER can be primary NCD rater"
Shree Krishan Co. (Mfrs.) Pvt. Ltd.,2025-08-21,IND-RA,Non-government debt,High Risk,B-/A4,Downgraded,19.04,Y,True,304.0,HOT,True,SHREE KRISHAN CO. (MFRS.) PVT. LTD.,"IND-RA NCD INC only — no CRISIL rating, ACER can be primary NCD rater"
Shree Prithvi Steel Rolling Mills Pvt. Ltd.,2025-08-21,IND-RA,Non-government debt,High Risk,B/A4,Downgraded,29.01,Y,True,304.0,HOT,True,SHREE PRITHVI STEEL ROLLING MILLS PVT. LTD.,"IND-RA NCD INC only — no CRISIL rating, ACER can be primary NCD rater"
Shree Radha Vallabh Giriraj Mktg. Pvt. Ltd.,2025-08-21,IND-RA,Non-government debt,High Risk,B-/A4,Reaffirmed,14.5,Y,True,304.0,HOT,True,SHREE RADHA VALLABH GIRIRAJ MKTG. PVT. LTD.,"IND-RA NCD INC only — no CRISIL rating, ACER can be primary NCD rater"
Shree Sita Ram Paper Mills Ltd.,2026-01-16,IND-RA,Non-government debt,High Risk,B-/A4,Reaffirmed,10.75,Y,True,156.0,WARM,True,SHREE SITA RAM PAPER MILLS LTD.,"IND-RA NCD INC only — no CRISIL rating, ACER can be primary NCD rater"
Shreeji Infrastructure India Pvt. Ltd.,2026-04-02,IND-RA,Non-government debt,High Risk,B-/A4,Downgraded,199.0,Y,True,80.0,LOW,True,SHREEJI INFRASTRUCTURE INDIA PVT. LTD.,"IND-RA NCD INC only — no CRISIL rating, ACER can be primary NCD rater"
Shrenik Marble Pvt. Ltd.,2025-08-21,IND-RA,Non-government debt,High Risk,B-/A4,Downgraded,9.6,Y,True,304.0,HOT,True,SHRENIK MARBLE PVT. LTD.,"IND-RA NCD INC only — no CRISIL rating, ACER can be primary NCD rater"
Shri Ambalika Sugar Pvt. Ltd.,2025-11-24,IND-RA,Non-government debt,High Risk,B/A4,Downgraded,550.0,Y,True,209.0,HOT,True,SHRI AMBALIKA SUGAR PVT. LTD.,"IND-RA NCD INC only — no CRISIL rating, ACER can be primary NCD rater"
Shri Janki Foodgrains Pvt. Ltd.,2025-08-21,IND-RA,Non-government debt,High Risk,B-/A4,Downgraded,16.3,Y,True,304.0,HOT,True,SHRI JANKI FOODGRAINS PVT. LTD.,"IND-RA NCD INC only — no CRISIL rating, ACER can be primary NCD rater"
Shri Kannan Departmental Store Ltd.,2026-04-02,IND-RA,Non-government debt,High Risk,B-/A4,Downgraded,81.17,Y,True,80.0,LOW,True,SHRI KANNAN DEPARTMENTAL STORE LTD.,"IND-RA NCD INC only — no CRISIL rating, ACER can be primary NCD rater"
Shri Ram Rubtech Pvt. Ltd.,2026-01-16,IND-RA,Non-government debt,High Risk,B-/A4,Reaffirmed,5.04,Y,True,156.0,WARM,True,SHRI RAM RUBTECH PVT. LTD.,"IND-RA NCD INC only — no CRISIL rating, ACER can be primary NCD rater"
Shri Vishnuperumaal Spin Yarn Pvt. Ltd.,2025-08-21,IND-RA,Non-government debt,High Risk,B-/A4,Reaffirmed,10.85,Y,True,304.0,HOT,True,SHRI VISHNUPERUMAAL SPIN YARN PVT. LTD.,"IND-RA NCD INC only — no CRISIL rating, ACER can be primary NCD rater"
Shriganesh Textile & Infrastructure (India) Pvt. Ltd.,2025-08-21,IND-RA,Non-government debt,Default,D,Reaffirmed,27.0,Y,True,304.0,HOT,True,SHRIGANESH TEXTILE & INFRASTRUCTURE (INDIA) PVT. LTD.,"IND-RA NCD INC only — no CRISIL rating, ACER can be primary NCD rater"
Shriniwasa Proteins Pvt. Ltd.,2026-04-02,IND-RA,Non-government debt,High Risk,B-/A4,Downgraded,82.0,Y,True,80.0,LOW,True,SHRINIWASA PROTEINS PVT. LTD.,"IND-RA NCD INC only — no CRISIL rating, ACER can be primary NCD rater"
Shristi Cotspinn Pvt. Ltd.,2025-08-21,IND-RA,Non-government debt,High Risk,B-/A4,Downgraded,26.76,Y,True,304.0,HOT,True,SHRISTI COTSPINN PVT. LTD.,"IND-RA NCD INC only — no CRISIL rating, ACER can be primary NCD rater"
Shruthi Milk Products Pvt. Ltd.,2026-02-27,IND-RA,Non-government debt,Default,D,Reaffirmed,8.48,Y,True,114.0,WARM,True,SHRUTHI MILK PRODUCTS PVT. LTD.,"IND-RA NCD INC only — no CRISIL rating, ACER can be primary NCD rater"
Shyam Indofab Pvt. Ltd.,2026-01-16,IND-RA,Non-government debt,Default,D,Reaffirmed,156.35,Y,True,156.0,WARM,True,SHYAM INDOFAB PVT. LTD.,"IND-RA NCD INC only — no CRISIL rating, ACER can be primary NCD rater"
Shyam Spectra Pvt. Ltd.,2025-11-28,IND-RA,Non-government debt,Inadequate Safety,BB/A4+,Downgraded,52.17,Y,True,205.0,HOT,True,SHYAM SPECTRA PVT. LTD.,"IND-RA NCD INC only — no CRISIL rating, ACER can be primary NCD rater"
Shyama Power India Ltd.,2026-02-27,IND-RA,Non-government debt,High Risk,B-/A4,Downgraded,469.44,Y,True,114.0,WARM,True,SHYAMA POWER INDIA LTD.,"IND-RA NCD INC only — no CRISIL rating, ACER can be primary NCD rater"
Siddapur Distilleries Ltd.,2025-11-24,IND-RA,Non-government debt,High Risk,B/A4,Downgraded,40.0,Y,True,209.0,HOT,True,SIDDAPUR DISTILLERIES LTD.,"IND-RA NCD INC only — no CRISIL rating, ACER can be primary NCD rater"
Siddhartha Innopack Inds. Pvt. Ltd.,2026-04-02,IND-RA,Non-government debt,High Risk,B-/A4,Downgraded,25.48,Y,True,80.0,LOW,True,SIDDHARTHA INNOPACK INDS. PVT. LTD.,"IND-RA NCD INC only — no CRISIL rating, ACER can be primary NCD rater"
Siddhi Vinayak Knots & Prints Pvt. Ltd.,2026-02-09,IND-RA,Non-government debt,High Risk,B+/A4,Withdrawn,119.47,Y,True,132.0,WARM,True,SIDDHI VINAYAK KNOTS & PRINTS PVT. LTD.,"IND-RA NCD INC only — no CRISIL rating, ACER can be primary NCD rater"
Sikko Industries Ltd.,2026-04-21,IND-RA,Non-government debt,High Risk,B-/A4,Withdrawn,7.0,Y,True,61.0,LOW,True,SIKKO INDUSTRIES LTD.,"IND-RA NCD INC only — no CRISIL rating, ACER can be primary NCD rater"
Sinha Cold Storage & Warehouse Co. Pvt. Ltd.,2025-08-21,IND-RA,Non-government debt,Default,D,Reaffirmed,5.86,Y,True,304.0,HOT,True,SINHA COLD STORAGE & WAREHOUSE CO. PVT. LTD.,"IND-RA NCD INC only — no CRISIL rating, ACER can be primary NCD rater"
Siri Constructions Infrastructure Pvt. Ltd.,2026-04-02,IND-RA,Non-government debt,High Risk,B-/A4,Downgraded,35.0,Y,True,80.0,LOW,True,SIRI CONSTRUCTIONS INFRASTRUCTURE PVT. LTD.,"IND-RA NCD INC only — no CRISIL rating, ACER can be primary NCD rater"
Sivaguru Spinning Mills Pvt. Ltd.,2026-01-12,IND-RA,Non-government debt,High Risk,B+/A4,Downgraded,43.0,Y,True,160.0,WARM,True,SIVAGURU SPINNING MILLS PVT. LTD.,"IND-RA NCD INC only — no CRISIL rating, ACER can be primary NCD rater"
Skywin Spinning Pvt. Ltd.,2026-04-02,IND-RA,Non-government debt,High Risk,B/A4,Downgraded,49.3,Y,True,80.0,LOW,True,SKYWIN SPINNING PVT. LTD.,"IND-RA NCD INC only — no CRISIL rating, ACER can be primary NCD rater"
Sonale Fabrics Pvt. Ltd.,2026-01-16,IND-RA,Non-government debt,High Risk,B-/A4,Downgraded,17.1,Y,True,156.0,WARM,True,SONALE FABRICS PVT. LTD.,"IND-RA NCD INC only — no CRISIL rating, ACER can be primary NCD rater"
South Indian Constructions Pvt. Ltd.,2025-09-11,IND-RA,Non-government debt,Default,D,Reaffirmed,22.5,Y,True,283.0,HOT,True,SOUTH INDIAN CONSTRUCTIONS PVT. LTD.,"IND-RA NCD INC only — no CRISIL rating, ACER can be primary NCD rater"
South Indian Green Cardamom Co. Ltd.,2025-09-11,IND-RA,Non-government debt,High Risk,B-/A4,Downgraded,13.65,Y,True,283.0,HOT,True,SOUTH INDIAN GREEN CARDAMOM CO. LTD.,"IND-RA NCD INC only — no CRISIL rating, ACER can be primary NCD rater"
Spaceage Switchgears Pvt. Ltd.,2025-09-11,IND-RA,Non-government debt,High Risk,B-/A4,Downgraded,14.0,Y,True,283.0,HOT,True,SPACEAGE SWITCHGEARS PVT. LTD.,"IND-RA NCD INC only — no CRISIL rating, ACER can be primary NCD rater"
Spartan Engineering Inds. Pvt. Ltd.,2025-12-19,IND-RA,Non-government debt,Default,D,Reaffirmed,39.04,Y,True,184.0,HOT,True,SPARTAN ENGINEERING INDS. PVT. LTD.,"IND-RA NCD INC only — no CRISIL rating, ACER can be primary NCD rater"
Speedy Multimodes Ltd.,2025-11-24,IND-RA,Non-government debt,High Risk,B-/A4,Downgraded,34.5,Y,True,209.0,HOT,True,SPEEDY MULTIMODES LTD.,"IND-RA NCD INC only — no CRISIL rating, ACER can be primary NCD rater"
Sree Krishna Automotives Hyderabad Pvt. Ltd.,2026-04-02,IND-RA,Non-government debt,High Risk,B/A4,Downgraded,85.0,Y,True,80.0,LOW,True,SREE KRISHNA AUTOMOTIVES HYDERABAD PVT. LTD.,"IND-RA NCD INC only — no CRISIL rating, ACER can be primary NCD rater"
Sri Lakshmi Motor Service Pvt. Ltd.,2025-08-21,IND-RA,Non-government debt,High Risk,B-/A4,Downgraded,12.87,Y,True,304.0,HOT,True,SRI LAKSHMI MOTOR SERVICE PVT. LTD.,"IND-RA NCD INC only — no CRISIL rating, ACER can be primary NCD rater"
Sri Mouli Textiles Pvt. Ltd.,2026-01-16,IND-RA,Non-government debt,High Risk,B-/A4,Downgraded,36.0,Y,True,156.0,WARM,True,SRI MOULI TEXTILES PVT. LTD.,"IND-RA NCD INC only — no CRISIL rating, ACER can be primary NCD rater"
Sri Power Generation (India) Pvt. Ltd. [Merged],2026-04-02,IND-RA,Non-government debt,High Risk,B-/A4,Downgraded,8.25,Y,True,80.0,LOW,True,SRI POWER GENERATION (INDIA) PVT. LTD. [MERGED],"IND-RA NCD INC only — no CRISIL rating, ACER can be primary NCD rater"
Sri Vaishnavi Spintex (India) Pvt. Ltd.,2026-04-02,IND-RA,Non-government debt,High Risk,B-/A4,Downgraded,14.0,Y,True,80.0,LOW,True,SRI VAISHNAVI SPINTEX (INDIA) PVT. LTD.,"IND-RA NCD INC only — no CRISIL rating, ACER can be primary NCD rater"
Sri Vasudeva Textiles Pvt. Ltd.,2026-03-06,IND-RA,Non-government debt,Default,D,Downgraded,57.0,Y,True,107.0,WARM,True,SRI VASUDEVA TEXTILES PVT. LTD.,"IND-RA NCD INC only — no CRISIL rating, ACER can be primary NCD rater"
Sri Venkata Sivaparvathi Spg. Mills Pvt. Ltd.,2025-08-21,IND-RA,Non-government debt,High Risk,B/A4,Downgraded,98.73,Y,True,304.0,HOT,True,SRI VENKATA SIVAPARVATHI SPG. MILLS PVT. LTD.,"IND-RA NCD INC only — no CRISIL rating, ACER can be primary NCD rater"
Sri Venkateswara Spintex Pvt. Ltd.,2026-01-16,IND-RA,Non-government debt,High Risk,B-/A4,Downgraded,30.34,Y,True,156.0,WARM,True,SRI VENKATESWARA SPINTEX PVT. LTD.,"IND-RA NCD INC only — no CRISIL rating, ACER can be primary NCD rater"
Sri Vijaya Venkateswara Cotton Mills Pvt. Ltd.,2025-09-11,IND-RA,Non-government debt,High Risk,B-/A4,Reaffirmed,14.52,Y,True,283.0,HOT,True,SRI VIJAYA VENKATESWARA COTTON MILLS PVT. LTD.,"IND-RA NCD INC only — no CRISIL rating, ACER can be primary NCD rater"
Sriaranath Logistics Ltd.,2025-06-25,IND-RA,Non-government debt,Inadequate Safety,BB-/A4+,Downgraded,86.99,Y,True,361.0,HOT,True,SRIARANATH LOGISTICS LTD.,"IND-RA NCD INC only — no CRISIL rating, ACER can be primary NCD rater"
Srimunisuvrata Agri Intl. Ltd.,2026-03-04,IND-RA,Non-government debt,Default,D,Reaffirmed,544.0,Y,True,109.0,WARM,True,SRIMUNISUVRATA AGRI INTL. LTD.,"IND-RA NCD INC only — no CRISIL rating, ACER can be primary NCD rater"
Srinivas Infrastructure Pvt. Ltd.,2025-12-19,IND-RA,Non-government debt,High Risk,B/A4,Downgraded,17.0,Y,True,184.0,HOT,True,SRINIVAS INFRASTRUCTURE PVT. LTD.,"IND-RA NCD INC only — no CRISIL rating, ACER can be primary NCD rater"
Srinivasa Civil Works Pvt. Ltd.,2025-08-21,IND-RA,Non-government debt,Default,D,Reaffirmed,24.5,Y,True,304.0,HOT,True,SRINIVASA CIVIL WORKS PVT. LTD.,"IND-RA NCD INC only — no CRISIL rating, ACER can be primary NCD rater"
St. Mary'S Rubbers Pvt. Ltd.,2025-09-11,IND-RA,Non-government debt,High Risk,B-/A4,Downgraded,60.54,Y,True,283.0,HOT,True,ST. MARY'S RUBBERS PVT. LTD.,"IND-RA NCD INC only — no CRISIL rating, ACER can be primary NCD rater"
Standard Cartons Pvt. Ltd.,2025-11-24,IND-RA,Non-government debt,High Risk,B-/A4,Downgraded,6.34,Y,True,209.0,HOT,True,STANDARD CARTONS PVT. LTD.,"IND-RA NCD INC only — no CRISIL rating, ACER can be primary NCD rater"
Standard Infratech India Pvt. Ltd.,2025-10-27,IND-RA,Non-government debt,Inadequate Safety,BB/A4+,Downgraded,163.05,Y,True,237.0,HOT,True,STANDARD INFRATECH INDIA PVT. LTD.,"IND-RA NCD INC only — no CRISIL rating, ACER can be primary NCD rater"
Starwing Plastic & Chemicals Pvt. Ltd.,2026-04-02,IND-RA,Non-government debt,High Risk,B-/A4,Reaffirmed,15.0,Y,True,80.0,LOW,True,STARWING PLASTIC & CHEMICALS PVT. LTD.,"IND-RA NCD INC only — no CRISIL rating, ACER can be primary NCD rater"
Statcon Electronics India Ltd.,2025-08-21,IND-RA,Non-government debt,High Risk,B-/A4,Downgraded,18.02,Y,True,304.0,HOT,True,STATCON ELECTRONICS INDIA LTD.,"IND-RA NCD INC only — no CRISIL rating, ACER can be primary NCD rater"
Straddle Industries Pvt. Ltd.,2026-04-02,IND-RA,Non-government debt,High Risk,B-/A4,Reaffirmed,20.0,Y,True,80.0,LOW,True,STRADDLE INDUSTRIES PVT. LTD.,"IND-RA NCD INC only — no CRISIL rating, ACER can be primary NCD rater"
Style Marketing Pvt. Ltd.,2026-01-16,IND-RA,Non-government debt,High Risk,B-/A4,Downgraded,13.0,Y,True,156.0,WARM,True,STYLE MARKETING PVT. LTD.,"IND-RA NCD INC only — no CRISIL rating, ACER can be primary NCD rater"
Sudhakaran Nair Engg. Pvt. Ltd.,2025-08-21,IND-RA,Non-government debt,High Risk,B-/A4,Downgraded,12.6,Y,True,304.0,HOT,True,SUDHAKARAN NAIR ENGG. PVT. LTD.,"IND-RA NCD INC only — no CRISIL rating, ACER can be primary NCD rater"
Sun Steel Inds. Pvt. Ltd.,2026-01-16,IND-RA,Non-government debt,High Risk,B-/A4,Downgraded,17.5,Y,True,156.0,WARM,True,SUN STEEL INDS. PVT. LTD.,"IND-RA NCD INC only — no CRISIL rating, ACER can be primary NCD rater"
Sunrise Timply Co. Pvt. Ltd.,2025-12-19,IND-RA,Non-government debt,High Risk,B/A4,Downgraded,23.0,Y,True,184.0,HOT,True,SUNRISE TIMPLY CO. PVT. LTD.,"IND-RA NCD INC only — no CRISIL rating, ACER can be primary NCD rater"
Sunshine Vegetables Pvt. Ltd.,2025-09-11,IND-RA,Non-government debt,High Risk,B-/A4,Downgraded,6.59,Y,True,283.0,HOT,True,SUNSHINE VEGETABLES PVT. LTD.,"IND-RA NCD INC only — no CRISIL rating, ACER can be primary NCD rater"
Super Drilling Pvt. Ltd.,2025-09-11,IND-RA,Non-government debt,High Risk,B-/A4,Downgraded,8.0,Y,True,283.0,HOT,True,SUPER DRILLING PVT. LTD.,"IND-RA NCD INC only — no CRISIL rating, ACER can be primary NCD rater"
Super Hygiene Products Pvt. Ltd.,2026-01-16,IND-RA,Non-government debt,High Risk,B-/A4,Downgraded,25.0,Y,True,156.0,WARM,True,SUPER HYGIENE PRODUCTS PVT. LTD.,"IND-RA NCD INC only — no CRISIL rating, ACER can be primary NCD rater"
Superior Films Pvt. Ltd.,2025-12-19,IND-RA,Non-government debt,Inadequate Safety,BB+/A4+,Withdrawn,64.5,Y,True,184.0,HOT,True,SUPERIOR FILMS PVT. LTD.,"IND-RA NCD INC only — no CRISIL rating, ACER can be primary NCD rater"
Supertech Agrograins Pvt. Ltd.,2025-08-21,IND-RA,Non-government debt,High Risk,B-/A4,Downgraded,9.77,Y,True,304.0,HOT,True,SUPERTECH AGROGRAINS PVT. LTD.,"IND-RA NCD INC only — no CRISIL rating, ACER can be primary NCD rater"
Supreme Glazes Pvt. Ltd.,2026-01-16,IND-RA,Non-government debt,High Risk,B-/A4,Downgraded,11.0,Y,True,156.0,WARM,True,SUPREME GLAZES PVT. LTD.,"IND-RA NCD INC only — no CRISIL rating, ACER can be primary NCD rater"
Supreme Infrastructure India Ltd.,2025-11-24,IND-RA,Non-government debt,Default,D,Reaffirmed,1893.9,Y,True,209.0,HOT,True,SUPREME INFRASTRUCTURE INDIA LTD.,"IND-RA NCD INC only — no CRISIL rating, ACER can be primary NCD rater"
Survival Technologies Pvt. Ltd.,2025-08-21,IND-RA,Non-government debt,High Risk,B-/A4,Downgraded,52.31,Y,True,304.0,HOT,True,SURVIVAL TECHNOLOGIES PVT. LTD.,"IND-RA NCD INC only — no CRISIL rating, ACER can be primary NCD rater"
Surya Metalloys Pvt. Ltd.,2025-08-21,IND-RA,Non-government debt,High Risk,B-/A4,Reaffirmed,11.4,Y,True,304.0,HOT,True,SURYA METALLOYS PVT. LTD.,"IND-RA NCD INC only — no CRISIL rating, ACER can be primary NCD rater"
Svasca Industries (India) Ltd.,2025-08-21,IND-RA,Non-government debt,High Risk,B-/A4,Reaffirmed,29.0,Y,True,304.0,HOT,True,SVASCA INDUSTRIES (INDIA) LTD.,"IND-RA NCD INC only — no CRISIL rating, ACER can be primary NCD rater"
Swastik Pipe Ltd.,2026-01-22,IND-RA,Non-government debt,Default,D,Downgraded,171.81,Y,True,150.0,WARM,True,SWASTIK PIPE LTD.,"IND-RA NCD INC only — no CRISIL rating, ACER can be primary NCD rater"
T C Communication Pvt. Ltd.,2026-01-16,IND-RA,Non-government debt,High Risk,B-/A4,Reaffirmed,15.0,Y,True,156.0,WARM,True,T C COMMUNICATION PVT. LTD.,"IND-RA NCD INC only — no CRISIL rating, ACER can be primary NCD rater"
T P Buildtech Pvt. Ltd.,2025-08-21,IND-RA,Non-government debt,High Risk,B-/A4,Reaffirmed,9.0,Y,True,304.0,HOT,True,T P BUILDTECH PVT. LTD.,"IND-RA NCD INC only — no CRISIL rating, ACER can be primary NCD rater"
Tashkent Oil Co. Pvt. Ltd.,2026-01-16,IND-RA,Non-government debt,High Risk,B/A4,Downgraded,9.0,Y,True,156.0,WARM,True,TASHKENT OIL CO. PVT. LTD.,"IND-RA NCD INC only — no CRISIL rating, ACER can be primary NCD rater"
Tatwa Technologies Ltd.,2025-08-21,IND-RA,Non-government debt,High Risk,B-/A4,Reaffirmed,4.0,Y,True,304.0,HOT,True,TATWA TECHNOLOGIES LTD.,"IND-RA NCD INC only — no CRISIL rating, ACER can be primary NCD rater"
Technosys Security Systems Pvt. Ltd.,2026-02-27,IND-RA,Non-government debt,High Risk,B+/A4,Downgraded,155.0,Y,True,114.0,WARM,True,TECHNOSYS SECURITY SYSTEMS PVT. LTD.,"IND-RA NCD INC only — no CRISIL rating, ACER can be primary NCD rater"
Tejas Constructions & Infrastructure Pvt. Ltd.,2025-11-24,IND-RA,Non-government debt,Default,D,Reaffirmed,103.0,Y,True,209.0,HOT,True,TEJAS CONSTRUCTIONS & INFRASTRUCTURE PVT. LTD.,"IND-RA NCD INC only — no CRISIL rating, ACER can be primary NCD rater"
Texaco Synthetics Pvt. Ltd.,2026-04-02,IND-RA,Non-government debt,High Risk,B-/A4,Downgraded,18.14,Y,True,80.0,LOW,True,TEXACO SYNTHETICS PVT. LTD.,"IND-RA NCD INC only — no CRISIL rating, ACER can be primary NCD rater"
Thane Steels Ltd.,2025-08-21,IND-RA,Non-government debt,High Risk,B-/A4,Downgraded,27.07,Y,True,304.0,HOT,True,THANE STEELS LTD.,"IND-RA NCD INC only — no CRISIL rating, ACER can be primary NCD rater"
Torque Automotive Pvt. Ltd.,2026-01-16,IND-RA,Non-government debt,Default,D,Reaffirmed,38.0,Y,True,156.0,WARM,True,TORQUE AUTOMOTIVE PVT. LTD.,"IND-RA NCD INC only — no CRISIL rating, ACER can be primary NCD rater"
Tradohub B2B Ltd.,2025-08-21,IND-RA,Non-government debt,Default,D,Reaffirmed,12.0,Y,True,304.0,HOT,True,TRADOHUB B2B LTD.,"IND-RA NCD INC only — no CRISIL rating, ACER can be primary NCD rater"
Transglobal Power Ltd.,2025-08-21,IND-RA,Non-government debt,High Risk,B+/A4,Downgraded,150.0,Y,True,304.0,HOT,True,TRANSGLOBAL POWER LTD.,"IND-RA NCD INC only — no CRISIL rating, ACER can be primary NCD rater"
Trident Auto Components Pvt. Ltd.,2025-09-11,IND-RA,Non-government debt,High Risk,B/A4,Downgraded,24.5,Y,True,283.0,HOT,True,TRIDENT AUTO COMPONENTS PVT. LTD.,"IND-RA NCD INC only — no CRISIL rating, ACER can be primary NCD rater"
Trident Fabricators Pvt. Ltd.,2026-01-16,IND-RA,Non-government debt,High Risk,B-/A4,Downgraded,9.95,Y,True,156.0,WARM,True,TRIDENT FABRICATORS PVT. LTD.,"IND-RA NCD INC only — no CRISIL rating, ACER can be primary NCD rater"
Tridev Resins (India) Pvt. Ltd.,2025-08-21,IND-RA,Non-government debt,High Risk,B-/A4,Downgraded,8.8,Y,True,304.0,HOT,True,TRIDEV RESINS (INDIA) PVT. LTD.,"IND-RA NCD INC only — no CRISIL rating, ACER can be primary NCD rater"
Trinity India Forgetech Pvt. Ltd.,2025-09-11,IND-RA,Non-government debt,High Risk,B/A4,Downgraded,20.0,Y,True,283.0,HOT,True,TRINITY INDIA FORGETECH PVT. LTD.,"IND-RA NCD INC only — no CRISIL rating, ACER can be primary NCD rater"
Ultima Switchgears Ltd.,2026-01-16,IND-RA,Non-government debt,High Risk,B-/A4,Downgraded,15.5,Y,True,156.0,WARM,True,ULTIMA SWITCHGEARS LTD.,"IND-RA NCD INC only — no CRISIL rating, ACER can be primary NCD rater"
Unicon Technology Intl. Pvt. Ltd.,2026-01-16,IND-RA,Non-government debt,High Risk,B-/A4,Downgraded,14.04,Y,True,156.0,WARM,True,UNICON TECHNOLOGY INTL. PVT. LTD.,"IND-RA NCD INC only — no CRISIL rating, ACER can be primary NCD rater"
Ushdev International Ltd.,2026-03-04,IND-RA,Non-government debt,Default,D,Reaffirmed,2550.0,Y,True,109.0,WARM,True,USHDEV INTERNATIONAL LTD.,"IND-RA NCD INC only — no CRISIL rating, ACER can be primary NCD rater"
V M Apparels Pvt. Ltd.,2025-09-11,IND-RA,Non-government debt,High Risk,B-/A4,Reaffirmed,22.77,Y,True,283.0,HOT,True,V M APPARELS PVT. LTD.,"IND-RA NCD INC only — no CRISIL rating, ACER can be primary NCD rater"
V N K C Agrocom Pvt. Ltd.,2025-08-21,IND-RA,Non-government debt,Default,D,Reaffirmed,41.0,Y,True,304.0,HOT,True,V N K C AGROCOM PVT. LTD.,"IND-RA NCD INC only — no CRISIL rating, ACER can be primary NCD rater"
V R S Foods Ltd.,2025-05-26,IND-RA,Non-government debt,Moderate Safety,BBB/A3+,Withdrawn,7.0,Y,True,391.0,ULTRA HOT,True,V R S FOODS LTD.,"IND-RA NCD INC only — no CRISIL rating, ACER can be primary NCD rater"
V S Metallic Pvt. Ltd.,2026-01-16,IND-RA,Non-government debt,Default,D,Reaffirmed,20.0,Y,True,156.0,WARM,True,V S METALLIC PVT. LTD.,"IND-RA NCD INC only — no CRISIL rating, ACER can be primary NCD rater"
Vajrateja Rice Cluster Pvt. Ltd.,2026-04-02,IND-RA,Non-government debt,High Risk,B/A4,Downgraded,105.44,Y,True,80.0,LOW,True,VAJRATEJA RICE CLUSTER PVT. LTD.,"IND-RA NCD INC only — no CRISIL rating, ACER can be primary NCD rater"
Ved Cellulose Ltd.,2026-04-02,IND-RA,Non-government debt,Substantial Risk,C/A4,Reaffirmed,24.23,Y,True,80.0,LOW,True,VED CELLULOSE LTD.,"IND-RA NCD INC only — no CRISIL rating, ACER can be primary NCD rater"
Velaven Polymers Pvt. Ltd.,2026-01-16,IND-RA,Non-government debt,Default,D,Reaffirmed,19.9,Y,True,156.0,WARM,True,VELAVEN POLYMERS PVT. LTD.,"IND-RA NCD INC only — no CRISIL rating, ACER can be primary NCD rater"
Victory Spinning Mills Pvt. Ltd.,2025-09-11,IND-RA,Non-government debt,High Risk,B-/A4,Downgraded,48.97,Y,True,283.0,HOT,True,VICTORY SPINNING MILLS PVT. LTD.,"IND-RA NCD INC only — no CRISIL rating, ACER can be primary NCD rater"
Vijai Construction (India) Pvt. Ltd.,2026-02-27,IND-RA,Non-government debt,High Risk,B/A4,Withdrawn,52.0,Y,True,114.0,WARM,True,VIJAI CONSTRUCTION (INDIA) PVT. LTD.,"IND-RA NCD INC only — no CRISIL rating, ACER can be primary NCD rater"
Vijay Engineering Equipment India Pvt. Ltd.,2026-01-16,IND-RA,Non-government debt,High Risk,B-/A4,Reaffirmed,17.92,Y,True,156.0,WARM,True,VIJAY ENGINEERING EQUIPMENT INDIA PVT. LTD.,"IND-RA NCD INC only — no CRISIL rating, ACER can be primary NCD rater"
Vijay Jindal Builders Pvt. Ltd.,2026-04-02,IND-RA,Non-government debt,High Risk,B/A4,Downgraded,6.0,Y,True,80.0,LOW,True,VIJAY JINDAL BUILDERS PVT. LTD.,"IND-RA NCD INC only — no CRISIL rating, ACER can be primary NCD rater"
Vijay Sheets & Strips Pvt. Ltd.,2026-04-02,IND-RA,Non-government debt,High Risk,B-/A4,Downgraded,40.0,Y,True,80.0,LOW,True,VIJAY SHEETS & STRIPS PVT. LTD.,"IND-RA NCD INC only — no CRISIL rating, ACER can be primary NCD rater"
Vijay Velavan Spinning Mills Pvt. Ltd.,2025-08-21,IND-RA,Non-government debt,High Risk,B-/A4,Downgraded,18.45,Y,True,304.0,HOT,True,VIJAY VELAVAN SPINNING MILLS PVT. LTD.,"IND-RA NCD INC only — no CRISIL rating, ACER can be primary NCD rater"
Vipul Organics Ltd.,2026-03-25,IND-RA,Non-government debt,High Risk,B/A4,Withdrawn,37.15,Y,True,88.0,LOW,True,VIPUL ORGANICS LTD.,"IND-RA NCD INC only — no CRISIL rating, ACER can be primary NCD rater"
Vishrambhai Gorasia Construction Pvt. Ltd.,2026-04-02,IND-RA,Non-government debt,High Risk,B-/A4,Downgraded,7.98,Y,True,80.0,LOW,True,VISHRAMBHAI GORASIA CONSTRUCTION PVT. LTD.,"IND-RA NCD INC only — no CRISIL rating, ACER can be primary NCD rater"
Vivaana Designers Pvt. Ltd.,2026-01-16,IND-RA,Non-government debt,Default,D,Reaffirmed,8.4,Y,True,156.0,WARM,True,VIVAANA DESIGNERS PVT. LTD.,"IND-RA NCD INC only — no CRISIL rating, ACER can be primary NCD rater"
Y K M Entertainment & Hotels Pvt. Ltd.,2025-08-21,IND-RA,Non-government debt,Default,D,Reaffirmed,138.7,Y,True,304.0,HOT,True,Y K M ENTERTAINMENT & HOTELS PVT. LTD.,"IND-RA NCD INC only — no CRISIL rating, ACER can be primary NCD rater"
Yamuna Cable Accessories Pvt. Ltd.,2026-04-02,IND-RA,Non-government debt,High Risk,B/A4,Downgraded,16.82,Y,True,80.0,LOW,True,YAMUNA CABLE ACCESSORIES PVT. LTD.,"IND-RA NCD INC only — no CRISIL rating, ACER can be primary NCD rater"
Yamuna Machine Works Ltd.,2025-08-21,IND-RA,Non-government debt,High Risk,B-/A4,Downgraded,11.43,Y,True,304.0,HOT,True,YAMUNA MACHINE WORKS LTD.,"IND-RA NCD INC only — no CRISIL rating, ACER can be primary NCD rater"
Yashasvi Yarns Ltd.,2025-08-21,IND-RA,Non-government debt,Default,D,Reaffirmed,105.54,Y,True,304.0,HOT,True,YASHASVI YARNS LTD.,"IND-RA NCD INC only — no CRISIL rating, ACER can be primary NCD rater"
Yug International Pvt. Ltd.,2025-09-11,IND-RA,Non-government debt,High Risk,B/A4,Downgraded,58.65,Y,True,283.0,HOT,True,YUG INTERNATIONAL PVT. LTD.,"IND-RA NCD INC only — no CRISIL rating, ACER can be primary NCD rater"
Zee Knits & Weaves Pvt. Ltd.,2025-08-21,IND-RA,Non-government debt,Default,D,Reaffirmed,15.4,Y,True,304.0,HOT,True,ZEE KNITS & WEAVES PVT. LTD.,"IND-RA NCD INC only — no CRISIL rating, ACER can be primary NCD rater"
Zen Shipping & Ports India Pvt. Ltd.,2026-04-02,IND-RA,Non-government debt,High Risk,B-/A4,Downgraded,35.3,Y,True,80.0,LOW,True,ZEN SHIPPING & PORTS INDIA PVT. LTD.,"IND-RA NCD INC only — no CRISIL rating, ACER can be primary NCD rater"
Zenith Apex Pvt. Ltd.,2025-09-11,IND-RA,Non-government debt,High Risk,B-/A4,Downgraded,22.5,Y,True,283.0,HOT,True,ZENITH APEX PVT. LTD.,"IND-RA NCD INC only — no CRISIL rating, ACER can be primary NCD rater"
