Company Name,Instrument Type,Current Rater,Rating,Rating Date,Urgency,INC,Sector,Why Target,ACER Pitch Angle
Shree Sidhbali Industries Ltd.,Non-government debt,BRICKWORK,B/A4,06-05-2025,HIGH,Y,Manufacturing,INC with BRICKWORK — not cooperating; switch needed,"INC blocks bank financing; ACER vs BRICKWORK: faster, more responsive, India-focused"
Devrishi Papers Pvt. Ltd.,Term loans,BRICKWORK,C,06-05-2025,HIGH,Y,Manufacturing,INC with BRICKWORK — not cooperating; switch needed,"INC blocks bank financing; ACER vs BRICKWORK: faster, more responsive, India-focused"
Northern Electric Cables Pvt. Ltd.,Fund based financial facility/instrument,CARE,B-,06-05-2025,HIGH,Y,Manufacturing,INC with CARE — not cooperating; switch needed,"INC blocks bank financing; ACER vs CARE: faster, more responsive, India-focused"
Nexo Industries Pvt. Ltd.,Letter Of credit,CARE,A 4,06-05-2025,HIGH,Y,Manufacturing,INC with CARE — not cooperating; switch needed,"INC blocks bank financing; ACER vs CARE: faster, more responsive, India-focused"
Best Koki Automotive Pvt. Ltd.,Long term Loans,ACUITE,BB+,06-05-2025,HIGH,Y,Manufacturing,INC with ACUITE — not cooperating; switch needed,"INC blocks bank financing; ACER vs ACUITE: faster, more responsive, India-focused"
Hillman Hosiery Mills Private Limited,Long Term Bank Facilities,Infomerics,IVR B- (INC)(Downgraded),"May 8, 2025",HIGH,Y,Manufacturing,INC with Infomerics — not cooperating; switch to ACER,INC status blocks bank facilities; ACER can restart rating process in 2-3 weeks
Rubber King Tyre Pvt. Ltd.,Letter Of credit,CRISIL,A 4+,06-05-2025,HIGH,Y,Manufacturing,INC with CRISIL — not cooperating; switch needed,"INC blocks bank financing; ACER vs CRISIL: faster, more responsive, India-focused"
Modern Automotives Ltd.,Bank Guarantee,BRICKWORK,A 4,07-05-2025,HIGH,Y,Manufacturing,INC with BRICKWORK — not cooperating; switch needed,"INC blocks bank financing; ACER vs BRICKWORK: faster, more responsive, India-focused"
Meru Automobiles Pvt. Ltd.,Fund based financial facility/instrument,BRICKWORK,C,07-05-2025,HIGH,Y,Manufacturing,INC with BRICKWORK — not cooperating; switch needed,"INC blocks bank financing; ACER vs BRICKWORK: faster, more responsive, India-focused"
Induss Food Products & Equipments Ltd.,Fund based financial facility/instrument,CRISIL,BB+,08-05-2025,HIGH,Y,Manufacturing,INC with CRISIL — not cooperating; switch needed,"INC blocks bank financing; ACER vs CRISIL: faster, more responsive, India-focused"
HMA Agro Industries Limited,Long Term Bank Facilities,Infomerics,IVR BBB+ (INC)(Reaffirmed and Withdrawn),"June 19, 2023",HIGH,Y,Manufacturing,INC with Infomerics — not cooperating; switch to ACER,INC status blocks bank facilities; ACER can restart rating process in 2-3 weeks
Anusaya Poly Products Industries,Long Term Bank Facilities,Infomerics,IVR C+ (INC)(Downgraded),"April 1, 2025",HIGH,Y,Manufacturing,INC with Infomerics — not cooperating; switch to ACER,INC status blocks bank facilities; ACER can restart rating process in 2-3 weeks
Finolite Ceramic,Long Term Bank Facilities,Infomerics,IVR C- (INC)(Downgraded),"May 19, 2025",HIGH,Y,Manufacturing,INC with Infomerics — not cooperating; switch to ACER,INC status blocks bank facilities; ACER can restart rating process in 2-3 weeks
Finolite Ceramic,Short Term Bank Facilities,Infomerics,IVR A4 (INC)(Reaffirmed),"May 19, 2025",HIGH,Y,Manufacturing,INC with Infomerics — not cooperating; switch to ACER,INC status blocks bank facilities; ACER can restart rating process in 2-3 weeks
HMA Agro Industries Limited,Long Term Bank Facilities,Infomerics,IVR BBB+ (INC)(Reaffirmed and Withdrawn),"June 19, 2023",HIGH,Y,Manufacturing,INC with Infomerics — not cooperating; switch to ACER,INC status blocks bank facilities; ACER can restart rating process in 2-3 weeks
Anusaya Poly Products Industries,Long Term Bank Facilities,Infomerics,IVR C+ (INC)(Downgraded),"April 1, 2025",HIGH,Y,Manufacturing,INC with Infomerics — not cooperating; switch to ACER,INC status blocks bank facilities; ACER can restart rating process in 2-3 weeks
NRC Industries Limited,Long Term Bank Facilities,Infomerics,IVR B+ (INC)(Downgraded),"May 5, 2025",HIGH,Y,Manufacturing,INC with Infomerics — not cooperating; switch to ACER,INC status blocks bank facilities; ACER can restart rating process in 2-3 weeks
NRC Industries Limited,Short Term Bank Facilities,Infomerics,IVR A4 (INC)(Reaffirmed),"May 5, 2025",HIGH,Y,Manufacturing,INC with Infomerics — not cooperating; switch to ACER,INC status blocks bank facilities; ACER can restart rating process in 2-3 weeks
Manaksia Coated Metals & Industries Limited,Long Term Bank Facilities,Infomerics,IVR BB+ (INC)(Reaffirmed and Withdrawn),"April 18, 2023",HIGH,Y,Manufacturing,INC with Infomerics — not cooperating; switch to ACER,INC status blocks bank facilities; ACER can restart rating process in 2-3 weeks
Moksha Thermoplastics Private Limited,Long Term Facilities,Infomerics,IVR B+ (INC)(Downgraded),"March 6, 2025",HIGH,Y,Manufacturing,INC with Infomerics — not cooperating; switch to ACER,INC status blocks bank facilities; ACER can restart rating process in 2-3 weeks
Moksha Thermoplastics Private Limited,Short Term Facilities,Infomerics,IVR A4 (INC)(Reaffirmed),"March 6, 2025",HIGH,Y,Manufacturing,INC with Infomerics — not cooperating; switch to ACER,INC status blocks bank facilities; ACER can restart rating process in 2-3 weeks
Kataria Automobiles Private Limited (KAPL),Long Term Fund based facilities - Cash Credit,Infomerics,IVR BB (INC)(Reaffirmed and Withdrawn),"February 10, 2023",HIGH,Y,Manufacturing,INC with Infomerics — not cooperating; switch to ACER,INC status blocks bank facilities; ACER can restart rating process in 2-3 weeks
Kataria Automobiles Private Limited (KAPL),Long Term Fund based facilities - Term Loan,Infomerics,IVR BB (INC)(Reaffirmed and Withdrawn),"February 10, 2023",HIGH,Y,Manufacturing,INC with Infomerics — not cooperating; switch to ACER,INC status blocks bank facilities; ACER can restart rating process in 2-3 weeks
Kataria Automobiles Private Limited (KAPL),Short Term Fund based facilities - Bank Guarantee,Infomerics,IVR A4 (INC)(Reaffirmed and Withdrawn),"February 10, 2023",HIGH,Y,Manufacturing,INC with Infomerics — not cooperating; switch to ACER,INC status blocks bank facilities; ACER can restart rating process in 2-3 weeks
M. M. Industries,Long Term Facilities,Infomerics,IVR C+ (INC)(Downgraded),"January 27, 2025",HIGH,Y,Manufacturing,INC with Infomerics — not cooperating; switch to ACER,INC status blocks bank facilities; ACER can restart rating process in 2-3 weeks
M. M. Industries,Short Term Facilities,Infomerics,IVR A4 (INC)(Reaffirmed),"January 27, 2025",HIGH,Y,Manufacturing,INC with Infomerics — not cooperating; switch to ACER,INC status blocks bank facilities; ACER can restart rating process in 2-3 weeks
NS Engineering Company Private Limited,Long Term Bank Facility,Infomerics,IVR B+ (INC)(Downgraded),"January 6, 2025",HIGH,Y,Manufacturing,INC with Infomerics — not cooperating; switch to ACER,INC status blocks bank facilities; ACER can restart rating process in 2-3 weeks
NS Engineering Company Private Limited,Short Term Bank Facilities,Infomerics,IVR A4 (INC)(Reaffirmed),"January 6, 2025",HIGH,Y,Manufacturing,INC with Infomerics — not cooperating; switch to ACER,INC status blocks bank facilities; ACER can restart rating process in 2-3 weeks
Peaton Electrical Co. Ltd.,Bank Guarantee,CRISIL,A 4,30-05-2025,HIGH,Y,Manufacturing,INC with CRISIL — not cooperating; switch needed,"INC blocks bank financing; ACER vs CRISIL: faster, more responsive, India-focused"
Industrial Progressive (India) Ltd.,Term loans,CARE,D,30-05-2025,HIGH,Y,Manufacturing,INC with CARE — not cooperating; switch needed,"INC blocks bank financing; ACER vs CARE: faster, more responsive, India-focused"
Podder & Podder (Equipment & Project) Pvt. Ltd.,Fund based financial facility/instrument,CRISIL,A 4,30-05-2025,HIGH,Y,Manufacturing,INC with CRISIL — not cooperating; switch needed,"INC blocks bank financing; ACER vs CRISIL: faster, more responsive, India-focused"
R Q S Engineering Pvt. Ltd.,Long term Loans,CRISIL,B,29-05-2025,HIGH,Y,Manufacturing,INC with CRISIL — not cooperating; switch needed,"INC blocks bank financing; ACER vs CRISIL: faster, more responsive, India-focused"
Rupal Plastics Pvt. Ltd.,Letter Of credit,CRISIL,A 4,29-05-2025,HIGH,Y,Manufacturing,INC with CRISIL — not cooperating; switch needed,"INC blocks bank financing; ACER vs CRISIL: faster, more responsive, India-focused"
Bhadora Industries Ltd.,Bank Guarantee,CRISIL,A 4,29-05-2025,HIGH,Y,Manufacturing,INC with CRISIL — not cooperating; switch needed,"INC blocks bank financing; ACER vs CRISIL: faster, more responsive, India-focused"
Gujarat Pickers Industries Ltd.,Non-fund-based financial facility/instrument,CRISIL,A 4+,29-05-2025,HIGH,Y,Manufacturing,INC with CRISIL — not cooperating; switch needed,"INC blocks bank financing; ACER vs CRISIL: faster, more responsive, India-focused"
Venus Garments (India) Ltd.,Term loans,CRISIL,D,29-05-2025,HIGH,Y,Manufacturing,INC with CRISIL — not cooperating; switch needed,"INC blocks bank financing; ACER vs CRISIL: faster, more responsive, India-focused"
A S Wire Inds. (V S P) Pvt. Ltd.,Term loans,BRICKWORK,C,29-05-2025,HIGH,Y,Manufacturing,INC with BRICKWORK — not cooperating; switch needed,"INC blocks bank financing; ACER vs BRICKWORK: faster, more responsive, India-focused"
Omsairam Steels & Alloys Pvt. Ltd.,Letter Of credit,CARE,A 4,29-05-2025,HIGH,Y,Manufacturing,INC with CARE — not cooperating; switch needed,"INC blocks bank financing; ACER vs CARE: faster, more responsive, India-focused"
Benara Bearings & Pistons Ltd.,Bank Guarantee,CARE,D,29-05-2025,HIGH,Y,Manufacturing,INC with CARE — not cooperating; switch needed,"INC blocks bank financing; ACER vs CARE: faster, more responsive, India-focused"
Metstar Industries Pvt. Ltd.,Term loans,BRICKWORK,C,28-05-2025,HIGH,Y,Manufacturing,INC with BRICKWORK — not cooperating; switch needed,"INC blocks bank financing; ACER vs BRICKWORK: faster, more responsive, India-focused"
Vipul Industries Pvt. Ltd.,Term loans,ICRA,B+,28-05-2025,HIGH,Y,Manufacturing,INC with ICRA — not cooperating; switch needed,"INC blocks bank financing; ACER vs ICRA: faster, more responsive, India-focused"
Vamshi Motors Pvt. Ltd.,Bank Guarantee,CRISIL,A 4,27-05-2025,HIGH,Y,Manufacturing,INC with CRISIL — not cooperating; switch needed,"INC blocks bank financing; ACER vs CRISIL: faster, more responsive, India-focused"
Amazing Rubber Products Pvt. Ltd.,Long term Loans,CRISIL,BB,27-05-2025,HIGH,Y,Manufacturing,INC with CRISIL — not cooperating; switch needed,"INC blocks bank financing; ACER vs CRISIL: faster, more responsive, India-focused"
Shri Mangalam Auto Pvt. Ltd.,Term loans,CRISIL,BB,27-05-2025,HIGH,Y,Manufacturing,INC with CRISIL — not cooperating; switch needed,"INC blocks bank financing; ACER vs CRISIL: faster, more responsive, India-focused"
Universal Auto Components Pvt. Ltd.,Term loans,BRICKWORK,D,27-05-2025,HIGH,Y,Manufacturing,INC with BRICKWORK — not cooperating; switch needed,"INC blocks bank financing; ACER vs BRICKWORK: faster, more responsive, India-focused"
Vesta Equipment Pvt. Ltd.,Term loans,CARE,D,26-05-2025,HIGH,Y,Manufacturing,INC with CARE — not cooperating; switch needed,"INC blocks bank financing; ACER vs CARE: faster, more responsive, India-focused"
Speedofer Components Pvt. Ltd.,Letter Of credit,CRISIL,B-,26-05-2025,HIGH,Y,Manufacturing,INC with CRISIL — not cooperating; switch needed,"INC blocks bank financing; ACER vs CRISIL: faster, more responsive, India-focused"
Aurionpro Toshi Automatic Systems Pvt. Ltd.,Letter Of credit,BRICKWORK,A 4,23-05-2025,HIGH,Y,Manufacturing,INC with BRICKWORK — not cooperating; switch needed,"INC blocks bank financing; ACER vs BRICKWORK: faster, more responsive, India-focused"
Samriddhi Automations Pvt. Ltd.,Letter Of credit,CRISIL,A 4+,23-05-2025,HIGH,Y,Manufacturing,INC with CRISIL — not cooperating; switch needed,"INC blocks bank financing; ACER vs CRISIL: faster, more responsive, India-focused"
Hitaishi K K Mfg. Co. Pvt. Ltd.,Term loans,ACUITE,D,23-05-2025,HIGH,Y,Manufacturing,INC with ACUITE — not cooperating; switch needed,"INC blocks bank financing; ACER vs ACUITE: faster, more responsive, India-focused"
Astec Valves & Fittings Pvt. Ltd.,Term loans,BRICKWORK,C,23-05-2025,HIGH,Y,Manufacturing,INC with BRICKWORK — not cooperating; switch needed,"INC blocks bank financing; ACER vs BRICKWORK: faster, more responsive, India-focused"
Sandeep Motors Pvt. Ltd.,Term loans,BRICKWORK,C,23-05-2025,HIGH,Y,Manufacturing,INC with BRICKWORK — not cooperating; switch needed,"INC blocks bank financing; ACER vs BRICKWORK: faster, more responsive, India-focused"
Genus Paper & Coke Ltd.,Term loans,CARE,BB,23-05-2025,HIGH,Y,Manufacturing,INC with CARE — not cooperating; switch needed,"INC blocks bank financing; ACER vs CARE: faster, more responsive, India-focused"
G I Industries Pvt. Ltd.,Letter Of credit,BRICKWORK,D,23-05-2025,HIGH,Y,Manufacturing,INC with BRICKWORK — not cooperating; switch needed,"INC blocks bank financing; ACER vs BRICKWORK: faster, more responsive, India-focused"
Rajamane Industries Pvt. Ltd.,Term loans,CARE,B-,23-05-2025,HIGH,Y,Manufacturing,INC with CARE — not cooperating; switch needed,"INC blocks bank financing; ACER vs CARE: faster, more responsive, India-focused"
Shah Paperplast Inds. Ltd.,Term loans,ACUITE,D,23-05-2025,HIGH,Y,Manufacturing,INC with ACUITE — not cooperating; switch needed,"INC blocks bank financing; ACER vs ACUITE: faster, more responsive, India-focused"
Trident Automobiles Pvt. Ltd.,Fund based financial facility/instrument,BRICKWORK,B-,22-05-2025,HIGH,Y,Manufacturing,INC with BRICKWORK — not cooperating; switch needed,"INC blocks bank financing; ACER vs BRICKWORK: faster, more responsive, India-focused"
Mahakali Motors Pvt. Ltd.,Fund based financial facility/instrument,BRICKWORK,C,22-05-2025,HIGH,Y,Manufacturing,INC with BRICKWORK — not cooperating; switch needed,"INC blocks bank financing; ACER vs BRICKWORK: faster, more responsive, India-focused"
Alstone Industries Pvt. Ltd.,Term loans,CRISIL,B,22-05-2025,HIGH,Y,Manufacturing,INC with CRISIL — not cooperating; switch needed,"INC blocks bank financing; ACER vs CRISIL: faster, more responsive, India-focused"
A Auto Movers Pvt. Ltd.,Fund based financial facility/instrument,CRISIL,B,22-05-2025,HIGH,Y,Manufacturing,INC with CRISIL — not cooperating; switch needed,"INC blocks bank financing; ACER vs CRISIL: faster, more responsive, India-focused"
Chadha Papers Limited,Long Term Bank Facilities,Infomerics,IVR BB (INC)(Downgraded),"March 3, 2025",HIGH,Y,Manufacturing,INC with Infomerics — not cooperating; switch to ACER,INC status blocks bank facilities; ACER can restart rating process in 2-3 weeks
Chadha Papers Limited,Short Term Bank Facilities,Infomerics,IVR A4 (INC)(Downgraded),"March 3, 2025",HIGH,Y,Manufacturing,INC with Infomerics — not cooperating; switch to ACER,INC status blocks bank facilities; ACER can restart rating process in 2-3 weeks
G K Plastics Pvt. Ltd.,Bank Guarantee,CRISIL,A 4,12-06-2025,HIGH,Y,Manufacturing,INC with CRISIL — not cooperating; switch needed,"INC blocks bank financing; ACER vs CRISIL: faster, more responsive, India-focused"
Shonan Engineering Works Pvt. Ltd.,Term loans,CARE,B-,11-06-2025,HIGH,Y,Manufacturing,INC with CARE — not cooperating; switch needed,"INC blocks bank financing; ACER vs CARE: faster, more responsive, India-focused"
Pharmachem Industries (Gujarat) Pvt. Ltd.,Long term Loans,ACUITE,B+,11-06-2025,HIGH,Y,Manufacturing,INC with ACUITE — not cooperating; switch needed,"INC blocks bank financing; ACER vs ACUITE: faster, more responsive, India-focused"
Shree Nageshwar Papers Ltd.,Term loans,BRICKWORK,C,11-06-2025,HIGH,Y,Manufacturing,INC with BRICKWORK — not cooperating; switch needed,"INC blocks bank financing; ACER vs BRICKWORK: faster, more responsive, India-focused"
Revankar Motors Pvt. Ltd.,Term loans,BRICKWORK,C,10-06-2025,HIGH,Y,Manufacturing,INC with BRICKWORK — not cooperating; switch needed,"INC blocks bank financing; ACER vs BRICKWORK: faster, more responsive, India-focused"
Sangal Papers Ltd.,Letter Of credit,BRICKWORK,A 4,10-06-2025,HIGH,Y,Manufacturing,INC with BRICKWORK — not cooperating; switch needed,"INC blocks bank financing; ACER vs BRICKWORK: faster, more responsive, India-focused"
Digiana Industries Pvt. Ltd.,Bank Guarantee,BRICKWORK,A 4,10-06-2025,HIGH,Y,Manufacturing,INC with BRICKWORK — not cooperating; switch needed,"INC blocks bank financing; ACER vs BRICKWORK: faster, more responsive, India-focused"
Patwari Electricals Pvt. Ltd.,Non-government debt,CARE,C/A4,10-06-2025,HIGH,Y,Manufacturing,INC with CARE — not cooperating; switch needed,"INC blocks bank financing; ACER vs CARE: faster, more responsive, India-focused"
Suyash Kraft & Papers Pvt. Ltd.,Term loans,BRICKWORK,C,10-06-2025,HIGH,Y,Manufacturing,INC with BRICKWORK — not cooperating; switch needed,"INC blocks bank financing; ACER vs BRICKWORK: faster, more responsive, India-focused"
Debson Pumps Pvt. Ltd.,Bank Guarantee,CRISIL,A 4,10-06-2025,HIGH,Y,Manufacturing,INC with CRISIL — not cooperating; switch needed,"INC blocks bank financing; ACER vs CRISIL: faster, more responsive, India-focused"
Rajyalakshmi Coated Wires Pvt. Ltd.,Letter Of credit,BRICKWORK,A 4,10-06-2025,HIGH,Y,Manufacturing,INC with BRICKWORK — not cooperating; switch needed,"INC blocks bank financing; ACER vs BRICKWORK: faster, more responsive, India-focused"
Rajsriya Automotive Inds. Pvt. Ltd.,Term loans,BRICKWORK,C,09-06-2025,HIGH,Y,Manufacturing,INC with BRICKWORK — not cooperating; switch needed,"INC blocks bank financing; ACER vs BRICKWORK: faster, more responsive, India-focused"
Bharat Motors Ltd.,Term loans,CRISIL,D,09-06-2025,HIGH,Y,Manufacturing,INC with CRISIL — not cooperating; switch needed,"INC blocks bank financing; ACER vs CRISIL: faster, more responsive, India-focused"
Divine Motors Pvt. Ltd.,Term loans,BRICKWORK,B+,09-06-2025,HIGH,Y,Manufacturing,INC with BRICKWORK — not cooperating; switch needed,"INC blocks bank financing; ACER vs BRICKWORK: faster, more responsive, India-focused"
Fex Foundry Alloys Pvt. Ltd.,Letter Of credit,CRISIL,A 4+,09-06-2025,HIGH,Y,Manufacturing,INC with CRISIL — not cooperating; switch needed,"INC blocks bank financing; ACER vs CRISIL: faster, more responsive, India-focused"
Deccan Ferro Alloys Pvt. Ltd.,Letter Of credit,ACUITE,A 4+,06-06-2025,HIGH,Y,Manufacturing,INC with ACUITE — not cooperating; switch needed,"INC blocks bank financing; ACER vs ACUITE: faster, more responsive, India-focused"
Ramabhadra Industries Pvt. Ltd.,Long term Loans,CRISIL,BB+,06-06-2025,HIGH,Y,Manufacturing,INC with CRISIL — not cooperating; switch needed,"INC blocks bank financing; ACER vs CRISIL: faster, more responsive, India-focused"
Sarup Industries Ltd.,Term loans,BRICKWORK,C,05-06-2025,HIGH,Y,Manufacturing,INC with BRICKWORK — not cooperating; switch needed,"INC blocks bank financing; ACER vs BRICKWORK: faster, more responsive, India-focused"
Mynah Industries Ltd.,Term loans,BRICKWORK,D,05-06-2025,HIGH,Y,Manufacturing,INC with BRICKWORK — not cooperating; switch needed,"INC blocks bank financing; ACER vs BRICKWORK: faster, more responsive, India-focused"
Alpine Apparels Pvt. Ltd.,Term loans,ACUITE,B,05-06-2025,HIGH,Y,Manufacturing,INC with ACUITE — not cooperating; switch needed,"INC blocks bank financing; ACER vs ACUITE: faster, more responsive, India-focused"
Nuchem Dyestuffs Pvt. Ltd.,Letter Of credit,BRICKWORK,A 4,04-06-2025,HIGH,Y,Manufacturing,INC with BRICKWORK — not cooperating; switch needed,"INC blocks bank financing; ACER vs BRICKWORK: faster, more responsive, India-focused"
Jayatma Industries Ltd.,Non-government debt,CARE,C/A4,03-06-2025,HIGH,Y,Manufacturing,INC with CARE — not cooperating; switch needed,"INC blocks bank financing; ACER vs CARE: faster, more responsive, India-focused"
Oswal Knitting & Spinning Inds. Ltd.,Letter Of credit,CARE,D,02-06-2025,HIGH,Y,Manufacturing,INC with CARE — not cooperating; switch needed,"INC blocks bank financing; ACER vs CARE: faster, more responsive, India-focused"
Gainwell Engineering Pvt. Ltd.,Term loans,CARE,BB+,02-06-2025,HIGH,Y,Manufacturing,INC with CARE — not cooperating; switch needed,"INC blocks bank financing; ACER vs CARE: faster, more responsive, India-focused"
Pandit Automobiles Pvt. Ltd.,Term loans,BRICKWORK,C,02-06-2025,HIGH,Y,Manufacturing,INC with BRICKWORK — not cooperating; switch needed,"INC blocks bank financing; ACER vs BRICKWORK: faster, more responsive, India-focused"
Tayal India Motors Pvt. Ltd.,Long term Loans,ACUITE,BB+,02-06-2025,HIGH,Y,Manufacturing,INC with ACUITE — not cooperating; switch needed,"INC blocks bank financing; ACER vs ACUITE: faster, more responsive, India-focused"
F P L Automobiles Pvt. Ltd.,Fund based financial facility/instrument,CARE,B-,02-06-2025,HIGH,Y,Manufacturing,INC with CARE — not cooperating; switch needed,"INC blocks bank financing; ACER vs CARE: faster, more responsive, India-focused"
Leel Electricals Ltd.,Fund based financial facility/instrument,CARE,D,02-06-2025,HIGH,Y,Manufacturing,INC with CARE — not cooperating; switch needed,"INC blocks bank financing; ACER vs CARE: faster, more responsive, India-focused"
Dhanalakshmi Automotives India Pvt. Ltd.,Fund based financial facility/instrument,BRICKWORK,C-,30-05-2025,HIGH,Y,Manufacturing,INC with BRICKWORK — not cooperating; switch needed,"INC blocks bank financing; ACER vs BRICKWORK: faster, more responsive, India-focused"
Star Pipe Foundry (India) Pvt. Ltd.,Term loans,CRISIL,BB+,30-05-2025,HIGH,Y,Manufacturing,INC with CRISIL — not cooperating; switch needed,"INC blocks bank financing; ACER vs CRISIL: faster, more responsive, India-focused"
Kusalava Motors Pvt. Ltd.,Term loans,BRICKWORK,C,30-05-2025,HIGH,Y,Manufacturing,INC with BRICKWORK — not cooperating; switch needed,"INC blocks bank financing; ACER vs BRICKWORK: faster, more responsive, India-focused"
O S T Electronics Pvt. Ltd.,Bank Guarantee,CRISIL,A 4,30-05-2025,HIGH,Y,Manufacturing,INC with CRISIL — not cooperating; switch needed,"INC blocks bank financing; ACER vs CRISIL: faster, more responsive, India-focused"
Shree Automotive Private Limited,Long Term Bank Facilities (including proposed facility of Rs. 12.77 crore),Infomerics,IVR BB (INC)(Downgraded),"December 13, 2024",HIGH,Y,Manufacturing,INC with Infomerics — not cooperating; switch to ACER,INC status blocks bank facilities; ACER can restart rating process in 2-3 weeks
MSR Iron and Steel Industries India Private Limited,Long Term Bank Facilities,Infomerics,IVR B+ (INC)(Downgraded),"January 27, 2025",HIGH,Y,Manufacturing,INC with Infomerics — not cooperating; switch to ACER,INC status blocks bank facilities; ACER can restart rating process in 2-3 weeks
Shivalik Auto Engineering Private Limited,Long Term Bank Facilities,Infomerics,IVR BB- (INC)(Reaffirmed & Withdrawn),"October 19, 2023",HIGH,Y,Manufacturing,INC with Infomerics — not cooperating; switch to ACER,INC status blocks bank facilities; ACER can restart rating process in 2-3 weeks
East India Drums & Barrels Manufacturing Company (EIDBMC),Long Term Fund Based Facility - Term Loan,Infomerics,IVR BB (INC)(Reaffirmed & Withdrawn),"June 14, 2023",HIGH,Y,Manufacturing,INC with Infomerics — not cooperating; switch to ACER,INC status blocks bank facilities; ACER can restart rating process in 2-3 weeks
East India Drums & Barrels Manufacturing Company (EIDBMC),Long Term Fund Based Facility - Cash Credit,Infomerics,IVR BB (INC)(Reaffirmed & Withdrawn),"June 14, 2023",HIGH,Y,Manufacturing,INC with Infomerics — not cooperating; switch to ACER,INC status blocks bank facilities; ACER can restart rating process in 2-3 weeks
East India Drums & Barrels Manufacturing Company (EIDBMC),Short Term Non Fund Based Facility - Bank Guarantee,Infomerics,IVR A4 (INC)(Reaffirmed & Withdrawn),"June 14, 2023",HIGH,Y,Manufacturing,INC with Infomerics — not cooperating; switch to ACER,INC status blocks bank facilities; ACER can restart rating process in 2-3 weeks
Balaji Industrial and Agricultural Castings Private Limited,Long Term Bank Facilities,Infomerics,IVR B (INC)(Downgraded),"April 11, 2025",HIGH,Y,Manufacturing,INC with Infomerics — not cooperating; switch to ACER,INC status blocks bank facilities; ACER can restart rating process in 2-3 weeks
Balaji Industrial and Agricultural Castings Private Limited,Short Term Bank Facilities,Infomerics,IVR A4 (INC)(Reaffirmed),"April 11, 2025",HIGH,Y,Manufacturing,INC with Infomerics — not cooperating; switch to ACER,INC status blocks bank facilities; ACER can restart rating process in 2-3 weeks
Balaji Industrial and Agricultural Castings Private Limited,Long Term/ Short Term Bank Facilities,Infomerics,IVR B/ IVR A4 (INC) (Downgraded/Reaffirmed),"April 11, 2025",HIGH,Y,Manufacturing,INC with Infomerics — not cooperating; switch to ACER,INC status blocks bank facilities; ACER can restart rating process in 2-3 weeks
Gulzar Motors Private Limited,Long Term Bank Facilities,Infomerics,IVR BB (INC)(Downgraded),"May 16, 2025",HIGH,Y,Manufacturing,INC with Infomerics — not cooperating; switch to ACER,INC status blocks bank facilities; ACER can restart rating process in 2-3 weeks
Gulzar Motors Private Limited,Short Term Bank Facilities,Infomerics,IVR A4 (INC)(Downgraded),"May 16, 2025",HIGH,Y,Manufacturing,INC with Infomerics — not cooperating; switch to ACER,INC status blocks bank facilities; ACER can restart rating process in 2-3 weeks
Aradhya Wire & Ropes Pvt. Ltd.,Bank Guarantee,BRICKWORK,D,13-06-2025,HIGH,Y,Manufacturing,INC with BRICKWORK — not cooperating; switch needed,"INC blocks bank financing; ACER vs BRICKWORK: faster, more responsive, India-focused"
Sakthi Auto Ancillary Pvt. Ltd.,Term loans,BRICKWORK,C,13-06-2025,HIGH,Y,Manufacturing,INC with BRICKWORK — not cooperating; switch needed,"INC blocks bank financing; ACER vs BRICKWORK: faster, more responsive, India-focused"
Resonance Paper Mill Pvt. Ltd.,Fund based financial facility/instrument,CRISIL,B,13-06-2025,HIGH,Y,Manufacturing,INC with CRISIL — not cooperating; switch needed,"INC blocks bank financing; ACER vs CRISIL: faster, more responsive, India-focused"
Nava Nirman Fabrication Pvt. Ltd.,Long term Loans,CRISIL,D,13-06-2025,HIGH,Y,Manufacturing,INC with CRISIL — not cooperating; switch needed,"INC blocks bank financing; ACER vs CRISIL: faster, more responsive, India-focused"
Partap Wires (India) Pvt. Ltd.,Bank Guarantee,CRISIL,A 4,13-06-2025,HIGH,Y,Manufacturing,INC with CRISIL — not cooperating; switch needed,"INC blocks bank financing; ACER vs CRISIL: faster, more responsive, India-focused"
Nepzpack Industries Pvt. Ltd.,Long term Loans,CRISIL,B,13-06-2025,HIGH,Y,Manufacturing,INC with CRISIL — not cooperating; switch needed,"INC blocks bank financing; ACER vs CRISIL: faster, more responsive, India-focused"
Paramashiva Motors Pvt. Ltd.,Fund based financial facility/instrument,CRISIL,B+,13-06-2025,HIGH,Y,Manufacturing,INC with CRISIL — not cooperating; switch needed,"INC blocks bank financing; ACER vs CRISIL: faster, more responsive, India-focused"
S D Auto Engg. Works Pvt. Ltd.,Term loans,CRISIL,B,13-06-2025,HIGH,Y,Manufacturing,INC with CRISIL — not cooperating; switch needed,"INC blocks bank financing; ACER vs CRISIL: faster, more responsive, India-focused"
Rine Engineering Pvt. Ltd.,Bank Guarantee,CRISIL,A 4,13-06-2025,HIGH,Y,Manufacturing,INC with CRISIL — not cooperating; switch needed,"INC blocks bank financing; ACER vs CRISIL: faster, more responsive, India-focused"
Positive Metering Pumps (India) Pvt. Ltd.,Bank Guarantee,CRISIL,A 4,12-06-2025,HIGH,Y,Manufacturing,INC with CRISIL — not cooperating; switch needed,"INC blocks bank financing; ACER vs CRISIL: faster, more responsive, India-focused"
Siddheshwari Paper Udyog Pvt. Ltd.,Letter Of credit,CRISIL,A 4,12-06-2025,HIGH,Y,Manufacturing,INC with CRISIL — not cooperating; switch needed,"INC blocks bank financing; ACER vs CRISIL: faster, more responsive, India-focused"
Skytouch Ceramic Pvt. Ltd.,Term loans,CRISIL,B,12-06-2025,HIGH,Y,Manufacturing,INC with CRISIL — not cooperating; switch needed,"INC blocks bank financing; ACER vs CRISIL: faster, more responsive, India-focused"
HQ Lamps Manufacturing Company Private Limited,Long Term Bank Facilities,Infomerics,IVR BB+ (INC)(Downgraded),"June 10, 2025",HIGH,Y,Manufacturing,INC with Infomerics — not cooperating; switch to ACER,INC status blocks bank facilities; ACER can restart rating process in 2-3 weeks
HQ Lamps Manufacturing Company Private Limited,Short Term Bank Facilities,Infomerics,IVR A4+ (INC)(Downgraded),"June 10, 2025",HIGH,Y,Manufacturing,INC with Infomerics — not cooperating; switch to ACER,INC status blocks bank facilities; ACER can restart rating process in 2-3 weeks
Hariwansh Packaging Private Limited,Long Term Bank Facilities,Infomerics,IVR BB- (INC)(Reaffirmed & Withdrawn),"August 7, 2023",HIGH,Y,Manufacturing,INC with Infomerics — not cooperating; switch to ACER,INC status blocks bank facilities; ACER can restart rating process in 2-3 weeks
N.P. Agro (India) Industries Private Limited (NPAIIPL) (Erstwhile N.P. Agro (India) Industries Limited),Long Term Bank Facilities,Infomerics,IVR D (INC)(Reaffirmed and Withdrawn),"November 7, 2023",HIGH,Y,Manufacturing,INC with Infomerics — not cooperating; switch to ACER,INC status blocks bank facilities; ACER can restart rating process in 2-3 weeks
N.P. Agro (India) Industries Private Limited (NPAIIPL) (Erstwhile N.P. Agro (India) Industries Limited),Long Term/Short Term Bank Facilities,Infomerics,IVR D (INC)(Reaffirmed and Withdrawn),"November 7, 2023",HIGH,Y,Manufacturing,INC with Infomerics — not cooperating; switch to ACER,INC status blocks bank facilities; ACER can restart rating process in 2-3 weeks
Bharti Industries,Long Term Fund-based Bank Facilities - Term Loan,Infomerics,IVR BB- (INC)(Reaffirmed),"May 23, 2025",HIGH,Y,Manufacturing,INC with Infomerics — not cooperating; switch to ACER,INC status blocks bank facilities; ACER can restart rating process in 2-3 weeks
Bharti Industries,Long Term Fund-based Bank Facilities - Cash Credit,Infomerics,IVR BB- (INC)(Reaffirmed),"May 23, 2025",HIGH,Y,Manufacturing,INC with Infomerics — not cooperating; switch to ACER,INC status blocks bank facilities; ACER can restart rating process in 2-3 weeks
Bharti Industries,Proposed Term Loan,Infomerics,IVR BB- (INC)(Reaffirmed),"May 23, 2025",HIGH,Y,Manufacturing,INC with Infomerics — not cooperating; switch to ACER,INC status blocks bank facilities; ACER can restart rating process in 2-3 weeks
Bharti Industries,Short Term Non- Fund- based Bank Facilities - Forward Contract,Infomerics,IVR A4 (INC)(Reaffirmed),"May 23, 2025",HIGH,Y,Manufacturing,INC with Infomerics — not cooperating; switch to ACER,INC status blocks bank facilities; ACER can restart rating process in 2-3 weeks
Vijay Engineering & Machinery Company,Long Term Facilities,Infomerics,IVR BB+ (INC)(Downgraded),"April 1, 2025",HIGH,Y,Manufacturing,INC with Infomerics — not cooperating; switch to ACER,INC status blocks bank facilities; ACER can restart rating process in 2-3 weeks
Vijay Engineering & Machinery Company,Long Term/ Short Term Facilities,Infomerics,IVR BB+/IVR A4+; (INC)(Downgraded),"April 1, 2025",HIGH,Y,Manufacturing,INC with Infomerics — not cooperating; switch to ACER,INC status blocks bank facilities; ACER can restart rating process in 2-3 weeks
Vijay Engineering & Machinery Company,Short Term Facilities,Infomerics,IVR A4+ (INC)(Downgraded),"April 1, 2025",HIGH,Y,Manufacturing,INC with Infomerics — not cooperating; switch to ACER,INC status blocks bank facilities; ACER can restart rating process in 2-3 weeks
Ray Engineering Private Limited,Long Term fund-based Bank Facilities,Infomerics,IVR BB (INC)(Downgraded),"April 7, 2025",HIGH,Y,Manufacturing,INC with Infomerics — not cooperating; switch to ACER,INC status blocks bank facilities; ACER can restart rating process in 2-3 weeks
Ray Engineering Private Limited,Short Term Non-fund-based Bank Facilities,Infomerics,IVR A4 (INC)(Downgraded),"April 7, 2025",HIGH,Y,Manufacturing,INC with Infomerics — not cooperating; switch to ACER,INC status blocks bank facilities; ACER can restart rating process in 2-3 weeks
Namo Alloys Private Limited,Long Term Bank Facilities,Infomerics,IVR BB (INC)(Downgraded),"March 18, 2025",HIGH,Y,Manufacturing,INC with Infomerics — not cooperating; switch to ACER,INC status blocks bank facilities; ACER can restart rating process in 2-3 weeks
Swati Industries,Long Term Bank Facilities,Infomerics,IVR BB (INC) (Downgraded),"April 7, 2025",HIGH,Y,Manufacturing,INC with Infomerics — not cooperating; switch to ACER,INC status blocks bank facilities; ACER can restart rating process in 2-3 weeks
Swati Industries,Short Term Bank Facilities,Infomerics,IVR A4 (INC)(Downgraded),"April 7, 2025",HIGH,Y,Manufacturing,INC with Infomerics — not cooperating; switch to ACER,INC status blocks bank facilities; ACER can restart rating process in 2-3 weeks
D.K. Tissues & Papers Private Limited,Long Term Bank Facilities,Infomerics,IVR D (INC) (Reaffirmed),"February 18, 2025",HIGH,Y,Manufacturing,INC with Infomerics — not cooperating; switch to ACER,INC status blocks bank facilities; ACER can restart rating process in 2-3 weeks
Roger Industries Limited,Long Term Bank Facilities,Infomerics,IVR BB (INC)(Downgraded),"June 6, 2025",HIGH,Y,Manufacturing,INC with Infomerics — not cooperating; switch to ACER,INC status blocks bank facilities; ACER can restart rating process in 2-3 weeks
Roger Industries Limited,Short Term Bank Facilities,Infomerics,IVR A4 (INC)(Downgraded),"June 6, 2025",HIGH,Y,Manufacturing,INC with Infomerics — not cooperating; switch to ACER,INC status blocks bank facilities; ACER can restart rating process in 2-3 weeks
Hira Automobiles Limited,Long Term Bank Facilities,Infomerics,IVR B+ (INC)(Downgraded),"March 17, 2025",HIGH,Y,Manufacturing,INC with Infomerics — not cooperating; switch to ACER,INC status blocks bank facilities; ACER can restart rating process in 2-3 weeks
Jalna Siddhivinayak Alloys Private Limited,Long Term Bank Facilities,Infomerics,IVR BB (INC)(Downgraded),"April 7, 2025",HIGH,Y,Manufacturing,INC with Infomerics — not cooperating; switch to ACER,INC status blocks bank facilities; ACER can restart rating process in 2-3 weeks
Jalna Siddhivinayak Alloys Private Limited,Short Term Bank Facilities,Infomerics,IVR A4 (INC)(Downgraded),"April 7, 2025",HIGH,Y,Manufacturing,INC with Infomerics — not cooperating; switch to ACER,INC status blocks bank facilities; ACER can restart rating process in 2-3 weeks
Krishna Defence and Allied Industries Limited,Long Term Bank Facilities,Infomerics,IVR BB (INC)(Reaffirmed and Withdrawn),"February 29, 2024",HIGH,Y,Manufacturing,INC with Infomerics — not cooperating; switch to ACER,INC status blocks bank facilities; ACER can restart rating process in 2-3 weeks
Krishna Defence and Allied Industries Limited,Short Term Bank Facilities,Infomerics,IVR A4 (INC)(Reaffirmed and Withdrawn),"February 29, 2024",HIGH,Y,Manufacturing,INC with Infomerics — not cooperating; switch to ACER,INC status blocks bank facilities; ACER can restart rating process in 2-3 weeks
Krishna Defence and Allied Industries Limited,Proposed Long term Bank facilities,Infomerics,IVR BB (INC)(Reaffirmed and Withdrawn),"February 29, 2024",HIGH,Y,Manufacturing,INC with Infomerics — not cooperating; switch to ACER,INC status blocks bank facilities; ACER can restart rating process in 2-3 weeks
Blizzard Ceramica LLP,Long Term Facilities,Infomerics,IVR D (INC)(Reaffirmed),"March 31, 2025",HIGH,Y,Manufacturing,INC with Infomerics — not cooperating; switch to ACER,INC status blocks bank facilities; ACER can restart rating process in 2-3 weeks
Blizzard Ceramica LLP,Short Term Facilities,Infomerics,IVR D (INC)(Reaffirmed),"March 31, 2025",HIGH,Y,Manufacturing,INC with Infomerics — not cooperating; switch to ACER,INC status blocks bank facilities; ACER can restart rating process in 2-3 weeks
Sree Rengaraj Ispat Industries Private Limited,Long Term Bank Facilities,Infomerics,IVR BB+ (INC)(Downgraded),"June 6, 2025",HIGH,Y,Manufacturing,INC with Infomerics — not cooperating; switch to ACER,INC status blocks bank facilities; ACER can restart rating process in 2-3 weeks
Sree Rengaraj Ispat Industries Private Limited,Long Term Bank Facilities,Infomerics,IVR BB+ (INC)(Downgraded),"June 6, 2025",HIGH,Y,Manufacturing,INC with Infomerics — not cooperating; switch to ACER,INC status blocks bank facilities; ACER can restart rating process in 2-3 weeks
Sree Rengaraj Ispat Industries Private Limited,Short Term Bank Facilities,Infomerics,IVR A4+ (INC)(Downgraded),"June 6, 2025",HIGH,Y,Manufacturing,INC with Infomerics — not cooperating; switch to ACER,INC status blocks bank facilities; ACER can restart rating process in 2-3 weeks
Sun Paper Mill Limited,Proposed Long Term Bank Facility - Proposed Term Loan,Infomerics,IVR B (INC)(Downgraded),"April 2, 2025",HIGH,Y,Manufacturing,INC with Infomerics — not cooperating; switch to ACER,INC status blocks bank facilities; ACER can restart rating process in 2-3 weeks
Sun Paper Mill Limited,Proposed Long Term Bank Facility - Proposed Term Loan,Infomerics,IVR B (INC)(Downgraded),"April 2, 2025",HIGH,Y,Manufacturing,INC with Infomerics — not cooperating; switch to ACER,INC status blocks bank facilities; ACER can restart rating process in 2-3 weeks
Sun Paper Mill Limited,Long Term Fund Based Bank Facility - OCC,Infomerics,IVR B (INC)(Downgraded),"April 2, 2025",HIGH,Y,Manufacturing,INC with Infomerics — not cooperating; switch to ACER,INC status blocks bank facilities; ACER can restart rating process in 2-3 weeks
Sun Paper Mill Limited,Short Term Non-Fund Based Bank Facility - Letter of Credit,Infomerics,IVR A4 (INC)(Reaffirmed),"April 2, 2025",HIGH,Y,Manufacturing,INC with Infomerics — not cooperating; switch to ACER,INC status blocks bank facilities; ACER can restart rating process in 2-3 weeks
Deccan Ferro Alloys Private Limited,Long Term Fund Based Facility,Infomerics,IVR BB+ (INC)(Reaffirmed and Withdrawn),"January 8, 2022",HIGH,Y,Manufacturing,INC with Infomerics — not cooperating; switch to ACER,INC status blocks bank facilities; ACER can restart rating process in 2-3 weeks
Deccan Ferro Alloys Private Limited,Short Term Bank Facilities,Infomerics,IVR A4+ (INC)(Reaffirmed and Withdrawn),"January 8, 2022",HIGH,Y,Manufacturing,INC with Infomerics — not cooperating; switch to ACER,INC status blocks bank facilities; ACER can restart rating process in 2-3 weeks
Finolite Ceramic,Long Term Bank Facilities,Infomerics,IVR C- (INC)(Downgraded),"May 19, 2025",HIGH,Y,Manufacturing,INC with Infomerics — not cooperating; switch to ACER,INC status blocks bank facilities; ACER can restart rating process in 2-3 weeks
Finolite Ceramic,Short Term Bank Facilities,Infomerics,IVR A4 (INC)(Reaffirmed),"May 19, 2025",HIGH,Y,Manufacturing,INC with Infomerics — not cooperating; switch to ACER,INC status blocks bank facilities; ACER can restart rating process in 2-3 weeks
Moharir Motors & Services Pvt. Ltd.,Fund based financial facility/instrument,BRICKWORK,C-,21-05-2025,HIGH,Y,Manufacturing,INC with BRICKWORK — not cooperating; switch needed,"INC blocks bank financing; ACER vs BRICKWORK: faster, more responsive, India-focused"
Anupam Industries Ltd.,Long term Loans,CRISIL,D,21-05-2025,HIGH,Y,Manufacturing,INC with CRISIL — not cooperating; switch needed,"INC blocks bank financing; ACER vs CRISIL: faster, more responsive, India-focused"
Jindal Nickel & Alloys Ltd.,Bank Guarantee,BRICKWORK,A 4,21-05-2025,HIGH,Y,Manufacturing,INC with BRICKWORK — not cooperating; switch needed,"INC blocks bank financing; ACER vs BRICKWORK: faster, more responsive, India-focused"
Shubhlaxmi Casting Pvt. Ltd. [Merged],Term loans,BRICKWORK,C,21-05-2025,HIGH,Y,Manufacturing,INC with BRICKWORK — not cooperating; switch needed,"INC blocks bank financing; ACER vs BRICKWORK: faster, more responsive, India-focused"
Ray Engineering Pvt. Ltd.,Non-government debt,CARE,B+/A4,21-05-2025,HIGH,Y,Manufacturing,INC with CARE — not cooperating; switch needed,"INC blocks bank financing; ACER vs CARE: faster, more responsive, India-focused"
Unique Autosales Pvt. Ltd.,Term loans,BRICKWORK,C,21-05-2025,HIGH,Y,Manufacturing,INC with BRICKWORK — not cooperating; switch needed,"INC blocks bank financing; ACER vs BRICKWORK: faster, more responsive, India-focused"
Jyoti C N C Automation Ltd.,Fund based financial facility/instrument,BRICKWORK,BB+,20-05-2025,HIGH,Y,Manufacturing,INC with BRICKWORK — not cooperating; switch needed,"INC blocks bank financing; ACER vs BRICKWORK: faster, more responsive, India-focused"
International Switchgears Pvt. Ltd.,Bank Guarantee,CRISIL,A 4,19-05-2025,HIGH,Y,Manufacturing,INC with CRISIL — not cooperating; switch needed,"INC blocks bank financing; ACER vs CRISIL: faster, more responsive, India-focused"
Indian Metals & Alloys Mfg. Co. Pvt. Ltd.,Bank Guarantee,CRISIL,A 4,19-05-2025,HIGH,Y,Manufacturing,INC with CRISIL — not cooperating; switch needed,"INC blocks bank financing; ACER vs CRISIL: faster, more responsive, India-focused"
Automark Inds. (India) Pvt. Ltd.,Bank Guarantee,BRICKWORK,A 4,19-05-2025,HIGH,Y,Manufacturing,INC with BRICKWORK — not cooperating; switch needed,"INC blocks bank financing; ACER vs BRICKWORK: faster, more responsive, India-focused"
Asiatic Electrical & Switchgear Pvt. Ltd.,Term loans,IND-RA,D,16-05-2025,HIGH,Y,Manufacturing,INC with IND-RA — not cooperating; switch needed,"INC blocks bank financing; ACER vs IND-RA: faster, more responsive, India-focused"
Sandcity Autotec Pvt. Ltd.,Term loans,CARE,B-,16-05-2025,HIGH,Y,Manufacturing,INC with CARE — not cooperating; switch needed,"INC blocks bank financing; ACER vs CARE: faster, more responsive, India-focused"
Aswani Industries Pvt. Ltd.,Term loans,BRICKWORK,C,16-05-2025,HIGH,Y,Manufacturing,INC with BRICKWORK — not cooperating; switch needed,"INC blocks bank financing; ACER vs BRICKWORK: faster, more responsive, India-focused"
Tecknoweld Alloys (India) Pvt. Ltd.,Fund based financial facility/instrument,BRICKWORK,D,16-05-2025,HIGH,Y,Manufacturing,INC with BRICKWORK — not cooperating; switch needed,"INC blocks bank financing; ACER vs BRICKWORK: faster, more responsive, India-focused"
Perfect Alloys & Steel Ltd.,Term loans,BRICKWORK,C-,15-05-2025,HIGH,Y,Manufacturing,INC with BRICKWORK — not cooperating; switch needed,"INC blocks bank financing; ACER vs BRICKWORK: faster, more responsive, India-focused"
Kun United Motors Pvt. Ltd.,Fund based financial facility/instrument,CRISIL,B,15-05-2025,HIGH,Y,Manufacturing,INC with CRISIL — not cooperating; switch needed,"INC blocks bank financing; ACER vs CRISIL: faster, more responsive, India-focused"
Macbrout Engineering Pvt. Ltd.,Bank Guarantee,CRISIL,A 4,15-05-2025,HIGH,Y,Manufacturing,INC with CRISIL — not cooperating; switch needed,"INC blocks bank financing; ACER vs CRISIL: faster, more responsive, India-focused"
Matsya Automobiles Ltd.,Non-government debt,CARE,B-/A4,14-05-2025,HIGH,Y,Manufacturing,INC with CARE — not cooperating; switch needed,"INC blocks bank financing; ACER vs CARE: faster, more responsive, India-focused"
Ashoka Pulp & Paper Pvt. Ltd.,Term loans,CRISIL,D,14-05-2025,HIGH,Y,Manufacturing,INC with CRISIL — not cooperating; switch needed,"INC blocks bank financing; ACER vs CRISIL: faster, more responsive, India-focused"
Ceedee Metalloys Pvt. Ltd.,Letter Of credit,CRISIL,A 4+,14-05-2025,HIGH,Y,Manufacturing,INC with CRISIL — not cooperating; switch needed,"INC blocks bank financing; ACER vs CRISIL: faster, more responsive, India-focused"
Associated Industrial Furnaces Pvt. Ltd.,Term loans,CARE,B-,14-05-2025,HIGH,Y,Manufacturing,INC with CARE — not cooperating; switch needed,"INC blocks bank financing; ACER vs CARE: faster, more responsive, India-focused"
Twinstar Industries Ltd.,Bank Guarantee,BRICKWORK,D,13-05-2025,HIGH,Y,Manufacturing,INC with BRICKWORK — not cooperating; switch needed,"INC blocks bank financing; ACER vs BRICKWORK: faster, more responsive, India-focused"
Saraswati Component Motors Pvt. Ltd.,Term loans,BRICKWORK,C,12-05-2025,HIGH,Y,Manufacturing,INC with BRICKWORK — not cooperating; switch needed,"INC blocks bank financing; ACER vs BRICKWORK: faster, more responsive, India-focused"
Dhumal Industries India Pvt. Ltd.,Term loans,ACUITE,BB-,12-05-2025,HIGH,Y,Manufacturing,INC with ACUITE — not cooperating; switch needed,"INC blocks bank financing; ACER vs ACUITE: faster, more responsive, India-focused"
Mandovi Casting Pvt. Ltd.,Letter Of credit,CRISIL,A 4,12-05-2025,HIGH,Y,Manufacturing,INC with CRISIL — not cooperating; switch needed,"INC blocks bank financing; ACER vs CRISIL: faster, more responsive, India-focused"
B D Industries (India) Pvt. Ltd.,Bank Guarantee,ACUITE,A 4,12-05-2025,HIGH,Y,Manufacturing,INC with ACUITE — not cooperating; switch needed,"INC blocks bank financing; ACER vs ACUITE: faster, more responsive, India-focused"
Golkonda Engineering Enterprises Ltd.,Term loans,BRICKWORK,C-,12-05-2025,HIGH,Y,Manufacturing,INC with BRICKWORK — not cooperating; switch needed,"INC blocks bank financing; ACER vs BRICKWORK: faster, more responsive, India-focused"
B D Industries (Pune) Ltd.,Short-term loan,ACUITE,A 4,12-05-2025,HIGH,Y,Manufacturing,INC with ACUITE — not cooperating; switch needed,"INC blocks bank financing; ACER vs ACUITE: faster, more responsive, India-focused"
Thermotech Engineering (Pune) Pvt. Ltd.,Non-government debt,CARE,B-/A4,08-05-2025,HIGH,Y,Manufacturing,INC with CARE — not cooperating; switch needed,"INC blocks bank financing; ACER vs CARE: faster, more responsive, India-focused"
Lords Mark Industries Ltd. [Merged],Fund based financial facility/instrument,CARE,BB,08-05-2025,HIGH,Y,Manufacturing,INC with CARE — not cooperating; switch needed,"INC blocks bank financing; ACER vs CARE: faster, more responsive, India-focused"
Lakra Industries Ltd.,Term loans,BRICKWORK,D,08-05-2025,HIGH,Y,Manufacturing,INC with BRICKWORK — not cooperating; switch needed,"INC blocks bank financing; ACER vs BRICKWORK: faster, more responsive, India-focused"
Ideas Electricals & Engineers Pvt. Ltd.,Bank Guarantee,CARE,A 4,08-05-2025,HIGH,Y,Manufacturing,INC with CARE — not cooperating; switch needed,"INC blocks bank financing; ACER vs CARE: faster, more responsive, India-focused"
Honest Alloys Private Limited,Long Term Bank Facilities,Infomerics,IVR C+ (INC)(Downgraded),"October 29, 2025",MEDIUM,Y,Manufacturing,INC with Infomerics — not cooperating; switch to ACER,INC status blocks bank facilities; ACER can restart rating process in 2-3 weeks
Prolific Papers Private Limited,Long Term Bank Facilities,Infomerics,IVR BB+ (INC)(Downgraded),"October 7, 2025",MEDIUM,Y,Manufacturing,INC with Infomerics — not cooperating; switch to ACER,INC status blocks bank facilities; ACER can restart rating process in 2-3 weeks
Karbonsteel Engineering Limited,Long Term Bank Facilities,Infomerics,IVR BB+ (INC)(Downgraded),"November 14, 2025",MEDIUM,Y,Manufacturing,INC with Infomerics — not cooperating; switch to ACER,INC status blocks bank facilities; ACER can restart rating process in 2-3 weeks
Karbonsteel Engineering Limited,Short Term Bank Facilities,Infomerics,IVR A4+ (INC)(Downgraded),"November 14, 2025",MEDIUM,Y,Manufacturing,INC with Infomerics — not cooperating; switch to ACER,INC status blocks bank facilities; ACER can restart rating process in 2-3 weeks
Sai Industries Private Limited,Long Term Bank Facilities,Infomerics,IVR BB- (INC)(Downgraded),"November 12, 2025",MEDIUM,Y,Manufacturing,INC with Infomerics — not cooperating; switch to ACER,INC status blocks bank facilities; ACER can restart rating process in 2-3 weeks
Sai Industries Private Limited,Short Term Bank Facilities,Infomerics,IVR A4 (INC)(Reaffirmed),"November 12, 2025",MEDIUM,Y,Manufacturing,INC with Infomerics — not cooperating; switch to ACER,INC status blocks bank facilities; ACER can restart rating process in 2-3 weeks
Primacy Industries Private Limited,Long Term Fund Based Bank Facilities,Infomerics,IVR BB (INC)(Downgraded),"July 7, 2025",MEDIUM,Y,Manufacturing,INC with Infomerics — not cooperating; switch to ACER,INC status blocks bank facilities; ACER can restart rating process in 2-3 weeks
Castor Girnar Industries Private Limited,Short Term Bank Facilities,Infomerics,IVR A4+ (INC)(Downgraded),"December 10, 2025",MEDIUM,Y,Manufacturing,INC with Infomerics — not cooperating; switch to ACER,INC status blocks bank facilities; ACER can restart rating process in 2-3 weeks
Amrit Papers Private Limited (Erstwhile Amrit Agencies Indore Private Limited),Long Term Bank Facilities,Infomerics,IVR BB+ (INC)(Downgraded),"December 10, 2025",MEDIUM,Y,Manufacturing,INC with Infomerics — not cooperating; switch to ACER,INC status blocks bank facilities; ACER can restart rating process in 2-3 weeks
Amrit Papers Private Limited (Erstwhile Amrit Agencies Indore Private Limited),Short Term Bank Facilities,Infomerics,IVR A4+ (INC)(Downgraded),"December 10, 2025",MEDIUM,Y,Manufacturing,INC with Infomerics — not cooperating; switch to ACER,INC status blocks bank facilities; ACER can restart rating process in 2-3 weeks
Fusion Industries Limited,Long Term Bank Facilities,Infomerics,IVR B+ (INC)(Downgraded),"August 7, 2025",MEDIUM,Y,Manufacturing,INC with Infomerics — not cooperating; switch to ACER,INC status blocks bank facilities; ACER can restart rating process in 2-3 weeks
Stark Ridge Paper Private Limited,Long Term Bank Facilities,Infomerics,IVR B (INC)(Downgraded),"June 25, 2025",MEDIUM,Y,Manufacturing,INC with Infomerics — not cooperating; switch to ACER,INC status blocks bank facilities; ACER can restart rating process in 2-3 weeks
Aditya Auto Industries,Long Term Bank Facilities,Infomerics,IVR B- (INC)(Downgraded),"October 30, 2025",MEDIUM,Y,Manufacturing,INC with Infomerics — not cooperating; switch to ACER,INC status blocks bank facilities; ACER can restart rating process in 2-3 weeks
Asia Poly Films Industries,Long Term Facilities,Infomerics,IVR BB- (INC)(Downgraded),"July 24, 2025",MEDIUM,Y,Manufacturing,INC with Infomerics — not cooperating; switch to ACER,INC status blocks bank facilities; ACER can restart rating process in 2-3 weeks
Mohite Industries Limited,Long Term Bank Facilities,Infomerics,IVR BB- (INC) (Downgraded),"December 1, 2025",MEDIUM,Y,Manufacturing,INC with Infomerics — not cooperating; switch to ACER,INC status blocks bank facilities; ACER can restart rating process in 2-3 weeks
Mohite Industries Limited,Short Term Bank Facilities,Infomerics,IVR A4 (INC) (Reaffirmed),"December 1, 2025",MEDIUM,Y,Manufacturing,INC with Infomerics — not cooperating; switch to ACER,INC status blocks bank facilities; ACER can restart rating process in 2-3 weeks
Nipman Fastener Industries Private Limited,Long Term Bank Facilities,Infomerics,IVR D (INC)(Reaffirmed),"July 22, 2025",MEDIUM,Y,Manufacturing,INC with Infomerics — not cooperating; switch to ACER,INC status blocks bank facilities; ACER can restart rating process in 2-3 weeks
Kritika Wires Limited,Long Term Bank Facilities,Infomerics,IVR BB+ (INC)(Downgraded),"August 26, 2025",MEDIUM,Y,Manufacturing,INC with Infomerics — not cooperating; switch to ACER,INC status blocks bank facilities; ACER can restart rating process in 2-3 weeks
Kritika Wires Limited,Short Term Bank Facilities,Infomerics,IVR A4+ (INC)(Downgraded),"August 26, 2025",MEDIUM,Y,Manufacturing,INC with Infomerics — not cooperating; switch to ACER,INC status blocks bank facilities; ACER can restart rating process in 2-3 weeks
Marda Industries Private Limited,Long Term Bank Facilities - Cash Credit,Infomerics,IVR C+ (INC)(Downgraded),"July 7, 2025",MEDIUM,Y,Manufacturing,INC with Infomerics — not cooperating; switch to ACER,INC status blocks bank facilities; ACER can restart rating process in 2-3 weeks
Prateek Apparels Private Limited,Long Term Bank Facilities,Infomerics,IVR C (INC)(Downgraded),"June 20, 2025",MEDIUM,Y,Manufacturing,INC with Infomerics — not cooperating; switch to ACER,INC status blocks bank facilities; ACER can restart rating process in 2-3 weeks
Prateek Apparels Private Limited,Short Term Bank Facilities,Infomerics,IVR A4 (INC)(Reaffirmed),"June 20, 2025",MEDIUM,Y,Manufacturing,INC with Infomerics — not cooperating; switch to ACER,INC status blocks bank facilities; ACER can restart rating process in 2-3 weeks
Debjyoti Pulp And Paper Private Limited,Long Term Bank Facility,Infomerics,IVR C+ (INC)(Downgraded),"July 4, 2025",MEDIUM,Y,Manufacturing,INC with Infomerics — not cooperating; switch to ACER,INC status blocks bank facilities; ACER can restart rating process in 2-3 weeks
Cosmos Industries Limited,Long Term Bank Facilities,Infomerics,IVR D (INC)(Reaffirmed),"September 4, 2025",MEDIUM,Y,Manufacturing,INC with Infomerics — not cooperating; switch to ACER,INC status blocks bank facilities; ACER can restart rating process in 2-3 weeks
Nisa Industrial Services Private Limited,Long Term Fund Based Bank Facilities - Proposed Cash Credit,Infomerics,IVR D (INC)(Reaffirmed),"October 3, 2025",MEDIUM,Y,Manufacturing,INC with Infomerics — not cooperating; switch to ACER,INC status blocks bank facilities; ACER can restart rating process in 2-3 weeks
Nisa Industrial Services Private Limited,Long Term Fund Based Bank Facilities - Term Loan,Infomerics,IVR D (INC)(Reaffirmed),"October 3, 2025",MEDIUM,Y,Manufacturing,INC with Infomerics — not cooperating; switch to ACER,INC status blocks bank facilities; ACER can restart rating process in 2-3 weeks
Nisa Industrial Services Private Limited,Long Term Fund Based Bank Facilities - LAP,Infomerics,IVR D (INC)(Reaffirmed),"October 3, 2025",MEDIUM,Y,Manufacturing,INC with Infomerics — not cooperating; switch to ACER,INC status blocks bank facilities; ACER can restart rating process in 2-3 weeks
Nisa Industrial Services Private Limited,Short Term Non Fund Based Bank Facilities - Bank Guarantee,Infomerics,IVR D (INC)(Reaffirmed),"October 3, 2025",MEDIUM,Y,Manufacturing,INC with Infomerics — not cooperating; switch to ACER,INC status blocks bank facilities; ACER can restart rating process in 2-3 weeks
Eagle Steel Industries Private Limited,Long Term Facilities,Infomerics,IVR C (INC)(Downgraded),"November 17, 2025",MEDIUM,Y,Manufacturing,INC with Infomerics — not cooperating; switch to ACER,INC status blocks bank facilities; ACER can restart rating process in 2-3 weeks
Autolite India Limited,Long Term Bank Facilities,Infomerics,IVR C+ (INC)(Downgraded),"November 10, 2025",MEDIUM,Y,Manufacturing,INC with Infomerics — not cooperating; switch to ACER,INC status blocks bank facilities; ACER can restart rating process in 2-3 weeks
Castor Girnar Industries Private Limited,Long Term/ Short Term Bank Facilities,Infomerics,IVR BB+/IVR A4+; (INC) (Downgraded),"December 10, 2025",MEDIUM,Y,Manufacturing,INC with Infomerics — not cooperating; switch to ACER,INC status blocks bank facilities; ACER can restart rating process in 2-3 weeks
Castor Girnar Industries Private Limited,Short Term Bank Facilities,Infomerics,IVR A4+ (INC)(Downgraded),"December 10, 2025",MEDIUM,Y,Manufacturing,INC with Infomerics — not cooperating; switch to ACER,INC status blocks bank facilities; ACER can restart rating process in 2-3 weeks
Posco-Poggenamp Electrical Steel Private Limited,Long Term Bank Facilities,Infomerics,IVR D (INC)(Reaffirmed),"November 7, 2025",MEDIUM,Y,Manufacturing,INC with Infomerics — not cooperating; switch to ACER,INC status blocks bank facilities; ACER can restart rating process in 2-3 weeks
Rathi Industrial Corporation Private Limited,Long Term Bank Facility,Infomerics,IVR BB- (INC)(Downgraded),"July 30, 2025",MEDIUM,Y,Manufacturing,INC with Infomerics — not cooperating; switch to ACER,INC status blocks bank facilities; ACER can restart rating process in 2-3 weeks
Rathi Industrial Corporation Private Limited,Long Term/ Short Term Bank Facilities,Infomerics,IVR BB-/IVR A4; (INC)(Downgraded),"July 30, 2025",MEDIUM,Y,Manufacturing,INC with Infomerics — not cooperating; switch to ACER,INC status blocks bank facilities; ACER can restart rating process in 2-3 weeks
Eswari Electricals Private Limited,Long Term Bank Facility,Infomerics,IVR B (INC)(Downgraded),"August 19, 2025",MEDIUM,Y,Manufacturing,INC with Infomerics — not cooperating; switch to ACER,INC status blocks bank facilities; ACER can restart rating process in 2-3 weeks
Eswari Electricals Private Limited,Short Term Bank Facility,Infomerics,IVR A4 (INC)(Reaffirmed),"August 19, 2025",MEDIUM,Y,Manufacturing,INC with Infomerics — not cooperating; switch to ACER,INC status blocks bank facilities; ACER can restart rating process in 2-3 weeks
Supreme Auto Carrier Private Limited,Long Term Bank Facilities,Infomerics,IVR BB+ (INC)(Downgraded),"June 18, 2025",MEDIUM,Y,Manufacturing,INC with Infomerics — not cooperating; switch to ACER,INC status blocks bank facilities; ACER can restart rating process in 2-3 weeks
Primacy Industries Private Limited,Optionally Convertible Debentures,Infomerics,IVR BB (INC)(Downgraded),"July 7, 2025",MEDIUM,Y,Manufacturing,INC with Infomerics — not cooperating; switch to ACER,INC status blocks bank facilities; ACER can restart rating process in 2-3 weeks
Primacy Industries Private Limited,Compulsory Convertible Debentures,Infomerics,IVR BB (INC)(Downgraded),"July 7, 2025",MEDIUM,Y,Manufacturing,INC with Infomerics — not cooperating; switch to ACER,INC status blocks bank facilities; ACER can restart rating process in 2-3 weeks
Bright Packaging Private Limited,Short Term Facilities,Infomerics,IVR A4 (INC)(Downgraded),"July 25, 2025",MEDIUM,Y,Manufacturing,INC with Infomerics — not cooperating; switch to ACER,INC status blocks bank facilities; ACER can restart rating process in 2-3 weeks
Airflow Equipments India Private Limited,Long Term/Short Term Bank Facilities,Infomerics,IVR B-/IVR A4; (INC)(Downgraded/Reaffirmed),"September 26, 2025",MEDIUM,Y,Manufacturing,INC with Infomerics — not cooperating; switch to ACER,INC status blocks bank facilities; ACER can restart rating process in 2-3 weeks
Asia Poly Films Industries,Short Term Facilities,Infomerics,IVR A4 (INC)(Reaffirmed),"July 24, 2025",MEDIUM,Y,Manufacturing,INC with Infomerics — not cooperating; switch to ACER,INC status blocks bank facilities; ACER can restart rating process in 2-3 weeks
SVR Electricals Private Limited,Proposed Long Term/Short Term Non-Fund Based Bank Facility - Bank Guarantee,Infomerics,IVR C/IVR A4; (INC) (Downgraded/Reaffirmed),"December 2, 2025",MEDIUM,Y,Manufacturing,INC with Infomerics — not cooperating; switch to ACER,INC status blocks bank facilities; ACER can restart rating process in 2-3 weeks
SVR Electricals Private Limited,Proposed Short Term Non- Fund Based Bank Facility - Letter of Credit,Infomerics,IVR A4 (INC) (Reaffirmed),"December 2, 2025",MEDIUM,Y,Manufacturing,INC with Infomerics — not cooperating; switch to ACER,INC status blocks bank facilities; ACER can restart rating process in 2-3 weeks
Dynamic Air Engineering India Private Limited,Long Term Bank Facilities,Infomerics,IVR B- (INC)(Downgraded),"June 26, 2025",MEDIUM,Y,Manufacturing,INC with Infomerics — not cooperating; switch to ACER,INC status blocks bank facilities; ACER can restart rating process in 2-3 weeks
Gita Met Industries,Long Term Bank Facilities,Infomerics,IVR B- (INC)(Downgraded),"June 30, 2025",MEDIUM,Y,Manufacturing,INC with Infomerics — not cooperating; switch to ACER,INC status blocks bank facilities; ACER can restart rating process in 2-3 weeks
Gita Met Industries,Short Term Bank Facilities,Infomerics,IVR A4 (INC)(Reaffirmed),"June 30, 2025",MEDIUM,Y,Manufacturing,INC with Infomerics — not cooperating; switch to ACER,INC status blocks bank facilities; ACER can restart rating process in 2-3 weeks
Globus Industries & Services Limited,Long Term Bank Facilities,Infomerics,IVR D (INC) (Reaffirmed),"October 29, 2025",MEDIUM,Y,Manufacturing,INC with Infomerics — not cooperating; switch to ACER,INC status blocks bank facilities; ACER can restart rating process in 2-3 weeks
Globus Industries & Services Limited,Short Term Bank Facilities,Infomerics,IVR D (INC) (Reaffirmed),"October 29, 2025",MEDIUM,Y,Manufacturing,INC with Infomerics — not cooperating; switch to ACER,INC status blocks bank facilities; ACER can restart rating process in 2-3 weeks
Satkartar Electricals and Electronics Private Limited,Short Term Bank Facilities,Infomerics,IVR A4 (INC)(Reaffirmed),"November 18, 2025",MEDIUM,Y,Manufacturing,INC with Infomerics — not cooperating; switch to ACER,INC status blocks bank facilities; ACER can restart rating process in 2-3 weeks
Melt-O-Therm Furnaces Private Limited,Long Term Bank Facilities,Infomerics,IVR C- (INC)(Reaffirmed),"October 6, 2025",MEDIUM,Y,Manufacturing,INC with Infomerics — not cooperating; switch to ACER,INC status blocks bank facilities; ACER can restart rating process in 2-3 weeks
Melt-O-Therm Furnaces Private Limited,Short Term Bank Facilities,Infomerics,IVR A4 (INC)(Reaffirmed),"October 6, 2025",MEDIUM,Y,Manufacturing,INC with Infomerics — not cooperating; switch to ACER,INC status blocks bank facilities; ACER can restart rating process in 2-3 weeks
Amar Shakti Commerce & Industries Limited,Long Term Fund Based Facilities â€“ Proposed Term Loan,Infomerics,IVR C- (INC)(Downgraded),"November 25, 2025",MEDIUM,Y,Manufacturing,INC with Infomerics — not cooperating; switch to ACER,INC status blocks bank facilities; ACER can restart rating process in 2-3 weeks
Santlal Industries Limited,Long Term Fund based facilities -Cash Credit,Infomerics,IVR B+ (INC)(Downgraded),"July 10, 2025",MEDIUM,Y,Manufacturing,INC with Infomerics — not cooperating; switch to ACER,INC status blocks bank facilities; ACER can restart rating process in 2-3 weeks
Santlal Industries Limited,Short Term Fund based facilities Warehouse Receipt Financing,Infomerics,IVR A4 (INC)(Reaffirmed),"July 10, 2025",MEDIUM,Y,Manufacturing,INC with Infomerics — not cooperating; switch to ACER,INC status blocks bank facilities; ACER can restart rating process in 2-3 weeks
Nipman Fastener Industries Private Limited,Long Term Bank Facilities,Infomerics,IVR D (INC)(Reaffirmed),"July 22, 2025",MEDIUM,Y,Manufacturing,INC with Infomerics — not cooperating; switch to ACER,INC status blocks bank facilities; ACER can restart rating process in 2-3 weeks
Mayura Packaging Private Limited,Long Term Fund based bank facility- Cash Credit,Infomerics,IVR C+ (INC) (Downgraded),"November 17, 2025",MEDIUM,Y,Manufacturing,INC with Infomerics — not cooperating; switch to ACER,INC status blocks bank facilities; ACER can restart rating process in 2-3 weeks
Shri Gautam Shipbreaking Industries Private Limited,Long Term/ Short Term Bank Facilities,Infomerics,IVR B/ IVR A4 (INC) (Downgraded)(Reaffirmed),"July 22, 2025",MEDIUM,Y,Manufacturing,INC with Infomerics — not cooperating; switch to ACER,INC status blocks bank facilities; ACER can restart rating process in 2-3 weeks
Shri Gautam Shipbreaking Industries Private Limited,Short Term Bank Facilities,Infomerics,IVR A4 (INC)(Reaffirmed),"July 22, 2025",MEDIUM,Y,Manufacturing,INC with Infomerics — not cooperating; switch to ACER,INC status blocks bank facilities; ACER can restart rating process in 2-3 weeks
Shakti Nutritions Private Limited (Erstwhile Shakti Industries),Long Term Bank Facilities,Infomerics,IVR BB+ (INC) (Downgraded),"October 30, 2025",MEDIUM,Y,Manufacturing,INC with Infomerics — not cooperating; switch to ACER,INC status blocks bank facilities; ACER can restart rating process in 2-3 weeks
Shakti Nutritions Private Limited (Erstwhile Shakti Industries),Short Term Bank Facilities,Infomerics,IVR A4+ (INC) (Downgraded),"October 30, 2025",MEDIUM,Y,Manufacturing,INC with Infomerics — not cooperating; switch to ACER,INC status blocks bank facilities; ACER can restart rating process in 2-3 weeks
MB Rubber Private Limited,Long Term Bank Facility,Infomerics,IVR B+ (INC)(Downgraded),"September 30, 2025",MEDIUM,Y,Manufacturing,INC with Infomerics — not cooperating; switch to ACER,INC status blocks bank facilities; ACER can restart rating process in 2-3 weeks
MB Rubber Private Limited,Short Term Facility,Infomerics,IVR A4 (INC)(Reaffirmed),"September 30, 2025",MEDIUM,Y,Manufacturing,INC with Infomerics — not cooperating; switch to ACER,INC status blocks bank facilities; ACER can restart rating process in 2-3 weeks
Shri Satguru Metalloys Pvt. Ltd.,Term loans,BRICKWORK,C,25-06-2025,MEDIUM,Y,Manufacturing,INC with BRICKWORK — not cooperating; switch needed,"INC blocks bank financing; ACER vs BRICKWORK: faster, more responsive, India-focused"
Sri Jayarama Automotives Pvt. Ltd.,Non-fund-based financial facility/instrument,ICRA,A 4,25-06-2025,MEDIUM,Y,Manufacturing,INC with ICRA — not cooperating; switch needed,"INC blocks bank financing; ACER vs ICRA: faster, more responsive, India-focused"
Anthony Garments Pvt. Ltd.,Term loans,CARE,B,27-06-2025,MEDIUM,Y,Manufacturing,INC with CARE — not cooperating; switch needed,"INC blocks bank financing; ACER vs CARE: faster, more responsive, India-focused"
Suchi Paper Mills Ltd.,Term loans,BRICKWORK,D,27-06-2025,MEDIUM,Y,Manufacturing,INC with BRICKWORK — not cooperating; switch needed,"INC blocks bank financing; ACER vs BRICKWORK: faster, more responsive, India-focused"
Sunvoice Electronics Pvt. Ltd.,Non-government debt,BRICKWORK,B-/A4,26-06-2025,MEDIUM,Y,Manufacturing,INC with BRICKWORK — not cooperating; switch needed,"INC blocks bank financing; ACER vs BRICKWORK: faster, more responsive, India-focused"
Modern Transformers Pvt. Ltd.,Non-fund-based financial facility/instrument,ICRA,A 4,26-06-2025,MEDIUM,Y,Manufacturing,INC with ICRA — not cooperating; switch needed,"INC blocks bank financing; ACER vs ICRA: faster, more responsive, India-focused"
Aruna Industrial Products Pvt. Ltd.,Term loans,IND-RA,B,25-06-2025,MEDIUM,Y,Manufacturing,INC with IND-RA — not cooperating; switch needed,"INC blocks bank financing; ACER vs IND-RA: faster, more responsive, India-focused"
H J Industries (India) Pvt. Ltd.,Term loans,IND-RA,D,25-06-2025,MEDIUM,Y,Manufacturing,INC with IND-RA — not cooperating; switch needed,"INC blocks bank financing; ACER vs IND-RA: faster, more responsive, India-focused"
Global Ores & Alloys Industries Private Limited,Long Term Bank Facilities,Infomerics,IVR BB (INC)(Downgraded),"November 7, 2025",MEDIUM,Y,Manufacturing,INC with Infomerics — not cooperating; switch to ACER,INC status blocks bank facilities; ACER can restart rating process in 2-3 weeks
Global Ores & Alloys Industries Private Limited,Short Term Bank Facilities,Infomerics,IVR A4 (INC)(Downgraded),"November 7, 2025",MEDIUM,Y,Manufacturing,INC with Infomerics — not cooperating; switch to ACER,INC status blocks bank facilities; ACER can restart rating process in 2-3 weeks
C.D Industries (Prop. Kisaan Engineering Works Private Limited),Long Term Bank Facilities,Infomerics,IVR B (INC)(Downgraded),"June 16, 2025",MEDIUM,Y,Manufacturing,INC with Infomerics — not cooperating; switch to ACER,INC status blocks bank facilities; ACER can restart rating process in 2-3 weeks
C.D Industries (Prop. Kisaan Engineering Works Private Limited),Short Term Bank Facilities,Infomerics,IVR A4 (INC)(Reaffirmed),"June 16, 2025",MEDIUM,Y,Manufacturing,INC with Infomerics — not cooperating; switch to ACER,INC status blocks bank facilities; ACER can restart rating process in 2-3 weeks
Shree Gajanan Paper and Boards Private Limited (SGBPL),Long Term Facilities,Infomerics,IVR BB- (INC)(Downgraded),"July 1, 2025",MEDIUM,Y,Manufacturing,INC with Infomerics — not cooperating; switch to ACER,INC status blocks bank facilities; ACER can restart rating process in 2-3 weeks
Shree Gajanan Paper and Boards Private Limited (SGBPL),Short Term Facilities,Infomerics,IVR A4 (INC)(Reaffirmed),"July 1, 2025",MEDIUM,Y,Manufacturing,INC with Infomerics — not cooperating; switch to ACER,INC status blocks bank facilities; ACER can restart rating process in 2-3 weeks
Geelon Industries Pvt. Ltd.,Non-fund based working capital limit,IND-RA,A 4,25-06-2025,MEDIUM,Y,Manufacturing,INC with IND-RA — not cooperating; switch needed,"INC blocks bank financing; ACER vs IND-RA: faster, more responsive, India-focused"
Flair Garments Pvt. Ltd.,Term loans,IND-RA,B,25-06-2025,MEDIUM,Y,Manufacturing,INC with IND-RA — not cooperating; switch needed,"INC blocks bank financing; ACER vs IND-RA: faster, more responsive, India-focused"
Hindupur Steel & Alloys Private Limited,Long Term Bank Facilities,Infomerics,IVR BBB (INC)(Downgraded),"September 5, 2025",MEDIUM,Y,Manufacturing,INC with Infomerics — not cooperating; switch to ACER,INC status blocks bank facilities; ACER can restart rating process in 2-3 weeks
Jain Agro Industries,Long Term Bank Facility,Infomerics,IVR B+ (INC)(Downgraded),"July 4, 2025",MEDIUM,Y,Manufacturing,INC with Infomerics — not cooperating; switch to ACER,INC status blocks bank facilities; ACER can restart rating process in 2-3 weeks
Crystal Balaji Industries Private Limited,Long Term Bank Facilities,Infomerics,IVR BB (INC)(Downgraded),"September 8, 2025",MEDIUM,Y,Manufacturing,INC with Infomerics — not cooperating; switch to ACER,INC status blocks bank facilities; ACER can restart rating process in 2-3 weeks
Shivam Cotton Industries,Long Term Instruments/Facilities,Infomerics,IVR B (INC)(Downgraded),"July 4, 2025",MEDIUM,Y,Manufacturing,INC with Infomerics — not cooperating; switch to ACER,INC status blocks bank facilities; ACER can restart rating process in 2-3 weeks
Royale Agro Processing Industries,Long Term Bank Facilities,Infomerics,IVR B+ (INC)(Downgraded),"September 2, 2025",MEDIUM,Y,Manufacturing,INC with Infomerics — not cooperating; switch to ACER,INC status blocks bank facilities; ACER can restart rating process in 2-3 weeks
Jagruti Sugar & Allied Industries Limited,Long Term Bank Facilities,Infomerics,IVR BB (INC)(Downgraded),"September 22, 2025",MEDIUM,Y,Manufacturing,INC with Infomerics — not cooperating; switch to ACER,INC status blocks bank facilities; ACER can restart rating process in 2-3 weeks
Puneet Auto Sales Private Limited,Long Term Bank Facilities,Infomerics,IVR BB (INC)(Downgraded),"September 26, 2025",MEDIUM,Y,Manufacturing,INC with Infomerics — not cooperating; switch to ACER,INC status blocks bank facilities; ACER can restart rating process in 2-3 weeks
Puneet Auto Sales Private Limited,Long Term Bank Facilities (Proposed),Infomerics,IVR BB (INC)(Downgraded),"September 26, 2025",MEDIUM,Y,Manufacturing,INC with Infomerics — not cooperating; switch to ACER,INC status blocks bank facilities; ACER can restart rating process in 2-3 weeks
J M K Motors Pvt. Ltd.,Term loans,CRISIL,B+,20-06-2025,MEDIUM,Y,Manufacturing,INC with CRISIL — not cooperating; switch needed,"INC blocks bank financing; ACER vs CRISIL: faster, more responsive, India-focused"
"Transformers & Electricals, Kerala Ltd.",Bank Guarantee,BRICKWORK,A 4,20-06-2025,MEDIUM,Y,Manufacturing,INC with BRICKWORK — not cooperating; switch needed,"INC blocks bank financing; ACER vs BRICKWORK: faster, more responsive, India-focused"
Hassia Packaging Pvt. Ltd.,Letter Of credit,CRISIL,A 4,19-06-2025,MEDIUM,Y,Manufacturing,INC with CRISIL — not cooperating; switch needed,"INC blocks bank financing; ACER vs CRISIL: faster, more responsive, India-focused"
Kay Bee Indl. Alloys Pvt. Ltd.,Short-term loan,CRISIL,A 4,19-06-2025,MEDIUM,Y,Manufacturing,INC with CRISIL — not cooperating; switch needed,"INC blocks bank financing; ACER vs CRISIL: faster, more responsive, India-focused"
Bharati Motors Pvt. Ltd.,Fund based financial facility/instrument,CARE,B-,19-06-2025,MEDIUM,Y,Manufacturing,INC with CARE — not cooperating; switch needed,"INC blocks bank financing; ACER vs CARE: faster, more responsive, India-focused"
Kerala Paper Products Ltd.,Bank Guarantee,CRISIL,D,19-06-2025,MEDIUM,Y,Manufacturing,INC with CRISIL — not cooperating; switch needed,"INC blocks bank financing; ACER vs CRISIL: faster, more responsive, India-focused"
DCX Systems Limited (Erstwhile DCX Cable Assemblies Private Limited),Long Term Facilities,Infomerics,IVR BB+ (INC)(Downgraded),"September 19, 2025",MEDIUM,Y,Manufacturing,INC with Infomerics — not cooperating; switch to ACER,INC status blocks bank facilities; ACER can restart rating process in 2-3 weeks
DCX Systems Limited (Erstwhile DCX Cable Assemblies Private Limited),Short Term Facilities,Infomerics,IVR A4+ (INC)(Downgraded),"September 19, 2025",MEDIUM,Y,Manufacturing,INC with Infomerics — not cooperating; switch to ACER,INC status blocks bank facilities; ACER can restart rating process in 2-3 weeks
Venus Auto Works Pvt. Ltd.,Fund based financial facility/instrument,CRISIL,B+,11-07-2025,MEDIUM,Y,Manufacturing,INC with CRISIL — not cooperating; switch needed,"INC blocks bank financing; ACER vs CRISIL: faster, more responsive, India-focused"
Veda Engineering Pvt. Ltd.,Bank Guarantee,CRISIL,A 4,10-07-2025,MEDIUM,Y,Manufacturing,INC with CRISIL — not cooperating; switch needed,"INC blocks bank financing; ACER vs CRISIL: faster, more responsive, India-focused"
Rudra Auto Tech Engg. Pvt. Ltd.,Bank Guarantee,BRICKWORK,D,24-06-2025,MEDIUM,Y,Manufacturing,INC with BRICKWORK — not cooperating; switch needed,"INC blocks bank financing; ACER vs BRICKWORK: faster, more responsive, India-focused"
I G L Industries Ltd.,Letter Of credit,BRICKWORK,B,24-06-2025,MEDIUM,Y,Manufacturing,INC with BRICKWORK — not cooperating; switch needed,"INC blocks bank financing; ACER vs BRICKWORK: faster, more responsive, India-focused"
Apco Automobiles Pvt. Ltd.,Fund based financial facility/instrument,CRISIL,D,24-06-2025,MEDIUM,Y,Manufacturing,INC with CRISIL — not cooperating; switch needed,"INC blocks bank financing; ACER vs CRISIL: faster, more responsive, India-focused"
Technovaa Plastic Inds. Pvt. Ltd.,Term loans,CRISIL,D,24-06-2025,MEDIUM,Y,Manufacturing,INC with CRISIL — not cooperating; switch needed,"INC blocks bank financing; ACER vs CRISIL: faster, more responsive, India-focused"
Sab Motors Pvt. Ltd.,Fund based financial facility/instrument,CARE,D,23-06-2025,MEDIUM,Y,Manufacturing,INC with CARE — not cooperating; switch needed,"INC blocks bank financing; ACER vs CARE: faster, more responsive, India-focused"
Acetech Machinery Components India Pvt. Ltd.,Letter Of credit,CRISIL,A 4,23-06-2025,MEDIUM,Y,Manufacturing,INC with CRISIL — not cooperating; switch needed,"INC blocks bank financing; ACER vs CRISIL: faster, more responsive, India-focused"
Stalwart Alloys India Ltd.,Fund based financial facility/instrument,BRICKWORK,B,08-07-2025,MEDIUM,Y,Manufacturing,INC with BRICKWORK — not cooperating; switch needed,"INC blocks bank financing; ACER vs BRICKWORK: faster, more responsive, India-focused"
Synergies Castings Ltd.,Term loans,IND-RA,B+,08-07-2025,MEDIUM,Y,Manufacturing,INC with IND-RA — not cooperating; switch needed,"INC blocks bank financing; ACER vs IND-RA: faster, more responsive, India-focused"
Bhadrakali Autocare Pvt. Ltd.,Long term Loans,ACUITE,B-,14-07-2025,MEDIUM,Y,Manufacturing,INC with ACUITE — not cooperating; switch needed,"INC blocks bank financing; ACER vs ACUITE: faster, more responsive, India-focused"
Shri Pariyur Amman Kraft Papers Pvt. Ltd.,Term loans,ACUITE,B,14-07-2025,MEDIUM,Y,Manufacturing,INC with ACUITE — not cooperating; switch needed,"INC blocks bank financing; ACER vs ACUITE: faster, more responsive, India-focused"
Chanvim Engineering (India) Pvt. Ltd.,Term loans,ICRA,B+,14-07-2025,MEDIUM,Y,Manufacturing,INC with ICRA — not cooperating; switch needed,"INC blocks bank financing; ACER vs ICRA: faster, more responsive, India-focused"
Sainik Industries Pvt. Ltd.,Bank Guarantee,BRICKWORK,BB-,14-07-2025,MEDIUM,Y,Manufacturing,INC with BRICKWORK — not cooperating; switch needed,"INC blocks bank financing; ACER vs BRICKWORK: faster, more responsive, India-focused"
Manu Electricals Pvt. Ltd.,Bank Guarantee,BRICKWORK,A 4,11-07-2025,MEDIUM,Y,Manufacturing,INC with BRICKWORK — not cooperating; switch needed,"INC blocks bank financing; ACER vs BRICKWORK: faster, more responsive, India-focused"
Nutrionex Manufacturers Ltd.,Term loans,CARE,D,11-07-2025,MEDIUM,Y,Manufacturing,INC with CARE — not cooperating; switch needed,"INC blocks bank financing; ACER vs CARE: faster, more responsive, India-focused"
Ishwar Ispat Industries Private Limited,Long Term Bank Facilities,Infomerics,IVR BB- (INC)(Downgraded),"July 30, 2025",MEDIUM,Y,Manufacturing,INC with Infomerics — not cooperating; switch to ACER,INC status blocks bank facilities; ACER can restart rating process in 2-3 weeks
SVASCA Industries India Limited,Long Term Bank Facilities,Infomerics,IVR B+ (INC)(Downgraded),"June 27, 2025",MEDIUM,Y,Manufacturing,INC with Infomerics — not cooperating; switch to ACER,INC status blocks bank facilities; ACER can restart rating process in 2-3 weeks
SVASCA Industries India Limited,Short Term Bank Facilities,Infomerics,IVR A4 (INC)(Reaffirmed),"June 27, 2025",MEDIUM,Y,Manufacturing,INC with Infomerics — not cooperating; switch to ACER,INC status blocks bank facilities; ACER can restart rating process in 2-3 weeks
Chowdhry Rubber and Chemical Private Limited,Long Term Bank Facility,Infomerics,IVR B+ (INC)(Downgraded),"August 20, 2025",MEDIUM,Y,Manufacturing,INC with Infomerics — not cooperating; switch to ACER,INC status blocks bank facilities; ACER can restart rating process in 2-3 weeks
Chowdhry Rubber and Chemical Private Limited,Short Term Facility,Infomerics,IVR A4 (INC)(Reaffirmed),"August 20, 2025",MEDIUM,Y,Manufacturing,INC with Infomerics — not cooperating; switch to ACER,INC status blocks bank facilities; ACER can restart rating process in 2-3 weeks
Shonan Engineering Works Private Limited,Long Term Facilities,Infomerics,IVR B (INC)(Downgraded),"August 4, 2025",MEDIUM,Y,Manufacturing,INC with Infomerics — not cooperating; switch to ACER,INC status blocks bank facilities; ACER can restart rating process in 2-3 weeks
Jeevaka Industries Pvt. Ltd.,Non-government debt,ICRA,BB+/A4+,08-07-2025,MEDIUM,Y,Manufacturing,INC with ICRA — not cooperating; switch needed,"INC blocks bank financing; ACER vs ICRA: faster, more responsive, India-focused"
Technofab Engineering Ltd.,Long term Loans,CRISIL,D,08-07-2025,MEDIUM,Y,Manufacturing,INC with CRISIL — not cooperating; switch needed,"INC blocks bank financing; ACER vs CRISIL: faster, more responsive, India-focused"
Jogindra Castings Pvt. Ltd.,Non-fund based working capital limit,IND-RA,A 4+,25-06-2025,MEDIUM,Y,Manufacturing,INC with IND-RA — not cooperating; switch needed,"INC blocks bank financing; ACER vs IND-RA: faster, more responsive, India-focused"
Batliboi Environmental Engineering Ltd. [Merged],Non-fund based working capital limit,IND-RA,A 4,25-06-2025,MEDIUM,Y,Manufacturing,INC with IND-RA — not cooperating; switch needed,"INC blocks bank financing; ACER vs IND-RA: faster, more responsive, India-focused"
Savera Auto Comps Private Limited,Long Term Bank Facilities,Infomerics,IVR BB- (INC)(Downgraded),"November 3, 2025",MEDIUM,Y,Manufacturing,INC with Infomerics — not cooperating; switch to ACER,INC status blocks bank facilities; ACER can restart rating process in 2-3 weeks
Savera Auto Comps Private Limited,Short Term Bank Facilities,Infomerics,IVR A4 (INC)(Downgraded),"November 3, 2025",MEDIUM,Y,Manufacturing,INC with Infomerics — not cooperating; switch to ACER,INC status blocks bank facilities; ACER can restart rating process in 2-3 weeks
ALM Industries Limited,Short Term Bank Facilities,Infomerics,IVR A4 (INC)(Downgraded),"September 29, 2025",MEDIUM,Y,Manufacturing,INC with Infomerics — not cooperating; switch to ACER,INC status blocks bank facilities; ACER can restart rating process in 2-3 weeks
Garg Equipment,Long Term Bank Facilities,Infomerics,IVR C (INC)(Downgraded),"September 22, 2025",MEDIUM,Y,Manufacturing,INC with Infomerics — not cooperating; switch to ACER,INC status blocks bank facilities; ACER can restart rating process in 2-3 weeks
Garg Equipment,Short Term Bank Facilities,Infomerics,IVR A4 (INC)(Reaffirmed),"September 22, 2025",MEDIUM,Y,Manufacturing,INC with Infomerics — not cooperating; switch to ACER,INC status blocks bank facilities; ACER can restart rating process in 2-3 weeks
Sudhesh Industries Private Limited,Long Term Bank Facilities,Infomerics,IVR B+ (INC)(Downgraded),"July 17, 2025",MEDIUM,Y,Manufacturing,INC with Infomerics — not cooperating; switch to ACER,INC status blocks bank facilities; ACER can restart rating process in 2-3 weeks
Corial Ceramic Pvt. Ltd.,Term loans,CRISIL,B,18-07-2025,MEDIUM,Y,Manufacturing,INC with CRISIL — not cooperating; switch needed,"INC blocks bank financing; ACER vs CRISIL: faster, more responsive, India-focused"
Z K L Bearings (India) Pvt. Ltd.,Non-fund based working capital limit,IND-RA,A 4,18-07-2025,MEDIUM,Y,Manufacturing,INC with IND-RA — not cooperating; switch needed,"INC blocks bank financing; ACER vs IND-RA: faster, more responsive, India-focused"
Ocean Motors Pvt. Ltd.,Long term Loans,CRISIL,D,02-07-2025,MEDIUM,Y,Manufacturing,INC with CRISIL — not cooperating; switch needed,"INC blocks bank financing; ACER vs CRISIL: faster, more responsive, India-focused"
Kavisha Motors Pvt. Ltd.,Fund based financial facility/instrument,BRICKWORK,C,02-07-2025,MEDIUM,Y,Manufacturing,INC with BRICKWORK — not cooperating; switch needed,"INC blocks bank financing; ACER vs BRICKWORK: faster, more responsive, India-focused"
J G Foundry Ltd.,Term loans,BRICKWORK,B-,02-07-2025,MEDIUM,Y,Manufacturing,INC with BRICKWORK — not cooperating; switch needed,"INC blocks bank financing; ACER vs BRICKWORK: faster, more responsive, India-focused"
Atul Motors Pvt. Ltd.,Fund based financial facility/instrument,BRICKWORK,A 4,01-07-2025,MEDIUM,Y,Manufacturing,INC with BRICKWORK — not cooperating; switch needed,"INC blocks bank financing; ACER vs BRICKWORK: faster, more responsive, India-focused"
Carnation Industries Ltd.,Letter Of credit,CRISIL,D,30-06-2025,MEDIUM,Y,Manufacturing,INC with CRISIL — not cooperating; switch needed,"INC blocks bank financing; ACER vs CRISIL: faster, more responsive, India-focused"
Karuturi Ceramics Pvt. Ltd.,Bank Guarantee,BRICKWORK,D,30-06-2025,MEDIUM,Y,Manufacturing,INC with BRICKWORK — not cooperating; switch needed,"INC blocks bank financing; ACER vs BRICKWORK: faster, more responsive, India-focused"
Deoghar Industries Pvt. Ltd.,Term loans,CRISIL,B,17-07-2025,MEDIUM,Y,Manufacturing,INC with CRISIL — not cooperating; switch needed,"INC blocks bank financing; ACER vs CRISIL: faster, more responsive, India-focused"
Kanhha Cables Pvt. Ltd.,Letter Of credit,BRICKWORK,A 4,17-07-2025,MEDIUM,Y,Manufacturing,INC with BRICKWORK — not cooperating; switch needed,"INC blocks bank financing; ACER vs BRICKWORK: faster, more responsive, India-focused"
Nirjharaa Industries Pvt. Ltd.,Term loans,IND-RA,B,18-07-2025,MEDIUM,Y,Manufacturing,INC with IND-RA — not cooperating; switch needed,"INC blocks bank financing; ACER vs IND-RA: faster, more responsive, India-focused"
Prince Mfg Inds. Pvt. Ltd.,Term loans,IND-RA,D,18-07-2025,MEDIUM,Y,Manufacturing,INC with IND-RA — not cooperating; switch needed,"INC blocks bank financing; ACER vs IND-RA: faster, more responsive, India-focused"
G 3 Motors Ltd.,Long term Loans,CRISIL,D,18-07-2025,MEDIUM,Y,Manufacturing,INC with CRISIL — not cooperating; switch needed,"INC blocks bank financing; ACER vs CRISIL: faster, more responsive, India-focused"
Prashant Automobiles Pvt. Ltd.,Term loans,IND-RA,B-,18-07-2025,MEDIUM,Y,Manufacturing,INC with IND-RA — not cooperating; switch needed,"INC blocks bank financing; ACER vs IND-RA: faster, more responsive, India-focused"
G G Automotive Gears Ltd.,Bank Guarantee,BRICKWORK,A 4,18-07-2025,MEDIUM,Y,Manufacturing,INC with BRICKWORK — not cooperating; switch needed,"INC blocks bank financing; ACER vs BRICKWORK: faster, more responsive, India-focused"
Asia (Chennai) Engineering Co. Pvt. Ltd.,Non-fund based working capital limit,IND-RA,A 4,18-07-2025,MEDIUM,Y,Manufacturing,INC with IND-RA — not cooperating; switch needed,"INC blocks bank financing; ACER vs IND-RA: faster, more responsive, India-focused"
Knack Packaging Ltd.,Term loans,IND-RA,B+,25-06-2025,MEDIUM,Y,Manufacturing,INC with IND-RA — not cooperating; switch needed,"INC blocks bank financing; ACER vs IND-RA: faster, more responsive, India-focused"
Ajanta Manufacturing Pvt. Ltd.,Non-fund based working capital limit,IND-RA,B+,25-06-2025,MEDIUM,Y,Manufacturing,INC with IND-RA — not cooperating; switch needed,"INC blocks bank financing; ACER vs IND-RA: faster, more responsive, India-focused"
Ellenbarrie Industrial Gases Ltd.,Bank Guarantee,CRISIL,A 2+,25-06-2025,MEDIUM,Y,Manufacturing,INC with CRISIL — not cooperating; switch needed,"INC blocks bank financing; ACER vs CRISIL: faster, more responsive, India-focused"
Gramox Paper & Boards Pvt. Ltd.,Term loans,IND-RA,B-,25-06-2025,MEDIUM,Y,Manufacturing,INC with IND-RA — not cooperating; switch needed,"INC blocks bank financing; ACER vs IND-RA: faster, more responsive, India-focused"
Goyal Glassware Pvt. Ltd.,Non-fund based working capital limit,IND-RA,A 4+,25-06-2025,MEDIUM,Y,Manufacturing,INC with IND-RA — not cooperating; switch needed,"INC blocks bank financing; ACER vs IND-RA: faster, more responsive, India-focused"
Hindustan Ferro Alloy Inds. Pvt. Ltd.,Non-fund based working capital limit,IND-RA,A 4,25-06-2025,MEDIUM,Y,Manufacturing,INC with IND-RA — not cooperating; switch needed,"INC blocks bank financing; ACER vs IND-RA: faster, more responsive, India-focused"
M & M Auto Inds. Pvt. Ltd.,Bank Guarantee,CRISIL,A 4,17-07-2025,MEDIUM,Y,Manufacturing,INC with CRISIL — not cooperating; switch needed,"INC blocks bank financing; ACER vs CRISIL: faster, more responsive, India-focused"
Coastal Agro Industries Pvt. Ltd.,Long term Loans,CRISIL,B,17-07-2025,MEDIUM,Y,Manufacturing,INC with CRISIL — not cooperating; switch needed,"INC blocks bank financing; ACER vs CRISIL: faster, more responsive, India-focused"
Trivandrum Motors Pvt. Ltd.,Term loans,CARE,B,23-06-2025,MEDIUM,Y,Manufacturing,INC with CARE — not cooperating; switch needed,"INC blocks bank financing; ACER vs CARE: faster, more responsive, India-focused"
Yamuna Industries Ltd.,Term loans,CRISIL,B+,23-06-2025,MEDIUM,Y,Manufacturing,INC with CRISIL — not cooperating; switch needed,"INC blocks bank financing; ACER vs CRISIL: faster, more responsive, India-focused"
Sri Jayarama Motors Pvt. Ltd.,Non-government debt,ICRA,B+/A4,25-06-2025,MEDIUM,Y,Manufacturing,INC with ICRA — not cooperating; switch needed,"INC blocks bank financing; ACER vs ICRA: faster, more responsive, India-focused"
Globe Automobiles Pvt. Ltd.,Term loans,ICRA,BB+,25-06-2025,MEDIUM,Y,Manufacturing,INC with ICRA — not cooperating; switch needed,"INC blocks bank financing; ACER vs ICRA: faster, more responsive, India-focused"
Vishwa Industrial Co. Ltd.,Bank Guarantee,CARE,A 4,25-06-2025,MEDIUM,Y,Manufacturing,INC with CARE — not cooperating; switch needed,"INC blocks bank financing; ACER vs CARE: faster, more responsive, India-focused"
Hercules Automobiles Intl. Pvt. Ltd.,Term loans,IND-RA,D,25-06-2025,MEDIUM,Y,Manufacturing,INC with IND-RA — not cooperating; switch needed,"INC blocks bank financing; ACER vs IND-RA: faster, more responsive, India-focused"
A K S Electricals & Electronics Ltd.,Non-fund based working capital limit,IND-RA,A 4,25-06-2025,MEDIUM,Y,Manufacturing,INC with IND-RA — not cooperating; switch needed,"INC blocks bank financing; ACER vs IND-RA: faster, more responsive, India-focused"
Twinkle Papers Ltd.,Letter Of credit,CARE,A 4,25-06-2025,MEDIUM,Y,Manufacturing,INC with CARE — not cooperating; switch needed,"INC blocks bank financing; ACER vs CARE: faster, more responsive, India-focused"
Patnaik Steels & Alloys Ltd. [Merged],Bank Guarantee,CRISIL,A 4,25-07-2025,MEDIUM,Y,Manufacturing,INC with CRISIL — not cooperating; switch needed,"INC blocks bank financing; ACER vs CRISIL: faster, more responsive, India-focused"
Amazoone Ceramics Ltd.,Non-fund-based financial facility/instrument,ICRA,A 4,25-07-2025,MEDIUM,Y,Manufacturing,INC with ICRA — not cooperating; switch needed,"INC blocks bank financing; ACER vs ICRA: faster, more responsive, India-focused"
Muktar Automobiles Pvt. Ltd.,Bank Guarantee,CARE,D,16-07-2025,MEDIUM,Y,Manufacturing,INC with CARE — not cooperating; switch needed,"INC blocks bank financing; ACER vs CARE: faster, more responsive, India-focused"
Brijlax Motors Pvt. Ltd.,Fund based financial facility/instrument,CRISIL,B,16-07-2025,MEDIUM,Y,Manufacturing,INC with CRISIL — not cooperating; switch needed,"INC blocks bank financing; ACER vs CRISIL: faster, more responsive, India-focused"
N P T Papers Pvt. Ltd.,Letter Of credit,CRISIL,A 4+,15-07-2025,MEDIUM,Y,Manufacturing,INC with CRISIL — not cooperating; switch needed,"INC blocks bank financing; ACER vs CRISIL: faster, more responsive, India-focused"
Achiever Apparels Pvt. Ltd.,Short-term loan,CARE,A 4,15-07-2025,MEDIUM,Y,Manufacturing,INC with CARE — not cooperating; switch needed,"INC blocks bank financing; ACER vs CARE: faster, more responsive, India-focused"
K E W Industries Ltd.,Term loans,CRISIL,D,14-07-2025,MEDIUM,Y,Manufacturing,INC with CRISIL — not cooperating; switch needed,"INC blocks bank financing; ACER vs CRISIL: faster, more responsive, India-focused"
King'S Motors Pvt. Ltd.,Term loans,CRISIL,B+,14-07-2025,MEDIUM,Y,Manufacturing,INC with CRISIL — not cooperating; switch needed,"INC blocks bank financing; ACER vs CRISIL: faster, more responsive, India-focused"
Sai Industries Pvt. Ltd.,Letter Of credit,CARE,A 4,23-07-2025,MEDIUM,Y,Manufacturing,INC with CARE — not cooperating; switch needed,"INC blocks bank financing; ACER vs CARE: faster, more responsive, India-focused"
Nachimuthu Industrial Association,Long term Loans,CRISIL,B-,23-07-2025,MEDIUM,Y,Manufacturing,INC with CRISIL — not cooperating; switch needed,"INC blocks bank financing; ACER vs CRISIL: faster, more responsive, India-focused"
P P Rubber Products Pvt. Ltd.,Term loans,CARE,B-,29-07-2025,MEDIUM,Y,Manufacturing,INC with CARE — not cooperating; switch needed,"INC blocks bank financing; ACER vs CARE: faster, more responsive, India-focused"
H P Valves & Fittings India Pvt. Ltd.,Term loans,CRISIL,B,29-07-2025,MEDIUM,Y,Manufacturing,INC with CRISIL — not cooperating; switch needed,"INC blocks bank financing; ACER vs CRISIL: faster, more responsive, India-focused"
Shree Ponni Lead Alloy Pvt. Ltd.,Term loans,CRISIL,B,29-07-2025,MEDIUM,Y,Manufacturing,INC with CRISIL — not cooperating; switch needed,"INC blocks bank financing; ACER vs CRISIL: faster, more responsive, India-focused"
Hercules Pigments Pvt. Ltd.,Fund based financial facility/instrument,CRISIL,B,29-07-2025,MEDIUM,Y,Manufacturing,INC with CRISIL — not cooperating; switch needed,"INC blocks bank financing; ACER vs CRISIL: faster, more responsive, India-focused"
Gunina Alloy & Steel Pvt. Ltd.,Bank Guarantee,CRISIL,A 4,28-07-2025,MEDIUM,Y,Manufacturing,INC with CRISIL — not cooperating; switch needed,"INC blocks bank financing; ACER vs CRISIL: faster, more responsive, India-focused"
Maa Sheetla Autowheels Pvt. Ltd.,Letter Of credit,CRISIL,A 4,25-07-2025,MEDIUM,Y,Manufacturing,INC with CRISIL — not cooperating; switch needed,"INC blocks bank financing; ACER vs CRISIL: faster, more responsive, India-focused"
Shree Bhageshwari Papers Pvt. Ltd.,Bank Guarantee,BRICKWORK,A 4,03-07-2025,MEDIUM,Y,Manufacturing,INC with BRICKWORK — not cooperating; switch needed,"INC blocks bank financing; ACER vs BRICKWORK: faster, more responsive, India-focused"
Lakshmi Float Glass Ltd.,Term loans,BRICKWORK,B,03-07-2025,MEDIUM,Y,Manufacturing,INC with BRICKWORK — not cooperating; switch needed,"INC blocks bank financing; ACER vs BRICKWORK: faster, more responsive, India-focused"
Mangalam Alloys Ltd.,Fund based financial facility/instrument,BRICKWORK,BB-,10-07-2025,MEDIUM,Y,Manufacturing,INC with BRICKWORK — not cooperating; switch needed,"INC blocks bank financing; ACER vs BRICKWORK: faster, more responsive, India-focused"
U T M Engineering Pvt. Ltd.,Bank Guarantee,CRISIL,D,09-07-2025,MEDIUM,Y,Manufacturing,INC with CRISIL — not cooperating; switch needed,"INC blocks bank financing; ACER vs CRISIL: faster, more responsive, India-focused"
Akanksha Automobiles (Rudrapur) Pvt. Ltd.,Non-fund-based financial facility/instrument,CRISIL,A 4+,09-07-2025,MEDIUM,Y,Manufacturing,INC with CRISIL — not cooperating; switch needed,"INC blocks bank financing; ACER vs CRISIL: faster, more responsive, India-focused"
Akanksha Automobiles Pvt. Ltd.,Term loans,ICRA,B+,09-07-2025,MEDIUM,Y,Manufacturing,INC with ICRA — not cooperating; switch needed,"INC blocks bank financing; ACER vs ICRA: faster, more responsive, India-focused"
Synco Industries Ltd.,Non-fund-based financial facility/instrument,ICRA,A 4,25-07-2025,MEDIUM,Y,Manufacturing,INC with ICRA — not cooperating; switch needed,"INC blocks bank financing; ACER vs ICRA: faster, more responsive, India-focused"
East India Packaging Pvt. Ltd.,Long term Loans,CRISIL,B+,23-07-2025,MEDIUM,Y,Manufacturing,INC with CRISIL — not cooperating; switch needed,"INC blocks bank financing; ACER vs CRISIL: faster, more responsive, India-focused"
Sebros Industries Pvt. Ltd.,Letter Of credit,CRISIL,A 4,30-06-2025,MEDIUM,Y,Manufacturing,INC with CRISIL — not cooperating; switch needed,"INC blocks bank financing; ACER vs CRISIL: faster, more responsive, India-focused"
Prometrik Engineering Ltd.,Non-fund-based financial facility/instrument,ICRA,A 4,27-06-2025,MEDIUM,Y,Manufacturing,INC with ICRA — not cooperating; switch needed,"INC blocks bank financing; ACER vs ICRA: faster, more responsive, India-focused"
T I Anode Fabricators Pvt. Ltd.,Bank Guarantee,CRISIL,A 4+,08-07-2025,MEDIUM,Y,Manufacturing,INC with CRISIL — not cooperating; switch needed,"INC blocks bank financing; ACER vs CRISIL: faster, more responsive, India-focused"
Truvolt Engineering Co. Pvt. Ltd.,Letter Of credit,BRICKWORK,A 4,08-07-2025,MEDIUM,Y,Manufacturing,INC with BRICKWORK — not cooperating; switch needed,"INC blocks bank financing; ACER vs BRICKWORK: faster, more responsive, India-focused"
Bharat Industrial Enterprises Pvt. Ltd.,Fund based financial facility/instrument,BRICKWORK,BB,07-07-2025,MEDIUM,Y,Manufacturing,INC with BRICKWORK — not cooperating; switch needed,"INC blocks bank financing; ACER vs BRICKWORK: faster, more responsive, India-focused"
Guinea Motors Pvt. Ltd.,Term loans,CRISIL,D,04-07-2025,MEDIUM,Y,Manufacturing,INC with CRISIL — not cooperating; switch needed,"INC blocks bank financing; ACER vs CRISIL: faster, more responsive, India-focused"
Padam Motors Pvt. Ltd.,Term loans,CARE,D,04-07-2025,MEDIUM,Y,Manufacturing,INC with CARE — not cooperating; switch needed,"INC blocks bank financing; ACER vs CARE: faster, more responsive, India-focused"
L G W Industries Ltd.,Fund based financial facility/instrument,CARE,B,03-07-2025,MEDIUM,Y,Manufacturing,INC with CARE — not cooperating; switch needed,"INC blocks bank financing; ACER vs CARE: faster, more responsive, India-focused"
T R G Industries Pvt. Ltd.,Bank Guarantee,CRISIL,A 4,31-07-2025,MEDIUM,Y,Manufacturing,INC with CRISIL — not cooperating; switch needed,"INC blocks bank financing; ACER vs CRISIL: faster, more responsive, India-focused"
Porwal Auto Components Ltd.,Bank Guarantee,CRISIL,A 4,31-07-2025,MEDIUM,Y,Manufacturing,INC with CRISIL — not cooperating; switch needed,"INC blocks bank financing; ACER vs CRISIL: faster, more responsive, India-focused"
Star Kraft Papers Pvt. Ltd.,Bank Guarantee,CRISIL,A 4,21-07-2025,MEDIUM,Y,Manufacturing,INC with CRISIL — not cooperating; switch needed,"INC blocks bank financing; ACER vs CRISIL: faster, more responsive, India-focused"
Wegmans Industries Pvt. Ltd.,Term loans,BRICKWORK,C,21-07-2025,MEDIUM,Y,Manufacturing,INC with BRICKWORK — not cooperating; switch needed,"INC blocks bank financing; ACER vs BRICKWORK: faster, more responsive, India-focused"
Truevalue Engineering Pvt. Ltd.,Long term Loans,ACUITE,C,21-07-2025,MEDIUM,Y,Manufacturing,INC with ACUITE — not cooperating; switch needed,"INC blocks bank financing; ACER vs ACUITE: faster, more responsive, India-focused"
W R C Engineering Co. Pvt. Ltd.,Term loans,IND-RA,B-,18-07-2025,MEDIUM,Y,Manufacturing,INC with IND-RA — not cooperating; switch needed,"INC blocks bank financing; ACER vs IND-RA: faster, more responsive, India-focused"
Lexus Motors Ltd.,Term loans,CRISIL,B,18-07-2025,MEDIUM,Y,Manufacturing,INC with CRISIL — not cooperating; switch needed,"INC blocks bank financing; ACER vs CRISIL: faster, more responsive, India-focused"
Vega Conveyors & Automation Pvt. Ltd.,Term loans,IND-RA,BB-,18-07-2025,MEDIUM,Y,Manufacturing,INC with IND-RA — not cooperating; switch needed,"INC blocks bank financing; ACER vs IND-RA: faster, more responsive, India-focused"
Sas Automotives Pvt. Ltd.,Long term Loans,CRISIL,B,30-07-2025,MEDIUM,Y,Manufacturing,INC with CRISIL — not cooperating; switch needed,"INC blocks bank financing; ACER vs CRISIL: faster, more responsive, India-focused"
Hav Motors Pvt. Ltd.,Term loans,CRISIL,B+,30-07-2025,MEDIUM,Y,Manufacturing,INC with CRISIL — not cooperating; switch needed,"INC blocks bank financing; ACER vs CRISIL: faster, more responsive, India-focused"
G S Autocomp Pvt. Ltd.,Letter Of credit,BRICKWORK,A 4,01-08-2025,MEDIUM,Y,Manufacturing,INC with BRICKWORK — not cooperating; switch needed,"INC blocks bank financing; ACER vs BRICKWORK: faster, more responsive, India-focused"
Bafna Motors (India) Pvt. Ltd.,Term loans,CARE,D,01-08-2025,MEDIUM,Y,Manufacturing,INC with CARE — not cooperating; switch needed,"INC blocks bank financing; ACER vs CARE: faster, more responsive, India-focused"
Karthik Alloys Ltd.,Bank Guarantee,CARE,D,01-08-2025,MEDIUM,Y,Manufacturing,INC with CARE — not cooperating; switch needed,"INC blocks bank financing; ACER vs CARE: faster, more responsive, India-focused"
Crystal Ceramic Inds. Ltd.,Bank Guarantee,ICRA,B+(CE),31-07-2025,MEDIUM,Y,Manufacturing,INC with ICRA — not cooperating; switch needed,"INC blocks bank financing; ACER vs ICRA: faster, more responsive, India-focused"
Subam Papers Ltd.,Long term Loans,CRISIL,B,31-07-2025,MEDIUM,Y,Manufacturing,INC with CRISIL — not cooperating; switch needed,"INC blocks bank financing; ACER vs CRISIL: faster, more responsive, India-focused"
Patil Automation Ltd.,Term loans,CRISIL,B,31-07-2025,MEDIUM,Y,Manufacturing,INC with CRISIL — not cooperating; switch needed,"INC blocks bank financing; ACER vs CRISIL: faster, more responsive, India-focused"
Mahaveer Infraengineering Pvt. Ltd.,Long term Loans,CRISIL,B-,16-07-2025,MEDIUM,Y,Manufacturing,INC with CRISIL — not cooperating; switch needed,"INC blocks bank financing; ACER vs CRISIL: faster, more responsive, India-focused"
Binjusaria Papers Pvt. Ltd.,Long term Loans,CRISIL,B+,16-07-2025,MEDIUM,Y,Manufacturing,INC with CRISIL — not cooperating; switch needed,"INC blocks bank financing; ACER vs CRISIL: faster, more responsive, India-focused"
Premier India Bearings Ltd.,Non-fund based working capital limit,IND-RA,A 4,18-07-2025,MEDIUM,Y,Manufacturing,INC with IND-RA — not cooperating; switch needed,"INC blocks bank financing; ACER vs IND-RA: faster, more responsive, India-focused"
Pelican Rubber Ltd.,Non-fund based working capital limit,IND-RA,D,18-07-2025,MEDIUM,Y,Manufacturing,INC with IND-RA — not cooperating; switch needed,"INC blocks bank financing; ACER vs IND-RA: faster, more responsive, India-focused"
Saraya Industries Ltd.,Non-fund based working capital limit,IND-RA,D,18-07-2025,MEDIUM,Y,Manufacturing,INC with IND-RA — not cooperating; switch needed,"INC blocks bank financing; ACER vs IND-RA: faster, more responsive, India-focused"
Pentagon Assembly Automation Pvt. Ltd.,Bank Guarantee,ACUITE,A 4,17-07-2025,MEDIUM,Y,Manufacturing,INC with ACUITE — not cooperating; switch needed,"INC blocks bank financing; ACER vs ACUITE: faster, more responsive, India-focused"
Segno Ceramics Pvt. Ltd.,Term loans,CRISIL,B,31-07-2025,MEDIUM,Y,Manufacturing,INC with CRISIL — not cooperating; switch needed,"INC blocks bank financing; ACER vs CRISIL: faster, more responsive, India-focused"
Sezon Papers Pvt. Ltd.,Term loans,CRISIL,B,31-07-2025,MEDIUM,Y,Manufacturing,INC with CRISIL — not cooperating; switch needed,"INC blocks bank financing; ACER vs CRISIL: faster, more responsive, India-focused"
Panorama Electronics Pvt. Ltd.,Long term Loans,CRISIL,B,14-07-2025,MEDIUM,Y,Manufacturing,INC with CRISIL — not cooperating; switch needed,"INC blocks bank financing; ACER vs CRISIL: faster, more responsive, India-focused"
Rainbow Packaging Pvt. Ltd.,Term loans,ACUITE,B,14-07-2025,MEDIUM,Y,Manufacturing,INC with ACUITE — not cooperating; switch needed,"INC blocks bank financing; ACER vs ACUITE: faster, more responsive, India-focused"
Birma Industrial & Business Enterprise Pvt. Ltd.,Long term Loans,CRISIL,B,17-07-2025,MEDIUM,Y,Manufacturing,INC with CRISIL — not cooperating; switch needed,"INC blocks bank financing; ACER vs CRISIL: faster, more responsive, India-focused"
Ishwar Cables Pvt. Ltd.,Non-fund-based financial facility/instrument,ICRA,D,17-07-2025,MEDIUM,Y,Manufacturing,INC with ICRA — not cooperating; switch needed,"INC blocks bank financing; ACER vs ICRA: faster, more responsive, India-focused"
Devprayag Paper Mill Pvt. Ltd.,Term loans,CRISIL,B,17-07-2025,MEDIUM,Y,Manufacturing,INC with CRISIL — not cooperating; switch needed,"INC blocks bank financing; ACER vs CRISIL: faster, more responsive, India-focused"
Metropolitan Equipments & Consultants Pvt. Ltd.,Bank Guarantee,CRISIL,A 4,16-07-2025,MEDIUM,Y,Manufacturing,INC with CRISIL — not cooperating; switch needed,"INC blocks bank financing; ACER vs CRISIL: faster, more responsive, India-focused"
T R B Industries Ltd.,Non-government debt,BRICKWORK,A 4,16-07-2025,MEDIUM,Y,Manufacturing,INC with BRICKWORK — not cooperating; switch needed,"INC blocks bank financing; ACER vs BRICKWORK: faster, more responsive, India-focused"
Best Knitting Mills Pvt. Ltd.,Long term Loans,CRISIL,B,16-07-2025,MEDIUM,Y,Manufacturing,INC with CRISIL — not cooperating; switch needed,"INC blocks bank financing; ACER vs CRISIL: faster, more responsive, India-focused"
S & T Welcare Equipments Pvt. Ltd.,Bank Guarantee,CRISIL,A 4+,08-08-2025,MEDIUM,Y,Manufacturing,INC with CRISIL — not cooperating; switch needed,"INC blocks bank financing; ACER vs CRISIL: faster, more responsive, India-focused"
Kailash Marble Industries Pvt. Ltd.,Letter Of credit,BRICKWORK,D,08-08-2025,MEDIUM,Y,Manufacturing,INC with BRICKWORK — not cooperating; switch needed,"INC blocks bank financing; ACER vs BRICKWORK: faster, more responsive, India-focused"
Nik -San Engineering Co. Ltd.,Letter Of credit,CRISIL,A 4,29-07-2025,MEDIUM,Y,Manufacturing,INC with CRISIL — not cooperating; switch needed,"INC blocks bank financing; ACER vs CRISIL: faster, more responsive, India-focused"
Team Ferro Alloys Pvt. Ltd.,Letter Of credit,BRICKWORK,A 4,29-07-2025,MEDIUM,Y,Manufacturing,INC with BRICKWORK — not cooperating; switch needed,"INC blocks bank financing; ACER vs BRICKWORK: faster, more responsive, India-focused"
Venkatalakshmi Paper & Boards Pvt. Ltd.,Term loans,CARE,B,29-07-2025,MEDIUM,Y,Manufacturing,INC with CARE — not cooperating; switch needed,"INC blocks bank financing; ACER vs CARE: faster, more responsive, India-focused"
Y C D Industries Ltd.,Letter Of credit,CARE,A 4,29-07-2025,MEDIUM,Y,Manufacturing,INC with CARE — not cooperating; switch needed,"INC blocks bank financing; ACER vs CARE: faster, more responsive, India-focused"
Sanya Motors Pvt. Ltd.,Term loans,CRISIL,B,29-07-2025,MEDIUM,Y,Manufacturing,INC with CRISIL — not cooperating; switch needed,"INC blocks bank financing; ACER vs CRISIL: faster, more responsive, India-focused"
Sharu Special Alloys Pvt. Ltd.,Letter Of credit,CRISIL,A 4,29-07-2025,MEDIUM,Y,Manufacturing,INC with CRISIL — not cooperating; switch needed,"INC blocks bank financing; ACER vs CRISIL: faster, more responsive, India-focused"
Falcon Pumps Pvt. Ltd.,Bank Guarantee,ICRA,A 4+,07-08-2025,MEDIUM,Y,Manufacturing,INC with ICRA — not cooperating; switch needed,"INC blocks bank financing; ACER vs ICRA: faster, more responsive, India-focused"
Sri Vinayaka Paper & Boards Ltd.,Fund based financial facility/instrument,BRICKWORK,D,07-08-2025,MEDIUM,Y,Manufacturing,INC with BRICKWORK — not cooperating; switch needed,"INC blocks bank financing; ACER vs BRICKWORK: faster, more responsive, India-focused"
J B F Industries Ltd.,Fund based financial facility/instrument,CARE,D,11-08-2025,MEDIUM,Y,Manufacturing,INC with CARE — not cooperating; switch needed,"INC blocks bank financing; ACER vs CARE: faster, more responsive, India-focused"
Emkay Forgings Pvt. Ltd.,Long term Loans,CRISIL,B,11-08-2025,MEDIUM,Y,Manufacturing,INC with CRISIL — not cooperating; switch needed,"INC blocks bank financing; ACER vs CRISIL: faster, more responsive, India-focused"
Krishnaping Alloys Ltd.,Letter Of credit,CRISIL,D,11-08-2025,MEDIUM,Y,Manufacturing,INC with CRISIL — not cooperating; switch needed,"INC blocks bank financing; ACER vs CRISIL: faster, more responsive, India-focused"
Mahelka Motors Pvt. Ltd.,Term loans,CRISIL,B+,11-08-2025,MEDIUM,Y,Manufacturing,INC with CRISIL — not cooperating; switch needed,"INC blocks bank financing; ACER vs CRISIL: faster, more responsive, India-focused"
Mahamaya Casting Pvt. Ltd.,Term loans,CRISIL,B,11-08-2025,MEDIUM,Y,Manufacturing,INC with CRISIL — not cooperating; switch needed,"INC blocks bank financing; ACER vs CRISIL: faster, more responsive, India-focused"
Auto Ignition Ltd.,Bank Guarantee,BRICKWORK,A 4,08-08-2025,MEDIUM,Y,Manufacturing,INC with BRICKWORK — not cooperating; switch needed,"INC blocks bank financing; ACER vs BRICKWORK: faster, more responsive, India-focused"
Ferrum Extreme Engineering Pvt. Ltd.,Bank Guarantee,CRISIL,A 4,21-07-2025,MEDIUM,Y,Manufacturing,INC with CRISIL — not cooperating; switch needed,"INC blocks bank financing; ACER vs CRISIL: faster, more responsive, India-focused"
Vapi Pigments Pvt. Ltd.,Long term Loans,ACUITE,B,21-07-2025,MEDIUM,Y,Manufacturing,INC with ACUITE — not cooperating; switch needed,"INC blocks bank financing; ACER vs ACUITE: faster, more responsive, India-focused"
N S Engineering Projects Pvt. Ltd.,Bank Guarantee,CRISIL,D,25-07-2025,MEDIUM,Y,Manufacturing,INC with CRISIL — not cooperating; switch needed,"INC blocks bank financing; ACER vs CRISIL: faster, more responsive, India-focused"
Janardhan Industries Ltd.,Fund based financial facility/instrument,CRISIL,D,25-07-2025,MEDIUM,Y,Manufacturing,INC with CRISIL — not cooperating; switch needed,"INC blocks bank financing; ACER vs CRISIL: faster, more responsive, India-focused"
Yuno Packaging Pvt. Ltd.,Bank Guarantee,BRICKWORK,A 4,25-07-2025,MEDIUM,Y,Manufacturing,INC with BRICKWORK — not cooperating; switch needed,"INC blocks bank financing; ACER vs BRICKWORK: faster, more responsive, India-focused"
Madhuram Industries Pvt. Ltd.,Term loans,BRICKWORK,C,25-07-2025,MEDIUM,Y,Manufacturing,INC with BRICKWORK — not cooperating; switch needed,"INC blocks bank financing; ACER vs BRICKWORK: faster, more responsive, India-focused"
Velox Motors Pvt. Ltd.,Term loans,CRISIL,BB,07-08-2025,MEDIUM,Y,Manufacturing,INC with CRISIL — not cooperating; switch needed,"INC blocks bank financing; ACER vs CRISIL: faster, more responsive, India-focused"
Aventura Components Pvt. Ltd.,Bank Guarantee,BRICKWORK,D,07-08-2025,MEDIUM,Y,Manufacturing,INC with BRICKWORK — not cooperating; switch needed,"INC blocks bank financing; ACER vs BRICKWORK: faster, more responsive, India-focused"
Sunraj Ceramic Pvt. Ltd.,Term loans,IND-RA,B,18-07-2025,MEDIUM,Y,Manufacturing,INC with IND-RA — not cooperating; switch needed,"INC blocks bank financing; ACER vs IND-RA: faster, more responsive, India-focused"
Venus Alloys Pvt. Ltd.,Term loans,IND-RA,B+,18-07-2025,MEDIUM,Y,Manufacturing,INC with IND-RA — not cooperating; switch needed,"INC blocks bank financing; ACER vs IND-RA: faster, more responsive, India-focused"
Neeraj Paper Agencies Ltd.,Fund based financial facility/instrument,CRISIL,B+,23-07-2025,MEDIUM,Y,Manufacturing,INC with CRISIL — not cooperating; switch needed,"INC blocks bank financing; ACER vs CRISIL: faster, more responsive, India-focused"
Riddhi Casting Pvt. Ltd.,Term loans,CRISIL,B+,23-07-2025,MEDIUM,Y,Manufacturing,INC with CRISIL — not cooperating; switch needed,"INC blocks bank financing; ACER vs CRISIL: faster, more responsive, India-focused"
Favourite Plus Ceramic Pvt. Ltd.,Long term Loans,CRISIL,B,23-07-2025,MEDIUM,Y,Manufacturing,INC with CRISIL — not cooperating; switch needed,"INC blocks bank financing; ACER vs CRISIL: faster, more responsive, India-focused"
Rasandik Auto Components Pvt. Ltd.,Bank Guarantee,CRISIL,D,23-07-2025,MEDIUM,Y,Manufacturing,INC with CRISIL — not cooperating; switch needed,"INC blocks bank financing; ACER vs CRISIL: faster, more responsive, India-focused"
Akshara Motors Pvt. Ltd.,Term loans,ICRA,B+,22-07-2025,MEDIUM,Y,Manufacturing,INC with ICRA — not cooperating; switch needed,"INC blocks bank financing; ACER vs ICRA: faster, more responsive, India-focused"
Premier Knits Apparel (India) Pvt. Ltd.,Term loans,CRISIL,BB-,22-07-2025,MEDIUM,Y,Manufacturing,INC with CRISIL — not cooperating; switch needed,"INC blocks bank financing; ACER vs CRISIL: faster, more responsive, India-focused"
Brijlaxmi Paper Products Pvt. Ltd.,Bank Guarantee,BRICKWORK,D,19-08-2025,MEDIUM,Y,Manufacturing,INC with BRICKWORK — not cooperating; switch needed,"INC blocks bank financing; ACER vs BRICKWORK: faster, more responsive, India-focused"
Akshat Plastics Pvt. Ltd.,Long term Loans,ACUITE,BB,19-08-2025,MEDIUM,Y,Manufacturing,INC with ACUITE — not cooperating; switch needed,"INC blocks bank financing; ACER vs ACUITE: faster, more responsive, India-focused"
Blue Stampings & Forgings Ltd.,Term loans,ACUITE,B,04-08-2025,MEDIUM,Y,Manufacturing,INC with ACUITE — not cooperating; switch needed,"INC blocks bank financing; ACER vs ACUITE: faster, more responsive, India-focused"
Verma Motors Pvt. Ltd.,Term loans,BRICKWORK,C,04-08-2025,MEDIUM,Y,Manufacturing,INC with BRICKWORK — not cooperating; switch needed,"INC blocks bank financing; ACER vs BRICKWORK: faster, more responsive, India-focused"
Chatterjee Engineering Pvt. Ltd.,Letter Of credit,CRISIL,A 4+,04-08-2025,MEDIUM,Y,Manufacturing,INC with CRISIL — not cooperating; switch needed,"INC blocks bank financing; ACER vs CRISIL: faster, more responsive, India-focused"
Bend-N-Fab Engineering Pvt. Ltd.,Non-government debt,CARE,B-/A4,01-08-2025,MEDIUM,Y,Manufacturing,INC with CARE — not cooperating; switch needed,"INC blocks bank financing; ACER vs CARE: faster, more responsive, India-focused"
S K F Boilers & Driers Pvt. Ltd.,Bank Guarantee,BRICKWORK,A 4,01-08-2025,MEDIUM,Y,Manufacturing,INC with BRICKWORK — not cooperating; switch needed,"INC blocks bank financing; ACER vs BRICKWORK: faster, more responsive, India-focused"
Versatile Wires Ltd.,Letter Of credit,BRICKWORK,A 4,01-08-2025,MEDIUM,Y,Manufacturing,INC with BRICKWORK — not cooperating; switch needed,"INC blocks bank financing; ACER vs BRICKWORK: faster, more responsive, India-focused"
Garg Industries Ltd. (Delhi),Non-fund-based financial facility/instrument,ICRA,A 4,18-08-2025,MEDIUM,Y,Manufacturing,INC with ICRA — not cooperating; switch needed,"INC blocks bank financing; ACER vs ICRA: faster, more responsive, India-focused"
Shreeji Automobiles Pvt. Ltd.,Fund based financial facility/instrument,CRISIL,A 4,14-08-2025,MEDIUM,Y,Manufacturing,INC with CRISIL — not cooperating; switch needed,"INC blocks bank financing; ACER vs CRISIL: faster, more responsive, India-focused"
Canaan Engineering Pvt. Ltd.,Non-government debt,IND-RA,D,21-08-2025,MEDIUM,Y,Manufacturing,INC with IND-RA — not cooperating; switch needed,"INC blocks bank financing; ACER vs IND-RA: faster, more responsive, India-focused"
B D Motors Ltd.,Term loans,IND-RA,D,21-08-2025,MEDIUM,Y,Manufacturing,INC with IND-RA — not cooperating; switch needed,"INC blocks bank financing; ACER vs IND-RA: faster, more responsive, India-focused"
Gajanan Industries Ltd.,Letter Of credit,CRISIL,A 4,21-08-2025,MEDIUM,Y,Manufacturing,INC with CRISIL — not cooperating; switch needed,"INC blocks bank financing; ACER vs CRISIL: faster, more responsive, India-focused"
R M J Motors Pvt. Ltd.,Fund based financial facility/instrument,CRISIL,BB,20-08-2025,MEDIUM,Y,Manufacturing,INC with CRISIL — not cooperating; switch needed,"INC blocks bank financing; ACER vs CRISIL: faster, more responsive, India-focused"
Cemcon Casting Pvt. Ltd.,Bank Guarantee,CRISIL,A 4+,20-08-2025,MEDIUM,Y,Manufacturing,INC with CRISIL — not cooperating; switch needed,"INC blocks bank financing; ACER vs CRISIL: faster, more responsive, India-focused"
Bohra Industries Ltd.,Letter Of credit,BRICKWORK,D,19-08-2025,MEDIUM,Y,Manufacturing,INC with BRICKWORK — not cooperating; switch needed,"INC blocks bank financing; ACER vs BRICKWORK: faster, more responsive, India-focused"
H M T C Engineering Co. (Kolkata) Pvt. Ltd.,Bank Guarantee,CRISIL,A 4,30-07-2025,MEDIUM,Y,Manufacturing,INC with CRISIL — not cooperating; switch needed,"INC blocks bank financing; ACER vs CRISIL: faster, more responsive, India-focused"
R P G Industrial Product Pvt. Ltd.,Bank Guarantee,CRISIL,A 4,30-07-2025,MEDIUM,Y,Manufacturing,INC with CRISIL — not cooperating; switch needed,"INC blocks bank financing; ACER vs CRISIL: faster, more responsive, India-focused"
Sri Vaishnaoi Automobiles (India) Pvt. Ltd.,Long term Loans,CRISIL,B,31-07-2025,MEDIUM,Y,Manufacturing,INC with CRISIL — not cooperating; switch needed,"INC blocks bank financing; ACER vs CRISIL: faster, more responsive, India-focused"
Texla Plastics & Metals Pvt. Ltd.,Term loans,CRISIL,B+,31-07-2025,MEDIUM,Y,Manufacturing,INC with CRISIL — not cooperating; switch needed,"INC blocks bank financing; ACER vs CRISIL: faster, more responsive, India-focused"
Tritorc Equipments Pvt. Ltd.,Term loans,CRISIL,B,31-07-2025,MEDIUM,Y,Manufacturing,INC with CRISIL — not cooperating; switch needed,"INC blocks bank financing; ACER vs CRISIL: faster, more responsive, India-focused"
V-Marc Electricals Pvt. Ltd.,Term loans,BRICKWORK,C,31-07-2025,MEDIUM,Y,Manufacturing,INC with BRICKWORK — not cooperating; switch needed,"INC blocks bank financing; ACER vs BRICKWORK: faster, more responsive, India-focused"
Consite Engineering Co. Ltd.,Bank Guarantee,CARE,A 4,18-08-2025,MEDIUM,Y,Manufacturing,INC with CARE — not cooperating; switch needed,"INC blocks bank financing; ACER vs CARE: faster, more responsive, India-focused"
Bium Industries Pvt. Ltd.,Short-term loan,ICRA,A 4,18-08-2025,MEDIUM,Y,Manufacturing,INC with ICRA — not cooperating; switch needed,"INC blocks bank financing; ACER vs ICRA: faster, more responsive, India-focused"
Sudisa Foundry Pvt. Ltd.,Long term Loans,CRISIL,B,29-07-2025,MEDIUM,Y,Manufacturing,INC with CRISIL — not cooperating; switch needed,"INC blocks bank financing; ACER vs CRISIL: faster, more responsive, India-focused"
Lakhani Rubber Products Pvt. Ltd.,Long term Loans,CRISIL,D,29-07-2025,MEDIUM,Y,Manufacturing,INC with CRISIL — not cooperating; switch needed,"INC blocks bank financing; ACER vs CRISIL: faster, more responsive, India-focused"
M I Alloys Pvt. Ltd.,Term loans,ACUITE,B,30-07-2025,MEDIUM,Y,Manufacturing,INC with ACUITE — not cooperating; switch needed,"INC blocks bank financing; ACER vs ACUITE: faster, more responsive, India-focused"
Firozabad Ceramics Pvt. Ltd.,Letter Of credit,ACUITE,A 4,30-07-2025,MEDIUM,Y,Manufacturing,INC with ACUITE — not cooperating; switch needed,"INC blocks bank financing; ACER vs ACUITE: faster, more responsive, India-focused"
Vamshadhara Paper Mills Ltd.,Letter Of credit,CRISIL,A 4+,30-07-2025,MEDIUM,Y,Manufacturing,INC with CRISIL — not cooperating; switch needed,"INC blocks bank financing; ACER vs CRISIL: faster, more responsive, India-focused"
Lakhani Shoes & Apparels Pvt. Ltd.,Term loans,CRISIL,D,30-07-2025,MEDIUM,Y,Manufacturing,INC with CRISIL — not cooperating; switch needed,"INC blocks bank financing; ACER vs CRISIL: faster, more responsive, India-focused"
E T A Engineering Pvt. Ltd.,Short-term loan,CRISIL,D,30-07-2025,MEDIUM,Y,Manufacturing,INC with CRISIL — not cooperating; switch needed,"INC blocks bank financing; ACER vs CRISIL: faster, more responsive, India-focused"
Hav Automobiles Pvt. Ltd.,Short-term loan,CRISIL,A 4,30-07-2025,MEDIUM,Y,Manufacturing,INC with CRISIL — not cooperating; switch needed,"INC blocks bank financing; ACER vs CRISIL: faster, more responsive, India-focused"
Ess Aar Automotive Pvt. Ltd.,Fund based financial facility/instrument,CRISIL,B,22-08-2025,MEDIUM,Y,Manufacturing,INC with CRISIL — not cooperating; switch needed,"INC blocks bank financing; ACER vs CRISIL: faster, more responsive, India-focused"
Grand Auto Udyog Pvt. Ltd.,Bank Guarantee,CRISIL,A 4,21-08-2025,MEDIUM,Y,Manufacturing,INC with CRISIL — not cooperating; switch needed,"INC blocks bank financing; ACER vs CRISIL: faster, more responsive, India-focused"
Tarini Motors Pvt. Ltd.,Bank Guarantee,CARE,A 4,12-08-2025,MEDIUM,Y,Manufacturing,INC with CARE — not cooperating; switch needed,"INC blocks bank financing; ACER vs CARE: faster, more responsive, India-focused"
Exclusive Steel & Casting Ltd.,Non-government debt,CARE,B-/A4,12-08-2025,MEDIUM,Y,Manufacturing,INC with CARE — not cooperating; switch needed,"INC blocks bank financing; ACER vs CARE: faster, more responsive, India-focused"
Arochem Industries Pvt. Ltd.,Term loans,BRICKWORK,C,12-08-2025,MEDIUM,Y,Manufacturing,INC with BRICKWORK — not cooperating; switch needed,"INC blocks bank financing; ACER vs BRICKWORK: faster, more responsive, India-focused"
Kesho Packaging Pvt. Ltd.,Long term Loans,CRISIL,B+,11-08-2025,MEDIUM,Y,Manufacturing,INC with CRISIL — not cooperating; switch needed,"INC blocks bank financing; ACER vs CRISIL: faster, more responsive, India-focused"
Anjaney Ferro Alloys Ltd.,Bank Guarantee,CRISIL,A 4,11-08-2025,MEDIUM,Y,Manufacturing,INC with CRISIL — not cooperating; switch needed,"INC blocks bank financing; ACER vs CRISIL: faster, more responsive, India-focused"
Elite Motors Pvt. Ltd.,Term loans,CARE,B-,11-08-2025,MEDIUM,Y,Manufacturing,INC with CARE — not cooperating; switch needed,"INC blocks bank financing; ACER vs CARE: faster, more responsive, India-focused"
Umadutt Industries Ltd.,Term loans,IND-RA,D,21-08-2025,MEDIUM,Y,Manufacturing,INC with IND-RA — not cooperating; switch needed,"INC blocks bank financing; ACER vs IND-RA: faster, more responsive, India-focused"
Raga Motors Pvt. Ltd.,Non-government debt,IND-RA,B-/A4,21-08-2025,MEDIUM,Y,Manufacturing,INC with IND-RA — not cooperating; switch needed,"INC blocks bank financing; ACER vs IND-RA: faster, more responsive, India-focused"
Makson Industries Pvt. Ltd. [Merged],Term loans,CRISIL,B+,22-08-2025,MEDIUM,Y,Manufacturing,INC with CRISIL — not cooperating; switch needed,"INC blocks bank financing; ACER vs CRISIL: faster, more responsive, India-focused"
Step Industries Pvt. Ltd.,Bank Guarantee,ACUITE,A 4+,22-08-2025,MEDIUM,Y,Manufacturing,INC with ACUITE — not cooperating; switch needed,"INC blocks bank financing; ACER vs ACUITE: faster, more responsive, India-focused"
Tegh Cables Pvt. Ltd.,Letter Of credit,ACUITE,A 4,22-08-2025,MEDIUM,Y,Manufacturing,INC with ACUITE — not cooperating; switch needed,"INC blocks bank financing; ACER vs ACUITE: faster, more responsive, India-focused"
Shilpi Engineering Pvt. Ltd.,Bank Guarantee,CRISIL,A 4,22-08-2025,MEDIUM,Y,Manufacturing,INC with CRISIL — not cooperating; switch needed,"INC blocks bank financing; ACER vs CRISIL: faster, more responsive, India-focused"
Special Engineering Services Ltd.,Letter Of credit,CRISIL,A 4,22-08-2025,MEDIUM,Y,Manufacturing,INC with CRISIL — not cooperating; switch needed,"INC blocks bank financing; ACER vs CRISIL: faster, more responsive, India-focused"
Vishal Transformers & Switchgears Pvt. Ltd.,Bank Guarantee,CRISIL,A 4,22-08-2025,MEDIUM,Y,Manufacturing,INC with CRISIL — not cooperating; switch needed,"INC blocks bank financing; ACER vs CRISIL: faster, more responsive, India-focused"
J L Autoparts Pvt. Ltd.,Term loans,CARE,B,04-08-2025,MEDIUM,Y,Manufacturing,INC with CARE — not cooperating; switch needed,"INC blocks bank financing; ACER vs CARE: faster, more responsive, India-focused"
Ashiana Manufacturing India Ltd.,Term loans,BRICKWORK,B-,04-08-2025,MEDIUM,Y,Manufacturing,INC with BRICKWORK — not cooperating; switch needed,"INC blocks bank financing; ACER vs BRICKWORK: faster, more responsive, India-focused"
Jyoti Automobiles Pvt. Ltd.,Term loans,ACUITE,BB,07-08-2025,MEDIUM,Y,Manufacturing,INC with ACUITE — not cooperating; switch needed,"INC blocks bank financing; ACER vs ACUITE: faster, more responsive, India-focused"
R K Steel Mfg. Co. Ltd.,Term loans,ACUITE,C,07-08-2025,MEDIUM,Y,Manufacturing,INC with ACUITE — not cooperating; switch needed,"INC blocks bank financing; ACER vs ACUITE: faster, more responsive, India-focused"
Aarcot Ceramic Pvt. Ltd.,Non-fund-based financial facility/instrument,ICRA,D,07-08-2025,MEDIUM,Y,Manufacturing,INC with ICRA — not cooperating; switch needed,"INC blocks bank financing; ACER vs ICRA: faster, more responsive, India-focused"
Vrinda Papers Pvt. Ltd.,Letter Of credit,BRICKWORK,A 4,07-08-2025,MEDIUM,Y,Manufacturing,INC with BRICKWORK — not cooperating; switch needed,"INC blocks bank financing; ACER vs BRICKWORK: faster, more responsive, India-focused"
Shri Khatu Shyam Alloys Pvt. Ltd.,Non-government debt,IND-RA,B-/A4,21-08-2025,MEDIUM,Y,Manufacturing,INC with IND-RA — not cooperating; switch needed,"INC blocks bank financing; ACER vs IND-RA: faster, more responsive, India-focused"
Pritika Autocast Ltd. [Merged],Term loans,ACUITE,B-,21-08-2025,MEDIUM,Y,Manufacturing,INC with ACUITE — not cooperating; switch needed,"INC blocks bank financing; ACER vs ACUITE: faster, more responsive, India-focused"
Sparsh Industries Pvt.  Ltd.,Non-fund-based financial facility/instrument,BRICKWORK,A 4,01-08-2025,MEDIUM,Y,Manufacturing,INC with BRICKWORK — not cooperating; switch needed,"INC blocks bank financing; ACER vs BRICKWORK: faster, more responsive, India-focused"
Hindustan Glass Works Ltd.,Letter Of credit,BRICKWORK,A 4,01-08-2025,MEDIUM,Y,Manufacturing,INC with BRICKWORK — not cooperating; switch needed,"INC blocks bank financing; ACER vs BRICKWORK: faster, more responsive, India-focused"
Shri Gautam Garments Pvt. Ltd.,Fund based financial facility/instrument,CARE,B,06-08-2025,MEDIUM,Y,Manufacturing,INC with CARE — not cooperating; switch needed,"INC blocks bank financing; ACER vs CARE: faster, more responsive, India-focused"
Ramsons Garment Finishing Equipments Pvt. Ltd.,Letter Of credit,BRICKWORK,A 4,06-08-2025,MEDIUM,Y,Manufacturing,INC with BRICKWORK — not cooperating; switch needed,"INC blocks bank financing; ACER vs BRICKWORK: faster, more responsive, India-focused"
H D Wire Pvt. Ltd.,Non-fund-based financial facility/instrument,BRICKWORK,A 4,06-08-2025,MEDIUM,Y,Manufacturing,INC with BRICKWORK — not cooperating; switch needed,"INC blocks bank financing; ACER vs BRICKWORK: faster, more responsive, India-focused"
S E W Engineering (India) Pvt. Ltd.,Bank Guarantee,BRICKWORK,D,05-08-2025,MEDIUM,Y,Manufacturing,INC with BRICKWORK — not cooperating; switch needed,"INC blocks bank financing; ACER vs BRICKWORK: faster, more responsive, India-focused"
Upper India Steel Mfg. & Engg. Co. Ltd.,Bank Guarantee,CARE,D,05-08-2025,MEDIUM,Y,Manufacturing,INC with CARE — not cooperating; switch needed,"INC blocks bank financing; ACER vs CARE: faster, more responsive, India-focused"
Shakti Insulated Wires Pvt. Ltd.,Term loans,ACUITE,B-,04-08-2025,MEDIUM,Y,Manufacturing,INC with ACUITE — not cooperating; switch needed,"INC blocks bank financing; ACER vs ACUITE: faster, more responsive, India-focused"
Natasha Automobiles Pvt. Ltd.,Fund based financial facility/instrument,CRISIL,B+,29-08-2025,MEDIUM,Y,Manufacturing,INC with CRISIL — not cooperating; switch needed,"INC blocks bank financing; ACER vs CRISIL: faster, more responsive, India-focused"
Ahmedabad Packaging Inds. Ltd.,Bank Guarantee,CRISIL,A 4,29-08-2025,MEDIUM,Y,Manufacturing,INC with CRISIL — not cooperating; switch needed,"INC blocks bank financing; ACER vs CRISIL: faster, more responsive, India-focused"
Surya Metalloys Pvt. Ltd.,Non-government debt,IND-RA,B-/A4,21-08-2025,MEDIUM,Y,Manufacturing,INC with IND-RA — not cooperating; switch needed,"INC blocks bank financing; ACER vs IND-RA: faster, more responsive, India-focused"
Statcon Electronics India Ltd.,Non-government debt,IND-RA,B-/A4,21-08-2025,MEDIUM,Y,Manufacturing,INC with IND-RA — not cooperating; switch needed,"INC blocks bank financing; ACER vs IND-RA: faster, more responsive, India-focused"
Northern India Leather Cloth Mfg. Co. Pvt. Ltd.,Non-government debt,IND-RA,B-/A4,21-08-2025,MEDIUM,Y,Manufacturing,INC with IND-RA — not cooperating; switch needed,"INC blocks bank financing; ACER vs IND-RA: faster, more responsive, India-focused"
Om Auto Pvt. Ltd.,Term loans,BRICKWORK,C,21-08-2025,MEDIUM,Y,Manufacturing,INC with BRICKWORK — not cooperating; switch needed,"INC blocks bank financing; ACER vs BRICKWORK: faster, more responsive, India-focused"
H M Industrial Pvt. Ltd.,Non-government debt,IND-RA,D,21-08-2025,MEDIUM,Y,Manufacturing,INC with IND-RA — not cooperating; switch needed,"INC blocks bank financing; ACER vs IND-RA: faster, more responsive, India-focused"
S E C L Industries Pvt. Ltd.,Term loans,IND-RA,D,21-08-2025,MEDIUM,Y,Manufacturing,INC with IND-RA — not cooperating; switch needed,"INC blocks bank financing; ACER vs IND-RA: faster, more responsive, India-focused"
Saibaba Flameproof Switchgears Pvt. Ltd.,Bank Guarantee,CRISIL,A 4,28-08-2025,MEDIUM,Y,Manufacturing,INC with CRISIL — not cooperating; switch needed,"INC blocks bank financing; ACER vs CRISIL: faster, more responsive, India-focused"
K N Motors Pvt. Ltd.,Fund based financial facility/instrument,CRISIL,B,28-08-2025,MEDIUM,Y,Manufacturing,INC with CRISIL — not cooperating; switch needed,"INC blocks bank financing; ACER vs CRISIL: faster, more responsive, India-focused"
Mohan Auto Inds. Pvt. Ltd.,Fund based financial facility/instrument,CARE,A 4,01-09-2025,MEDIUM,Y,Manufacturing,INC with CARE — not cooperating; switch needed,"INC blocks bank financing; ACER vs CARE: faster, more responsive, India-focused"
Ambit Switchgear Pvt. Ltd.,Bank Guarantee,ACUITE,A 4,01-09-2025,MEDIUM,Y,Manufacturing,INC with ACUITE — not cooperating; switch needed,"INC blocks bank financing; ACER vs ACUITE: faster, more responsive, India-focused"
M S Industries & Spirits Pvt. Ltd.,Term loans,BRICKWORK,C,29-08-2025,MEDIUM,Y,Manufacturing,INC with BRICKWORK — not cooperating; switch needed,"INC blocks bank financing; ACER vs BRICKWORK: faster, more responsive, India-focused"
Mahendra Pumps Pvt. Ltd.,Fund based financial facility/instrument,BRICKWORK,C,29-08-2025,MEDIUM,Y,Manufacturing,INC with BRICKWORK — not cooperating; switch needed,"INC blocks bank financing; ACER vs BRICKWORK: faster, more responsive, India-focused"
A S L Industries Ltd.,Bank Guarantee,CRISIL,A 4,29-08-2025,MEDIUM,Y,Manufacturing,INC with CRISIL — not cooperating; switch needed,"INC blocks bank financing; ACER vs CRISIL: faster, more responsive, India-focused"
Bharat Rail Automations Pvt. Ltd.,Bank Guarantee,CRISIL,A 4,29-08-2025,MEDIUM,Y,Manufacturing,INC with CRISIL — not cooperating; switch needed,"INC blocks bank financing; ACER vs CRISIL: faster, more responsive, India-focused"
Atul Pumps Pvt. Ltd.,Term loans,ACUITE,B,13-08-2025,MEDIUM,Y,Manufacturing,INC with ACUITE — not cooperating; switch needed,"INC blocks bank financing; ACER vs ACUITE: faster, more responsive, India-focused"
Unicast Autotech Pvt. Ltd.,Fund based financial facility/instrument,BRICKWORK,D,13-08-2025,MEDIUM,Y,Manufacturing,INC with BRICKWORK — not cooperating; switch needed,"INC blocks bank financing; ACER vs BRICKWORK: faster, more responsive, India-focused"
M N Auto Products Pvt. Ltd.,Long term Loans,CRISIL,B,18-08-2025,MEDIUM,Y,Manufacturing,INC with CRISIL — not cooperating; switch needed,"INC blocks bank financing; ACER vs CRISIL: faster, more responsive, India-focused"
Mangal Electrical Inds. Ltd.,Term loans,BRICKWORK,BB,18-08-2025,MEDIUM,Y,Manufacturing,INC with BRICKWORK — not cooperating; switch needed,"INC blocks bank financing; ACER vs BRICKWORK: faster, more responsive, India-focused"
G B Engineering Enterprises Pvt. Ltd.,Short-term loan,ICRA,D,18-08-2025,MEDIUM,Y,Manufacturing,INC with ICRA — not cooperating; switch needed,"INC blocks bank financing; ACER vs ICRA: faster, more responsive, India-focused"
Turquoise & Gold Apparels Pvt. Ltd.,Term loans,ICRA,D,18-08-2025,MEDIUM,Y,Manufacturing,INC with ICRA — not cooperating; switch needed,"INC blocks bank financing; ACER vs ICRA: faster, more responsive, India-focused"
Shakthi Electricals Chennai Pvt. Ltd.,Bank Guarantee,CRISIL,A 4,28-08-2025,MEDIUM,Y,Manufacturing,INC with CRISIL — not cooperating; switch needed,"INC blocks bank financing; ACER vs CRISIL: faster, more responsive, India-focused"
Shiv-Raj Plastics Pvt. Ltd.,Term loans,CRISIL,B+,28-08-2025,MEDIUM,Y,Manufacturing,INC with CRISIL — not cooperating; switch needed,"INC blocks bank financing; ACER vs CRISIL: faster, more responsive, India-focused"
Auto Bahn Enterprises Pvt. Ltd.,Bank Guarantee,CRISIL,A 4,11-08-2025,MEDIUM,Y,Manufacturing,INC with CRISIL — not cooperating; switch needed,"INC blocks bank financing; ACER vs CRISIL: faster, more responsive, India-focused"
Sadbhav Engineering Ltd.,Term loans,IND-RA,D,11-08-2025,MEDIUM,Y,Manufacturing,INC with IND-RA — not cooperating; switch needed,"INC blocks bank financing; ACER vs IND-RA: faster, more responsive, India-focused"
Patwa Automotive Pvt. Ltd.,Fund based financial facility/instrument,CRISIL,D,14-08-2025,MEDIUM,Y,Manufacturing,INC with CRISIL — not cooperating; switch needed,"INC blocks bank financing; ACER vs CRISIL: faster, more responsive, India-focused"
Apex Auto Pvt. Ltd.,Letter Of credit,CRISIL,A 4,14-08-2025,MEDIUM,Y,Manufacturing,INC with CRISIL — not cooperating; switch needed,"INC blocks bank financing; ACER vs CRISIL: faster, more responsive, India-focused"
R B R Garments Pvt. Ltd.,Letter Of credit,CRISIL,A 4,14-08-2025,MEDIUM,Y,Manufacturing,INC with CRISIL — not cooperating; switch needed,"INC blocks bank financing; ACER vs CRISIL: faster, more responsive, India-focused"
Paras Glass Ware Pvt. Ltd.,Term loans,CRISIL,B+,14-08-2025,MEDIUM,Y,Manufacturing,INC with CRISIL — not cooperating; switch needed,"INC blocks bank financing; ACER vs CRISIL: faster, more responsive, India-focused"
Sanga Automobiles Pvt. Ltd.,Fund based financial facility/instrument,CRISIL,D,14-08-2025,MEDIUM,Y,Manufacturing,INC with CRISIL — not cooperating; switch needed,"INC blocks bank financing; ACER vs CRISIL: faster, more responsive, India-focused"
Telmos Automobiles Pvt. Ltd.,Fund based financial facility/instrument,CRISIL,B,14-08-2025,MEDIUM,Y,Manufacturing,INC with CRISIL — not cooperating; switch needed,"INC blocks bank financing; ACER vs CRISIL: faster, more responsive, India-focused"
Kanoria Sugar & General Mfg. Co. Ltd.,Non-government debt,IND-RA,D,11-09-2025,MEDIUM,Y,Manufacturing,INC with IND-RA — not cooperating; switch needed,"INC blocks bank financing; ACER vs IND-RA: faster, more responsive, India-focused"
Spaceage Switchgears Pvt. Ltd.,Non-government debt,IND-RA,B-/A4,11-09-2025,MEDIUM,Y,Manufacturing,INC with IND-RA — not cooperating; switch needed,"INC blocks bank financing; ACER vs IND-RA: faster, more responsive, India-focused"
Damani Castings Pvt. Ltd.,Bank Guarantee,CRISIL,D,26-08-2025,MEDIUM,Y,Manufacturing,INC with CRISIL — not cooperating; switch needed,"INC blocks bank financing; ACER vs CRISIL: faster, more responsive, India-focused"
Emkay Automobile Inds. Ltd.,Letter Of credit,BRICKWORK,D,25-08-2025,MEDIUM,Y,Manufacturing,INC with BRICKWORK — not cooperating; switch needed,"INC blocks bank financing; ACER vs BRICKWORK: faster, more responsive, India-focused"
Elkayem Auto Ancillaries Pvt. Ltd.,Long term Loans,CRISIL,BB+,25-08-2025,MEDIUM,Y,Manufacturing,INC with CRISIL — not cooperating; switch needed,"INC blocks bank financing; ACER vs CRISIL: faster, more responsive, India-focused"
Maira Fabricators Pvt. Ltd.,Term loans,ACUITE,D,22-08-2025,MEDIUM,Y,Manufacturing,INC with ACUITE — not cooperating; switch needed,"INC blocks bank financing; ACER vs ACUITE: faster, more responsive, India-focused"
Braco Electricals (India) Pvt. Ltd.,Term loans,CRISIL,B+,22-08-2025,MEDIUM,Y,Manufacturing,INC with CRISIL — not cooperating; switch needed,"INC blocks bank financing; ACER vs CRISIL: faster, more responsive, India-focused"
Jaycee Autofab Pvt. Ltd.,Bank Guarantee,CRISIL,A 4,22-08-2025,MEDIUM,Y,Manufacturing,INC with CRISIL — not cooperating; switch needed,"INC blocks bank financing; ACER vs CRISIL: faster, more responsive, India-focused"
Anik Industries Ltd.,Letter Of credit,BRICKWORK,D,10-09-2025,MEDIUM,Y,Manufacturing,INC with BRICKWORK — not cooperating; switch needed,"INC blocks bank financing; ACER vs BRICKWORK: faster, more responsive, India-focused"
Hi-Tech Butterfly Valves (India) Pvt. Ltd.,Fund based financial facility/instrument,CRISIL,B,10-09-2025,MEDIUM,Y,Manufacturing,INC with CRISIL — not cooperating; switch needed,"INC blocks bank financing; ACER vs CRISIL: faster, more responsive, India-focused"
V M Apparels Pvt. Ltd.,Non-government debt,IND-RA,B-/A4,11-09-2025,MEDIUM,Y,Manufacturing,INC with IND-RA — not cooperating; switch needed,"INC blocks bank financing; ACER vs IND-RA: faster, more responsive, India-focused"
Bhaskar Shrachi Alloys Ltd.,Non-government debt,IND-RA,D,11-09-2025,MEDIUM,Y,Manufacturing,INC with IND-RA — not cooperating; switch needed,"INC blocks bank financing; ACER vs IND-RA: faster, more responsive, India-focused"
Satellite Cables Pvt. Ltd.,Letter Of credit,ACUITE,D,11-09-2025,MEDIUM,Y,Manufacturing,INC with ACUITE — not cooperating; switch needed,"INC blocks bank financing; ACER vs ACUITE: faster, more responsive, India-focused"
Artemis Auto India Pvt. Ltd.,Term loans,IND-RA,D,11-09-2025,MEDIUM,Y,Manufacturing,INC with IND-RA — not cooperating; switch needed,"INC blocks bank financing; ACER vs IND-RA: faster, more responsive, India-focused"
St. Mary'S Rubbers Pvt. Ltd.,Non-government debt,IND-RA,B-/A4,11-09-2025,MEDIUM,Y,Manufacturing,INC with IND-RA — not cooperating; switch needed,"INC blocks bank financing; ACER vs IND-RA: faster, more responsive, India-focused"
Trident Auto Components Pvt. Ltd.,Non-government debt,IND-RA,B/A4,11-09-2025,MEDIUM,Y,Manufacturing,INC with IND-RA — not cooperating; switch needed,"INC blocks bank financing; ACER vs IND-RA: faster, more responsive, India-focused"
Nibber Castings Pvt. Ltd. [Merged],Bank Guarantee,ACUITE,A 4,21-08-2025,MEDIUM,Y,Manufacturing,INC with ACUITE — not cooperating; switch needed,"INC blocks bank financing; ACER vs ACUITE: faster, more responsive, India-focused"
Amritvarsha Industries Ltd.,Non-government debt,IND-RA,B-/A4,21-08-2025,MEDIUM,Y,Manufacturing,INC with IND-RA — not cooperating; switch needed,"INC blocks bank financing; ACER vs IND-RA: faster, more responsive, India-focused"
Rayana Paper Board Inds. Ltd.,Term loans,IND-RA,B,21-08-2025,MEDIUM,Y,Manufacturing,INC with IND-RA — not cooperating; switch needed,"INC blocks bank financing; ACER vs IND-RA: faster, more responsive, India-focused"
Pritika Industries Ltd.,Term loans,ACUITE,B-,21-08-2025,MEDIUM,Y,Manufacturing,INC with ACUITE — not cooperating; switch needed,"INC blocks bank financing; ACER vs ACUITE: faster, more responsive, India-focused"
K P Packaging Ltd.,Non-government debt,IND-RA,D,21-08-2025,MEDIUM,Y,Manufacturing,INC with IND-RA — not cooperating; switch needed,"INC blocks bank financing; ACER vs IND-RA: faster, more responsive, India-focused"
Nikhil Automobiles Ltd.,Term loans,IND-RA,B,21-08-2025,MEDIUM,Y,Manufacturing,INC with IND-RA — not cooperating; switch needed,"INC blocks bank financing; ACER vs IND-RA: faster, more responsive, India-focused"
Madhu Industries Pvt. Ltd.,Non-government debt,IND-RA,B/A4,11-09-2025,MEDIUM,Y,Manufacturing,INC with IND-RA — not cooperating; switch needed,"INC blocks bank financing; ACER vs IND-RA: faster, more responsive, India-focused"
K L R Industries Ltd.,Non-government debt,IND-RA,D,11-09-2025,MEDIUM,Y,Manufacturing,INC with IND-RA — not cooperating; switch needed,"INC blocks bank financing; ACER vs IND-RA: faster, more responsive, India-focused"
Aegan Industries Pvt. Ltd.,Non-government debt,IND-RA,D,21-08-2025,MEDIUM,Y,Manufacturing,INC with IND-RA — not cooperating; switch needed,"INC blocks bank financing; ACER vs IND-RA: faster, more responsive, India-focused"
G S N Ferro Alloys Pvt. Ltd.,Non-government debt,IND-RA,D,21-08-2025,MEDIUM,Y,Manufacturing,INC with IND-RA — not cooperating; switch needed,"INC blocks bank financing; ACER vs IND-RA: faster, more responsive, India-focused"
M P Board & Paper Mills Pvt. Ltd.,Non-government debt,IND-RA,B-/A4,21-08-2025,MEDIUM,Y,Manufacturing,INC with IND-RA — not cooperating; switch needed,"INC blocks bank financing; ACER vs IND-RA: faster, more responsive, India-focused"
Bhopal Switch Gears Pvt. Ltd.,Non-government debt,IND-RA,B-/A4,21-08-2025,MEDIUM,Y,Manufacturing,INC with IND-RA — not cooperating; switch needed,"INC blocks bank financing; ACER vs IND-RA: faster, more responsive, India-focused"
Aland Ceramic Pvt. Ltd.,Term loans,ACUITE,B-,21-08-2025,MEDIUM,Y,Manufacturing,INC with ACUITE — not cooperating; switch needed,"INC blocks bank financing; ACER vs ACUITE: faster, more responsive, India-focused"
Fuso Glass India Pvt. Ltd.,Non-government debt,IND-RA,B-/A4,21-08-2025,MEDIUM,Y,Manufacturing,INC with IND-RA — not cooperating; switch needed,"INC blocks bank financing; ACER vs IND-RA: faster, more responsive, India-focused"
Satyam Balajee Automotives Pvt. Ltd.,Term loans,IND-RA,B-,21-08-2025,MEDIUM,Y,Manufacturing,INC with IND-RA — not cooperating; switch needed,"INC blocks bank financing; ACER vs IND-RA: faster, more responsive, India-focused"
Fortpoint Automotive (Cars) Pvt. Ltd.,Fund based financial facility/instrument,CRISIL,B-,21-08-2025,MEDIUM,Y,Manufacturing,INC with CRISIL — not cooperating; switch needed,"INC blocks bank financing; ACER vs CRISIL: faster, more responsive, India-focused"
Khanna Industrial Pipes Pvt. Ltd.,Non-fund-based financial facility/instrument,ICRA,A 4,18-09-2025,MEDIUM,Y,Manufacturing,INC with ICRA — not cooperating; switch needed,"INC blocks bank financing; ACER vs ICRA: faster, more responsive, India-focused"
South Malabar Steels & Alloys Pvt. Ltd.,Term loans,CARE,B,18-09-2025,MEDIUM,Y,Manufacturing,INC with CARE — not cooperating; switch needed,"INC blocks bank financing; ACER vs CARE: faster, more responsive, India-focused"
Shri Hari Krishna Papers Pvt. Ltd.,Letter Of credit,ACUITE,A 4+,04-09-2025,MEDIUM,Y,Manufacturing,INC with ACUITE — not cooperating; switch needed,"INC blocks bank financing; ACER vs ACUITE: faster, more responsive, India-focused"
Kherani Paper Mills Pvt. Ltd.,Long term Loans,ACUITE,BB+,04-09-2025,MEDIUM,Y,Manufacturing,INC with ACUITE — not cooperating; switch needed,"INC blocks bank financing; ACER vs ACUITE: faster, more responsive, India-focused"
Gayatrishakti Paper & Boards Ltd.,Letter Of credit,ACUITE,A 4+,04-09-2025,MEDIUM,Y,Manufacturing,INC with ACUITE — not cooperating; switch needed,"INC blocks bank financing; ACER vs ACUITE: faster, more responsive, India-focused"
Sunrise Knitting Mills Pvt. Ltd.,Term loans,CARE,B-,03-09-2025,MEDIUM,Y,Manufacturing,INC with CARE — not cooperating; switch needed,"INC blocks bank financing; ACER vs CARE: faster, more responsive, India-focused"
Chemtrols Industries Pvt. Ltd.,Non-fund-based financial facility/instrument,CARE,D,03-09-2025,MEDIUM,Y,Manufacturing,INC with CARE — not cooperating; switch needed,"INC blocks bank financing; ACER vs CARE: faster, more responsive, India-focused"
Gargya Autocity Pvt. Ltd.,Fund based financial facility/instrument,BRICKWORK,C,03-09-2025,MEDIUM,Y,Manufacturing,INC with BRICKWORK — not cooperating; switch needed,"INC blocks bank financing; ACER vs BRICKWORK: faster, more responsive, India-focused"
Sikka Motors Pvt. Ltd.,Fund based financial facility/instrument,CARE,D,17-09-2025,MEDIUM,Y,Manufacturing,INC with CARE — not cooperating; switch needed,"INC blocks bank financing; ACER vs CARE: faster, more responsive, India-focused"
Kaveri Engineering Projects Pvt. Ltd.,Fund based financial facility/instrument,IND-RA,BBB,17-09-2025,MEDIUM,Y,Manufacturing,INC with IND-RA — not cooperating; switch needed,"INC blocks bank financing; ACER vs IND-RA: faster, more responsive, India-focused"
Patron Industries Pvt. Ltd.,Non-fund-based financial facility/instrument,ICRA,A 4,19-09-2025,MEDIUM,Y,Manufacturing,INC with ICRA — not cooperating; switch needed,"INC blocks bank financing; ACER vs ICRA: faster, more responsive, India-focused"
N R C Industries Ltd.,Letter Of credit,BRICKWORK,A 4,19-09-2025,MEDIUM,Y,Manufacturing,INC with BRICKWORK — not cooperating; switch needed,"INC blocks bank financing; ACER vs BRICKWORK: faster, more responsive, India-focused"
Karan Automotives Pvt. Ltd.,Term loans,ACUITE,B,18-09-2025,MEDIUM,Y,Manufacturing,INC with ACUITE — not cooperating; switch needed,"INC blocks bank financing; ACER vs ACUITE: faster, more responsive, India-focused"
Kartikeya Industries Pvt. Ltd.,Term loans,BRICKWORK,B-,18-09-2025,MEDIUM,Y,Manufacturing,INC with BRICKWORK — not cooperating; switch needed,"INC blocks bank financing; ACER vs BRICKWORK: faster, more responsive, India-focused"
Industrial Forging Inds. Pvt. Ltd.,Non-government debt,ICRA,B+/A4,18-09-2025,MEDIUM,Y,Manufacturing,INC with ICRA — not cooperating; switch needed,"INC blocks bank financing; ACER vs ICRA: faster, more responsive, India-focused"
Silvertoss Industries Pvt. Ltd.,Letter Of credit,CRISIL,A 4,18-09-2025,MEDIUM,Y,Manufacturing,INC with CRISIL — not cooperating; switch needed,"INC blocks bank financing; ACER vs CRISIL: faster, more responsive, India-focused"
A K S Alloys Pvt. Ltd.,Short-term loan,ICRA,D,26-08-2025,MEDIUM,Y,Manufacturing,INC with ICRA — not cooperating; switch needed,"INC blocks bank financing; ACER vs ICRA: faster, more responsive, India-focused"
Perfect Dynamics Auto Pvt. Ltd.,Term loans,CARE,D,26-08-2025,MEDIUM,Y,Manufacturing,INC with CARE — not cooperating; switch needed,"INC blocks bank financing; ACER vs CARE: faster, more responsive, India-focused"
Accurate Industrial Controls Pvt. Ltd.,Term loans,CRISIL,B,29-08-2025,MEDIUM,Y,Manufacturing,INC with CRISIL — not cooperating; switch needed,"INC blocks bank financing; ACER vs CRISIL: faster, more responsive, India-focused"
Sudal Industries Ltd.,Term loans,BRICKWORK,D,28-08-2025,MEDIUM,Y,Manufacturing,INC with BRICKWORK — not cooperating; switch needed,"INC blocks bank financing; ACER vs BRICKWORK: faster, more responsive, India-focused"
Sunrakshakk Industries India Ltd.,Term loans,BRICKWORK,BB-,28-08-2025,MEDIUM,Y,Manufacturing,INC with BRICKWORK — not cooperating; switch needed,"INC blocks bank financing; ACER vs BRICKWORK: faster, more responsive, India-focused"
Chheda Electricals & Electronics Pvt. Ltd.,Term loans,ICRA,B+,28-08-2025,MEDIUM,Y,Manufacturing,INC with ICRA — not cooperating; switch needed,"INC blocks bank financing; ACER vs ICRA: faster, more responsive, India-focused"
Goma Engineering Pvt. Ltd.,Long term Loans,CRISIL,BB+,17-09-2025,MEDIUM,Y,Manufacturing,INC with CRISIL — not cooperating; switch needed,"INC blocks bank financing; ACER vs CRISIL: faster, more responsive, India-focused"
Minmat Ferro Alloys Pvt. Ltd.,Bank Guarantee,CRISIL,A 4,17-09-2025,MEDIUM,Y,Manufacturing,INC with CRISIL — not cooperating; switch needed,"INC blocks bank financing; ACER vs CRISIL: faster, more responsive, India-focused"
Stark Ridge Paper Pvt. Ltd.,Long term Loans,CRISIL,B-,22-08-2025,MEDIUM,Y,Manufacturing,INC with CRISIL — not cooperating; switch needed,"INC blocks bank financing; ACER vs CRISIL: faster, more responsive, India-focused"
Lami Fab & Papers Pvt. Ltd.,Term loans,CRISIL,D,22-08-2025,MEDIUM,Y,Manufacturing,INC with CRISIL — not cooperating; switch needed,"INC blocks bank financing; ACER vs CRISIL: faster, more responsive, India-focused"
Malar Paper Mills Pvt. Ltd.,Non-fund-based financial facility/instrument,ICRA,A 4,28-08-2025,MEDIUM,Y,Manufacturing,INC with ICRA — not cooperating; switch needed,"INC blocks bank financing; ACER vs ICRA: faster, more responsive, India-focused"
Raviratna Motors Pvt. Ltd.,Term loans,CRISIL,B,28-08-2025,MEDIUM,Y,Manufacturing,INC with CRISIL — not cooperating; switch needed,"INC blocks bank financing; ACER vs CRISIL: faster, more responsive, India-focused"
S P I Industries Pvt. Ltd.,Letter Of credit,CRISIL,A 4,28-08-2025,MEDIUM,Y,Manufacturing,INC with CRISIL — not cooperating; switch needed,"INC blocks bank financing; ACER vs CRISIL: faster, more responsive, India-focused"
Maadhav Automotive Fastners Pvt. Ltd.,Term loans,CARE,B-,28-08-2025,MEDIUM,Y,Manufacturing,INC with CARE — not cooperating; switch needed,"INC blocks bank financing; ACER vs CARE: faster, more responsive, India-focused"
Progressive Automobiles Pvt. Ltd.,Non-government debt,ICRA,B+/A4,28-08-2025,MEDIUM,Y,Manufacturing,INC with ICRA — not cooperating; switch needed,"INC blocks bank financing; ACER vs ICRA: faster, more responsive, India-focused"
Lampex Electronics Ltd.,Non-government debt,ICRA,D,26-08-2025,MEDIUM,Y,Manufacturing,INC with ICRA — not cooperating; switch needed,"INC blocks bank financing; ACER vs ICRA: faster, more responsive, India-focused"
Autocop (India) Pvt. Ltd.,Term loans,CRISIL,D,26-09-2025,MEDIUM,Y,Manufacturing,INC with CRISIL — not cooperating; switch needed,"INC blocks bank financing; ACER vs CRISIL: faster, more responsive, India-focused"
S C J Plastics Pvt. Ltd.,Non-fund-based financial facility/instrument,CRISIL,A 4,26-09-2025,MEDIUM,Y,Manufacturing,INC with CRISIL — not cooperating; switch needed,"INC blocks bank financing; ACER vs CRISIL: faster, more responsive, India-focused"
Shri Bholanath Industries Ltd.,Letter Of credit,CRISIL,A 4,15-09-2025,MEDIUM,Y,Manufacturing,INC with CRISIL — not cooperating; switch needed,"INC blocks bank financing; ACER vs CRISIL: faster, more responsive, India-focused"
Shree Papers Ltd. [Merged],Term loans,BRICKWORK,D,15-09-2025,MEDIUM,Y,Manufacturing,INC with BRICKWORK — not cooperating; switch needed,"INC blocks bank financing; ACER vs BRICKWORK: faster, more responsive, India-focused"
Intelux Electronics Pvt. Ltd.,Bank Guarantee,CRISIL,A 4,12-09-2025,MEDIUM,Y,Manufacturing,INC with CRISIL — not cooperating; switch needed,"INC blocks bank financing; ACER vs CRISIL: faster, more responsive, India-focused"
Pioneer Motors (Kannur) Pvt. Ltd.,Long term Loans,CRISIL,C,12-09-2025,MEDIUM,Y,Manufacturing,INC with CRISIL — not cooperating; switch needed,"INC blocks bank financing; ACER vs CRISIL: faster, more responsive, India-focused"
Sushitex Industries Pvt. Ltd.,Long term Loans,CRISIL,D,12-09-2025,MEDIUM,Y,Manufacturing,INC with CRISIL — not cooperating; switch needed,"INC blocks bank financing; ACER vs CRISIL: faster, more responsive, India-focused"
Litecon Industries Pvt. Ltd.,Term loans,ACUITE,B-,12-09-2025,MEDIUM,Y,Manufacturing,INC with ACUITE — not cooperating; switch needed,"INC blocks bank financing; ACER vs ACUITE: faster, more responsive, India-focused"
Alutech Packaging Pvt. Ltd.,Letter Of credit,CRISIL,A 4+,24-09-2025,MEDIUM,Y,Manufacturing,INC with CRISIL — not cooperating; switch needed,"INC blocks bank financing; ACER vs CRISIL: faster, more responsive, India-focused"
National Steel & Agro Industries Ltd. [Merged],Term loans,ICRA,D,24-09-2025,MEDIUM,Y,Manufacturing,INC with ICRA — not cooperating; switch needed,"INC blocks bank financing; ACER vs ICRA: faster, more responsive, India-focused"
Borah Automobiles Pvt. Ltd.,Fund based financial facility/instrument,CARE,B-,26-09-2025,MEDIUM,Y,Manufacturing,INC with CARE — not cooperating; switch needed,"INC blocks bank financing; ACER vs CARE: faster, more responsive, India-focused"
Cauvery Motors Pvt. Ltd.,Long term Loans,CRISIL,B+,26-09-2025,MEDIUM,Y,Manufacturing,INC with CRISIL — not cooperating; switch needed,"INC blocks bank financing; ACER vs CRISIL: faster, more responsive, India-focused"
Jaika Automobiles Pvt. Ltd.,Term loans,CRISIL,B,26-09-2025,MEDIUM,Y,Manufacturing,INC with CRISIL — not cooperating; switch needed,"INC blocks bank financing; ACER vs CRISIL: faster, more responsive, India-focused"
Govind Rubber Ltd.,Bank Guarantee,CRISIL,D,26-09-2025,MEDIUM,Y,Manufacturing,INC with CRISIL — not cooperating; switch needed,"INC blocks bank financing; ACER vs CRISIL: faster, more responsive, India-focused"
Techno Auto Components (India) Pvt. Ltd.,Letter Of credit,ACUITE,A 4,26-09-2025,MEDIUM,Y,Manufacturing,INC with ACUITE — not cooperating; switch needed,"INC blocks bank financing; ACER vs ACUITE: faster, more responsive, India-focused"
R N V Industries Pvt. Ltd.,Letter Of credit,ACUITE,BB,26-09-2025,MEDIUM,Y,Manufacturing,INC with ACUITE — not cooperating; switch needed,"INC blocks bank financing; ACER vs ACUITE: faster, more responsive, India-focused"
R B Gears Pvt. Ltd.,Term loans,CRISIL,B+,08-09-2025,MEDIUM,Y,Manufacturing,INC with CRISIL — not cooperating; switch needed,"INC blocks bank financing; ACER vs CRISIL: faster, more responsive, India-focused"
Paper Vantage Point Pvt. Ltd.,Term loans,CARE,BB-,05-09-2025,MEDIUM,Y,Manufacturing,INC with CARE — not cooperating; switch needed,"INC blocks bank financing; ACER vs CARE: faster, more responsive, India-focused"
Samrat Wires Pvt. Ltd.,Non-government debt,IND-RA,B-/A4,11-09-2025,MEDIUM,Y,Manufacturing,INC with IND-RA — not cooperating; switch needed,"INC blocks bank financing; ACER vs IND-RA: faster, more responsive, India-focused"
Hans Industries Pvt. Ltd.,Non-government debt,IND-RA,B-/A4,11-09-2025,MEDIUM,Y,Manufacturing,INC with IND-RA — not cooperating; switch needed,"INC blocks bank financing; ACER vs IND-RA: faster, more responsive, India-focused"
L B Industries Pvt. Ltd.,Non-government debt,IND-RA,D,11-09-2025,MEDIUM,Y,Manufacturing,INC with IND-RA — not cooperating; switch needed,"INC blocks bank financing; ACER vs IND-RA: faster, more responsive, India-focused"
Prateek Alloys Pvt. Ltd.,Non-government debt,IND-RA,B-/A4,11-09-2025,MEDIUM,Y,Manufacturing,INC with IND-RA — not cooperating; switch needed,"INC blocks bank financing; ACER vs IND-RA: faster, more responsive, India-focused"
Brahm (Alloys) Ltd.,Bank Guarantee,BRICKWORK,D,25-09-2025,MEDIUM,Y,Manufacturing,INC with BRICKWORK — not cooperating; switch needed,"INC blocks bank financing; ACER vs BRICKWORK: faster, more responsive, India-focused"
Zip Industries Pvt. Ltd.,Letter Of credit,CRISIL,A 4,25-09-2025,MEDIUM,Y,Manufacturing,INC with CRISIL — not cooperating; switch needed,"INC blocks bank financing; ACER vs CRISIL: faster, more responsive, India-focused"
Auto Carriage Pvt. Ltd.,Bank Guarantee,BRICKWORK,A 4,01-09-2025,MEDIUM,Y,Manufacturing,INC with BRICKWORK — not cooperating; switch needed,"INC blocks bank financing; ACER vs BRICKWORK: faster, more responsive, India-focused"
Vidyut Controls & Automation Pvt. Ltd.,Letter Of credit,BRICKWORK,A 4,01-09-2025,MEDIUM,Y,Manufacturing,INC with BRICKWORK — not cooperating; switch needed,"INC blocks bank financing; ACER vs BRICKWORK: faster, more responsive, India-focused"
Raama Paper Mills Ltd.,Term loans,ICRA,D,10-09-2025,MEDIUM,Y,Manufacturing,INC with ICRA — not cooperating; switch needed,"INC blocks bank financing; ACER vs ICRA: faster, more responsive, India-focused"
Gulzar Motors Pvt. Ltd.,Fund based financial facility/instrument,CRISIL,B,10-09-2025,MEDIUM,Y,Manufacturing,INC with CRISIL — not cooperating; switch needed,"INC blocks bank financing; ACER vs CRISIL: faster, more responsive, India-focused"
Bhansali Cables & Conducts Pvt. Ltd.,Letter Of credit,CRISIL,A 4,10-09-2025,MEDIUM,Y,Manufacturing,INC with CRISIL — not cooperating; switch needed,"INC blocks bank financing; ACER vs CRISIL: faster, more responsive, India-focused"
D F P L Industries Pvt. Ltd.,Term loans,CRISIL,B,10-09-2025,MEDIUM,Y,Manufacturing,INC with CRISIL — not cooperating; switch needed,"INC blocks bank financing; ACER vs CRISIL: faster, more responsive, India-focused"
Starburst Motors Pvt. Ltd.,Term loans,IND-RA,BB,08-09-2025,MEDIUM,Y,Manufacturing,INC with IND-RA — not cooperating; switch needed,"INC blocks bank financing; ACER vs IND-RA: faster, more responsive, India-focused"
Simplex Castings Ltd.,Bank Guarantee,CRISIL,A 4+,08-09-2025,MEDIUM,Y,Manufacturing,INC with CRISIL — not cooperating; switch needed,"INC blocks bank financing; ACER vs CRISIL: faster, more responsive, India-focused"
Vishal Manufacturer Pvt. Ltd.,Bank Guarantee,BRICKWORK,A 4,09-10-2025,MEDIUM,Y,Manufacturing,INC with BRICKWORK — not cooperating; switch needed,"INC blocks bank financing; ACER vs BRICKWORK: faster, more responsive, India-focused"
Soriso Ceramic Pvt. Ltd.,Long term Loans,CRISIL,B,08-10-2025,MEDIUM,Y,Manufacturing,INC with CRISIL — not cooperating; switch needed,"INC blocks bank financing; ACER vs CRISIL: faster, more responsive, India-focused"
Paswara Papers Ltd.,Term loans,BRICKWORK,B+,22-09-2025,MEDIUM,Y,Manufacturing,INC with BRICKWORK — not cooperating; switch needed,"INC blocks bank financing; ACER vs BRICKWORK: faster, more responsive, India-focused"
Kesar Craft Packaging Pvt. Ltd.,Term loans,BRICKWORK,B-,22-09-2025,MEDIUM,Y,Manufacturing,INC with BRICKWORK — not cooperating; switch needed,"INC blocks bank financing; ACER vs BRICKWORK: faster, more responsive, India-focused"
Cable Corpn. Of India Ltd.,Bank Guarantee,CARE,D,22-09-2025,MEDIUM,Y,Manufacturing,INC with CARE — not cooperating; switch needed,"INC blocks bank financing; ACER vs CARE: faster, more responsive, India-focused"
K-Three Electronics Pvt. Ltd.,Term loans,CARE,B-,22-09-2025,MEDIUM,Y,Manufacturing,INC with CARE — not cooperating; switch needed,"INC blocks bank financing; ACER vs CARE: faster, more responsive, India-focused"
Crystal Autocars Pvt. Ltd.,Non-government debt,CARE,BB-/A4,22-09-2025,MEDIUM,Y,Manufacturing,INC with CARE — not cooperating; switch needed,"INC blocks bank financing; ACER vs CARE: faster, more responsive, India-focused"
Oriental Ceramics & Refractories Pvt. Ltd.,Bank Guarantee,BRICKWORK,A 4,19-09-2025,MEDIUM,Y,Manufacturing,INC with BRICKWORK — not cooperating; switch needed,"INC blocks bank financing; ACER vs BRICKWORK: faster, more responsive, India-focused"
Baroda Hi-Tech Alloys Pvt. Ltd.,Bank Guarantee,CARE,A 4+,07-10-2025,MEDIUM,Y,Manufacturing,INC with CARE — not cooperating; switch needed,"INC blocks bank financing; ACER vs CARE: faster, more responsive, India-focused"
Singhal Industries Pvt. Ltd.,Letter Of credit,CARE,A 4,06-10-2025,MEDIUM,Y,Manufacturing,INC with CARE — not cooperating; switch needed,"INC blocks bank financing; ACER vs CARE: faster, more responsive, India-focused"
Rajdhani Castings Pvt. Ltd.,Term loans,BRICKWORK,C,10-10-2025,MEDIUM,Y,Manufacturing,INC with BRICKWORK — not cooperating; switch needed,"INC blocks bank financing; ACER vs BRICKWORK: faster, more responsive, India-focused"
Sekhani Industries Pvt. Ltd.,Term loans,CARE,B+,09-10-2025,MEDIUM,Y,Manufacturing,INC with CARE — not cooperating; switch needed,"INC blocks bank financing; ACER vs CARE: faster, more responsive, India-focused"
Meghalaya Cast & Alloys Pvt. Ltd.,Term loans,CRISIL,B+,09-10-2025,MEDIUM,Y,Manufacturing,INC with CRISIL — not cooperating; switch needed,"INC blocks bank financing; ACER vs CRISIL: faster, more responsive, India-focused"
Kochhar Glass (India) Pvt. Ltd.,Term loans,CRISIL,B+,09-10-2025,MEDIUM,Y,Manufacturing,INC with CRISIL — not cooperating; switch needed,"INC blocks bank financing; ACER vs CRISIL: faster, more responsive, India-focused"
New India Cables Trdg. Pvt. Ltd.,Fund based financial facility/instrument,CRISIL,B,09-10-2025,MEDIUM,Y,Manufacturing,INC with CRISIL — not cooperating; switch needed,"INC blocks bank financing; ACER vs CRISIL: faster, more responsive, India-focused"
Evershine Wood Packaging Pvt. Ltd.,Letter Of credit,CRISIL,D,09-10-2025,MEDIUM,Y,Manufacturing,INC with CRISIL — not cooperating; switch needed,"INC blocks bank financing; ACER vs CRISIL: faster, more responsive, India-focused"
Galaxy Rice Industries Pvt. Ltd.,Non-fund-based financial facility/instrument,CARE,A 4+,15-09-2025,MEDIUM,Y,Manufacturing,INC with CARE — not cooperating; switch needed,"INC blocks bank financing; ACER vs CARE: faster, more responsive, India-focused"
Starwork Papers Pvt. Ltd.,Term loans,BRICKWORK,C-,15-09-2025,MEDIUM,Y,Manufacturing,INC with BRICKWORK — not cooperating; switch needed,"INC blocks bank financing; ACER vs BRICKWORK: faster, more responsive, India-focused"
M O A Engineering Pvt. Ltd.,Bank Guarantee,CRISIL,A 4,18-09-2025,MEDIUM,Y,Manufacturing,INC with CRISIL — not cooperating; switch needed,"INC blocks bank financing; ACER vs CRISIL: faster, more responsive, India-focused"
Beepath Castings Pvt. Ltd.,Bank Guarantee,CRISIL,A 4,18-09-2025,MEDIUM,Y,Manufacturing,INC with CRISIL — not cooperating; switch needed,"INC blocks bank financing; ACER vs CRISIL: faster, more responsive, India-focused"
Bengal Industries Pvt. Ltd.,Letter Of credit,CRISIL,A 4,18-09-2025,MEDIUM,Y,Manufacturing,INC with CRISIL — not cooperating; switch needed,"INC blocks bank financing; ACER vs CRISIL: faster, more responsive, India-focused"
Castings India Pvt. Ltd.,Short-term loan,CRISIL,A 4,17-09-2025,MEDIUM,Y,Manufacturing,INC with CRISIL — not cooperating; switch needed,"INC blocks bank financing; ACER vs CRISIL: faster, more responsive, India-focused"
Sandeep Lead Alloys (India) Pvt. Ltd.,Bank Guarantee,CRISIL,A 4+,07-10-2025,MEDIUM,Y,Manufacturing,INC with CRISIL — not cooperating; switch needed,"INC blocks bank financing; ACER vs CRISIL: faster, more responsive, India-focused"
A 2 Z Auto Wheels Pvt. Ltd.,Fund based financial facility/instrument,BRICKWORK,BB-,07-10-2025,MEDIUM,Y,Manufacturing,INC with BRICKWORK — not cooperating; switch needed,"INC blocks bank financing; ACER vs BRICKWORK: faster, more responsive, India-focused"
Fatehpuria Transformers & Switchgears Pvt. Ltd.,Non-government debt,CARE,D,11-09-2025,MEDIUM,Y,Manufacturing,INC with CARE — not cooperating; switch needed,"INC blocks bank financing; ACER vs CARE: faster, more responsive, India-focused"
N M C Industries Pvt. Ltd.,Non-government debt,IND-RA,B-/A4,11-09-2025,MEDIUM,Y,Manufacturing,INC with IND-RA — not cooperating; switch needed,"INC blocks bank financing; ACER vs IND-RA: faster, more responsive, India-focused"
Best Sellers Apparels Pvt. Ltd.,Letter Of credit,CRISIL,A 4,16-09-2025,MEDIUM,Y,Manufacturing,INC with CRISIL — not cooperating; switch needed,"INC blocks bank financing; ACER vs CRISIL: faster, more responsive, India-focused"
Premier Industrial Corpn. Ltd.,Non-government debt,ICRA,B+/A4,16-09-2025,MEDIUM,Y,Manufacturing,INC with ICRA — not cooperating; switch needed,"INC blocks bank financing; ACER vs ICRA: faster, more responsive, India-focused"
Satrac Engineering Pvt. Ltd.,Non-government debt,CARE,BB/A4,16-09-2025,MEDIUM,Y,Manufacturing,INC with CARE — not cooperating; switch needed,"INC blocks bank financing; ACER vs CARE: faster, more responsive, India-focused"
Sarika Industries Pvt. Ltd.,Letter Of credit,CRISIL,A 4,15-09-2025,MEDIUM,Y,Manufacturing,INC with CRISIL — not cooperating; switch needed,"INC blocks bank financing; ACER vs CRISIL: faster, more responsive, India-focused"
Indcon Projects & Equipment Ltd.,Bank Guarantee,CRISIL,A 4,15-09-2025,MEDIUM,Y,Manufacturing,INC with CRISIL — not cooperating; switch needed,"INC blocks bank financing; ACER vs CRISIL: faster, more responsive, India-focused"
Galaxy Papers Pvt. Ltd.,Term loans,CRISIL,B,15-09-2025,MEDIUM,Y,Manufacturing,INC with CRISIL — not cooperating; switch needed,"INC blocks bank financing; ACER vs CRISIL: faster, more responsive, India-focused"
C 5 Engineering Pvt. Ltd.,Non-government debt,CARE,B+/A4,17-10-2025,MEDIUM,Y,Manufacturing,INC with CARE — not cooperating; switch needed,"INC blocks bank financing; ACER vs CARE: faster, more responsive, India-focused"
Patliputra Equipments Pvt. Ltd.,Fund based financial facility/instrument,BRICKWORK,B+,17-10-2025,MEDIUM,Y,Manufacturing,INC with BRICKWORK — not cooperating; switch needed,"INC blocks bank financing; ACER vs BRICKWORK: faster, more responsive, India-focused"
Monomark Engineering (India) Ltd.,Non-government debt,CARE,BB/A4,30-09-2025,MEDIUM,Y,Manufacturing,INC with CARE — not cooperating; switch needed,"INC blocks bank financing; ACER vs CARE: faster, more responsive, India-focused"
Patwari Plastics Pvt. Ltd.,Long term Loans,CRISIL,B+,29-09-2025,MEDIUM,Y,Manufacturing,INC with CRISIL — not cooperating; switch needed,"INC blocks bank financing; ACER vs CRISIL: faster, more responsive, India-focused"
Saichhaya Autolink Pvt. Ltd.,Fund based financial facility/instrument,CRISIL,B+,29-09-2025,MEDIUM,Y,Manufacturing,INC with CRISIL — not cooperating; switch needed,"INC blocks bank financing; ACER vs CRISIL: faster, more responsive, India-focused"
Sri M K Paper Mills Pvt. Ltd.,Long term Loans,CRISIL,B,29-09-2025,MEDIUM,Y,Manufacturing,INC with CRISIL — not cooperating; switch needed,"INC blocks bank financing; ACER vs CRISIL: faster, more responsive, India-focused"
Tech Auto Pvt. Ltd.,Non-fund-based financial facility/instrument,ICRA,A 4,29-09-2025,MEDIUM,Y,Manufacturing,INC with ICRA — not cooperating; switch needed,"INC blocks bank financing; ACER vs ICRA: faster, more responsive, India-focused"
Integra Automation Pvt. Ltd.,Long term Loans,CRISIL,BB+,29-09-2025,MEDIUM,Y,Manufacturing,INC with CRISIL — not cooperating; switch needed,"INC blocks bank financing; ACER vs CRISIL: faster, more responsive, India-focused"
D & M Cables Pvt. Ltd.,Term loans,CARE,B-,16-10-2025,MEDIUM,Y,Manufacturing,INC with CARE — not cooperating; switch needed,"INC blocks bank financing; ACER vs CARE: faster, more responsive, India-focused"
Gencor Pacific Auto Engg. Pvt. Ltd.,Letter Of credit,CRISIL,A 4+,16-10-2025,MEDIUM,Y,Manufacturing,INC with CRISIL — not cooperating; switch needed,"INC blocks bank financing; ACER vs CRISIL: faster, more responsive, India-focused"
Peaks Auto Pvt. Ltd.,Bank Guarantee,BRICKWORK,A 4,17-10-2025,MEDIUM,Y,Manufacturing,INC with BRICKWORK — not cooperating; switch needed,"INC blocks bank financing; ACER vs BRICKWORK: faster, more responsive, India-focused"
Advance Panels & Switchgears Pvt. Ltd.,Bank Guarantee,CRISIL,A 4+,17-10-2025,MEDIUM,Y,Manufacturing,INC with CRISIL — not cooperating; switch needed,"INC blocks bank financing; ACER vs CRISIL: faster, more responsive, India-focused"
Sonic Ceramic Pvt. Ltd.,Long term Loans,CRISIL,D,17-10-2025,MEDIUM,Y,Manufacturing,INC with CRISIL — not cooperating; switch needed,"INC blocks bank financing; ACER vs CRISIL: faster, more responsive, India-focused"
Silver Jubilee Motors Ltd.,Bank Guarantee,ACUITE,D,17-10-2025,MEDIUM,Y,Manufacturing,INC with ACUITE — not cooperating; switch needed,"INC blocks bank financing; ACER vs ACUITE: faster, more responsive, India-focused"
Aditya Automobile Spares Pvt. Ltd.,Term loans,ACUITE,C,17-10-2025,MEDIUM,Y,Manufacturing,INC with ACUITE — not cooperating; switch needed,"INC blocks bank financing; ACER vs ACUITE: faster, more responsive, India-focused"
Sonachi Industries Ltd.,Letter Of credit,ACUITE,D,17-10-2025,MEDIUM,Y,Manufacturing,INC with ACUITE — not cooperating; switch needed,"INC blocks bank financing; ACER vs ACUITE: faster, more responsive, India-focused"
Palamoor Paper Products Ltd.,Long term Loans,CRISIL,D,23-09-2025,MEDIUM,Y,Manufacturing,INC with CRISIL — not cooperating; switch needed,"INC blocks bank financing; ACER vs CRISIL: faster, more responsive, India-focused"
Vindhyavasini Automobiles Pvt. Ltd.,Term loans,CRISIL,B,23-09-2025,MEDIUM,Y,Manufacturing,INC with CRISIL — not cooperating; switch needed,"INC blocks bank financing; ACER vs CRISIL: faster, more responsive, India-focused"
Integral Industries Pvt. Ltd.,Letter Of credit,ACUITE,BB,26-09-2025,MEDIUM,Y,Manufacturing,INC with ACUITE — not cooperating; switch needed,"INC blocks bank financing; ACER vs ACUITE: faster, more responsive, India-focused"
United Electrical Inds. Ltd.,Bank Guarantee,CRISIL,A 4,25-09-2025,MEDIUM,Y,Manufacturing,INC with CRISIL — not cooperating; switch needed,"INC blocks bank financing; ACER vs CRISIL: faster, more responsive, India-focused"
Manman Manufacturing Co. Pvt. Ltd.,Long term Loans,CRISIL,B+,25-09-2025,MEDIUM,Y,Manufacturing,INC with CRISIL — not cooperating; switch needed,"INC blocks bank financing; ACER vs CRISIL: faster, more responsive, India-focused"
Needle Eye Plastic Inds. Pvt. Ltd.,Letter Of credit,CRISIL,A 4,25-09-2025,MEDIUM,Y,Manufacturing,INC with CRISIL — not cooperating; switch needed,"INC blocks bank financing; ACER vs CRISIL: faster, more responsive, India-focused"
Needle Industries (India) Pvt. Ltd.,Non-fund-based financial facility/instrument,ICRA,A 4,16-10-2025,MEDIUM,Y,Manufacturing,INC with ICRA — not cooperating; switch needed,"INC blocks bank financing; ACER vs ICRA: faster, more responsive, India-focused"
J P M Industries Ltd.,Letter Of credit,BRICKWORK,A 4,16-10-2025,MEDIUM,Y,Manufacturing,INC with BRICKWORK — not cooperating; switch needed,"INC blocks bank financing; ACER vs BRICKWORK: faster, more responsive, India-focused"
Signature Automobiles India Pvt. Ltd.,Term loans,CARE,B-,19-09-2025,MEDIUM,Y,Manufacturing,INC with CARE — not cooperating; switch needed,"INC blocks bank financing; ACER vs CARE: faster, more responsive, India-focused"
Peaks Auto Jammu Pvt. Ltd.,Term loans,BRICKWORK,D,19-09-2025,MEDIUM,Y,Manufacturing,INC with BRICKWORK — not cooperating; switch needed,"INC blocks bank financing; ACER vs BRICKWORK: faster, more responsive, India-focused"
Bhuwal Insulation Cable Pvt. Ltd.,Fund based financial facility/instrument,CARE,B-,24-09-2025,MEDIUM,Y,Manufacturing,INC with CARE — not cooperating; switch needed,"INC blocks bank financing; ACER vs CARE: faster, more responsive, India-focused"
G S Alloy Castings Pvt. Ltd.,Bank Guarantee,CRISIL,A 4,23-09-2025,MEDIUM,Y,Manufacturing,INC with CRISIL — not cooperating; switch needed,"INC blocks bank financing; ACER vs CRISIL: faster, more responsive, India-focused"
Jayabheri Automotives Pvt. Ltd.,Term loans,CRISIL,B-,23-09-2025,MEDIUM,Y,Manufacturing,INC with CRISIL — not cooperating; switch needed,"INC blocks bank financing; ACER vs CRISIL: faster, more responsive, India-focused"
Raj Sneh Auto India Pvt. Ltd.,Bank Guarantee,CARE,D,23-09-2025,MEDIUM,Y,Manufacturing,INC with CARE — not cooperating; switch needed,"INC blocks bank financing; ACER vs CARE: faster, more responsive, India-focused"
Gazebo Industries Pvt. Ltd.,Letter Of credit,CRISIL,A 4,23-09-2025,MEDIUM,Y,Manufacturing,INC with CRISIL — not cooperating; switch needed,"INC blocks bank financing; ACER vs CRISIL: faster, more responsive, India-focused"
Uttranchal Pulp & Paper Mills Pvt. Ltd.,Term loans,CRISIL,B,23-09-2025,MEDIUM,Y,Manufacturing,INC with CRISIL — not cooperating; switch needed,"INC blocks bank financing; ACER vs CRISIL: faster, more responsive, India-focused"
Gatiman Auto Pvt. Ltd.,Bank Guarantee,CRISIL,A 4,24-10-2025,MEDIUM,Y,Manufacturing,INC with CRISIL — not cooperating; switch needed,"INC blocks bank financing; ACER vs CRISIL: faster, more responsive, India-focused"
Gangotri Paper Mills Pvt. Ltd.,Term loans,BRICKWORK,B,24-10-2025,MEDIUM,Y,Manufacturing,INC with BRICKWORK — not cooperating; switch needed,"INC blocks bank financing; ACER vs BRICKWORK: faster, more responsive, India-focused"
Santoshi Hyvolt Electricals Pvt. Ltd.,Short-term loan,CRISIL,A 4,13-10-2025,MEDIUM,Y,Manufacturing,INC with CRISIL — not cooperating; switch needed,"INC blocks bank financing; ACER vs CRISIL: faster, more responsive, India-focused"
Imperial Readymade Garments Factory India Pvt. Ltd.,Letter Of credit,CRISIL,A 4,13-10-2025,MEDIUM,Y,Manufacturing,INC with CRISIL — not cooperating; switch needed,"INC blocks bank financing; ACER vs CRISIL: faster, more responsive, India-focused"
Gurudev Motors Pvt. Ltd.,Term loans,CRISIL,B,13-10-2025,MEDIUM,Y,Manufacturing,INC with CRISIL — not cooperating; switch needed,"INC blocks bank financing; ACER vs CRISIL: faster, more responsive, India-focused"
Inderjit Marwaha Autos Pvt. Ltd.,Letter Of credit,CARE,B,13-10-2025,MEDIUM,Y,Manufacturing,INC with CARE — not cooperating; switch needed,"INC blocks bank financing; ACER vs CARE: faster, more responsive, India-focused"
Raj India Auto Pvt. Ltd.,Fund based financial facility/instrument,CRISIL,B+,13-10-2025,MEDIUM,Y,Manufacturing,INC with CRISIL — not cooperating; switch needed,"INC blocks bank financing; ACER vs CRISIL: faster, more responsive, India-focused"
Burder Industries India Pvt. Ltd.,Long term Loans,CRISIL,B,13-10-2025,MEDIUM,Y,Manufacturing,INC with CRISIL — not cooperating; switch needed,"INC blocks bank financing; ACER vs CRISIL: faster, more responsive, India-focused"
Viraj Automobiles Pvt. Ltd.,Fund based financial facility/instrument,BRICKWORK,B,24-10-2025,MEDIUM,Y,Manufacturing,INC with BRICKWORK — not cooperating; switch needed,"INC blocks bank financing; ACER vs BRICKWORK: faster, more responsive, India-focused"
Signet Industries Ltd.,Term loans,CRISIL,B+,24-10-2025,MEDIUM,Y,Manufacturing,INC with CRISIL — not cooperating; switch needed,"INC blocks bank financing; ACER vs CRISIL: faster, more responsive, India-focused"
Acme Auto Pvt. Ltd.,Term loans,BRICKWORK,C-,28-10-2025,MEDIUM,Y,Manufacturing,INC with BRICKWORK — not cooperating; switch needed,"INC blocks bank financing; ACER vs BRICKWORK: faster, more responsive, India-focused"
Avlight Automotives Pvt. Ltd.,Long term Loans,ACUITE,BB+,28-10-2025,MEDIUM,Y,Manufacturing,INC with ACUITE — not cooperating; switch needed,"INC blocks bank financing; ACER vs ACUITE: faster, more responsive, India-focused"
Trumboo Industries Pvt. Ltd.,Bank Guarantee,BRICKWORK,A 4,27-10-2025,MEDIUM,Y,Manufacturing,INC with BRICKWORK — not cooperating; switch needed,"INC blocks bank financing; ACER vs BRICKWORK: faster, more responsive, India-focused"
Punjab Bevel Gears Ltd.,Bank Guarantee,CARE,A 4+,27-10-2025,MEDIUM,Y,Manufacturing,INC with CARE — not cooperating; switch needed,"INC blocks bank financing; ACER vs CARE: faster, more responsive, India-focused"
K G E P L Engineering Solutions Pvt. Ltd.,Bank Guarantee,CRISIL,D,27-10-2025,MEDIUM,Y,Manufacturing,INC with CRISIL — not cooperating; switch needed,"INC blocks bank financing; ACER vs CRISIL: faster, more responsive, India-focused"
R D C Automobile Pvt. Ltd.,Fund based financial facility/instrument,CRISIL,D,27-10-2025,MEDIUM,Y,Manufacturing,INC with CRISIL — not cooperating; switch needed,"INC blocks bank financing; ACER vs CRISIL: faster, more responsive, India-focused"
Samrat Forgings Ltd.,Letter Of credit,CRISIL,A 4+,30-09-2025,MEDIUM,Y,Manufacturing,INC with CRISIL — not cooperating; switch needed,"INC blocks bank financing; ACER vs CRISIL: faster, more responsive, India-focused"
Beekay Auto Pvt. Ltd.,Bank Guarantee,CRISIL,A 4,30-09-2025,MEDIUM,Y,Manufacturing,INC with CRISIL — not cooperating; switch needed,"INC blocks bank financing; ACER vs CRISIL: faster, more responsive, India-focused"
Ranba Castings Ltd.,Term loans,ACUITE,C,08-10-2025,MEDIUM,Y,Manufacturing,INC with ACUITE — not cooperating; switch needed,"INC blocks bank financing; ACER vs ACUITE: faster, more responsive, India-focused"
Adarsha Auto World Pvt. Ltd.,Term loans,IND-RA,D,08-10-2025,MEDIUM,Y,Manufacturing,INC with IND-RA — not cooperating; switch needed,"INC blocks bank financing; ACER vs IND-RA: faster, more responsive, India-focused"
Adarsha Automotives Pvt. Ltd.,Non-fund based working capital limit,IND-RA,D,08-10-2025,MEDIUM,Y,Manufacturing,INC with IND-RA — not cooperating; switch needed,"INC blocks bank financing; ACER vs IND-RA: faster, more responsive, India-focused"
Enkay (India) Rubber Co. Pvt. Ltd.,Long term Loans,CRISIL,B,08-10-2025,MEDIUM,Y,Manufacturing,INC with CRISIL — not cooperating; switch needed,"INC blocks bank financing; ACER vs CRISIL: faster, more responsive, India-focused"
Enestee Engineering Ltd.,Term loans,ACUITE,D,24-10-2025,MEDIUM,Y,Manufacturing,INC with ACUITE — not cooperating; switch needed,"INC blocks bank financing; ACER vs ACUITE: faster, more responsive, India-focused"
Chopra Retec Rubber Products Ltd.,Term loans,ACUITE,B,24-10-2025,MEDIUM,Y,Manufacturing,INC with ACUITE — not cooperating; switch needed,"INC blocks bank financing; ACER vs ACUITE: faster, more responsive, India-focused"
Navjivan Motors Pvt. Ltd.,Long term Loans,CRISIL,B,29-09-2025,MEDIUM,Y,Manufacturing,INC with CRISIL — not cooperating; switch needed,"INC blocks bank financing; ACER vs CRISIL: faster, more responsive, India-focused"
Iscon Craft Paper Mill Pvt. Ltd.,Term loans,CRISIL,B+,26-09-2025,MEDIUM,Y,Manufacturing,INC with CRISIL — not cooperating; switch needed,"INC blocks bank financing; ACER vs CRISIL: faster, more responsive, India-focused"
Sagar Industries & Distilleries Pvt. Ltd.,Fund based financial facility/instrument,CARE,BB+,06-10-2025,MEDIUM,Y,Manufacturing,INC with CARE — not cooperating; switch needed,"INC blocks bank financing; ACER vs CARE: faster, more responsive, India-focused"
Uma Motors Pvt. Ltd.,Fund based financial facility/instrument,CRISIL,A 4+,06-10-2025,MEDIUM,Y,Manufacturing,INC with CRISIL — not cooperating; switch needed,"INC blocks bank financing; ACER vs CRISIL: faster, more responsive, India-focused"
Bluemount Paper & Boards Ltd.,Long term Loans,CRISIL,B,06-10-2025,MEDIUM,Y,Manufacturing,INC with CRISIL — not cooperating; switch needed,"INC blocks bank financing; ACER vs CRISIL: faster, more responsive, India-focused"
K B S Industries Ltd.,Long term Loans,ACUITE,BB+,06-10-2025,MEDIUM,Y,Manufacturing,INC with ACUITE — not cooperating; switch needed,"INC blocks bank financing; ACER vs ACUITE: faster, more responsive, India-focused"
Padmavati Castings Pvt. Ltd.,Term loans,CRISIL,BB+,03-10-2025,MEDIUM,Y,Manufacturing,INC with CRISIL — not cooperating; switch needed,"INC blocks bank financing; ACER vs CRISIL: faster, more responsive, India-focused"
Rama Auto Dealers Pvt. Ltd.,Fund based financial facility/instrument,CRISIL,B,30-09-2025,MEDIUM,Y,Manufacturing,INC with CRISIL — not cooperating; switch needed,"INC blocks bank financing; ACER vs CRISIL: faster, more responsive, India-focused"
Soni Auto & Allied Inds. Ltd.,Term loans,CRISIL,BB+,03-11-2025,MEDIUM,Y,Manufacturing,INC with CRISIL — not cooperating; switch needed,"INC blocks bank financing; ACER vs CRISIL: faster, more responsive, India-focused"
Hema Engineering Inds. Ltd.,Term loans,CARE,D,31-10-2025,MEDIUM,Y,Manufacturing,INC with CARE — not cooperating; switch needed,"INC blocks bank financing; ACER vs CARE: faster, more responsive, India-focused"
Bhandari Precision Forgings Pvt. Ltd.,Letter Of credit,CRISIL,A 4+,23-10-2025,MEDIUM,Y,Manufacturing,INC with CRISIL — not cooperating; switch needed,"INC blocks bank financing; ACER vs CRISIL: faster, more responsive, India-focused"
Deejay Plastics Pvt. Ltd.,Bank Guarantee,ACUITE,A 4,22-10-2025,MEDIUM,Y,Manufacturing,INC with ACUITE — not cooperating; switch needed,"INC blocks bank financing; ACER vs ACUITE: faster, more responsive, India-focused"
A S M Industries (India) Pvt. Ltd.,Long term Loans,ACUITE,B,22-10-2025,MEDIUM,Y,Manufacturing,INC with ACUITE — not cooperating; switch needed,"INC blocks bank financing; ACER vs ACUITE: faster, more responsive, India-focused"
Radheya Machining Ltd.,Term loans,ICRA,B+,22-10-2025,MEDIUM,Y,Manufacturing,INC with ICRA — not cooperating; switch needed,"INC blocks bank financing; ACER vs ICRA: faster, more responsive, India-focused"
Aaj Ka Anand Papers Ltd.,Term loans,CRISIL,D,20-10-2025,MEDIUM,Y,Manufacturing,INC with CRISIL — not cooperating; switch needed,"INC blocks bank financing; ACER vs CRISIL: faster, more responsive, India-focused"
Motherland Garments Pvt. Ltd.,Long term Loans,ACUITE,B-,20-10-2025,MEDIUM,Y,Manufacturing,INC with ACUITE — not cooperating; switch needed,"INC blocks bank financing; ACER vs ACUITE: faster, more responsive, India-focused"
Unitech Fabricators & Engineers Pvt. Ltd.,Bank Guarantee,CRISIL,A 4,30-10-2025,MEDIUM,Y,Manufacturing,INC with CRISIL — not cooperating; switch needed,"INC blocks bank financing; ACER vs CRISIL: faster, more responsive, India-focused"
S R S Diecasting Pvt. Ltd.,Term loans,ACUITE,B-,30-10-2025,MEDIUM,Y,Manufacturing,INC with ACUITE — not cooperating; switch needed,"INC blocks bank financing; ACER vs ACUITE: faster, more responsive, India-focused"
Ranvik Autocomponents Pvt. Ltd.,Letter Of credit,CRISIL,D,05-11-2025,MEDIUM,Y,Manufacturing,INC with CRISIL — not cooperating; switch needed,"INC blocks bank financing; ACER vs CRISIL: faster, more responsive, India-focused"
Uniglobal Papers Pvt. Ltd.,Letter Of credit,ACUITE,A 4,04-11-2025,MEDIUM,Y,Manufacturing,INC with ACUITE — not cooperating; switch needed,"INC blocks bank financing; ACER vs ACUITE: faster, more responsive, India-focused"
Newton Engineering & Chemicals Ltd.,Bank Guarantee,ACUITE,D,04-11-2025,MEDIUM,Y,Manufacturing,INC with ACUITE — not cooperating; switch needed,"INC blocks bank financing; ACER vs ACUITE: faster, more responsive, India-focused"
Surya Electricals & Engineers Pvt. Ltd.,Bank Guarantee,CARE,A 4,04-11-2025,MEDIUM,Y,Manufacturing,INC with CARE — not cooperating; switch needed,"INC blocks bank financing; ACER vs CARE: faster, more responsive, India-focused"
Emson Tools Mfg. Corpn. Ltd.,Term loans,CARE,B+,03-11-2025,MEDIUM,Y,Manufacturing,INC with CARE — not cooperating; switch needed,"INC blocks bank financing; ACER vs CARE: faster, more responsive, India-focused"
Sparkline Equipments Pvt. Ltd.,Letter Of credit,ACUITE,A 4,03-11-2025,MEDIUM,Y,Manufacturing,INC with ACUITE — not cooperating; switch needed,"INC blocks bank financing; ACER vs ACUITE: faster, more responsive, India-focused"
B S L Castings Pvt. Ltd.,Letter Of credit,CRISIL,A 4,13-10-2025,MEDIUM,Y,Manufacturing,INC with CRISIL — not cooperating; switch needed,"INC blocks bank financing; ACER vs CRISIL: faster, more responsive, India-focused"
Rudra Automart Pvt. Ltd.,Fund based financial facility/instrument,CRISIL,B,13-10-2025,MEDIUM,Y,Manufacturing,INC with CRISIL — not cooperating; switch needed,"INC blocks bank financing; ACER vs CRISIL: faster, more responsive, India-focused"
Bassi Alloys Pvt. Ltd.,Term loans,BRICKWORK,C,17-10-2025,MEDIUM,Y,Manufacturing,INC with BRICKWORK — not cooperating; switch needed,"INC blocks bank financing; ACER vs BRICKWORK: faster, more responsive, India-focused"
Rajkrishna Aditya Auto Store Pvt. Ltd.,Long term Loans,ACUITE,C,17-10-2025,MEDIUM,Y,Manufacturing,INC with ACUITE — not cooperating; switch needed,"INC blocks bank financing; ACER vs ACUITE: faster, more responsive, India-focused"
G S Auto International Ltd.,Term loans,CARE,C,17-10-2025,MEDIUM,Y,Manufacturing,INC with CARE — not cooperating; switch needed,"INC blocks bank financing; ACER vs CARE: faster, more responsive, India-focused"
Sampark Industries Ltd.,Long term Loans,CRISIL,B,17-10-2025,MEDIUM,Y,Manufacturing,INC with CRISIL — not cooperating; switch needed,"INC blocks bank financing; ACER vs CRISIL: faster, more responsive, India-focused"
Sheshadri Industries Ltd.,Long term Loans,CRISIL,D,31-10-2025,MEDIUM,Y,Manufacturing,INC with CRISIL — not cooperating; switch needed,"INC blocks bank financing; ACER vs CRISIL: faster, more responsive, India-focused"
Rex Pipes & Cables Inds. Ltd.,Term loans,CRISIL,B,31-10-2025,MEDIUM,Y,Manufacturing,INC with CRISIL — not cooperating; switch needed,"INC blocks bank financing; ACER vs CRISIL: faster, more responsive, India-focused"
Pawan Castings Meghalaya Pvt. Ltd.,Term loans,CRISIL,B+,13-10-2025,MEDIUM,Y,Manufacturing,INC with CRISIL — not cooperating; switch needed,"INC blocks bank financing; ACER vs CRISIL: faster, more responsive, India-focused"
Pilot Industries Ltd.,Non-fund based working capital limit,IND-RA,A 2,10-10-2025,MEDIUM,Y,Manufacturing,INC with IND-RA — not cooperating; switch needed,"INC blocks bank financing; ACER vs IND-RA: faster, more responsive, India-focused"
Prem Cables Pvt. Ltd.,Letter Of credit,BRICKWORK,B,15-10-2025,MEDIUM,Y,Manufacturing,INC with BRICKWORK — not cooperating; switch needed,"INC blocks bank financing; ACER vs BRICKWORK: faster, more responsive, India-focused"
Stan Autos Pvt. Ltd.,Fund based financial facility/instrument,BRICKWORK,D,15-10-2025,MEDIUM,Y,Manufacturing,INC with BRICKWORK — not cooperating; switch needed,"INC blocks bank financing; ACER vs BRICKWORK: faster, more responsive, India-focused"
Knitcraft Apparels Intl. Pvt. Ltd.,Long term Loans,ACUITE,D,15-10-2025,MEDIUM,Y,Manufacturing,INC with ACUITE — not cooperating; switch needed,"INC blocks bank financing; ACER vs ACUITE: faster, more responsive, India-focused"
Sam Industrial Enterprises Ltd.,Bank Guarantee,CRISIL,D,14-10-2025,MEDIUM,Y,Manufacturing,INC with CRISIL — not cooperating; switch needed,"INC blocks bank financing; ACER vs CRISIL: faster, more responsive, India-focused"
Arvind Motors Pvt. Ltd.,Fund based financial facility/instrument,BRICKWORK,C,14-10-2025,MEDIUM,Y,Manufacturing,INC with BRICKWORK — not cooperating; switch needed,"INC blocks bank financing; ACER vs BRICKWORK: faster, more responsive, India-focused"
Genesis Packaging Pvt. Ltd.,Term loans,CARE,B-,14-10-2025,MEDIUM,Y,Manufacturing,INC with CARE — not cooperating; switch needed,"INC blocks bank financing; ACER vs CARE: faster, more responsive, India-focused"
Aggarwal Automotive Pvt. Ltd.,Fund based financial facility/instrument,CRISIL,B+,12-11-2025,MEDIUM,Y,Manufacturing,INC with CRISIL — not cooperating; switch needed,"INC blocks bank financing; ACER vs CRISIL: faster, more responsive, India-focused"
Asiad Engineering Works Pvt. Ltd.,Long term Loans,CRISIL,B,12-11-2025,MEDIUM,Y,Manufacturing,INC with CRISIL — not cooperating; switch needed,"INC blocks bank financing; ACER vs CRISIL: faster, more responsive, India-focused"
Ujala Pumps Pvt. Ltd.,Letter Of credit,CRISIL,D,30-10-2025,MEDIUM,Y,Manufacturing,INC with CRISIL — not cooperating; switch needed,"INC blocks bank financing; ACER vs CRISIL: faster, more responsive, India-focused"
Vital Paper Products Pvt. Ltd.,Letter Of credit,CRISIL,A 4,30-10-2025,MEDIUM,Y,Manufacturing,INC with CRISIL — not cooperating; switch needed,"INC blocks bank financing; ACER vs CRISIL: faster, more responsive, India-focused"
Sanskriti Packaging Pvt. Ltd.,Letter Of credit,CRISIL,A 4,29-10-2025,MEDIUM,Y,Manufacturing,INC with CRISIL — not cooperating; switch needed,"INC blocks bank financing; ACER vs CRISIL: faster, more responsive, India-focused"
Sri Bhavani Castings Ltd.,Bank Guarantee,BRICKWORK,C,29-10-2025,MEDIUM,Y,Manufacturing,INC with BRICKWORK — not cooperating; switch needed,"INC blocks bank financing; ACER vs BRICKWORK: faster, more responsive, India-focused"
Mukta Industries Pvt. Ltd.,Non-government debt,ICRA,D,29-10-2025,MEDIUM,Y,Manufacturing,INC with ICRA — not cooperating; switch needed,"INC blocks bank financing; ACER vs ICRA: faster, more responsive, India-focused"
Shiv Industries (Food) Pvt. Ltd.,Term loans,CRISIL,B,29-10-2025,MEDIUM,Y,Manufacturing,INC with CRISIL — not cooperating; switch needed,"INC blocks bank financing; ACER vs CRISIL: faster, more responsive, India-focused"
B L G Electronics Ltd.,Letter Of credit,BRICKWORK,A 4,11-11-2025,MEDIUM,Y,Manufacturing,INC with BRICKWORK — not cooperating; switch needed,"INC blocks bank financing; ACER vs BRICKWORK: faster, more responsive, India-focused"
Shree Durga Parameshwari Motors Pvt. Ltd.,Long term Loans,CRISIL,B,10-11-2025,MEDIUM,Y,Manufacturing,INC with CRISIL — not cooperating; switch needed,"INC blocks bank financing; ACER vs CRISIL: faster, more responsive, India-focused"
R M C Switchgears Ltd.,Letter Of credit,CRISIL,D,12-11-2025,MEDIUM,Y,Manufacturing,INC with CRISIL — not cooperating; switch needed,"INC blocks bank financing; ACER vs CRISIL: faster, more responsive, India-focused"
Promac Engineering Inds. Ltd.,Bank Guarantee,ACUITE,A 4+,12-11-2025,MEDIUM,Y,Manufacturing,INC with ACUITE — not cooperating; switch needed,"INC blocks bank financing; ACER vs ACUITE: faster, more responsive, India-focused"
Neva Garments Ltd.,Fund based financial facility/instrument,BRICKWORK,B+,12-11-2025,MEDIUM,Y,Manufacturing,INC with BRICKWORK — not cooperating; switch needed,"INC blocks bank financing; ACER vs BRICKWORK: faster, more responsive, India-focused"
C J N Hitech Motors Pvt. Ltd.,Fund based financial facility/instrument,CRISIL,B+,12-11-2025,MEDIUM,Y,Manufacturing,INC with CRISIL — not cooperating; switch needed,"INC blocks bank financing; ACER vs CRISIL: faster, more responsive, India-focused"
Ramlal Durgadutt Motors Pvt. Ltd.,Fund based financial facility/instrument,CRISIL,BB+,12-11-2025,MEDIUM,Y,Manufacturing,INC with CRISIL — not cooperating; switch needed,"INC blocks bank financing; ACER vs CRISIL: faster, more responsive, India-focused"
Hitesh Plastics Pvt. Ltd.,Term loans,ICRA,B+,12-11-2025,MEDIUM,Y,Manufacturing,INC with ICRA — not cooperating; switch needed,"INC blocks bank financing; ACER vs ICRA: faster, more responsive, India-focused"
D D Industries Ltd.,Term loans,CRISIL,D,23-10-2025,MEDIUM,Y,Manufacturing,INC with CRISIL — not cooperating; switch needed,"INC blocks bank financing; ACER vs CRISIL: faster, more responsive, India-focused"
M B Garments (India) Pvt. Ltd.,Term loans,BRICKWORK,C,23-10-2025,MEDIUM,Y,Manufacturing,INC with BRICKWORK — not cooperating; switch needed,"INC blocks bank financing; ACER vs BRICKWORK: faster, more responsive, India-focused"
Nimar Motors Pvt. Ltd.,Bank Guarantee,CRISIL,A 4,24-10-2025,MEDIUM,Y,Manufacturing,INC with CRISIL — not cooperating; switch needed,"INC blocks bank financing; ACER vs CRISIL: faster, more responsive, India-focused"
G N B Motors Pvt. Ltd.,Fund based financial facility/instrument,CRISIL,B,24-10-2025,MEDIUM,Y,Manufacturing,INC with CRISIL — not cooperating; switch needed,"INC blocks bank financing; ACER vs CRISIL: faster, more responsive, India-focused"
A K R Industries Pvt. Ltd.,Term loans,BRICKWORK,BB-,24-10-2025,MEDIUM,Y,Manufacturing,INC with BRICKWORK — not cooperating; switch needed,"INC blocks bank financing; ACER vs BRICKWORK: faster, more responsive, India-focused"
Teknoflow Green Equipments Pvt. Ltd.,Term loans,CRISIL,B,24-10-2025,MEDIUM,Y,Manufacturing,INC with CRISIL — not cooperating; switch needed,"INC blocks bank financing; ACER vs CRISIL: faster, more responsive, India-focused"
Disha Auto Components Pvt. Ltd.,Term loans,ACUITE,B-,11-11-2025,MEDIUM,Y,Manufacturing,INC with ACUITE — not cooperating; switch needed,"INC blocks bank financing; ACER vs ACUITE: faster, more responsive, India-focused"
Hisar Motors Pvt. Ltd.,Fund based financial facility/instrument,CRISIL,BB-,11-11-2025,MEDIUM,Y,Manufacturing,INC with CRISIL — not cooperating; switch needed,"INC blocks bank financing; ACER vs CRISIL: faster, more responsive, India-focused"
Gargo Motors Ltd.,Long term Loans,CRISIL,B+,20-10-2025,MEDIUM,Y,Manufacturing,INC with CRISIL — not cooperating; switch needed,"INC blocks bank financing; ACER vs CRISIL: faster, more responsive, India-focused"
Ecko Cables Pvt. Ltd.,Letter Of credit,CRISIL,A 4,17-10-2025,MEDIUM,Y,Manufacturing,INC with CRISIL — not cooperating; switch needed,"INC blocks bank financing; ACER vs CRISIL: faster, more responsive, India-focused"
Toshniwal Industries Pvt. Ltd.,Bank Guarantee,CRISIL,A 4,24-10-2025,MEDIUM,Y,Manufacturing,INC with CRISIL — not cooperating; switch needed,"INC blocks bank financing; ACER vs CRISIL: faster, more responsive, India-focused"
Orion Motors Pvt. Ltd.,Fund based financial facility/instrument,CRISIL,B,24-10-2025,MEDIUM,Y,Manufacturing,INC with CRISIL — not cooperating; switch needed,"INC blocks bank financing; ACER vs CRISIL: faster, more responsive, India-focused"
Planet Automotive Pvt. Ltd.,Fund based financial facility/instrument,CRISIL,B-,23-10-2025,MEDIUM,Y,Manufacturing,INC with CRISIL — not cooperating; switch needed,"INC blocks bank financing; ACER vs CRISIL: faster, more responsive, India-focused"
Elroy Motors Pvt. Ltd.,Fund based financial facility/instrument,CRISIL,B+,23-10-2025,MEDIUM,Y,Manufacturing,INC with CRISIL — not cooperating; switch needed,"INC blocks bank financing; ACER vs CRISIL: faster, more responsive, India-focused"
Jdagro Industries Pvt. Ltd.,Bank Guarantee,CRISIL,A 4,23-10-2025,MEDIUM,Y,Manufacturing,INC with CRISIL — not cooperating; switch needed,"INC blocks bank financing; ACER vs CRISIL: faster, more responsive, India-focused"
Rocket Engineering Corpn. Pvt. Ltd.,Long term Loans,CRISIL,B,23-10-2025,MEDIUM,Y,Manufacturing,INC with CRISIL — not cooperating; switch needed,"INC blocks bank financing; ACER vs CRISIL: faster, more responsive, India-focused"
Mor Alloys Pvt. Ltd.,Non-government debt,ICRA,B+/A4,10-12-2025,MEDIUM,Y,Manufacturing,INC with ICRA — not cooperating; switch needed,"INC blocks bank financing; ACER vs ICRA: faster, more responsive, India-focused"
Gujarat Dyestuff Inds. Pvt. Ltd.,Bank Guarantee,CRISIL,A 4,10-12-2025,MEDIUM,Y,Manufacturing,INC with CRISIL — not cooperating; switch needed,"INC blocks bank financing; ACER vs CRISIL: faster, more responsive, India-focused"
Konvertor Packaging Solutions Pvt. Ltd.,Term loans,CRISIL,B,10-12-2025,MEDIUM,Y,Manufacturing,INC with CRISIL — not cooperating; switch needed,"INC blocks bank financing; ACER vs CRISIL: faster, more responsive, India-focused"
Trans Valves (India) Pvt. Ltd.,Non-fund-based financial facility/instrument,BRICKWORK,A 4,10-12-2025,MEDIUM,Y,Manufacturing,INC with BRICKWORK — not cooperating; switch needed,"INC blocks bank financing; ACER vs BRICKWORK: faster, more responsive, India-focused"
Devkiran Paper Mills Pvt. Ltd.,Bank Guarantee,CRISIL,D,10-12-2025,MEDIUM,Y,Manufacturing,INC with CRISIL — not cooperating; switch needed,"INC blocks bank financing; ACER vs CRISIL: faster, more responsive, India-focused"
Mahalaxmi Automotives Vehicles Pvt. Ltd.,Fund based financial facility/instrument,ACUITE,B-,09-12-2025,MEDIUM,Y,Manufacturing,INC with ACUITE — not cooperating; switch needed,"INC blocks bank financing; ACER vs ACUITE: faster, more responsive, India-focused"
Navdurga Pulp & Paper Mills India Pvt. Ltd.,Term loans,CARE,B-,11-12-2025,MEDIUM,Y,Manufacturing,INC with CARE — not cooperating; switch needed,"INC blocks bank financing; ACER vs CARE: faster, more responsive, India-focused"
Nicomet Industries Ltd.,Term loans,ICRA,D,11-12-2025,MEDIUM,Y,Manufacturing,INC with ICRA — not cooperating; switch needed,"INC blocks bank financing; ACER vs ICRA: faster, more responsive, India-focused"
Shankar Equipments Ltd.,Fund based financial facility/instrument,CRISIL,BB-,09-12-2025,MEDIUM,Y,Manufacturing,INC with CRISIL — not cooperating; switch needed,"INC blocks bank financing; ACER vs CRISIL: faster, more responsive, India-focused"
Magma Autolinks Pvt. Ltd.,Term loans,ICRA,D,09-12-2025,MEDIUM,Y,Manufacturing,INC with ICRA — not cooperating; switch needed,"INC blocks bank financing; ACER vs ICRA: faster, more responsive, India-focused"
Shilpa Alloys Pvt. Ltd.,Short-term loan,ACUITE,A 4+,09-12-2025,MEDIUM,Y,Manufacturing,INC with ACUITE — not cooperating; switch needed,"INC blocks bank financing; ACER vs ACUITE: faster, more responsive, India-focused"
Ashruly Engineering Pvt. Ltd.,Letter Of credit,CRISIL,D,08-12-2025,MEDIUM,Y,Manufacturing,INC with CRISIL — not cooperating; switch needed,"INC blocks bank financing; ACER vs CRISIL: faster, more responsive, India-focused"
Valiant Glass Works Pvt. Ltd.,Bank Guarantee,CARE,A 4,08-12-2025,MEDIUM,Y,Manufacturing,INC with CARE — not cooperating; switch needed,"INC blocks bank financing; ACER vs CARE: faster, more responsive, India-focused"
Nutech Engineering Technologies Ltd.,Letter Of credit,CARE,A 4,08-12-2025,MEDIUM,Y,Manufacturing,INC with CARE — not cooperating; switch needed,"INC blocks bank financing; ACER vs CARE: faster, more responsive, India-focused"
Sri Raghavendra Ferro Alloys Pvt. Ltd.,Letter Of credit,ACUITE,D,10-12-2025,MEDIUM,Y,Manufacturing,INC with ACUITE — not cooperating; switch needed,"INC blocks bank financing; ACER vs ACUITE: faster, more responsive, India-focused"
Flourish Paper & Chemicals Ltd.,Term loans,ACUITE,D,10-12-2025,MEDIUM,Y,Manufacturing,INC with ACUITE — not cooperating; switch needed,"INC blocks bank financing; ACER vs ACUITE: faster, more responsive, India-focused"
Radhamadhav Automobiles Pvt. Ltd.,Fund based financial facility/instrument,BRICKWORK,D,30-10-2025,MEDIUM,Y,Manufacturing,INC with BRICKWORK — not cooperating; switch needed,"INC blocks bank financing; ACER vs BRICKWORK: faster, more responsive, India-focused"
Aklavya Industries Pvt. Ltd.,Term loans,ICRA,B+,30-10-2025,MEDIUM,Y,Manufacturing,INC with ICRA — not cooperating; switch needed,"INC blocks bank financing; ACER vs ICRA: faster, more responsive, India-focused"
Zaibunco Industries Pvt. Ltd.,Term loans,CRISIL,B+,31-10-2025,MEDIUM,Y,Manufacturing,INC with CRISIL — not cooperating; switch needed,"INC blocks bank financing; ACER vs CRISIL: faster, more responsive, India-focused"
Bhandari Engineering Co. Pvt. Ltd.,Term loans,BRICKWORK,C,31-10-2025,MEDIUM,Y,Manufacturing,INC with BRICKWORK — not cooperating; switch needed,"INC blocks bank financing; ACER vs BRICKWORK: faster, more responsive, India-focused"
Supreme Engineering Ltd.,Term loans,BRICKWORK,D,31-10-2025,MEDIUM,Y,Manufacturing,INC with BRICKWORK — not cooperating; switch needed,"INC blocks bank financing; ACER vs BRICKWORK: faster, more responsive, India-focused"
Sumer Sons Autotech Pvt. Ltd.,Bank Guarantee,BRICKWORK,A 4,31-10-2025,MEDIUM,Y,Manufacturing,INC with BRICKWORK — not cooperating; switch needed,"INC blocks bank financing; ACER vs BRICKWORK: faster, more responsive, India-focused"
Monsoon Bounty Foods Mfg. Pvt. Ltd.,Term loans,IND-RA,BB-,09-12-2025,MEDIUM,Y,Manufacturing,INC with IND-RA — not cooperating; switch needed,"INC blocks bank financing; ACER vs IND-RA: faster, more responsive, India-focused"
Mahalaxmi Automotives Pvt. Ltd.,Fund based financial facility/instrument,ACUITE,B-,09-12-2025,MEDIUM,Y,Manufacturing,INC with ACUITE — not cooperating; switch needed,"INC blocks bank financing; ACER vs ACUITE: faster, more responsive, India-focused"
Vigel Manufacturing Technologies Pvt. Ltd.,Bank Guarantee,BRICKWORK,A 4,28-10-2025,MEDIUM,Y,Manufacturing,INC with BRICKWORK — not cooperating; switch needed,"INC blocks bank financing; ACER vs BRICKWORK: faster, more responsive, India-focused"
Prerana Motors Pvt. Ltd.,Term loans,ACUITE,BB+,28-10-2025,MEDIUM,Y,Manufacturing,INC with ACUITE — not cooperating; switch needed,"INC blocks bank financing; ACER vs ACUITE: faster, more responsive, India-focused"
Svasca Industries (India) Ltd.,Non-government debt,CARE,B-/A4,30-10-2025,MEDIUM,Y,Manufacturing,INC with CARE — not cooperating; switch needed,"INC blocks bank financing; ACER vs CARE: faster, more responsive, India-focused"
V S Engineering Pvt. Ltd.,Bank Guarantee,CRISIL,A 4,30-10-2025,MEDIUM,Y,Manufacturing,INC with CRISIL — not cooperating; switch needed,"INC blocks bank financing; ACER vs CRISIL: faster, more responsive, India-focused"
Novelty Reddy & Reddy Motors Pvt. Ltd.,Letter Of credit,BRICKWORK,A 4,30-10-2025,MEDIUM,Y,Manufacturing,INC with BRICKWORK — not cooperating; switch needed,"INC blocks bank financing; ACER vs BRICKWORK: faster, more responsive, India-focused"
Whitegold Ceramics Pvt. Ltd.,Term loans,CRISIL,B,30-10-2025,MEDIUM,Y,Manufacturing,INC with CRISIL — not cooperating; switch needed,"INC blocks bank financing; ACER vs CRISIL: faster, more responsive, India-focused"
Pact Industries Ltd.,Letter Of credit,CRISIL,D,30-10-2025,MEDIUM,Y,Manufacturing,INC with CRISIL — not cooperating; switch needed,"INC blocks bank financing; ACER vs CRISIL: faster, more responsive, India-focused"
Raghav Industries Ltd.,Long term Loans,CRISIL,D,30-10-2025,MEDIUM,Y,Manufacturing,INC with CRISIL — not cooperating; switch needed,"INC blocks bank financing; ACER vs CRISIL: faster, more responsive, India-focused"
Chowgule Industries Pvt. Ltd.,Non-government debt,ICRA,BB+/A4+,05-12-2025,MEDIUM,Y,Manufacturing,INC with ICRA — not cooperating; switch needed,"INC blocks bank financing; ACER vs ICRA: faster, more responsive, India-focused"
Tirupur Pandit Hosiery Millss Pvt. Ltd.,Long term Loans,ACUITE,B-,05-12-2025,MEDIUM,Y,Manufacturing,INC with ACUITE — not cooperating; switch needed,"INC blocks bank financing; ACER vs ACUITE: faster, more responsive, India-focused"
A R R Ess Industries Pvt. Ltd.,Letter Of credit,CRISIL,A 4,05-12-2025,MEDIUM,Y,Manufacturing,INC with CRISIL — not cooperating; switch needed,"INC blocks bank financing; ACER vs CRISIL: faster, more responsive, India-focused"
Reep Industries Pvt. Ltd.,Letter Of credit,CRISIL,A 4,05-12-2025,MEDIUM,Y,Manufacturing,INC with CRISIL — not cooperating; switch needed,"INC blocks bank financing; ACER vs CRISIL: faster, more responsive, India-focused"
Siva Sankar Motors Pvt. Ltd.,Term loans,CARE,BB-,05-12-2025,MEDIUM,Y,Manufacturing,INC with CARE — not cooperating; switch needed,"INC blocks bank financing; ACER vs CARE: faster, more responsive, India-focused"
Shubh Motors Pvt. Ltd.,Term loans,ICRA,B+,05-12-2025,MEDIUM,Y,Manufacturing,INC with ICRA — not cooperating; switch needed,"INC blocks bank financing; ACER vs ICRA: faster, more responsive, India-focused"
Ramsons Industries Ltd.,Bank Guarantee,CRISIL,A 4,08-12-2025,MEDIUM,Y,Manufacturing,INC with CRISIL — not cooperating; switch needed,"INC blocks bank financing; ACER vs CRISIL: faster, more responsive, India-focused"
A R K Industries Pvt. Ltd.,Letter Of credit,CRISIL,D,08-12-2025,MEDIUM,Y,Manufacturing,INC with CRISIL — not cooperating; switch needed,"INC blocks bank financing; ACER vs CRISIL: faster, more responsive, India-focused"
Mark Alloys Pvt. Ltd.,Term loans,BRICKWORK,C,04-12-2025,MEDIUM,Y,Manufacturing,INC with BRICKWORK — not cooperating; switch needed,"INC blocks bank financing; ACER vs BRICKWORK: faster, more responsive, India-focused"
Rajvir Industries Ltd.,Term loans,CARE,D,04-12-2025,MEDIUM,Y,Manufacturing,INC with CARE — not cooperating; switch needed,"INC blocks bank financing; ACER vs CARE: faster, more responsive, India-focused"
Oswal Cables Ltd.,Term loans,BRICKWORK,BB-,03-12-2025,MEDIUM,Y,Manufacturing,INC with BRICKWORK — not cooperating; switch needed,"INC blocks bank financing; ACER vs BRICKWORK: faster, more responsive, India-focused"
Anusaya Auto Press Parts Pvt. Ltd.,Term loans,BRICKWORK,C,03-12-2025,MEDIUM,Y,Manufacturing,INC with BRICKWORK — not cooperating; switch needed,"INC blocks bank financing; ACER vs BRICKWORK: faster, more responsive, India-focused"
Kotecha Industries Ltd.,Letter Of credit,CARE,D,02-12-2025,MEDIUM,Y,Manufacturing,INC with CARE — not cooperating; switch needed,"INC blocks bank financing; ACER vs CARE: faster, more responsive, India-focused"
Mechfast Engineering Pvt. Ltd.,Term loans,CARE,B-,02-12-2025,MEDIUM,Y,Manufacturing,INC with CARE — not cooperating; switch needed,"INC blocks bank financing; ACER vs CARE: faster, more responsive, India-focused"
Mithra Auto Agencies Pvt. Ltd.,Long term Loans,CRISIL,B,05-12-2025,MEDIUM,Y,Manufacturing,INC with CRISIL — not cooperating; switch needed,"INC blocks bank financing; ACER vs CRISIL: faster, more responsive, India-focused"
United Rubber Inds. (India) Pvt. Ltd.,Term loans,BRICKWORK,C,05-12-2025,MEDIUM,Y,Manufacturing,INC with BRICKWORK — not cooperating; switch needed,"INC blocks bank financing; ACER vs BRICKWORK: faster, more responsive, India-focused"
S V P Industries Ltd.,Non-fund-based financial facility/instrument,BRICKWORK,A 4,01-12-2025,MEDIUM,Y,Manufacturing,INC with BRICKWORK — not cooperating; switch needed,"INC blocks bank financing; ACER vs BRICKWORK: faster, more responsive, India-focused"
G D Dyestuff Inds. Ltd.,Term loans,IND-RA,B+,01-12-2025,MEDIUM,Y,Manufacturing,INC with IND-RA — not cooperating; switch needed,"INC blocks bank financing; ACER vs IND-RA: faster, more responsive, India-focused"
Garg Duplex & Paper Mills Pvt. Ltd.,Term loans,ICRA,B+,28-11-2025,MEDIUM,Y,Manufacturing,INC with ICRA — not cooperating; switch needed,"INC blocks bank financing; ACER vs ICRA: faster, more responsive, India-focused"
Shivam Motors Pvt. Ltd.,Non-government debt,ICRA,C/A4,28-11-2025,MEDIUM,Y,Manufacturing,INC with ICRA — not cooperating; switch needed,"INC blocks bank financing; ACER vs ICRA: faster, more responsive, India-focused"
Wave Industries Pvt. Ltd.,Bank Guarantee,CRISIL,A 4,27-11-2025,MEDIUM,Y,Manufacturing,INC with CRISIL — not cooperating; switch needed,"INC blocks bank financing; ACER vs CRISIL: faster, more responsive, India-focused"
Sun Shine Autos Pvt. Ltd.,Term loans,CARE,B-,27-11-2025,MEDIUM,Y,Manufacturing,INC with CARE — not cooperating; switch needed,"INC blocks bank financing; ACER vs CARE: faster, more responsive, India-focused"
Siddheshwar Industries Pvt. Ltd.,Fund based financial facility/instrument,BRICKWORK,C,04-12-2025,MEDIUM,Y,Manufacturing,INC with BRICKWORK — not cooperating; switch needed,"INC blocks bank financing; ACER vs BRICKWORK: faster, more responsive, India-focused"
Multitech Auto Pvt. Ltd. [Merged],Bank Guarantee,BRICKWORK,A 4,04-12-2025,MEDIUM,Y,Manufacturing,INC with BRICKWORK — not cooperating; switch needed,"INC blocks bank financing; ACER vs BRICKWORK: faster, more responsive, India-focused"
Jayaraj Fortune Packaging Pvt. Ltd.,Non-fund-based financial facility/instrument,ICRA,A 4,11-12-2025,MEDIUM,Y,Manufacturing,INC with ICRA — not cooperating; switch needed,"INC blocks bank financing; ACER vs ICRA: faster, more responsive, India-focused"
Nidhi Auto Pvt. Ltd.,Non-government debt,CARE,B-/A4,11-12-2025,MEDIUM,Y,Manufacturing,INC with CARE — not cooperating; switch needed,"INC blocks bank financing; ACER vs CARE: faster, more responsive, India-focused"
Eternal Motors Pvt. Ltd.,Long term Loans,CRISIL,D,11-12-2025,MEDIUM,Y,Manufacturing,INC with CRISIL — not cooperating; switch needed,"INC blocks bank financing; ACER vs CRISIL: faster, more responsive, India-focused"
Cordoba Engineering Pvt. Ltd.,Fund based financial facility/instrument,CRISIL,B,11-12-2025,MEDIUM,Y,Manufacturing,INC with CRISIL — not cooperating; switch needed,"INC blocks bank financing; ACER vs CRISIL: faster, more responsive, India-focused"
Alpha Carbonless Paper Mfg. Co. Pvt. Ltd.,Fund based financial facility/instrument,CRISIL,B,11-12-2025,MEDIUM,Y,Manufacturing,INC with CRISIL — not cooperating; switch needed,"INC blocks bank financing; ACER vs CRISIL: faster, more responsive, India-focused"
Balaji Paper & Newsprint Pvt. Ltd.,Bank Guarantee,CRISIL,D,10-12-2025,MEDIUM,Y,Manufacturing,INC with CRISIL — not cooperating; switch needed,"INC blocks bank financing; ACER vs CRISIL: faster, more responsive, India-focused"
Chandresh Cables Ltd.,Letter Of credit,ACUITE,A 4+,01-12-2025,MEDIUM,Y,Manufacturing,INC with ACUITE — not cooperating; switch needed,"INC blocks bank financing; ACER vs ACUITE: faster, more responsive, India-focused"
Kay Jay Forgings Ltd.,Non-fund-based financial facility/instrument,ICRA,A 4,01-12-2025,MEDIUM,Y,Manufacturing,INC with ICRA — not cooperating; switch needed,"INC blocks bank financing; ACER vs ICRA: faster, more responsive, India-focused"
T I Automotives Pvt. Ltd.,Fund based financial facility/instrument,CRISIL,B,25-11-2025,MEDIUM,Y,Manufacturing,INC with CRISIL — not cooperating; switch needed,"INC blocks bank financing; ACER vs CRISIL: faster, more responsive, India-focused"
S T Electricals Pvt. Ltd.,Letter Of credit,BRICKWORK,A 4,25-11-2025,MEDIUM,Y,Manufacturing,INC with BRICKWORK — not cooperating; switch needed,"INC blocks bank financing; ACER vs BRICKWORK: faster, more responsive, India-focused"
Karnal Motors Pvt. Ltd.,Fund based financial facility/instrument,BRICKWORK,BB-,25-11-2025,MEDIUM,Y,Manufacturing,INC with BRICKWORK — not cooperating; switch needed,"INC blocks bank financing; ACER vs BRICKWORK: faster, more responsive, India-focused"
Autobat Accumulator Pvt. Ltd.,Term loans,BRICKWORK,C,25-11-2025,MEDIUM,Y,Manufacturing,INC with BRICKWORK — not cooperating; switch needed,"INC blocks bank financing; ACER vs BRICKWORK: faster, more responsive, India-focused"
Pricol Engineering Inds. Pvt. Ltd.,Term loans,ICRA,BBB,25-11-2025,MEDIUM,Y,Manufacturing,INC with ICRA — not cooperating; switch needed,"INC blocks bank financing; ACER vs ICRA: faster, more responsive, India-focused"
K N D Engineering Technologies Ltd.,Bank Guarantee,CRISIL,D,24-11-2025,MEDIUM,Y,Manufacturing,INC with CRISIL — not cooperating; switch needed,"INC blocks bank financing; ACER vs CRISIL: faster, more responsive, India-focused"
Simha Motors Pvt. Ltd.,Bank Guarantee,CARE,A 4,27-11-2025,MEDIUM,Y,Manufacturing,INC with CARE — not cooperating; switch needed,"INC blocks bank financing; ACER vs CARE: faster, more responsive, India-focused"
Ruchira Papers Ltd.,Term loans,CRISIL,B,27-11-2025,MEDIUM,Y,Manufacturing,INC with CRISIL — not cooperating; switch needed,"INC blocks bank financing; ACER vs CRISIL: faster, more responsive, India-focused"
Kandui Industries Pvt. Ltd.,Non-government debt,IND-RA,B-/A4,24-11-2025,MEDIUM,Y,Manufacturing,INC with IND-RA — not cooperating; switch needed,"INC blocks bank financing; ACER vs IND-RA: faster, more responsive, India-focused"
Aristocraft Papers Pvt. Ltd.,Term loans,BRICKWORK,C,24-11-2025,MEDIUM,Y,Manufacturing,INC with BRICKWORK — not cooperating; switch needed,"INC blocks bank financing; ACER vs BRICKWORK: faster, more responsive, India-focused"
Harihar Alloys Pvt. Ltd.,Non-government debt,IND-RA,B-/A4,24-11-2025,MEDIUM,Y,Manufacturing,INC with IND-RA — not cooperating; switch needed,"INC blocks bank financing; ACER vs IND-RA: faster, more responsive, India-focused"
Narveda Motors Pvt. Ltd.,Fund based financial facility/instrument,CRISIL,B,24-11-2025,MEDIUM,Y,Manufacturing,INC with CRISIL — not cooperating; switch needed,"INC blocks bank financing; ACER vs CRISIL: faster, more responsive, India-focused"
Precise Automation & Control Pvt. Ltd.,Non-government debt,IND-RA,B-/A4,24-11-2025,MEDIUM,Y,Manufacturing,INC with IND-RA — not cooperating; switch needed,"INC blocks bank financing; ACER vs IND-RA: faster, more responsive, India-focused"
Sam Cables & Conductors Pvt. Ltd.,Letter Of credit,BRICKWORK,D,23-11-2025,MEDIUM,Y,Manufacturing,INC with BRICKWORK — not cooperating; switch needed,"INC blocks bank financing; ACER vs BRICKWORK: faster, more responsive, India-focused"
Hindprakash Industries Ltd.,Non-fund-based financial facility/instrument,BRICKWORK,A 4,25-11-2025,MEDIUM,Y,Manufacturing,INC with BRICKWORK — not cooperating; switch needed,"INC blocks bank financing; ACER vs BRICKWORK: faster, more responsive, India-focused"
Kaytx Industries Pvt. Ltd.,Bank Guarantee,CARE,D,25-11-2025,MEDIUM,Y,Manufacturing,INC with CARE — not cooperating; switch needed,"INC blocks bank financing; ACER vs CARE: faster, more responsive, India-focused"
Clayris Ceramics Pvt. Ltd.,Letter Of credit,CRISIL,D,21-11-2025,MEDIUM,Y,Manufacturing,INC with CRISIL — not cooperating; switch needed,"INC blocks bank financing; ACER vs CRISIL: faster, more responsive, India-focused"
Odyssey Motors Pvt. Ltd.,Long term Loans,ACUITE,BB-,21-11-2025,MEDIUM,Y,Manufacturing,INC with ACUITE — not cooperating; switch needed,"INC blocks bank financing; ACER vs ACUITE: faster, more responsive, India-focused"
Allena Auto Inds. Pvt. Ltd.,Bank Guarantee,CRISIL,A 3+,21-11-2025,MEDIUM,Y,Manufacturing,INC with CRISIL — not cooperating; switch needed,"INC blocks bank financing; ACER vs CRISIL: faster, more responsive, India-focused"
A T R Malleable Casting Pvt. Ltd.,Letter Of credit,CRISIL,A 4,20-11-2025,MEDIUM,Y,Manufacturing,INC with CRISIL — not cooperating; switch needed,"INC blocks bank financing; ACER vs CRISIL: faster, more responsive, India-focused"
Vinir Engineering Ltd.,Letter Of credit,CRISIL,A 4+,20-11-2025,MEDIUM,Y,Manufacturing,INC with CRISIL — not cooperating; switch needed,"INC blocks bank financing; ACER vs CRISIL: faster, more responsive, India-focused"
Hasimara Industries Ltd.,Bank Guarantee,CRISIL,A 4,20-11-2025,MEDIUM,Y,Manufacturing,INC with CRISIL — not cooperating; switch needed,"INC blocks bank financing; ACER vs CRISIL: faster, more responsive, India-focused"
Velatal Industries Pvt. Ltd.,Term loans,CRISIL,B+,24-11-2025,MEDIUM,Y,Manufacturing,INC with CRISIL — not cooperating; switch needed,"INC blocks bank financing; ACER vs CRISIL: faster, more responsive, India-focused"
Nikita Papers Ltd.,Letter Of credit,CRISIL,A 4+,24-11-2025,MEDIUM,Y,Manufacturing,INC with CRISIL — not cooperating; switch needed,"INC blocks bank financing; ACER vs CRISIL: faster, more responsive, India-focused"
Rabwin Industries Pvt. Ltd.,Term loans,IND-RA,BB,08-12-2025,MEDIUM,Y,Manufacturing,INC with IND-RA — not cooperating; switch needed,"INC blocks bank financing; ACER vs IND-RA: faster, more responsive, India-focused"
Consortium Automobiles Pvt. Ltd.,Long term Loans,CRISIL,B,08-12-2025,MEDIUM,Y,Manufacturing,INC with CRISIL — not cooperating; switch needed,"INC blocks bank financing; ACER vs CRISIL: faster, more responsive, India-focused"
Unique Forgings (India) Pvt. Ltd.,Bank Guarantee,CRISIL,A 4,08-12-2025,MEDIUM,Y,Manufacturing,INC with CRISIL — not cooperating; switch needed,"INC blocks bank financing; ACER vs CRISIL: faster, more responsive, India-focused"
Albanna Engineering (India) Pvt. Ltd.,Letter Of credit,CRISIL,D,08-12-2025,MEDIUM,Y,Manufacturing,INC with CRISIL — not cooperating; switch needed,"INC blocks bank financing; ACER vs CRISIL: faster, more responsive, India-focused"
Umesh Industries Pvt. Ltd.,Term loans,CARE,B-,08-12-2025,MEDIUM,Y,Manufacturing,INC with CARE — not cooperating; switch needed,"INC blocks bank financing; ACER vs CARE: faster, more responsive, India-focused"
Miraj Engineering Services Pvt. Ltd.,Bank Guarantee,CRISIL,A 4,05-12-2025,MEDIUM,Y,Manufacturing,INC with CRISIL — not cooperating; switch needed,"INC blocks bank financing; ACER vs CRISIL: faster, more responsive, India-focused"
Silvertoan Papers Ltd.,Bank Guarantee,CARE,A 4,21-11-2025,MEDIUM,Y,Manufacturing,INC with CARE — not cooperating; switch needed,"INC blocks bank financing; ACER vs CARE: faster, more responsive, India-focused"
Ebony Automobiles Pvt. Ltd.,Long term Loans,CRISIL,B+,21-11-2025,MEDIUM,Y,Manufacturing,INC with CRISIL — not cooperating; switch needed,"INC blocks bank financing; ACER vs CRISIL: faster, more responsive, India-focused"
G S Motors Pvt. Ltd.,Bank Guarantee,CRISIL,A 4,19-11-2025,MEDIUM,Y,Manufacturing,INC with CRISIL — not cooperating; switch needed,"INC blocks bank financing; ACER vs CRISIL: faster, more responsive, India-focused"
Delton Cables Ltd.,Fund based financial facility/instrument,BRICKWORK,BB-,18-11-2025,MEDIUM,Y,Manufacturing,INC with BRICKWORK — not cooperating; switch needed,"INC blocks bank financing; ACER vs BRICKWORK: faster, more responsive, India-focused"
Gimatex Industries Pvt. Ltd.,Fund based financial facility/instrument,BRICKWORK,BB,18-11-2025,MEDIUM,Y,Manufacturing,INC with BRICKWORK — not cooperating; switch needed,"INC blocks bank financing; ACER vs BRICKWORK: faster, more responsive, India-focused"
Alfa Transformers Ltd.,Bank Guarantee,CARE,A 4,18-11-2025,MEDIUM,Y,Manufacturing,INC with CARE — not cooperating; switch needed,"INC blocks bank financing; ACER vs CARE: faster, more responsive, India-focused"
A G H Wires Pvt. Ltd.,Letter Of credit,CARE,D,17-11-2025,MEDIUM,Y,Manufacturing,INC with CARE — not cooperating; switch needed,"INC blocks bank financing; ACER vs CARE: faster, more responsive, India-focused"
B L Foundry Pvt. Ltd.,Long term Loans,CRISIL,B,17-11-2025,MEDIUM,Y,Manufacturing,INC with CRISIL — not cooperating; switch needed,"INC blocks bank financing; ACER vs CRISIL: faster, more responsive, India-focused"
Stellar Autohaus Pvt. Ltd.,Fund based financial facility/instrument,CRISIL,BB+,20-11-2025,MEDIUM,Y,Manufacturing,INC with CRISIL — not cooperating; switch needed,"INC blocks bank financing; ACER vs CRISIL: faster, more responsive, India-focused"
Castings Dynamics Ltd.,Non-government debt,CARE,D,20-11-2025,MEDIUM,Y,Manufacturing,INC with CARE — not cooperating; switch needed,"INC blocks bank financing; ACER vs CARE: faster, more responsive, India-focused"
Aqua Alloys Pvt. Ltd.,Bank Guarantee,CRISIL,A 4,14-11-2025,MEDIUM,Y,Manufacturing,INC with CRISIL — not cooperating; switch needed,"INC blocks bank financing; ACER vs CRISIL: faster, more responsive, India-focused"
Ganganagar Automobiles Pvt. Ltd.,Long term Loans,CRISIL,B+,14-11-2025,MEDIUM,Y,Manufacturing,INC with CRISIL — not cooperating; switch needed,"INC blocks bank financing; ACER vs CRISIL: faster, more responsive, India-focused"
Shri Ram Switchgears Ltd.,Non-fund-based financial facility/instrument,ICRA,D,14-11-2025,MEDIUM,Y,Manufacturing,INC with ICRA — not cooperating; switch needed,"INC blocks bank financing; ACER vs ICRA: faster, more responsive, India-focused"
Sant Valves Pvt. Ltd.,Term loans,CRISIL,B,13-11-2025,MEDIUM,Y,Manufacturing,INC with CRISIL — not cooperating; switch needed,"INC blocks bank financing; ACER vs CRISIL: faster, more responsive, India-focused"
Ramdev Industries Ltd.,Letter Of credit,BRICKWORK,A 4,13-11-2025,MEDIUM,Y,Manufacturing,INC with BRICKWORK — not cooperating; switch needed,"INC blocks bank financing; ACER vs BRICKWORK: faster, more responsive, India-focused"
Odi-Ray Industries Ltd.,Term loans,CRISIL,B,13-11-2025,MEDIUM,Y,Manufacturing,INC with CRISIL — not cooperating; switch needed,"INC blocks bank financing; ACER vs CRISIL: faster, more responsive, India-focused"
J Pan Tubular Components Pvt. Ltd.,Term loans,ICRA,B+,19-11-2025,MEDIUM,Y,Manufacturing,INC with ICRA — not cooperating; switch needed,"INC blocks bank financing; ACER vs ICRA: faster, more responsive, India-focused"
Ramsons Castings Pvt. Ltd.,Non-government debt,ICRA,B+/A4,19-11-2025,MEDIUM,Y,Manufacturing,INC with ICRA — not cooperating; switch needed,"INC blocks bank financing; ACER vs ICRA: faster, more responsive, India-focused"
Pataka Industries Pvt. Ltd.,Long term Loans,CRISIL,B,12-11-2025,MEDIUM,Y,Manufacturing,INC with CRISIL — not cooperating; switch needed,"INC blocks bank financing; ACER vs CRISIL: faster, more responsive, India-focused"
Excell Autovista Pvt. Ltd.,Fund based financial facility/instrument,BRICKWORK,B,12-11-2025,MEDIUM,Y,Manufacturing,INC with BRICKWORK — not cooperating; switch needed,"INC blocks bank financing; ACER vs BRICKWORK: faster, more responsive, India-focused"
Gold Range Castings Pvt. Ltd.,Long term Loans,CRISIL,B+,12-11-2025,MEDIUM,Y,Manufacturing,INC with CRISIL — not cooperating; switch needed,"INC blocks bank financing; ACER vs CRISIL: faster, more responsive, India-focused"
Paramount Speciality Forgings Ltd.,Bank Guarantee,CRISIL,A 4,12-11-2025,MEDIUM,Y,Manufacturing,INC with CRISIL — not cooperating; switch needed,"INC blocks bank financing; ACER vs CRISIL: faster, more responsive, India-focused"
Pratistha Engineering Ltd.,Bank Guarantee,CRISIL,A 4,12-11-2025,MEDIUM,Y,Manufacturing,INC with CRISIL — not cooperating; switch needed,"INC blocks bank financing; ACER vs CRISIL: faster, more responsive, India-focused"
Eak Automobiles Pvt. Ltd.,Fund based financial facility/instrument,CRISIL,B,12-11-2025,MEDIUM,Y,Manufacturing,INC with CRISIL — not cooperating; switch needed,"INC blocks bank financing; ACER vs CRISIL: faster, more responsive, India-focused"
Dishnet Wireless Ltd.,Non-fund-based financial facility/instrument,ICRA,D,14-11-2025,MEDIUM,Y,Manufacturing,INC with ICRA — not cooperating; switch needed,"INC blocks bank financing; ACER vs ICRA: faster, more responsive, India-focused"
Bharat Barrel & Drum Mfg. Co. Pvt. Ltd.,Long term Loans,CRISIL,B,14-11-2025,MEDIUM,Y,Manufacturing,INC with CRISIL — not cooperating; switch needed,"INC blocks bank financing; ACER vs CRISIL: faster, more responsive, India-focused"
Rockwell Industries Ltd.,Letter Of credit,CRISIL,A 4+,27-11-2025,MEDIUM,Y,Manufacturing,INC with CRISIL — not cooperating; switch needed,"INC blocks bank financing; ACER vs CRISIL: faster, more responsive, India-focused"
R R Industrial Corpn. (India) Pvt. Ltd.,Fund based financial facility/instrument,CRISIL,BB+,26-11-2025,MEDIUM,Y,Manufacturing,INC with CRISIL — not cooperating; switch needed,"INC blocks bank financing; ACER vs CRISIL: faster, more responsive, India-focused"
Om Sree Papertek Pvt. Ltd.,Long term Loans,CRISIL,BB+,26-11-2025,MEDIUM,Y,Manufacturing,INC with CRISIL — not cooperating; switch needed,"INC blocks bank financing; ACER vs CRISIL: faster, more responsive, India-focused"
Rosha Alloys Pvt. Ltd.,Non-fund-based financial facility/instrument,ICRA,B+,26-11-2025,MEDIUM,Y,Manufacturing,INC with ICRA — not cooperating; switch needed,"INC blocks bank financing; ACER vs ICRA: faster, more responsive, India-focused"
Monalisa Ceramics India Pvt. Ltd.,Fund based financial facility/instrument,CARE,D,26-11-2025,MEDIUM,Y,Manufacturing,INC with CARE — not cooperating; switch needed,"INC blocks bank financing; ACER vs CARE: faster, more responsive, India-focused"
G K & Sons Automobiles Pvt. Ltd.,Fund based financial facility/instrument,CARE,B-,25-11-2025,MEDIUM,Y,Manufacturing,INC with CARE — not cooperating; switch needed,"INC blocks bank financing; ACER vs CARE: faster, more responsive, India-focused"
J K Cables Ltd.,Bank Guarantee,CRISIL,A 4,13-11-2025,MEDIUM,Y,Manufacturing,INC with CRISIL — not cooperating; switch needed,"INC blocks bank financing; ACER vs CRISIL: faster, more responsive, India-focused"
Premier Alloys Ltd.,Long term Loans,CRISIL,B+,12-11-2025,MEDIUM,Y,Manufacturing,INC with CRISIL — not cooperating; switch needed,"INC blocks bank financing; ACER vs CRISIL: faster, more responsive, India-focused"
Roger Industries Ltd.,Fund based financial facility/instrument,BRICKWORK,BB-,11-11-2025,MEDIUM,Y,Manufacturing,INC with BRICKWORK — not cooperating; switch needed,"INC blocks bank financing; ACER vs BRICKWORK: faster, more responsive, India-focused"
D S G Papers Pvt. Ltd.,Term loans,CARE,B,11-11-2025,MEDIUM,Y,Manufacturing,INC with CARE — not cooperating; switch needed,"INC blocks bank financing; ACER vs CARE: faster, more responsive, India-focused"
Atlas Pet Plas Industries Limited,Long Term Bank Facilities,Infomerics,IVR C (INC)(Downgraded),"September 2, 2025",MEDIUM,Y,Manufacturing,INC with Infomerics — not cooperating; switch to ACER,INC status blocks bank facilities; ACER can restart rating process in 2-3 weeks
Shrivallabh Pittie Industries Limited,Long Term Fund based facility - CC/WCDL/SODH,Infomerics,IVR D (INC)(Reaffirmed),"November 4, 2025",MEDIUM,Y,Manufacturing,INC with Infomerics — not cooperating; switch to ACER,INC status blocks bank facilities; ACER can restart rating process in 2-3 weeks
Shrivallabh Pittie Industries Limited,Long Term Fund based facility - Term Loan,Infomerics,IVR D (INC)(Reaffirmed),"November 4, 2025",MEDIUM,Y,Manufacturing,INC with Infomerics — not cooperating; switch to ACER,INC status blocks bank facilities; ACER can restart rating process in 2-3 weeks
Satkartar Electricals and Electronics Private Limited,Long Term Bank Facilities,Infomerics,IVR C+ (INC)(Downgraded),"November 18, 2025",MEDIUM,Y,Manufacturing,INC with Infomerics — not cooperating; switch to ACER,INC status blocks bank facilities; ACER can restart rating process in 2-3 weeks
Autolite India Limited,Short Term Bank Facilities,Infomerics,IVR A4 (INC)(Reaffirmed),"November 10, 2025",MEDIUM,Y,Manufacturing,INC with Infomerics — not cooperating; switch to ACER,INC status blocks bank facilities; ACER can restart rating process in 2-3 weeks
Nisa Industrial Services Private Limited,Long Term Fund Based Bank Facilities - Cash Credit,Infomerics,IVR D (INC)(Reaffirmed),"October 3, 2025",MEDIUM,Y,Manufacturing,INC with Infomerics — not cooperating; switch to ACER,INC status blocks bank facilities; ACER can restart rating process in 2-3 weeks
Privilege Industries Ltd.,Letter Of credit,BRICKWORK,D,07-11-2025,MEDIUM,Y,Manufacturing,INC with BRICKWORK — not cooperating; switch needed,"INC blocks bank financing; ACER vs BRICKWORK: faster, more responsive, India-focused"
Sterling Craft Paper Mill Pvt. Ltd.,Bank Guarantee,BRICKWORK,A 4,07-11-2025,MEDIUM,Y,Manufacturing,INC with BRICKWORK — not cooperating; switch needed,"INC blocks bank financing; ACER vs BRICKWORK: faster, more responsive, India-focused"
Diach Chemicals & Pigments Pvt. Ltd.,Letter Of credit,CARE,A 4,07-11-2025,MEDIUM,Y,Manufacturing,INC with CARE — not cooperating; switch needed,"INC blocks bank financing; ACER vs CARE: faster, more responsive, India-focused"
Magadh Precision Equipment Ltd.,Non-government debt,CARE,B/A4,07-11-2025,MEDIUM,Y,Manufacturing,INC with CARE — not cooperating; switch needed,"INC blocks bank financing; ACER vs CARE: faster, more responsive, India-focused"
Dodhia Industries Ltd.,Bank Guarantee,CARE,A 4,07-11-2025,MEDIUM,Y,Manufacturing,INC with CARE — not cooperating; switch needed,"INC blocks bank financing; ACER vs CARE: faster, more responsive, India-focused"
Vardhman Electronics Pvt. Ltd.,Term loans,CARE,BB-,07-11-2025,MEDIUM,Y,Manufacturing,INC with CARE — not cooperating; switch needed,"INC blocks bank financing; ACER vs CARE: faster, more responsive, India-focused"
Maruti Papers Pvt. Ltd.,Non-fund-based financial facility/instrument,BRICKWORK,A 4,12-11-2025,MEDIUM,Y,Manufacturing,INC with BRICKWORK — not cooperating; switch needed,"INC blocks bank financing; ACER vs BRICKWORK: faster, more responsive, India-focused"
Win-Win Automobiles Pvt. Ltd.,Bank Guarantee,CRISIL,A 4,12-11-2025,MEDIUM,Y,Manufacturing,INC with CRISIL — not cooperating; switch needed,"INC blocks bank financing; ACER vs CRISIL: faster, more responsive, India-focused"
Anirudh Plastic Pvt. Ltd.,Letter Of credit,CARE,A 4,06-11-2025,MEDIUM,Y,Manufacturing,INC with CARE — not cooperating; switch needed,"INC blocks bank financing; ACER vs CARE: faster, more responsive, India-focused"
A P T Packaging Ltd.,Bank Guarantee,CARE,D,06-11-2025,MEDIUM,Y,Manufacturing,INC with CARE — not cooperating; switch needed,"INC blocks bank financing; ACER vs CARE: faster, more responsive, India-focused"
Pioneer Plastic Inds. Ltd.,Bank Guarantee,ACUITE,A 4,06-11-2025,MEDIUM,Y,Manufacturing,INC with ACUITE — not cooperating; switch needed,"INC blocks bank financing; ACER vs ACUITE: faster, more responsive, India-focused"
Crescent Foundry Co. Pvt. Ltd.,Bank Guarantee,CRISIL,A 2+,06-11-2025,MEDIUM,Y,Manufacturing,INC with CRISIL — not cooperating; switch needed,"INC blocks bank financing; ACER vs CRISIL: faster, more responsive, India-focused"
Komos Automotive India Pvt. Ltd.,Short-term loan,ACUITE,A 4,05-11-2025,MEDIUM,Y,Manufacturing,INC with ACUITE — not cooperating; switch needed,"INC blocks bank financing; ACER vs ACUITE: faster, more responsive, India-focused"
Sai Carton Mfg. Co. Pvt. Ltd.,Term loans,CRISIL,B,05-11-2025,MEDIUM,Y,Manufacturing,INC with CRISIL — not cooperating; switch needed,"INC blocks bank financing; ACER vs CRISIL: faster, more responsive, India-focused"
Orange Automotive Pvt. Ltd.,Bank Guarantee,CARE,B-,10-11-2025,MEDIUM,Y,Manufacturing,INC with CARE — not cooperating; switch needed,"INC blocks bank financing; ACER vs CARE: faster, more responsive, India-focused"
Premier Cables & Conductors Pvt. Ltd.,Bank Guarantee,BRICKWORK,A 4,10-11-2025,MEDIUM,Y,Manufacturing,INC with BRICKWORK — not cooperating; switch needed,"INC blocks bank financing; ACER vs BRICKWORK: faster, more responsive, India-focused"
T K Engineering Consortium Pvt. Ltd.,Non-fund-based financial facility/instrument,BRICKWORK,D,20-11-2025,MEDIUM,Y,Manufacturing,INC with BRICKWORK — not cooperating; switch needed,"INC blocks bank financing; ACER vs BRICKWORK: faster, more responsive, India-focused"
D R A Industries Ltd.,Letter Of credit,ACUITE,D,20-11-2025,MEDIUM,Y,Manufacturing,INC with ACUITE — not cooperating; switch needed,"INC blocks bank financing; ACER vs ACUITE: faster, more responsive, India-focused"
Super Plastic Coats Pvt. Ltd.,Bank Guarantee,CRISIL,A 4+,20-11-2025,MEDIUM,Y,Manufacturing,INC with CRISIL — not cooperating; switch needed,"INC blocks bank financing; ACER vs CRISIL: faster, more responsive, India-focused"
Ganesh Steel & Alloys Ltd.,Fund based financial facility/instrument,CRISIL,B,20-11-2025,MEDIUM,Y,Manufacturing,INC with CRISIL — not cooperating; switch needed,"INC blocks bank financing; ACER vs CRISIL: faster, more responsive, India-focused"
Bellsonica Auto Component India Pvt. Ltd.,Long term Loans,CRISIL,B,19-11-2025,MEDIUM,Y,Manufacturing,INC with CRISIL — not cooperating; switch needed,"INC blocks bank financing; ACER vs CRISIL: faster, more responsive, India-focused"
Harmony Plastics Pvt. Ltd.,Term loans,ACUITE,BB-,19-11-2025,MEDIUM,Y,Manufacturing,INC with ACUITE — not cooperating; switch needed,"INC blocks bank financing; ACER vs ACUITE: faster, more responsive, India-focused"
Madhu Industries Ltd.,Non-government debt,CARE,B-/A4,06-11-2025,MEDIUM,Y,Manufacturing,INC with CARE — not cooperating; switch needed,"INC blocks bank financing; ACER vs CARE: faster, more responsive, India-focused"
Peass Industrial Engineers Pvt. Ltd.,Term loans,BRICKWORK,C,06-11-2025,MEDIUM,Y,Manufacturing,INC with BRICKWORK — not cooperating; switch needed,"INC blocks bank financing; ACER vs BRICKWORK: faster, more responsive, India-focused"
Hindusthan National Glass & Inds. Ltd.,Non-government debt,CARE,D,19-06-2025,MEDIUM,Y,Manufacturing,INC with CARE — not cooperating; switch needed,"INC blocks bank financing; ACER vs CARE: faster, more responsive, India-focused"
Mega Automobiles Pvt. Ltd.,Term loans,CRISIL,B+,19-06-2025,MEDIUM,Y,Manufacturing,INC with CRISIL — not cooperating; switch needed,"INC blocks bank financing; ACER vs CRISIL: faster, more responsive, India-focused"
Hanumat Wires Udyog Pvt. Ltd.,Long term Loans,CRISIL,B,19-06-2025,MEDIUM,Y,Manufacturing,INC with CRISIL — not cooperating; switch needed,"INC blocks bank financing; ACER vs CRISIL: faster, more responsive, India-focused"
A M W Autocomponent Ltd.,Fund based financial facility/instrument,BRICKWORK,D,18-06-2025,MEDIUM,Y,Manufacturing,INC with BRICKWORK — not cooperating; switch needed,"INC blocks bank financing; ACER vs BRICKWORK: faster, more responsive, India-focused"
Koshal Ceramics Pvt. Ltd.,Term loans,ACUITE,BB-,18-06-2025,MEDIUM,Y,Manufacturing,INC with ACUITE — not cooperating; switch needed,"INC blocks bank financing; ACER vs ACUITE: faster, more responsive, India-focused"
Sysco Industries Ltd.,Bank Guarantee,BRICKWORK,D,17-06-2025,MEDIUM,Y,Manufacturing,INC with BRICKWORK — not cooperating; switch needed,"INC blocks bank financing; ACER vs BRICKWORK: faster, more responsive, India-focused"
Adsun Electronics Pvt. Ltd.,Fund based financial facility/instrument,CRISIL,B,23-06-2025,MEDIUM,Y,Manufacturing,INC with CRISIL — not cooperating; switch needed,"INC blocks bank financing; ACER vs CRISIL: faster, more responsive, India-focused"
D L S Papers Pvt. Ltd.,Letter Of credit,BRICKWORK,A 4,20-06-2025,MEDIUM,Y,Manufacturing,INC with BRICKWORK — not cooperating; switch needed,"INC blocks bank financing; ACER vs BRICKWORK: faster, more responsive, India-focused"
Vishal Papertech India Limited,Long Term Bank Facilities,Infomerics,IVR C (INC)(Downgraded),"October 3, 2025",MEDIUM,Y,Manufacturing,INC with Infomerics — not cooperating; switch to ACER,INC status blocks bank facilities; ACER can restart rating process in 2-3 weeks
Vishal Papertech India Limited,Short Term Bank Facilities,Infomerics,IVR A4 (INC)(Downgraded),"October 3, 2025",MEDIUM,Y,Manufacturing,INC with Infomerics — not cooperating; switch to ACER,INC status blocks bank facilities; ACER can restart rating process in 2-3 weeks
K K P Garments Pvt. Ltd.,Fund based financial facility/instrument,BRICKWORK,B+,17-06-2025,MEDIUM,Y,Manufacturing,INC with BRICKWORK — not cooperating; switch needed,"INC blocks bank financing; ACER vs BRICKWORK: faster, more responsive, India-focused"
Macneill Engineering Ltd.,Term loans,CARE,B,16-06-2025,MEDIUM,Y,Manufacturing,INC with CARE — not cooperating; switch needed,"INC blocks bank financing; ACER vs CARE: faster, more responsive, India-focused"
R K Electric Automation Ltd.,Bank Guarantee,CRISIL,A 4,16-06-2025,MEDIUM,Y,Manufacturing,INC with CRISIL — not cooperating; switch needed,"INC blocks bank financing; ACER vs CRISIL: faster, more responsive, India-focused"
Rajiv Automobiles Pvt. Ltd.,Letter Of credit,CRISIL,B,16-06-2025,MEDIUM,Y,Manufacturing,INC with CRISIL — not cooperating; switch needed,"INC blocks bank financing; ACER vs CRISIL: faster, more responsive, India-focused"
Madhya Bharat Papers Ltd.,Term loans,CRISIL,B-,19-06-2025,MEDIUM,Y,Manufacturing,INC with CRISIL — not cooperating; switch needed,"INC blocks bank financing; ACER vs CRISIL: faster, more responsive, India-focused"
Shree Bholey Alloys Pvt. Ltd.,Bank Guarantee,BRICKWORK,A 4,19-06-2025,MEDIUM,Y,Manufacturing,INC with BRICKWORK — not cooperating; switch needed,"INC blocks bank financing; ACER vs BRICKWORK: faster, more responsive, India-focused"
Airflow Equipments India Private Limited,Long Term Bank Facility,Infomerics,IVR B- (INC)(Downgraded),"September 26, 2025",MEDIUM,Y,Manufacturing,INC with Infomerics — not cooperating; switch to ACER,INC status blocks bank facilities; ACER can restart rating process in 2-3 weeks
Oswal Cables Private Limited,Long Term Bank Facility,Infomerics,IVR BB+ (INC) (Downgraded),"October 22, 2025",MEDIUM,Y,Manufacturing,INC with Infomerics — not cooperating; switch to ACER,INC status blocks bank facilities; ACER can restart rating process in 2-3 weeks
Oswal Cables Private Limited,Short Term Bank Facility,Infomerics,IVR A4+ (INC) (Downgraded),"October 22, 2025",MEDIUM,Y,Manufacturing,INC with Infomerics — not cooperating; switch to ACER,INC status blocks bank facilities; ACER can restart rating process in 2-3 weeks
Kapsons Industries Private Limited,Long Term Bank Facilities,Infomerics,IVR B+ (INC)(Downgraded),"July 10, 2025",MEDIUM,Y,Manufacturing,INC with Infomerics — not cooperating; switch to ACER,INC status blocks bank facilities; ACER can restart rating process in 2-3 weeks
Bright Packaging Private Limited,Long Term Facilities,Infomerics,IVR BB (INC)(Downgraded),"July 25, 2025",MEDIUM,Y,Manufacturing,INC with Infomerics — not cooperating; switch to ACER,INC status blocks bank facilities; ACER can restart rating process in 2-3 weeks
SVP Industries Limited,Long Term Bank Facilities,Infomerics,IVR BB (INC)(Downgraded),"November 4, 2025",MEDIUM,Y,Manufacturing,INC with Infomerics — not cooperating; switch to ACER,INC status blocks bank facilities; ACER can restart rating process in 2-3 weeks
SVP Industries Limited,Short Term Bank Facilities,Infomerics,IVR A4 (INC)(Downgraded),"November 4, 2025",MEDIUM,Y,Manufacturing,INC with Infomerics — not cooperating; switch to ACER,INC status blocks bank facilities; ACER can restart rating process in 2-3 weeks
Shonan Engineering Works Private Limited,Short Term Facilities,Infomerics,IVR A4 (INC)(Reaffirmed),"August 4, 2025",MEDIUM,Y,Manufacturing,INC with Infomerics — not cooperating; switch to ACER,INC status blocks bank facilities; ACER can restart rating process in 2-3 weeks
Shreesatya Metals & Alloys Private Limited,Long Term Bank Facilities,Infomerics,IVR BB+ (INC)(Downgraded),"November 26, 2025",MEDIUM,Y,Manufacturing,INC with Infomerics — not cooperating; switch to ACER,INC status blocks bank facilities; ACER can restart rating process in 2-3 weeks
Shreesatya Metals & Alloys Private Limited,Short Term Bank Facilities,Infomerics,IVR A4+ (INC)(Downgraded),"November 26, 2025",MEDIUM,Y,Manufacturing,INC with Infomerics — not cooperating; switch to ACER,INC status blocks bank facilities; ACER can restart rating process in 2-3 weeks
Mayura Packaging Private Limited,Short Term Non-Fund Based Bank Facility -Letter of Credit,Infomerics,IVR A4 (INC) (Reaffirmed),"November 17, 2025",MEDIUM,Y,Manufacturing,INC with Infomerics — not cooperating; switch to ACER,INC status blocks bank facilities; ACER can restart rating process in 2-3 weeks
Mayura Packaging Private Limited,Short Term Non-Fund Based Bank Facility - Bank Guarantee,Infomerics,IVR A4 (INC) (Reaffirmed),"November 17, 2025",MEDIUM,Y,Manufacturing,INC with Infomerics — not cooperating; switch to ACER,INC status blocks bank facilities; ACER can restart rating process in 2-3 weeks
Kamala Ginning and Oil Industries Private Limited,Long Term Facilities,Infomerics,IVR BB- (INC)(Downgraded),"November 14, 2025",MEDIUM,Y,Manufacturing,INC with Infomerics — not cooperating; switch to ACER,INC status blocks bank facilities; ACER can restart rating process in 2-3 weeks
Jiwanram Sheoduttrai Industries Private Limited,Long Term/ Short Term Bank Facilities,Infomerics,IVR C-/IVR A4; (INC)(Reaffirmed),"September 15, 2025",MEDIUM,Y,Manufacturing,INC with Infomerics — not cooperating; switch to ACER,INC status blocks bank facilities; ACER can restart rating process in 2-3 weeks
Jiwanram Sheoduttrai Industries Private Limited,Short Term Bank Facilities,Infomerics,IVR A4 (INC)(Reaffirmed),"September 15, 2025",MEDIUM,Y,Manufacturing,INC with Infomerics — not cooperating; switch to ACER,INC status blocks bank facilities; ACER can restart rating process in 2-3 weeks
Rubber Matters Private Limited,Long Term Fund Based limits,Infomerics,IVR C+ (INC)(Downgraded),"November 17, 2025",MEDIUM,Y,Manufacturing,INC with Infomerics — not cooperating; switch to ACER,INC status blocks bank facilities; ACER can restart rating process in 2-3 weeks
Kritika Wires Limited,Long Term Bank Facilities,Infomerics,IVR BB+ (INC)(Downgraded),"August 26, 2025",MEDIUM,Y,Manufacturing,INC with Infomerics — not cooperating; switch to ACER,INC status blocks bank facilities; ACER can restart rating process in 2-3 weeks
Kritika Wires Limited,Short Term Bank Facilities,Infomerics,IVR A4+ (INC)(Downgraded),"August 26, 2025",MEDIUM,Y,Manufacturing,INC with Infomerics — not cooperating; switch to ACER,INC status blocks bank facilities; ACER can restart rating process in 2-3 weeks
Marda Industries Private Limited,Long Term Bank Facilities - Cash Credit,Infomerics,IVR C+ (INC)(Downgraded),"July 7, 2025",MEDIUM,Y,Manufacturing,INC with Infomerics — not cooperating; switch to ACER,INC status blocks bank facilities; ACER can restart rating process in 2-3 weeks
Marda Industries Private Limited,Long Term Bank Facilities - Term Loan,Infomerics,IVR C+ (INC)(Reaffirmed),"July 7, 2025",MEDIUM,Y,Manufacturing,INC with Infomerics — not cooperating; switch to ACER,INC status blocks bank facilities; ACER can restart rating process in 2-3 weeks
Marda Industries Private Limited,Long Term Bank Facilities - Term Loan,Infomerics,IVR C+ (INC)(Reaffirmed),"July 7, 2025",MEDIUM,Y,Manufacturing,INC with Infomerics — not cooperating; switch to ACER,INC status blocks bank facilities; ACER can restart rating process in 2-3 weeks
Castor Girnar Industries Private Limited,Long Term/ Short Term Bank Facilities,Infomerics,IVR BB+/IVR A4+; (INC) (Downgraded),"December 10, 2025",MEDIUM,Y,Manufacturing,INC with Infomerics — not cooperating; switch to ACER,INC status blocks bank facilities; ACER can restart rating process in 2-3 weeks
SVR Electricals Private Limited,Proposed Long Term Fund Based Bank Facility - Cash Credit,Infomerics,IVR C (INC) (Downgraded),"December 2, 2025",MEDIUM,Y,Manufacturing,INC with Infomerics — not cooperating; switch to ACER,INC status blocks bank facilities; ACER can restart rating process in 2-3 weeks
Vijay Transformers,Proposed Short Term Non- Fund Based Bank Facility - Letter of Credit,Infomerics,IVR A4 (INC) (Reaffirmed),"December 2, 2025",MEDIUM,Y,Manufacturing,INC with Infomerics — not cooperating; switch to ACER,INC status blocks bank facilities; ACER can restart rating process in 2-3 weeks
Vijay Transformers,Proposed Long Term/Short Term Non-Fund Based Bank Facility - Bank Guarantee,Infomerics,IVR C/IVR A4; (INC) (Downgraded & Reaffirmed),"December 2, 2025",MEDIUM,Y,Manufacturing,INC with Infomerics — not cooperating; switch to ACER,INC status blocks bank facilities; ACER can restart rating process in 2-3 weeks
Vijay Transformers,Proposed Long Term Fund Based Bank Facility - Cash Credit,Infomerics,IVR C (INC) (Downgraded),"December 2, 2025",MEDIUM,Y,Manufacturing,INC with Infomerics — not cooperating; switch to ACER,INC status blocks bank facilities; ACER can restart rating process in 2-3 weeks
Aventura Components Private Limited,Short Term Bank Facilities,Infomerics,IVR D (INC)(Reaffirmed),"October 23, 2025",MEDIUM,Y,Manufacturing,INC with Infomerics — not cooperating; switch to ACER,INC status blocks bank facilities; ACER can restart rating process in 2-3 weeks
Aventura Components Private Limited,Long Term Bank Facilities,Infomerics,IVR D (INC)(Reaffirmed),"October 23, 2025",MEDIUM,Y,Manufacturing,INC with Infomerics — not cooperating; switch to ACER,INC status blocks bank facilities; ACER can restart rating process in 2-3 weeks
Atlas Pet Plas Industries Limited,Long Term Bank Facilities - Proposed,Infomerics,IVR C (INC)(Downgraded),"September 2, 2025",MEDIUM,Y,Manufacturing,INC with Infomerics — not cooperating; switch to ACER,INC status blocks bank facilities; ACER can restart rating process in 2-3 weeks
Mayura Packaging Private Limited,Long Term Fund based bank facility- Term Loan,Infomerics,IVR C+ (INC) (Downgraded),"November 17, 2025",MEDIUM,Y,Manufacturing,INC with Infomerics — not cooperating; switch to ACER,INC status blocks bank facilities; ACER can restart rating process in 2-3 weeks
Shriniwas Spintex Industries Private Limited,Long Term Fund Based Bank Facilities,Infomerics,IVR BB (INC)(Downgraded),"December 29, 2025",LOW,Y,Manufacturing,INC with Infomerics — not cooperating; switch to ACER,INC status blocks bank facilities; ACER can restart rating process in 2-3 weeks
Premier Cables & Conductors Private Limited,Long Term Bank Facility,Infomerics,IVR B- (INC) (Downgraded),"January 15, 2026",LOW,Y,Manufacturing,INC with Infomerics — not cooperating; switch to ACER,INC status blocks bank facilities; ACER can restart rating process in 2-3 weeks
Premier Cables & Conductors Private Limited,Short Term Bank Facility,Infomerics,IVR A4 (INC) (Reaffirmed),"January 15, 2026",LOW,Y,Manufacturing,INC with Infomerics — not cooperating; switch to ACER,INC status blocks bank facilities; ACER can restart rating process in 2-3 weeks
Paragon Apparel Private Limited,Long Term Bank Facilities,Infomerics,IVR B+ (INC)(Downgraded),"February 9, 2026",LOW,Y,Manufacturing,INC with Infomerics — not cooperating; switch to ACER,INC status blocks bank facilities; ACER can restart rating process in 2-3 weeks
Paragon Apparel Private Limited,Short Term Bank Facilities,Infomerics,IVR A4 (INC)(Reaffirmed),"February 9, 2026",LOW,Y,Manufacturing,INC with Infomerics — not cooperating; switch to ACER,INC status blocks bank facilities; ACER can restart rating process in 2-3 weeks
Mundhe Industries Private Limited,Long Term Bank Facilities,Infomerics,IVR BB- (INC)(Downgraded),"January 23, 2026",LOW,Y,Manufacturing,INC with Infomerics — not cooperating; switch to ACER,INC status blocks bank facilities; ACER can restart rating process in 2-3 weeks
Alankar Alloys Private Limited,Long Term Bank Facility,Infomerics,IVR BB+ (INC)(Downgraded),"January 22, 2026",LOW,Y,Manufacturing,INC with Infomerics — not cooperating; switch to ACER,INC status blocks bank facilities; ACER can restart rating process in 2-3 weeks
Alankar Alloys Private Limited,Short Term Bank Facilities (Proposed),Infomerics,IVR A4+ (INC)(Downgraded),"January 22, 2026",LOW,Y,Manufacturing,INC with Infomerics — not cooperating; switch to ACER,INC status blocks bank facilities; ACER can restart rating process in 2-3 weeks
QuadGen Wireless Solutions Private limited,Long Term Bank Facilities,Infomerics,IVR BB (INC) (Downgraded),"January 30, 2026",LOW,Y,Manufacturing,INC with Infomerics — not cooperating; switch to ACER,INC status blocks bank facilities; ACER can restart rating process in 2-3 weeks
Premier Cables & Conductors Private Limited,Short Term Bank Facility,Infomerics,IVR A4 (INC) (Reaffirmed),"January 15, 2026",LOW,Y,Manufacturing,INC with Infomerics — not cooperating; switch to ACER,INC status blocks bank facilities; ACER can restart rating process in 2-3 weeks
Radiant Industries,Long Term Bank Facilities,Infomerics,IVR C+ (INC)(Downgraded),"February 9, 2026",LOW,Y,Manufacturing,INC with Infomerics — not cooperating; switch to ACER,INC status blocks bank facilities; ACER can restart rating process in 2-3 weeks
Radiant Industries,Short Term Bank Facilities,Infomerics,IVR A4 (INC)(Reaffirmed),"February 9, 2026",LOW,Y,Manufacturing,INC with Infomerics — not cooperating; switch to ACER,INC status blocks bank facilities; ACER can restart rating process in 2-3 weeks
Tehri Pulp & Paper Ltd.,Letter Of credit,BRICKWORK,A 4+,16-12-2025,LOW,Y,Manufacturing,INC with BRICKWORK — not cooperating; switch needed,"INC blocks bank financing; ACER vs BRICKWORK: faster, more responsive, India-focused"
Abaj Electronics Pvt. Ltd.,Letter Of credit,ACUITE,A 4,16-12-2025,LOW,Y,Manufacturing,INC with ACUITE — not cooperating; switch needed,"INC blocks bank financing; ACER vs ACUITE: faster, more responsive, India-focused"
Gobind Industries Pvt. Ltd.,Term loans,BRICKWORK,C,15-12-2025,LOW,Y,Manufacturing,INC with BRICKWORK — not cooperating; switch needed,"INC blocks bank financing; ACER vs BRICKWORK: faster, more responsive, India-focused"
Sturdy Industries Ltd.,Non-government debt,ICRA,D,15-12-2025,LOW,Y,Manufacturing,INC with ICRA — not cooperating; switch needed,"INC blocks bank financing; ACER vs ICRA: faster, more responsive, India-focused"
A B Pal Electricals Pvt. Ltd.,Bank Guarantee,CRISIL,D,17-12-2025,LOW,Y,Manufacturing,INC with CRISIL — not cooperating; switch needed,"INC blocks bank financing; ACER vs CRISIL: faster, more responsive, India-focused"
Wadia Techno-Engineering Services Ltd.,Bank Guarantee,BRICKWORK,A 4,17-12-2025,LOW,Y,Manufacturing,INC with BRICKWORK — not cooperating; switch needed,"INC blocks bank financing; ACER vs BRICKWORK: faster, more responsive, India-focused"
Marino Cables India Pvt. Ltd.,Bank Guarantee,ACUITE,A 4,17-12-2025,LOW,Y,Manufacturing,INC with ACUITE — not cooperating; switch needed,"INC blocks bank financing; ACER vs ACUITE: faster, more responsive, India-focused"
Siddhartha Engineering Ltd.,Letter Of credit,CARE,A 4,16-12-2025,LOW,Y,Manufacturing,INC with CARE — not cooperating; switch needed,"INC blocks bank financing; ACER vs CARE: faster, more responsive, India-focused"
Shreegopal Auto Pvt. Ltd.,Fund based financial facility/instrument,CRISIL,BB+,24-12-2025,LOW,Y,Manufacturing,INC with CRISIL — not cooperating; switch needed,"INC blocks bank financing; ACER vs CRISIL: faster, more responsive, India-focused"
E D A C Engineering Ltd.,Bank Guarantee,CRISIL,A 4+,23-12-2025,LOW,Y,Manufacturing,INC with CRISIL — not cooperating; switch needed,"INC blocks bank financing; ACER vs CRISIL: faster, more responsive, India-focused"
I T L Industries Ltd.,Bank Guarantee,CRISIL,A 3+,23-12-2025,LOW,Y,Manufacturing,INC with CRISIL — not cooperating; switch needed,"INC blocks bank financing; ACER vs CRISIL: faster, more responsive, India-focused"
J G Hosiery Pvt. Ltd.,Term loans,ICRA,A,23-12-2025,LOW,Y,Manufacturing,INC with ICRA — not cooperating; switch needed,"INC blocks bank financing; ACER vs ICRA: faster, more responsive, India-focused"
T N R Industries Pvt. Ltd.,Long term Loans,CRISIL,C,23-12-2025,LOW,Y,Manufacturing,INC with CRISIL — not cooperating; switch needed,"INC blocks bank financing; ACER vs CRISIL: faster, more responsive, India-focused"
P V S Automotive Co. Pvt. Ltd.,Fund based financial facility/instrument,CRISIL,B+,22-12-2025,LOW,Y,Manufacturing,INC with CRISIL — not cooperating; switch needed,"INC blocks bank financing; ACER vs CRISIL: faster, more responsive, India-focused"
Future Automobile Agency Pvt. Ltd.,Fund based financial facility/instrument,CRISIL,BB-,22-12-2025,LOW,Y,Manufacturing,INC with CRISIL — not cooperating; switch needed,"INC blocks bank financing; ACER vs CRISIL: faster, more responsive, India-focused"
Punj Motors Pvt. Ltd.,Fund based financial facility/instrument,CRISIL,B+,22-12-2025,LOW,Y,Manufacturing,INC with CRISIL — not cooperating; switch needed,"INC blocks bank financing; ACER vs CRISIL: faster, more responsive, India-focused"
Weener Empire Plastics Pvt. Ltd.,Non-government debt,ICRA,B+/A4,24-12-2025,LOW,Y,Manufacturing,INC with ICRA — not cooperating; switch needed,"INC blocks bank financing; ACER vs ICRA: faster, more responsive, India-focused"
Sanco Industries Ltd.,Long term Loans,CRISIL,D,24-12-2025,LOW,Y,Manufacturing,INC with CRISIL — not cooperating; switch needed,"INC blocks bank financing; ACER vs CRISIL: faster, more responsive, India-focused"
Vishwa Glass & Ceramics Pvt. Ltd.,Letter Of credit,CRISIL,A 4,24-12-2025,LOW,Y,Manufacturing,INC with CRISIL — not cooperating; switch needed,"INC blocks bank financing; ACER vs CRISIL: faster, more responsive, India-focused"
Danalakshmi Paper Mills Pvt. Ltd.,Term loans,ACUITE,B-,24-12-2025,LOW,Y,Manufacturing,INC with ACUITE — not cooperating; switch needed,"INC blocks bank financing; ACER vs ACUITE: faster, more responsive, India-focused"
S A M Apparels Pvt. Ltd.,Non-government debt,ICRA,D,22-12-2025,LOW,Y,Manufacturing,INC with ICRA — not cooperating; switch needed,"INC blocks bank financing; ACER vs ICRA: faster, more responsive, India-focused"
Bilt Graphic Paper Products Ltd.,Non-government debt,IND-RA,D,19-12-2025,LOW,Y,Manufacturing,INC with IND-RA — not cooperating; switch needed,"INC blocks bank financing; ACER vs IND-RA: faster, more responsive, India-focused"
Kairali Steels & Alloys Pvt. Ltd.,Non-government debt,IND-RA,B/A4,19-12-2025,LOW,Y,Manufacturing,INC with IND-RA — not cooperating; switch needed,"INC blocks bank financing; ACER vs IND-RA: faster, more responsive, India-focused"
Sangam Forgings Pvt. Ltd.,Non-government debt,IND-RA,B-/A4,19-12-2025,LOW,Y,Manufacturing,INC with IND-RA — not cooperating; switch needed,"INC blocks bank financing; ACER vs IND-RA: faster, more responsive, India-focused"
Santosh Automotors Pvt. Ltd.,Long term Loans,CRISIL,B+,23-12-2025,LOW,Y,Manufacturing,INC with CRISIL — not cooperating; switch needed,"INC blocks bank financing; ACER vs CRISIL: faster, more responsive, India-focused"
M M P Industries Ltd.,Letter Of credit,CRISIL,A 2,23-12-2025,LOW,Y,Manufacturing,INC with CRISIL — not cooperating; switch needed,"INC blocks bank financing; ACER vs CRISIL: faster, more responsive, India-focused"
Gartech Equipments Pvt. Ltd.,Term loans,CRISIL,BB+,23-12-2025,LOW,Y,Manufacturing,INC with CRISIL — not cooperating; switch needed,"INC blocks bank financing; ACER vs CRISIL: faster, more responsive, India-focused"
Rubber O Malabar Products Pvt. Ltd.,Long term Loans,CRISIL,D,23-12-2025,LOW,Y,Manufacturing,INC with CRISIL — not cooperating; switch needed,"INC blocks bank financing; ACER vs CRISIL: faster, more responsive, India-focused"
Shape Engineering Co. Pvt. Ltd.,Long term Loans,CRISIL,B,18-12-2025,LOW,Y,Manufacturing,INC with CRISIL — not cooperating; switch needed,"INC blocks bank financing; ACER vs CRISIL: faster, more responsive, India-focused"
Shree Somnath Paper Mills Pvt. Ltd.,Long term Loans,CRISIL,B,18-12-2025,LOW,Y,Manufacturing,INC with CRISIL — not cooperating; switch needed,"INC blocks bank financing; ACER vs CRISIL: faster, more responsive, India-focused"
Sohan Industries Pvt. Ltd.,Long term Loans,CRISIL,B,18-12-2025,LOW,Y,Manufacturing,INC with CRISIL — not cooperating; switch needed,"INC blocks bank financing; ACER vs CRISIL: faster, more responsive, India-focused"
Lahoti Motors Pvt. Ltd.,Long term Loans,CRISIL,B,17-12-2025,LOW,Y,Manufacturing,INC with CRISIL — not cooperating; switch needed,"INC blocks bank financing; ACER vs CRISIL: faster, more responsive, India-focused"
Orange Auto Pvt. Ltd.,Term loans,CRISIL,B,22-12-2025,LOW,Y,Manufacturing,INC with CRISIL — not cooperating; switch needed,"INC blocks bank financing; ACER vs CRISIL: faster, more responsive, India-focused"
Remira Motors Pvt. Ltd.,Long term Loans,CRISIL,B,22-12-2025,LOW,Y,Manufacturing,INC with CRISIL — not cooperating; switch needed,"INC blocks bank financing; ACER vs CRISIL: faster, more responsive, India-focused"
Uni-Tech Automation Pvt. Ltd.,Term loans,ICRA,B+,22-12-2025,LOW,Y,Manufacturing,INC with ICRA — not cooperating; switch needed,"INC blocks bank financing; ACER vs ICRA: faster, more responsive, India-focused"
Rasika Motors Pvt. Ltd.,Long term Loans,CRISIL,B,22-12-2025,LOW,Y,Manufacturing,INC with CRISIL — not cooperating; switch needed,"INC blocks bank financing; ACER vs CRISIL: faster, more responsive, India-focused"
Pioneer Fabricators Ltd.,Bank Guarantee,BRICKWORK,A 4,12-01-2026,LOW,Y,Manufacturing,INC with BRICKWORK — not cooperating; switch needed,"INC blocks bank financing; ACER vs BRICKWORK: faster, more responsive, India-focused"
Vamshi Rubber Ltd.,Term loans,BRICKWORK,C,09-01-2026,LOW,Y,Manufacturing,INC with BRICKWORK — not cooperating; switch needed,"INC blocks bank financing; ACER vs BRICKWORK: faster, more responsive, India-focused"
Jai Balaji Controlgears Pvt. Ltd.,Term loans,BRICKWORK,C,09-01-2026,LOW,Y,Manufacturing,INC with BRICKWORK — not cooperating; switch needed,"INC blocks bank financing; ACER vs BRICKWORK: faster, more responsive, India-focused"
Venkateshwara Fibre Glass (Chennai) Pvt.  Ltd.,Long term Loans,CRISIL,BB-,09-01-2026,LOW,Y,Manufacturing,INC with CRISIL — not cooperating; switch needed,"INC blocks bank financing; ACER vs CRISIL: faster, more responsive, India-focused"
V V C Motors Pvt. Ltd.,Non-government debt,ICRA,B+/A4,19-12-2025,LOW,Y,Manufacturing,INC with ICRA — not cooperating; switch needed,"INC blocks bank financing; ACER vs ICRA: faster, more responsive, India-focused"
Decor Paper Mills Ltd.,Non-fund-based financial facility/instrument,ICRA,A 4,19-12-2025,LOW,Y,Manufacturing,INC with ICRA — not cooperating; switch needed,"INC blocks bank financing; ACER vs ICRA: faster, more responsive, India-focused"
Oneup Motors India Pvt. Ltd.,Term loans,IND-RA,D,19-12-2025,LOW,Y,Manufacturing,INC with IND-RA — not cooperating; switch needed,"INC blocks bank financing; ACER vs IND-RA: faster, more responsive, India-focused"
Jai Ganesh Ispat & Ferro Alloys Pvt. Ltd.,Term loans,IND-RA,B-,19-12-2025,LOW,Y,Manufacturing,INC with IND-RA — not cooperating; switch needed,"INC blocks bank financing; ACER vs IND-RA: faster, more responsive, India-focused"
Yashodakrishna Automobiles Pvt. Ltd.,Term loans,CARE,D,08-01-2026,LOW,Y,Manufacturing,INC with CARE — not cooperating; switch needed,"INC blocks bank financing; ACER vs CARE: faster, more responsive, India-focused"
Electro Teknica Switchgears Pvt. Ltd.,Bank Guarantee,CARE,A 4,08-01-2026,LOW,Y,Manufacturing,INC with CARE — not cooperating; switch needed,"INC blocks bank financing; ACER vs CARE: faster, more responsive, India-focused"
Mittal Pigment Pvt. Ltd.,Letter Of credit,BRICKWORK,A 4,08-01-2026,LOW,Y,Manufacturing,INC with BRICKWORK — not cooperating; switch needed,"INC blocks bank financing; ACER vs BRICKWORK: faster, more responsive, India-focused"
Avanta Engineerings Pvt. Ltd.,Term loans,CARE,B-,08-01-2026,LOW,Y,Manufacturing,INC with CARE — not cooperating; switch needed,"INC blocks bank financing; ACER vs CARE: faster, more responsive, India-focused"
Shri Vaari Electricals Pvt. Ltd.,Bank Guarantee,CRISIL,A 4+,12-01-2026,LOW,Y,Manufacturing,INC with CRISIL — not cooperating; switch needed,"INC blocks bank financing; ACER vs CRISIL: faster, more responsive, India-focused"
A B C Transformers Pvt. Ltd.,Bank Guarantee,CRISIL,A 4,12-01-2026,LOW,Y,Manufacturing,INC with CRISIL — not cooperating; switch needed,"INC blocks bank financing; ACER vs CRISIL: faster, more responsive, India-focused"
A C R Machining Pvt. Ltd.,Long term Loans,CRISIL,B,12-01-2026,LOW,Y,Manufacturing,INC with CRISIL — not cooperating; switch needed,"INC blocks bank financing; ACER vs CRISIL: faster, more responsive, India-focused"
Shashi Cables Ltd.,Non-government debt,IND-RA,BB-/A4+,12-01-2026,LOW,Y,Manufacturing,INC with IND-RA — not cooperating; switch needed,"INC blocks bank financing; ACER vs IND-RA: faster, more responsive, India-focused"
Octopus Papers Ltd.,Term loans,CARE,D,06-01-2026,LOW,Y,Manufacturing,INC with CARE — not cooperating; switch needed,"INC blocks bank financing; ACER vs CARE: faster, more responsive, India-focused"
Kanchana Automobiles Pvt. Ltd.,Fund based financial facility/instrument,CARE,B,02-01-2026,LOW,Y,Manufacturing,INC with CARE — not cooperating; switch needed,"INC blocks bank financing; ACER vs CARE: faster, more responsive, India-focused"
Kosas Industries Pvt. Ltd.,Bank Guarantee,BRICKWORK,D,02-01-2026,LOW,Y,Manufacturing,INC with BRICKWORK — not cooperating; switch needed,"INC blocks bank financing; ACER vs BRICKWORK: faster, more responsive, India-focused"
Kuldeep Motors Pvt. Ltd.,Non-government debt,CARE,BB/A4,02-01-2026,LOW,Y,Manufacturing,INC with CARE — not cooperating; switch needed,"INC blocks bank financing; ACER vs CARE: faster, more responsive, India-focused"
Radha Krishna Automobiles Pvt. Ltd.,Term loans,CARE,D,09-01-2026,LOW,Y,Manufacturing,INC with CARE — not cooperating; switch needed,"INC blocks bank financing; ACER vs CARE: faster, more responsive, India-focused"
Siddhi Industries Ltd.,Fund based financial facility/instrument,BRICKWORK,BB,09-01-2026,LOW,Y,Manufacturing,INC with BRICKWORK — not cooperating; switch needed,"INC blocks bank financing; ACER vs BRICKWORK: faster, more responsive, India-focused"
Fibremarx Papers Pvt. Ltd.,Long term Loans,ACUITE,B,08-01-2026,LOW,Y,Manufacturing,INC with ACUITE — not cooperating; switch needed,"INC blocks bank financing; ACER vs ACUITE: faster, more responsive, India-focused"
Rohan Motors Ltd.,Fund based financial facility/instrument,CRISIL,BB+,08-01-2026,LOW,Y,Manufacturing,INC with CRISIL — not cooperating; switch needed,"INC blocks bank financing; ACER vs CRISIL: faster, more responsive, India-focused"
Shrishaila Electricals (India) Pvt. Ltd.,Term loans,ACUITE,B,26-12-2025,LOW,Y,Manufacturing,INC with ACUITE — not cooperating; switch needed,"INC blocks bank financing; ACER vs ACUITE: faster, more responsive, India-focused"
Bafna Motors (Mumbai) Pvt. Ltd.,Term loans,ICRA,D,26-12-2025,LOW,Y,Manufacturing,INC with ICRA — not cooperating; switch needed,"INC blocks bank financing; ACER vs ICRA: faster, more responsive, India-focused"
Sharu Industries Pvt. Ltd.,Letter Of credit,CARE,A 4,24-12-2025,LOW,Y,Manufacturing,INC with CARE — not cooperating; switch needed,"INC blocks bank financing; ACER vs CARE: faster, more responsive, India-focused"
Chemical Process Equipments Pvt. Ltd.,Letter Of credit,CARE,A 4+,24-12-2025,LOW,Y,Manufacturing,INC with CARE — not cooperating; switch needed,"INC blocks bank financing; ACER vs CARE: faster, more responsive, India-focused"
Atibir Industries Co. Ltd.,Bank Guarantee,CARE,D,07-01-2026,LOW,Y,Manufacturing,INC with CARE — not cooperating; switch needed,"INC blocks bank financing; ACER vs CARE: faster, more responsive, India-focused"
Matsyodari Steel & Alloys Pvt. Ltd.,Fund based financial facility/instrument,CRISIL,BB+,07-01-2026,LOW,Y,Manufacturing,INC with CRISIL — not cooperating; switch needed,"INC blocks bank financing; ACER vs CRISIL: faster, more responsive, India-focused"
Bawa Float Glass Ltd.,Non-government debt,CARE,BB+/A4+,06-01-2026,LOW,Y,Manufacturing,INC with CARE — not cooperating; switch needed,"INC blocks bank financing; ACER vs CARE: faster, more responsive, India-focused"
Dayal Industries Pvt. Ltd.,Fund based financial facility/instrument,CRISIL,BB+,06-01-2026,LOW,Y,Manufacturing,INC with CRISIL — not cooperating; switch needed,"INC blocks bank financing; ACER vs CRISIL: faster, more responsive, India-focused"
Lanson Motors Pvt. Ltd.,Non-government debt,IND-RA,B-/A4,16-01-2026,LOW,Y,Manufacturing,INC with IND-RA — not cooperating; switch needed,"INC blocks bank financing; ACER vs IND-RA: faster, more responsive, India-focused"
Joseph Leslie Dynamiks Mfg. Pvt. Ltd.,Non-government debt,IND-RA,D,16-01-2026,LOW,Y,Manufacturing,INC with IND-RA — not cooperating; switch needed,"INC blocks bank financing; ACER vs IND-RA: faster, more responsive, India-focused"
Multifilms Plastics Pvt. Ltd.,Non-government debt,IND-RA,B-/A4,16-01-2026,LOW,Y,Manufacturing,INC with IND-RA — not cooperating; switch needed,"INC blocks bank financing; ACER vs IND-RA: faster, more responsive, India-focused"
Motorsales Ltd.,Non-government debt,IND-RA,B-/A4,16-01-2026,LOW,Y,Manufacturing,INC with IND-RA — not cooperating; switch needed,"INC blocks bank financing; ACER vs IND-RA: faster, more responsive, India-focused"
Extol Industries Ltd.,Term loans,BRICKWORK,D,31-12-2025,LOW,Y,Manufacturing,INC with BRICKWORK — not cooperating; switch needed,"INC blocks bank financing; ACER vs BRICKWORK: faster, more responsive, India-focused"
Shell Apparels Pvt. Ltd.,Non-fund-based financial facility/instrument,ICRA,B+,30-12-2025,LOW,Y,Manufacturing,INC with ICRA — not cooperating; switch needed,"INC blocks bank financing; ACER vs ICRA: faster, more responsive, India-focused"
Satma Industries Pvt. Ltd.,Term loans,BRICKWORK,C,29-12-2025,LOW,Y,Manufacturing,INC with BRICKWORK — not cooperating; switch needed,"INC blocks bank financing; ACER vs BRICKWORK: faster, more responsive, India-focused"
Sharpline Automation Pvt. Ltd.,Fund based financial facility/instrument,ICRA,A 4,26-12-2025,LOW,Y,Manufacturing,INC with ICRA — not cooperating; switch needed,"INC blocks bank financing; ACER vs ICRA: faster, more responsive, India-focused"
Crystal Cable Inds. Ltd.,Non-government debt,IND-RA,D,16-01-2026,LOW,Y,Manufacturing,INC with IND-RA — not cooperating; switch needed,"INC blocks bank financing; ACER vs IND-RA: faster, more responsive, India-focused"
Binary Apparel Park Pvt. Ltd.,Term loans,IND-RA,B-,16-01-2026,LOW,Y,Manufacturing,INC with IND-RA — not cooperating; switch needed,"INC blocks bank financing; ACER vs IND-RA: faster, more responsive, India-focused"
Commercial Auto Products Pvt. Ltd.,Non-government debt,IND-RA,B-/A4,16-01-2026,LOW,Y,Manufacturing,INC with IND-RA — not cooperating; switch needed,"INC blocks bank financing; ACER vs IND-RA: faster, more responsive, India-focused"
Indera Garments Pvt. Ltd.,Term loans,IND-RA,B-,16-01-2026,LOW,Y,Manufacturing,INC with IND-RA — not cooperating; switch needed,"INC blocks bank financing; ACER vs IND-RA: faster, more responsive, India-focused"
Niyati Engineering Pvt. Ltd.,Non-government debt,IND-RA,B/A4,16-01-2026,LOW,Y,Manufacturing,INC with IND-RA — not cooperating; switch needed,"INC blocks bank financing; ACER vs IND-RA: faster, more responsive, India-focused"
New Field Industrial Equipment Pvt. Ltd.,Non-government debt,IND-RA,B-/A4,16-01-2026,LOW,Y,Manufacturing,INC with IND-RA — not cooperating; switch needed,"INC blocks bank financing; ACER vs IND-RA: faster, more responsive, India-focused"
Neeraj Paper Mktg. Ltd.,Non-government debt,IND-RA,B/A4,16-01-2026,LOW,Y,Manufacturing,INC with IND-RA — not cooperating; switch needed,"INC blocks bank financing; ACER vs IND-RA: faster, more responsive, India-focused"
Shree Sita Ram Paper Mills Ltd.,Non-government debt,IND-RA,B-/A4,16-01-2026,LOW,Y,Manufacturing,INC with IND-RA — not cooperating; switch needed,"INC blocks bank financing; ACER vs IND-RA: faster, more responsive, India-focused"
Auto Vogue Pvt. Ltd.,Term loans,CARE,B-,16-01-2026,LOW,Y,Manufacturing,INC with CARE — not cooperating; switch needed,"INC blocks bank financing; ACER vs CARE: faster, more responsive, India-focused"
Ramkrishna Casting Solutions Ltd.,Term loans,ICRA,D,15-01-2026,LOW,Y,Manufacturing,INC with ICRA — not cooperating; switch needed,"INC blocks bank financing; ACER vs ICRA: faster, more responsive, India-focused"
Vaswani Industries Ltd.,Term loans,CRISIL,BB+,14-01-2026,LOW,Y,Manufacturing,INC with CRISIL — not cooperating; switch needed,"INC blocks bank financing; ACER vs CRISIL: faster, more responsive, India-focused"
Azure Switchgear Pvt. Ltd.,Long term Loans,CRISIL,B,13-01-2026,LOW,Y,Manufacturing,INC with CRISIL — not cooperating; switch needed,"INC blocks bank financing; ACER vs CRISIL: faster, more responsive, India-focused"
Sonali Autos Pvt. Ltd.,Term loans,IND-RA,D,16-01-2026,LOW,Y,Manufacturing,INC with IND-RA — not cooperating; switch needed,"INC blocks bank financing; ACER vs IND-RA: faster, more responsive, India-focused"
Optech Engineering Pvt. Ltd.,Non-government debt,IND-RA,B/A4,16-01-2026,LOW,Y,Manufacturing,INC with IND-RA — not cooperating; switch needed,"INC blocks bank financing; ACER vs IND-RA: faster, more responsive, India-focused"
Camerich Papers Pvt. Ltd.,Non-government debt,IND-RA,D,16-01-2026,LOW,Y,Manufacturing,INC with IND-RA — not cooperating; switch needed,"INC blocks bank financing; ACER vs IND-RA: faster, more responsive, India-focused"
Jaipan Industries Ltd.,Term loans,IND-RA,B-,16-01-2026,LOW,Y,Manufacturing,INC with IND-RA — not cooperating; switch needed,"INC blocks bank financing; ACER vs IND-RA: faster, more responsive, India-focused"
A C P Industries Ltd.,Bank Guarantee,CRISIL,A 4,12-01-2026,LOW,Y,Manufacturing,INC with CRISIL — not cooperating; switch needed,"INC blocks bank financing; ACER vs CRISIL: faster, more responsive, India-focused"
Bellona Paper Mill Pvt. Ltd.,Term loans,CRISIL,B+,12-01-2026,LOW,Y,Manufacturing,INC with CRISIL — not cooperating; switch needed,"INC blocks bank financing; ACER vs CRISIL: faster, more responsive, India-focused"
Leela Krishna Automobiles Pvt. Ltd.,Term loans,CARE,D,12-01-2026,LOW,Y,Manufacturing,INC with CARE — not cooperating; switch needed,"INC blocks bank financing; ACER vs CARE: faster, more responsive, India-focused"
Heavy Engineering Corpn. Pvt. Ltd.,Non-fund based working capital limit,IND-RA,D,12-01-2026,LOW,Y,Manufacturing,INC with IND-RA — not cooperating; switch needed,"INC blocks bank financing; ACER vs IND-RA: faster, more responsive, India-focused"
Har Auto Pvt. Ltd.,Non-government debt,IND-RA,B-/A4,16-01-2026,LOW,Y,Manufacturing,INC with IND-RA — not cooperating; switch needed,"INC blocks bank financing; ACER vs IND-RA: faster, more responsive, India-focused"
Autometers Alliance Ltd.,Letter Of credit,ACUITE,A 4,16-01-2026,LOW,Y,Manufacturing,INC with ACUITE — not cooperating; switch needed,"INC blocks bank financing; ACER vs ACUITE: faster, more responsive, India-focused"
Bajrang Steel & Alloys Pvt. Ltd.,Term loans,IND-RA,B,16-01-2026,LOW,Y,Manufacturing,INC with IND-RA — not cooperating; switch needed,"INC blocks bank financing; ACER vs IND-RA: faster, more responsive, India-focused"
Gupta & Sons (Motors) Pvt. Ltd.,Non-government debt,IND-RA,D,16-01-2026,LOW,Y,Manufacturing,INC with IND-RA — not cooperating; switch needed,"INC blocks bank financing; ACER vs IND-RA: faster, more responsive, India-focused"
Astron Paper & Board Mill Ltd.,Non-government debt,CARE,D,21-01-2026,LOW,Y,Manufacturing,INC with CARE — not cooperating; switch needed,"INC blocks bank financing; ACER vs CARE: faster, more responsive, India-focused"
Auto Axis Pvt. Ltd.,Fund based financial facility/instrument,BRICKWORK,C,21-01-2026,LOW,Y,Manufacturing,INC with BRICKWORK — not cooperating; switch needed,"INC blocks bank financing; ACER vs BRICKWORK: faster, more responsive, India-focused"
Rakhoh Industries Pvt. Ltd.,Term loans,CRISIL,BB+,21-01-2026,LOW,Y,Manufacturing,INC with CRISIL — not cooperating; switch needed,"INC blocks bank financing; ACER vs CRISIL: faster, more responsive, India-focused"
K K Duplex & Paper Mills Pvt. Ltd.,Bank Guarantee,CRISIL,D,21-01-2026,LOW,Y,Manufacturing,INC with CRISIL — not cooperating; switch needed,"INC blocks bank financing; ACER vs CRISIL: faster, more responsive, India-focused"
M G Automotives (Bus & Coach) Pvt. Ltd.,Term loans,CRISIL,B,13-01-2026,LOW,Y,Manufacturing,INC with CRISIL — not cooperating; switch needed,"INC blocks bank financing; ACER vs CRISIL: faster, more responsive, India-focused"
Shripaper Product (Indore) Pvt. Ltd.,Letter Of credit,BRICKWORK,A 4,12-01-2026,LOW,Y,Manufacturing,INC with BRICKWORK — not cooperating; switch needed,"INC blocks bank financing; ACER vs BRICKWORK: faster, more responsive, India-focused"
Admach Auto Inds. India Pvt. Ltd.,Term loans,CRISIL,B,12-01-2026,LOW,Y,Manufacturing,INC with CRISIL — not cooperating; switch needed,"INC blocks bank financing; ACER vs CRISIL: faster, more responsive, India-focused"
B J S Motors Pvt. Ltd.,Bank Guarantee,CRISIL,A 4,12-01-2026,LOW,Y,Manufacturing,INC with CRISIL — not cooperating; switch needed,"INC blocks bank financing; ACER vs CRISIL: faster, more responsive, India-focused"
S V R Electricals Pvt. Ltd.,Non-government debt,ICRA,B/A4,21-01-2026,LOW,Y,Manufacturing,INC with ICRA — not cooperating; switch needed,"INC blocks bank financing; ACER vs ICRA: faster, more responsive, India-focused"
Chandra Automobile India Pvt. Ltd.,Fund based financial facility/instrument,CRISIL,BB,21-01-2026,LOW,Y,Manufacturing,INC with CRISIL — not cooperating; switch needed,"INC blocks bank financing; ACER vs CRISIL: faster, more responsive, India-focused"
Reva Industries India Pvt. Ltd.,Bank Guarantee,ACUITE,A 4,21-01-2026,LOW,Y,Manufacturing,INC with ACUITE — not cooperating; switch needed,"INC blocks bank financing; ACER vs ACUITE: faster, more responsive, India-focused"
F C G Flameproof Control Gears Pvt. Ltd.,Bank Guarantee,CRISIL,A 4,21-01-2026,LOW,Y,Manufacturing,INC with CRISIL — not cooperating; switch needed,"INC blocks bank financing; ACER vs CRISIL: faster, more responsive, India-focused"
Ascott Electricals Pvt. Ltd.,Fund based financial facility/instrument,ICRA,A 4,22-01-2026,LOW,Y,Manufacturing,INC with ICRA — not cooperating; switch needed,"INC blocks bank financing; ACER vs ICRA: faster, more responsive, India-focused"
Radhika Opto Electronics Ltd.,Letter Of credit,CARE,A 4+,22-01-2026,LOW,Y,Manufacturing,INC with CARE — not cooperating; switch needed,"INC blocks bank financing; ACER vs CARE: faster, more responsive, India-focused"
Electro Waves Electronics Pvt. Ltd.,Term loans,ACUITE,C,22-01-2026,LOW,Y,Manufacturing,INC with ACUITE — not cooperating; switch needed,"INC blocks bank financing; ACER vs ACUITE: faster, more responsive, India-focused"
Savitridevi Industries Ltd.,Term loans,CARE,D,22-01-2026,LOW,Y,Manufacturing,INC with CARE — not cooperating; switch needed,"INC blocks bank financing; ACER vs CARE: faster, more responsive, India-focused"
Tarapur Transformers Ltd.,Letter Of credit,ACUITE,D,20-01-2026,LOW,Y,Manufacturing,INC with ACUITE — not cooperating; switch needed,"INC blocks bank financing; ACER vs ACUITE: faster, more responsive, India-focused"
Khushiya Industries Pvt. Ltd.,Term loans,IND-RA,D,16-01-2026,LOW,Y,Manufacturing,INC with IND-RA — not cooperating; switch needed,"INC blocks bank financing; ACER vs IND-RA: faster, more responsive, India-focused"
Vijay Engineering Equipment India Pvt. Ltd.,Non-government debt,IND-RA,B-/A4,16-01-2026,LOW,Y,Manufacturing,INC with IND-RA — not cooperating; switch needed,"INC blocks bank financing; ACER vs IND-RA: faster, more responsive, India-focused"
S G S Motors Pvt. Ltd.,Non-government debt,IND-RA,B/A4,16-01-2026,LOW,Y,Manufacturing,INC with IND-RA — not cooperating; switch needed,"INC blocks bank financing; ACER vs IND-RA: faster, more responsive, India-focused"
Dynamic Fine Paper Mill Pvt. Ltd.,Term loans,CRISIL,B,21-01-2026,LOW,Y,Manufacturing,INC with CRISIL — not cooperating; switch needed,"INC blocks bank financing; ACER vs CRISIL: faster, more responsive, India-focused"
Deepak Cables (India) Ltd.,Bank Guarantee,CRISIL,D,21-01-2026,LOW,Y,Manufacturing,INC with CRISIL — not cooperating; switch needed,"INC blocks bank financing; ACER vs CRISIL: faster, more responsive, India-focused"
Delta Paper Mills Ltd.,Bank Guarantee,CRISIL,A 4,21-01-2026,LOW,Y,Manufacturing,INC with CRISIL — not cooperating; switch needed,"INC blocks bank financing; ACER vs CRISIL: faster, more responsive, India-focused"
Padmaja Packaging Inds. Ltd.,Term loans,CRISIL,B,21-01-2026,LOW,Y,Manufacturing,INC with CRISIL — not cooperating; switch needed,"INC blocks bank financing; ACER vs CRISIL: faster, more responsive, India-focused"
Ultima Switchgears Ltd.,Non-government debt,IND-RA,B-/A4,16-01-2026,LOW,Y,Manufacturing,INC with IND-RA — not cooperating; switch needed,"INC blocks bank financing; ACER vs IND-RA: faster, more responsive, India-focused"
Trident Fabricators Pvt. Ltd.,Non-government debt,IND-RA,B-/A4,16-01-2026,LOW,Y,Manufacturing,INC with IND-RA — not cooperating; switch needed,"INC blocks bank financing; ACER vs IND-RA: faster, more responsive, India-focused"
Torque Automotive Pvt. Ltd.,Non-government debt,IND-RA,D,16-01-2026,LOW,Y,Manufacturing,INC with IND-RA — not cooperating; switch needed,"INC blocks bank financing; ACER vs IND-RA: faster, more responsive, India-focused"
L T S Plastics (India) Pvt. Ltd.,Non-government debt,IND-RA,D,16-01-2026,LOW,Y,Manufacturing,INC with IND-RA — not cooperating; switch needed,"INC blocks bank financing; ACER vs IND-RA: faster, more responsive, India-focused"
Ramaa Shyama Papers Pvt. Ltd.,Term loans,BRICKWORK,B,21-01-2026,LOW,Y,Manufacturing,INC with BRICKWORK — not cooperating; switch needed,"INC blocks bank financing; ACER vs BRICKWORK: faster, more responsive, India-focused"
Vardhman Industries Ltd. [Merged],Long term Loans,ACUITE,D,21-01-2026,LOW,Y,Manufacturing,INC with ACUITE — not cooperating; switch needed,"INC blocks bank financing; ACER vs ACUITE: faster, more responsive, India-focused"
Khyber Industries Pvt. Ltd.,Fund based financial facility/instrument,CRISIL,BB+,21-01-2026,LOW,Y,Manufacturing,INC with CRISIL — not cooperating; switch needed,"INC blocks bank financing; ACER vs CRISIL: faster, more responsive, India-focused"
Jayalakshmi Alloys India Pvt. Ltd.,Term loans,BRICKWORK,D,20-01-2026,LOW,Y,Manufacturing,INC with BRICKWORK — not cooperating; switch needed,"INC blocks bank financing; ACER vs BRICKWORK: faster, more responsive, India-focused"
Sophisticated Industrial Materials Analytic Labs Pvt. Ltd.,Bank Guarantee,CRISIL,A 4+,30-01-2026,LOW,Y,Manufacturing,INC with CRISIL — not cooperating; switch needed,"INC blocks bank financing; ACER vs CRISIL: faster, more responsive, India-focused"
Limson Engineering Pvt. Ltd.,Letter Of credit,CRISIL,A 4,30-01-2026,LOW,Y,Manufacturing,INC with CRISIL — not cooperating; switch needed,"INC blocks bank financing; ACER vs CRISIL: faster, more responsive, India-focused"
Srinidhi Industries Ltd.,Bank Guarantee,BRICKWORK,A 4,29-01-2026,LOW,Y,Manufacturing,INC with BRICKWORK — not cooperating; switch needed,"INC blocks bank financing; ACER vs BRICKWORK: faster, more responsive, India-focused"
Chetan Alloys Pvt. Ltd.,Non-government debt,IND-RA,D,29-01-2026,LOW,Y,Manufacturing,INC with IND-RA — not cooperating; switch needed,"INC blocks bank financing; ACER vs IND-RA: faster, more responsive, India-focused"
Sainath Autolinks Pvt. Ltd.,Term loans,IND-RA,B-,16-01-2026,LOW,Y,Manufacturing,INC with IND-RA — not cooperating; switch needed,"INC blocks bank financing; ACER vs IND-RA: faster, more responsive, India-focused"
Malwa Automotives Pvt. Ltd.,Non-government debt,IND-RA,B-/A4,16-01-2026,LOW,Y,Manufacturing,INC with IND-RA — not cooperating; switch needed,"INC blocks bank financing; ACER vs IND-RA: faster, more responsive, India-focused"
Satkar Industries Pvt. Ltd.,Term loans,IND-RA,B-,16-01-2026,LOW,Y,Manufacturing,INC with IND-RA — not cooperating; switch needed,"INC blocks bank financing; ACER vs IND-RA: faster, more responsive, India-focused"
United Electricals & Engg. Pvt. Ltd.,Non-fund-based financial facility/instrument,ICRA,A 4,16-01-2026,LOW,Y,Manufacturing,INC with ICRA — not cooperating; switch needed,"INC blocks bank financing; ACER vs ICRA: faster, more responsive, India-focused"
Surface Engineering Pvt. Ltd.,Bank Guarantee,CRISIL,A 4,28-01-2026,LOW,Y,Manufacturing,INC with CRISIL — not cooperating; switch needed,"INC blocks bank financing; ACER vs CRISIL: faster, more responsive, India-focused"
Vikran Engineering Ltd.,Letter Of credit,CARE,A 4,28-01-2026,LOW,Y,Manufacturing,INC with CARE — not cooperating; switch needed,"INC blocks bank financing; ACER vs CARE: faster, more responsive, India-focused"
The Rubber Products Ltd. [Merged],Bank Guarantee,CRISIL,D,28-01-2026,LOW,Y,Manufacturing,INC with CRISIL — not cooperating; switch needed,"INC blocks bank financing; ACER vs CRISIL: faster, more responsive, India-focused"
Pavansut Paper Mill Pvt. Ltd.,Non-fund-based financial facility/instrument,ICRA,D,28-01-2026,LOW,Y,Manufacturing,INC with ICRA — not cooperating; switch needed,"INC blocks bank financing; ACER vs ICRA: faster, more responsive, India-focused"
Saranya Garments Pvt. Ltd.,Term loans,CRISIL,BB+,30-01-2026,LOW,Y,Manufacturing,INC with CRISIL — not cooperating; switch needed,"INC blocks bank financing; ACER vs CRISIL: faster, more responsive, India-focused"
Zetek Castings Pvt. Ltd.,Term loans,ICRA,B+,30-01-2026,LOW,Y,Manufacturing,INC with ICRA — not cooperating; switch needed,"INC blocks bank financing; ACER vs ICRA: faster, more responsive, India-focused"
Shubhyan Motors Pvt. Ltd.,Long term Loans,CRISIL,B-,30-01-2026,LOW,Y,Manufacturing,INC with CRISIL — not cooperating; switch needed,"INC blocks bank financing; ACER vs CRISIL: faster, more responsive, India-focused"
Sidharth Papers Pvt. Ltd.,Letter Of credit,CRISIL,A 4+,30-01-2026,LOW,Y,Manufacturing,INC with CRISIL — not cooperating; switch needed,"INC blocks bank financing; ACER vs CRISIL: faster, more responsive, India-focused"
Ananya Engineering Pvt. Ltd.,Term loans,BRICKWORK,C,27-01-2026,LOW,Y,Manufacturing,INC with BRICKWORK — not cooperating; switch needed,"INC blocks bank financing; ACER vs BRICKWORK: faster, more responsive, India-focused"
Creations Jewellery Mfg. Pvt. Ltd.,Non-government debt,ICRA,B+/A4,27-01-2026,LOW,Y,Manufacturing,INC with ICRA — not cooperating; switch needed,"INC blocks bank financing; ACER vs ICRA: faster, more responsive, India-focused"
Sri Narayani Plastics Pvt. Ltd.,Letter Of credit,CRISIL,A 4,27-01-2026,LOW,Y,Manufacturing,INC with CRISIL — not cooperating; switch needed,"INC blocks bank financing; ACER vs CRISIL: faster, more responsive, India-focused"
Prragathi Steel Castings Pvt. Ltd.,Letter Of credit,CRISIL,B,27-01-2026,LOW,Y,Manufacturing,INC with CRISIL — not cooperating; switch needed,"INC blocks bank financing; ACER vs CRISIL: faster, more responsive, India-focused"
Sri Ramalingeswara Paper Products Pvt. Ltd.,Term loans,BRICKWORK,C,29-01-2026,LOW,Y,Manufacturing,INC with BRICKWORK — not cooperating; switch needed,"INC blocks bank financing; ACER vs BRICKWORK: faster, more responsive, India-focused"
Tehri Iron & Steel Casting Pvt. Ltd.,Letter Of credit,BRICKWORK,A 4,29-01-2026,LOW,Y,Manufacturing,INC with BRICKWORK — not cooperating; switch needed,"INC blocks bank financing; ACER vs BRICKWORK: faster, more responsive, India-focused"
Suditi Industries Ltd.,Letter Of credit,CARE,A 4,29-01-2026,LOW,Y,Manufacturing,INC with CARE — not cooperating; switch needed,"INC blocks bank financing; ACER vs CARE: faster, more responsive, India-focused"
Auric Motors Pvt. Ltd.,Non-fund-based financial facility/instrument,BRICKWORK,A 4,28-01-2026,LOW,Y,Manufacturing,INC with BRICKWORK — not cooperating; switch needed,"INC blocks bank financing; ACER vs BRICKWORK: faster, more responsive, India-focused"
O S L Automotives Pvt. Ltd.,Long term Loans,CRISIL,B,23-01-2026,LOW,Y,Manufacturing,INC with CRISIL — not cooperating; switch needed,"INC blocks bank financing; ACER vs CRISIL: faster, more responsive, India-focused"
Shivalik I B Automark Pvt. Ltd.,Fund based financial facility/instrument,CRISIL,B,23-01-2026,LOW,Y,Manufacturing,INC with CRISIL — not cooperating; switch needed,"INC blocks bank financing; ACER vs CRISIL: faster, more responsive, India-focused"
Ballavpur Paper Mfg. Ltd.,Bank Guarantee,BRICKWORK,D,23-01-2026,LOW,Y,Manufacturing,INC with BRICKWORK — not cooperating; switch needed,"INC blocks bank financing; ACER vs BRICKWORK: faster, more responsive, India-focused"
Commercial Automobiles Pvt. Ltd.,Term loans,ICRA,B+,22-01-2026,LOW,Y,Manufacturing,INC with ICRA — not cooperating; switch needed,"INC blocks bank financing; ACER vs ICRA: faster, more responsive, India-focused"
Sanwariya Packaging Pvt. Ltd.,Term loans,CARE,D,28-01-2026,LOW,Y,Manufacturing,INC with CARE — not cooperating; switch needed,"INC blocks bank financing; ACER vs CARE: faster, more responsive, India-focused"
S A Iron & Alloys Pvt. Ltd.,Term loans,ICRA,D,28-01-2026,LOW,Y,Manufacturing,INC with ICRA — not cooperating; switch needed,"INC blocks bank financing; ACER vs ICRA: faster, more responsive, India-focused"
Triumph Auto Parts Distributors Pvt. Ltd.,Fund based financial facility/instrument,CRISIL,B,28-01-2026,LOW,Y,Manufacturing,INC with CRISIL — not cooperating; switch needed,"INC blocks bank financing; ACER vs CRISIL: faster, more responsive, India-focused"
Signet Garments Pvt. Ltd.,Letter Of credit,ACUITE,A 4,27-01-2026,LOW,Y,Manufacturing,INC with ACUITE — not cooperating; switch needed,"INC blocks bank financing; ACER vs ACUITE: faster, more responsive, India-focused"
Oriental Engineering Works Pvt. Ltd.,Long term Loans,ACUITE,BB+,06-02-2026,LOW,Y,Manufacturing,INC with ACUITE — not cooperating; switch needed,"INC blocks bank financing; ACER vs ACUITE: faster, more responsive, India-focused"
Kashyap Motors India Pvt. Ltd.,Term loans,BRICKWORK,C,06-02-2026,LOW,Y,Manufacturing,INC with BRICKWORK — not cooperating; switch needed,"INC blocks bank financing; ACER vs BRICKWORK: faster, more responsive, India-focused"
B P Alloys Ltd.,Term loans,CARE,B-,06-02-2026,LOW,Y,Manufacturing,INC with CARE — not cooperating; switch needed,"INC blocks bank financing; ACER vs CARE: faster, more responsive, India-focused"
Shree Sidhbali Paper Mills Pvt. Ltd.,Bank Guarantee,BRICKWORK,A 4,06-02-2026,LOW,Y,Manufacturing,INC with BRICKWORK — not cooperating; switch needed,"INC blocks bank financing; ACER vs BRICKWORK: faster, more responsive, India-focused"
Himalayan Packaging Inds. Pvt. Ltd.,Letter Of credit,ACUITE,A 4,27-01-2026,LOW,Y,Manufacturing,INC with ACUITE — not cooperating; switch needed,"INC blocks bank financing; ACER vs ACUITE: faster, more responsive, India-focused"
Juhi Industries Pvt. Ltd.,Term loans,CARE,D,27-01-2026,LOW,Y,Manufacturing,INC with CARE — not cooperating; switch needed,"INC blocks bank financing; ACER vs CARE: faster, more responsive, India-focused"
Prani Auto Plaza Pvt. Ltd.,Term loans,ICRA,D,23-01-2026,LOW,Y,Manufacturing,INC with ICRA — not cooperating; switch needed,"INC blocks bank financing; ACER vs ICRA: faster, more responsive, India-focused"
Tunwal E-Motors Ltd.,Term loans,ACUITE,BB-,23-01-2026,LOW,Y,Manufacturing,INC with ACUITE — not cooperating; switch needed,"INC blocks bank financing; ACER vs ACUITE: faster, more responsive, India-focused"
Mahip Industries Ltd.,Term loans,CARE,D,04-02-2026,LOW,Y,Manufacturing,INC with CARE — not cooperating; switch needed,"INC blocks bank financing; ACER vs CARE: faster, more responsive, India-focused"
Lloyds Engineering Corpn. Pvt. Ltd.,Bank Guarantee,CARE,A 4,04-02-2026,LOW,Y,Manufacturing,INC with CARE — not cooperating; switch needed,"INC blocks bank financing; ACER vs CARE: faster, more responsive, India-focused"
Asthavinayak Motors Pvt. Ltd.,Bank Guarantee,CARE,A 4,04-02-2026,LOW,Y,Manufacturing,INC with CARE — not cooperating; switch needed,"INC blocks bank financing; ACER vs CARE: faster, more responsive, India-focused"
Arise Automotives Pvt. Ltd.,Term loans,BRICKWORK,C,04-02-2026,LOW,Y,Manufacturing,INC with BRICKWORK — not cooperating; switch needed,"INC blocks bank financing; ACER vs BRICKWORK: faster, more responsive, India-focused"
Acore Industries Pvt. Ltd.,Term loans,ACUITE,B-,10-02-2026,LOW,Y,Manufacturing,INC with ACUITE — not cooperating; switch needed,"INC blocks bank financing; ACER vs ACUITE: faster, more responsive, India-focused"
Sanauto Engineers (India) Pvt. Ltd.,Term loans,CARE,BB-,09-02-2026,LOW,Y,Manufacturing,INC with CARE — not cooperating; switch needed,"INC blocks bank financing; ACER vs CARE: faster, more responsive, India-focused"
Charming Printing & Grphics Pvt. Ltd.,Letter Of credit,BRICKWORK,A 4,09-02-2026,LOW,Y,Manufacturing,INC with BRICKWORK — not cooperating; switch needed,"INC blocks bank financing; ACER vs BRICKWORK: faster, more responsive, India-focused"
H V R Industries Pvt. Ltd.,Term loans,CRISIL,B,06-02-2026,LOW,Y,Manufacturing,INC with CRISIL — not cooperating; switch needed,"INC blocks bank financing; ACER vs CRISIL: faster, more responsive, India-focused"
J S Auto Cast Foundry India Pvt. Ltd.,Term loans,ACUITE,B-,02-02-2026,LOW,Y,Manufacturing,INC with ACUITE — not cooperating; switch needed,"INC blocks bank financing; ACER vs ACUITE: faster, more responsive, India-focused"
G D Foods Mfg. (India) Pvt. Ltd.,Term loans,ACUITE,B,02-02-2026,LOW,Y,Manufacturing,INC with ACUITE — not cooperating; switch needed,"INC blocks bank financing; ACER vs ACUITE: faster, more responsive, India-focused"
Sahasra Electronics Pvt. Ltd.,Letter Of credit,ACUITE,A 4,02-02-2026,LOW,Y,Manufacturing,INC with ACUITE — not cooperating; switch needed,"INC blocks bank financing; ACER vs ACUITE: faster, more responsive, India-focused"
Jonson Rubber Inds. Ltd.,Bank Guarantee,CRISIL,A 4,31-01-2026,LOW,Y,Manufacturing,INC with CRISIL — not cooperating; switch needed,"INC blocks bank financing; ACER vs CRISIL: faster, more responsive, India-focused"
B K M Industries Ltd.,Bank Guarantee,CARE,D,05-02-2026,LOW,Y,Manufacturing,INC with CARE — not cooperating; switch needed,"INC blocks bank financing; ACER vs CARE: faster, more responsive, India-focused"
Surya Wires Pvt. Ltd.,Bank Guarantee,CARE,D,05-02-2026,LOW,Y,Manufacturing,INC with CARE — not cooperating; switch needed,"INC blocks bank financing; ACER vs CARE: faster, more responsive, India-focused"
Royal Infraengineering Pvt. Ltd.,Bank Guarantee,ACUITE,A 4,05-02-2026,LOW,Y,Manufacturing,INC with ACUITE — not cooperating; switch needed,"INC blocks bank financing; ACER vs ACUITE: faster, more responsive, India-focused"
S R G Apparels Ltd.,Letter Of credit,BRICKWORK,A 4,05-02-2026,LOW,Y,Manufacturing,INC with BRICKWORK — not cooperating; switch needed,"INC blocks bank financing; ACER vs BRICKWORK: faster, more responsive, India-focused"
Incom Wires & Cables Ltd.,Term loans,CRISIL,D,30-01-2026,LOW,Y,Manufacturing,INC with CRISIL — not cooperating; switch needed,"INC blocks bank financing; ACER vs CRISIL: faster, more responsive, India-focused"
Leapfrog Engineering Services Ltd.,Letter Of credit,CRISIL,A 4,30-01-2026,LOW,Y,Manufacturing,INC with CRISIL — not cooperating; switch needed,"INC blocks bank financing; ACER vs CRISIL: faster, more responsive, India-focused"
Baliga Lighting Equipments Pvt. Ltd.,Bank Guarantee,ACUITE,A 4,30-01-2026,LOW,Y,Manufacturing,INC with ACUITE — not cooperating; switch needed,"INC blocks bank financing; ACER vs ACUITE: faster, more responsive, India-focused"
Jesmajo Industrial Fabrications Karnataka Pvt. Ltd.,Bank Guarantee,CRISIL,A 4,30-01-2026,LOW,Y,Manufacturing,INC with CRISIL — not cooperating; switch needed,"INC blocks bank financing; ACER vs CRISIL: faster, more responsive, India-focused"
Fabrimax Engineering Pvt. Ltd.,Bank Guarantee,CARE,A 4,03-02-2026,LOW,Y,Manufacturing,INC with CARE — not cooperating; switch needed,"INC blocks bank financing; ACER vs CARE: faster, more responsive, India-focused"
K A S Industries India Ltd.,Term loans,CARE,B+,03-02-2026,LOW,Y,Manufacturing,INC with CARE — not cooperating; switch needed,"INC blocks bank financing; ACER vs CARE: faster, more responsive, India-focused"
Deora Wires N Machines Pvt. Ltd.,Term loans,ACUITE,D,03-02-2026,LOW,Y,Manufacturing,INC with ACUITE — not cooperating; switch needed,"INC blocks bank financing; ACER vs ACUITE: faster, more responsive, India-focused"
Methra Industries India Pvt. Ltd.,Term loans,CARE,D,03-02-2026,LOW,Y,Manufacturing,INC with CARE — not cooperating; switch needed,"INC blocks bank financing; ACER vs CARE: faster, more responsive, India-focused"
Jai Hind Wire Rod Mills Pvt. Ltd.,Letter Of credit,CARE,B,20-02-2026,LOW,Y,Manufacturing,INC with CARE — not cooperating; switch needed,"INC blocks bank financing; ACER vs CARE: faster, more responsive, India-focused"
Ajay Industrial Corpn. Ltd.,Non-fund-based financial facility/instrument,CRISIL,A 4+,20-02-2026,LOW,Y,Manufacturing,INC with CRISIL — not cooperating; switch needed,"INC blocks bank financing; ACER vs CRISIL: faster, more responsive, India-focused"
Chopda Autowheels Pvt. Ltd.,Fund based financial facility/instrument,CRISIL,B,20-02-2026,LOW,Y,Manufacturing,INC with CRISIL — not cooperating; switch needed,"INC blocks bank financing; ACER vs CRISIL: faster, more responsive, India-focused"
Shivam Autozone (India) Pvt. Ltd.,Bank Guarantee,BRICKWORK,A 4,19-02-2026,LOW,Y,Manufacturing,INC with BRICKWORK — not cooperating; switch needed,"INC blocks bank financing; ACER vs BRICKWORK: faster, more responsive, India-focused"
Nath Motors Pvt. Ltd.,Long term Loans,CRISIL,D,31-01-2026,LOW,Y,Manufacturing,INC with CRISIL — not cooperating; switch needed,"INC blocks bank financing; ACER vs CRISIL: faster, more responsive, India-focused"
Sybly Industries Ltd.,Long term Loans,CRISIL,C,31-01-2026,LOW,Y,Manufacturing,INC with CRISIL — not cooperating; switch needed,"INC blocks bank financing; ACER vs CRISIL: faster, more responsive, India-focused"
Cenlub Industries Ltd.,Bank Guarantee,CRISIL,A 4,31-01-2026,LOW,Y,Manufacturing,INC with CRISIL — not cooperating; switch needed,"INC blocks bank financing; ACER vs CRISIL: faster, more responsive, India-focused"
One Auto Pvt. Ltd.,Fund based financial facility/instrument,CRISIL,B+,31-01-2026,LOW,Y,Manufacturing,INC with CRISIL — not cooperating; switch needed,"INC blocks bank financing; ACER vs CRISIL: faster, more responsive, India-focused"
Amartex Industries Ltd.,Non-government debt,BRICKWORK,B/A4,19-02-2026,LOW,Y,Manufacturing,INC with BRICKWORK — not cooperating; switch needed,"INC blocks bank financing; ACER vs BRICKWORK: faster, more responsive, India-focused"
South India Paper Mills Ltd.,Non-fund-based financial facility/instrument,ICRA,A 4,18-02-2026,LOW,Y,Manufacturing,INC with ICRA — not cooperating; switch needed,"INC blocks bank financing; ACER vs ICRA: faster, more responsive, India-focused"
Kirtiman Cements & Packaging Inds. Ltd.,Term loans,BRICKWORK,D,18-02-2026,LOW,Y,Manufacturing,INC with BRICKWORK — not cooperating; switch needed,"INC blocks bank financing; ACER vs BRICKWORK: faster, more responsive, India-focused"
Technobit Industries Pvt. Ltd.,Term loans,CARE,B-,17-02-2026,LOW,Y,Manufacturing,INC with CARE — not cooperating; switch needed,"INC blocks bank financing; ACER vs CARE: faster, more responsive, India-focused"
M N C Electricals Pvt. Ltd.,Bank Guarantee,CRISIL,A 4,23-02-2026,LOW,Y,Manufacturing,INC with CRISIL — not cooperating; switch needed,"INC blocks bank financing; ACER vs CRISIL: faster, more responsive, India-focused"
P M C Rubber Chemicals India Pvt. Ltd.,Bank Guarantee,CRISIL,A 4,23-02-2026,LOW,Y,Manufacturing,INC with CRISIL — not cooperating; switch needed,"INC blocks bank financing; ACER vs CRISIL: faster, more responsive, India-focused"
Shivpriya Cables Pvt. Ltd.,Bank Guarantee,ACUITE,D,20-02-2026,LOW,Y,Manufacturing,INC with ACUITE — not cooperating; switch needed,"INC blocks bank financing; ACER vs ACUITE: faster, more responsive, India-focused"
Triveni Pattern Glass Pvt. Ltd.,Non-government debt,CARE,BB/A4,20-02-2026,LOW,Y,Manufacturing,INC with CARE — not cooperating; switch needed,"INC blocks bank financing; ACER vs CARE: faster, more responsive, India-focused"
Sri K P R Industries Ltd.,Non-fund-based financial facility/instrument,ICRA,A 4,13-02-2026,LOW,Y,Manufacturing,INC with ICRA — not cooperating; switch needed,"INC blocks bank financing; ACER vs ICRA: faster, more responsive, India-focused"
Sai Sudha Motors Pvt. Ltd.,Fund based financial facility/instrument,CRISIL,BBB-,13-02-2026,LOW,Y,Manufacturing,INC with CRISIL — not cooperating; switch needed,"INC blocks bank financing; ACER vs CRISIL: faster, more responsive, India-focused"
Kuber Casting Pvt. Ltd.,Non-government debt,CARE,B-/A4,12-02-2026,LOW,Y,Manufacturing,INC with CARE — not cooperating; switch needed,"INC blocks bank financing; ACER vs CARE: faster, more responsive, India-focused"
Supreme Paper Mills Ltd.,Bank Guarantee,CARE,A 4,12-02-2026,LOW,Y,Manufacturing,INC with CARE — not cooperating; switch needed,"INC blocks bank financing; ACER vs CARE: faster, more responsive, India-focused"
Rotocast Industries Ltd.,Long term Loans,CRISIL,B,19-02-2026,LOW,Y,Manufacturing,INC with CRISIL — not cooperating; switch needed,"INC blocks bank financing; ACER vs CRISIL: faster, more responsive, India-focused"
Realply Industries Pvt. Ltd.,Term loans,CRISIL,B,19-02-2026,LOW,Y,Manufacturing,INC with CRISIL — not cooperating; switch needed,"INC blocks bank financing; ACER vs CRISIL: faster, more responsive, India-focused"
Jayesh Industries Ltd.,Non-government debt,BRICKWORK,C,19-02-2026,LOW,Y,Manufacturing,INC with BRICKWORK — not cooperating; switch needed,"INC blocks bank financing; ACER vs BRICKWORK: faster, more responsive, India-focused"
Rangoli Industries Pvt. Ltd.,Bank Guarantee,BRICKWORK,A 4,19-02-2026,LOW,Y,Manufacturing,INC with BRICKWORK — not cooperating; switch needed,"INC blocks bank financing; ACER vs BRICKWORK: faster, more responsive, India-focused"
Kalika Steel Alloys Pvt. Ltd.,Letter Of credit,CARE,A 4,11-02-2026,LOW,Y,Manufacturing,INC with CARE — not cooperating; switch needed,"INC blocks bank financing; ACER vs CARE: faster, more responsive, India-focused"
Nash Robotics & Automation Pvt. Ltd.,Bank Guarantee,ACUITE,A 4,10-02-2026,LOW,Y,Manufacturing,INC with ACUITE — not cooperating; switch needed,"INC blocks bank financing; ACER vs ACUITE: faster, more responsive, India-focused"
Seam Industries Ltd.,Bank Guarantee,CARE,D,10-02-2026,LOW,Y,Manufacturing,INC with CARE — not cooperating; switch needed,"INC blocks bank financing; ACER vs CARE: faster, more responsive, India-focused"
Anil Engineering Pvt. Ltd.,Term loans,CRISIL,B-,10-02-2026,LOW,Y,Manufacturing,INC with CRISIL — not cooperating; switch needed,"INC blocks bank financing; ACER vs CRISIL: faster, more responsive, India-focused"
Valencia Ceramic Pvt. Ltd.,Non-fund-based financial facility/instrument,ICRA,A 4,16-02-2026,LOW,Y,Manufacturing,INC with ICRA — not cooperating; switch needed,"INC blocks bank financing; ACER vs ICRA: faster, more responsive, India-focused"
Pack Paper Agencies Pvt. Ltd.,Non-government debt,CARE,B-/A4,16-02-2026,LOW,Y,Manufacturing,INC with CARE — not cooperating; switch needed,"INC blocks bank financing; ACER vs CARE: faster, more responsive, India-focused"
Addi Alloys Pvt. Ltd.,Non-fund-based financial facility/instrument,ICRA,A 4,16-02-2026,LOW,Y,Manufacturing,INC with ICRA — not cooperating; switch needed,"INC blocks bank financing; ACER vs ICRA: faster, more responsive, India-focused"
Sudarshan Auto Electrical Components Pvt. Ltd.,Letter Of credit,BRICKWORK,A 4,13-02-2026,LOW,Y,Manufacturing,INC with BRICKWORK — not cooperating; switch needed,"INC blocks bank financing; ACER vs BRICKWORK: faster, more responsive, India-focused"
Millennium Automation Systems Ltd.,Long term Loans,CRISIL,B,26-02-2026,LOW,Y,Manufacturing,INC with CRISIL — not cooperating; switch needed,"INC blocks bank financing; ACER vs CRISIL: faster, more responsive, India-focused"
Nalari Ferro Alloys Pvt. Ltd.,Non-fund-based financial facility/instrument,ICRA,A 4,26-02-2026,LOW,Y,Manufacturing,INC with ICRA — not cooperating; switch needed,"INC blocks bank financing; ACER vs ICRA: faster, more responsive, India-focused"
A K Soni Hosiery Mills Pvt. Ltd.,Term loans,BRICKWORK,D,26-02-2026,LOW,Y,Manufacturing,INC with BRICKWORK — not cooperating; switch needed,"INC blocks bank financing; ACER vs BRICKWORK: faster, more responsive, India-focused"
B T W-Atlanta Transformers India Pvt. Ltd.,Non-government debt,CARE,C/A4,26-02-2026,LOW,Y,Manufacturing,INC with CARE — not cooperating; switch needed,"INC blocks bank financing; ACER vs CARE: faster, more responsive, India-focused"
Huhtamaki Foodservice Packaging India Pvt. Ltd.,Term loans,CARE,C,12-02-2026,LOW,Y,Manufacturing,INC with CARE — not cooperating; switch needed,"INC blocks bank financing; ACER vs CARE: faster, more responsive, India-focused"
Shree Automotive Pvt. Ltd.,Fund based financial facility/instrument,CARE,B,12-02-2026,LOW,Y,Manufacturing,INC with CARE — not cooperating; switch needed,"INC blocks bank financing; ACER vs CARE: faster, more responsive, India-focused"
Paramount Automotives Pvt. Ltd.,Fund based financial facility/instrument,CARE,B-,12-02-2026,LOW,Y,Manufacturing,INC with CARE — not cooperating; switch needed,"INC blocks bank financing; ACER vs CARE: faster, more responsive, India-focused"
Sarvesh Cars & Motors Pvt. Ltd.,Term loans,ICRA,B+,11-02-2026,LOW,Y,Manufacturing,INC with ICRA — not cooperating; switch needed,"INC blocks bank financing; ACER vs ICRA: faster, more responsive, India-focused"
Gemstone Glass Pvt. Ltd.,Long term Loans,CRISIL,D,25-02-2026,LOW,Y,Manufacturing,INC with CRISIL — not cooperating; switch needed,"INC blocks bank financing; ACER vs CRISIL: faster, more responsive, India-focused"
Kudu Industries Ltd.,Term loans,CARE,B-,25-02-2026,LOW,Y,Manufacturing,INC with CARE — not cooperating; switch needed,"INC blocks bank financing; ACER vs CARE: faster, more responsive, India-focused"
Hercules Plastic Pvt. Ltd.,Term loans,CRISIL,B,25-02-2026,LOW,Y,Manufacturing,INC with CRISIL — not cooperating; switch needed,"INC blocks bank financing; ACER vs CRISIL: faster, more responsive, India-focused"
Sunalco Alloys Pvt. Ltd.,Non-government debt,CARE,BB-/A4,25-02-2026,LOW,Y,Manufacturing,INC with CARE — not cooperating; switch needed,"INC blocks bank financing; ACER vs CARE: faster, more responsive, India-focused"
Crescent Auto Repairs & Services India Pvt. Ltd.,Long term Loans,CRISIL,B,26-02-2026,LOW,Y,Manufacturing,INC with CRISIL — not cooperating; switch needed,"INC blocks bank financing; ACER vs CRISIL: faster, more responsive, India-focused"
Patel Motors (Indore) Pvt. Ltd.,Fund based financial facility/instrument,CRISIL,B,26-02-2026,LOW,Y,Manufacturing,INC with CRISIL — not cooperating; switch needed,"INC blocks bank financing; ACER vs CRISIL: faster, more responsive, India-focused"
Sun Metallics & Alloys Pvt. Ltd. [Merged],Non-fund-based financial facility/instrument,ICRA,A 4,26-02-2026,LOW,Y,Manufacturing,INC with ICRA — not cooperating; switch needed,"INC blocks bank financing; ACER vs ICRA: faster, more responsive, India-focused"
P N P Engineering Works Pvt. Ltd.,Term loans,CRISIL,B,26-02-2026,LOW,Y,Manufacturing,INC with CRISIL — not cooperating; switch needed,"INC blocks bank financing; ACER vs CRISIL: faster, more responsive, India-focused"
Tanya Automobiles Pvt. Ltd.,Bank Guarantee,BRICKWORK,A 4,24-02-2026,LOW,Y,Manufacturing,INC with BRICKWORK — not cooperating; switch needed,"INC blocks bank financing; ACER vs BRICKWORK: faster, more responsive, India-focused"
Milton Industries Ltd.,Bank Guarantee,ACUITE,A 4,24-02-2026,LOW,Y,Manufacturing,INC with ACUITE — not cooperating; switch needed,"INC blocks bank financing; ACER vs ACUITE: faster, more responsive, India-focused"
Gati Motors Pvt. Ltd.,Term loans,ACUITE,B-,24-02-2026,LOW,Y,Manufacturing,INC with ACUITE — not cooperating; switch needed,"INC blocks bank financing; ACER vs ACUITE: faster, more responsive, India-focused"
Swajit Engineering Pvt. Ltd.,Term loans,BRICKWORK,C,24-02-2026,LOW,Y,Manufacturing,INC with BRICKWORK — not cooperating; switch needed,"INC blocks bank financing; ACER vs BRICKWORK: faster, more responsive, India-focused"
Sabarmati Papers Pvt. Ltd.,Term loans,CRISIL,B,26-02-2026,LOW,Y,Manufacturing,INC with CRISIL — not cooperating; switch needed,"INC blocks bank financing; ACER vs CRISIL: faster, more responsive, India-focused"
Shashank Auto Pvt. Ltd.,Term loans,CRISIL,B,26-02-2026,LOW,Y,Manufacturing,INC with CRISIL — not cooperating; switch needed,"INC blocks bank financing; ACER vs CRISIL: faster, more responsive, India-focused"
Sree Ramakrishna Alloys Pvt. Ltd.,Letter Of credit,BRICKWORK,D,25-02-2026,LOW,Y,Manufacturing,INC with BRICKWORK — not cooperating; switch needed,"INC blocks bank financing; ACER vs BRICKWORK: faster, more responsive, India-focused"
H K S Automobiles Pvt. Ltd.,Term loans,CRISIL,B,25-02-2026,LOW,Y,Manufacturing,INC with CRISIL — not cooperating; switch needed,"INC blocks bank financing; ACER vs CRISIL: faster, more responsive, India-focused"
Indraprastha Automobiles Pvt. Ltd.,Non-fund-based financial facility/instrument,ICRA,A 4,23-02-2026,LOW,Y,Manufacturing,INC with ICRA — not cooperating; switch needed,"INC blocks bank financing; ACER vs ICRA: faster, more responsive, India-focused"
K G Iron & Steel Castings Pvt. Ltd.,Long term Loans,CRISIL,B-,23-02-2026,LOW,Y,Manufacturing,INC with CRISIL — not cooperating; switch needed,"INC blocks bank financing; ACER vs CRISIL: faster, more responsive, India-focused"
Triveni Wires Pvt. Ltd.,Term loans,CARE,B-,23-02-2026,LOW,Y,Manufacturing,INC with CARE — not cooperating; switch needed,"INC blocks bank financing; ACER vs CARE: faster, more responsive, India-focused"
Manoj Cables Ltd.,Bank Guarantee,CRISIL,D,23-02-2026,LOW,Y,Manufacturing,INC with CRISIL — not cooperating; switch needed,"INC blocks bank financing; ACER vs CRISIL: faster, more responsive, India-focused"
Jai Ambey Wire Pvt. Ltd.,Term loans,CRISIL,B,25-02-2026,LOW,Y,Manufacturing,INC with CRISIL — not cooperating; switch needed,"INC blocks bank financing; ACER vs CRISIL: faster, more responsive, India-focused"
G G F Industries Pvt. Ltd.,Term loans,BRICKWORK,C,25-02-2026,LOW,Y,Manufacturing,INC with BRICKWORK — not cooperating; switch needed,"INC blocks bank financing; ACER vs BRICKWORK: faster, more responsive, India-focused"
Waryam Steel Castings Pvt. Ltd.,Letter Of credit,CRISIL,A 4,25-02-2026,LOW,Y,Manufacturing,INC with CRISIL — not cooperating; switch needed,"INC blocks bank financing; ACER vs CRISIL: faster, more responsive, India-focused"
Hemani Industries Ltd.,Term loans,ICRA,BB+,25-02-2026,LOW,Y,Manufacturing,INC with ICRA — not cooperating; switch needed,"INC blocks bank financing; ACER vs ICRA: faster, more responsive, India-focused"
S R M Motors Pvt. Ltd.,Term loans,CARE,BB-,02-03-2026,LOW,Y,Manufacturing,INC with CARE — not cooperating; switch needed,"INC blocks bank financing; ACER vs CARE: faster, more responsive, India-focused"
Bothra Metals & Alloys Ltd.,Term loans,ACUITE,D,02-03-2026,LOW,Y,Manufacturing,INC with ACUITE — not cooperating; switch needed,"INC blocks bank financing; ACER vs ACUITE: faster, more responsive, India-focused"
Arek Industries Pvt. Ltd.,Term loans,CARE,B-,02-03-2026,LOW,Y,Manufacturing,INC with CARE — not cooperating; switch needed,"INC blocks bank financing; ACER vs CARE: faster, more responsive, India-focused"
Jammu Pigments Ltd.,Non-fund-based financial facility/instrument,BRICKWORK,A 4,02-03-2026,LOW,Y,Manufacturing,INC with BRICKWORK — not cooperating; switch needed,"INC blocks bank financing; ACER vs BRICKWORK: faster, more responsive, India-focused"
Polymech Components Pvt. Ltd.,Term loans,CARE,B-,24-02-2026,LOW,Y,Manufacturing,INC with CARE — not cooperating; switch needed,"INC blocks bank financing; ACER vs CARE: faster, more responsive, India-focused"
Spectra Motors Ltd.,Term loans,CRISIL,D,23-02-2026,LOW,Y,Manufacturing,INC with CRISIL — not cooperating; switch needed,"INC blocks bank financing; ACER vs CRISIL: faster, more responsive, India-focused"
Marudhar Industries Ltd.,Letter Of credit,CRISIL,A 4,23-02-2026,LOW,Y,Manufacturing,INC with CRISIL — not cooperating; switch needed,"INC blocks bank financing; ACER vs CRISIL: faster, more responsive, India-focused"
Northern Motors Pvt. Ltd.,Fund based financial facility/instrument,CRISIL,A 4,23-02-2026,LOW,Y,Manufacturing,INC with CRISIL — not cooperating; switch needed,"INC blocks bank financing; ACER vs CRISIL: faster, more responsive, India-focused"
Vega Auto Accessories Ltd.,Bank Guarantee,CRISIL,A 4,28-02-2026,LOW,Y,Manufacturing,INC with CRISIL — not cooperating; switch needed,"INC blocks bank financing; ACER vs CRISIL: faster, more responsive, India-focused"
Y M Motors Pvt. Ltd.,Term loans,CRISIL,B-,28-02-2026,LOW,Y,Manufacturing,INC with CRISIL — not cooperating; switch needed,"INC blocks bank financing; ACER vs CRISIL: faster, more responsive, India-focused"
Sayaji Packaging Pvt. Ltd.,Non-fund-based financial facility/instrument,CRISIL,A 4,28-02-2026,LOW,Y,Manufacturing,INC with CRISIL — not cooperating; switch needed,"INC blocks bank financing; ACER vs CRISIL: faster, more responsive, India-focused"
Associated Ceramics Ltd.,Bank Guarantee,CRISIL,A 4,28-02-2026,LOW,Y,Manufacturing,INC with CRISIL — not cooperating; switch needed,"INC blocks bank financing; ACER vs CRISIL: faster, more responsive, India-focused"
Maa Kali Alloys Udyog Pvt. Ltd.,Term loans,BRICKWORK,C,05-03-2026,LOW,Y,Manufacturing,INC with BRICKWORK — not cooperating; switch needed,"INC blocks bank financing; ACER vs BRICKWORK: faster, more responsive, India-focused"
Prateek Apparels Pvt. Ltd.,Non-government debt,IND-RA,D,04-03-2026,LOW,Y,Manufacturing,INC with IND-RA — not cooperating; switch needed,"INC blocks bank financing; ACER vs IND-RA: faster, more responsive, India-focused"
R S K Industries Pvt. Ltd.,Non-fund-based financial facility/instrument,CARE,A 4,04-03-2026,LOW,Y,Manufacturing,INC with CARE — not cooperating; switch needed,"INC blocks bank financing; ACER vs CARE: faster, more responsive, India-focused"
Sree Lakshmi Printing & Packaging Pvt. Ltd.,Term loans,BRICKWORK,D,04-03-2026,LOW,Y,Manufacturing,INC with BRICKWORK — not cooperating; switch needed,"INC blocks bank financing; ACER vs BRICKWORK: faster, more responsive, India-focused"
Balaji Oil Industries Pvt. Ltd.,Non-government debt,IND-RA,B-/A4,27-02-2026,LOW,Y,Manufacturing,INC with IND-RA — not cooperating; switch needed,"INC blocks bank financing; ACER vs IND-RA: faster, more responsive, India-focused"
Sesha Sayee Knittings Pvt. Ltd.,Long term Loans,CRISIL,B,27-02-2026,LOW,Y,Manufacturing,INC with CRISIL — not cooperating; switch needed,"INC blocks bank financing; ACER vs CRISIL: faster, more responsive, India-focused"
Vishal Papertech (India) Ltd.,Term loans,CRISIL,B,27-02-2026,LOW,Y,Manufacturing,INC with CRISIL — not cooperating; switch needed,"INC blocks bank financing; ACER vs CRISIL: faster, more responsive, India-focused"
Secure Industries Pvt. Ltd.,Term loans,ICRA,B+,27-02-2026,LOW,Y,Manufacturing,INC with ICRA — not cooperating; switch needed,"INC blocks bank financing; ACER vs ICRA: faster, more responsive, India-focused"
Shree Badri Kedar Papers Pvt. Ltd.,Term loans,BRICKWORK,D,02-03-2026,LOW,Y,Manufacturing,INC with BRICKWORK — not cooperating; switch needed,"INC blocks bank financing; ACER vs BRICKWORK: faster, more responsive, India-focused"
Primex Plastics Pvt. Ltd.,Term loans,CRISIL,B,02-03-2026,LOW,Y,Manufacturing,INC with CRISIL — not cooperating; switch needed,"INC blocks bank financing; ACER vs CRISIL: faster, more responsive, India-focused"
Zulaikha Motors Pvt. Ltd.,Term loans,CRISIL,D,28-02-2026,LOW,Y,Manufacturing,INC with CRISIL — not cooperating; switch needed,"INC blocks bank financing; ACER vs CRISIL: faster, more responsive, India-focused"
Vijay Iron Foundry Pvt. Ltd.,Letter Of credit,CRISIL,A 4,28-02-2026,LOW,Y,Manufacturing,INC with CRISIL — not cooperating; switch needed,"INC blocks bank financing; ACER vs CRISIL: faster, more responsive, India-focused"
N C S Auto Hub Pvt. Ltd.,Long term Loans,CRISIL,D,27-02-2026,LOW,Y,Manufacturing,INC with CRISIL — not cooperating; switch needed,"INC blocks bank financing; ACER vs CRISIL: faster, more responsive, India-focused"
Relan Motors Pvt. Ltd.,Fund based financial facility/instrument,CRISIL,B,27-02-2026,LOW,Y,Manufacturing,INC with CRISIL — not cooperating; switch needed,"INC blocks bank financing; ACER vs CRISIL: faster, more responsive, India-focused"
Sree Sudheer Ceramics Pvt. Ltd.,Short-term loan,ICRA,A 4,27-02-2026,LOW,Y,Manufacturing,INC with ICRA — not cooperating; switch needed,"INC blocks bank financing; ACER vs ICRA: faster, more responsive, India-focused"
Raghuvanshi Industries Pvt. Ltd.,Long term Loans,CRISIL,D,27-02-2026,LOW,Y,Manufacturing,INC with CRISIL — not cooperating; switch needed,"INC blocks bank financing; ACER vs CRISIL: faster, more responsive, India-focused"
Prakash Auto Pvt. Ltd.,Fund based financial facility/instrument,CRISIL,B,27-02-2026,LOW,Y,Manufacturing,INC with CRISIL — not cooperating; switch needed,"INC blocks bank financing; ACER vs CRISIL: faster, more responsive, India-focused"
Shakumbhri Pulp & Paper Mills Ltd.,Long term Loans,CRISIL,B,27-02-2026,LOW,Y,Manufacturing,INC with CRISIL — not cooperating; switch needed,"INC blocks bank financing; ACER vs CRISIL: faster, more responsive, India-focused"
D L A Industries Pvt. Ltd.,Term loans,CRISIL,D,27-02-2026,LOW,Y,Manufacturing,INC with CRISIL — not cooperating; switch needed,"INC blocks bank financing; ACER vs CRISIL: faster, more responsive, India-focused"
K C K Industries Ltd.,Long term Loans,CRISIL,B,27-02-2026,LOW,Y,Manufacturing,INC with CRISIL — not cooperating; switch needed,"INC blocks bank financing; ACER vs CRISIL: faster, more responsive, India-focused"
Federal Agro Industries Pvt. Ltd.,Long term Loans,CRISIL,B,12-03-2026,LOW,Y,Manufacturing,INC with CRISIL — not cooperating; switch needed,"INC blocks bank financing; ACER vs CRISIL: faster, more responsive, India-focused"
Dynatech Industries Pvt. Ltd.,Long term Loans,CRISIL,B,12-03-2026,LOW,Y,Manufacturing,INC with CRISIL — not cooperating; switch needed,"INC blocks bank financing; ACER vs CRISIL: faster, more responsive, India-focused"
Suich Industries Ltd.,Non-fund-based financial facility/instrument,BRICKWORK,D,12-03-2026,LOW,Y,Manufacturing,INC with BRICKWORK — not cooperating; switch needed,"INC blocks bank financing; ACER vs BRICKWORK: faster, more responsive, India-focused"
Jimcap Electronics Pvt. Ltd.,Non-government debt,CARE,BB/A4,11-03-2026,LOW,Y,Manufacturing,INC with CARE — not cooperating; switch needed,"INC blocks bank financing; ACER vs CARE: faster, more responsive, India-focused"
Spentagon Ceramic Pvt. Ltd.,Bank Guarantee,CRISIL,A 4,27-02-2026,LOW,Y,Manufacturing,INC with CRISIL — not cooperating; switch needed,"INC blocks bank financing; ACER vs CRISIL: faster, more responsive, India-focused"
Theme Engineering Services Pvt. Ltd.,Bank Guarantee,ACUITE,A 4,27-02-2026,LOW,Y,Manufacturing,INC with ACUITE — not cooperating; switch needed,"INC blocks bank financing; ACER vs ACUITE: faster, more responsive, India-focused"
Veekayem Fashion & Apparels Ltd.,Letter Of credit,CRISIL,A 4,27-02-2026,LOW,Y,Manufacturing,INC with CRISIL — not cooperating; switch needed,"INC blocks bank financing; ACER vs CRISIL: faster, more responsive, India-focused"
Shri Ram Wire Products Pvt. Ltd.,Long term Loans,CRISIL,B,27-02-2026,LOW,Y,Manufacturing,INC with CRISIL — not cooperating; switch needed,"INC blocks bank financing; ACER vs CRISIL: faster, more responsive, India-focused"
Venkateswara Electrical Inds. Pvt. Ltd.,Bank Guarantee,CRISIL,A 4+,11-03-2026,LOW,Y,Manufacturing,INC with CRISIL — not cooperating; switch needed,"INC blocks bank financing; ACER vs CRISIL: faster, more responsive, India-focused"
Auto Profiles Ltd.,Long term Loans,CRISIL,B,11-03-2026,LOW,Y,Manufacturing,INC with CRISIL — not cooperating; switch needed,"INC blocks bank financing; ACER vs CRISIL: faster, more responsive, India-focused"
Machino Plastics Ltd.,Non-government debt,ICRA,BB+/A4+,11-03-2026,LOW,Y,Manufacturing,INC with ICRA — not cooperating; switch needed,"INC blocks bank financing; ACER vs ICRA: faster, more responsive, India-focused"
Vidyut Urja Equipments Pvt. Ltd.,Bank Guarantee,CRISIL,A 4,11-03-2026,LOW,Y,Manufacturing,INC with CRISIL — not cooperating; switch needed,"INC blocks bank financing; ACER vs CRISIL: faster, more responsive, India-focused"
Aruna Alloy Steels Pvt. Ltd.,Term loans,CRISIL,B,13-03-2026,LOW,Y,Manufacturing,INC with CRISIL — not cooperating; switch needed,"INC blocks bank financing; ACER vs CRISIL: faster, more responsive, India-focused"
Brand Alloys Pvt. Ltd.,Bank Guarantee,BRICKWORK,A 4,13-03-2026,LOW,Y,Manufacturing,INC with BRICKWORK — not cooperating; switch needed,"INC blocks bank financing; ACER vs BRICKWORK: faster, more responsive, India-focused"
Accurate Steel Forgings (India) Ltd.,Term loans,CRISIL,B,12-03-2026,LOW,Y,Manufacturing,INC with CRISIL — not cooperating; switch needed,"INC blocks bank financing; ACER vs CRISIL: faster, more responsive, India-focused"
Eram Motors Pvt. Ltd.,Long term Loans,CRISIL,B,12-03-2026,LOW,Y,Manufacturing,INC with CRISIL — not cooperating; switch needed,"INC blocks bank financing; ACER vs CRISIL: faster, more responsive, India-focused"
Shailja Papers Ltd.,Letter Of credit,BRICKWORK,A 4,10-03-2026,LOW,Y,Manufacturing,INC with BRICKWORK — not cooperating; switch needed,"INC blocks bank financing; ACER vs BRICKWORK: faster, more responsive, India-focused"
Randhawa Automobile Engg. Pvt. Ltd.,Fund based financial facility/instrument,CRISIL,B,10-03-2026,LOW,Y,Manufacturing,INC with CRISIL — not cooperating; switch needed,"INC blocks bank financing; ACER vs CRISIL: faster, more responsive, India-focused"
Hema Dyeing & Printing Mills Pvt. Ltd.,Bank Guarantee,CARE,A 4,10-03-2026,LOW,Y,Manufacturing,INC with CARE — not cooperating; switch needed,"INC blocks bank financing; ACER vs CARE: faster, more responsive, India-focused"
Jyote Motors Pvt. Ltd.,Term loans,CARE,D,09-03-2026,LOW,Y,Manufacturing,INC with CARE — not cooperating; switch needed,"INC blocks bank financing; ACER vs CARE: faster, more responsive, India-focused"
Jodhani Papers Pvt. Ltd.,Term loans,IND-RA,BBB,11-03-2026,LOW,Y,Manufacturing,INC with IND-RA — not cooperating; switch needed,"INC blocks bank financing; ACER vs IND-RA: faster, more responsive, India-focused"
Arisudana Industries Ltd.,Term loans,CRISIL,B,11-03-2026,LOW,Y,Manufacturing,INC with CRISIL — not cooperating; switch needed,"INC blocks bank financing; ACER vs CRISIL: faster, more responsive, India-focused"
Ovis Equipments Pvt. Ltd.,Non-fund-based financial facility/instrument,ICRA,B+,11-03-2026,LOW,Y,Manufacturing,INC with ICRA — not cooperating; switch needed,"INC blocks bank financing; ACER vs ICRA: faster, more responsive, India-focused"
Archis Packaging (India) Pvt. Ltd.,Long term Loans,CRISIL,D,11-03-2026,LOW,Y,Manufacturing,INC with CRISIL — not cooperating; switch needed,"INC blocks bank financing; ACER vs CRISIL: faster, more responsive, India-focused"
Cygnet Industries Ltd.,Bank Guarantee,BRICKWORK,A 4,06-03-2026,LOW,Y,Manufacturing,INC with BRICKWORK — not cooperating; switch needed,"INC blocks bank financing; ACER vs BRICKWORK: faster, more responsive, India-focused"
Dynamic (C G) Equipments Pvt. Ltd.,Fund based financial facility/instrument,CARE,D,05-03-2026,LOW,Y,Manufacturing,INC with CARE — not cooperating; switch needed,"INC blocks bank financing; ACER vs CARE: faster, more responsive, India-focused"
Etco Industries Pvt. Ltd.,Bank Guarantee,CARE,D,05-03-2026,LOW,Y,Manufacturing,INC with CARE — not cooperating; switch needed,"INC blocks bank financing; ACER vs CARE: faster, more responsive, India-focused"
Voltech Manufacturing Co. Pvt. Ltd.,Fund based financial facility/instrument,BRICKWORK,BB-,05-03-2026,LOW,Y,Manufacturing,INC with BRICKWORK — not cooperating; switch needed,"INC blocks bank financing; ACER vs BRICKWORK: faster, more responsive, India-focused"
Jagrut Motors Pvt. Ltd.,Bank Guarantee,BRICKWORK,A 4,10-03-2026,LOW,Y,Manufacturing,INC with BRICKWORK — not cooperating; switch needed,"INC blocks bank financing; ACER vs BRICKWORK: faster, more responsive, India-focused"
Jaideep Metallics & Alloys Pvt. Ltd.,Bank Guarantee,CARE,A 4,10-03-2026,LOW,Y,Manufacturing,INC with CARE — not cooperating; switch needed,"INC blocks bank financing; ACER vs CARE: faster, more responsive, India-focused"
Ganga Papers India Ltd.,Non-government debt,ICRA,B+/A4,10-03-2026,LOW,Y,Manufacturing,INC with ICRA — not cooperating; switch needed,"INC blocks bank financing; ACER vs ICRA: faster, more responsive, India-focused"
Indexone Industries Ltd.,Letter Of credit,CRISIL,A 4,10-03-2026,LOW,Y,Manufacturing,INC with CRISIL — not cooperating; switch needed,"INC blocks bank financing; ACER vs CRISIL: faster, more responsive, India-focused"
Kisco Castings (India) Ltd.,Term loans,CRISIL,B,20-03-2026,LOW,Y,Manufacturing,INC with CRISIL — not cooperating; switch needed,"INC blocks bank financing; ACER vs CRISIL: faster, more responsive, India-focused"
Eakansh Motors Pvt. Ltd.,Fund based financial facility/instrument,CRISIL,B,20-03-2026,LOW,Y,Manufacturing,INC with CRISIL — not cooperating; switch needed,"INC blocks bank financing; ACER vs CRISIL: faster, more responsive, India-focused"
Reliable Automotive Pvt. Ltd.,Fund based financial facility/instrument,CRISIL,B,20-03-2026,LOW,Y,Manufacturing,INC with CRISIL — not cooperating; switch needed,"INC blocks bank financing; ACER vs CRISIL: faster, more responsive, India-focused"
Dembla Valves Ltd.,Bank Guarantee,CARE,A 4+,19-03-2026,LOW,Y,Manufacturing,INC with CARE — not cooperating; switch needed,"INC blocks bank financing; ACER vs CARE: faster, more responsive, India-focused"
Miku Polymers & Plastics Ltd.,Fund based financial facility/instrument,BRICKWORK,D,09-03-2026,LOW,Y,Manufacturing,INC with BRICKWORK — not cooperating; switch needed,"INC blocks bank financing; ACER vs BRICKWORK: faster, more responsive, India-focused"
Cottage Industries Exposition Ltd.,Term loans,CARE,B+,09-03-2026,LOW,Y,Manufacturing,INC with CARE — not cooperating; switch needed,"INC blocks bank financing; ACER vs CARE: faster, more responsive, India-focused"
Pavan Motors Pvt. Ltd.,Fund based financial facility/instrument,CRISIL,B,09-03-2026,LOW,Y,Manufacturing,INC with CRISIL — not cooperating; switch needed,"INC blocks bank financing; ACER vs CRISIL: faster, more responsive, India-focused"
Electronics Corpn. Of Tamil Nadu Ltd.,Term loans,IND-RA,A,09-03-2026,LOW,Y,Manufacturing,INC with IND-RA — not cooperating; switch needed,"INC blocks bank financing; ACER vs IND-RA: faster, more responsive, India-focused"
K S Motors Pvt. Ltd.,Fund based financial facility/instrument,CRISIL,B,18-03-2026,LOW,Y,Manufacturing,INC with CRISIL — not cooperating; switch needed,"INC blocks bank financing; ACER vs CRISIL: faster, more responsive, India-focused"
Himson Engineering Pvt. Ltd.,Letter Of credit,CRISIL,A 4,18-03-2026,LOW,Y,Manufacturing,INC with CRISIL — not cooperating; switch needed,"INC blocks bank financing; ACER vs CRISIL: faster, more responsive, India-focused"
Jainalco Industries Ltd.,Term loans,ICRA,B+,18-03-2026,LOW,Y,Manufacturing,INC with ICRA — not cooperating; switch needed,"INC blocks bank financing; ACER vs ICRA: faster, more responsive, India-focused"
Spectra Industries Ltd.,Letter Of credit,BRICKWORK,D,17-03-2026,LOW,Y,Manufacturing,INC with BRICKWORK — not cooperating; switch needed,"INC blocks bank financing; ACER vs BRICKWORK: faster, more responsive, India-focused"
A F P Manufacturing Co. Pvt. Ltd.,Term loans,ACUITE,BB-,23-03-2026,LOW,Y,Manufacturing,INC with ACUITE — not cooperating; switch needed,"INC blocks bank financing; ACER vs ACUITE: faster, more responsive, India-focused"
Krypton Industries Ltd.,Term loans,CRISIL,B,23-03-2026,LOW,Y,Manufacturing,INC with CRISIL — not cooperating; switch needed,"INC blocks bank financing; ACER vs CRISIL: faster, more responsive, India-focused"
L T K Industries Pvt. Ltd.,Term loans,CRISIL,B,20-03-2026,LOW,Y,Manufacturing,INC with CRISIL — not cooperating; switch needed,"INC blocks bank financing; ACER vs CRISIL: faster, more responsive, India-focused"
Kannappan Alloy & Steel Co. Pvt. Ltd.,Letter Of credit,CRISIL,A 4,20-03-2026,LOW,Y,Manufacturing,INC with CRISIL — not cooperating; switch needed,"INC blocks bank financing; ACER vs CRISIL: faster, more responsive, India-focused"
Nikita Industries Pvt. Ltd.,Term loans,CRISIL,B,17-03-2026,LOW,Y,Manufacturing,INC with CRISIL — not cooperating; switch needed,"INC blocks bank financing; ACER vs CRISIL: faster, more responsive, India-focused"
Mahadev Motors Pvt. Ltd.,Fund based financial facility/instrument,CRISIL,B,17-03-2026,LOW,Y,Manufacturing,INC with CRISIL — not cooperating; switch needed,"INC blocks bank financing; ACER vs CRISIL: faster, more responsive, India-focused"
Kiwi Alloys Ltd.,Long term Loans,CRISIL,B,17-03-2026,LOW,Y,Manufacturing,INC with CRISIL — not cooperating; switch needed,"INC blocks bank financing; ACER vs CRISIL: faster, more responsive, India-focused"
Tiruchirapalli Engineering & Technology Cluster,Term loans,BRICKWORK,D,16-03-2026,LOW,Y,Manufacturing,INC with BRICKWORK — not cooperating; switch needed,"INC blocks bank financing; ACER vs BRICKWORK: faster, more responsive, India-focused"
Winfab Equipments Pvt. Ltd.,Non-fund-based financial facility/instrument,ICRA,A 4,19-03-2026,LOW,Y,Manufacturing,INC with ICRA — not cooperating; switch needed,"INC blocks bank financing; ACER vs ICRA: faster, more responsive, India-focused"
Gina Engineering Co. Pvt. Ltd.,Non-government debt,ICRA,BB+/A4+,19-03-2026,LOW,Y,Manufacturing,INC with ICRA — not cooperating; switch needed,"INC blocks bank financing; ACER vs ICRA: faster, more responsive, India-focused"
K B K Chem-Engineering Pvt. Ltd.,Non-fund-based financial facility/instrument,ICRA,A 4,19-03-2026,LOW,Y,Manufacturing,INC with ICRA — not cooperating; switch needed,"INC blocks bank financing; ACER vs ICRA: faster, more responsive, India-focused"
Kama Metal & Alloys Pvt. Ltd.,Long term Loans,CRISIL,D,18-03-2026,LOW,Y,Manufacturing,INC with CRISIL — not cooperating; switch needed,"INC blocks bank financing; ACER vs CRISIL: faster, more responsive, India-focused"
Kay Bouvet Engineering Ltd.,Non-fund-based financial facility/instrument,ICRA,D,13-03-2026,LOW,Y,Manufacturing,INC with ICRA — not cooperating; switch needed,"INC blocks bank financing; ACER vs ICRA: faster, more responsive, India-focused"
Gajra Gears Pvt. Ltd.,Term loans,BRICKWORK,D,13-03-2026,LOW,Y,Manufacturing,INC with BRICKWORK — not cooperating; switch needed,"INC blocks bank financing; ACER vs BRICKWORK: faster, more responsive, India-focused"
Autotech Non-Wovens Pvt. Ltd.,Bank Guarantee,BRICKWORK,A 4,13-03-2026,LOW,Y,Manufacturing,INC with BRICKWORK — not cooperating; switch needed,"INC blocks bank financing; ACER vs BRICKWORK: faster, more responsive, India-focused"
Panem Industries Pvt. Ltd.,Bank Guarantee,BRICKWORK,A 4,13-03-2026,LOW,Y,Manufacturing,INC with BRICKWORK — not cooperating; switch needed,"INC blocks bank financing; ACER vs BRICKWORK: faster, more responsive, India-focused"
Rachhpal Auto Alliance Pvt. Ltd.,Term loans,BRICKWORK,C,17-03-2026,LOW,Y,Manufacturing,INC with BRICKWORK — not cooperating; switch needed,"INC blocks bank financing; ACER vs BRICKWORK: faster, more responsive, India-focused"
Astila Ceramic Pvt. Ltd.,Term loans,BRICKWORK,C,17-03-2026,LOW,Y,Manufacturing,INC with BRICKWORK — not cooperating; switch needed,"INC blocks bank financing; ACER vs BRICKWORK: faster, more responsive, India-focused"
Mount Velour Rubber Works Pvt. Ltd.,Long term Loans,CRISIL,D,17-03-2026,LOW,Y,Manufacturing,INC with CRISIL — not cooperating; switch needed,"INC blocks bank financing; ACER vs CRISIL: faster, more responsive, India-focused"
Emgee Cables & Communications Ltd.,Letter Of credit,BRICKWORK,D,17-03-2026,LOW,Y,Manufacturing,INC with BRICKWORK — not cooperating; switch needed,"INC blocks bank financing; ACER vs BRICKWORK: faster, more responsive, India-focused"
Kottex Industries Pvt. Ltd.,Letter Of credit,BRICKWORK,A 4,27-03-2026,LOW,Y,Manufacturing,INC with BRICKWORK — not cooperating; switch needed,"INC blocks bank financing; ACER vs BRICKWORK: faster, more responsive, India-focused"
Shitla Papers Pvt. Ltd.,Term loans,BRICKWORK,C,27-03-2026,LOW,Y,Manufacturing,INC with BRICKWORK — not cooperating; switch needed,"INC blocks bank financing; ACER vs BRICKWORK: faster, more responsive, India-focused"
Vicon Ceramic Pvt. Ltd.,Bank Guarantee,BRICKWORK,A 4,27-03-2026,LOW,Y,Manufacturing,INC with BRICKWORK — not cooperating; switch needed,"INC blocks bank financing; ACER vs BRICKWORK: faster, more responsive, India-focused"
J R Transformers Pvt. Ltd.,Non-government debt,BRICKWORK,A 4,27-03-2026,LOW,Y,Manufacturing,INC with BRICKWORK — not cooperating; switch needed,"INC blocks bank financing; ACER vs BRICKWORK: faster, more responsive, India-focused"
George Maijo Automobiles Pvt. Ltd.,Non-government debt,CARE,BB-/A4,16-03-2026,LOW,Y,Manufacturing,INC with CARE — not cooperating; switch needed,"INC blocks bank financing; ACER vs CARE: faster, more responsive, India-focused"
Hero Wiretex Ltd.,Bank Guarantee,CARE,D,16-03-2026,LOW,Y,Manufacturing,INC with CARE — not cooperating; switch needed,"INC blocks bank financing; ACER vs CARE: faster, more responsive, India-focused"
Gajraj Automobiles Pvt. Ltd.,Fund based financial facility/instrument,CRISIL,B,16-03-2026,LOW,Y,Manufacturing,INC with CRISIL — not cooperating; switch needed,"INC blocks bank financing; ACER vs CRISIL: faster, more responsive, India-focused"
Bisman Industries Ltd.,Non-fund-based financial facility/instrument,ICRA,D,13-03-2026,LOW,Y,Manufacturing,INC with ICRA — not cooperating; switch needed,"INC blocks bank financing; ACER vs ICRA: faster, more responsive, India-focused"
Friends Auto (India) Ltd.,Bank Guarantee,BRICKWORK,D,27-03-2026,LOW,Y,Manufacturing,INC with BRICKWORK — not cooperating; switch needed,"INC blocks bank financing; ACER vs BRICKWORK: faster, more responsive, India-focused"
Karamveer Electronics Ltd.,Bank Guarantee,CRISIL,A 4,27-03-2026,LOW,Y,Manufacturing,INC with CRISIL — not cooperating; switch needed,"INC blocks bank financing; ACER vs CRISIL: faster, more responsive, India-focused"
Vishakha Plastic Pipes Pvt. Ltd.,Bank Guarantee,BRICKWORK,A 4,26-03-2026,LOW,Y,Manufacturing,INC with BRICKWORK — not cooperating; switch needed,"INC blocks bank financing; ACER vs BRICKWORK: faster, more responsive, India-focused"
Talwar Auto Garages Pvt. Ltd.,Fund based financial facility/instrument,BRICKWORK,C,26-03-2026,LOW,Y,Manufacturing,INC with BRICKWORK — not cooperating; switch needed,"INC blocks bank financing; ACER vs BRICKWORK: faster, more responsive, India-focused"
Mamta Transformers Pvt. Ltd.,Bank Guarantee,CRISIL,D,30-03-2026,LOW,Y,Manufacturing,INC with CRISIL — not cooperating; switch needed,"INC blocks bank financing; ACER vs CRISIL: faster, more responsive, India-focused"
Shristi Ispat & Alloys Ltd.,Bank Guarantee,ACUITE,A 4+,30-03-2026,LOW,Y,Manufacturing,INC with ACUITE — not cooperating; switch needed,"INC blocks bank financing; ACER vs ACUITE: faster, more responsive, India-focused"
Melt-O-Therm Furnaces Pvt. Ltd.,Bank Guarantee,CRISIL,A 4,30-03-2026,LOW,Y,Manufacturing,INC with CRISIL — not cooperating; switch needed,"INC blocks bank financing; ACER vs CRISIL: faster, more responsive, India-focused"
Santlal Industries Ltd.,Long term Loans,ACUITE,BB-,27-03-2026,LOW,Y,Manufacturing,INC with ACUITE — not cooperating; switch needed,"INC blocks bank financing; ACER vs ACUITE: faster, more responsive, India-focused"
Seemanchal Motors Pvt. Ltd.,Fund based financial facility/instrument,ACUITE,A 4,25-03-2026,LOW,Y,Manufacturing,INC with ACUITE — not cooperating; switch needed,"INC blocks bank financing; ACER vs ACUITE: faster, more responsive, India-focused"
Jeewan Motors Pvt. Ltd.,Fund based financial facility/instrument,BRICKWORK,A 4,25-03-2026,LOW,Y,Manufacturing,INC with BRICKWORK — not cooperating; switch needed,"INC blocks bank financing; ACER vs BRICKWORK: faster, more responsive, India-focused"
Satija Motors Pvt. Ltd.,Bank Guarantee,CRISIL,A 4,25-03-2026,LOW,Y,Manufacturing,INC with CRISIL — not cooperating; switch needed,"INC blocks bank financing; ACER vs CRISIL: faster, more responsive, India-focused"
Maa Mahamaya Alloys Pvt. Ltd.,Term loans,CARE,BB-,25-03-2026,LOW,Y,Manufacturing,INC with CARE — not cooperating; switch needed,"INC blocks bank financing; ACER vs CARE: faster, more responsive, India-focused"
Oja Motors Dealer Pvt. Ltd.,Fund based financial facility/instrument,CRISIL,B,27-03-2026,LOW,Y,Manufacturing,INC with CRISIL — not cooperating; switch needed,"INC blocks bank financing; ACER vs CRISIL: faster, more responsive, India-focused"
Ajay Steel Casting Pvt. Ltd.,Term loans,CRISIL,B,27-03-2026,LOW,Y,Manufacturing,INC with CRISIL — not cooperating; switch needed,"INC blocks bank financing; ACER vs CRISIL: faster, more responsive, India-focused"
Mercury Industries Ltd.,Letter Of credit,CRISIL,A 4,27-03-2026,LOW,Y,Manufacturing,INC with CRISIL — not cooperating; switch needed,"INC blocks bank financing; ACER vs CRISIL: faster, more responsive, India-focused"
M G F Motors Ltd.,Fund based financial facility/instrument,CRISIL,D,27-03-2026,LOW,Y,Manufacturing,INC with CRISIL — not cooperating; switch needed,"INC blocks bank financing; ACER vs CRISIL: faster, more responsive, India-focused"
Diamond Engineering (Chennai) Pvt. Ltd.,Bank Guarantee,ACUITE,D,24-03-2026,LOW,Y,Manufacturing,INC with ACUITE — not cooperating; switch needed,"INC blocks bank financing; ACER vs ACUITE: faster, more responsive, India-focused"
Amit Auto Wheels Pvt. Ltd.,Fund based financial facility/instrument,BRICKWORK,C,24-03-2026,LOW,Y,Manufacturing,INC with BRICKWORK — not cooperating; switch needed,"INC blocks bank financing; ACER vs BRICKWORK: faster, more responsive, India-focused"
Seya Industries Ltd.,Term loans,CARE,D,23-03-2026,LOW,Y,Manufacturing,INC with CARE — not cooperating; switch needed,"INC blocks bank financing; ACER vs CARE: faster, more responsive, India-focused"
Shakti Precision Components (India) Pvt. Ltd.,Bank Guarantee,CARE,BB+,23-03-2026,LOW,Y,Manufacturing,INC with CARE — not cooperating; switch needed,"INC blocks bank financing; ACER vs CARE: faster, more responsive, India-focused"
A S Motors Pvt. Ltd.,Non-government debt,CARE,BB-/A4,26-03-2026,LOW,Y,Manufacturing,INC with CARE — not cooperating; switch needed,"INC blocks bank financing; ACER vs CARE: faster, more responsive, India-focused"
Warm Forgings Pvt. Ltd.,Bank Guarantee,BRICKWORK,D,26-03-2026,LOW,Y,Manufacturing,INC with BRICKWORK — not cooperating; switch needed,"INC blocks bank financing; ACER vs BRICKWORK: faster, more responsive, India-focused"
Panama Papers Pvt. Ltd.,Long term Loans,CRISIL,B,25-03-2026,LOW,Y,Manufacturing,INC with CRISIL — not cooperating; switch needed,"INC blocks bank financing; ACER vs CRISIL: faster, more responsive, India-focused"
Sarvani Industries Pvt. Ltd.,Bank Guarantee,CRISIL,A 4,25-03-2026,LOW,Y,Manufacturing,INC with CRISIL — not cooperating; switch needed,"INC blocks bank financing; ACER vs CRISIL: faster, more responsive, India-focused"
Dhanlaxmi Electricals Pvt. Ltd.,Non-government debt,IND-RA,D,02-04-2026,LOW,Y,Manufacturing,INC with IND-RA — not cooperating; switch needed,"INC blocks bank financing; ACER vs IND-RA: faster, more responsive, India-focused"
Kerala State Electronics Devp. Corpn. Ltd.,Term loans,IND-RA,D,02-04-2026,LOW,Y,Manufacturing,INC with IND-RA — not cooperating; switch needed,"INC blocks bank financing; ACER vs IND-RA: faster, more responsive, India-focused"
G M A Pinnacle Automotives Pvt. Ltd.,Non-government debt,IND-RA,B-/A4,02-04-2026,LOW,Y,Manufacturing,INC with IND-RA — not cooperating; switch needed,"INC blocks bank financing; ACER vs IND-RA: faster, more responsive, India-focused"
Swapna Printing Works Pvt. Ltd.,Non-government debt,IND-RA,B-/A4,02-04-2026,LOW,Y,Manufacturing,INC with IND-RA — not cooperating; switch needed,"INC blocks bank financing; ACER vs IND-RA: faster, more responsive, India-focused"
Super Iron Foundry Ltd.,Term loans,CARE,B+,25-03-2026,LOW,Y,Manufacturing,INC with CARE — not cooperating; switch needed,"INC blocks bank financing; ACER vs CARE: faster, more responsive, India-focused"
Sri Venkatesh Iron & Alloys (India) Ltd.,Bank Guarantee,BRICKWORK,A 4,25-03-2026,LOW,Y,Manufacturing,INC with BRICKWORK — not cooperating; switch needed,"INC blocks bank financing; ACER vs BRICKWORK: faster, more responsive, India-focused"
Veeranarayana Metal Alloys Pvt. Ltd.,Bank Guarantee,BRICKWORK,D,25-03-2026,LOW,Y,Manufacturing,INC with BRICKWORK — not cooperating; switch needed,"INC blocks bank financing; ACER vs BRICKWORK: faster, more responsive, India-focused"
Manishri Refractories & Ceramics Pvt. Ltd.,Non-government debt,ICRA,B/A4,24-03-2026,LOW,Y,Manufacturing,INC with ICRA — not cooperating; switch needed,"INC blocks bank financing; ACER vs ICRA: faster, more responsive, India-focused"
Profive Engineering Pvt. Ltd.,Non-government debt,IND-RA,B-/A4,02-04-2026,LOW,Y,Manufacturing,INC with IND-RA — not cooperating; switch needed,"INC blocks bank financing; ACER vs IND-RA: faster, more responsive, India-focused"
Steamline Industries Ltd.,Letter Of credit,BRICKWORK,D,01-04-2026,LOW,Y,Manufacturing,INC with BRICKWORK — not cooperating; switch needed,"INC blocks bank financing; ACER vs BRICKWORK: faster, more responsive, India-focused"
Prime Mover Auto Associates Pvt. Ltd.,Long term Loans,ACUITE,C,01-04-2026,LOW,Y,Manufacturing,INC with ACUITE — not cooperating; switch needed,"INC blocks bank financing; ACER vs ACUITE: faster, more responsive, India-focused"
Metal Care Alloys Pvt. Ltd.,Term loans,BRICKWORK,BB,01-04-2026,LOW,Y,Manufacturing,INC with BRICKWORK — not cooperating; switch needed,"INC blocks bank financing; ACER vs BRICKWORK: faster, more responsive, India-focused"
Sree Krishna Automotives Hyderabad Pvt. Ltd.,Non-government debt,IND-RA,B/A4,02-04-2026,LOW,Y,Manufacturing,INC with IND-RA — not cooperating; switch needed,"INC blocks bank financing; ACER vs IND-RA: faster, more responsive, India-focused"
Auro Industries Ltd.,Bank Guarantee,ACUITE,A 4,02-04-2026,LOW,Y,Manufacturing,INC with ACUITE — not cooperating; switch needed,"INC blocks bank financing; ACER vs ACUITE: faster, more responsive, India-focused"
Manglam Paper Pvt. Ltd.,Term loans,IND-RA,D,02-04-2026,LOW,Y,Manufacturing,INC with IND-RA — not cooperating; switch needed,"INC blocks bank financing; ACER vs IND-RA: faster, more responsive, India-focused"
Starwing Plastic & Chemicals Pvt. Ltd.,Non-government debt,IND-RA,B-/A4,02-04-2026,LOW,Y,Manufacturing,INC with IND-RA — not cooperating; switch needed,"INC blocks bank financing; ACER vs IND-RA: faster, more responsive, India-focused"
Katyayini Paper Mills Pvt. Ltd.,Letter Of credit,BRICKWORK,D,31-03-2026,LOW,Y,Manufacturing,INC with BRICKWORK — not cooperating; switch needed,"INC blocks bank financing; ACER vs BRICKWORK: faster, more responsive, India-focused"
Assago Industries Pvt. Ltd.,Term loans,CARE,BB+,31-03-2026,LOW,Y,Manufacturing,INC with CARE — not cooperating; switch needed,"INC blocks bank financing; ACER vs CARE: faster, more responsive, India-focused"
S T S Manufacturing Pvt. Ltd.,Long term Loans,CRISIL,B,31-03-2026,LOW,Y,Manufacturing,INC with CRISIL — not cooperating; switch needed,"INC blocks bank financing; ACER vs CRISIL: faster, more responsive, India-focused"
Salvo Industries Pvt. Ltd.,Letter Of credit,CRISIL,A 4,30-03-2026,LOW,Y,Manufacturing,INC with CRISIL — not cooperating; switch needed,"INC blocks bank financing; ACER vs CRISIL: faster, more responsive, India-focused"
Ainwesha Engineering & Projects Ltd.,Non-government debt,IND-RA,D,02-04-2026,LOW,Y,Manufacturing,INC with IND-RA — not cooperating; switch needed,"INC blocks bank financing; ACER vs IND-RA: faster, more responsive, India-focused"
G R Engineering Pvt. Ltd.,Non-government debt,IND-RA,B/A4,02-04-2026,LOW,Y,Manufacturing,INC with IND-RA — not cooperating; switch needed,"INC blocks bank financing; ACER vs IND-RA: faster, more responsive, India-focused"
Lenz Ceramic Pvt. Ltd.,Non-government debt,IND-RA,B-/A4,02-04-2026,LOW,Y,Manufacturing,INC with IND-RA — not cooperating; switch needed,"INC blocks bank financing; ACER vs IND-RA: faster, more responsive, India-focused"
Primitus Industries Pvt. Ltd.,Non-government debt,IND-RA,B-/A4,02-04-2026,LOW,Y,Manufacturing,INC with IND-RA — not cooperating; switch needed,"INC blocks bank financing; ACER vs IND-RA: faster, more responsive, India-focused"
Blow Packaging (India) Pvt. Ltd.,Bank Guarantee,ACUITE,A 4,30-03-2026,LOW,Y,Manufacturing,INC with ACUITE — not cooperating; switch needed,"INC blocks bank financing; ACER vs ACUITE: faster, more responsive, India-focused"
Tejpal Motors Pvt. Ltd.,Fund based financial facility/instrument,CRISIL,B,30-03-2026,LOW,Y,Manufacturing,INC with CRISIL — not cooperating; switch needed,"INC blocks bank financing; ACER vs CRISIL: faster, more responsive, India-focused"
Ratnapriya Dyeing & Printing Mills Pvt. Ltd.,Term loans,CRISIL,B,30-03-2026,LOW,Y,Manufacturing,INC with CRISIL — not cooperating; switch needed,"INC blocks bank financing; ACER vs CRISIL: faster, more responsive, India-focused"
Sri Andal Paper Mills Pvt. Ltd.,Term loans,IND-RA,BB,30-03-2026,LOW,Y,Manufacturing,INC with IND-RA — not cooperating; switch needed,"INC blocks bank financing; ACER vs IND-RA: faster, more responsive, India-focused"
Yamir Packaging Pvt. Ltd.,Term loans,CRISIL,B,31-03-2026,LOW,Y,Manufacturing,INC with CRISIL — not cooperating; switch needed,"INC blocks bank financing; ACER vs CRISIL: faster, more responsive, India-focused"
Skyline Engineering Contracts (India) Pvt. Ltd.,Long term Loans,CRISIL,D,31-03-2026,LOW,Y,Manufacturing,INC with CRISIL — not cooperating; switch needed,"INC blocks bank financing; ACER vs CRISIL: faster, more responsive, India-focused"
Satkar Paper Mills Pvt. Ltd.,Term loans,CRISIL,B,31-03-2026,LOW,Y,Manufacturing,INC with CRISIL — not cooperating; switch needed,"INC blocks bank financing; ACER vs CRISIL: faster, more responsive, India-focused"
Uttarakhand Engineering Products Pvt. Ltd.,Letter Of credit,CRISIL,A 4,31-03-2026,LOW,Y,Manufacturing,INC with CRISIL — not cooperating; switch needed,"INC blocks bank financing; ACER vs CRISIL: faster, more responsive, India-focused"
Durga Automotives Pvt. Ltd.,Term loans,CARE,D,08-04-2026,LOW,Y,Manufacturing,INC with CARE — not cooperating; switch needed,"INC blocks bank financing; ACER vs CARE: faster, more responsive, India-focused"
Essem Auto Electricals Pvt. Ltd.,Bank Guarantee,CARE,A 4,08-04-2026,LOW,Y,Manufacturing,INC with CARE — not cooperating; switch needed,"INC blocks bank financing; ACER vs CARE: faster, more responsive, India-focused"
R A Shaikh Paper Mills Pvt. Ltd.,Bank Guarantee,CARE,A 4,08-04-2026,LOW,Y,Manufacturing,INC with CARE — not cooperating; switch needed,"INC blocks bank financing; ACER vs CARE: faster, more responsive, India-focused"
K G N Motors Pvt. Ltd.,Term loans,CARE,D,08-04-2026,LOW,Y,Manufacturing,INC with CARE — not cooperating; switch needed,"INC blocks bank financing; ACER vs CARE: faster, more responsive, India-focused"
Vajra Rubber Products Pvt. Ltd.,Bank Guarantee,ACUITE,A 4,30-03-2026,LOW,Y,Manufacturing,INC with ACUITE — not cooperating; switch needed,"INC blocks bank financing; ACER vs ACUITE: faster, more responsive, India-focused"
Radheshyam Paper Mills Pvt. Ltd.,Bank Guarantee,CRISIL,A 4,30-03-2026,LOW,Y,Manufacturing,INC with CRISIL — not cooperating; switch needed,"INC blocks bank financing; ACER vs CRISIL: faster, more responsive, India-focused"
Furnace Fabrica (India) Ltd.,Term loans,CRISIL,D,30-03-2026,LOW,Y,Manufacturing,INC with CRISIL — not cooperating; switch needed,"INC blocks bank financing; ACER vs CRISIL: faster, more responsive, India-focused"
Enar Industrial Enterprises Pvt. Ltd.,Long term Loans,CRISIL,BB-,30-03-2026,LOW,Y,Manufacturing,INC with CRISIL — not cooperating; switch needed,"INC blocks bank financing; ACER vs CRISIL: faster, more responsive, India-focused"
Sunplast Electronics Pvt. Ltd.,Non-government debt,BRICKWORK,B+/A4,07-04-2026,LOW,Y,Manufacturing,INC with BRICKWORK — not cooperating; switch needed,"INC blocks bank financing; ACER vs BRICKWORK: faster, more responsive, India-focused"
Assorted Plastics Pvt. Ltd.,Term loans,BRICKWORK,C,06-04-2026,LOW,Y,Manufacturing,INC with BRICKWORK — not cooperating; switch needed,"INC blocks bank financing; ACER vs BRICKWORK: faster, more responsive, India-focused"
Design & Manufacturing Vista Electronics Pvt. Ltd.,Non-government debt,CARE,BBB/A3,06-04-2026,LOW,Y,Manufacturing,INC with CARE — not cooperating; switch needed,"INC blocks bank financing; ACER vs CARE: faster, more responsive, India-focused"
Bell-O-Seal Valves Pvt. Ltd.,Term loans,CARE,BB+,06-04-2026,LOW,Y,Manufacturing,INC with CARE — not cooperating; switch needed,"INC blocks bank financing; ACER vs CARE: faster, more responsive, India-focused"
Jayachandran Industries Pvt. Ltd.,Term loans,CRISIL,B,09-04-2026,LOW,Y,Manufacturing,INC with CRISIL — not cooperating; switch needed,"INC blocks bank financing; ACER vs CRISIL: faster, more responsive, India-focused"
Swelore Engineering Pvt. Ltd.,Bank Guarantee,CRISIL,A 4,09-04-2026,LOW,Y,Manufacturing,INC with CRISIL — not cooperating; switch needed,"INC blocks bank financing; ACER vs CRISIL: faster, more responsive, India-focused"
Archana Motors Pvt. Ltd.,Fund based financial facility/instrument,ACUITE,D,08-04-2026,LOW,Y,Manufacturing,INC with ACUITE — not cooperating; switch needed,"INC blocks bank financing; ACER vs ACUITE: faster, more responsive, India-focused"
T C Motors Pvt. Ltd.,Term loans,CARE,B-,08-04-2026,LOW,Y,Manufacturing,INC with CARE — not cooperating; switch needed,"INC blocks bank financing; ACER vs CARE: faster, more responsive, India-focused"
Indian Pulp & Paper Pvt. Ltd.,Non-government debt,IND-RA,D,02-04-2026,LOW,Y,Manufacturing,INC with IND-RA — not cooperating; switch needed,"INC blocks bank financing; ACER vs IND-RA: faster, more responsive, India-focused"
Straddle Industries Pvt. Ltd.,Non-government debt,IND-RA,B-/A4,02-04-2026,LOW,Y,Manufacturing,INC with IND-RA — not cooperating; switch needed,"INC blocks bank financing; ACER vs IND-RA: faster, more responsive, India-focused"
Harihara Metalloys Pvt. Ltd.,Non-government debt,IND-RA,B/A4,02-04-2026,LOW,Y,Manufacturing,INC with IND-RA — not cooperating; switch needed,"INC blocks bank financing; ACER vs IND-RA: faster, more responsive, India-focused"
Century Aluminium Mfg. Co. Ltd.,Bank Guarantee,BRICKWORK,D,02-04-2026,LOW,Y,Manufacturing,INC with BRICKWORK — not cooperating; switch needed,"INC blocks bank financing; ACER vs BRICKWORK: faster, more responsive, India-focused"
Hema Automotive Pvt. Ltd.,Term loans,ACUITE,B,08-04-2026,LOW,Y,Manufacturing,INC with ACUITE — not cooperating; switch needed,"INC blocks bank financing; ACER vs ACUITE: faster, more responsive, India-focused"
Omnitech Engineering Ltd.,Term loans,CARE,BBB-,07-04-2026,LOW,Y,Manufacturing,INC with CARE — not cooperating; switch needed,"INC blocks bank financing; ACER vs CARE: faster, more responsive, India-focused"
Spartan Engineering Inds. Pvt. Ltd.,Letter Of credit,ACUITE,D,07-04-2026,LOW,Y,Manufacturing,INC with ACUITE — not cooperating; switch needed,"INC blocks bank financing; ACER vs ACUITE: faster, more responsive, India-focused"
Bhargavi Automobiles Pvt. Ltd.,Term loans,CARE,BB,07-04-2026,LOW,Y,Manufacturing,INC with CARE — not cooperating; switch needed,"INC blocks bank financing; ACER vs CARE: faster, more responsive, India-focused"
Yamuna Cable Accessories Pvt. Ltd.,Non-government debt,IND-RA,B/A4,02-04-2026,LOW,Y,Manufacturing,INC with IND-RA — not cooperating; switch needed,"INC blocks bank financing; ACER vs IND-RA: faster, more responsive, India-focused"
Everon Castings Pvt. Ltd.,Non-government debt,IND-RA,C/A4,02-04-2026,LOW,Y,Manufacturing,INC with IND-RA — not cooperating; switch needed,"INC blocks bank financing; ACER vs IND-RA: faster, more responsive, India-focused"
Mahalaxmi Automotives Wheels Pvt. Ltd.,Non-government debt,IND-RA,B-/A4,02-04-2026,LOW,Y,Manufacturing,INC with IND-RA — not cooperating; switch needed,"INC blocks bank financing; ACER vs IND-RA: faster, more responsive, India-focused"
Gem Motors (India) Pvt. Ltd.,Non-government debt,IND-RA,B-/A4,02-04-2026,LOW,Y,Manufacturing,INC with IND-RA — not cooperating; switch needed,"INC blocks bank financing; ACER vs IND-RA: faster, more responsive, India-focused"
Vardhman Textile Components Ltd.,Term loans,CARE,B+,06-04-2026,LOW,Y,Manufacturing,INC with CARE — not cooperating; switch needed,"INC blocks bank financing; ACER vs CARE: faster, more responsive, India-focused"
Joshi Automobiles Pvt. Ltd.,Bank Guarantee,BRICKWORK,A 4,03-04-2026,LOW,Y,Manufacturing,INC with BRICKWORK — not cooperating; switch needed,"INC blocks bank financing; ACER vs BRICKWORK: faster, more responsive, India-focused"
Cyber Automobiles Pvt. Ltd.,Bank Guarantee,BRICKWORK,D,03-04-2026,LOW,Y,Manufacturing,INC with BRICKWORK — not cooperating; switch needed,"INC blocks bank financing; ACER vs BRICKWORK: faster, more responsive, India-focused"
Wyan Industries Pvt. Ltd.,Term loans,BRICKWORK,C,03-04-2026,LOW,Y,Manufacturing,INC with BRICKWORK — not cooperating; switch needed,"INC blocks bank financing; ACER vs BRICKWORK: faster, more responsive, India-focused"
Whitelotus Industries Ltd.,Term loans,ACUITE,B-,15-04-2026,LOW,Y,Manufacturing,INC with ACUITE — not cooperating; switch needed,"INC blocks bank financing; ACER vs ACUITE: faster, more responsive, India-focused"
J P L Industries Ltd.,Term loans,CARE,B+,14-04-2026,LOW,Y,Manufacturing,INC with CARE — not cooperating; switch needed,"INC blocks bank financing; ACER vs CARE: faster, more responsive, India-focused"
S J B Automobiles Pvt. Ltd.,Bank Guarantee,ACUITE,A 4,14-04-2026,LOW,Y,Manufacturing,INC with ACUITE — not cooperating; switch needed,"INC blocks bank financing; ACER vs ACUITE: faster, more responsive, India-focused"
Span Pumps Pvt. Ltd.,Bank Guarantee,CARE,A 4,14-04-2026,LOW,Y,Manufacturing,INC with CARE — not cooperating; switch needed,"INC blocks bank financing; ACER vs CARE: faster, more responsive, India-focused"
Sahara Engineering Pvt. Ltd.,Non-government debt,IND-RA,B-/A4,02-04-2026,LOW,Y,Manufacturing,INC with IND-RA — not cooperating; switch needed,"INC blocks bank financing; ACER vs IND-RA: faster, more responsive, India-focused"
Gen Next Motors Ltd.,Term loans,IND-RA,D,02-04-2026,LOW,Y,Manufacturing,INC with IND-RA — not cooperating; switch needed,"INC blocks bank financing; ACER vs IND-RA: faster, more responsive, India-focused"
Gemus Engineering Ltd.,Non-government debt,IND-RA,D,02-04-2026,LOW,Y,Manufacturing,INC with IND-RA — not cooperating; switch needed,"INC blocks bank financing; ACER vs IND-RA: faster, more responsive, India-focused"
Nainital Motors Pvt. Ltd.,Non-government debt,IND-RA,B-/A4,02-04-2026,LOW,Y,Manufacturing,INC with IND-RA — not cooperating; switch needed,"INC blocks bank financing; ACER vs IND-RA: faster, more responsive, India-focused"
Paragon Apparel Pvt. Ltd.,Letter Of credit,CRISIL,D,13-04-2026,LOW,Y,Manufacturing,INC with CRISIL — not cooperating; switch needed,"INC blocks bank financing; ACER vs CRISIL: faster, more responsive, India-focused"
Goel Scientific Glass Works Ltd.,Term loans,CARE,B-,13-04-2026,LOW,Y,Manufacturing,INC with CARE — not cooperating; switch needed,"INC blocks bank financing; ACER vs CARE: faster, more responsive, India-focused"
Pebco Motors Ltd.,Fund based financial facility/instrument,CRISIL,B,10-04-2026,LOW,Y,Manufacturing,INC with CRISIL — not cooperating; switch needed,"INC blocks bank financing; ACER vs CRISIL: faster, more responsive, India-focused"
J M Ferro Alloys Pvt. Ltd.,Letter Of credit,CARE,D,10-04-2026,LOW,Y,Manufacturing,INC with CARE — not cooperating; switch needed,"INC blocks bank financing; ACER vs CARE: faster, more responsive, India-focused"
United Engineering Inds. Pvt. Ltd.,Term loans,ACUITE,D,15-04-2026,LOW,Y,Manufacturing,INC with ACUITE — not cooperating; switch needed,"INC blocks bank financing; ACER vs ACUITE: faster, more responsive, India-focused"
Special Ceramics Pvt. Ltd.,Term loans,ACUITE,B-,15-04-2026,LOW,Y,Manufacturing,INC with ACUITE — not cooperating; switch needed,"INC blocks bank financing; ACER vs ACUITE: faster, more responsive, India-focused"
Anmol Industries Ltd.,Short-term loan,CRISIL,A 4,15-04-2026,LOW,Y,Manufacturing,INC with CRISIL — not cooperating; switch needed,"INC blocks bank financing; ACER vs CRISIL: faster, more responsive, India-focused"
Azam Rubber Products Pvt. Ltd.,Non-fund-based financial facility/instrument,CARE,D,15-04-2026,LOW,Y,Manufacturing,INC with CARE — not cooperating; switch needed,"INC blocks bank financing; ACER vs CARE: faster, more responsive, India-focused"
Andhra Ferro Alloys Ltd.,Non-fund-based financial facility/instrument,ICRA,D,10-04-2026,LOW,Y,Manufacturing,INC with ICRA — not cooperating; switch needed,"INC blocks bank financing; ACER vs ICRA: faster, more responsive, India-focused"
Senbo Engineering Ltd.,Bank Guarantee,CARE,D,10-04-2026,LOW,Y,Manufacturing,INC with CARE — not cooperating; switch needed,"INC blocks bank financing; ACER vs CARE: faster, more responsive, India-focused"
Fibro Plastichem (India) Pvt. Ltd.,Bank Guarantee,CRISIL,A 4,10-04-2026,LOW,Y,Manufacturing,INC with CRISIL — not cooperating; switch needed,"INC blocks bank financing; ACER vs CRISIL: faster, more responsive, India-focused"
Rishi Auto Sales Pvt. Ltd.,Fund based financial facility/instrument,BRICKWORK,C,10-04-2026,LOW,Y,Manufacturing,INC with BRICKWORK — not cooperating; switch needed,"INC blocks bank financing; ACER vs BRICKWORK: faster, more responsive, India-focused"
K O S C Industries Pvt. Ltd.,Letter Of credit,ACUITE,D,14-04-2026,LOW,Y,Manufacturing,INC with ACUITE — not cooperating; switch needed,"INC blocks bank financing; ACER vs ACUITE: faster, more responsive, India-focused"
Shri Ram Autotech Pvt. Ltd.,Fund based financial facility/instrument,CARE,D,14-04-2026,LOW,Y,Manufacturing,INC with CARE — not cooperating; switch needed,"INC blocks bank financing; ACER vs CARE: faster, more responsive, India-focused"
Cee Dee Vacuum Equipment Pvt. Ltd.,Bank Guarantee,ACUITE,A 4,13-04-2026,LOW,Y,Manufacturing,INC with ACUITE — not cooperating; switch needed,"INC blocks bank financing; ACER vs ACUITE: faster, more responsive, India-focused"
Vazron Industries Pvt. Ltd.,Term loans,CARE,B+,13-04-2026,LOW,Y,Manufacturing,INC with CARE — not cooperating; switch needed,"INC blocks bank financing; ACER vs CARE: faster, more responsive, India-focused"
Dubas Engineering Pvt. Ltd.,Bank Guarantee,BRICKWORK,A 4,10-04-2026,LOW,Y,Manufacturing,INC with BRICKWORK — not cooperating; switch needed,"INC blocks bank financing; ACER vs BRICKWORK: faster, more responsive, India-focused"
Venus Industrial Corpn. Pvt. Ltd.,Fund based financial facility/instrument,CRISIL,B,10-04-2026,LOW,Y,Manufacturing,INC with CRISIL — not cooperating; switch needed,"INC blocks bank financing; ACER vs CRISIL: faster, more responsive, India-focused"
Abhijit Auto Agency India Pvt. Ltd.,Fund based financial facility/instrument,CRISIL,B,09-04-2026,LOW,Y,Manufacturing,INC with CRISIL — not cooperating; switch needed,"INC blocks bank financing; ACER vs CRISIL: faster, more responsive, India-focused"
Kropex Auto Pvt. Ltd.,Fund based financial facility/instrument,CRISIL,A 4,09-04-2026,LOW,Y,Manufacturing,INC with CRISIL — not cooperating; switch needed,"INC blocks bank financing; ACER vs CRISIL: faster, more responsive, India-focused"
Huldibari Industries & Plantation Co. Ltd.,Bank Guarantee,CRISIL,A 4,10-04-2026,LOW,Y,Manufacturing,INC with CRISIL — not cooperating; switch needed,"INC blocks bank financing; ACER vs CRISIL: faster, more responsive, India-focused"
K V R Industries Pvt. Ltd.,Long term Loans,CRISIL,D,10-04-2026,LOW,Y,Manufacturing,INC with CRISIL — not cooperating; switch needed,"INC blocks bank financing; ACER vs CRISIL: faster, more responsive, India-focused"
Harji Engineering Works Pvt. Ltd.,Bank Guarantee,ACUITE,D,10-04-2026,LOW,Y,Manufacturing,INC with ACUITE — not cooperating; switch needed,"INC blocks bank financing; ACER vs ACUITE: faster, more responsive, India-focused"
Energo Engineering Projects Ltd.,Non-fund-based financial facility/instrument,ICRA,D,10-04-2026,LOW,Y,Manufacturing,INC with ICRA — not cooperating; switch needed,"INC blocks bank financing; ACER vs ICRA: faster, more responsive, India-focused"
Fittech Industries Pvt. Ltd.,Bank Guarantee,CRISIL,A 4,22-04-2026,LOW,Y,Manufacturing,INC with CRISIL — not cooperating; switch needed,"INC blocks bank financing; ACER vs CRISIL: faster, more responsive, India-focused"
Clrk Industries Pvt. Ltd.,Non-fund-based financial facility/instrument,CARE,A 4,22-04-2026,LOW,Y,Manufacturing,INC with CARE — not cooperating; switch needed,"INC blocks bank financing; ACER vs CARE: faster, more responsive, India-focused"
Pragati Glass & Inds. Pvt. Ltd.,Non-fund-based financial facility/instrument,ICRA,D,22-04-2026,LOW,Y,Manufacturing,INC with ICRA — not cooperating; switch needed,"INC blocks bank financing; ACER vs ICRA: faster, more responsive, India-focused"
Ivax Paper Chemicals Pvt. Ltd.,Short-term loan,ICRA,A 4,22-04-2026,LOW,Y,Manufacturing,INC with ICRA — not cooperating; switch needed,"INC blocks bank financing; ACER vs ICRA: faster, more responsive, India-focused"
Vijai Electricals Ltd.,Non-government debt,CARE,BB-/A4,10-04-2026,LOW,Y,Manufacturing,INC with CARE — not cooperating; switch needed,"INC blocks bank financing; ACER vs CARE: faster, more responsive, India-focused"
Samrakshana Electricals Ltd.,Letter Of credit,CRISIL,A 4,10-04-2026,LOW,Y,Manufacturing,INC with CRISIL — not cooperating; switch needed,"INC blocks bank financing; ACER vs CRISIL: faster, more responsive, India-focused"
Integrated Thermoplastics Ltd.,Letter Of credit,CARE,D,10-04-2026,LOW,Y,Manufacturing,INC with CARE — not cooperating; switch needed,"INC blocks bank financing; ACER vs CARE: faster, more responsive, India-focused"
Khandwa Industries Pvt. Ltd.,Term loans,CARE,D,10-04-2026,LOW,Y,Manufacturing,INC with CARE — not cooperating; switch needed,"INC blocks bank financing; ACER vs CARE: faster, more responsive, India-focused"
Borkar Packaging Pvt. Ltd.,Letter Of credit,CRISIL,A 4,21-04-2026,LOW,Y,Manufacturing,INC with CRISIL — not cooperating; switch needed,"INC blocks bank financing; ACER vs CRISIL: faster, more responsive, India-focused"
Sikko Industries Ltd.,Non-government debt,IND-RA,B-/A4,21-04-2026,LOW,Y,Manufacturing,INC with IND-RA — not cooperating; switch needed,"INC blocks bank financing; ACER vs IND-RA: faster, more responsive, India-focused"
Immense Industries Pvt. Ltd.,Letter Of credit,CRISIL,D,20-04-2026,LOW,Y,Manufacturing,INC with CRISIL — not cooperating; switch needed,"INC blocks bank financing; ACER vs CRISIL: faster, more responsive, India-focused"
Kaveri Ginning Industries Pvt. Ltd.,Term loans,CRISIL,B,20-04-2026,LOW,Y,Manufacturing,INC with CRISIL — not cooperating; switch needed,"INC blocks bank financing; ACER vs CRISIL: faster, more responsive, India-focused"
Jayachandran Alloys Pvt. Ltd.,Bank Guarantee,CRISIL,A 4,23-04-2026,LOW,Y,Manufacturing,INC with CRISIL — not cooperating; switch needed,"INC blocks bank financing; ACER vs CRISIL: faster, more responsive, India-focused"
Nimbus Motors Pvt. Ltd.,Fund based financial facility/instrument,CARE,C,23-04-2026,LOW,Y,Manufacturing,INC with CARE — not cooperating; switch needed,"INC blocks bank financing; ACER vs CARE: faster, more responsive, India-focused"
Keshav Industries Pvt. Ltd.,Long term Loans,CRISIL,B,23-04-2026,LOW,Y,Manufacturing,INC with CRISIL — not cooperating; switch needed,"INC blocks bank financing; ACER vs CRISIL: faster, more responsive, India-focused"
Greenland Paper Mills Ltd.,Letter Of credit,CARE,A 4,22-04-2026,LOW,Y,Manufacturing,INC with CARE — not cooperating; switch needed,"INC blocks bank financing; ACER vs CARE: faster, more responsive, India-focused"
R C Apparels,Short Term Bank Facilities- Bank Guarantee,Infomerics,IVR A4 (INC)(Reaffirmed),"January 8, 2026",LOW,Y,Manufacturing,INC with Infomerics — not cooperating; switch to ACER,INC status blocks bank facilities; ACER can restart rating process in 2-3 weeks
D J Agro Industrial Project Private Limited,Long Term Bank Facilities,Infomerics,IVR B- (INC)(Downgraded),"January 19, 2026",LOW,Y,Manufacturing,INC with Infomerics — not cooperating; switch to ACER,INC status blocks bank facilities; ACER can restart rating process in 2-3 weeks
ETO Motors Private Limited,Long Term Bank Facilities (Proposed),Infomerics,IVR B- (INC)(Downgraded),"February 4, 2026",LOW,Y,Manufacturing,INC with Infomerics — not cooperating; switch to ACER,INC status blocks bank facilities; ACER can restart rating process in 2-3 weeks
R C Apparels,Long term Bank Facilities - Term Loan,Infomerics,IVR BB (INC)(Reaffirmed),"January 8, 2026",LOW,Y,Manufacturing,INC with Infomerics — not cooperating; switch to ACER,INC status blocks bank facilities; ACER can restart rating process in 2-3 weeks
R C Apparels,Long term Bank Facilities - Cash Credit,Infomerics,IVR BB (INC)(Reaffirmed),"January 8, 2026",LOW,Y,Manufacturing,INC with Infomerics — not cooperating; switch to ACER,INC status blocks bank facilities; ACER can restart rating process in 2-3 weeks
Assam Electronics Development Corporation Limited,Long Term Bank Facilities,Infomerics,IVR BB- (INC)(Downgraded),"January 28, 2026",LOW,Y,Manufacturing,INC with Infomerics — not cooperating; switch to ACER,INC status blocks bank facilities; ACER can restart rating process in 2-3 weeks
Hariom Industries Limited,Long Term Bank Facilities,Infomerics,IVR BBB- (INC) (Downgraded),"December 18, 2025",LOW,Y,Manufacturing,INC with Infomerics — not cooperating; switch to ACER,INC status blocks bank facilities; ACER can restart rating process in 2-3 weeks
Hariom Industries Limited,Short Term Bank Facilities,Infomerics,IVR A3 (INC) (Downgraded),"December 18, 2025",LOW,Y,Manufacturing,INC with Infomerics — not cooperating; switch to ACER,INC status blocks bank facilities; ACER can restart rating process in 2-3 weeks
Lemon Electronics Ltd.,Letter Of credit,CARE,D,20-04-2026,LOW,Y,Manufacturing,INC with CARE — not cooperating; switch needed,"INC blocks bank financing; ACER vs CARE: faster, more responsive, India-focused"
I T A Lake Ceramic Pvt. Ltd.,Bank Guarantee,CRISIL,A 4,20-04-2026,LOW,Y,Manufacturing,INC with CRISIL — not cooperating; switch needed,"INC blocks bank financing; ACER vs CRISIL: faster, more responsive, India-focused"
Auto Hitech Pvt. Ltd.,Term loans,ICRA,B+,17-04-2026,LOW,Y,Manufacturing,INC with ICRA — not cooperating; switch needed,"INC blocks bank financing; ACER vs ICRA: faster, more responsive, India-focused"
Bhagwati Industrial Group Ltd.,Fund based financial facility/instrument,CRISIL,B,17-04-2026,LOW,Y,Manufacturing,INC with CRISIL — not cooperating; switch needed,"INC blocks bank financing; ACER vs CRISIL: faster, more responsive, India-focused"
Vipul Motors Pvt. Ltd.,Non-government debt,CARE,B/A4,22-04-2026,LOW,Y,Manufacturing,INC with CARE — not cooperating; switch needed,"INC blocks bank financing; ACER vs CARE: faster, more responsive, India-focused"
R A C Papers Ltd.,Term loans,CARE,C,22-04-2026,LOW,Y,Manufacturing,INC with CARE — not cooperating; switch needed,"INC blocks bank financing; ACER vs CARE: faster, more responsive, India-focused"
Lagan Engineering Co. Ltd.,Term loans,ACUITE,B-,21-04-2026,LOW,Y,Manufacturing,INC with ACUITE — not cooperating; switch needed,"INC blocks bank financing; ACER vs ACUITE: faster, more responsive, India-focused"
City Motors Pvt. Ltd.,Term loans,CRISIL,B,21-04-2026,LOW,Y,Manufacturing,INC with CRISIL — not cooperating; switch needed,"INC blocks bank financing; ACER vs CRISIL: faster, more responsive, India-focused"
M G T Motors Pvt. Ltd.,Fund based financial facility/instrument,ACUITE,A 4,16-04-2026,LOW,Y,Manufacturing,INC with ACUITE — not cooperating; switch needed,"INC blocks bank financing; ACER vs ACUITE: faster, more responsive, India-focused"
J B Daruka Papers Ltd.,Term loans,CRISIL,B,16-04-2026,LOW,Y,Manufacturing,INC with CRISIL — not cooperating; switch needed,"INC blocks bank financing; ACER vs CRISIL: faster, more responsive, India-focused"
Aditya Auto Engineering Pvt. Ltd.,Bank Guarantee,CARE,D,16-04-2026,LOW,Y,Manufacturing,INC with CARE — not cooperating; switch needed,"INC blocks bank financing; ACER vs CARE: faster, more responsive, India-focused"
Mutha Engineering Pvt. Ltd.,Term loans,CARE,BB-,16-04-2026,LOW,Y,Manufacturing,INC with CARE — not cooperating; switch needed,"INC blocks bank financing; ACER vs CARE: faster, more responsive, India-focused"
Jai Gears Pvt. Ltd.,Letter Of credit,CRISIL,A 4,20-04-2026,LOW,Y,Manufacturing,INC with CRISIL — not cooperating; switch needed,"INC blocks bank financing; ACER vs CRISIL: faster, more responsive, India-focused"
Technoplast Packaging Pvt. Ltd.,Term loans,IND-RA,BBB,20-04-2026,LOW,Y,Manufacturing,INC with IND-RA — not cooperating; switch needed,"INC blocks bank financing; ACER vs IND-RA: faster, more responsive, India-focused"
Harbir Automobile Pvt. Ltd.,Term loans,CARE,B+,20-04-2026,LOW,Y,Manufacturing,INC with CARE — not cooperating; switch needed,"INC blocks bank financing; ACER vs CARE: faster, more responsive, India-focused"
North East Ferro Alloys Co. Pvt. Ltd.,Term loans,CARE,B-,20-04-2026,LOW,Y,Manufacturing,INC with CARE — not cooperating; switch needed,"INC blocks bank financing; ACER vs CARE: faster, more responsive, India-focused"
R A Kraft Paper Pvt. Ltd.,Letter Of credit,CRISIL,A 4,28-04-2026,LOW,Y,Manufacturing,INC with CRISIL — not cooperating; switch needed,"INC blocks bank financing; ACER vs CRISIL: faster, more responsive, India-focused"
Enam Castings Pvt. Ltd.,Term loans,CRISIL,B,28-04-2026,LOW,Y,Manufacturing,INC with CRISIL — not cooperating; switch needed,"INC blocks bank financing; ACER vs CRISIL: faster, more responsive, India-focused"
Sangram Auto Components Pvt. Ltd.,Fund based financial facility/instrument,CRISIL,B,28-04-2026,LOW,Y,Manufacturing,INC with CRISIL — not cooperating; switch needed,"INC blocks bank financing; ACER vs CRISIL: faster, more responsive, India-focused"
V R G Industries Pvt. Ltd.,Term loans,ACUITE,B-,28-04-2026,LOW,Y,Manufacturing,INC with ACUITE — not cooperating; switch needed,"INC blocks bank financing; ACER vs ACUITE: faster, more responsive, India-focused"
Idcol Ferro Chrome & Alloys Ltd. [Merged],Bank Guarantee,CARE,A 4,17-04-2026,LOW,Y,Manufacturing,INC with CARE — not cooperating; switch needed,"INC blocks bank financing; ACER vs CARE: faster, more responsive, India-focused"
M G Autosales Pvt. Ltd.,Bank Guarantee,CARE,A 4,17-04-2026,LOW,Y,Manufacturing,INC with CARE — not cooperating; switch needed,"INC blocks bank financing; ACER vs CARE: faster, more responsive, India-focused"
Samruddhi Industries Ltd.,Term loans,ACUITE,B,16-04-2026,LOW,Y,Manufacturing,INC with ACUITE — not cooperating; switch needed,"INC blocks bank financing; ACER vs ACUITE: faster, more responsive, India-focused"
Saiyed Paper Mills Ltd.,Long term Loans,ACUITE,D,16-04-2026,LOW,Y,Manufacturing,INC with ACUITE — not cooperating; switch needed,"INC blocks bank financing; ACER vs ACUITE: faster, more responsive, India-focused"
Chavan Motors Division India Pvt. Ltd.,Term loans,CRISIL,B,27-04-2026,LOW,Y,Manufacturing,INC with CRISIL — not cooperating; switch needed,"INC blocks bank financing; ACER vs CRISIL: faster, more responsive, India-focused"
Pommys Garments (India) Pvt. Ltd.,Term loans,ICRA,D,27-04-2026,LOW,Y,Manufacturing,INC with ICRA — not cooperating; switch needed,"INC blocks bank financing; ACER vs ICRA: faster, more responsive, India-focused"
Shiva Industrial Security Agency (Gujarat) Ltd.,Non-government debt,CARE,D,27-04-2026,LOW,Y,Manufacturing,INC with CARE — not cooperating; switch needed,"INC blocks bank financing; ACER vs CARE: faster, more responsive, India-focused"
Mighty Auto Wheels Pvt. Ltd.,Term loans,CARE,B-,27-04-2026,LOW,Y,Manufacturing,INC with CARE — not cooperating; switch needed,"INC blocks bank financing; ACER vs CARE: faster, more responsive, India-focused"
Sundaram Mahadeo Autoworld Pvt. Ltd.,Fund based financial facility/instrument,CRISIL,B,28-04-2026,LOW,Y,Manufacturing,INC with CRISIL — not cooperating; switch needed,"INC blocks bank financing; ACER vs CRISIL: faster, more responsive, India-focused"
Neco Heavy Engg. & Castings Pvt. Ltd.,Non-fund-based financial facility/instrument,ICRA,A 4,28-04-2026,LOW,Y,Manufacturing,INC with ICRA — not cooperating; switch needed,"INC blocks bank financing; ACER vs ICRA: faster, more responsive, India-focused"
K B S C Auto Pvt. Ltd.,Fund based financial facility/instrument,CARE,A 4,28-04-2026,LOW,Y,Manufacturing,INC with CARE — not cooperating; switch needed,"INC blocks bank financing; ACER vs CARE: faster, more responsive, India-focused"
Sanei Motors Pvt. Ltd.,Fund based financial facility/instrument,CRISIL,B,28-04-2026,LOW,Y,Manufacturing,INC with CRISIL — not cooperating; switch needed,"INC blocks bank financing; ACER vs CRISIL: faster, more responsive, India-focused"
My Equipments Pvt. Ltd.,Term loans,CRISIL,D,24-04-2026,LOW,Y,Manufacturing,INC with CRISIL — not cooperating; switch needed,"INC blocks bank financing; ACER vs CRISIL: faster, more responsive, India-focused"
Bagga Link Motors Ltd.,Fund based financial facility/instrument,ICRA,A 4,24-04-2026,LOW,Y,Manufacturing,INC with ICRA — not cooperating; switch needed,"INC blocks bank financing; ACER vs ICRA: faster, more responsive, India-focused"
Turbovent Industries Pvt. Ltd.,Term loans,ICRA,B+,24-04-2026,LOW,Y,Manufacturing,INC with ICRA — not cooperating; switch needed,"INC blocks bank financing; ACER vs ICRA: faster, more responsive, India-focused"
Rohan Dyes & Intermediates Ltd.,Letter Of credit,ACUITE,A 4,24-04-2026,LOW,Y,Manufacturing,INC with ACUITE — not cooperating; switch needed,"INC blocks bank financing; ACER vs ACUITE: faster, more responsive, India-focused"
Smaco Engineering Pvt. Ltd.,Long term Loans,CRISIL,B,28-04-2026,LOW,Y,Manufacturing,INC with CRISIL — not cooperating; switch needed,"INC blocks bank financing; ACER vs CRISIL: faster, more responsive, India-focused"
Reeshav Automobiles Pvt. Ltd.,Long term Loans,CRISIL,B,28-04-2026,LOW,Y,Manufacturing,INC with CRISIL — not cooperating; switch needed,"INC blocks bank financing; ACER vs CRISIL: faster, more responsive, India-focused"
Nachiketa Papers Ltd.,Term loans,CRISIL,B,28-04-2026,LOW,Y,Manufacturing,INC with CRISIL — not cooperating; switch needed,"INC blocks bank financing; ACER vs CRISIL: faster, more responsive, India-focused"
Radha Industries Pvt. Ltd.,Bank Guarantee,CRISIL,A 4,28-04-2026,LOW,Y,Manufacturing,INC with CRISIL — not cooperating; switch needed,"INC blocks bank financing; ACER vs CRISIL: faster, more responsive, India-focused"
Kesar Alloy & Metal Pvt. Ltd.,Fund based financial facility/instrument,CRISIL,B,23-04-2026,LOW,Y,Manufacturing,INC with CRISIL — not cooperating; switch needed,"INC blocks bank financing; ACER vs CRISIL: faster, more responsive, India-focused"
C M Auto Sales Pvt. Ltd.,Fund based financial facility/instrument,CARE,B+,23-04-2026,LOW,Y,Manufacturing,INC with CARE — not cooperating; switch needed,"INC blocks bank financing; ACER vs CARE: faster, more responsive, India-focused"
Gensol Engineering Ltd.,Term loans,ICRA,D,23-04-2026,LOW,Y,Manufacturing,INC with ICRA — not cooperating; switch needed,"INC blocks bank financing; ACER vs ICRA: faster, more responsive, India-focused"
Masina Alloys Pvt. Ltd.,Bank Guarantee,CRISIL,A 4,23-04-2026,LOW,Y,Manufacturing,INC with CRISIL — not cooperating; switch needed,"INC blocks bank financing; ACER vs CRISIL: faster, more responsive, India-focused"
Vishwakarma Automotive Pvt. Ltd.,Term loans,CARE,B-,27-04-2026,LOW,Y,Manufacturing,INC with CARE — not cooperating; switch needed,"INC blocks bank financing; ACER vs CARE: faster, more responsive, India-focused"
Shree Ishan Equipment Pvt. Ltd.,Fund based financial facility/instrument,CRISIL,B-,24-04-2026,LOW,Y,Manufacturing,INC with CRISIL — not cooperating; switch needed,"INC blocks bank financing; ACER vs CRISIL: faster, more responsive, India-focused"
Mahesh Industries Pvt. Ltd.,Letter Of credit,CRISIL,D,24-04-2026,LOW,Y,Manufacturing,INC with CRISIL — not cooperating; switch needed,"INC blocks bank financing; ACER vs CRISIL: faster, more responsive, India-focused"
P Dass Forging Pvt. Ltd.,Term loans,ACUITE,B,24-04-2026,LOW,Y,Manufacturing,INC with ACUITE — not cooperating; switch needed,"INC blocks bank financing; ACER vs ACUITE: faster, more responsive, India-focused"
Natraj Electro Casting Pvt. Ltd.,Bank Guarantee,CRISIL,A 4,24-04-2026,LOW,Y,Manufacturing,INC with CRISIL — not cooperating; switch needed,"INC blocks bank financing; ACER vs CRISIL: faster, more responsive, India-focused"
Aryan Castings Pvt. Ltd.,Letter Of credit,ACUITE,D,24-04-2026,LOW,Y,Manufacturing,INC with ACUITE — not cooperating; switch needed,"INC blocks bank financing; ACER vs ACUITE: faster, more responsive, India-focused"
Megamiles Bearing Cups Pvt. Ltd.,Letter Of credit,CRISIL,A 4,24-04-2026,LOW,Y,Manufacturing,INC with CRISIL — not cooperating; switch needed,"INC blocks bank financing; ACER vs CRISIL: faster, more responsive, India-focused"
D B S Automobiles Pvt. Ltd.,Term loans,CRISIL,B,23-04-2026,LOW,Y,Manufacturing,INC with CRISIL — not cooperating; switch needed,"INC blocks bank financing; ACER vs CRISIL: faster, more responsive, India-focused"
Dhruv Industries Limited,Long Term Bank  Facilities,Infomerics,IVR B+ (INC)(Downgraded),"January 29, 2026",LOW,Y,Manufacturing,INC with Infomerics — not cooperating; switch to ACER,INC status blocks bank facilities; ACER can restart rating process in 2-3 weeks
Dhruv Industries Limited,Short Term Bank Facilities,Infomerics,IVR A4 (INC)(Reaffirmed),"January 29, 2026",LOW,Y,Manufacturing,INC with Infomerics — not cooperating; switch to ACER,INC status blocks bank facilities; ACER can restart rating process in 2-3 weeks
Dhruv Industries Limited,Long/Short Term Bank Facilities,Infomerics,IVR B+/IVR A4; (INC)(Downgraded/Reaffirmed),"January 29, 2026",LOW,Y,Manufacturing,INC with Infomerics — not cooperating; switch to ACER,INC status blocks bank facilities; ACER can restart rating process in 2-3 weeks
Tirupati Oil Cake Industries,Long Term Bank Facilities,Infomerics,IVR C- (INC)(Downgraded),"December 26, 2025",LOW,Y,Manufacturing,INC with Infomerics — not cooperating; switch to ACER,INC status blocks bank facilities; ACER can restart rating process in 2-3 weeks
Tirupati Oil Cake Industries Private Limited,Long Term Bank Facilities,Infomerics,IVR C- (INC)(Downgraded),"December 26, 2025",LOW,Y,Manufacturing,INC with Infomerics — not cooperating; switch to ACER,INC status blocks bank facilities; ACER can restart rating process in 2-3 weeks
Astron Paper & Board Mill Limited,Long Term Facilities,Infomerics,IVR D (INC) (Reaffirmed),"January 14, 2026",LOW,Y,Manufacturing,INC with Infomerics — not cooperating; switch to ACER,INC status blocks bank facilities; ACER can restart rating process in 2-3 weeks
Astron Paper & Board Mill Limited,Short Term Facilities,Infomerics,IVR D (INC) (Reaffirmed),"January 14, 2026",LOW,Y,Manufacturing,INC with Infomerics — not cooperating; switch to ACER,INC status blocks bank facilities; ACER can restart rating process in 2-3 weeks
Geonair Aircondition & Refrigeration Manufacturers Private Limited,Long Term Bank Facilities,Infomerics,IVR B (INC) (Downgraded),"January 23, 2026",LOW,Y,Manufacturing,INC with Infomerics — not cooperating; switch to ACER,INC status blocks bank facilities; ACER can restart rating process in 2-3 weeks
Viyan Tex Industries LLP,Long Term Bank Facilities,Infomerics,IVR BB (INC)(Downgraded),"January 28, 2026",LOW,Y,Manufacturing,INC with Infomerics — not cooperating; switch to ACER,INC status blocks bank facilities; ACER can restart rating process in 2-3 weeks
GSA Industries,Long Term Facilities,Infomerics,IVR BB+ (INC)(Downgraded),"January 13, 2026",LOW,Y,Manufacturing,INC with Infomerics — not cooperating; switch to ACER,INC status blocks bank facilities; ACER can restart rating process in 2-3 weeks
GSA Industries,Short Term Bank Facilities,Infomerics,IVR A4+ (INC)(Downgraded),"January 13, 2026",LOW,Y,Manufacturing,INC with Infomerics — not cooperating; switch to ACER,INC status blocks bank facilities; ACER can restart rating process in 2-3 weeks
Asiatic Colour-Chem Industries Private Limited,Long Term Facilities,Infomerics,IVR BB- (INC)(Withdrawn),"January 16, 2026",LOW,Y,Manufacturing,INC with Infomerics — not cooperating; switch to ACER,INC status blocks bank facilities; ACER can restart rating process in 2-3 weeks
Asiatic Colour-Chem Industries Private Limited,Long Term/ Short Term Facilities,Infomerics,IVR BB-/IVR A4; (INC)(Withdrawn),"January 16, 2026",LOW,Y,Manufacturing,INC with Infomerics — not cooperating; switch to ACER,INC status blocks bank facilities; ACER can restart rating process in 2-3 weeks
Asiatic Colour-Chem Industries Private Limited,Short Term Facilities,Infomerics,IVR A4 (INC)(Withdrawn),"January 16, 2026",LOW,Y,Manufacturing,INC with Infomerics — not cooperating; switch to ACER,INC status blocks bank facilities; ACER can restart rating process in 2-3 weeks
Tirumalla Groundnuts Industries India Private Limited,Long Term Fund Based Facility â€“ Term Loans,Infomerics,IVR D (INC),"December 29, 2025",LOW,Y,Manufacturing,INC with Infomerics — not cooperating; switch to ACER,INC status blocks bank facilities; ACER can restart rating process in 2-3 weeks
Tirumalla Groundnuts Industries India Private Limited,Long Term Fund Based Facility â€“ Cash Credit,Infomerics,IVR D (INC),"December 29, 2025",LOW,Y,Manufacturing,INC with Infomerics — not cooperating; switch to ACER,INC status blocks bank facilities; ACER can restart rating process in 2-3 weeks
JS Auto Cast Foundry India Private Limited,Long Term Bank Facilities,Infomerics,IVR B+ (INC)(Downgraded),"January 9, 2026",LOW,Y,Manufacturing,INC with Infomerics — not cooperating; switch to ACER,INC status blocks bank facilities; ACER can restart rating process in 2-3 weeks
JS Auto Cast Foundry India Private Limited,Short Term Bank Facilities,Infomerics,IVR A4 (INC)(Reaffirmed),"January 9, 2026",LOW,Y,Manufacturing,INC with Infomerics — not cooperating; switch to ACER,INC status blocks bank facilities; ACER can restart rating process in 2-3 weeks
Vishwanath Paper & Boards Private Limited,Long Term Bank Facilities,Infomerics,IVR B (INC) (Downgraded),"January 7, 2026",LOW,Y,Manufacturing,INC with Infomerics — not cooperating; switch to ACER,INC status blocks bank facilities; ACER can restart rating process in 2-3 weeks
Shree Hari Agro Industries Limited,Long Term Facilities,Infomerics,IVR B+ (INC) (Downgraded),"February 10, 2026",LOW,Y,Manufacturing,INC with Infomerics — not cooperating; switch to ACER,INC status blocks bank facilities; ACER can restart rating process in 2-3 weeks
Shree Hari Agro Industries Limited,Short Term Facilities,Infomerics,IVR A4 (INC) (Reaffirmed),"February 10, 2026",LOW,Y,Manufacturing,INC with Infomerics — not cooperating; switch to ACER,INC status blocks bank facilities; ACER can restart rating process in 2-3 weeks
Kailash Kraft Paper LLP,Proposed Long Term Bank Facility,Infomerics,IVR C (INC) (Downgraded),"December 16, 2025",LOW,Y,Manufacturing,INC with Infomerics — not cooperating; switch to ACER,INC status blocks bank facilities; ACER can restart rating process in 2-3 weeks
Kailash Kraft Paper LLP,Proposed Short Term Bank Facility,Infomerics,IVR A4 (INC) (Reaffirmed),"December 16, 2025",LOW,Y,Manufacturing,INC with Infomerics — not cooperating; switch to ACER,INC status blocks bank facilities; ACER can restart rating process in 2-3 weeks
Kavita Industries,Long Term Bank Facilities,Infomerics,IVR C+ (INC) (Downgraded),"February 2, 2026",LOW,Y,Manufacturing,INC with Infomerics — not cooperating; switch to ACER,INC status blocks bank facilities; ACER can restart rating process in 2-3 weeks
Katyayini Paper Mills Private Limited,Long Term Facilities,Infomerics,IVR BB+ (INC)(Downgraded),"January 8, 2026",LOW,Y,Manufacturing,INC with Infomerics — not cooperating; switch to ACER,INC status blocks bank facilities; ACER can restart rating process in 2-3 weeks
Katyayini Paper Mills Private Limited,Short Term Bank Facilities,Infomerics,IVR A4+ (INC)(Downgraded),"January 8, 2026",LOW,Y,Manufacturing,INC with Infomerics — not cooperating; switch to ACER,INC status blocks bank facilities; ACER can restart rating process in 2-3 weeks
Orange Auto Private Limited,Long Term Facilities,Infomerics,IVR BB+ (INC)(Reaffirmed),"January 16, 2026",LOW,Y,Manufacturing,INC with Infomerics — not cooperating; switch to ACER,INC status blocks bank facilities; ACER can restart rating process in 2-3 weeks
Orange Auto Private Limited,Short Term Facilities,Infomerics,IVR A4+ (INC)(Reaffirmed),"January 16, 2026",LOW,Y,Manufacturing,INC with Infomerics — not cooperating; switch to ACER,INC status blocks bank facilities; ACER can restart rating process in 2-3 weeks
Pro Flexi Packaging Private Limited,Long Term Bank Facilities,Infomerics,IVR B+ (INC) (Downgraded),"December 24, 2025",LOW,Y,Manufacturing,INC with Infomerics — not cooperating; switch to ACER,INC status blocks bank facilities; ACER can restart rating process in 2-3 weeks
Tarang Engineering Pvt. Ltd.,Long term Loans,CRISIL,B,30-04-2026,LOW,Y,Manufacturing,INC with CRISIL — not cooperating; switch needed,"INC blocks bank financing; ACER vs CRISIL: faster, more responsive, India-focused"
V J Automobiles Pvt. Ltd.,Long term Loans,CRISIL,B,30-04-2026,LOW,Y,Manufacturing,INC with CRISIL — not cooperating; switch needed,"INC blocks bank financing; ACER vs CRISIL: faster, more responsive, India-focused"
Taiko Plastic Technologies Pvt. Ltd.,Term loans,CRISIL,B,30-04-2026,LOW,Y,Manufacturing,INC with CRISIL — not cooperating; switch needed,"INC blocks bank financing; ACER vs CRISIL: faster, more responsive, India-focused"
Dighvijay Plastics & Allied Products Pvt. Ltd.,Bank Guarantee,CRISIL,A 4,30-04-2026,LOW,Y,Manufacturing,INC with CRISIL — not cooperating; switch needed,"INC blocks bank financing; ACER vs CRISIL: faster, more responsive, India-focused"
Shree Bharat Motors Ltd.,Term loans,CARE,D,29-04-2026,LOW,Y,Manufacturing,INC with CARE — not cooperating; switch needed,"INC blocks bank financing; ACER vs CARE: faster, more responsive, India-focused"
Sri Jayalakshmi Automotives Pvt. Ltd.,Term loans,ICRA,B+,29-04-2026,LOW,Y,Manufacturing,INC with ICRA — not cooperating; switch needed,"INC blocks bank financing; ACER vs ICRA: faster, more responsive, India-focused"
Trisquare Switchgears Pvt. Ltd.,Term loans,CARE,BB-,28-04-2026,LOW,Y,Manufacturing,INC with CARE — not cooperating; switch needed,"INC blocks bank financing; ACER vs CARE: faster, more responsive, India-focused"
S V M Motors Pvt. Ltd.,Term loans,ACUITE,B-,28-04-2026,LOW,Y,Manufacturing,INC with ACUITE — not cooperating; switch needed,"INC blocks bank financing; ACER vs ACUITE: faster, more responsive, India-focused"
Agarwal Toughened Glass India Ltd.,Fund based financial facility/instrument,CRISIL,B,28-04-2026,LOW,Y,Manufacturing,INC with CRISIL — not cooperating; switch needed,"INC blocks bank financing; ACER vs CRISIL: faster, more responsive, India-focused"
T. K. Engineering Consortium Private Limited,Long Term Bank Facilities,Infomerics,IVR D (INC) (Reaffirmed),"January 19, 2026",LOW,Y,Manufacturing,INC with Infomerics — not cooperating; switch to ACER,INC status blocks bank facilities; ACER can restart rating process in 2-3 weeks
T. K. Engineering Consortium Private Limited,Short Term Bank Facilities,Infomerics,IVR D (INC) (Reaffirmed),"January 19, 2026",LOW,Y,Manufacturing,INC with Infomerics — not cooperating; switch to ACER,INC status blocks bank facilities; ACER can restart rating process in 2-3 weeks
Premier Cables & Conductors Private Limited,Long Term Bank Facility,Infomerics,IVR B- (INC) (Downgraded),"January 15, 2026",LOW,Y,Manufacturing,INC with Infomerics — not cooperating; switch to ACER,INC status blocks bank facilities; ACER can restart rating process in 2-3 weeks
QuadGen Wireless Solutions Private limited,Proposed Long Term/ Short Term Bank Facilities,Infomerics,IVR BB/IVR A4; (INC) (Downgraded),"January 30, 2026",LOW,Y,Manufacturing,INC with Infomerics — not cooperating; switch to ACER,INC status blocks bank facilities; ACER can restart rating process in 2-3 weeks
Tirupatee Agro Industries Private Limited,Long Term Bank  Facilities (Including  proposed facility of  Rs. 0.46 crore),Infomerics,IVR D (INC)(Downgraded),"December 22, 2025",LOW,Y,Manufacturing,INC with Infomerics — not cooperating; switch to ACER,INC status blocks bank facilities; ACER can restart rating process in 2-3 weeks
QuadGen Wireless Solutions Private limited,Long Term/ Short Term Bank Facilities,Infomerics,IVR BB/IVR A4; (INC) (Downgraded),"January 30, 2026",LOW,Y,Manufacturing,INC with Infomerics — not cooperating; switch to ACER,INC status blocks bank facilities; ACER can restart rating process in 2-3 weeks
QuadGen Wireless Solutions Private limited,Short Term Bank Facilities,Infomerics,IVR A4 (INC) (Downgraded),"January 30, 2026",LOW,Y,Manufacturing,INC with Infomerics — not cooperating; switch to ACER,INC status blocks bank facilities; ACER can restart rating process in 2-3 weeks
